ISO-10303-21;
HEADER;
FILE_DESCRIPTION((''),'2;1');
FILE_NAME('EPX430_BR101_ASM','2022-01-19T16:36:19',('eum'),(''),
'CREO PARAMETRIC BY PTC INC, 2020074','CREO PARAMETRIC BY PTC INC, 2020074','');
FILE_SCHEMA(('CONFIG_CONTROL_DESIGN'));
ENDSEC;
DATA;
#2=CARTESIAN_POINT('',(0.E0,5.3E0,0.E0));
#3=DIRECTION('',(0.E0,1.E0,0.E0));
#4=DIRECTION('',(0.E0,0.E0,1.E0));
#5=AXIS2_PLACEMENT_3D('',#2,#3,#4);
#7=DIRECTION('',(-1.102992945504E-9,7.071067811865E-1,7.071067811865E-1));
#8=VECTOR('',#7,2.828427118288E-1);
#9=CARTESIAN_POINT('',(-6.173095024269E-10,5.299999999096E0,1.549999999096E0));
#10=LINE('',#9,#8);
#11=DIRECTION('',(1.102991729035E-9,7.071067811865E-1,-7.071067811865E-1));
#12=VECTOR('',#11,2.828427118288E-1);
#13=CARTESIAN_POINT('',(6.173089652152E-10,5.299999999096E0,-1.549999999096E0));
#14=LINE('',#13,#12);
#15=CARTESIAN_POINT('',(0.E0,5.3E0,0.E0));
#16=DIRECTION('',(0.E0,1.E0,0.E0));
#17=DIRECTION('',(0.E0,0.E0,-1.E0));
#18=AXIS2_PLACEMENT_3D('',#15,#16,#17);
#20=DIRECTION('',(-3.336804534973E-10,-1.E0,-4.884482010436E-10));
#21=VECTOR('',#20,1.849999999096E0);
#22=CARTESIAN_POINT('',(6.173089652152E-10,5.299999999096E0,-1.549999999096E0));
#23=LINE('',#22,#21);
#24=DIRECTION('',(3.336807438819E-10,-1.E0,4.884482010436E-10));
#25=VECTOR('',#24,1.849999999096E0);
#26=CARTESIAN_POINT('',(-6.173095024269E-10,5.299999999096E0,1.549999999096E0));
#27=LINE('',#26,#25);
#28=CARTESIAN_POINT('',(0.E0,3.45E0,0.E0));
#29=DIRECTION('',(0.E0,-1.E0,0.E0));
#30=DIRECTION('',(1.E0,0.E0,0.E0));
#31=AXIS2_PLACEMENT_3D('',#28,#29,#30);
#33=CARTESIAN_POINT('',(0.E0,3.45E0,0.E0));
#34=DIRECTION('',(0.E0,-1.E0,0.E0));
#35=DIRECTION('',(-1.E0,0.E0,0.E0));
#36=AXIS2_PLACEMENT_3D('',#33,#34,#35);
#38=CARTESIAN_POINT('',(0.E0,3.45E0,0.E0));
#39=DIRECTION('',(0.E0,1.E0,0.E0));
#40=DIRECTION('',(0.E0,0.E0,-1.E0));
#41=AXIS2_PLACEMENT_3D('',#38,#39,#40);
#43=CARTESIAN_POINT('',(0.E0,3.45E0,0.E0));
#44=DIRECTION('',(0.E0,-1.E0,0.E0));
#45=DIRECTION('',(0.E0,0.E0,-1.E0));
#46=AXIS2_PLACEMENT_3D('',#43,#44,#45);
#48=DIRECTION('',(0.E0,-1.E0,0.E0));
#49=VECTOR('',#48,5.5E-1);
#50=CARTESIAN_POINT('',(3.E0,3.45E0,0.E0));
#51=LINE('',#50,#49);
#52=DIRECTION('',(0.E0,-1.E0,0.E0));
#53=VECTOR('',#52,5.5E-1);
#54=CARTESIAN_POINT('',(-3.E0,3.45E0,0.E0));
#55=LINE('',#54,#53);
#56=CARTESIAN_POINT('',(0.E0,2.9E0,0.E0));
#57=DIRECTION('',(0.E0,-1.E0,0.E0));
#58=DIRECTION('',(1.E0,0.E0,0.E0));
#59=AXIS2_PLACEMENT_3D('',#56,#57,#58);
#61=CARTESIAN_POINT('',(0.E0,2.9E0,0.E0));
#62=DIRECTION('',(0.E0,-1.E0,0.E0));
#63=DIRECTION('',(-1.E0,0.E0,0.E0));
#64=AXIS2_PLACEMENT_3D('',#61,#62,#63);
#66=CARTESIAN_POINT('',(0.E0,2.9E0,0.E0));
#67=DIRECTION('',(0.E0,-1.E0,0.E0));
#68=DIRECTION('',(1.058255116267E-1,0.E0,-9.943847148307E-1));
#69=AXIS2_PLACEMENT_3D('',#66,#67,#68);
#71=DIRECTION('',(0.E0,-1.E0,0.E0));
#72=VECTOR('',#71,2.85E0);
#73=CARTESIAN_POINT('',(5.579164801977E-1,2.9E0,-2.641728449543E0));
#74=LINE('',#73,#72);
#75=CARTESIAN_POINT('',(0.E0,5.E-2,0.E0));
#76=DIRECTION('',(0.E0,1.E0,0.E0));
#77=DIRECTION('',(2.066357334066E-1,0.E0,-9.784179442751E-1));
#78=AXIS2_PLACEMENT_3D('',#75,#76,#77);
#80=DIRECTION('',(0.E0,-1.E0,0.E0));
#81=VECTOR('',#80,2.85E0);
#82=CARTESIAN_POINT('',(2.857288813920E-1,2.9E0,-2.684838730043E0));
#83=LINE('',#82,#81);
#84=CARTESIAN_POINT('',(0.E0,2.9E0,0.E0));
#85=DIRECTION('',(0.E0,-1.E0,0.E0));
#86=DIRECTION('',(4.079278182522E-1,0.E0,-9.130141812130E-1));
#87=AXIS2_PLACEMENT_3D('',#84,#85,#86);
#89=DIRECTION('',(0.E0,-1.E0,0.E0));
#90=VECTOR('',#89,2.85E0);
#91=CARTESIAN_POINT('',(1.346949089473E0,2.9E0,-2.340027382397E0));
#92=LINE('',#91,#90);
#93=CARTESIAN_POINT('',(0.E0,5.E-2,0.E0));
#94=DIRECTION('',(0.E0,1.E0,0.E0));
#95=DIRECTION('',(4.988700331382E-1,0.E0,-8.666768082952E-1));
#96=AXIS2_PLACEMENT_3D('',#93,#94,#95);
#98=DIRECTION('',(0.E0,-1.E0,0.E0));
#99=VECTOR('',#98,2.85E0);
#100=CARTESIAN_POINT('',(1.101405109281E0,2.9E0,-2.465138289275E0));
#101=LINE('',#100,#99);
#102=CARTESIAN_POINT('',(0.E0,2.9E0,0.E0));
#103=DIRECTION('',(0.E0,-1.E0,0.E0));
#104=DIRECTION('',(6.700993078269E-1,0.E0,-7.422714581943E-1));
#105=AXIS2_PLACEMENT_3D('',#102,#103,#104);
#107=DIRECTION('',(0.E0,-1.E0,0.E0));
#108=VECTOR('',#107,2.85E0);
#109=CARTESIAN_POINT('',(2.004132937125E0,2.9E0,-1.809268131133E0));
#110=LINE('',#109,#108);
#111=CARTESIAN_POINT('',(0.E0,5.E-2,0.E0));
#112=DIRECTION('',(0.E0,1.E0,0.E0));
#113=DIRECTION('',(7.422714581943E-1,0.E0,-6.700993078269E-1));
#114=AXIS2_PLACEMENT_3D('',#111,#112,#113);
#116=DIRECTION('',(0.E0,-1.E0,0.E0));
#117=VECTOR('',#116,2.85E0);
#118=CARTESIAN_POINT('',(1.809268131133E0,2.9E0,-2.004132937125E0));
#119=LINE('',#118,#117);
#120=CARTESIAN_POINT('',(0.E0,2.9E0,0.E0));
#121=DIRECTION('',(0.E0,-1.E0,0.E0));
#122=DIRECTION('',(8.666768082952E-1,0.E0,-4.988700331382E-1));
#123=AXIS2_PLACEMENT_3D('',#120,#121,#122);
#125=DIRECTION('',(0.E0,-1.E0,0.E0));
#126=VECTOR('',#125,2.85E0);
#127=CARTESIAN_POINT('',(2.465138289275E0,2.9E0,-1.101405109281E0));
#128=LINE('',#127,#126);
#129=CARTESIAN_POINT('',(0.E0,5.E-2,0.E0));
#130=DIRECTION('',(0.E0,1.E0,0.E0));
#131=DIRECTION('',(9.130141812130E-1,0.E0,-4.079278182522E-1));
#132=AXIS2_PLACEMENT_3D('',#129,#130,#131);
#134=DIRECTION('',(0.E0,-1.E0,0.E0));
#135=VECTOR('',#134,2.85E0);
#136=CARTESIAN_POINT('',(2.340027382397E0,2.9E0,-1.346949089473E0));
#137=LINE('',#136,#135);
#138=CARTESIAN_POINT('',(0.E0,2.9E0,0.E0));
#139=DIRECTION('',(0.E0,-1.E0,0.E0));
#140=DIRECTION('',(9.784179442751E-1,0.E0,-2.066357334066E-1));
#141=AXIS2_PLACEMENT_3D('',#138,#139,#140);
#143=DIRECTION('',(0.E0,-1.E0,0.E0));
#144=VECTOR('',#143,2.85E0);
#145=CARTESIAN_POINT('',(2.684838730043E0,2.9E0,-2.857288813920E-1));
#146=LINE('',#145,#144);
#147=CARTESIAN_POINT('',(0.E0,5.E-2,0.E0));
#148=DIRECTION('',(0.E0,1.E0,0.E0));
#149=DIRECTION('',(9.943847148307E-1,0.E0,-1.058255116267E-1));
#150=AXIS2_PLACEMENT_3D('',#147,#148,#149);
#152=DIRECTION('',(0.E0,-1.E0,0.E0));
#153=VECTOR('',#152,2.85E0);
#154=CARTESIAN_POINT('',(2.641728449543E0,2.9E0,-5.579164801977E-1));
#155=LINE('',#154,#153);
#156=CARTESIAN_POINT('',(0.E0,2.9E0,0.E0));
#157=DIRECTION('',(0.E0,-1.E0,0.E0));
#158=DIRECTION('',(9.943847148307E-1,0.E0,1.058255116267E-1));
#159=AXIS2_PLACEMENT_3D('',#156,#157,#158);
#161=DIRECTION('',(0.E0,-1.E0,0.E0));
#162=VECTOR('',#161,2.85E0);
#163=CARTESIAN_POINT('',(2.641728449543E0,2.9E0,5.579164801977E-1));
#164=LINE('',#163,#162);
#165=CARTESIAN_POINT('',(0.E0,5.E-2,0.E0));
#166=DIRECTION('',(0.E0,1.E0,0.E0));
#167=DIRECTION('',(9.784179442751E-1,0.E0,2.066357334066E-1));
#168=AXIS2_PLACEMENT_3D('',#165,#166,#167);
#170=DIRECTION('',(0.E0,-1.E0,0.E0));
#171=VECTOR('',#170,2.85E0);
#172=CARTESIAN_POINT('',(2.684838730043E0,2.9E0,2.857288813920E-1));
#173=LINE('',#172,#171);
#174=CARTESIAN_POINT('',(0.E0,2.9E0,0.E0));
#175=DIRECTION('',(0.E0,-1.E0,0.E0));
#176=DIRECTION('',(9.130141812130E-1,0.E0,4.079278182522E-1));
#177=AXIS2_PLACEMENT_3D('',#174,#175,#176);
#179=DIRECTION('',(0.E0,-1.E0,0.E0));
#180=VECTOR('',#179,2.85E0);
#181=CARTESIAN_POINT('',(2.340027382397E0,2.9E0,1.346949089473E0));
#182=LINE('',#181,#180);
#183=CARTESIAN_POINT('',(0.E0,5.E-2,0.E0));
#184=DIRECTION('',(0.E0,1.E0,0.E0));
#185=DIRECTION('',(8.666768082952E-1,0.E0,4.988700331382E-1));
#186=AXIS2_PLACEMENT_3D('',#183,#184,#185);
#188=DIRECTION('',(0.E0,-1.E0,0.E0));
#189=VECTOR('',#188,2.85E0);
#190=CARTESIAN_POINT('',(2.465138289275E0,2.9E0,1.101405109281E0));
#191=LINE('',#190,#189);
#192=CARTESIAN_POINT('',(0.E0,2.9E0,0.E0));
#193=DIRECTION('',(0.E0,-1.E0,0.E0));
#194=DIRECTION('',(7.422714581943E-1,0.E0,6.700993078269E-1));
#195=AXIS2_PLACEMENT_3D('',#192,#193,#194);
#197=DIRECTION('',(0.E0,-1.E0,0.E0));
#198=VECTOR('',#197,2.85E0);
#199=CARTESIAN_POINT('',(1.809268131133E0,2.9E0,2.004132937125E0));
#200=LINE('',#199,#198);
#201=CARTESIAN_POINT('',(0.E0,5.E-2,0.E0));
#202=DIRECTION('',(0.E0,1.E0,0.E0));
#203=DIRECTION('',(6.700993078269E-1,0.E0,7.422714581943E-1));
#204=AXIS2_PLACEMENT_3D('',#201,#202,#203);
#206=DIRECTION('',(0.E0,-1.E0,0.E0));
#207=VECTOR('',#206,2.85E0);
#208=CARTESIAN_POINT('',(2.004132937125E0,2.9E0,1.809268131133E0));
#209=LINE('',#208,#207);
#210=CARTESIAN_POINT('',(0.E0,2.9E0,0.E0));
#211=DIRECTION('',(0.E0,-1.E0,0.E0));
#212=DIRECTION('',(4.988700331382E-1,0.E0,8.666768082952E-1));
#213=AXIS2_PLACEMENT_3D('',#210,#211,#212);
#215=DIRECTION('',(0.E0,-1.E0,0.E0));
#216=VECTOR('',#215,2.85E0);
#217=CARTESIAN_POINT('',(1.101405109281E0,2.9E0,2.465138289275E0));
#218=LINE('',#217,#216);
#219=CARTESIAN_POINT('',(0.E0,5.E-2,0.E0));
#220=DIRECTION('',(0.E0,1.E0,0.E0));
#221=DIRECTION('',(4.079278182522E-1,0.E0,9.130141812130E-1));
#222=AXIS2_PLACEMENT_3D('',#219,#220,#221);
#224=DIRECTION('',(0.E0,-1.E0,0.E0));
#225=VECTOR('',#224,2.85E0);
#226=CARTESIAN_POINT('',(1.346949089473E0,2.9E0,2.340027382397E0));
#227=LINE('',#226,#225);
#228=CARTESIAN_POINT('',(0.E0,2.9E0,0.E0));
#229=DIRECTION('',(0.E0,-1.E0,0.E0));
#230=DIRECTION('',(2.066357334066E-1,0.E0,9.784179442751E-1));
#231=AXIS2_PLACEMENT_3D('',#228,#229,#230);
#233=DIRECTION('',(0.E0,-1.E0,0.E0));
#234=VECTOR('',#233,2.85E0);
#235=CARTESIAN_POINT('',(2.857288813920E-1,2.9E0,2.684838730043E0));
#236=LINE('',#235,#234);
#237=CARTESIAN_POINT('',(0.E0,5.E-2,0.E0));
#238=DIRECTION('',(0.E0,1.E0,0.E0));
#239=DIRECTION('',(1.058255116267E-1,0.E0,9.943847148307E-1));
#240=AXIS2_PLACEMENT_3D('',#237,#238,#239);
#242=DIRECTION('',(0.E0,-1.E0,0.E0));
#243=VECTOR('',#242,2.85E0);
#244=CARTESIAN_POINT('',(5.579164801977E-1,2.9E0,2.641728449543E0));
#245=LINE('',#244,#243);
#246=CARTESIAN_POINT('',(0.E0,2.9E0,0.E0));
#247=DIRECTION('',(0.E0,-1.E0,0.E0));
#248=DIRECTION('',(-1.058255116267E-1,0.E0,9.943847148307E-1));
#249=AXIS2_PLACEMENT_3D('',#246,#247,#248);
#251=DIRECTION('',(0.E0,-1.E0,0.E0));
#252=VECTOR('',#251,2.85E0);
#253=CARTESIAN_POINT('',(-5.579164801977E-1,2.9E0,2.641728449543E0));
#254=LINE('',#253,#252);
#255=CARTESIAN_POINT('',(0.E0,5.E-2,0.E0));
#256=DIRECTION('',(0.E0,1.E0,0.E0));
#257=DIRECTION('',(-2.066357334066E-1,0.E0,9.784179442751E-1));
#258=AXIS2_PLACEMENT_3D('',#255,#256,#257);
#260=DIRECTION('',(0.E0,-1.E0,0.E0));
#261=VECTOR('',#260,2.85E0);
#262=CARTESIAN_POINT('',(-2.857288813920E-1,2.9E0,2.684838730043E0));
#263=LINE('',#262,#261);
#264=CARTESIAN_POINT('',(0.E0,2.9E0,0.E0));
#265=DIRECTION('',(0.E0,-1.E0,0.E0));
#266=DIRECTION('',(-4.079278182522E-1,0.E0,9.130141812130E-1));
#267=AXIS2_PLACEMENT_3D('',#264,#265,#266);
#269=DIRECTION('',(0.E0,-1.E0,0.E0));
#270=VECTOR('',#269,2.85E0);
#271=CARTESIAN_POINT('',(-1.346949089473E0,2.9E0,2.340027382397E0));
#272=LINE('',#271,#270);
#273=CARTESIAN_POINT('',(0.E0,5.E-2,0.E0));
#274=DIRECTION('',(0.E0,1.E0,0.E0));
#275=DIRECTION('',(-4.988700331382E-1,0.E0,8.666768082952E-1));
#276=AXIS2_PLACEMENT_3D('',#273,#274,#275);
#278=DIRECTION('',(0.E0,-1.E0,0.E0));
#279=VECTOR('',#278,2.85E0);
#280=CARTESIAN_POINT('',(-1.101405109281E0,2.9E0,2.465138289275E0));
#281=LINE('',#280,#279);
#282=CARTESIAN_POINT('',(0.E0,2.9E0,0.E0));
#283=DIRECTION('',(0.E0,-1.E0,0.E0));
#284=DIRECTION('',(-6.700993078269E-1,0.E0,7.422714581943E-1));
#285=AXIS2_PLACEMENT_3D('',#282,#283,#284);
#287=DIRECTION('',(0.E0,-1.E0,0.E0));
#288=VECTOR('',#287,2.85E0);
#289=CARTESIAN_POINT('',(-2.004132937125E0,2.9E0,1.809268131133E0));
#290=LINE('',#289,#288);
#291=CARTESIAN_POINT('',(0.E0,5.E-2,0.E0));
#292=DIRECTION('',(0.E0,1.E0,0.E0));
#293=DIRECTION('',(-7.422714581943E-1,0.E0,6.700993078269E-1));
#294=AXIS2_PLACEMENT_3D('',#291,#292,#293);
#296=DIRECTION('',(0.E0,-1.E0,0.E0));
#297=VECTOR('',#296,2.85E0);
#298=CARTESIAN_POINT('',(-1.809268131133E0,2.9E0,2.004132937125E0));
#299=LINE('',#298,#297);
#300=CARTESIAN_POINT('',(0.E0,2.9E0,0.E0));
#301=DIRECTION('',(0.E0,-1.E0,0.E0));
#302=DIRECTION('',(-8.666768082952E-1,0.E0,4.988700331382E-1));
#303=AXIS2_PLACEMENT_3D('',#300,#301,#302);
#305=DIRECTION('',(0.E0,-1.E0,0.E0));
#306=VECTOR('',#305,2.85E0);
#307=CARTESIAN_POINT('',(-2.465138289275E0,2.9E0,1.101405109281E0));
#308=LINE('',#307,#306);
#309=CARTESIAN_POINT('',(0.E0,5.E-2,0.E0));
#310=DIRECTION('',(0.E0,1.E0,0.E0));
#311=DIRECTION('',(-9.130141812130E-1,0.E0,4.079278182522E-1));
#312=AXIS2_PLACEMENT_3D('',#309,#310,#311);
#314=DIRECTION('',(0.E0,-1.E0,0.E0));
#315=VECTOR('',#314,2.85E0);
#316=CARTESIAN_POINT('',(-2.340027382397E0,2.9E0,1.346949089473E0));
#317=LINE('',#316,#315);
#318=CARTESIAN_POINT('',(0.E0,2.9E0,0.E0));
#319=DIRECTION('',(0.E0,-1.E0,0.E0));
#320=DIRECTION('',(-9.784179442751E-1,0.E0,2.066357334066E-1));
#321=AXIS2_PLACEMENT_3D('',#318,#319,#320);
#323=DIRECTION('',(0.E0,-1.E0,0.E0));
#324=VECTOR('',#323,2.85E0);
#325=CARTESIAN_POINT('',(-2.684838730043E0,2.9E0,2.857288813920E-1));
#326=LINE('',#325,#324);
#327=CARTESIAN_POINT('',(0.E0,5.E-2,0.E0));
#328=DIRECTION('',(0.E0,1.E0,0.E0));
#329=DIRECTION('',(-9.943847148307E-1,0.E0,1.058255116267E-1));
#330=AXIS2_PLACEMENT_3D('',#327,#328,#329);
#332=DIRECTION('',(0.E0,-1.E0,0.E0));
#333=VECTOR('',#332,2.85E0);
#334=CARTESIAN_POINT('',(-2.641728449543E0,2.9E0,5.579164801977E-1));
#335=LINE('',#334,#333);
#336=CARTESIAN_POINT('',(0.E0,2.9E0,0.E0));
#337=DIRECTION('',(0.E0,-1.E0,0.E0));
#338=DIRECTION('',(-9.943847148307E-1,0.E0,-1.058255116267E-1));
#339=AXIS2_PLACEMENT_3D('',#336,#337,#338);
#341=DIRECTION('',(0.E0,-1.E0,0.E0));
#342=VECTOR('',#341,2.85E0);
#343=CARTESIAN_POINT('',(-2.641728449543E0,2.9E0,-5.579164801977E-1));
#344=LINE('',#343,#342);
#345=CARTESIAN_POINT('',(0.E0,5.E-2,0.E0));
#346=DIRECTION('',(0.E0,1.E0,0.E0));
#347=DIRECTION('',(-9.784179442751E-1,0.E0,-2.066357334066E-1));
#348=AXIS2_PLACEMENT_3D('',#345,#346,#347);
#350=DIRECTION('',(0.E0,-1.E0,0.E0));
#351=VECTOR('',#350,2.85E0);
#352=CARTESIAN_POINT('',(-2.684838730043E0,2.9E0,-2.857288813920E-1));
#353=LINE('',#352,#351);
#354=CARTESIAN_POINT('',(0.E0,2.9E0,0.E0));
#355=DIRECTION('',(0.E0,-1.E0,0.E0));
#356=DIRECTION('',(-9.130141812130E-1,0.E0,-4.079278182522E-1));
#357=AXIS2_PLACEMENT_3D('',#354,#355,#356);
#359=DIRECTION('',(0.E0,-1.E0,0.E0));
#360=VECTOR('',#359,2.85E0);
#361=CARTESIAN_POINT('',(-2.340027382397E0,2.9E0,-1.346949089473E0));
#362=LINE('',#361,#360);
#363=CARTESIAN_POINT('',(0.E0,5.E-2,0.E0));
#364=DIRECTION('',(0.E0,1.E0,0.E0));
#365=DIRECTION('',(-8.666768082952E-1,0.E0,-4.988700331382E-1));
#366=AXIS2_PLACEMENT_3D('',#363,#364,#365);
#368=DIRECTION('',(0.E0,-1.E0,0.E0));
#369=VECTOR('',#368,2.85E0);
#370=CARTESIAN_POINT('',(-2.465138289275E0,2.9E0,-1.101405109281E0));
#371=LINE('',#370,#369);
#372=CARTESIAN_POINT('',(0.E0,2.9E0,0.E0));
#373=DIRECTION('',(0.E0,-1.E0,0.E0));
#374=DIRECTION('',(-7.422714581943E-1,0.E0,-6.700993078269E-1));
#375=AXIS2_PLACEMENT_3D('',#372,#373,#374);
#377=DIRECTION('',(0.E0,-1.E0,0.E0));
#378=VECTOR('',#377,2.85E0);
#379=CARTESIAN_POINT('',(-1.809268131133E0,2.9E0,-2.004132937125E0));
#380=LINE('',#379,#378);
#381=CARTESIAN_POINT('',(0.E0,5.E-2,0.E0));
#382=DIRECTION('',(0.E0,1.E0,0.E0));
#383=DIRECTION('',(-6.700993078269E-1,0.E0,-7.422714581943E-1));
#384=AXIS2_PLACEMENT_3D('',#381,#382,#383);
#386=DIRECTION('',(0.E0,-1.E0,0.E0));
#387=VECTOR('',#386,2.85E0);
#388=CARTESIAN_POINT('',(-2.004132937125E0,2.9E0,-1.809268131133E0));
#389=LINE('',#388,#387);
#390=CARTESIAN_POINT('',(0.E0,2.9E0,0.E0));
#391=DIRECTION('',(0.E0,-1.E0,0.E0));
#392=DIRECTION('',(-4.988700331382E-1,0.E0,-8.666768082952E-1));
#393=AXIS2_PLACEMENT_3D('',#390,#391,#392);
#395=DIRECTION('',(0.E0,-1.E0,0.E0));
#396=VECTOR('',#395,2.85E0);
#397=CARTESIAN_POINT('',(-1.101405109281E0,2.9E0,-2.465138289275E0));
#398=LINE('',#397,#396);
#399=CARTESIAN_POINT('',(0.E0,5.E-2,0.E0));
#400=DIRECTION('',(0.E0,1.E0,0.E0));
#401=DIRECTION('',(-4.079278182522E-1,0.E0,-9.130141812130E-1));
#402=AXIS2_PLACEMENT_3D('',#399,#400,#401);
#404=DIRECTION('',(0.E0,-1.E0,0.E0));
#405=VECTOR('',#404,2.85E0);
#406=CARTESIAN_POINT('',(-1.346949089473E0,2.9E0,-2.340027382397E0));
#407=LINE('',#406,#405);
#408=CARTESIAN_POINT('',(0.E0,2.9E0,0.E0));
#409=DIRECTION('',(0.E0,-1.E0,0.E0));
#410=DIRECTION('',(-2.066357334066E-1,0.E0,-9.784179442751E-1));
#411=AXIS2_PLACEMENT_3D('',#408,#409,#410);
#413=DIRECTION('',(0.E0,-1.E0,0.E0));
#414=VECTOR('',#413,2.85E0);
#415=CARTESIAN_POINT('',(-2.857288813920E-1,2.9E0,-2.684838730043E0));
#416=LINE('',#415,#414);
#417=CARTESIAN_POINT('',(0.E0,5.E-2,0.E0));
#418=DIRECTION('',(0.E0,1.E0,0.E0));
#419=DIRECTION('',(-1.058255116267E-1,0.E0,-9.943847148307E-1));
#420=AXIS2_PLACEMENT_3D('',#417,#418,#419);
#422=DIRECTION('',(0.E0,-1.E0,0.E0));
#423=VECTOR('',#422,2.85E0);
#424=CARTESIAN_POINT('',(-5.579164801977E-1,2.9E0,-2.641728449543E0));
#425=LINE('',#424,#423);
#426=DIRECTION('',(8.987940462992E-1,0.E0,-4.383711467891E-1));
#427=VECTOR('',#426,3.006410103323E-1);
#428=CARTESIAN_POINT('',(5.579164801977E-1,2.9E0,-2.641728449543E0));
#429=LINE('',#428,#427);
#430=CARTESIAN_POINT('',(8.719679450367E-1,2.9E0,-2.683641389384E0));
#431=DIRECTION('',(0.E0,-1.E0,0.E0));
#432=DIRECTION('',(-4.383711467891E-1,0.E0,-8.987940462992E-1));
#433=AXIS2_PLACEMENT_3D('',#430,#431,#432);
#435=DIRECTION('',(0.E0,1.E0,0.E0));
#436=VECTOR('',#435,3.044515204143E0);
#437=CARTESIAN_POINT('',(8.281308303578E-1,-1.445152041434E-1,
-2.773520794014E0));
#438=LINE('',#437,#436);
#439=DIRECTION('',(4.694715627859E-1,0.E0,8.829475928589E-1));
#440=VECTOR('',#439,3.006410103323E-1);
#441=CARTESIAN_POINT('',(9.602627043226E-1,2.9E0,-2.730588545663E0));
#442=LINE('',#441,#440);
#443=DIRECTION('',(0.E0,1.E0,0.E0));
#444=VECTOR('',#443,3.044515204143E0);
#445=CARTESIAN_POINT('',(9.602627043226E-1,-1.445152041434E-1,
-2.730588545663E0));
#446=LINE('',#445,#444);
#447=CARTESIAN_POINT('',(1.559991488765E-10,-3.000000001793E-1,
-3.050000000179E0));
#448=CARTESIAN_POINT('',(1.089063006335E-2,-3.108906300867E-1,
-3.060890630086E0));
#449=CARTESIAN_POINT('',(3.281855321367E-2,-3.328185532028E-1,
-3.082701887394E0));
#450=CARTESIAN_POINT('',(6.615053575666E-2,-3.661505357598E-1,
-3.115506048059E0));
#451=CARTESIAN_POINT('',(8.866755630045E-2,-3.886675563004E-1,
-3.137434081328E0));
#452=CARTESIAN_POINT('',(1.E-1,-4.E-1,-3.148412298286E0));
#454=CARTESIAN_POINT('',(2.525961238212E-10,-1.717475375154E-1,
-2.921747539776E0));
#455=CARTESIAN_POINT('',(8.171281361632E-3,-1.717475375032E-1,
-2.921747539763E0));
#456=CARTESIAN_POINT('',(2.476376204638E-2,-1.698153527490E-1,
-2.919745743295E0));
#457=CARTESIAN_POINT('',(4.894189920857E-2,-1.606273319270E-1,
-2.910246653648E0));
#458=CARTESIAN_POINT('',(6.309706416474E-2,-1.505108402380E-1,
-2.899831776854E0));
#459=CARTESIAN_POINT('',(6.946583704590E-2,-1.445152041434E-1,
-2.893681524374E0));
#461=CARTESIAN_POINT('',(6.946583704590E-2,-1.445152041434E-1,
-2.893681524374E0));
#462=CARTESIAN_POINT('',(9.424944852225E-2,-1.211836270414E-1,
-2.869748268972E0));
#463=CARTESIAN_POINT('',(1.433115305684E-1,-7.566236181228E-2,
-2.822369567071E0));
#464=CARTESIAN_POINT('',(2.153791845654E-1,-1.083439073051E-2,
-2.752774642579E0));
#465=CARTESIAN_POINT('',(2.624438738589E-1,3.010434313701E-2,
-2.707324800439E0));
#466=CARTESIAN_POINT('',(2.857288813920E-1,5.E-2,-2.684838730043E0));
#468=CARTESIAN_POINT('',(5.579164801977E-1,5.E-2,-2.641728449543E0));
#469=CARTESIAN_POINT('',(6.015416654208E-1,2.016726390250E-2,
-2.663005874058E0));
#470=CARTESIAN_POINT('',(6.901994741604E-1,-4.209050611995E-2,
-2.706247176611E0));
#471=CARTESIAN_POINT('',(7.816801774973E-1,-1.095170427754E-1,
-2.750865296854E0));
#472=CARTESIAN_POINT('',(8.281308303578E-1,-1.445152041434E-1,
-2.773520794014E0));
#474=CARTESIAN_POINT('',(8.281308303578E-1,-1.445152041434E-1,
-2.773520794014E0));
#475=CARTESIAN_POINT('',(8.377703453338E-1,-1.517780794716E-1,
-2.778222299606E0));
#476=CARTESIAN_POINT('',(8.581743232356E-1,-1.635757835342E-1,
-2.784374857981E0));
#477=CARTESIAN_POINT('',(8.898619111759E-1,-1.723389189810E-1,
-2.783617183651E0));
#478=CARTESIAN_POINT('',(9.183431556591E-1,-1.719092970621E-1,
-2.773894940715E0));
#479=CARTESIAN_POINT('',(9.429674494587E-1,-1.630299339730E-1,
-2.756231525261E0));
#480=CARTESIAN_POINT('',(9.553950493856E-1,-1.515366101564E-1,
-2.739743273127E0));
#481=CARTESIAN_POINT('',(9.602627043226E-1,-1.445152041434E-1,
-2.730588545663E0));
#483=CARTESIAN_POINT('',(9.602627043226E-1,-1.445152041434E-1,
-2.730588545663E0));
#484=CARTESIAN_POINT('',(9.845142222250E-1,-1.095333174185E-1,
-2.684978074119E0));
#485=CARTESIAN_POINT('',(1.032286192743E0,-4.212208334481E-2,
-2.595132064864E0));
#486=CARTESIAN_POINT('',(1.078606541181E0,2.015206641056E-2,-2.508016159673E0));
#487=CARTESIAN_POINT('',(1.101405109281E0,5.E-2,-2.465138289275E0));
#489=CARTESIAN_POINT('',(1.346949089473E0,5.E-2,-2.340027382397E0));
#490=CARTESIAN_POINT('',(1.395014191926E0,2.016726390250E-2,-2.346782492016E0));
#491=CARTESIAN_POINT('',(1.492695075996E0,-4.209050611995E-2,
-2.360510644997E0));
#492=CARTESIAN_POINT('',(1.593486152432E0,-1.095170427754E-1,
-2.374675907010E0));
#493=CARTESIAN_POINT('',(1.644664282159E0,-1.445152041434E-1,
-2.381868524081E0));
#495=CARTESIAN_POINT('',(1.644664282159E0,-1.445152041434E-1,
-2.381868524081E0));
#496=CARTESIAN_POINT('',(1.655284850818E0,-1.517780794716E-1,
-2.383361147665E0));
#497=CARTESIAN_POINT('',(1.676591432057E0,-1.635757835342E-1,
-2.382907402476E0));
#498=CARTESIAN_POINT('',(1.706493984809E0,-1.723389189810E-1,
-2.372394808182E0));
#499=CARTESIAN_POINT('',(1.730576919676E0,-1.719092970621E-1,
-2.354347217119E0));
#500=CARTESIAN_POINT('',(1.748537719200E0,-1.630299339730E-1,
-2.329938985493E0));
#501=CARTESIAN_POINT('',(1.755261918975E0,-1.515366101564E-1,
-2.310417386281E0));
#502=CARTESIAN_POINT('',(1.757062367557E0,-1.445152041434E-1,
-2.300206534973E0));
#504=CARTESIAN_POINT('',(1.757062367557E0,-1.445152041434E-1,
-2.300206534973E0));
#505=CARTESIAN_POINT('',(1.766032520859E0,-1.095333174185E-1,
-2.249334267629E0));
#506=CARTESIAN_POINT('',(1.783702420980E0,-4.212208334481E-2,
-2.149123284319E0));
#507=CARTESIAN_POINT('',(1.800835395014E0,2.015206641057E-2,-2.051957360162E0));
#508=CARTESIAN_POINT('',(1.809268131133E0,5.E-2,-2.004132937125E0));
#510=CARTESIAN_POINT('',(2.004132937125E0,5.E-2,-1.809268131133E0));
#511=CARTESIAN_POINT('',(2.051933009690E0,2.016726390250E-2,-1.800839688660E0));
#512=CARTESIAN_POINT('',(2.149075283575E0,-4.209050611995E-2,
-1.783710884806E0));
#513=CARTESIAN_POINT('',(2.249310600295E0,-1.095170427754E-1,
-1.766036694049E0));
#514=CARTESIAN_POINT('',(2.300206534973E0,-1.445152041434E-1,
-1.757062367557E0));
#516=CARTESIAN_POINT('',(2.300206534973E0,-1.445152041434E-1,
-1.757062367557E0));
#517=CARTESIAN_POINT('',(2.310768542057E0,-1.517780794716E-1,
-1.755200000737E0));
#518=CARTESIAN_POINT('',(2.330892090009E0,-1.635757835342E-1,
-1.748184367723E0));
#519=CARTESIAN_POINT('',(2.356082537366E0,-1.723389189810E-1,
-1.728945899442E0));
#520=CARTESIAN_POINT('',(2.373409757157E0,-1.719092970621E-1,
-1.704339584209E0));
#521=CARTESIAN_POINT('',(2.382948934207E0,-1.630299339730E-1,
-1.675575784184E0));
#522=CARTESIAN_POINT('',(2.383311522306E0,-1.515366101564E-1,
-1.654931748042E0));
#523=CARTESIAN_POINT('',(2.381868524081E0,-1.445152041434E-1,
-1.644664282159E0));
#525=CARTESIAN_POINT('',(2.381868524081E0,-1.445152041434E-1,
-1.644664282159E0));
#526=CARTESIAN_POINT('',(2.374679251680E0,-1.095333174185E-1,
-1.593509950990E0));
#527=CARTESIAN_POINT('',(2.360517428466E0,-4.212208334481E-2,
-1.492743342883E0));
#528=CARTESIAN_POINT('',(2.346785933226E0,2.015206641056E-2,-1.395038677411E0));
#529=CARTESIAN_POINT('',(2.340027382397E0,5.E-2,-1.346949089473E0));
#531=CARTESIAN_POINT('',(2.465138289275E0,5.E-2,-1.101405109281E0));
#532=CARTESIAN_POINT('',(2.507994327807E0,2.016726390250E-2,-1.078618149390E0));
#533=CARTESIAN_POINT('',(2.595089028909E0,-4.209050611995E-2,
-1.032309075366E0));
#534=CARTESIAN_POINT('',(2.684956854733E0,-1.095170427754E-1,
-9.845255047725E-1));
#535=CARTESIAN_POINT('',(2.730588545663E0,-1.445152041434E-1,
-9.602627043226E-1));
#537=CARTESIAN_POINT('',(2.730588545663E0,-1.445152041434E-1,
-9.602627043226E-1));
#538=CARTESIAN_POINT('',(2.740058108328E0,-1.517780794716E-1,
-9.552276485399E-1));
#539=CARTESIAN_POINT('',(2.757028789911E0,-1.635757835342E-1,
-9.423368667416E-1));
#540=CARTESIAN_POINT('',(2.775041315374E0,-1.723389189810E-1,
-9.162557197897E-1));
#541=CARTESIAN_POINT('',(2.783916711089E0,-1.719092970621E-1,
-8.874993179648E-1));
#542=CARTESIAN_POINT('',(2.784100504552E0,-1.630299339730E-1,
-8.571955506975E-1));
#543=CARTESIAN_POINT('',(2.778065988326E0,-1.515366101564E-1,
-8.374498597169E-1));
#544=CARTESIAN_POINT('',(2.773520794014E0,-1.445152041434E-1,
-8.281308303578E-1));
#546=CARTESIAN_POINT('',(2.773520794014E0,-1.445152041434E-1,
-8.281308303578E-1));
#547=CARTESIAN_POINT('',(2.750875831982E0,-1.095333174185E-1,
-7.817017777119E-1));
#548=CARTESIAN_POINT('',(2.706268543362E0,-4.212208334481E-2,
-6.902432824906E-1));
#549=CARTESIAN_POINT('',(2.663016713275E0,2.015206641056E-2,
-6.015638891082E-1));
#550=CARTESIAN_POINT('',(2.641728449543E0,5.E-2,-5.579164801977E-1));
#552=CARTESIAN_POINT('',(2.684838730043E0,5.E-2,-2.857288813920E-1));
#553=CARTESIAN_POINT('',(2.718555686895E0,2.016726390250E-2,
-2.508139504828E-1));
#554=CARTESIAN_POINT('',(2.787077379046E0,-4.209050611995E-2,
-1.798576611084E-1));
#555=CARTESIAN_POINT('',(2.857780825036E0,-1.095170427754E-1,
-1.066420994966E-1));
#556=CARTESIAN_POINT('',(2.893681524374E0,-1.445152041434E-1,
-6.946583704590E-2));
#558=CARTESIAN_POINT('',(2.893681524374E0,-1.445152041434E-1,
-6.946583704590E-2));
#559=CARTESIAN_POINT('',(2.901131695848E0,-1.517780794716E-1,
-6.175095864105E-2));
#560=CARTESIAN_POINT('',(2.913288302508E0,-1.635757835342E-1,
-4.424686759616E-2));
#561=CARTESIAN_POINT('',(2.922359714583E0,-1.723389189810E-1,
-1.387604635558E-2));
#562=CARTESIAN_POINT('',(2.921914500652E0,-1.719092970621E-1,
1.621556509308E-2));
#563=CARTESIAN_POINT('',(2.912724919543E0,-1.630299339730E-1,
4.509295572429E-2));
#564=CARTESIAN_POINT('',(2.900883999485E0,-1.515366101564E-1,
6.200745573362E-2));
#565=CARTESIAN_POINT('',(2.893681524374E0,-1.445152041434E-1,
6.946583704590E-2));
#567=CARTESIAN_POINT('',(2.893681524374E0,-1.445152041434E-1,
6.946583704590E-2));
#568=CARTESIAN_POINT('',(2.857797519372E0,-1.095333174185E-1,
1.066248120055E-1));
#569=CARTESIAN_POINT('',(2.787111237552E0,-4.212208334481E-2,
1.798225995995E-1));
#570=CARTESIAN_POINT('',(2.718572863100E0,2.015206641057E-2,2.507961640023E-1));
#571=CARTESIAN_POINT('',(2.684838730043E0,5.E-2,2.857288813920E-1));
#573=CARTESIAN_POINT('',(2.641728449543E0,5.E-2,5.579164801977E-1));
#574=CARTESIAN_POINT('',(2.663005874058E0,2.016726390250E-2,6.015416654208E-1));
#575=CARTESIAN_POINT('',(2.706247176611E0,-4.209050611995E-2,
6.901994741604E-1));
#576=CARTESIAN_POINT('',(2.750865296854E0,-1.095170427754E-1,
7.816801774973E-1));
#577=CARTESIAN_POINT('',(2.773520794014E0,-1.445152041434E-1,
8.281308303578E-1));
#579=CARTESIAN_POINT('',(2.773520794014E0,-1.445152041434E-1,
8.281308303578E-1));
#580=CARTESIAN_POINT('',(2.778222299606E0,-1.517780794716E-1,
8.377703453338E-1));
#581=CARTESIAN_POINT('',(2.784374857981E0,-1.635757835342E-1,
8.581743232356E-1));
#582=CARTESIAN_POINT('',(2.783617183651E0,-1.723389189810E-1,
8.898619111759E-1));
#583=CARTESIAN_POINT('',(2.773894940715E0,-1.719092970621E-1,
9.183431556591E-1));
#584=CARTESIAN_POINT('',(2.756231525261E0,-1.630299339730E-1,
9.429674494587E-1));
#585=CARTESIAN_POINT('',(2.739743273127E0,-1.515366101564E-1,
9.553950493856E-1));
#586=CARTESIAN_POINT('',(2.730588545663E0,-1.445152041434E-1,
9.602627043226E-1));
#588=CARTESIAN_POINT('',(2.730588545663E0,-1.445152041434E-1,
9.602627043226E-1));
#589=CARTESIAN_POINT('',(2.684978074119E0,-1.095333174185E-1,
9.845142222250E-1));
#590=CARTESIAN_POINT('',(2.595132064864E0,-4.212208334481E-2,1.032286192743E0));
#591=CARTESIAN_POINT('',(2.508016159673E0,2.015206641056E-2,1.078606541181E0));
#592=CARTESIAN_POINT('',(2.465138289275E0,5.E-2,1.101405109281E0));
#594=CARTESIAN_POINT('',(2.340027382397E0,5.E-2,1.346949089473E0));
#595=CARTESIAN_POINT('',(2.346782492016E0,2.016726390250E-2,1.395014191926E0));
#596=CARTESIAN_POINT('',(2.360510644997E0,-4.209050611995E-2,1.492695075996E0));
#597=CARTESIAN_POINT('',(2.374675907010E0,-1.095170427754E-1,1.593486152432E0));
#598=CARTESIAN_POINT('',(2.381868524081E0,-1.445152041434E-1,1.644664282159E0));
#600=CARTESIAN_POINT('',(2.381868524081E0,-1.445152041434E-1,1.644664282159E0));
#601=CARTESIAN_POINT('',(2.383361147665E0,-1.517780794716E-1,1.655284850818E0));
#602=CARTESIAN_POINT('',(2.382907402476E0,-1.635757835342E-1,1.676591432057E0));
#603=CARTESIAN_POINT('',(2.372394808182E0,-1.723389189810E-1,1.706493984809E0));
#604=CARTESIAN_POINT('',(2.354347217119E0,-1.719092970621E-1,1.730576919676E0));
#605=CARTESIAN_POINT('',(2.329938985493E0,-1.630299339730E-1,1.748537719200E0));
#606=CARTESIAN_POINT('',(2.310417386281E0,-1.515366101564E-1,1.755261918975E0));
#607=CARTESIAN_POINT('',(2.300206534973E0,-1.445152041434E-1,1.757062367557E0));
#609=CARTESIAN_POINT('',(2.300206534973E0,-1.445152041434E-1,1.757062367557E0));
#610=CARTESIAN_POINT('',(2.249334267629E0,-1.095333174185E-1,1.766032520859E0));
#611=CARTESIAN_POINT('',(2.149123284319E0,-4.212208334481E-2,1.783702420980E0));
#612=CARTESIAN_POINT('',(2.051957360162E0,2.015206641056E-2,1.800835395014E0));
#613=CARTESIAN_POINT('',(2.004132937125E0,5.E-2,1.809268131133E0));
#615=CARTESIAN_POINT('',(1.809268131133E0,5.E-2,2.004132937125E0));
#616=CARTESIAN_POINT('',(1.800839688660E0,2.016726390250E-2,2.051933009690E0));
#617=CARTESIAN_POINT('',(1.783710884806E0,-4.209050611995E-2,2.149075283575E0));
#618=CARTESIAN_POINT('',(1.766036694049E0,-1.095170427754E-1,2.249310600295E0));
#619=CARTESIAN_POINT('',(1.757062367557E0,-1.445152041434E-1,2.300206534973E0));
#621=CARTESIAN_POINT('',(1.757062367557E0,-1.445152041434E-1,2.300206534973E0));
#622=CARTESIAN_POINT('',(1.755200000737E0,-1.517780794716E-1,2.310768542057E0));
#623=CARTESIAN_POINT('',(1.748184367723E0,-1.635757835342E-1,2.330892090009E0));
#624=CARTESIAN_POINT('',(1.728945899442E0,-1.723389189810E-1,2.356082537366E0));
#625=CARTESIAN_POINT('',(1.704339584209E0,-1.719092970621E-1,2.373409757157E0));
#626=CARTESIAN_POINT('',(1.675575784184E0,-1.630299339730E-1,2.382948934207E0));
#627=CARTESIAN_POINT('',(1.654931748042E0,-1.515366101564E-1,2.383311522306E0));
#628=CARTESIAN_POINT('',(1.644664282159E0,-1.445152041434E-1,2.381868524081E0));
#630=CARTESIAN_POINT('',(1.644664282159E0,-1.445152041434E-1,2.381868524081E0));
#631=CARTESIAN_POINT('',(1.593509950990E0,-1.095333174185E-1,2.374679251680E0));
#632=CARTESIAN_POINT('',(1.492743342883E0,-4.212208334481E-2,2.360517428466E0));
#633=CARTESIAN_POINT('',(1.395038677411E0,2.015206641056E-2,2.346785933226E0));
#634=CARTESIAN_POINT('',(1.346949089473E0,5.E-2,2.340027382397E0));
#636=CARTESIAN_POINT('',(1.101405109281E0,5.E-2,2.465138289275E0));
#637=CARTESIAN_POINT('',(1.078618149390E0,2.016726390250E-2,2.507994327807E0));
#638=CARTESIAN_POINT('',(1.032309075366E0,-4.209050611995E-2,2.595089028909E0));
#639=CARTESIAN_POINT('',(9.845255047725E-1,-1.095170427754E-1,
2.684956854733E0));
#640=CARTESIAN_POINT('',(9.602627043226E-1,-1.445152041434E-1,
2.730588545663E0));
#642=CARTESIAN_POINT('',(9.602627043226E-1,-1.445152041434E-1,
2.730588545663E0));
#643=CARTESIAN_POINT('',(9.552276485399E-1,-1.517780794716E-1,
2.740058108328E0));
#644=CARTESIAN_POINT('',(9.423368667416E-1,-1.635757835342E-1,
2.757028789911E0));
#645=CARTESIAN_POINT('',(9.162557197897E-1,-1.723389189810E-1,
2.775041315374E0));
#646=CARTESIAN_POINT('',(8.874993179648E-1,-1.719092970621E-1,
2.783916711089E0));
#647=CARTESIAN_POINT('',(8.571955506975E-1,-1.630299339730E-1,
2.784100504552E0));
#648=CARTESIAN_POINT('',(8.374498597169E-1,-1.515366101564E-1,
2.778065988326E0));
#649=CARTESIAN_POINT('',(8.281308303578E-1,-1.445152041434E-1,
2.773520794014E0));
#651=CARTESIAN_POINT('',(8.281308303578E-1,-1.445152041434E-1,
2.773520794014E0));
#652=CARTESIAN_POINT('',(7.817017777119E-1,-1.095333174185E-1,
2.750875831982E0));
#653=CARTESIAN_POINT('',(6.902432824906E-1,-4.212208334481E-2,
2.706268543362E0));
#654=CARTESIAN_POINT('',(6.015638891082E-1,2.015206641057E-2,2.663016713275E0));
#655=CARTESIAN_POINT('',(5.579164801977E-1,5.E-2,2.641728449543E0));
#657=CARTESIAN_POINT('',(2.857288813920E-1,5.E-2,2.684838730043E0));
#658=CARTESIAN_POINT('',(2.624506729500E-1,3.011015255684E-2,2.707318234633E0));
#659=CARTESIAN_POINT('',(2.153949302528E-1,-1.082052662219E-2,
2.752759437146E0));
#660=CARTESIAN_POINT('',(1.433282011621E-1,-7.564706162996E-2,
2.822353468466E0));
#661=CARTESIAN_POINT('',(9.425654247450E-2,-1.211769487131E-1,
2.869741418422E0));
#662=CARTESIAN_POINT('',(6.946583704590E-2,-1.445152041434E-1,
2.893681524374E0));
#664=CARTESIAN_POINT('',(6.946583704590E-2,-1.445152041434E-1,
2.893681524374E0));
#665=CARTESIAN_POINT('',(6.309791558827E-2,-1.505100386981E-1,
2.899830954644E0));
#666=CARTESIAN_POINT('',(4.895372031010E-2,-1.606340874553E-1,
2.910253567218E0));
#667=CARTESIAN_POINT('',(2.458989750055E-2,-1.698633688660E-1,
2.919795431807E0));
#668=CARTESIAN_POINT('',(8.093817787140E-3,-1.717475375276E-1,
2.921747539789E0));
#669=CARTESIAN_POINT('',(-2.525949223174E-10,-1.717475375154E-1,
2.921747539776E0));
#671=DIRECTION('',(-1.170296491851E-10,7.071067846883E-1,-7.071067776848E-1));
#672=VECTOR('',#671,3.227977256277E-1);
#673=CARTESIAN_POINT('',(-2.148180177294E-10,-3.999999993888E-1,
3.149999999389E0));
#674=LINE('',#673,#672);
#675=DIRECTION('',(0.E0,0.E0,1.E0));
#676=VECTOR('',#675,1.100411068247E0);
#677=CARTESIAN_POINT('',(1.E-1,-4.E-1,-4.248823366533E0));
#678=LINE('',#677,#676);
#679=CARTESIAN_POINT('',(0.E0,-4.E-1,0.E0));
#680=DIRECTION('',(0.E0,1.E0,0.E0));
#681=DIRECTION('',(0.E0,0.E0,1.E0));
#682=AXIS2_PLACEMENT_3D('',#679,#680,#681);
#684=CARTESIAN_POINT('',(0.E0,-4.E-1,0.E0));
#685=DIRECTION('',(0.E0,1.E0,0.E0));
#686=DIRECTION('',(-3.174603174603E-2,0.E0,-9.994959677099E-1));
#687=AXIS2_PLACEMENT_3D('',#684,#685,#686);
#689=DIRECTION('',(0.E0,0.E0,1.E0));
#690=VECTOR('',#689,1.100411068247E0);
#691=CARTESIAN_POINT('',(-1.E-1,-4.E-1,-4.248823366533E0));
#692=LINE('',#691,#690);
#693=CARTESIAN_POINT('',(0.E0,-4.E-1,0.E0));
#694=DIRECTION('',(0.E0,1.E0,0.E0));
#695=DIRECTION('',(-2.352941176471E-2,0.E0,-9.997231450667E-1));
#696=AXIS2_PLACEMENT_3D('',#693,#694,#695);
#698=CARTESIAN_POINT('',(0.E0,-4.E-1,0.E0));
#699=DIRECTION('',(0.E0,1.E0,0.E0));
#700=DIRECTION('',(0.E0,0.E0,1.E0));
#701=AXIS2_PLACEMENT_3D('',#698,#699,#700);
#703=CARTESIAN_POINT('',(-1.E-1,-4.E-1,-3.148412298286E0));
#704=CARTESIAN_POINT('',(-8.866814861517E-2,-3.886681486152E-1,
-3.137434655129E0));
#705=CARTESIAN_POINT('',(-6.615191347111E-2,-3.661519135158E-1,
-3.115507394847E0));
#706=CARTESIAN_POINT('',(-3.281989795869E-2,-3.328198978022E-1,
-3.082703219780E0));
#707=CARTESIAN_POINT('',(-1.089120412956E-2,-3.108912044649E-1,
-3.060891204466E0));
#708=CARTESIAN_POINT('',(1.559991488765E-10,-3.000000001793E-1,
-3.050000000179E0));
#710=CARTESIAN_POINT('',(-2.525949223174E-10,-1.717475375154E-1,
2.921747539776E0));
#711=CARTESIAN_POINT('',(-8.171281361631E-3,-1.717475375032E-1,
2.921747539763E0));
#712=CARTESIAN_POINT('',(-2.476376204637E-2,-1.698153527490E-1,
2.919745743295E0));
#713=CARTESIAN_POINT('',(-4.894189920857E-2,-1.606273319270E-1,
2.910246653648E0));
#714=CARTESIAN_POINT('',(-6.309706416474E-2,-1.505108402380E-1,
2.899831776854E0));
#715=CARTESIAN_POINT('',(-6.946583704590E-2,-1.445152041434E-1,
2.893681524374E0));
#717=CARTESIAN_POINT('',(-6.946583704590E-2,-1.445152041434E-1,
2.893681524374E0));
#718=CARTESIAN_POINT('',(-9.424944852226E-2,-1.211836270414E-1,
2.869748268972E0));
#719=CARTESIAN_POINT('',(-1.433115305684E-1,-7.566236181225E-2,
2.822369567071E0));
#720=CARTESIAN_POINT('',(-2.153791845656E-1,-1.083439073034E-2,
2.752774642579E0));
#721=CARTESIAN_POINT('',(-2.624438738590E-1,3.010434313708E-2,
2.707324800439E0));
#722=CARTESIAN_POINT('',(-2.857288813920E-1,5.E-2,2.684838730043E0));
#724=CARTESIAN_POINT('',(-5.579164801977E-1,5.E-2,2.641728449543E0));
#725=CARTESIAN_POINT('',(-6.015416654202E-1,2.016726390291E-2,
2.663005874058E0));
#726=CARTESIAN_POINT('',(-6.901994741592E-1,-4.209050611911E-2,
2.706247176611E0));
#727=CARTESIAN_POINT('',(-7.816801774967E-1,-1.095170427750E-1,
2.750865296853E0));
#728=CARTESIAN_POINT('',(-8.281308303578E-1,-1.445152041434E-1,
2.773520794014E0));
#730=CARTESIAN_POINT('',(-8.281308303578E-1,-1.445152041434E-1,
2.773520794014E0));
#731=CARTESIAN_POINT('',(-8.377703453338E-1,-1.517780794716E-1,
2.778222299606E0));
#732=CARTESIAN_POINT('',(-8.581743232356E-1,-1.635757835342E-1,
2.784374857981E0));
#733=CARTESIAN_POINT('',(-8.898619111759E-1,-1.723389189810E-1,
2.783617183651E0));
#734=CARTESIAN_POINT('',(-9.183431556591E-1,-1.719092970621E-1,
2.773894940715E0));
#735=CARTESIAN_POINT('',(-9.429674494587E-1,-1.630299339730E-1,
2.756231525261E0));
#736=CARTESIAN_POINT('',(-9.553950493856E-1,-1.515366101564E-1,
2.739743273127E0));
#737=CARTESIAN_POINT('',(-9.602627043226E-1,-1.445152041434E-1,
2.730588545663E0));
#739=CARTESIAN_POINT('',(-9.602627043226E-1,-1.445152041434E-1,
2.730588545663E0));
#740=CARTESIAN_POINT('',(-9.845142222253E-1,-1.095333174181E-1,
2.684978074118E0));
#741=CARTESIAN_POINT('',(-1.032286192744E0,-4.212208334400E-2,
2.595132064863E0));
#742=CARTESIAN_POINT('',(-1.078606541181E0,2.015206641095E-2,2.508016159673E0));
#743=CARTESIAN_POINT('',(-1.101405109281E0,5.E-2,2.465138289275E0));
#745=CARTESIAN_POINT('',(-1.346949089473E0,5.E-2,2.340027382397E0));
#746=CARTESIAN_POINT('',(-1.395014191925E0,2.016726390291E-2,2.346782492016E0));
#747=CARTESIAN_POINT('',(-1.492695075995E0,-4.209050611910E-2,
2.360510644997E0));
#748=CARTESIAN_POINT('',(-1.593486152431E0,-1.095170427749E-1,
2.374675907010E0));
#749=CARTESIAN_POINT('',(-1.644664282159E0,-1.445152041434E-1,
2.381868524081E0));
#751=CARTESIAN_POINT('',(-1.644664282159E0,-1.445152041434E-1,
2.381868524081E0));
#752=CARTESIAN_POINT('',(-1.655284850818E0,-1.517780794716E-1,
2.383361147665E0));
#753=CARTESIAN_POINT('',(-1.676591432057E0,-1.635757835342E-1,
2.382907402476E0));
#754=CARTESIAN_POINT('',(-1.706493984809E0,-1.723389189810E-1,
2.372394808182E0));
#755=CARTESIAN_POINT('',(-1.730576919676E0,-1.719092970621E-1,
2.354347217119E0));
#756=CARTESIAN_POINT('',(-1.748537719200E0,-1.630299339730E-1,
2.329938985493E0));
#757=CARTESIAN_POINT('',(-1.755261918975E0,-1.515366101564E-1,
2.310417386281E0));
#758=CARTESIAN_POINT('',(-1.757062367557E0,-1.445152041434E-1,
2.300206534973E0));
#760=CARTESIAN_POINT('',(-1.757062367557E0,-1.445152041434E-1,
2.300206534973E0));
#761=CARTESIAN_POINT('',(-1.766032520859E0,-1.095333174181E-1,
2.249334267628E0));
#762=CARTESIAN_POINT('',(-1.783702420980E0,-4.212208334400E-2,
2.149123284318E0));
#763=CARTESIAN_POINT('',(-1.800835395015E0,2.015206641096E-2,2.051957360162E0));
#764=CARTESIAN_POINT('',(-1.809268131133E0,5.E-2,2.004132937125E0));
#766=CARTESIAN_POINT('',(-2.004132937125E0,5.E-2,1.809268131133E0));
#767=CARTESIAN_POINT('',(-2.051933009689E0,2.016726390291E-2,1.800839688660E0));
#768=CARTESIAN_POINT('',(-2.149075283573E0,-4.209050611910E-2,
1.783710884807E0));
#769=CARTESIAN_POINT('',(-2.249310600294E0,-1.095170427750E-1,
1.766036694049E0));
#770=CARTESIAN_POINT('',(-2.300206534973E0,-1.445152041434E-1,
1.757062367557E0));
#772=CARTESIAN_POINT('',(-2.300206534973E0,-1.445152041434E-1,
1.757062367557E0));
#773=CARTESIAN_POINT('',(-2.310768542057E0,-1.517780794716E-1,
1.755200000737E0));
#774=CARTESIAN_POINT('',(-2.330892090009E0,-1.635757835342E-1,
1.748184367723E0));
#775=CARTESIAN_POINT('',(-2.356082537366E0,-1.723389189810E-1,
1.728945899442E0));
#776=CARTESIAN_POINT('',(-2.373409757157E0,-1.719092970621E-1,
1.704339584209E0));
#777=CARTESIAN_POINT('',(-2.382948934207E0,-1.630299339730E-1,
1.675575784184E0));
#778=CARTESIAN_POINT('',(-2.383311522306E0,-1.515366101564E-1,
1.654931748042E0));
#779=CARTESIAN_POINT('',(-2.381868524081E0,-1.445152041434E-1,
1.644664282159E0));
#781=CARTESIAN_POINT('',(-2.381868524081E0,-1.445152041434E-1,
1.644664282159E0));
#782=CARTESIAN_POINT('',(-2.374679251679E0,-1.095333174181E-1,
1.593509950990E0));
#783=CARTESIAN_POINT('',(-2.360517428466E0,-4.212208334400E-2,
1.492743342882E0));
#784=CARTESIAN_POINT('',(-2.346785933226E0,2.015206641096E-2,1.395038677410E0));
#785=CARTESIAN_POINT('',(-2.340027382397E0,5.E-2,1.346949089473E0));
#787=CARTESIAN_POINT('',(-2.465138289275E0,5.E-2,1.101405109281E0));
#788=CARTESIAN_POINT('',(-2.507994327807E0,2.016726390291E-2,1.078618149390E0));
#789=CARTESIAN_POINT('',(-2.595089028908E0,-4.209050611910E-2,
1.032309075367E0));
#790=CARTESIAN_POINT('',(-2.684956854733E0,-1.095170427750E-1,
9.845255047728E-1));
#791=CARTESIAN_POINT('',(-2.730588545663E0,-1.445152041434E-1,
9.602627043226E-1));
#793=CARTESIAN_POINT('',(-2.730588545663E0,-1.445152041434E-1,
9.602627043226E-1));
#794=CARTESIAN_POINT('',(-2.740058108328E0,-1.517780794716E-1,
9.552276485399E-1));
#795=CARTESIAN_POINT('',(-2.757028789911E0,-1.635757835342E-1,
9.423368667416E-1));
#796=CARTESIAN_POINT('',(-2.775041315374E0,-1.723389189810E-1,
9.162557197897E-1));
#797=CARTESIAN_POINT('',(-2.783916711089E0,-1.719092970621E-1,
8.874993179648E-1));
#798=CARTESIAN_POINT('',(-2.784100504552E0,-1.630299339730E-1,
8.571955506975E-1));
#799=CARTESIAN_POINT('',(-2.778065988326E0,-1.515366101564E-1,
8.374498597169E-1));
#800=CARTESIAN_POINT('',(-2.773520794014E0,-1.445152041434E-1,
8.281308303578E-1));
#802=CARTESIAN_POINT('',(-2.773520794014E0,-1.445152041434E-1,
8.281308303578E-1));
#803=CARTESIAN_POINT('',(-2.750875831982E0,-1.095333174181E-1,
7.817017777113E-1));
#804=CARTESIAN_POINT('',(-2.706268543361E0,-4.212208334400E-2,
6.902432824895E-1));
#805=CARTESIAN_POINT('',(-2.663016713275E0,2.015206641096E-2,
6.015638891076E-1));
#806=CARTESIAN_POINT('',(-2.641728449543E0,5.E-2,5.579164801977E-1));
#808=CARTESIAN_POINT('',(-2.684838730043E0,5.E-2,2.857288813920E-1));
#809=CARTESIAN_POINT('',(-2.718555686895E0,2.016726390291E-2,
2.508139504833E-1));
#810=CARTESIAN_POINT('',(-2.787077379045E0,-4.209050611910E-2,
1.798576611094E-1));
#811=CARTESIAN_POINT('',(-2.857780825035E0,-1.095170427749E-1,
1.066420994970E-1));
#812=CARTESIAN_POINT('',(-2.893681524374E0,-1.445152041434E-1,
6.946583704590E-2));
#814=CARTESIAN_POINT('',(-2.893681524374E0,-1.445152041434E-1,
6.946583704590E-2));
#815=CARTESIAN_POINT('',(-2.901131695848E0,-1.517780794716E-1,
6.175095864105E-2));
#816=CARTESIAN_POINT('',(-2.913288302508E0,-1.635757835342E-1,
4.424686759617E-2));
#817=CARTESIAN_POINT('',(-2.922359714583E0,-1.723389189810E-1,
1.387604635558E-2));
#818=CARTESIAN_POINT('',(-2.921914500652E0,-1.719092970621E-1,
-1.621556509308E-2));
#819=CARTESIAN_POINT('',(-2.912724919543E0,-1.630299339730E-1,
-4.509295572429E-2));
#820=CARTESIAN_POINT('',(-2.900883999485E0,-1.515366101564E-1,
-6.200745573362E-2));
#821=CARTESIAN_POINT('',(-2.893681524374E0,-1.445152041434E-1,
-6.946583704590E-2));
#823=CARTESIAN_POINT('',(-2.893681524374E0,-1.445152041434E-1,
-6.946583704590E-2));
#824=CARTESIAN_POINT('',(-2.857797519371E0,-1.095333174181E-1,
-1.066248120059E-1));
#825=CARTESIAN_POINT('',(-2.787111237551E0,-4.212208334400E-2,
-1.798225996004E-1));
#826=CARTESIAN_POINT('',(-2.718572863099E0,2.015206641096E-2,
-2.507961640027E-1));
#827=CARTESIAN_POINT('',(-2.684838730043E0,5.E-2,-2.857288813920E-1));
#829=CARTESIAN_POINT('',(-2.641728449543E0,5.E-2,-5.579164801977E-1));
#830=CARTESIAN_POINT('',(-2.663005874058E0,2.016726390291E-2,
-6.015416654202E-1));
#831=CARTESIAN_POINT('',(-2.706247176611E0,-4.209050611910E-2,
-6.901994741592E-1));
#832=CARTESIAN_POINT('',(-2.750865296853E0,-1.095170427749E-1,
-7.816801774967E-1));
#833=CARTESIAN_POINT('',(-2.773520794014E0,-1.445152041434E-1,
-8.281308303578E-1));
#835=CARTESIAN_POINT('',(-2.773520794014E0,-1.445152041434E-1,
-8.281308303578E-1));
#836=CARTESIAN_POINT('',(-2.778222299606E0,-1.517780794716E-1,
-8.377703453338E-1));
#837=CARTESIAN_POINT('',(-2.784374857981E0,-1.635757835342E-1,
-8.581743232356E-1));
#838=CARTESIAN_POINT('',(-2.783617183651E0,-1.723389189810E-1,
-8.898619111759E-1));
#839=CARTESIAN_POINT('',(-2.773894940715E0,-1.719092970621E-1,
-9.183431556591E-1));
#840=CARTESIAN_POINT('',(-2.756231525261E0,-1.630299339730E-1,
-9.429674494587E-1));
#841=CARTESIAN_POINT('',(-2.739743273127E0,-1.515366101564E-1,
-9.553950493856E-1));
#842=CARTESIAN_POINT('',(-2.730588545663E0,-1.445152041434E-1,
-9.602627043226E-1));
#844=CARTESIAN_POINT('',(-2.730588545663E0,-1.445152041434E-1,
-9.602627043226E-1));
#845=CARTESIAN_POINT('',(-2.684978074118E0,-1.095333174181E-1,
-9.845142222253E-1));
#846=CARTESIAN_POINT('',(-2.595132064863E0,-4.212208334400E-2,
-1.032286192744E0));
#847=CARTESIAN_POINT('',(-2.508016159673E0,2.015206641095E-2,
-1.078606541181E0));
#848=CARTESIAN_POINT('',(-2.465138289275E0,5.E-2,-1.101405109281E0));
#850=CARTESIAN_POINT('',(-2.340027382397E0,5.E-2,-1.346949089473E0));
#851=CARTESIAN_POINT('',(-2.346782492016E0,2.016726390291E-2,
-1.395014191925E0));
#852=CARTESIAN_POINT('',(-2.360510644997E0,-4.209050611910E-2,
-1.492695075995E0));
#853=CARTESIAN_POINT('',(-2.374675907010E0,-1.095170427750E-1,
-1.593486152431E0));
#854=CARTESIAN_POINT('',(-2.381868524081E0,-1.445152041434E-1,
-1.644664282159E0));
#856=CARTESIAN_POINT('',(-2.381868524081E0,-1.445152041434E-1,
-1.644664282159E0));
#857=CARTESIAN_POINT('',(-2.383361147665E0,-1.517780794716E-1,
-1.655284850818E0));
#858=CARTESIAN_POINT('',(-2.382907402476E0,-1.635757835342E-1,
-1.676591432057E0));
#859=CARTESIAN_POINT('',(-2.372394808182E0,-1.723389189810E-1,
-1.706493984809E0));
#860=CARTESIAN_POINT('',(-2.354347217119E0,-1.719092970621E-1,
-1.730576919676E0));
#861=CARTESIAN_POINT('',(-2.329938985493E0,-1.630299339730E-1,
-1.748537719200E0));
#862=CARTESIAN_POINT('',(-2.310417386281E0,-1.515366101564E-1,
-1.755261918975E0));
#863=CARTESIAN_POINT('',(-2.300206534973E0,-1.445152041434E-1,
-1.757062367557E0));
#865=CARTESIAN_POINT('',(-2.300206534973E0,-1.445152041434E-1,
-1.757062367557E0));
#866=CARTESIAN_POINT('',(-2.249334267628E0,-1.095333174181E-1,
-1.766032520859E0));
#867=CARTESIAN_POINT('',(-2.149123284318E0,-4.212208334400E-2,
-1.783702420980E0));
#868=CARTESIAN_POINT('',(-2.051957360162E0,2.015206641095E-2,
-1.800835395015E0));
#869=CARTESIAN_POINT('',(-2.004132937125E0,5.E-2,-1.809268131133E0));
#871=CARTESIAN_POINT('',(-1.809268131133E0,5.E-2,-2.004132937125E0));
#872=CARTESIAN_POINT('',(-1.800839688660E0,2.016726390291E-2,
-2.051933009689E0));
#873=CARTESIAN_POINT('',(-1.783710884807E0,-4.209050611910E-2,
-2.149075283573E0));
#874=CARTESIAN_POINT('',(-1.766036694049E0,-1.095170427749E-1,
-2.249310600294E0));
#875=CARTESIAN_POINT('',(-1.757062367557E0,-1.445152041434E-1,
-2.300206534973E0));
#877=CARTESIAN_POINT('',(-1.757062367557E0,-1.445152041434E-1,
-2.300206534973E0));
#878=CARTESIAN_POINT('',(-1.755200000737E0,-1.517780794716E-1,
-2.310768542057E0));
#879=CARTESIAN_POINT('',(-1.748184367723E0,-1.635757835342E-1,
-2.330892090009E0));
#880=CARTESIAN_POINT('',(-1.728945899442E0,-1.723389189810E-1,
-2.356082537366E0));
#881=CARTESIAN_POINT('',(-1.704339584209E0,-1.719092970621E-1,
-2.373409757157E0));
#882=CARTESIAN_POINT('',(-1.675575784184E0,-1.630299339730E-1,
-2.382948934207E0));
#883=CARTESIAN_POINT('',(-1.654931748042E0,-1.515366101564E-1,
-2.383311522306E0));
#884=CARTESIAN_POINT('',(-1.644664282159E0,-1.445152041434E-1,
-2.381868524081E0));
#886=CARTESIAN_POINT('',(-1.644664282159E0,-1.445152041434E-1,
-2.381868524081E0));
#887=CARTESIAN_POINT('',(-1.593509950990E0,-1.095333174181E-1,
-2.374679251679E0));
#888=CARTESIAN_POINT('',(-1.492743342882E0,-4.212208334400E-2,
-2.360517428466E0));
#889=CARTESIAN_POINT('',(-1.395038677410E0,2.015206641095E-2,
-2.346785933226E0));
#890=CARTESIAN_POINT('',(-1.346949089473E0,5.E-2,-2.340027382397E0));
#892=CARTESIAN_POINT('',(-1.101405109281E0,5.E-2,-2.465138289275E0));
#893=CARTESIAN_POINT('',(-1.078618149390E0,2.016726390291E-2,
-2.507994327807E0));
#894=CARTESIAN_POINT('',(-1.032309075367E0,-4.209050611910E-2,
-2.595089028908E0));
#895=CARTESIAN_POINT('',(-9.845255047728E-1,-1.095170427750E-1,
-2.684956854733E0));
#896=CARTESIAN_POINT('',(-9.602627043226E-1,-1.445152041434E-1,
-2.730588545663E0));
#898=CARTESIAN_POINT('',(-9.602627043226E-1,-1.445152041434E-1,
-2.730588545663E0));
#899=CARTESIAN_POINT('',(-9.552276485399E-1,-1.517780794716E-1,
-2.740058108328E0));
#900=CARTESIAN_POINT('',(-9.423368667416E-1,-1.635757835342E-1,
-2.757028789911E0));
#901=CARTESIAN_POINT('',(-9.162557197897E-1,-1.723389189810E-1,
-2.775041315374E0));
#902=CARTESIAN_POINT('',(-8.874993179648E-1,-1.719092970621E-1,
-2.783916711089E0));
#903=CARTESIAN_POINT('',(-8.571955506975E-1,-1.630299339730E-1,
-2.784100504552E0));
#904=CARTESIAN_POINT('',(-8.374498597169E-1,-1.515366101564E-1,
-2.778065988326E0));
#905=CARTESIAN_POINT('',(-8.281308303578E-1,-1.445152041434E-1,
-2.773520794014E0));
#907=CARTESIAN_POINT('',(-8.281308303578E-1,-1.445152041434E-1,
-2.773520794014E0));
#908=CARTESIAN_POINT('',(-7.817017777113E-1,-1.095333174181E-1,
-2.750875831982E0));
#909=CARTESIAN_POINT('',(-6.902432824895E-1,-4.212208334400E-2,
-2.706268543361E0));
#910=CARTESIAN_POINT('',(-6.015638891076E-1,2.015206641095E-2,
-2.663016713275E0));
#911=CARTESIAN_POINT('',(-5.579164801977E-1,5.E-2,-2.641728449543E0));
#913=CARTESIAN_POINT('',(-2.857288813920E-1,5.E-2,-2.684838730043E0));
#914=CARTESIAN_POINT('',(-2.624506729500E-1,3.011015255684E-2,
-2.707318234633E0));
#915=CARTESIAN_POINT('',(-2.153949302528E-1,-1.082052662219E-2,
-2.752759437146E0));
#916=CARTESIAN_POINT('',(-1.433282011621E-1,-7.564706162996E-2,
-2.822353468466E0));
#917=CARTESIAN_POINT('',(-9.425654247450E-2,-1.211769487131E-1,
-2.869741418422E0));
#918=CARTESIAN_POINT('',(-6.946583704590E-2,-1.445152041434E-1,
-2.893681524374E0));
#920=CARTESIAN_POINT('',(-6.946583704590E-2,-1.445152041434E-1,
-2.893681524374E0));
#921=CARTESIAN_POINT('',(-6.309791558827E-2,-1.505100386981E-1,
-2.899830954644E0));
#922=CARTESIAN_POINT('',(-4.895372031010E-2,-1.606340874553E-1,
-2.910253567218E0));
#923=CARTESIAN_POINT('',(-2.458989750055E-2,-1.698633688660E-1,
-2.919795431807E0));
#924=CARTESIAN_POINT('',(-8.093817787139E-3,-1.717475375276E-1,
-2.921747539789E0));
#925=CARTESIAN_POINT('',(2.525961238212E-10,-1.717475375154E-1,
-2.921747539776E0));
#927=DIRECTION('',(5.325775054043E-10,7.071067874186E-1,7.071067749545E-1));
#928=VECTOR('',#927,1.813763705085E-1);
#929=CARTESIAN_POINT('',(1.559991488765E-10,-3.000000001793E-1,
-3.050000000179E0));
#930=LINE('',#929,#928);
#931=DIRECTION('',(-3.401062891204E-10,2.128187370056E-10,-1.E0));
#932=VECTOR('',#931,1.299999999918E0);
#933=CARTESIAN_POINT('',(1.559991488765E-10,-3.000000001793E-1,
-3.050000000179E0));
#934=LINE('',#933,#932);
#935=CARTESIAN_POINT('',(-2.861390269521E-10,-2.999999999027E-1,
-4.350000000097E0));
#936=CARTESIAN_POINT('',(-1.128559463523E-2,-3.112855942518E-1,
-4.338714405747E0));
#937=CARTESIAN_POINT('',(-3.374022500225E-2,-3.337402251812E-1,
-4.316171934757E0));
#938=CARTESIAN_POINT('',(-6.707251345995E-2,-3.670725134088E-1,
-4.282446413823E0));
#939=CARTESIAN_POINT('',(-8.906271953227E-2,-3.890627195323E-1,
-4.260021094923E0));
#940=CARTESIAN_POINT('',(-1.E-1,-4.E-1,-4.248823366533E0));
#942=DIRECTION('',(4.650982561186E-11,-7.071067811866E-1,7.071067811865E-1));
#943=VECTOR('',#942,1.414213559860E-1);
#944=CARTESIAN_POINT('',(-2.927165095568E-10,-2.000000000804E-1,
-4.449999999920E0));
#945=LINE('',#944,#943);
#946=CARTESIAN_POINT('',(1.E-1,-4.E-1,-4.248823366533E0));
#947=CARTESIAN_POINT('',(8.906303800898E-2,-3.890630380090E-1,
-4.260020768863E0));
#948=CARTESIAN_POINT('',(6.707325835322E-2,-3.670732583784E-1,
-4.282445656241E0));
#949=CARTESIAN_POINT('',(3.374098454987E-2,-3.337409844618E-1,
-4.316171170368E0));
#950=CARTESIAN_POINT('',(1.128592025943E-2,-3.112859204482E-1,
-4.338714079553E0));
#951=CARTESIAN_POINT('',(-2.861390269521E-10,-2.999999999027E-1,
-4.350000000097E0));
#953=DIRECTION('',(2.829517222510E-10,-7.071067811865E-1,-7.071067811866E-1));
#954=VECTOR('',#953,2.828427125057E-1);
#955=CARTESIAN_POINT('',(2.927148765732E-10,-2.000000000804E-1,
4.449999999920E0));
#956=LINE('',#955,#954);
#957=CARTESIAN_POINT('',(0.E0,-2.E-1,0.E0));
#958=DIRECTION('',(0.E0,1.E0,0.E0));
#959=DIRECTION('',(0.E0,0.E0,1.E0));
#960=AXIS2_PLACEMENT_3D('',#957,#958,#959);
#962=CARTESIAN_POINT('',(0.E0,-2.E-1,0.E0));
#963=DIRECTION('',(0.E0,1.E0,0.E0));
#964=DIRECTION('',(0.E0,0.E0,-1.E0));
#965=AXIS2_PLACEMENT_3D('',#962,#963,#964);
#967=DIRECTION('',(1.463584363755E-9,1.E0,-4.018518849397E-10));
#968=VECTOR('',#967,2.000000000804E-1);
#969=CARTESIAN_POINT('',(-2.927165095568E-10,-2.000000000804E-1,
-4.449999999920E0));
#970=LINE('',#969,#968);
#971=DIRECTION('',(-1.463576198837E-9,1.E0,4.018518849397E-10));
#972=VECTOR('',#971,2.000000000804E-1);
#973=CARTESIAN_POINT('',(2.927148765732E-10,-2.000000000804E-1,
4.449999999920E0));
#974=LINE('',#973,#972);
#975=CARTESIAN_POINT('',(0.E0,0.E0,0.E0));
#976=DIRECTION('',(0.E0,-1.E0,0.E0));
#977=DIRECTION('',(0.E0,0.E0,1.E0));
#978=AXIS2_PLACEMENT_3D('',#975,#976,#977);
#980=CARTESIAN_POINT('',(0.E0,0.E0,0.E0));
#981=DIRECTION('',(0.E0,-1.E0,0.E0));
#982=DIRECTION('',(0.E0,0.E0,-1.E0));
#983=AXIS2_PLACEMENT_3D('',#980,#981,#982);
#985=CARTESIAN_POINT('',(0.E0,0.E0,0.E0));
#986=DIRECTION('',(0.E0,1.E0,0.E0));
#987=DIRECTION('',(0.E0,0.E0,-1.E0));
#988=AXIS2_PLACEMENT_3D('',#985,#986,#987);
#990=CARTESIAN_POINT('',(0.E0,0.E0,0.E0));
#991=DIRECTION('',(0.E0,-1.E0,0.E0));
#992=DIRECTION('',(0.E0,0.E0,-1.E0));
#993=AXIS2_PLACEMENT_3D('',#990,#991,#992);
#995=CARTESIAN_POINT('',(0.E0,0.E0,-6.E0));
#996=DIRECTION('',(0.E0,1.E0,0.E0));
#997=DIRECTION('',(-1.E0,0.E0,0.E0));
#998=AXIS2_PLACEMENT_3D('',#995,#996,#997);
#1000=CARTESIAN_POINT('',(0.E0,0.E0,-6.E0));
#1001=DIRECTION('',(0.E0,1.E0,0.E0));
#1002=DIRECTION('',(1.E0,0.E0,0.E0));
#1003=AXIS2_PLACEMENT_3D('',#1000,#1001,#1002);
#1005=CARTESIAN_POINT('',(4.242640687119E0,0.E0,-4.242640687119E0));
#1006=DIRECTION('',(0.E0,1.E0,0.E0));
#1007=DIRECTION('',(-7.071067811865E-1,0.E0,-7.071067811865E-1));
#1008=AXIS2_PLACEMENT_3D('',#1005,#1006,#1007);
#1010=CARTESIAN_POINT('',(4.242640687119E0,0.E0,-4.242640687119E0));
#1011=DIRECTION('',(0.E0,1.E0,0.E0));
#1012=DIRECTION('',(7.071067811865E-1,0.E0,7.071067811865E-1));
#1013=AXIS2_PLACEMENT_3D('',#1010,#1011,#1012);
#1015=CARTESIAN_POINT('',(6.E0,0.E0,0.E0));
#1016=DIRECTION('',(0.E0,1.E0,0.E0));
#1017=DIRECTION('',(0.E0,0.E0,-1.E0));
#1018=AXIS2_PLACEMENT_3D('',#1015,#1016,#1017);
#1020=CARTESIAN_POINT('',(6.E0,0.E0,0.E0));
#1021=DIRECTION('',(0.E0,1.E0,0.E0));
#1022=DIRECTION('',(0.E0,0.E0,1.E0));
#1023=AXIS2_PLACEMENT_3D('',#1020,#1021,#1022);
#1025=CARTESIAN_POINT('',(4.242640687119E0,0.E0,4.242640687119E0));
#1026=DIRECTION('',(0.E0,1.E0,0.E0));
#1027=DIRECTION('',(7.071067811865E-1,0.E0,-7.071067811865E-1));
#1028=AXIS2_PLACEMENT_3D('',#1025,#1026,#1027);
#1030=CARTESIAN_POINT('',(4.242640687119E0,0.E0,4.242640687119E0));
#1031=DIRECTION('',(0.E0,1.E0,0.E0));
#1032=DIRECTION('',(-7.071067811865E-1,0.E0,7.071067811865E-1));
#1033=AXIS2_PLACEMENT_3D('',#1030,#1031,#1032);
#1035=CARTESIAN_POINT('',(0.E0,0.E0,6.E0));
#1036=DIRECTION('',(0.E0,1.E0,0.E0));
#1037=DIRECTION('',(1.E0,0.E0,0.E0));
#1038=AXIS2_PLACEMENT_3D('',#1035,#1036,#1037);
#1040=CARTESIAN_POINT('',(0.E0,0.E0,6.E0));
#1041=DIRECTION('',(0.E0,1.E0,0.E0));
#1042=DIRECTION('',(-1.E0,0.E0,0.E0));
#1043=AXIS2_PLACEMENT_3D('',#1040,#1041,#1042);
#1045=CARTESIAN_POINT('',(-4.242640687119E0,0.E0,4.242640687119E0));
#1046=DIRECTION('',(0.E0,1.E0,0.E0));
#1047=DIRECTION('',(7.071067811865E-1,0.E0,7.071067811865E-1));
#1048=AXIS2_PLACEMENT_3D('',#1045,#1046,#1047);
#1050=CARTESIAN_POINT('',(-4.242640687119E0,0.E0,4.242640687119E0));
#1051=DIRECTION('',(0.E0,1.E0,0.E0));
#1052=DIRECTION('',(-7.071067811865E-1,0.E0,-7.071067811865E-1));
#1053=AXIS2_PLACEMENT_3D('',#1050,#1051,#1052);
#1055=CARTESIAN_POINT('',(-6.E0,0.E0,0.E0));
#1056=DIRECTION('',(0.E0,1.E0,0.E0));
#1057=DIRECTION('',(0.E0,0.E0,1.E0));
#1058=AXIS2_PLACEMENT_3D('',#1055,#1056,#1057);
#1060=CARTESIAN_POINT('',(-6.E0,0.E0,0.E0));
#1061=DIRECTION('',(0.E0,1.E0,0.E0));
#1062=DIRECTION('',(0.E0,0.E0,-1.E0));
#1063=AXIS2_PLACEMENT_3D('',#1060,#1061,#1062);
#1065=CARTESIAN_POINT('',(-4.242640687119E0,0.E0,-4.242640687119E0));
#1066=DIRECTION('',(0.E0,1.E0,0.E0));
#1067=DIRECTION('',(-7.071067811865E-1,0.E0,7.071067811865E-1));
#1068=AXIS2_PLACEMENT_3D('',#1065,#1066,#1067);
#1070=CARTESIAN_POINT('',(-4.242640687119E0,0.E0,-4.242640687119E0));
#1071=DIRECTION('',(0.E0,1.E0,0.E0));
#1072=DIRECTION('',(7.071067811865E-1,0.E0,-7.071067811865E-1));
#1073=AXIS2_PLACEMENT_3D('',#1070,#1071,#1072);
#1075=DIRECTION('',(0.E0,1.E0,0.E0));
#1076=VECTOR('',#1075,5.E-1);
#1077=CARTESIAN_POINT('',(0.E0,0.E0,8.25E0));
#1078=LINE('',#1077,#1076);
#1079=DIRECTION('',(0.E0,1.E0,0.E0));
#1080=VECTOR('',#1079,5.E-1);
#1081=CARTESIAN_POINT('',(0.E0,0.E0,-8.25E0));
#1082=LINE('',#1081,#1080);
#1083=CARTESIAN_POINT('',(0.E0,5.E-1,0.E0));
#1084=DIRECTION('',(0.E0,-1.E0,0.E0));
#1085=DIRECTION('',(0.E0,0.E0,1.E0));
#1086=AXIS2_PLACEMENT_3D('',#1083,#1084,#1085);
#1088=CARTESIAN_POINT('',(0.E0,5.E-1,0.E0));
#1089=DIRECTION('',(0.E0,-1.E0,0.E0));
#1090=DIRECTION('',(0.E0,0.E0,-1.E0));
#1091=AXIS2_PLACEMENT_3D('',#1088,#1089,#1090);
#1093=CARTESIAN_POINT('',(0.E0,5.E-1,0.E0));
#1094=DIRECTION('',(0.E0,-1.E0,0.E0));
#1095=DIRECTION('',(1.E0,0.E0,0.E0));
#1096=AXIS2_PLACEMENT_3D('',#1093,#1094,#1095);
#1098=CARTESIAN_POINT('',(0.E0,5.8E0,0.E0));
#1099=DIRECTION('',(0.E0,1.E0,0.E0));
#1100=DIRECTION('',(-1.E0,0.E0,0.E0));
#1101=AXIS2_PLACEMENT_3D('',#1098,#1099,#1100);
#1103=DIRECTION('',(6.595311299149E-12,-1.E0,1.626595262960E-10));
#1104=VECTOR('',#1103,5.300000000035E0);
#1105=CARTESIAN_POINT('',(7.499999999965E0,5.800000000035E0,
-8.620939453654E-10));
#1106=LINE('',#1105,#1104);
#1107=CARTESIAN_POINT('',(0.E0,5.E-1,0.E0));
#1108=DIRECTION('',(0.E0,-1.E0,0.E0));
#1109=DIRECTION('',(-1.E0,0.E0,0.E0));
#1110=AXIS2_PLACEMENT_3D('',#1107,#1108,#1109);
#1112=CARTESIAN_POINT('',(0.E0,5.8E0,0.E0));
#1113=DIRECTION('',(0.E0,1.E0,0.E0));
#1114=DIRECTION('',(1.E0,0.E0,0.E0));
#1115=AXIS2_PLACEMENT_3D('',#1112,#1113,#1114);
#1117=DIRECTION('',(-6.595311299149E-12,-1.E0,-1.626600231511E-10));
#1118=VECTOR('',#1117,5.300000000035E0);
#1119=CARTESIAN_POINT('',(-7.499999999965E0,5.800000000035E0,
8.620972042252E-10));
#1120=LINE('',#1119,#1118);
#1121=DIRECTION('',(7.071067811865E-1,-7.071067811865E-1,9.076189531065E-10));
#1122=VECTOR('',#1121,2.828427124893E-1);
#1123=CARTESIAN_POINT('',(7.299999999955E0,6.000000000045E0,
-1.118807351969E-9));
#1124=LINE('',#1123,#1122);
#1125=CARTESIAN_POINT('',(0.E0,6.E0,-6.E0));
#1126=DIRECTION('',(0.E0,1.E0,0.E0));
#1127=DIRECTION('',(1.E0,0.E0,0.E0));
#1128=AXIS2_PLACEMENT_3D('',#1125,#1126,#1127);
#1130=CARTESIAN_POINT('',(0.E0,6.E0,-6.E0));
#1131=DIRECTION('',(0.E0,1.E0,0.E0));
#1132=DIRECTION('',(-1.E0,0.E0,0.E0));
#1133=AXIS2_PLACEMENT_3D('',#1130,#1131,#1132);
#1135=CARTESIAN_POINT('',(4.242640687119E0,6.E0,-4.242640687119E0));
#1136=DIRECTION('',(0.E0,1.E0,0.E0));
#1137=DIRECTION('',(7.071067811865E-1,0.E0,7.071067811865E-1));
#1138=AXIS2_PLACEMENT_3D('',#1135,#1136,#1137);
#1140=CARTESIAN_POINT('',(4.242640687119E0,6.E0,-4.242640687119E0));
#1141=DIRECTION('',(0.E0,1.E0,0.E0));
#1142=DIRECTION('',(-7.071067811865E-1,0.E0,-7.071067811865E-1));
#1143=AXIS2_PLACEMENT_3D('',#1140,#1141,#1142);
#1145=CARTESIAN_POINT('',(6.E0,6.E0,0.E0));
#1146=DIRECTION('',(0.E0,1.E0,0.E0));
#1147=DIRECTION('',(0.E0,0.E0,1.E0));
#1148=AXIS2_PLACEMENT_3D('',#1145,#1146,#1147);
#1150=CARTESIAN_POINT('',(6.E0,6.E0,0.E0));
#1151=DIRECTION('',(0.E0,1.E0,0.E0));
#1152=DIRECTION('',(0.E0,0.E0,-1.E0));
#1153=AXIS2_PLACEMENT_3D('',#1150,#1151,#1152);
#1155=CARTESIAN_POINT('',(4.242640687119E0,6.E0,4.242640687119E0));
#1156=DIRECTION('',(0.E0,1.E0,0.E0));
#1157=DIRECTION('',(-7.071067811865E-1,0.E0,7.071067811865E-1));
#1158=AXIS2_PLACEMENT_3D('',#1155,#1156,#1157);
#1160=CARTESIAN_POINT('',(4.242640687119E0,6.E0,4.242640687119E0));
#1161=DIRECTION('',(0.E0,1.E0,0.E0));
#1162=DIRECTION('',(7.071067811865E-1,0.E0,-7.071067811865E-1));
#1163=AXIS2_PLACEMENT_3D('',#1160,#1161,#1162);
#1165=CARTESIAN_POINT('',(0.E0,6.E0,6.E0));
#1166=DIRECTION('',(0.E0,1.E0,0.E0));
#1167=DIRECTION('',(-1.E0,0.E0,0.E0));
#1168=AXIS2_PLACEMENT_3D('',#1165,#1166,#1167);
#1170=CARTESIAN_POINT('',(0.E0,6.E0,6.E0));
#1171=DIRECTION('',(0.E0,1.E0,0.E0));
#1172=DIRECTION('',(1.E0,0.E0,0.E0));
#1173=AXIS2_PLACEMENT_3D('',#1170,#1171,#1172);
#1175=CARTESIAN_POINT('',(-4.242640687119E0,6.E0,4.242640687119E0));
#1176=DIRECTION('',(0.E0,1.E0,0.E0));
#1177=DIRECTION('',(-7.071067811865E-1,0.E0,-7.071067811865E-1));
#1178=AXIS2_PLACEMENT_3D('',#1175,#1176,#1177);
#1180=CARTESIAN_POINT('',(-4.242640687119E0,6.E0,4.242640687119E0));
#1181=DIRECTION('',(0.E0,1.E0,0.E0));
#1182=DIRECTION('',(7.071067811865E-1,0.E0,7.071067811865E-1));
#1183=AXIS2_PLACEMENT_3D('',#1180,#1181,#1182);
#1185=CARTESIAN_POINT('',(-6.E0,6.E0,0.E0));
#1186=DIRECTION('',(0.E0,1.E0,0.E0));
#1187=DIRECTION('',(0.E0,0.E0,-1.E0));
#1188=AXIS2_PLACEMENT_3D('',#1185,#1186,#1187);
#1190=CARTESIAN_POINT('',(-6.E0,6.E0,0.E0));
#1191=DIRECTION('',(0.E0,1.E0,0.E0));
#1192=DIRECTION('',(0.E0,0.E0,1.E0));
#1193=AXIS2_PLACEMENT_3D('',#1190,#1191,#1192);
#1195=CARTESIAN_POINT('',(-4.242640687119E0,6.E0,-4.242640687119E0));
#1196=DIRECTION('',(0.E0,1.E0,0.E0));
#1197=DIRECTION('',(7.071067811865E-1,0.E0,-7.071067811865E-1));
#1198=AXIS2_PLACEMENT_3D('',#1195,#1196,#1197);
#1200=CARTESIAN_POINT('',(-4.242640687119E0,6.E0,-4.242640687119E0));
#1201=DIRECTION('',(0.E0,1.E0,0.E0));
#1202=DIRECTION('',(-7.071067811865E-1,0.E0,7.071067811865E-1));
#1203=AXIS2_PLACEMENT_3D('',#1200,#1201,#1202);
#1205=CARTESIAN_POINT('',(0.E0,6.E0,0.E0));
#1206=DIRECTION('',(0.E0,1.E0,0.E0));
#1207=DIRECTION('',(-1.E0,0.E0,0.E0));
#1208=AXIS2_PLACEMENT_3D('',#1205,#1206,#1207);
#1210=CARTESIAN_POINT('',(0.E0,6.E0,0.E0));
#1211=DIRECTION('',(0.E0,1.E0,0.E0));
#1212=DIRECTION('',(1.E0,0.E0,0.E0));
#1213=AXIS2_PLACEMENT_3D('',#1210,#1211,#1212);
#1215=CARTESIAN_POINT('',(0.E0,7.3E0,0.E0));
#1216=DIRECTION('',(0.E0,1.E0,0.E0));
#1217=DIRECTION('',(0.E0,0.E0,1.E0));
#1218=AXIS2_PLACEMENT_3D('',#1215,#1216,#1217);
#1220=CARTESIAN_POINT('',(0.E0,6.E0,0.E0));
#1221=DIRECTION('',(0.E0,-1.E0,0.E0));
#1222=DIRECTION('',(0.E0,0.E0,-1.E0));
#1223=AXIS2_PLACEMENT_3D('',#1220,#1221,#1222);
#1225=DIRECTION('',(7.184400880261E-10,-7.071067811866E-1,7.071067811865E-1));
#1226=VECTOR('',#1225,2.828427125183E-1);
#1227=CARTESIAN_POINT('',(-9.652248028584E-10,7.500000000147E0,
3.799999999853E0));
#1228=LINE('',#1227,#1226);
#1229=CARTESIAN_POINT('',(0.E0,7.5E0,0.E0));
#1230=DIRECTION('',(0.E0,1.E0,0.E0));
#1231=DIRECTION('',(0.E0,0.E0,-1.E0));
#1232=AXIS2_PLACEMENT_3D('',#1229,#1230,#1231);
#1234=CARTESIAN_POINT('',(0.E0,7.5E0,0.E0));
#1235=DIRECTION('',(0.E0,1.E0,0.E0));
#1236=DIRECTION('',(0.E0,0.E0,1.E0));
#1237=AXIS2_PLACEMENT_3D('',#1234,#1235,#1236);
#1239=CARTESIAN_POINT('',(0.E0,7.5E0,0.E0));
#1240=DIRECTION('',(0.E0,-1.E0,0.E0));
#1241=DIRECTION('',(1.E0,0.E0,0.E0));
#1242=AXIS2_PLACEMENT_3D('',#1239,#1240,#1241);
#1244=CARTESIAN_POINT('',(0.E0,7.5E0,0.E0));
#1245=DIRECTION('',(0.E0,-1.E0,0.E0));
#1246=DIRECTION('',(-1.E0,0.E0,0.E0));
#1247=AXIS2_PLACEMENT_3D('',#1244,#1245,#1246);
#1249=CARTESIAN_POINT('',(0.E0,7.5E0,-3.45E0));
#1250=DIRECTION('',(0.E0,-1.E0,0.E0));
#1251=DIRECTION('',(0.E0,0.E0,-1.E0));
#1252=AXIS2_PLACEMENT_3D('',#1249,#1250,#1251);
#1254=CARTESIAN_POINT('',(0.E0,7.5E0,-3.45E0));
#1255=DIRECTION('',(0.E0,-1.E0,0.E0));
#1256=DIRECTION('',(0.E0,0.E0,1.E0));
#1257=AXIS2_PLACEMENT_3D('',#1254,#1255,#1256);
#1259=DIRECTION('',(-7.184406941995E-10,-7.071067811866E-1,-7.071067811865E-1));
#1260=VECTOR('',#1259,2.828427125183E-1);
#1261=CARTESIAN_POINT('',(9.652252118153E-10,7.500000000147E0,
-3.799999999853E0));
#1262=LINE('',#1261,#1260);
#1263=CARTESIAN_POINT('',(0.E0,7.3E0,0.E0));
#1264=DIRECTION('',(0.E0,1.E0,0.E0));
#1265=DIRECTION('',(0.E0,0.E0,-1.E0));
#1266=AXIS2_PLACEMENT_3D('',#1263,#1264,#1265);
#1268=DIRECTION('',(-5.861684099531E-10,1.E0,-8.899752728854E-11));
#1269=VECTOR('',#1268,1.300000000116E0);
#1270=CARTESIAN_POINT('',(0.E0,6.E0,4.E0));
#1271=LINE('',#1270,#1269);
#1272=CARTESIAN_POINT('',(0.E0,6.E0,0.E0));
#1273=DIRECTION('',(0.E0,1.E0,0.E0));
#1274=DIRECTION('',(0.E0,0.E0,-1.E0));
#1275=AXIS2_PLACEMENT_3D('',#1272,#1273,#1274);
#1277=DIRECTION('',(5.861685926493E-10,1.E0,8.899821050271E-11));
#1278=VECTOR('',#1277,1.300000000116E0);
#1279=CARTESIAN_POINT('',(0.E0,6.E0,-4.E0));
#1280=LINE('',#1279,#1278);
#1281=DIRECTION('',(-7.071067811865E-1,-7.071067811865E-1,3.898919693237E-10));
#1282=VECTOR('',#1281,2.828427122908E-1);
#1283=CARTESIAN_POINT('',(3.099999999564E0,7.499999999564E0,
-3.695794762317E-10));
#1284=LINE('',#1283,#1282);
#1285=DIRECTION('',(7.071067811865E-1,-7.071067811865E-1,-3.898911480061E-10));
#1286=VECTOR('',#1285,2.828427122908E-1);
#1287=CARTESIAN_POINT('',(-3.099999999564E0,7.499999999564E0,
3.695793485251E-10));
#1288=LINE('',#1287,#1286);
#1289=CARTESIAN_POINT('',(0.E0,7.3E0,0.E0));
#1290=DIRECTION('',(0.E0,-1.E0,0.E0));
#1291=DIRECTION('',(-1.E0,0.E0,0.E0));
#1292=AXIS2_PLACEMENT_3D('',#1289,#1290,#1291);
#1294=DIRECTION('',(1.698364905790E-10,-1.E0,1.440565163129E-10));
#1295=VECTOR('',#1294,1.799999999694E0);
#1296=CARTESIAN_POINT('',(2.899999999694E0,7.299999999694E0,
-2.593013741278E-10));
#1297=LINE('',#1296,#1295);
#1298=CARTESIAN_POINT('',(0.E0,7.3E0,0.E0));
#1299=DIRECTION('',(0.E0,-1.E0,0.E0));
#1300=DIRECTION('',(1.E0,0.E0,0.E0));
#1301=AXIS2_PLACEMENT_3D('',#1298,#1299,#1300);
#1303=DIRECTION('',(-1.698364905790E-10,-1.E0,-1.440565743737E-10));
#1304=VECTOR('',#1303,1.799999999694E0);
#1305=CARTESIAN_POINT('',(-2.899999999694E0,7.299999999694E0,
2.593014787249E-10));
#1306=LINE('',#1305,#1304);
#1307=CARTESIAN_POINT('',(0.E0,5.5E0,0.E0));
#1308=DIRECTION('',(0.E0,1.E0,0.E0));
#1309=DIRECTION('',(1.E0,0.E0,0.E0));
#1310=AXIS2_PLACEMENT_3D('',#1307,#1308,#1309);
#1312=CARTESIAN_POINT('',(0.E0,5.5E0,0.E0));
#1313=DIRECTION('',(0.E0,1.E0,0.E0));
#1314=DIRECTION('',(-1.E0,0.E0,0.E0));
#1315=AXIS2_PLACEMENT_3D('',#1312,#1313,#1314);
#1317=CARTESIAN_POINT('',(0.E0,5.5E0,0.E0));
#1318=DIRECTION('',(0.E0,1.E0,0.E0));
#1319=DIRECTION('',(0.E0,0.E0,-1.E0));
#1320=AXIS2_PLACEMENT_3D('',#1317,#1318,#1319);
#1322=CARTESIAN_POINT('',(0.E0,5.5E0,0.E0));
#1323=DIRECTION('',(0.E0,1.E0,0.E0));
#1324=DIRECTION('',(0.E0,0.E0,1.E0));
#1325=AXIS2_PLACEMENT_3D('',#1322,#1323,#1324);
#1327=DIRECTION('',(0.E0,7.071067811865E-1,-7.071067811865E-1));
#1328=VECTOR('',#1327,3.535533905933E-1);
#1329=CARTESIAN_POINT('',(0.E0,7.25E0,-3.45E0));
#1330=LINE('',#1329,#1328);
#1331=DIRECTION('',(0.E0,7.071067811865E-1,7.071067811865E-1));
#1332=VECTOR('',#1331,3.535533905933E-1);
#1333=CARTESIAN_POINT('',(0.E0,7.25E0,-3.45E0));
#1334=LINE('',#1333,#1332);
#1335=CARTESIAN_POINT('',(0.E0,5.75E0,-6.E0));
#1336=DIRECTION('',(0.E0,1.E0,0.E0));
#1337=DIRECTION('',(1.E0,0.E0,0.E0));
#1338=AXIS2_PLACEMENT_3D('',#1335,#1336,#1337);
#1340=DIRECTION('',(-7.071067811865E-1,7.071067811865E-1,0.E0));
#1341=VECTOR('',#1340,3.535533905933E-1);
#1342=CARTESIAN_POINT('',(-8.E-1,5.75E0,-6.E0));
#1343=LINE('',#1342,#1341);
#1344=CARTESIAN_POINT('',(0.E0,5.75E0,-6.E0));
#1345=DIRECTION('',(0.E0,-1.E0,0.E0));
#1346=DIRECTION('',(1.E0,0.E0,0.E0));
#1347=AXIS2_PLACEMENT_3D('',#1344,#1345,#1346);
#1349=DIRECTION('',(7.071067811865E-1,7.071067811865E-1,0.E0));
#1350=VECTOR('',#1349,3.535533905933E-1);
#1351=CARTESIAN_POINT('',(8.E-1,5.75E0,-6.E0));
#1352=LINE('',#1351,#1350);
#1353=DIRECTION('',(0.E0,1.E0,0.E0));
#1354=VECTOR('',#1353,5.75E0);
#1355=CARTESIAN_POINT('',(8.E-1,0.E0,-6.E0));
#1356=LINE('',#1355,#1354);
#1357=DIRECTION('',(0.E0,1.E0,0.E0));
#1358=VECTOR('',#1357,5.75E0);
#1359=CARTESIAN_POINT('',(-8.E-1,0.E0,-6.E0));
#1360=LINE('',#1359,#1358);
#1361=CARTESIAN_POINT('',(4.242640687119E0,5.75E0,-4.242640687119E0));
#1362=DIRECTION('',(0.E0,1.E0,0.E0));
#1363=DIRECTION('',(7.071067811865E-1,0.E0,7.071067811865E-1));
#1364=AXIS2_PLACEMENT_3D('',#1361,#1362,#1363);
#1366=DIRECTION('',(-5.E-1,7.071067811865E-1,-5.E-1));
#1367=VECTOR('',#1366,3.535533905933E-1);
#1368=CARTESIAN_POINT('',(3.676955262170E0,5.75E0,-4.808326112069E0));
#1369=LINE('',#1368,#1367);
#1370=CARTESIAN_POINT('',(4.242640687119E0,5.75E0,-4.242640687119E0));
#1371=DIRECTION('',(0.E0,-1.E0,0.E0));
#1372=DIRECTION('',(7.071067811865E-1,0.E0,7.071067811865E-1));
#1373=AXIS2_PLACEMENT_3D('',#1370,#1371,#1372);
#1375=DIRECTION('',(5.E-1,7.071067811865E-1,5.E-1));
#1376=VECTOR('',#1375,3.535533905933E-1);
#1377=CARTESIAN_POINT('',(4.808326112069E0,5.75E0,-3.676955262170E0));
#1378=LINE('',#1377,#1376);
#1379=DIRECTION('',(0.E0,1.E0,0.E0));
#1380=VECTOR('',#1379,5.75E0);
#1381=CARTESIAN_POINT('',(4.808326112069E0,0.E0,-3.676955262170E0));
#1382=LINE('',#1381,#1380);
#1383=DIRECTION('',(0.E0,1.E0,0.E0));
#1384=VECTOR('',#1383,5.75E0);
#1385=CARTESIAN_POINT('',(3.676955262170E0,0.E0,-4.808326112069E0));
#1386=LINE('',#1385,#1384);
#1387=CARTESIAN_POINT('',(6.E0,5.75E0,0.E0));
#1388=DIRECTION('',(0.E0,1.E0,0.E0));
#1389=DIRECTION('',(0.E0,0.E0,1.E0));
#1390=AXIS2_PLACEMENT_3D('',#1387,#1388,#1389);
#1392=DIRECTION('',(0.E0,7.071067811865E-1,-7.071067811865E-1));
#1393=VECTOR('',#1392,3.535533905933E-1);
#1394=CARTESIAN_POINT('',(6.E0,5.75E0,-8.E-1));
#1395=LINE('',#1394,#1393);
#1396=CARTESIAN_POINT('',(6.E0,5.75E0,0.E0));
#1397=DIRECTION('',(0.E0,-1.E0,0.E0));
#1398=DIRECTION('',(0.E0,0.E0,1.E0));
#1399=AXIS2_PLACEMENT_3D('',#1396,#1397,#1398);
#1401=DIRECTION('',(0.E0,7.071067811865E-1,7.071067811865E-1));
#1402=VECTOR('',#1401,3.535533905933E-1);
#1403=CARTESIAN_POINT('',(6.E0,5.75E0,8.E-1));
#1404=LINE('',#1403,#1402);
#1405=DIRECTION('',(0.E0,1.E0,0.E0));
#1406=VECTOR('',#1405,5.75E0);
#1407=CARTESIAN_POINT('',(6.E0,0.E0,8.E-1));
#1408=LINE('',#1407,#1406);
#1409=DIRECTION('',(0.E0,1.E0,0.E0));
#1410=VECTOR('',#1409,5.75E0);
#1411=CARTESIAN_POINT('',(6.E0,0.E0,-8.E-1));
#1412=LINE('',#1411,#1410);
#1413=CARTESIAN_POINT('',(4.242640687119E0,5.75E0,4.242640687119E0));
#1414=DIRECTION('',(0.E0,1.E0,0.E0));
#1415=DIRECTION('',(-7.071067811865E-1,0.E0,7.071067811865E-1));
#1416=AXIS2_PLACEMENT_3D('',#1413,#1414,#1415);
#1418=DIRECTION('',(5.E-1,7.071067811865E-1,-5.E-1));
#1419=VECTOR('',#1418,3.535533905933E-1);
#1420=CARTESIAN_POINT('',(4.808326112069E0,5.75E0,3.676955262170E0));
#1421=LINE('',#1420,#1419);
#1422=CARTESIAN_POINT('',(4.242640687119E0,5.75E0,4.242640687119E0));
#1423=DIRECTION('',(0.E0,-1.E0,0.E0));
#1424=DIRECTION('',(-7.071067811865E-1,0.E0,7.071067811865E-1));
#1425=AXIS2_PLACEMENT_3D('',#1422,#1423,#1424);
#1427=DIRECTION('',(-5.E-1,7.071067811865E-1,5.E-1));
#1428=VECTOR('',#1427,3.535533905933E-1);
#1429=CARTESIAN_POINT('',(3.676955262170E0,5.75E0,4.808326112069E0));
#1430=LINE('',#1429,#1428);
#1431=DIRECTION('',(0.E0,1.E0,0.E0));
#1432=VECTOR('',#1431,5.75E0);
#1433=CARTESIAN_POINT('',(3.676955262170E0,0.E0,4.808326112069E0));
#1434=LINE('',#1433,#1432);
#1435=DIRECTION('',(0.E0,1.E0,0.E0));
#1436=VECTOR('',#1435,5.75E0);
#1437=CARTESIAN_POINT('',(4.808326112069E0,0.E0,3.676955262170E0));
#1438=LINE('',#1437,#1436);
#1439=CARTESIAN_POINT('',(0.E0,5.75E0,6.E0));
#1440=DIRECTION('',(0.E0,1.E0,0.E0));
#1441=DIRECTION('',(-1.E0,0.E0,0.E0));
#1442=AXIS2_PLACEMENT_3D('',#1439,#1440,#1441);
#1444=DIRECTION('',(7.071067811865E-1,7.071067811865E-1,0.E0));
#1445=VECTOR('',#1444,3.535533905933E-1);
#1446=CARTESIAN_POINT('',(8.E-1,5.75E0,6.E0));
#1447=LINE('',#1446,#1445);
#1448=CARTESIAN_POINT('',(0.E0,5.75E0,6.E0));
#1449=DIRECTION('',(0.E0,-1.E0,0.E0));
#1450=DIRECTION('',(-1.E0,0.E0,0.E0));
#1451=AXIS2_PLACEMENT_3D('',#1448,#1449,#1450);
#1453=DIRECTION('',(-7.071067811865E-1,7.071067811865E-1,0.E0));
#1454=VECTOR('',#1453,3.535533905933E-1);
#1455=CARTESIAN_POINT('',(-8.E-1,5.75E0,6.E0));
#1456=LINE('',#1455,#1454);
#1457=DIRECTION('',(0.E0,1.E0,0.E0));
#1458=VECTOR('',#1457,5.75E0);
#1459=CARTESIAN_POINT('',(-8.E-1,0.E0,6.E0));
#1460=LINE('',#1459,#1458);
#1461=DIRECTION('',(0.E0,1.E0,0.E0));
#1462=VECTOR('',#1461,5.75E0);
#1463=CARTESIAN_POINT('',(8.E-1,0.E0,6.E0));
#1464=LINE('',#1463,#1462);
#1465=CARTESIAN_POINT('',(-4.242640687119E0,5.75E0,4.242640687119E0));
#1466=DIRECTION('',(0.E0,1.E0,0.E0));
#1467=DIRECTION('',(-7.071067811865E-1,0.E0,-7.071067811865E-1));
#1468=AXIS2_PLACEMENT_3D('',#1465,#1466,#1467);
#1470=DIRECTION('',(5.E-1,7.071067811865E-1,5.E-1));
#1471=VECTOR('',#1470,3.535533905933E-1);
#1472=CARTESIAN_POINT('',(-3.676955262170E0,5.75E0,4.808326112069E0));
#1473=LINE('',#1472,#1471);
#1474=CARTESIAN_POINT('',(-4.242640687119E0,5.75E0,4.242640687119E0));
#1475=DIRECTION('',(0.E0,-1.E0,0.E0));
#1476=DIRECTION('',(-7.071067811865E-1,0.E0,-7.071067811865E-1));
#1477=AXIS2_PLACEMENT_3D('',#1474,#1475,#1476);
#1479=DIRECTION('',(-5.E-1,7.071067811865E-1,-5.E-1));
#1480=VECTOR('',#1479,3.535533905933E-1);
#1481=CARTESIAN_POINT('',(-4.808326112069E0,5.75E0,3.676955262170E0));
#1482=LINE('',#1481,#1480);
#1483=DIRECTION('',(0.E0,1.E0,0.E0));
#1484=VECTOR('',#1483,5.75E0);
#1485=CARTESIAN_POINT('',(-4.808326112069E0,0.E0,3.676955262170E0));
#1486=LINE('',#1485,#1484);
#1487=DIRECTION('',(0.E0,1.E0,0.E0));
#1488=VECTOR('',#1487,5.75E0);
#1489=CARTESIAN_POINT('',(-3.676955262170E0,0.E0,4.808326112069E0));
#1490=LINE('',#1489,#1488);
#1491=CARTESIAN_POINT('',(-6.E0,5.75E0,0.E0));
#1492=DIRECTION('',(0.E0,1.E0,0.E0));
#1493=DIRECTION('',(0.E0,0.E0,-1.E0));
#1494=AXIS2_PLACEMENT_3D('',#1491,#1492,#1493);
#1496=DIRECTION('',(0.E0,7.071067811865E-1,7.071067811865E-1));
#1497=VECTOR('',#1496,3.535533905933E-1);
#1498=CARTESIAN_POINT('',(-6.E0,5.75E0,8.E-1));
#1499=LINE('',#1498,#1497);
#1500=CARTESIAN_POINT('',(-6.E0,5.75E0,0.E0));
#1501=DIRECTION('',(0.E0,-1.E0,0.E0));
#1502=DIRECTION('',(0.E0,0.E0,-1.E0));
#1503=AXIS2_PLACEMENT_3D('',#1500,#1501,#1502);
#1505=DIRECTION('',(0.E0,7.071067811865E-1,-7.071067811865E-1));
#1506=VECTOR('',#1505,3.535533905933E-1);
#1507=CARTESIAN_POINT('',(-6.E0,5.75E0,-8.E-1));
#1508=LINE('',#1507,#1506);
#1509=DIRECTION('',(0.E0,1.E0,0.E0));
#1510=VECTOR('',#1509,5.75E0);
#1511=CARTESIAN_POINT('',(-6.E0,0.E0,-8.E-1));
#1512=LINE('',#1511,#1510);
#1513=DIRECTION('',(0.E0,1.E0,0.E0));
#1514=VECTOR('',#1513,5.75E0);
#1515=CARTESIAN_POINT('',(-6.E0,0.E0,8.E-1));
#1516=LINE('',#1515,#1514);
#1517=CARTESIAN_POINT('',(-4.242640687119E0,5.75E0,-4.242640687119E0));
#1518=DIRECTION('',(0.E0,1.E0,0.E0));
#1519=DIRECTION('',(7.071067811865E-1,0.E0,-7.071067811865E-1));
#1520=AXIS2_PLACEMENT_3D('',#1517,#1518,#1519);
#1522=DIRECTION('',(-5.E-1,7.071067811865E-1,5.E-1));
#1523=VECTOR('',#1522,3.535533905933E-1);
#1524=CARTESIAN_POINT('',(-4.808326112069E0,5.75E0,-3.676955262170E0));
#1525=LINE('',#1524,#1523);
#1526=CARTESIAN_POINT('',(-4.242640687119E0,5.75E0,-4.242640687119E0));
#1527=DIRECTION('',(0.E0,-1.E0,0.E0));
#1528=DIRECTION('',(7.071067811865E-1,0.E0,-7.071067811865E-1));
#1529=AXIS2_PLACEMENT_3D('',#1526,#1527,#1528);
#1531=DIRECTION('',(5.E-1,7.071067811865E-1,-5.E-1));
#1532=VECTOR('',#1531,3.535533905933E-1);
#1533=CARTESIAN_POINT('',(-3.676955262170E0,5.75E0,-4.808326112069E0));
#1534=LINE('',#1533,#1532);
#1535=DIRECTION('',(0.E0,1.E0,0.E0));
#1536=VECTOR('',#1535,5.75E0);
#1537=CARTESIAN_POINT('',(-3.676955262170E0,0.E0,-4.808326112069E0));
#1538=LINE('',#1537,#1536);
#1539=DIRECTION('',(0.E0,1.E0,0.E0));
#1540=VECTOR('',#1539,5.75E0);
#1541=CARTESIAN_POINT('',(-4.808326112069E0,0.E0,-3.676955262170E0));
#1542=LINE('',#1541,#1540);
#1543=DIRECTION('',(-7.071067811865E-1,-7.071067811865E-1,-9.076199468902E-10));
#1544=VECTOR('',#1543,2.828427124893E-1);
#1545=CARTESIAN_POINT('',(-7.299999999955E0,6.000000000045E0,
1.118810891913E-9));
#1546=LINE('',#1545,#1544);
#1547=CARTESIAN_POINT('',(0.E0,2.9E0,2.821747544340E0));
#1548=DIRECTION('',(0.E0,-1.E0,0.E0));
#1549=DIRECTION('',(6.946583704590E-1,0.E0,7.193398003386E-1));
#1550=AXIS2_PLACEMENT_3D('',#1547,#1548,#1549);
#1552=DIRECTION('',(0.E0,1.E0,0.E0));
#1553=VECTOR('',#1552,3.044515204143E0);
#1554=CARTESIAN_POINT('',(6.946583704590E-2,-1.445152041434E-1,
2.893681524374E0));
#1555=LINE('',#1554,#1553);
#1556=DIRECTION('',(-7.193398003387E-1,0.E0,-6.946583704590E-1));
#1557=VECTOR('',#1556,3.006410103323E-1);
#1558=CARTESIAN_POINT('',(-6.946583704590E-2,2.9E0,2.893681524374E0));
#1559=LINE('',#1558,#1557);
#1560=DIRECTION('',(0.E0,1.E0,0.E0));
#1561=VECTOR('',#1560,3.044515204143E0);
#1562=CARTESIAN_POINT('',(-6.946583704590E-2,-1.445152041434E-1,
2.893681524374E0));
#1563=LINE('',#1562,#1561);
#1564=DIRECTION('',(-7.193398003386E-1,0.E0,6.946583704590E-1));
#1565=VECTOR('',#1564,3.006410103323E-1);
#1566=CARTESIAN_POINT('',(2.857288813920E-1,2.9E0,2.684838730043E0));
#1567=LINE('',#1566,#1565);
#1568=DIRECTION('',(-8.987940462992E-1,0.E0,4.383711467891E-1));
#1569=VECTOR('',#1568,3.006410103323E-1);
#1570=CARTESIAN_POINT('',(-5.579164801977E-1,2.9E0,2.641728449543E0));
#1571=LINE('',#1570,#1569);
#1572=CARTESIAN_POINT('',(-8.719679450367E-1,2.9E0,2.683641389384E0));
#1573=DIRECTION('',(0.E0,-1.E0,0.E0));
#1574=DIRECTION('',(4.383711467891E-1,0.E0,8.987940462992E-1));
#1575=AXIS2_PLACEMENT_3D('',#1572,#1573,#1574);
#1577=DIRECTION('',(0.E0,1.E0,0.E0));
#1578=VECTOR('',#1577,3.044515204143E0);
#1579=CARTESIAN_POINT('',(-8.281308303578E-1,-1.445152041434E-1,
2.773520794014E0));
#1580=LINE('',#1579,#1578);
#1581=DIRECTION('',(-4.694715627859E-1,0.E0,-8.829475928589E-1));
#1582=VECTOR('',#1581,3.006410103323E-1);
#1583=CARTESIAN_POINT('',(-9.602627043226E-1,2.9E0,2.730588545663E0));
#1584=LINE('',#1583,#1582);
#1585=DIRECTION('',(0.E0,1.E0,0.E0));
#1586=VECTOR('',#1585,3.044515204143E0);
#1587=CARTESIAN_POINT('',(-9.602627043226E-1,-1.445152041434E-1,
2.730588545663E0));
#1588=LINE('',#1587,#1586);
#1589=DIRECTION('',(-9.902680687416E-1,0.E0,1.391731009601E-1));
#1590=VECTOR('',#1589,3.006410103323E-1);
#1591=CARTESIAN_POINT('',(-1.346949089473E0,2.9E0,2.340027382397E0));
#1592=LINE('',#1591,#1590);
#1593=CARTESIAN_POINT('',(-1.658581592255E0,2.9E0,2.282841717207E0));
#1594=DIRECTION('',(0.E0,-1.E0,0.E0));
#1595=DIRECTION('',(1.391731009601E-1,0.E0,9.902680687416E-1));
#1596=AXIS2_PLACEMENT_3D('',#1593,#1594,#1595);
#1598=DIRECTION('',(0.E0,1.E0,0.E0));
#1599=VECTOR('',#1598,3.044515204143E0);
#1600=CARTESIAN_POINT('',(-1.644664282159E0,-1.445152041434E-1,
2.381868524081E0));
#1601=LINE('',#1600,#1599);
#1602=DIRECTION('',(-1.736481776669E-1,0.E0,-9.848077530122E-1));
#1603=VECTOR('',#1602,3.006410103323E-1);
#1604=CARTESIAN_POINT('',(-1.757062367557E0,2.9E0,2.300206534973E0));
#1605=LINE('',#1604,#1603);
#1606=DIRECTION('',(0.E0,1.E0,0.E0));
#1607=VECTOR('',#1606,3.044515204143E0);
#1608=CARTESIAN_POINT('',(-1.757062367557E0,-1.445152041434E-1,
2.300206534973E0));
#1609=LINE('',#1608,#1607);
#1610=DIRECTION('',(-9.848077530122E-1,0.E0,-1.736481776669E-1));
#1611=VECTOR('',#1610,3.006410103323E-1);
#1612=CARTESIAN_POINT('',(-2.004132937125E0,2.9E0,1.809268131133E0));
#1613=LINE('',#1612,#1611);
#1614=CARTESIAN_POINT('',(-2.282841717207E0,2.9E0,1.658581592255E0));
#1615=DIRECTION('',(0.E0,-1.E0,0.E0));
#1616=DIRECTION('',(-1.736481776669E-1,0.E0,9.848077530122E-1));
#1617=AXIS2_PLACEMENT_3D('',#1614,#1615,#1616);
#1619=DIRECTION('',(0.E0,1.E0,0.E0));
#1620=VECTOR('',#1619,3.044515204143E0);
#1621=CARTESIAN_POINT('',(-2.300206534973E0,-1.445152041434E-1,
1.757062367557E0));
#1622=LINE('',#1621,#1620);
#1623=DIRECTION('',(1.391731009601E-1,0.E0,-9.902680687416E-1));
#1624=VECTOR('',#1623,3.006410103323E-1);
#1625=CARTESIAN_POINT('',(-2.381868524081E0,2.9E0,1.644664282159E0));
#1626=LINE('',#1625,#1624);
#1627=DIRECTION('',(0.E0,1.E0,0.E0));
#1628=VECTOR('',#1627,3.044515204143E0);
#1629=CARTESIAN_POINT('',(-2.381868524081E0,-1.445152041434E-1,
1.644664282159E0));
#1630=LINE('',#1629,#1628);
#1631=DIRECTION('',(-8.829475928589E-1,0.E0,-4.694715627859E-1));
#1632=VECTOR('',#1631,3.006410103323E-1);
#1633=CARTESIAN_POINT('',(-2.465138289275E0,2.9E0,1.101405109281E0));
#1634=LINE('',#1633,#1632);
#1635=CARTESIAN_POINT('',(-2.683641389384E0,2.9E0,8.719679450367E-1));
#1636=DIRECTION('',(0.E0,-1.E0,0.E0));
#1637=DIRECTION('',(-4.694715627859E-1,0.E0,8.829475928589E-1));
#1638=AXIS2_PLACEMENT_3D('',#1635,#1636,#1637);
#1640=DIRECTION('',(0.E0,1.E0,0.E0));
#1641=VECTOR('',#1640,3.044515204143E0);
#1642=CARTESIAN_POINT('',(-2.730588545663E0,-1.445152041434E-1,
9.602627043226E-1));
#1643=LINE('',#1642,#1641);
#1644=DIRECTION('',(4.383711467891E-1,0.E0,-8.987940462992E-1));
#1645=VECTOR('',#1644,3.006410103323E-1);
#1646=CARTESIAN_POINT('',(-2.773520794014E0,2.9E0,8.281308303578E-1));
#1647=LINE('',#1646,#1645);
#1648=DIRECTION('',(0.E0,1.E0,0.E0));
#1649=VECTOR('',#1648,3.044515204143E0);
#1650=CARTESIAN_POINT('',(-2.773520794014E0,-1.445152041434E-1,
8.281308303578E-1));
#1651=LINE('',#1650,#1649);
#1652=DIRECTION('',(-6.946583704590E-1,0.E0,-7.193398003386E-1));
#1653=VECTOR('',#1652,3.006410103323E-1);
#1654=CARTESIAN_POINT('',(-2.684838730043E0,2.9E0,2.857288813920E-1));
#1655=LINE('',#1654,#1653);
#1656=CARTESIAN_POINT('',(-2.821747544340E0,2.9E0,0.E0));
#1657=DIRECTION('',(0.E0,-1.E0,0.E0));
#1658=DIRECTION('',(-7.193398003386E-1,0.E0,6.946583704590E-1));
#1659=AXIS2_PLACEMENT_3D('',#1656,#1657,#1658);
#1661=DIRECTION('',(0.E0,1.E0,0.E0));
#1662=VECTOR('',#1661,3.044515204143E0);
#1663=CARTESIAN_POINT('',(-2.893681524374E0,-1.445152041434E-1,
6.946583704590E-2));
#1664=LINE('',#1663,#1662);
#1665=DIRECTION('',(6.946583704590E-1,0.E0,-7.193398003387E-1));
#1666=VECTOR('',#1665,3.006410103323E-1);
#1667=CARTESIAN_POINT('',(-2.893681524374E0,2.9E0,-6.946583704590E-2));
#1668=LINE('',#1667,#1666);
#1669=DIRECTION('',(0.E0,1.E0,0.E0));
#1670=VECTOR('',#1669,3.044515204143E0);
#1671=CARTESIAN_POINT('',(-2.893681524374E0,-1.445152041434E-1,
-6.946583704590E-2));
#1672=LINE('',#1671,#1670);
#1673=DIRECTION('',(-4.383711467891E-1,0.E0,-8.987940462992E-1));
#1674=VECTOR('',#1673,3.006410103323E-1);
#1675=CARTESIAN_POINT('',(-2.641728449543E0,2.9E0,-5.579164801977E-1));
#1676=LINE('',#1675,#1674);
#1677=CARTESIAN_POINT('',(-2.683641389384E0,2.9E0,-8.719679450367E-1));
#1678=DIRECTION('',(0.E0,-1.E0,0.E0));
#1679=DIRECTION('',(-8.987940462992E-1,0.E0,4.383711467891E-1));
#1680=AXIS2_PLACEMENT_3D('',#1677,#1678,#1679);
#1682=DIRECTION('',(0.E0,1.E0,0.E0));
#1683=VECTOR('',#1682,3.044515204143E0);
#1684=CARTESIAN_POINT('',(-2.773520794014E0,-1.445152041434E-1,
-8.281308303578E-1));
#1685=LINE('',#1684,#1683);
#1686=DIRECTION('',(8.829475928589E-1,0.E0,-4.694715627859E-1));
#1687=VECTOR('',#1686,3.006410103323E-1);
#1688=CARTESIAN_POINT('',(-2.730588545663E0,2.9E0,-9.602627043226E-1));
#1689=LINE('',#1688,#1687);
#1690=DIRECTION('',(0.E0,1.E0,0.E0));
#1691=VECTOR('',#1690,3.044515204143E0);
#1692=CARTESIAN_POINT('',(-2.730588545663E0,-1.445152041434E-1,
-9.602627043226E-1));
#1693=LINE('',#1692,#1691);
#1694=DIRECTION('',(-1.391731009601E-1,0.E0,-9.902680687416E-1));
#1695=VECTOR('',#1694,3.006410103323E-1);
#1696=CARTESIAN_POINT('',(-2.340027382397E0,2.9E0,-1.346949089473E0));
#1697=LINE('',#1696,#1695);
#1698=CARTESIAN_POINT('',(-2.282841717207E0,2.9E0,-1.658581592255E0));
#1699=DIRECTION('',(0.E0,-1.E0,0.E0));
#1700=DIRECTION('',(-9.902680687416E-1,0.E0,1.391731009601E-1));
#1701=AXIS2_PLACEMENT_3D('',#1698,#1699,#1700);
#1703=DIRECTION('',(0.E0,1.E0,0.E0));
#1704=VECTOR('',#1703,3.044515204143E0);
#1705=CARTESIAN_POINT('',(-2.381868524081E0,-1.445152041434E-1,
-1.644664282159E0));
#1706=LINE('',#1705,#1704);
#1707=DIRECTION('',(9.848077530122E-1,0.E0,-1.736481776669E-1));
#1708=VECTOR('',#1707,3.006410103323E-1);
#1709=CARTESIAN_POINT('',(-2.300206534973E0,2.9E0,-1.757062367557E0));
#1710=LINE('',#1709,#1708);
#1711=DIRECTION('',(0.E0,1.E0,0.E0));
#1712=VECTOR('',#1711,3.044515204143E0);
#1713=CARTESIAN_POINT('',(-2.300206534973E0,-1.445152041434E-1,
-1.757062367557E0));
#1714=LINE('',#1713,#1712);
#1715=DIRECTION('',(1.736481776669E-1,0.E0,-9.848077530122E-1));
#1716=VECTOR('',#1715,3.006410103323E-1);
#1717=CARTESIAN_POINT('',(-1.809268131133E0,2.9E0,-2.004132937125E0));
#1718=LINE('',#1717,#1716);
#1719=CARTESIAN_POINT('',(-1.658581592255E0,2.9E0,-2.282841717207E0));
#1720=DIRECTION('',(0.E0,-1.E0,0.E0));
#1721=DIRECTION('',(-9.848077530122E-1,0.E0,-1.736481776669E-1));
#1722=AXIS2_PLACEMENT_3D('',#1719,#1720,#1721);
#1724=DIRECTION('',(0.E0,1.E0,0.E0));
#1725=VECTOR('',#1724,3.044515204143E0);
#1726=CARTESIAN_POINT('',(-1.757062367557E0,-1.445152041434E-1,
-2.300206534973E0));
#1727=LINE('',#1726,#1725);
#1728=DIRECTION('',(9.902680687416E-1,0.E0,1.391731009601E-1));
#1729=VECTOR('',#1728,3.006410103323E-1);
#1730=CARTESIAN_POINT('',(-1.644664282159E0,2.9E0,-2.381868524081E0));
#1731=LINE('',#1730,#1729);
#1732=DIRECTION('',(0.E0,1.E0,0.E0));
#1733=VECTOR('',#1732,3.044515204143E0);
#1734=CARTESIAN_POINT('',(-1.644664282159E0,-1.445152041434E-1,
-2.381868524081E0));
#1735=LINE('',#1734,#1733);
#1736=DIRECTION('',(4.694715627859E-1,0.E0,-8.829475928589E-1));
#1737=VECTOR('',#1736,3.006410103323E-1);
#1738=CARTESIAN_POINT('',(-1.101405109281E0,2.9E0,-2.465138289275E0));
#1739=LINE('',#1738,#1737);
#1740=CARTESIAN_POINT('',(-8.719679450367E-1,2.9E0,-2.683641389384E0));
#1741=DIRECTION('',(0.E0,-1.E0,0.E0));
#1742=DIRECTION('',(-8.829475928589E-1,0.E0,-4.694715627859E-1));
#1743=AXIS2_PLACEMENT_3D('',#1740,#1741,#1742);
#1745=DIRECTION('',(0.E0,1.E0,0.E0));
#1746=VECTOR('',#1745,3.044515204143E0);
#1747=CARTESIAN_POINT('',(-9.602627043226E-1,-1.445152041434E-1,
-2.730588545663E0));
#1748=LINE('',#1747,#1746);
#1749=DIRECTION('',(8.987940462992E-1,0.E0,4.383711467891E-1));
#1750=VECTOR('',#1749,3.006410103323E-1);
#1751=CARTESIAN_POINT('',(-8.281308303578E-1,2.9E0,-2.773520794014E0));
#1752=LINE('',#1751,#1750);
#1753=DIRECTION('',(0.E0,1.E0,0.E0));
#1754=VECTOR('',#1753,3.044515204143E0);
#1755=CARTESIAN_POINT('',(-8.281308303578E-1,-1.445152041434E-1,
-2.773520794014E0));
#1756=LINE('',#1755,#1754);
#1757=DIRECTION('',(7.193398003386E-1,0.E0,-6.946583704590E-1));
#1758=VECTOR('',#1757,3.006410103323E-1);
#1759=CARTESIAN_POINT('',(-2.857288813920E-1,2.9E0,-2.684838730043E0));
#1760=LINE('',#1759,#1758);
#1761=CARTESIAN_POINT('',(0.E0,2.9E0,-2.821747544340E0));
#1762=DIRECTION('',(0.E0,-1.E0,0.E0));
#1763=DIRECTION('',(-6.946583704590E-1,0.E0,-7.193398003387E-1));
#1764=AXIS2_PLACEMENT_3D('',#1761,#1762,#1763);
#1766=DIRECTION('',(0.E0,1.E0,0.E0));
#1767=VECTOR('',#1766,3.044515204143E0);
#1768=CARTESIAN_POINT('',(-6.946583704590E-2,-1.445152041434E-1,
-2.893681524374E0));
#1769=LINE('',#1768,#1767);
#1770=DIRECTION('',(7.193398003386E-1,0.E0,6.946583704590E-1));
#1771=VECTOR('',#1770,3.006410103323E-1);
#1772=CARTESIAN_POINT('',(6.946583704590E-2,2.9E0,-2.893681524374E0));
#1773=LINE('',#1772,#1771);
#1774=DIRECTION('',(0.E0,1.E0,0.E0));
#1775=VECTOR('',#1774,3.044515204143E0);
#1776=CARTESIAN_POINT('',(6.946583704590E-2,-1.445152041434E-1,
-2.893681524374E0));
#1777=LINE('',#1776,#1775);
#1778=DIRECTION('',(9.902680687416E-1,0.E0,-1.391731009601E-1));
#1779=VECTOR('',#1778,3.006410103323E-1);
#1780=CARTESIAN_POINT('',(1.346949089473E0,2.9E0,-2.340027382397E0));
#1781=LINE('',#1780,#1779);
#1782=CARTESIAN_POINT('',(1.658581592255E0,2.9E0,-2.282841717207E0));
#1783=DIRECTION('',(0.E0,-1.E0,0.E0));
#1784=DIRECTION('',(-1.391731009601E-1,0.E0,-9.902680687416E-1));
#1785=AXIS2_PLACEMENT_3D('',#1782,#1783,#1784);
#1787=DIRECTION('',(0.E0,1.E0,0.E0));
#1788=VECTOR('',#1787,3.044515204143E0);
#1789=CARTESIAN_POINT('',(1.644664282159E0,-1.445152041434E-1,
-2.381868524081E0));
#1790=LINE('',#1789,#1788);
#1791=DIRECTION('',(1.736481776669E-1,0.E0,9.848077530122E-1));
#1792=VECTOR('',#1791,3.006410103323E-1);
#1793=CARTESIAN_POINT('',(1.757062367557E0,2.9E0,-2.300206534973E0));
#1794=LINE('',#1793,#1792);
#1795=DIRECTION('',(0.E0,1.E0,0.E0));
#1796=VECTOR('',#1795,3.044515204143E0);
#1797=CARTESIAN_POINT('',(1.757062367557E0,-1.445152041434E-1,
-2.300206534973E0));
#1798=LINE('',#1797,#1796);
#1799=DIRECTION('',(9.848077530122E-1,0.E0,1.736481776669E-1));
#1800=VECTOR('',#1799,3.006410103323E-1);
#1801=CARTESIAN_POINT('',(2.004132937125E0,2.9E0,-1.809268131133E0));
#1802=LINE('',#1801,#1800);
#1803=CARTESIAN_POINT('',(2.282841717207E0,2.9E0,-1.658581592255E0));
#1804=DIRECTION('',(0.E0,-1.E0,0.E0));
#1805=DIRECTION('',(1.736481776669E-1,0.E0,-9.848077530122E-1));
#1806=AXIS2_PLACEMENT_3D('',#1803,#1804,#1805);
#1808=DIRECTION('',(0.E0,1.E0,0.E0));
#1809=VECTOR('',#1808,3.044515204143E0);
#1810=CARTESIAN_POINT('',(2.300206534973E0,-1.445152041434E-1,
-1.757062367557E0));
#1811=LINE('',#1810,#1809);
#1812=DIRECTION('',(-1.391731009601E-1,0.E0,9.902680687416E-1));
#1813=VECTOR('',#1812,3.006410103323E-1);
#1814=CARTESIAN_POINT('',(2.381868524081E0,2.9E0,-1.644664282159E0));
#1815=LINE('',#1814,#1813);
#1816=DIRECTION('',(0.E0,1.E0,0.E0));
#1817=VECTOR('',#1816,3.044515204143E0);
#1818=CARTESIAN_POINT('',(2.381868524081E0,-1.445152041434E-1,
-1.644664282159E0));
#1819=LINE('',#1818,#1817);
#1820=DIRECTION('',(8.829475928589E-1,0.E0,4.694715627859E-1));
#1821=VECTOR('',#1820,3.006410103323E-1);
#1822=CARTESIAN_POINT('',(2.465138289275E0,2.9E0,-1.101405109281E0));
#1823=LINE('',#1822,#1821);
#1824=CARTESIAN_POINT('',(2.683641389384E0,2.9E0,-8.719679450367E-1));
#1825=DIRECTION('',(0.E0,-1.E0,0.E0));
#1826=DIRECTION('',(4.694715627859E-1,0.E0,-8.829475928589E-1));
#1827=AXIS2_PLACEMENT_3D('',#1824,#1825,#1826);
#1829=DIRECTION('',(0.E0,1.E0,0.E0));
#1830=VECTOR('',#1829,3.044515204143E0);
#1831=CARTESIAN_POINT('',(2.730588545663E0,-1.445152041434E-1,
-9.602627043226E-1));
#1832=LINE('',#1831,#1830);
#1833=DIRECTION('',(-4.383711467891E-1,0.E0,8.987940462992E-1));
#1834=VECTOR('',#1833,3.006410103323E-1);
#1835=CARTESIAN_POINT('',(2.773520794014E0,2.9E0,-8.281308303578E-1));
#1836=LINE('',#1835,#1834);
#1837=DIRECTION('',(0.E0,1.E0,0.E0));
#1838=VECTOR('',#1837,3.044515204143E0);
#1839=CARTESIAN_POINT('',(2.773520794014E0,-1.445152041434E-1,
-8.281308303578E-1));
#1840=LINE('',#1839,#1838);
#1841=DIRECTION('',(6.946583704590E-1,0.E0,7.193398003386E-1));
#1842=VECTOR('',#1841,3.006410103323E-1);
#1843=CARTESIAN_POINT('',(2.684838730043E0,2.9E0,-2.857288813920E-1));
#1844=LINE('',#1843,#1842);
#1845=CARTESIAN_POINT('',(2.821747544340E0,2.9E0,0.E0));
#1846=DIRECTION('',(0.E0,-1.E0,0.E0));
#1847=DIRECTION('',(7.193398003387E-1,0.E0,-6.946583704590E-1));
#1848=AXIS2_PLACEMENT_3D('',#1845,#1846,#1847);
#1850=DIRECTION('',(0.E0,1.E0,0.E0));
#1851=VECTOR('',#1850,3.044515204143E0);
#1852=CARTESIAN_POINT('',(2.893681524374E0,-1.445152041434E-1,
-6.946583704590E-2));
#1853=LINE('',#1852,#1851);
#1854=DIRECTION('',(-6.946583704590E-1,0.E0,7.193398003387E-1));
#1855=VECTOR('',#1854,3.006410103323E-1);
#1856=CARTESIAN_POINT('',(2.893681524374E0,2.9E0,6.946583704590E-2));
#1857=LINE('',#1856,#1855);
#1858=DIRECTION('',(0.E0,1.E0,0.E0));
#1859=VECTOR('',#1858,3.044515204143E0);
#1860=CARTESIAN_POINT('',(2.893681524374E0,-1.445152041434E-1,
6.946583704590E-2));
#1861=LINE('',#1860,#1859);
#1862=DIRECTION('',(4.383711467891E-1,0.E0,8.987940462992E-1));
#1863=VECTOR('',#1862,3.006410103323E-1);
#1864=CARTESIAN_POINT('',(2.641728449543E0,2.9E0,5.579164801977E-1));
#1865=LINE('',#1864,#1863);
#1866=CARTESIAN_POINT('',(2.683641389384E0,2.9E0,8.719679450367E-1));
#1867=DIRECTION('',(0.E0,-1.E0,0.E0));
#1868=DIRECTION('',(8.987940462992E-1,0.E0,-4.383711467891E-1));
#1869=AXIS2_PLACEMENT_3D('',#1866,#1867,#1868);
#1871=DIRECTION('',(0.E0,1.E0,0.E0));
#1872=VECTOR('',#1871,3.044515204143E0);
#1873=CARTESIAN_POINT('',(2.773520794014E0,-1.445152041434E-1,
8.281308303578E-1));
#1874=LINE('',#1873,#1872);
#1875=DIRECTION('',(-8.829475928589E-1,0.E0,4.694715627859E-1));
#1876=VECTOR('',#1875,3.006410103323E-1);
#1877=CARTESIAN_POINT('',(2.730588545663E0,2.9E0,9.602627043226E-1));
#1878=LINE('',#1877,#1876);
#1879=DIRECTION('',(0.E0,1.E0,0.E0));
#1880=VECTOR('',#1879,3.044515204143E0);
#1881=CARTESIAN_POINT('',(2.730588545663E0,-1.445152041434E-1,
9.602627043226E-1));
#1882=LINE('',#1881,#1880);
#1883=DIRECTION('',(1.391731009601E-1,0.E0,9.902680687416E-1));
#1884=VECTOR('',#1883,3.006410103323E-1);
#1885=CARTESIAN_POINT('',(2.340027382397E0,2.9E0,1.346949089473E0));
#1886=LINE('',#1885,#1884);
#1887=CARTESIAN_POINT('',(2.282841717207E0,2.9E0,1.658581592255E0));
#1888=DIRECTION('',(0.E0,-1.E0,0.E0));
#1889=DIRECTION('',(9.902680687416E-1,0.E0,-1.391731009601E-1));
#1890=AXIS2_PLACEMENT_3D('',#1887,#1888,#1889);
#1892=DIRECTION('',(0.E0,1.E0,0.E0));
#1893=VECTOR('',#1892,3.044515204143E0);
#1894=CARTESIAN_POINT('',(2.381868524081E0,-1.445152041434E-1,
1.644664282159E0));
#1895=LINE('',#1894,#1893);
#1896=DIRECTION('',(-9.848077530122E-1,0.E0,1.736481776669E-1));
#1897=VECTOR('',#1896,3.006410103323E-1);
#1898=CARTESIAN_POINT('',(2.300206534973E0,2.9E0,1.757062367557E0));
#1899=LINE('',#1898,#1897);
#1900=DIRECTION('',(0.E0,1.E0,0.E0));
#1901=VECTOR('',#1900,3.044515204143E0);
#1902=CARTESIAN_POINT('',(2.300206534973E0,-1.445152041434E-1,
1.757062367557E0));
#1903=LINE('',#1902,#1901);
#1904=DIRECTION('',(-1.736481776669E-1,0.E0,9.848077530122E-1));
#1905=VECTOR('',#1904,3.006410103323E-1);
#1906=CARTESIAN_POINT('',(1.809268131133E0,2.9E0,2.004132937125E0));
#1907=LINE('',#1906,#1905);
#1908=CARTESIAN_POINT('',(1.658581592255E0,2.9E0,2.282841717207E0));
#1909=DIRECTION('',(0.E0,-1.E0,0.E0));
#1910=DIRECTION('',(9.848077530122E-1,0.E0,1.736481776669E-1));
#1911=AXIS2_PLACEMENT_3D('',#1908,#1909,#1910);
#1913=DIRECTION('',(0.E0,1.E0,0.E0));
#1914=VECTOR('',#1913,3.044515204143E0);
#1915=CARTESIAN_POINT('',(1.757062367557E0,-1.445152041434E-1,
2.300206534973E0));
#1916=LINE('',#1915,#1914);
#1917=DIRECTION('',(-9.902680687416E-1,0.E0,-1.391731009601E-1));
#1918=VECTOR('',#1917,3.006410103323E-1);
#1919=CARTESIAN_POINT('',(1.644664282159E0,2.9E0,2.381868524081E0));
#1920=LINE('',#1919,#1918);
#1921=DIRECTION('',(0.E0,1.E0,0.E0));
#1922=VECTOR('',#1921,3.044515204143E0);
#1923=CARTESIAN_POINT('',(1.644664282159E0,-1.445152041434E-1,
2.381868524081E0));
#1924=LINE('',#1923,#1922);
#1925=DIRECTION('',(-4.694715627859E-1,0.E0,8.829475928589E-1));
#1926=VECTOR('',#1925,3.006410103323E-1);
#1927=CARTESIAN_POINT('',(1.101405109281E0,2.9E0,2.465138289275E0));
#1928=LINE('',#1927,#1926);
#1929=CARTESIAN_POINT('',(8.719679450367E-1,2.9E0,2.683641389384E0));
#1930=DIRECTION('',(0.E0,-1.E0,0.E0));
#1931=DIRECTION('',(8.829475928589E-1,0.E0,4.694715627859E-1));
#1932=AXIS2_PLACEMENT_3D('',#1929,#1930,#1931);
#1934=DIRECTION('',(0.E0,1.E0,0.E0));
#1935=VECTOR('',#1934,3.044515204143E0);
#1936=CARTESIAN_POINT('',(9.602627043226E-1,-1.445152041434E-1,
2.730588545663E0));
#1937=LINE('',#1936,#1935);
#1938=DIRECTION('',(-8.987940462992E-1,0.E0,-4.383711467891E-1));
#1939=VECTOR('',#1938,3.006410103323E-1);
#1940=CARTESIAN_POINT('',(8.281308303578E-1,2.9E0,2.773520794014E0));
#1941=LINE('',#1940,#1939);
#1942=DIRECTION('',(0.E0,1.E0,0.E0));
#1943=VECTOR('',#1942,3.044515204143E0);
#1944=CARTESIAN_POINT('',(8.281308303578E-1,-1.445152041434E-1,
2.773520794014E0));
#1945=LINE('',#1944,#1943);
#1946=CARTESIAN_POINT('',(8.E-1,5.75E0,-6.E0));
#1947=CARTESIAN_POINT('',(-8.E-1,5.75E0,-6.E0));
#1948=VERTEX_POINT('',#1946);
#1949=VERTEX_POINT('',#1947);
#1950=CARTESIAN_POINT('',(1.05E0,6.E0,-6.E0));
#1951=CARTESIAN_POINT('',(-1.05E0,6.E0,-6.E0));
#1952=VERTEX_POINT('',#1950);
#1953=VERTEX_POINT('',#1951);
#1954=CARTESIAN_POINT('',(8.E-1,0.E0,-6.E0));
#1955=VERTEX_POINT('',#1954);
#1956=CARTESIAN_POINT('',(-8.E-1,0.E0,-6.E0));
#1957=VERTEX_POINT('',#1956);
#1958=CARTESIAN_POINT('',(0.E0,3.45E0,-1.55E0));
#1959=CARTESIAN_POINT('',(0.E0,3.45E0,1.55E0));
#1960=VERTEX_POINT('',#1958);
#1961=VERTEX_POINT('',#1959);
#1962=CARTESIAN_POINT('',(0.E0,0.E0,-4.45E0));
#1963=CARTESIAN_POINT('',(0.E0,0.E0,4.45E0));
#1964=VERTEX_POINT('',#1962);
#1965=VERTEX_POINT('',#1963);
#1966=CARTESIAN_POINT('',(0.E0,6.E0,-4.E0));
#1967=CARTESIAN_POINT('',(0.E0,6.E0,4.E0));
#1968=VERTEX_POINT('',#1966);
#1969=VERTEX_POINT('',#1967);
#1970=CARTESIAN_POINT('',(4.808326112069E0,5.75E0,-3.676955262170E0));
#1971=CARTESIAN_POINT('',(3.676955262170E0,5.75E0,-4.808326112069E0));
#1972=VERTEX_POINT('',#1970);
#1973=VERTEX_POINT('',#1971);
#1974=CARTESIAN_POINT('',(4.985102807365E0,6.E0,-3.500178566873E0));
#1975=CARTESIAN_POINT('',(3.500178566873E0,6.E0,-4.985102807365E0));
#1976=VERTEX_POINT('',#1974);
#1977=VERTEX_POINT('',#1975);
#1978=CARTESIAN_POINT('',(4.808326112069E0,0.E0,-3.676955262170E0));
#1979=VERTEX_POINT('',#1978);
#1980=CARTESIAN_POINT('',(3.676955262170E0,0.E0,-4.808326112069E0));
#1981=VERTEX_POINT('',#1980);
#1982=CARTESIAN_POINT('',(6.E0,5.75E0,8.E-1));
#1983=CARTESIAN_POINT('',(6.E0,5.75E0,-8.E-1));
#1984=VERTEX_POINT('',#1982);
#1985=VERTEX_POINT('',#1983);
#1986=CARTESIAN_POINT('',(6.E0,6.E0,1.05E0));
#1987=CARTESIAN_POINT('',(6.E0,6.E0,-1.05E0));
#1988=VERTEX_POINT('',#1986);
#1989=VERTEX_POINT('',#1987);
#1990=CARTESIAN_POINT('',(6.E0,0.E0,8.E-1));
#1991=VERTEX_POINT('',#1990);
#1992=CARTESIAN_POINT('',(6.E0,0.E0,-8.E-1));
#1993=VERTEX_POINT('',#1992);
#1994=CARTESIAN_POINT('',(3.676955262170E0,5.75E0,4.808326112069E0));
#1995=CARTESIAN_POINT('',(4.808326112069E0,5.75E0,3.676955262170E0));
#1996=VERTEX_POINT('',#1994);
#1997=VERTEX_POINT('',#1995);
#1998=CARTESIAN_POINT('',(3.500178566873E0,6.E0,4.985102807365E0));
#1999=CARTESIAN_POINT('',(4.985102807365E0,6.E0,3.500178566873E0));
#2000=VERTEX_POINT('',#1998);
#2001=VERTEX_POINT('',#1999);
#2002=CARTESIAN_POINT('',(3.676955262170E0,0.E0,4.808326112069E0));
#2003=VERTEX_POINT('',#2002);
#2004=CARTESIAN_POINT('',(4.808326112069E0,0.E0,3.676955262170E0));
#2005=VERTEX_POINT('',#2004);
#2006=CARTESIAN_POINT('',(-8.E-1,5.75E0,6.E0));
#2007=CARTESIAN_POINT('',(8.E-1,5.75E0,6.E0));
#2008=VERTEX_POINT('',#2006);
#2009=VERTEX_POINT('',#2007);
#2010=CARTESIAN_POINT('',(-1.05E0,6.E0,6.E0));
#2011=CARTESIAN_POINT('',(1.05E0,6.E0,6.E0));
#2012=VERTEX_POINT('',#2010);
#2013=VERTEX_POINT('',#2011);
#2014=CARTESIAN_POINT('',(-8.E-1,0.E0,6.E0));
#2015=VERTEX_POINT('',#2014);
#2016=CARTESIAN_POINT('',(8.E-1,0.E0,6.E0));
#2017=VERTEX_POINT('',#2016);
#2018=CARTESIAN_POINT('',(-4.808326112069E0,5.75E0,3.676955262170E0));
#2019=CARTESIAN_POINT('',(-3.676955262170E0,5.75E0,4.808326112069E0));
#2020=VERTEX_POINT('',#2018);
#2021=VERTEX_POINT('',#2019);
#2022=CARTESIAN_POINT('',(-4.985102807365E0,6.E0,3.500178566873E0));
#2023=CARTESIAN_POINT('',(-3.500178566873E0,6.E0,4.985102807365E0));
#2024=VERTEX_POINT('',#2022);
#2025=VERTEX_POINT('',#2023);
#2026=CARTESIAN_POINT('',(-4.808326112069E0,0.E0,3.676955262170E0));
#2027=VERTEX_POINT('',#2026);
#2028=CARTESIAN_POINT('',(-3.676955262170E0,0.E0,4.808326112069E0));
#2029=VERTEX_POINT('',#2028);
#2030=CARTESIAN_POINT('',(-6.E0,5.75E0,-8.E-1));
#2031=CARTESIAN_POINT('',(-6.E0,5.75E0,8.E-1));
#2032=VERTEX_POINT('',#2030);
#2033=VERTEX_POINT('',#2031);
#2034=CARTESIAN_POINT('',(-6.E0,6.E0,-1.05E0));
#2035=CARTESIAN_POINT('',(-6.E0,6.E0,1.05E0));
#2036=VERTEX_POINT('',#2034);
#2037=VERTEX_POINT('',#2035);
#2038=CARTESIAN_POINT('',(-6.E0,0.E0,-8.E-1));
#2039=VERTEX_POINT('',#2038);
#2040=CARTESIAN_POINT('',(-6.E0,0.E0,8.E-1));
#2041=VERTEX_POINT('',#2040);
#2042=CARTESIAN_POINT('',(-3.676955262170E0,5.75E0,-4.808326112069E0));
#2043=CARTESIAN_POINT('',(-4.808326112069E0,5.75E0,-3.676955262170E0));
#2044=VERTEX_POINT('',#2042);
#2045=VERTEX_POINT('',#2043);
#2046=CARTESIAN_POINT('',(-3.500178566873E0,6.E0,-4.985102807365E0));
#2047=CARTESIAN_POINT('',(-4.985102807365E0,6.E0,-3.500178566873E0));
#2048=VERTEX_POINT('',#2046);
#2049=VERTEX_POINT('',#2047);
#2050=CARTESIAN_POINT('',(-3.676955262170E0,0.E0,-4.808326112069E0));
#2051=VERTEX_POINT('',#2050);
#2052=CARTESIAN_POINT('',(-4.808326112069E0,0.E0,-3.676955262170E0));
#2053=VERTEX_POINT('',#2052);
#2054=CARTESIAN_POINT('',(0.E0,7.5E0,-3.8E0));
#2055=CARTESIAN_POINT('',(0.E0,7.5E0,3.8E0));
#2056=VERTEX_POINT('',#2054);
#2057=VERTEX_POINT('',#2055);
#2058=CARTESIAN_POINT('',(0.E0,7.3E0,-4.E0));
#2059=CARTESIAN_POINT('',(0.E0,7.3E0,4.E0));
#2060=VERTEX_POINT('',#2058);
#2061=VERTEX_POINT('',#2059);
#2062=CARTESIAN_POINT('',(0.E0,-2.E-1,-4.45E0));
#2063=CARTESIAN_POINT('',(0.E0,-2.E-1,4.45E0));
#2064=VERTEX_POINT('',#2062);
#2065=VERTEX_POINT('',#2063);
#2066=CARTESIAN_POINT('',(3.727457092028E-10,-4.000000001023E-1,
4.249999999898E0));
#2067=VERTEX_POINT('',#2066);
#2068=VERTEX_POINT('',#913);
#2069=VERTEX_POINT('',#918);
#2070=VERTEX_POINT('',#925);
#2071=VERTEX_POINT('',#461);
#2072=VERTEX_POINT('',#466);
#2073=VERTEX_POINT('',#483);
#2074=VERTEX_POINT('',#487);
#2075=VERTEX_POINT('',#468);
#2076=VERTEX_POINT('',#472);
#2077=VERTEX_POINT('',#504);
#2078=VERTEX_POINT('',#508);
#2079=VERTEX_POINT('',#489);
#2080=VERTEX_POINT('',#493);
#2081=VERTEX_POINT('',#525);
#2082=VERTEX_POINT('',#529);
#2083=VERTEX_POINT('',#510);
#2084=VERTEX_POINT('',#514);
#2085=VERTEX_POINT('',#546);
#2086=VERTEX_POINT('',#550);
#2087=VERTEX_POINT('',#531);
#2088=VERTEX_POINT('',#535);
#2089=VERTEX_POINT('',#567);
#2090=VERTEX_POINT('',#571);
#2091=VERTEX_POINT('',#552);
#2092=VERTEX_POINT('',#556);
#2093=VERTEX_POINT('',#588);
#2094=VERTEX_POINT('',#592);
#2095=VERTEX_POINT('',#573);
#2096=VERTEX_POINT('',#577);
#2097=VERTEX_POINT('',#609);
#2098=VERTEX_POINT('',#613);
#2099=VERTEX_POINT('',#594);
#2100=VERTEX_POINT('',#598);
#2101=VERTEX_POINT('',#630);
#2102=VERTEX_POINT('',#634);
#2103=VERTEX_POINT('',#615);
#2104=VERTEX_POINT('',#619);
#2105=VERTEX_POINT('',#651);
#2106=VERTEX_POINT('',#655);
#2107=VERTEX_POINT('',#636);
#2108=VERTEX_POINT('',#640);
#2109=VERTEX_POINT('',#717);
#2110=VERTEX_POINT('',#722);
#2111=VERTEX_POINT('',#710);
#2112=VERTEX_POINT('',#657);
#2113=VERTEX_POINT('',#662);
#2114=CARTESIAN_POINT('',(-2.148180177294E-10,-3.999999993888E-1,
3.149999999389E0));
#2115=VERTEX_POINT('',#2114);
#2116=VERTEX_POINT('',#739);
#2117=VERTEX_POINT('',#743);
#2118=VERTEX_POINT('',#724);
#2119=VERTEX_POINT('',#728);
#2120=VERTEX_POINT('',#760);
#2121=VERTEX_POINT('',#764);
#2122=VERTEX_POINT('',#745);
#2123=VERTEX_POINT('',#749);
#2124=VERTEX_POINT('',#781);
#2125=VERTEX_POINT('',#785);
#2126=VERTEX_POINT('',#766);
#2127=VERTEX_POINT('',#770);
#2128=VERTEX_POINT('',#802);
#2129=VERTEX_POINT('',#806);
#2130=VERTEX_POINT('',#787);
#2131=VERTEX_POINT('',#791);
#2132=VERTEX_POINT('',#823);
#2133=VERTEX_POINT('',#827);
#2134=VERTEX_POINT('',#808);
#2135=VERTEX_POINT('',#812);
#2136=VERTEX_POINT('',#844);
#2137=VERTEX_POINT('',#848);
#2138=VERTEX_POINT('',#829);
#2139=VERTEX_POINT('',#833);
#2140=VERTEX_POINT('',#865);
#2141=VERTEX_POINT('',#869);
#2142=VERTEX_POINT('',#850);
#2143=VERTEX_POINT('',#854);
#2144=VERTEX_POINT('',#886);
#2145=VERTEX_POINT('',#890);
#2146=VERTEX_POINT('',#871);
#2147=VERTEX_POINT('',#875);
#2148=VERTEX_POINT('',#907);
#2149=VERTEX_POINT('',#911);
#2150=VERTEX_POINT('',#892);
#2151=VERTEX_POINT('',#896);
#2152=CARTESIAN_POINT('',(-7.3E0,6.E0,0.E0));
#2153=CARTESIAN_POINT('',(7.3E0,6.E0,0.E0));
#2154=VERTEX_POINT('',#2152);
#2155=VERTEX_POINT('',#2153);
#2156=CARTESIAN_POINT('',(-7.5E0,5.8E0,0.E0));
#2157=CARTESIAN_POINT('',(7.5E0,5.8E0,0.E0));
#2158=VERTEX_POINT('',#2156);
#2159=VERTEX_POINT('',#2157);
#2160=CARTESIAN_POINT('',(3.E0,3.45E0,0.E0));
#2161=CARTESIAN_POINT('',(-3.E0,3.45E0,0.E0));
#2162=VERTEX_POINT('',#2160);
#2163=VERTEX_POINT('',#2161);
#2164=CARTESIAN_POINT('',(3.E0,2.9E0,0.E0));
#2165=CARTESIAN_POINT('',(-3.E0,2.9E0,0.E0));
#2166=VERTEX_POINT('',#2164);
#2167=VERTEX_POINT('',#2165);
#2168=CARTESIAN_POINT('',(2.857288813920E-1,2.9E0,-2.684838730043E0));
#2169=CARTESIAN_POINT('',(5.579164801977E-1,2.9E0,-2.641728449543E0));
#2170=VERTEX_POINT('',#2168);
#2171=VERTEX_POINT('',#2169);
#2172=CARTESIAN_POINT('',(1.101405109281E0,2.9E0,-2.465138289275E0));
#2173=CARTESIAN_POINT('',(1.346949089473E0,2.9E0,-2.340027382397E0));
#2174=VERTEX_POINT('',#2172);
#2175=VERTEX_POINT('',#2173);
#2176=CARTESIAN_POINT('',(1.809268131133E0,2.9E0,-2.004132937125E0));
#2177=CARTESIAN_POINT('',(2.004132937125E0,2.9E0,-1.809268131133E0));
#2178=VERTEX_POINT('',#2176);
#2179=VERTEX_POINT('',#2177);
#2180=CARTESIAN_POINT('',(2.340027382397E0,2.9E0,-1.346949089473E0));
#2181=CARTESIAN_POINT('',(2.465138289275E0,2.9E0,-1.101405109281E0));
#2182=VERTEX_POINT('',#2180);
#2183=VERTEX_POINT('',#2181);
#2184=CARTESIAN_POINT('',(2.641728449543E0,2.9E0,-5.579164801977E-1));
#2185=CARTESIAN_POINT('',(2.684838730043E0,2.9E0,-2.857288813920E-1));
#2186=VERTEX_POINT('',#2184);
#2187=VERTEX_POINT('',#2185);
#2188=CARTESIAN_POINT('',(2.684838730043E0,2.9E0,2.857288813920E-1));
#2189=CARTESIAN_POINT('',(2.641728449543E0,2.9E0,5.579164801977E-1));
#2190=VERTEX_POINT('',#2188);
#2191=VERTEX_POINT('',#2189);
#2192=CARTESIAN_POINT('',(2.465138289275E0,2.9E0,1.101405109281E0));
#2193=CARTESIAN_POINT('',(2.340027382397E0,2.9E0,1.346949089473E0));
#2194=VERTEX_POINT('',#2192);
#2195=VERTEX_POINT('',#2193);
#2196=CARTESIAN_POINT('',(2.004132937125E0,2.9E0,1.809268131133E0));
#2197=CARTESIAN_POINT('',(1.809268131133E0,2.9E0,2.004132937125E0));
#2198=VERTEX_POINT('',#2196);
#2199=VERTEX_POINT('',#2197);
#2200=CARTESIAN_POINT('',(1.346949089473E0,2.9E0,2.340027382397E0));
#2201=CARTESIAN_POINT('',(1.101405109281E0,2.9E0,2.465138289275E0));
#2202=VERTEX_POINT('',#2200);
#2203=VERTEX_POINT('',#2201);
#2204=CARTESIAN_POINT('',(5.579164801977E-1,2.9E0,2.641728449543E0));
#2205=CARTESIAN_POINT('',(2.857288813920E-1,2.9E0,2.684838730043E0));
#2206=VERTEX_POINT('',#2204);
#2207=VERTEX_POINT('',#2205);
#2208=CARTESIAN_POINT('',(-2.857288813920E-1,2.9E0,2.684838730043E0));
#2209=CARTESIAN_POINT('',(-5.579164801977E-1,2.9E0,2.641728449543E0));
#2210=VERTEX_POINT('',#2208);
#2211=VERTEX_POINT('',#2209);
#2212=CARTESIAN_POINT('',(-1.101405109281E0,2.9E0,2.465138289275E0));
#2213=CARTESIAN_POINT('',(-1.346949089473E0,2.9E0,2.340027382397E0));
#2214=VERTEX_POINT('',#2212);
#2215=VERTEX_POINT('',#2213);
#2216=CARTESIAN_POINT('',(-1.809268131133E0,2.9E0,2.004132937125E0));
#2217=CARTESIAN_POINT('',(-2.004132937125E0,2.9E0,1.809268131133E0));
#2218=VERTEX_POINT('',#2216);
#2219=VERTEX_POINT('',#2217);
#2220=CARTESIAN_POINT('',(-2.340027382397E0,2.9E0,1.346949089473E0));
#2221=CARTESIAN_POINT('',(-2.465138289275E0,2.9E0,1.101405109281E0));
#2222=VERTEX_POINT('',#2220);
#2223=VERTEX_POINT('',#2221);
#2224=CARTESIAN_POINT('',(-2.641728449543E0,2.9E0,5.579164801977E-1));
#2225=CARTESIAN_POINT('',(-2.684838730043E0,2.9E0,2.857288813920E-1));
#2226=VERTEX_POINT('',#2224);
#2227=VERTEX_POINT('',#2225);
#2228=CARTESIAN_POINT('',(-2.684838730043E0,2.9E0,-2.857288813920E-1));
#2229=CARTESIAN_POINT('',(-2.641728449543E0,2.9E0,-5.579164801977E-1));
#2230=VERTEX_POINT('',#2228);
#2231=VERTEX_POINT('',#2229);
#2232=CARTESIAN_POINT('',(-2.465138289275E0,2.9E0,-1.101405109281E0));
#2233=CARTESIAN_POINT('',(-2.340027382397E0,2.9E0,-1.346949089473E0));
#2234=VERTEX_POINT('',#2232);
#2235=VERTEX_POINT('',#2233);
#2236=CARTESIAN_POINT('',(-2.004132937125E0,2.9E0,-1.809268131133E0));
#2237=CARTESIAN_POINT('',(-1.809268131133E0,2.9E0,-2.004132937125E0));
#2238=VERTEX_POINT('',#2236);
#2239=VERTEX_POINT('',#2237);
#2240=CARTESIAN_POINT('',(-1.346949089473E0,2.9E0,-2.340027382397E0));
#2241=CARTESIAN_POINT('',(-1.101405109281E0,2.9E0,-2.465138289275E0));
#2242=VERTEX_POINT('',#2240);
#2243=VERTEX_POINT('',#2241);
#2244=CARTESIAN_POINT('',(-5.579164801977E-1,2.9E0,-2.641728449543E0));
#2245=CARTESIAN_POINT('',(-2.857288813920E-1,2.9E0,-2.684838730043E0));
#2246=VERTEX_POINT('',#2244);
#2247=VERTEX_POINT('',#2245);
#2248=CARTESIAN_POINT('',(6.946583704590E-2,2.9E0,-2.893681524374E0));
#2249=VERTEX_POINT('',#2248);
#2250=CARTESIAN_POINT('',(-6.946583704590E-2,2.9E0,-2.893681524374E0));
#2251=VERTEX_POINT('',#2250);
#2252=CARTESIAN_POINT('',(9.602627043226E-1,2.9E0,-2.730588545663E0));
#2253=VERTEX_POINT('',#2252);
#2254=CARTESIAN_POINT('',(8.281308303578E-1,2.9E0,-2.773520794014E0));
#2255=VERTEX_POINT('',#2254);
#2256=CARTESIAN_POINT('',(1.757062367557E0,2.9E0,-2.300206534973E0));
#2257=VERTEX_POINT('',#2256);
#2258=CARTESIAN_POINT('',(1.644664282159E0,2.9E0,-2.381868524081E0));
#2259=VERTEX_POINT('',#2258);
#2260=CARTESIAN_POINT('',(2.381868524081E0,2.9E0,-1.644664282159E0));
#2261=VERTEX_POINT('',#2260);
#2262=CARTESIAN_POINT('',(2.300206534973E0,2.9E0,-1.757062367557E0));
#2263=VERTEX_POINT('',#2262);
#2264=CARTESIAN_POINT('',(2.773520794014E0,2.9E0,-8.281308303578E-1));
#2265=VERTEX_POINT('',#2264);
#2266=CARTESIAN_POINT('',(2.730588545663E0,2.9E0,-9.602627043226E-1));
#2267=VERTEX_POINT('',#2266);
#2268=CARTESIAN_POINT('',(2.893681524374E0,2.9E0,6.946583704590E-2));
#2269=VERTEX_POINT('',#2268);
#2270=CARTESIAN_POINT('',(2.893681524374E0,2.9E0,-6.946583704590E-2));
#2271=VERTEX_POINT('',#2270);
#2272=CARTESIAN_POINT('',(2.730588545663E0,2.9E0,9.602627043226E-1));
#2273=VERTEX_POINT('',#2272);
#2274=CARTESIAN_POINT('',(2.773520794014E0,2.9E0,8.281308303578E-1));
#2275=VERTEX_POINT('',#2274);
#2276=CARTESIAN_POINT('',(2.300206534973E0,2.9E0,1.757062367557E0));
#2277=VERTEX_POINT('',#2276);
#2278=CARTESIAN_POINT('',(2.381868524081E0,2.9E0,1.644664282159E0));
#2279=VERTEX_POINT('',#2278);
#2280=CARTESIAN_POINT('',(1.644664282159E0,2.9E0,2.381868524081E0));
#2281=VERTEX_POINT('',#2280);
#2282=CARTESIAN_POINT('',(1.757062367557E0,2.9E0,2.300206534973E0));
#2283=VERTEX_POINT('',#2282);
#2284=CARTESIAN_POINT('',(8.281308303578E-1,2.9E0,2.773520794014E0));
#2285=VERTEX_POINT('',#2284);
#2286=CARTESIAN_POINT('',(9.602627043226E-1,2.9E0,2.730588545663E0));
#2287=VERTEX_POINT('',#2286);
#2288=CARTESIAN_POINT('',(-6.946583704590E-2,2.9E0,2.893681524374E0));
#2289=VERTEX_POINT('',#2288);
#2290=CARTESIAN_POINT('',(6.946583704590E-2,2.9E0,2.893681524374E0));
#2291=VERTEX_POINT('',#2290);
#2292=CARTESIAN_POINT('',(-9.602627043226E-1,2.9E0,2.730588545663E0));
#2293=VERTEX_POINT('',#2292);
#2294=CARTESIAN_POINT('',(-8.281308303578E-1,2.9E0,2.773520794014E0));
#2295=VERTEX_POINT('',#2294);
#2296=CARTESIAN_POINT('',(-1.757062367557E0,2.9E0,2.300206534973E0));
#2297=VERTEX_POINT('',#2296);
#2298=CARTESIAN_POINT('',(-1.644664282159E0,2.9E0,2.381868524081E0));
#2299=VERTEX_POINT('',#2298);
#2300=CARTESIAN_POINT('',(-2.381868524081E0,2.9E0,1.644664282159E0));
#2301=VERTEX_POINT('',#2300);
#2302=CARTESIAN_POINT('',(-2.300206534973E0,2.9E0,1.757062367557E0));
#2303=VERTEX_POINT('',#2302);
#2304=CARTESIAN_POINT('',(-2.773520794014E0,2.9E0,8.281308303578E-1));
#2305=VERTEX_POINT('',#2304);
#2306=CARTESIAN_POINT('',(-2.730588545663E0,2.9E0,9.602627043226E-1));
#2307=VERTEX_POINT('',#2306);
#2308=CARTESIAN_POINT('',(-2.893681524374E0,2.9E0,-6.946583704590E-2));
#2309=VERTEX_POINT('',#2308);
#2310=CARTESIAN_POINT('',(-2.893681524374E0,2.9E0,6.946583704590E-2));
#2311=VERTEX_POINT('',#2310);
#2312=CARTESIAN_POINT('',(-2.730588545663E0,2.9E0,-9.602627043226E-1));
#2313=VERTEX_POINT('',#2312);
#2314=CARTESIAN_POINT('',(-2.773520794014E0,2.9E0,-8.281308303578E-1));
#2315=VERTEX_POINT('',#2314);
#2316=CARTESIAN_POINT('',(-2.300206534973E0,2.9E0,-1.757062367557E0));
#2317=VERTEX_POINT('',#2316);
#2318=CARTESIAN_POINT('',(-2.381868524081E0,2.9E0,-1.644664282159E0));
#2319=VERTEX_POINT('',#2318);
#2320=CARTESIAN_POINT('',(-1.644664282159E0,2.9E0,-2.381868524081E0));
#2321=VERTEX_POINT('',#2320);
#2322=CARTESIAN_POINT('',(-1.757062367557E0,2.9E0,-2.300206534973E0));
#2323=VERTEX_POINT('',#2322);
#2324=CARTESIAN_POINT('',(-8.281308303578E-1,2.9E0,-2.773520794014E0));
#2325=VERTEX_POINT('',#2324);
#2326=CARTESIAN_POINT('',(-9.602627043226E-1,2.9E0,-2.730588545663E0));
#2327=VERTEX_POINT('',#2326);
#2328=CARTESIAN_POINT('',(0.E0,0.E0,8.25E0));
#2329=CARTESIAN_POINT('',(0.E0,0.E0,-8.25E0));
#2330=VERTEX_POINT('',#2328);
#2331=VERTEX_POINT('',#2329);
#2332=CARTESIAN_POINT('',(0.E0,5.E-1,8.25E0));
#2333=CARTESIAN_POINT('',(0.E0,5.E-1,-8.25E0));
#2334=VERTEX_POINT('',#2332);
#2335=VERTEX_POINT('',#2333);
#2336=CARTESIAN_POINT('',(7.5E0,5.E-1,0.E0));
#2337=CARTESIAN_POINT('',(-7.5E0,5.E-1,0.E0));
#2338=VERTEX_POINT('',#2336);
#2339=VERTEX_POINT('',#2337);
#2340=CARTESIAN_POINT('',(2.9E0,5.5E0,0.E0));
#2341=CARTESIAN_POINT('',(-2.9E0,5.5E0,0.E0));
#2342=VERTEX_POINT('',#2340);
#2343=VERTEX_POINT('',#2341);
#2344=CARTESIAN_POINT('',(0.E0,5.3E0,-1.55E0));
#2345=CARTESIAN_POINT('',(0.E0,5.3E0,1.55E0));
#2346=VERTEX_POINT('',#2344);
#2347=VERTEX_POINT('',#2345);
#2348=CARTESIAN_POINT('',(0.E0,5.5E0,-1.75E0));
#2349=CARTESIAN_POINT('',(0.E0,5.5E0,1.75E0));
#2350=VERTEX_POINT('',#2348);
#2351=VERTEX_POINT('',#2349);
#2352=CARTESIAN_POINT('',(3.1E0,7.5E0,0.E0));
#2353=CARTESIAN_POINT('',(-3.1E0,7.5E0,0.E0));
#2354=VERTEX_POINT('',#2352);
#2355=VERTEX_POINT('',#2353);
#2356=CARTESIAN_POINT('',(2.9E0,7.3E0,0.E0));
#2357=CARTESIAN_POINT('',(-2.9E0,7.3E0,0.E0));
#2358=VERTEX_POINT('',#2356);
#2359=VERTEX_POINT('',#2357);
#2360=CARTESIAN_POINT('',(0.E0,7.5E0,-3.7E0));
#2361=CARTESIAN_POINT('',(0.E0,7.5E0,-3.2E0));
#2362=VERTEX_POINT('',#2360);
#2363=VERTEX_POINT('',#2361);
#2364=CARTESIAN_POINT('',(0.E0,7.25E0,-3.45E0));
#2365=VERTEX_POINT('',#2364);
#2366=CARTESIAN_POINT('',(1.E-1,-4.E-1,-4.248823366533E0));
#2367=CARTESIAN_POINT('',(1.E-1,-4.E-1,-3.148412298286E0));
#2368=VERTEX_POINT('',#2366);
#2369=VERTEX_POINT('',#2367);
#2370=CARTESIAN_POINT('',(-1.E-1,-4.E-1,-4.248823366533E0));
#2371=CARTESIAN_POINT('',(-1.E-1,-4.E-1,-3.148412298286E0));
#2372=VERTEX_POINT('',#2370);
#2373=VERTEX_POINT('',#2371);
#2374=VERTEX_POINT('',#951);
#2375=VERTEX_POINT('',#708);
#2376=CARTESIAN_POINT('',(0.E0,7.895E0,0.E0));
#2377=DIRECTION('',(0.E0,-1.E0,0.E0));
#2378=DIRECTION('',(0.E0,0.E0,1.E0));
#2379=AXIS2_PLACEMENT_3D('',#2376,#2377,#2378);
#2380=CYLINDRICAL_SURFACE('',#2379,1.55E0);
#2382=ORIENTED_EDGE('',*,*,#2381,.F.);
#2384=ORIENTED_EDGE('',*,*,#2383,.T.);
#2386=ORIENTED_EDGE('',*,*,#2385,.F.);
#2388=ORIENTED_EDGE('',*,*,#2387,.F.);
#2389=EDGE_LOOP('',(#2382,#2384,#2386,#2388));
#2390=FACE_OUTER_BOUND('',#2389,.F.);
#2391=ADVANCED_FACE('',(#2390),#2380,.F.);
#2392=CARTESIAN_POINT('',(0.E0,5.399999999151E0,0.E0));
#2393=DIRECTION('',(0.E0,1.E0,0.E0));
#2394=DIRECTION('',(0.E0,0.E0,-1.E0));
#2395=AXIS2_PLACEMENT_3D('',#2392,#2393,#2394);
#2396=CONICAL_SURFACE('',#2395,1.649999999151E0,4.5E1);
#2397=ORIENTED_EDGE('',*,*,#2381,.T.);
#2399=ORIENTED_EDGE('',*,*,#2398,.T.);
#2401=ORIENTED_EDGE('',*,*,#2400,.F.);
#2403=ORIENTED_EDGE('',*,*,#2402,.F.);
#2404=EDGE_LOOP('',(#2397,#2399,#2401,#2403));
#2405=FACE_OUTER_BOUND('',#2404,.F.);
#2406=ADVANCED_FACE('',(#2405),#2396,.F.);
#2407=CARTESIAN_POINT('',(0.E0,5.399999999151E0,0.E0));
#2408=DIRECTION('',(0.E0,1.E0,0.E0));
#2409=DIRECTION('',(0.E0,0.E0,-1.E0));
#2410=AXIS2_PLACEMENT_3D('',#2407,#2408,#2409);
#2411=CONICAL_SURFACE('',#2410,1.649999999151E0,4.5E1);
#2413=ORIENTED_EDGE('',*,*,#2412,.T.);
#2414=ORIENTED_EDGE('',*,*,#2402,.T.);
#2416=ORIENTED_EDGE('',*,*,#2415,.F.);
#2417=ORIENTED_EDGE('',*,*,#2398,.F.);
#2418=EDGE_LOOP('',(#2413,#2414,#2416,#2417));
#2419=FACE_OUTER_BOUND('',#2418,.F.);
#2420=ADVANCED_FACE('',(#2419),#2411,.F.);
#2421=CARTESIAN_POINT('',(0.E0,7.895E0,0.E0));
#2422=DIRECTION('',(0.E0,-1.E0,0.E0));
#2423=DIRECTION('',(0.E0,0.E0,1.E0));
#2424=AXIS2_PLACEMENT_3D('',#2421,#2422,#2423);
#2425=CYLINDRICAL_SURFACE('',#2424,1.55E0);
#2426=ORIENTED_EDGE('',*,*,#2412,.F.);
#2427=ORIENTED_EDGE('',*,*,#2387,.T.);
#2429=ORIENTED_EDGE('',*,*,#2428,.T.);
#2430=ORIENTED_EDGE('',*,*,#2383,.F.);
#2431=EDGE_LOOP('',(#2426,#2427,#2429,#2430));
#2432=FACE_OUTER_BOUND('',#2431,.F.);
#2433=ADVANCED_FACE('',(#2432),#2425,.F.);
#2434=CARTESIAN_POINT('',(0.E0,3.45E0,0.E0));
#2435=DIRECTION('',(0.E0,-1.E0,0.E0));
#2436=DIRECTION('',(0.E0,0.E0,1.E0));
#2437=AXIS2_PLACEMENT_3D('',#2434,#2435,#2436);
#2438=PLANE('',#2437);
#2440=ORIENTED_EDGE('',*,*,#2439,.F.);
#2442=ORIENTED_EDGE('',*,*,#2441,.F.);
#2443=EDGE_LOOP('',(#2440,#2442));
#2444=FACE_OUTER_BOUND('',#2443,.F.);
#2445=ORIENTED_EDGE('',*,*,#2428,.F.);
#2446=ORIENTED_EDGE('',*,*,#2385,.T.);
#2447=EDGE_LOOP('',(#2445,#2446));
#2448=FACE_BOUND('',#2447,.F.);
#2449=ADVANCED_FACE('',(#2444,#2448),#2438,.T.);
#2450=CARTESIAN_POINT('',(0.E0,3.45E0,0.E0));
#2451=DIRECTION('',(0.E0,-1.E0,0.E0));
#2452=DIRECTION('',(1.E0,0.E0,0.E0));
#2453=AXIS2_PLACEMENT_3D('',#2450,#2451,#2452);
#2454=CYLINDRICAL_SURFACE('',#2453,3.E0);
#2455=ORIENTED_EDGE('',*,*,#2439,.T.);
#2457=ORIENTED_EDGE('',*,*,#2456,.T.);
#2459=ORIENTED_EDGE('',*,*,#2458,.F.);
#2461=ORIENTED_EDGE('',*,*,#2460,.F.);
#2462=EDGE_LOOP('',(#2455,#2457,#2459,#2461));
#2463=FACE_OUTER_BOUND('',#2462,.F.);
#2464=ADVANCED_FACE('',(#2463),#2454,.F.);
#2465=CARTESIAN_POINT('',(0.E0,3.45E0,0.E0));
#2466=DIRECTION('',(0.E0,-1.E0,0.E0));
#2467=DIRECTION('',(1.E0,0.E0,0.E0));
#2468=AXIS2_PLACEMENT_3D('',#2465,#2466,#2467);
#2469=CYLINDRICAL_SURFACE('',#2468,3.E0);
#2470=ORIENTED_EDGE('',*,*,#2441,.T.);
#2471=ORIENTED_EDGE('',*,*,#2460,.T.);
#2473=ORIENTED_EDGE('',*,*,#2472,.F.);
#2474=ORIENTED_EDGE('',*,*,#2456,.F.);
#2475=EDGE_LOOP('',(#2470,#2471,#2473,#2474));
#2476=FACE_OUTER_BOUND('',#2475,.F.);
#2477=ADVANCED_FACE('',(#2476),#2469,.F.);
#2478=CARTESIAN_POINT('',(0.E0,2.9E0,0.E0));
#2479=DIRECTION('',(0.E0,-1.E0,0.E0));
#2480=DIRECTION('',(1.E0,0.E0,0.E0));
#2481=AXIS2_PLACEMENT_3D('',#2478,#2479,#2480);
#2482=PLANE('',#2481);
#2483=ORIENTED_EDGE('',*,*,#2458,.T.);
#2484=ORIENTED_EDGE('',*,*,#2472,.T.);
#2485=EDGE_LOOP('',(#2483,#2484));
#2486=FACE_OUTER_BOUND('',#2485,.F.);
#2488=ORIENTED_EDGE('',*,*,#2487,.F.);
#2490=ORIENTED_EDGE('',*,*,#2489,.F.);
#2492=ORIENTED_EDGE('',*,*,#2491,.F.);
#2494=ORIENTED_EDGE('',*,*,#2493,.F.);
#2496=ORIENTED_EDGE('',*,*,#2495,.F.);
#2498=ORIENTED_EDGE('',*,*,#2497,.F.);
#2500=ORIENTED_EDGE('',*,*,#2499,.F.);
#2502=ORIENTED_EDGE('',*,*,#2501,.F.);
#2504=ORIENTED_EDGE('',*,*,#2503,.F.);
#2506=ORIENTED_EDGE('',*,*,#2505,.F.);
#2508=ORIENTED_EDGE('',*,*,#2507,.F.);
#2510=ORIENTED_EDGE('',*,*,#2509,.F.);
#2512=ORIENTED_EDGE('',*,*,#2511,.F.);
#2514=ORIENTED_EDGE('',*,*,#2513,.F.);
#2516=ORIENTED_EDGE('',*,*,#2515,.F.);
#2518=ORIENTED_EDGE('',*,*,#2517,.F.);
#2520=ORIENTED_EDGE('',*,*,#2519,.F.);
#2522=ORIENTED_EDGE('',*,*,#2521,.F.);
#2524=ORIENTED_EDGE('',*,*,#2523,.F.);
#2526=ORIENTED_EDGE('',*,*,#2525,.F.);
#2528=ORIENTED_EDGE('',*,*,#2527,.F.);
#2530=ORIENTED_EDGE('',*,*,#2529,.F.);
#2532=ORIENTED_EDGE('',*,*,#2531,.F.);
#2534=ORIENTED_EDGE('',*,*,#2533,.F.);
#2536=ORIENTED_EDGE('',*,*,#2535,.F.);
#2538=ORIENTED_EDGE('',*,*,#2537,.F.);
#2540=ORIENTED_EDGE('',*,*,#2539,.F.);
#2542=ORIENTED_EDGE('',*,*,#2541,.F.);
#2544=ORIENTED_EDGE('',*,*,#2543,.F.);
#2546=ORIENTED_EDGE('',*,*,#2545,.F.);
#2548=ORIENTED_EDGE('',*,*,#2547,.F.);
#2550=ORIENTED_EDGE('',*,*,#2549,.F.);
#2552=ORIENTED_EDGE('',*,*,#2551,.F.);
#2554=ORIENTED_EDGE('',*,*,#2553,.F.);
#2556=ORIENTED_EDGE('',*,*,#2555,.F.);
#2558=ORIENTED_EDGE('',*,*,#2557,.F.);
#2560=ORIENTED_EDGE('',*,*,#2559,.F.);
#2562=ORIENTED_EDGE('',*,*,#2561,.F.);
#2564=ORIENTED_EDGE('',*,*,#2563,.F.);
#2566=ORIENTED_EDGE('',*,*,#2565,.F.);
#2568=ORIENTED_EDGE('',*,*,#2567,.F.);
#2570=ORIENTED_EDGE('',*,*,#2569,.F.);
#2572=ORIENTED_EDGE('',*,*,#2571,.F.);
#2574=ORIENTED_EDGE('',*,*,#2573,.F.);
#2576=ORIENTED_EDGE('',*,*,#2575,.F.);
#2578=ORIENTED_EDGE('',*,*,#2577,.F.);
#2580=ORIENTED_EDGE('',*,*,#2579,.F.);
#2582=ORIENTED_EDGE('',*,*,#2581,.F.);
#2584=ORIENTED_EDGE('',*,*,#2583,.F.);
#2586=ORIENTED_EDGE('',*,*,#2585,.F.);
#2588=ORIENTED_EDGE('',*,*,#2587,.F.);
#2590=ORIENTED_EDGE('',*,*,#2589,.F.);
#2592=ORIENTED_EDGE('',*,*,#2591,.F.);
#2594=ORIENTED_EDGE('',*,*,#2593,.F.);
#2596=ORIENTED_EDGE('',*,*,#2595,.F.);
#2598=ORIENTED_EDGE('',*,*,#2597,.F.);
#2600=ORIENTED_EDGE('',*,*,#2599,.F.);
#2602=ORIENTED_EDGE('',*,*,#2601,.F.);
#2604=ORIENTED_EDGE('',*,*,#2603,.F.);
#2606=ORIENTED_EDGE('',*,*,#2605,.F.);
#2608=ORIENTED_EDGE('',*,*,#2607,.F.);
#2610=ORIENTED_EDGE('',*,*,#2609,.F.);
#2612=ORIENTED_EDGE('',*,*,#2611,.F.);
#2614=ORIENTED_EDGE('',*,*,#2613,.F.);
#2616=ORIENTED_EDGE('',*,*,#2615,.F.);
#2618=ORIENTED_EDGE('',*,*,#2617,.F.);
#2620=ORIENTED_EDGE('',*,*,#2619,.F.);
#2622=ORIENTED_EDGE('',*,*,#2621,.F.);
#2624=ORIENTED_EDGE('',*,*,#2623,.F.);
#2626=ORIENTED_EDGE('',*,*,#2625,.F.);
#2628=ORIENTED_EDGE('',*,*,#2627,.F.);
#2630=ORIENTED_EDGE('',*,*,#2629,.F.);
#2632=ORIENTED_EDGE('',*,*,#2631,.F.);
#2634=ORIENTED_EDGE('',*,*,#2633,.F.);
#2636=ORIENTED_EDGE('',*,*,#2635,.F.);
#2638=ORIENTED_EDGE('',*,*,#2637,.F.);
#2640=ORIENTED_EDGE('',*,*,#2639,.F.);
#2642=ORIENTED_EDGE('',*,*,#2641,.F.);
#2644=ORIENTED_EDGE('',*,*,#2643,.F.);
#2646=ORIENTED_EDGE('',*,*,#2645,.F.);
#2647=EDGE_LOOP('',(#2488,#2490,#2492,#2494,#2496,#2498,#2500,#2502,#2504,#2506,
#2508,#2510,#2512,#2514,#2516,#2518,#2520,#2522,#2524,#2526,#2528,#2530,#2532,
#2534,#2536,#2538,#2540,#2542,#2544,#2546,#2548,#2550,#2552,#2554,#2556,#2558,
#2560,#2562,#2564,#2566,#2568,#2570,#2572,#2574,#2576,#2578,#2580,#2582,#2584,
#2586,#2588,#2590,#2592,#2594,#2596,#2598,#2600,#2602,#2604,#2606,#2608,#2610,
#2612,#2614,#2616,#2618,#2620,#2622,#2624,#2626,#2628,#2630,#2632,#2634,#2636,
#2638,#2640,#2642,#2644,#2646));
#2648=FACE_BOUND('',#2647,.F.);
#2649=ADVANCED_FACE('',(#2486,#2648),#2482,.F.);
#2650=CARTESIAN_POINT('',(0.E0,7.895E0,0.E0));
#2651=DIRECTION('',(0.E0,-1.E0,0.E0));
#2652=DIRECTION('',(0.E0,0.E0,1.E0));
#2653=AXIS2_PLACEMENT_3D('',#2650,#2651,#2652);
#2654=CYLINDRICAL_SURFACE('',#2653,2.7E0);
#2655=ORIENTED_EDGE('',*,*,#2487,.T.);
#2657=ORIENTED_EDGE('',*,*,#2656,.T.);
#2659=ORIENTED_EDGE('',*,*,#2658,.T.);
#2661=ORIENTED_EDGE('',*,*,#2660,.F.);
#2662=EDGE_LOOP('',(#2655,#2657,#2659,#2661));
#2663=FACE_OUTER_BOUND('',#2662,.F.);
#2664=ADVANCED_FACE('',(#2663),#2654,.F.);
#2665=CARTESIAN_POINT('',(0.E0,7.895E0,0.E0));
#2666=DIRECTION('',(0.E0,-1.E0,0.E0));
#2667=DIRECTION('',(0.E0,0.E0,1.E0));
#2668=AXIS2_PLACEMENT_3D('',#2665,#2666,#2667);
#2669=CYLINDRICAL_SURFACE('',#2668,2.7E0);
#2670=ORIENTED_EDGE('',*,*,#2639,.T.);
#2672=ORIENTED_EDGE('',*,*,#2671,.T.);
#2674=ORIENTED_EDGE('',*,*,#2673,.T.);
#2676=ORIENTED_EDGE('',*,*,#2675,.F.);
#2677=EDGE_LOOP('',(#2670,#2672,#2674,#2676));
#2678=FACE_OUTER_BOUND('',#2677,.F.);
#2679=ADVANCED_FACE('',(#2678),#2669,.F.);
#2680=CARTESIAN_POINT('',(0.E0,7.895E0,0.E0));
#2681=DIRECTION('',(0.E0,-1.E0,0.E0));
#2682=DIRECTION('',(0.E0,0.E0,1.E0));
#2683=AXIS2_PLACEMENT_3D('',#2680,#2681,#2682);
#2684=CYLINDRICAL_SURFACE('',#2683,2.7E0);
#2685=ORIENTED_EDGE('',*,*,#2631,.T.);
#2687=ORIENTED_EDGE('',*,*,#2686,.T.);
#2689=ORIENTED_EDGE('',*,*,#2688,.T.);
#2691=ORIENTED_EDGE('',*,*,#2690,.F.);
#2692=EDGE_LOOP('',(#2685,#2687,#2689,#2691));
#2693=FACE_OUTER_BOUND('',#2692,.F.);
#2694=ADVANCED_FACE('',(#2693),#2684,.F.);
#2695=CARTESIAN_POINT('',(0.E0,7.895E0,0.E0));
#2696=DIRECTION('',(0.E0,-1.E0,0.E0));
#2697=DIRECTION('',(0.E0,0.E0,1.E0));
#2698=AXIS2_PLACEMENT_3D('',#2695,#2696,#2697);
#2699=CYLINDRICAL_SURFACE('',#2698,2.7E0);
#2700=ORIENTED_EDGE('',*,*,#2623,.T.);
#2702=ORIENTED_EDGE('',*,*,#2701,.T.);
#2704=ORIENTED_EDGE('',*,*,#2703,.T.);
#2706=ORIENTED_EDGE('',*,*,#2705,.F.);
#2707=EDGE_LOOP('',(#2700,#2702,#2704,#2706));
#2708=FACE_OUTER_BOUND('',#2707,.F.);
#2709=ADVANCED_FACE('',(#2708),#2699,.F.);
#2710=CARTESIAN_POINT('',(0.E0,7.895E0,0.E0));
#2711=DIRECTION('',(0.E0,-1.E0,0.E0));
#2712=DIRECTION('',(0.E0,0.E0,1.E0));
#2713=AXIS2_PLACEMENT_3D('',#2710,#2711,#2712);
#2714=CYLINDRICAL_SURFACE('',#2713,2.7E0);
#2715=ORIENTED_EDGE('',*,*,#2615,.T.);
#2717=ORIENTED_EDGE('',*,*,#2716,.T.);
#2719=ORIENTED_EDGE('',*,*,#2718,.T.);
#2721=ORIENTED_EDGE('',*,*,#2720,.F.);
#2722=EDGE_LOOP('',(#2715,#2717,#2719,#2721));
#2723=FACE_OUTER_BOUND('',#2722,.F.);
#2724=ADVANCED_FACE('',(#2723),#2714,.F.);
#2725=CARTESIAN_POINT('',(0.E0,7.895E0,0.E0));
#2726=DIRECTION('',(0.E0,-1.E0,0.E0));
#2727=DIRECTION('',(0.E0,0.E0,1.E0));
#2728=AXIS2_PLACEMENT_3D('',#2725,#2726,#2727);
#2729=CYLINDRICAL_SURFACE('',#2728,2.7E0);
#2730=ORIENTED_EDGE('',*,*,#2607,.T.);
#2732=ORIENTED_EDGE('',*,*,#2731,.T.);
#2734=ORIENTED_EDGE('',*,*,#2733,.T.);
#2736=ORIENTED_EDGE('',*,*,#2735,.F.);
#2737=EDGE_LOOP('',(#2730,#2732,#2734,#2736));
#2738=FACE_OUTER_BOUND('',#2737,.F.);
#2739=ADVANCED_FACE('',(#2738),#2729,.F.);
#2740=CARTESIAN_POINT('',(0.E0,7.895E0,0.E0));
#2741=DIRECTION('',(0.E0,-1.E0,0.E0));
#2742=DIRECTION('',(0.E0,0.E0,1.E0));
#2743=AXIS2_PLACEMENT_3D('',#2740,#2741,#2742);
#2744=CYLINDRICAL_SURFACE('',#2743,2.7E0);
#2745=ORIENTED_EDGE('',*,*,#2599,.T.);
#2747=ORIENTED_EDGE('',*,*,#2746,.T.);
#2749=ORIENTED_EDGE('',*,*,#2748,.T.);
#2751=ORIENTED_EDGE('',*,*,#2750,.F.);
#2752=EDGE_LOOP('',(#2745,#2747,#2749,#2751));
#2753=FACE_OUTER_BOUND('',#2752,.F.);
#2754=ADVANCED_FACE('',(#2753),#2744,.F.);
#2755=CARTESIAN_POINT('',(0.E0,7.895E0,0.E0));
#2756=DIRECTION('',(0.E0,-1.E0,0.E0));
#2757=DIRECTION('',(0.E0,0.E0,1.E0));
#2758=AXIS2_PLACEMENT_3D('',#2755,#2756,#2757);
#2759=CYLINDRICAL_SURFACE('',#2758,2.7E0);
#2760=ORIENTED_EDGE('',*,*,#2591,.T.);
#2762=ORIENTED_EDGE('',*,*,#2761,.T.);
#2764=ORIENTED_EDGE('',*,*,#2763,.T.);
#2766=ORIENTED_EDGE('',*,*,#2765,.F.);
#2767=EDGE_LOOP('',(#2760,#2762,#2764,#2766));
#2768=FACE_OUTER_BOUND('',#2767,.F.);
#2769=ADVANCED_FACE('',(#2768),#2759,.F.);
#2770=CARTESIAN_POINT('',(0.E0,7.895E0,0.E0));
#2771=DIRECTION('',(0.E0,-1.E0,0.E0));
#2772=DIRECTION('',(0.E0,0.E0,1.E0));
#2773=AXIS2_PLACEMENT_3D('',#2770,#2771,#2772);
#2774=CYLINDRICAL_SURFACE('',#2773,2.7E0);
#2775=ORIENTED_EDGE('',*,*,#2583,.T.);
#2777=ORIENTED_EDGE('',*,*,#2776,.T.);
#2779=ORIENTED_EDGE('',*,*,#2778,.T.);
#2781=ORIENTED_EDGE('',*,*,#2780,.F.);
#2782=EDGE_LOOP('',(#2775,#2777,#2779,#2781));
#2783=FACE_OUTER_BOUND('',#2782,.F.);
#2784=ADVANCED_FACE('',(#2783),#2774,.F.);
#2785=CARTESIAN_POINT('',(0.E0,7.895E0,0.E0));
#2786=DIRECTION('',(0.E0,-1.E0,0.E0));
#2787=DIRECTION('',(0.E0,0.E0,1.E0));
#2788=AXIS2_PLACEMENT_3D('',#2785,#2786,#2787);
#2789=CYLINDRICAL_SURFACE('',#2788,2.7E0);
#2790=ORIENTED_EDGE('',*,*,#2575,.T.);
#2792=ORIENTED_EDGE('',*,*,#2791,.T.);
#2794=ORIENTED_EDGE('',*,*,#2793,.T.);
#2796=ORIENTED_EDGE('',*,*,#2795,.F.);
#2797=EDGE_LOOP('',(#2790,#2792,#2794,#2796));
#2798=FACE_OUTER_BOUND('',#2797,.F.);
#2799=ADVANCED_FACE('',(#2798),#2789,.F.);
#2800=CARTESIAN_POINT('',(0.E0,7.895E0,0.E0));
#2801=DIRECTION('',(0.E0,-1.E0,0.E0));
#2802=DIRECTION('',(0.E0,0.E0,1.E0));
#2803=AXIS2_PLACEMENT_3D('',#2800,#2801,#2802);
#2804=CYLINDRICAL_SURFACE('',#2803,2.7E0);
#2805=ORIENTED_EDGE('',*,*,#2567,.T.);
#2807=ORIENTED_EDGE('',*,*,#2806,.T.);
#2809=ORIENTED_EDGE('',*,*,#2808,.T.);
#2811=ORIENTED_EDGE('',*,*,#2810,.F.);
#2812=EDGE_LOOP('',(#2805,#2807,#2809,#2811));
#2813=FACE_OUTER_BOUND('',#2812,.F.);
#2814=ADVANCED_FACE('',(#2813),#2804,.F.);
#2815=CARTESIAN_POINT('',(0.E0,7.895E0,0.E0));
#2816=DIRECTION('',(0.E0,-1.E0,0.E0));
#2817=DIRECTION('',(0.E0,0.E0,1.E0));
#2818=AXIS2_PLACEMENT_3D('',#2815,#2816,#2817);
#2819=CYLINDRICAL_SURFACE('',#2818,2.7E0);
#2820=ORIENTED_EDGE('',*,*,#2559,.T.);
#2822=ORIENTED_EDGE('',*,*,#2821,.T.);
#2824=ORIENTED_EDGE('',*,*,#2823,.T.);
#2826=ORIENTED_EDGE('',*,*,#2825,.F.);
#2827=EDGE_LOOP('',(#2820,#2822,#2824,#2826));
#2828=FACE_OUTER_BOUND('',#2827,.F.);
#2829=ADVANCED_FACE('',(#2828),#2819,.F.);
#2830=CARTESIAN_POINT('',(0.E0,7.895E0,0.E0));
#2831=DIRECTION('',(0.E0,-1.E0,0.E0));
#2832=DIRECTION('',(0.E0,0.E0,1.E0));
#2833=AXIS2_PLACEMENT_3D('',#2830,#2831,#2832);
#2834=CYLINDRICAL_SURFACE('',#2833,2.7E0);
#2835=ORIENTED_EDGE('',*,*,#2551,.T.);
#2837=ORIENTED_EDGE('',*,*,#2836,.T.);
#2839=ORIENTED_EDGE('',*,*,#2838,.T.);
#2841=ORIENTED_EDGE('',*,*,#2840,.F.);
#2842=EDGE_LOOP('',(#2835,#2837,#2839,#2841));
#2843=FACE_OUTER_BOUND('',#2842,.F.);
#2844=ADVANCED_FACE('',(#2843),#2834,.F.);
#2845=CARTESIAN_POINT('',(0.E0,7.895E0,0.E0));
#2846=DIRECTION('',(0.E0,-1.E0,0.E0));
#2847=DIRECTION('',(0.E0,0.E0,1.E0));
#2848=AXIS2_PLACEMENT_3D('',#2845,#2846,#2847);
#2849=CYLINDRICAL_SURFACE('',#2848,2.7E0);
#2850=ORIENTED_EDGE('',*,*,#2543,.T.);
#2852=ORIENTED_EDGE('',*,*,#2851,.T.);
#2854=ORIENTED_EDGE('',*,*,#2853,.T.);
#2856=ORIENTED_EDGE('',*,*,#2855,.F.);
#2857=EDGE_LOOP('',(#2850,#2852,#2854,#2856));
#2858=FACE_OUTER_BOUND('',#2857,.F.);
#2859=ADVANCED_FACE('',(#2858),#2849,.F.);
#2860=CARTESIAN_POINT('',(0.E0,7.895E0,0.E0));
#2861=DIRECTION('',(0.E0,-1.E0,0.E0));
#2862=DIRECTION('',(0.E0,0.E0,1.E0));
#2863=AXIS2_PLACEMENT_3D('',#2860,#2861,#2862);
#2864=CYLINDRICAL_SURFACE('',#2863,2.7E0);
#2865=ORIENTED_EDGE('',*,*,#2535,.T.);
#2867=ORIENTED_EDGE('',*,*,#2866,.T.);
#2869=ORIENTED_EDGE('',*,*,#2868,.T.);
#2871=ORIENTED_EDGE('',*,*,#2870,.F.);
#2872=EDGE_LOOP('',(#2865,#2867,#2869,#2871));
#2873=FACE_OUTER_BOUND('',#2872,.F.);
#2874=ADVANCED_FACE('',(#2873),#2864,.F.);
#2875=CARTESIAN_POINT('',(0.E0,7.895E0,0.E0));
#2876=DIRECTION('',(0.E0,-1.E0,0.E0));
#2877=DIRECTION('',(0.E0,0.E0,1.E0));
#2878=AXIS2_PLACEMENT_3D('',#2875,#2876,#2877);
#2879=CYLINDRICAL_SURFACE('',#2878,2.7E0);
#2880=ORIENTED_EDGE('',*,*,#2527,.T.);
#2882=ORIENTED_EDGE('',*,*,#2881,.T.);
#2884=ORIENTED_EDGE('',*,*,#2883,.T.);
#2886=ORIENTED_EDGE('',*,*,#2885,.F.);
#2887=EDGE_LOOP('',(#2880,#2882,#2884,#2886));
#2888=FACE_OUTER_BOUND('',#2887,.F.);
#2889=ADVANCED_FACE('',(#2888),#2879,.F.);
#2890=CARTESIAN_POINT('',(0.E0,7.895E0,0.E0));
#2891=DIRECTION('',(0.E0,-1.E0,0.E0));
#2892=DIRECTION('',(0.E0,0.E0,1.E0));
#2893=AXIS2_PLACEMENT_3D('',#2890,#2891,#2892);
#2894=CYLINDRICAL_SURFACE('',#2893,2.7E0);
#2895=ORIENTED_EDGE('',*,*,#2519,.T.);
#2897=ORIENTED_EDGE('',*,*,#2896,.T.);
#2899=ORIENTED_EDGE('',*,*,#2898,.T.);
#2901=ORIENTED_EDGE('',*,*,#2900,.F.);
#2902=EDGE_LOOP('',(#2895,#2897,#2899,#2901));
#2903=FACE_OUTER_BOUND('',#2902,.F.);
#2904=ADVANCED_FACE('',(#2903),#2894,.F.);
#2905=CARTESIAN_POINT('',(0.E0,7.895E0,0.E0));
#2906=DIRECTION('',(0.E0,-1.E0,0.E0));
#2907=DIRECTION('',(0.E0,0.E0,1.E0));
#2908=AXIS2_PLACEMENT_3D('',#2905,#2906,#2907);
#2909=CYLINDRICAL_SURFACE('',#2908,2.7E0);
#2910=ORIENTED_EDGE('',*,*,#2511,.T.);
#2912=ORIENTED_EDGE('',*,*,#2911,.T.);
#2914=ORIENTED_EDGE('',*,*,#2913,.T.);
#2916=ORIENTED_EDGE('',*,*,#2915,.F.);
#2917=EDGE_LOOP('',(#2910,#2912,#2914,#2916));
#2918=FACE_OUTER_BOUND('',#2917,.F.);
#2919=ADVANCED_FACE('',(#2918),#2909,.F.);
#2920=CARTESIAN_POINT('',(0.E0,7.895E0,0.E0));
#2921=DIRECTION('',(0.E0,-1.E0,0.E0));
#2922=DIRECTION('',(0.E0,0.E0,1.E0));
#2923=AXIS2_PLACEMENT_3D('',#2920,#2921,#2922);
#2924=CYLINDRICAL_SURFACE('',#2923,2.7E0);
#2925=ORIENTED_EDGE('',*,*,#2503,.T.);
#2927=ORIENTED_EDGE('',*,*,#2926,.T.);
#2929=ORIENTED_EDGE('',*,*,#2928,.T.);
#2931=ORIENTED_EDGE('',*,*,#2930,.F.);
#2932=EDGE_LOOP('',(#2925,#2927,#2929,#2931));
#2933=FACE_OUTER_BOUND('',#2932,.F.);
#2934=ADVANCED_FACE('',(#2933),#2924,.F.);
#2935=CARTESIAN_POINT('',(0.E0,7.895E0,0.E0));
#2936=DIRECTION('',(0.E0,-1.E0,0.E0));
#2937=DIRECTION('',(0.E0,0.E0,1.E0));
#2938=AXIS2_PLACEMENT_3D('',#2935,#2936,#2937);
#2939=CYLINDRICAL_SURFACE('',#2938,2.7E0);
#2940=ORIENTED_EDGE('',*,*,#2495,.T.);
#2942=ORIENTED_EDGE('',*,*,#2941,.T.);
#2944=ORIENTED_EDGE('',*,*,#2943,.T.);
#2946=ORIENTED_EDGE('',*,*,#2945,.F.);
#2947=EDGE_LOOP('',(#2940,#2942,#2944,#2946));
#2948=FACE_OUTER_BOUND('',#2947,.F.);
#2949=ADVANCED_FACE('',(#2948),#2939,.F.);
#2950=CARTESIAN_POINT('',(4.067296091046E-1,-4.E-1,-2.567989685547E0));
#2951=DIRECTION('',(-4.383711467891E-1,0.E0,-8.987940462992E-1));
#2952=DIRECTION('',(8.987940462992E-1,0.E0,-4.383711467891E-1));
#2953=AXIS2_PLACEMENT_3D('',#2950,#2951,#2952);
#2954=PLANE('',#2953);
#2955=ORIENTED_EDGE('',*,*,#2645,.T.);
#2957=ORIENTED_EDGE('',*,*,#2956,.F.);
#2959=ORIENTED_EDGE('',*,*,#2958,.F.);
#2960=ORIENTED_EDGE('',*,*,#2656,.F.);
#2961=EDGE_LOOP('',(#2955,#2957,#2959,#2960));
#2962=FACE_OUTER_BOUND('',#2961,.F.);
#2963=ADVANCED_FACE('',(#2962),#2954,.F.);
#2964=CARTESIAN_POINT('',(8.719679450367E-1,-4.E-1,-2.683641389384E0));
#2965=DIRECTION('',(0.E0,-1.E0,0.E0));
#2966=DIRECTION('',(-9.510565162952E-1,0.E0,-3.090169943749E-1));
#2967=AXIS2_PLACEMENT_3D('',#2964,#2965,#2966);
#2968=CYLINDRICAL_SURFACE('',#2967,1.E-1);
#2969=ORIENTED_EDGE('',*,*,#2643,.T.);
#2971=ORIENTED_EDGE('',*,*,#2970,.F.);
#2973=ORIENTED_EDGE('',*,*,#2972,.F.);
#2974=ORIENTED_EDGE('',*,*,#2956,.T.);
#2975=EDGE_LOOP('',(#2969,#2971,#2973,#2974));
#2976=FACE_OUTER_BOUND('',#2975,.F.);
#2977=ADVANCED_FACE('',(#2976),#2968,.F.);
#2978=CARTESIAN_POINT('',(9.602627043226E-1,-4.E-1,-2.730588545663E0));
#2979=DIRECTION('',(8.829475928589E-1,0.E0,-4.694715627859E-1));
#2980=DIRECTION('',(4.694715627859E-1,0.E0,8.829475928589E-1));
#2981=AXIS2_PLACEMENT_3D('',#2978,#2979,#2980);
#2982=PLANE('',#2981);
#2983=ORIENTED_EDGE('',*,*,#2641,.T.);
#2984=ORIENTED_EDGE('',*,*,#2675,.T.);
#2986=ORIENTED_EDGE('',*,*,#2985,.F.);
#2987=ORIENTED_EDGE('',*,*,#2970,.T.);
#2988=EDGE_LOOP('',(#2983,#2984,#2986,#2987));
#2989=FACE_OUTER_BOUND('',#2988,.F.);
#2990=ADVANCED_FACE('',(#2989),#2982,.F.);
#2991=CARTESIAN_POINT('',(0.E0,-1.750000000551E-1,0.E0));
#2992=DIRECTION('',(0.E0,-1.E0,0.E0));
#2993=DIRECTION('',(0.E0,0.E0,-1.E0));
#2994=AXIS2_PLACEMENT_3D('',#2991,#2992,#2993);
#2995=CONICAL_SURFACE('',#2994,2.925000000055E0,4.5E1);
#2997=ORIENTED_EDGE('',*,*,#2996,.F.);
#2999=ORIENTED_EDGE('',*,*,#2998,.T.);
#3001=ORIENTED_EDGE('',*,*,#3000,.T.);
#3003=ORIENTED_EDGE('',*,*,#3002,.T.);
#3004=ORIENTED_EDGE('',*,*,#2658,.F.);
#3005=ORIENTED_EDGE('',*,*,#2958,.T.);
#3006=ORIENTED_EDGE('',*,*,#2972,.T.);
#3007=ORIENTED_EDGE('',*,*,#2985,.T.);
#3008=ORIENTED_EDGE('',*,*,#2673,.F.);
#3010=ORIENTED_EDGE('',*,*,#3009,.T.);
#3012=ORIENTED_EDGE('',*,*,#3011,.T.);
#3014=ORIENTED_EDGE('',*,*,#3013,.T.);
#3015=ORIENTED_EDGE('',*,*,#2688,.F.);
#3017=ORIENTED_EDGE('',*,*,#3016,.T.);
#3019=ORIENTED_EDGE('',*,*,#3018,.T.);
#3021=ORIENTED_EDGE('',*,*,#3020,.T.);
#3022=ORIENTED_EDGE('',*,*,#2703,.F.);
#3024=ORIENTED_EDGE('',*,*,#3023,.T.);
#3026=ORIENTED_EDGE('',*,*,#3025,.T.);
#3028=ORIENTED_EDGE('',*,*,#3027,.T.);
#3029=ORIENTED_EDGE('',*,*,#2718,.F.);
#3031=ORIENTED_EDGE('',*,*,#3030,.T.);
#3033=ORIENTED_EDGE('',*,*,#3032,.T.);
#3035=ORIENTED_EDGE('',*,*,#3034,.T.);
#3036=ORIENTED_EDGE('',*,*,#2733,.F.);
#3038=ORIENTED_EDGE('',*,*,#3037,.T.);
#3040=ORIENTED_EDGE('',*,*,#3039,.T.);
#3042=ORIENTED_EDGE('',*,*,#3041,.T.);
#3043=ORIENTED_EDGE('',*,*,#2748,.F.);
#3045=ORIENTED_EDGE('',*,*,#3044,.T.);
#3047=ORIENTED_EDGE('',*,*,#3046,.T.);
#3049=ORIENTED_EDGE('',*,*,#3048,.T.);
#3050=ORIENTED_EDGE('',*,*,#2763,.F.);
#3052=ORIENTED_EDGE('',*,*,#3051,.T.);
#3054=ORIENTED_EDGE('',*,*,#3053,.T.);
#3056=ORIENTED_EDGE('',*,*,#3055,.T.);
#3057=ORIENTED_EDGE('',*,*,#2778,.F.);
#3059=ORIENTED_EDGE('',*,*,#3058,.T.);
#3061=ORIENTED_EDGE('',*,*,#3060,.T.);
#3063=ORIENTED_EDGE('',*,*,#3062,.T.);
#3064=ORIENTED_EDGE('',*,*,#2793,.F.);
#3066=ORIENTED_EDGE('',*,*,#3065,.T.);
#3068=ORIENTED_EDGE('',*,*,#3067,.T.);
#3070=ORIENTED_EDGE('',*,*,#3069,.F.);
#3072=ORIENTED_EDGE('',*,*,#3071,.T.);
#3073=EDGE_LOOP('',(#2997,#2999,#3001,#3003,#3004,#3005,#3006,#3007,#3008,#3010,
#3012,#3014,#3015,#3017,#3019,#3021,#3022,#3024,#3026,#3028,#3029,#3031,#3033,
#3035,#3036,#3038,#3040,#3042,#3043,#3045,#3047,#3049,#3050,#3052,#3054,#3056,
#3057,#3059,#3061,#3063,#3064,#3066,#3068,#3070,#3072));
#3074=FACE_OUTER_BOUND('',#3073,.F.);
#3075=ADVANCED_FACE('',(#3074),#2995,.F.);
#3076=CARTESIAN_POINT('',(1.E-1,-4.E-1,0.E0));
#3077=DIRECTION('',(7.071067811865E-1,7.071067811865E-1,0.E0));
#3078=DIRECTION('',(-7.071067811865E-1,7.071067811865E-1,0.E0));
#3079=AXIS2_PLACEMENT_3D('',#3076,#3077,#3078);
#3080=PLANE('',#3079);
#3082=ORIENTED_EDGE('',*,*,#3081,.F.);
#3084=ORIENTED_EDGE('',*,*,#3083,.T.);
#3086=ORIENTED_EDGE('',*,*,#3085,.F.);
#3087=ORIENTED_EDGE('',*,*,#2996,.T.);
#3088=EDGE_LOOP('',(#3082,#3084,#3086,#3087));
#3089=FACE_OUTER_BOUND('',#3088,.F.);
#3090=ADVANCED_FACE('',(#3089),#3080,.F.);
#3091=CARTESIAN_POINT('',(0.E0,-4.E-1,0.E0));
#3092=DIRECTION('',(0.E0,-1.E0,0.E0));
#3093=DIRECTION('',(0.E0,0.E0,1.E0));
#3094=AXIS2_PLACEMENT_3D('',#3091,#3092,#3093);
#3095=PLANE('',#3094);
#3096=ORIENTED_EDGE('',*,*,#3081,.T.);
#3097=ORIENTED_EDGE('',*,*,#3071,.F.);
#3099=ORIENTED_EDGE('',*,*,#3098,.F.);
#3101=ORIENTED_EDGE('',*,*,#3100,.F.);
#3103=ORIENTED_EDGE('',*,*,#3102,.T.);
#3105=ORIENTED_EDGE('',*,*,#3104,.T.);
#3106=EDGE_LOOP('',(#3096,#3097,#3099,#3101,#3103,#3105));
#3107=FACE_OUTER_BOUND('',#3106,.F.);
#3108=ADVANCED_FACE('',(#3107),#3095,.T.);
#3109=CARTESIAN_POINT('',(0.E0,-1.75E-1,0.E0));
#3110=DIRECTION('',(0.E0,-1.E0,0.E0));
#3111=DIRECTION('',(0.E0,0.E0,-1.E0));
#3112=AXIS2_PLACEMENT_3D('',#3109,#3110,#3111);
#3113=CONICAL_SURFACE('',#3112,2.925E0,4.5E1);
#3115=ORIENTED_EDGE('',*,*,#3114,.F.);
#3116=ORIENTED_EDGE('',*,*,#3098,.T.);
#3117=ORIENTED_EDGE('',*,*,#3069,.T.);
#3119=ORIENTED_EDGE('',*,*,#3118,.T.);
#3121=ORIENTED_EDGE('',*,*,#3120,.T.);
#3122=ORIENTED_EDGE('',*,*,#2808,.F.);
#3124=ORIENTED_EDGE('',*,*,#3123,.T.);
#3126=ORIENTED_EDGE('',*,*,#3125,.T.);
#3128=ORIENTED_EDGE('',*,*,#3127,.T.);
#3129=ORIENTED_EDGE('',*,*,#2823,.F.);
#3131=ORIENTED_EDGE('',*,*,#3130,.T.);
#3133=ORIENTED_EDGE('',*,*,#3132,.T.);
#3135=ORIENTED_EDGE('',*,*,#3134,.T.);
#3136=ORIENTED_EDGE('',*,*,#2838,.F.);
#3138=ORIENTED_EDGE('',*,*,#3137,.T.);
#3140=ORIENTED_EDGE('',*,*,#3139,.T.);
#3142=ORIENTED_EDGE('',*,*,#3141,.T.);
#3143=ORIENTED_EDGE('',*,*,#2853,.F.);
#3145=ORIENTED_EDGE('',*,*,#3144,.T.);
#3147=ORIENTED_EDGE('',*,*,#3146,.T.);
#3149=ORIENTED_EDGE('',*,*,#3148,.T.);
#3150=ORIENTED_EDGE('',*,*,#2868,.F.);
#3152=ORIENTED_EDGE('',*,*,#3151,.T.);
#3154=ORIENTED_EDGE('',*,*,#3153,.T.);
#3156=ORIENTED_EDGE('',*,*,#3155,.T.);
#3157=ORIENTED_EDGE('',*,*,#2883,.F.);
#3159=ORIENTED_EDGE('',*,*,#3158,.T.);
#3161=ORIENTED_EDGE('',*,*,#3160,.T.);
#3163=ORIENTED_EDGE('',*,*,#3162,.T.);
#3164=ORIENTED_EDGE('',*,*,#2898,.F.);
#3166=ORIENTED_EDGE('',*,*,#3165,.T.);
#3168=ORIENTED_EDGE('',*,*,#3167,.T.);
#3170=ORIENTED_EDGE('',*,*,#3169,.T.);
#3171=ORIENTED_EDGE('',*,*,#2913,.F.);
#3173=ORIENTED_EDGE('',*,*,#3172,.T.);
#3175=ORIENTED_EDGE('',*,*,#3174,.T.);
#3177=ORIENTED_EDGE('',*,*,#3176,.T.);
#3178=ORIENTED_EDGE('',*,*,#2928,.F.);
#3180=ORIENTED_EDGE('',*,*,#3179,.T.);
#3182=ORIENTED_EDGE('',*,*,#3181,.T.);
#3184=ORIENTED_EDGE('',*,*,#3183,.T.);
#3185=ORIENTED_EDGE('',*,*,#2943,.F.);
#3187=ORIENTED_EDGE('',*,*,#3186,.T.);
#3189=ORIENTED_EDGE('',*,*,#3188,.T.);
#3190=ORIENTED_EDGE('',*,*,#2998,.F.);
#3191=EDGE_LOOP('',(#3115,#3116,#3117,#3119,#3121,#3122,#3124,#3126,#3128,#3129,
#3131,#3133,#3135,#3136,#3138,#3140,#3142,#3143,#3145,#3147,#3149,#3150,#3152,
#3154,#3156,#3157,#3159,#3161,#3163,#3164,#3166,#3168,#3170,#3171,#3173,#3175,
#3177,#3178,#3180,#3182,#3184,#3185,#3187,#3189,#3190));
#3192=FACE_OUTER_BOUND('',#3191,.F.);
#3193=ADVANCED_FACE('',(#3192),#3113,.F.);
#3194=CARTESIAN_POINT('',(0.E0,-3.E-1,0.E0));
#3195=DIRECTION('',(-7.071067811865E-1,7.071067811865E-1,0.E0));
#3196=DIRECTION('',(-7.071067811865E-1,-7.071067811865E-1,0.E0));
#3197=AXIS2_PLACEMENT_3D('',#3194,#3195,#3196);
#3198=PLANE('',#3197);
#3199=ORIENTED_EDGE('',*,*,#3100,.T.);
#3200=ORIENTED_EDGE('',*,*,#3114,.T.);
#3201=ORIENTED_EDGE('',*,*,#3085,.T.);
#3203=ORIENTED_EDGE('',*,*,#3202,.T.);
#3204=EDGE_LOOP('',(#3199,#3200,#3201,#3203));
#3205=FACE_OUTER_BOUND('',#3204,.F.);
#3206=ADVANCED_FACE('',(#3205),#3198,.F.);
#3207=CARTESIAN_POINT('',(0.E0,-3.000000000824E-1,0.E0));
#3208=DIRECTION('',(0.E0,1.E0,0.E0));
#3209=DIRECTION('',(0.E0,0.E0,-1.E0));
#3210=AXIS2_PLACEMENT_3D('',#3207,#3208,#3209);
#3211=CONICAL_SURFACE('',#3210,4.349999999918E0,4.5E1);
#3212=ORIENTED_EDGE('',*,*,#3202,.F.);
#3214=ORIENTED_EDGE('',*,*,#3213,.F.);
#3216=ORIENTED_EDGE('',*,*,#3215,.T.);
#3218=ORIENTED_EDGE('',*,*,#3217,.T.);
#3219=ORIENTED_EDGE('',*,*,#3102,.F.);
#3220=EDGE_LOOP('',(#3212,#3214,#3216,#3218,#3219));
#3221=FACE_OUTER_BOUND('',#3220,.F.);
#3222=ADVANCED_FACE('',(#3221),#3211,.T.);
#3223=CARTESIAN_POINT('',(0.E0,-3.000000000711E-1,0.E0));
#3224=DIRECTION('',(0.E0,1.E0,0.E0));
#3225=DIRECTION('',(0.E0,0.E0,-1.E0));
#3226=AXIS2_PLACEMENT_3D('',#3223,#3224,#3225);
#3227=CONICAL_SURFACE('',#3226,4.349999999929E0,4.5E1);
#3228=ORIENTED_EDGE('',*,*,#3083,.F.);
#3229=ORIENTED_EDGE('',*,*,#3104,.F.);
#3230=ORIENTED_EDGE('',*,*,#3217,.F.);
#3232=ORIENTED_EDGE('',*,*,#3231,.T.);
#3233=ORIENTED_EDGE('',*,*,#3213,.T.);
#3234=EDGE_LOOP('',(#3228,#3229,#3230,#3232,#3233));
#3235=FACE_OUTER_BOUND('',#3234,.F.);
#3236=ADVANCED_FACE('',(#3235),#3227,.T.);
#3237=CARTESIAN_POINT('',(0.E0,7.895E0,0.E0));
#3238=DIRECTION('',(0.E0,-1.E0,0.E0));
#3239=DIRECTION('',(0.E0,0.E0,1.E0));
#3240=AXIS2_PLACEMENT_3D('',#3237,#3238,#3239);
#3241=CYLINDRICAL_SURFACE('',#3240,4.45E0);
#3242=ORIENTED_EDGE('',*,*,#3231,.F.);
#3244=ORIENTED_EDGE('',*,*,#3243,.T.);
#3246=ORIENTED_EDGE('',*,*,#3245,.F.);
#3248=ORIENTED_EDGE('',*,*,#3247,.F.);
#3249=EDGE_LOOP('',(#3242,#3244,#3246,#3248));
#3250=FACE_OUTER_BOUND('',#3249,.F.);
#3251=ADVANCED_FACE('',(#3250),#3241,.T.);
#3252=CARTESIAN_POINT('',(0.E0,7.895E0,0.E0));
#3253=DIRECTION('',(0.E0,-1.E0,0.E0));
#3254=DIRECTION('',(0.E0,0.E0,1.E0));
#3255=AXIS2_PLACEMENT_3D('',#3252,#3253,#3254);
#3256=CYLINDRICAL_SURFACE('',#3255,4.45E0);
#3257=ORIENTED_EDGE('',*,*,#3215,.F.);
#3258=ORIENTED_EDGE('',*,*,#3247,.T.);
#3260=ORIENTED_EDGE('',*,*,#3259,.T.);
#3261=ORIENTED_EDGE('',*,*,#3243,.F.);
#3262=EDGE_LOOP('',(#3257,#3258,#3260,#3261));
#3263=FACE_OUTER_BOUND('',#3262,.F.);
#3264=ADVANCED_FACE('',(#3263),#3256,.T.);
#3265=CARTESIAN_POINT('',(0.E0,0.E0,0.E0));
#3266=DIRECTION('',(0.E0,-1.E0,0.E0));
#3267=DIRECTION('',(0.E0,0.E0,1.E0));
#3268=AXIS2_PLACEMENT_3D('',#3265,#3266,#3267);
#3269=PLANE('',#3268);
#3271=ORIENTED_EDGE('',*,*,#3270,.F.);
#3273=ORIENTED_EDGE('',*,*,#3272,.F.);
#3274=EDGE_LOOP('',(#3271,#3273));
#3275=FACE_OUTER_BOUND('',#3274,.F.);
#3276=ORIENTED_EDGE('',*,*,#3259,.F.);
#3277=ORIENTED_EDGE('',*,*,#3245,.T.);
#3278=EDGE_LOOP('',(#3276,#3277));
#3279=FACE_BOUND('',#3278,.F.);
#3281=ORIENTED_EDGE('',*,*,#3280,.F.);
#3283=ORIENTED_EDGE('',*,*,#3282,.F.);
#3284=EDGE_LOOP('',(#3281,#3283));
#3285=FACE_BOUND('',#3284,.F.);
#3287=ORIENTED_EDGE('',*,*,#3286,.F.);
#3289=ORIENTED_EDGE('',*,*,#3288,.F.);
#3290=EDGE_LOOP('',(#3287,#3289));
#3291=FACE_BOUND('',#3290,.F.);
#3293=ORIENTED_EDGE('',*,*,#3292,.F.);
#3295=ORIENTED_EDGE('',*,*,#3294,.F.);
#3296=EDGE_LOOP('',(#3293,#3295));
#3297=FACE_BOUND('',#3296,.F.);
#3299=ORIENTED_EDGE('',*,*,#3298,.F.);
#3301=ORIENTED_EDGE('',*,*,#3300,.F.);
#3302=EDGE_LOOP('',(#3299,#3301));
#3303=FACE_BOUND('',#3302,.F.);
#3305=ORIENTED_EDGE('',*,*,#3304,.F.);
#3307=ORIENTED_EDGE('',*,*,#3306,.F.);
#3308=EDGE_LOOP('',(#3305,#3307));
#3309=FACE_BOUND('',#3308,.F.);
#3311=ORIENTED_EDGE('',*,*,#3310,.F.);
#3313=ORIENTED_EDGE('',*,*,#3312,.F.);
#3314=EDGE_LOOP('',(#3311,#3313));
#3315=FACE_BOUND('',#3314,.F.);
#3317=ORIENTED_EDGE('',*,*,#3316,.F.);
#3319=ORIENTED_EDGE('',*,*,#3318,.F.);
#3320=EDGE_LOOP('',(#3317,#3319));
#3321=FACE_BOUND('',#3320,.F.);
#3323=ORIENTED_EDGE('',*,*,#3322,.F.);
#3325=ORIENTED_EDGE('',*,*,#3324,.F.);
#3326=EDGE_LOOP('',(#3323,#3325));
#3327=FACE_BOUND('',#3326,.F.);
#3328=ADVANCED_FACE('',(#3275,#3279,#3285,#3291,#3297,#3303,#3309,#3315,#3321,
#3327),#3269,.T.);
#3329=CARTESIAN_POINT('',(0.E0,0.E0,0.E0));
#3330=DIRECTION('',(0.E0,-1.E0,0.E0));
#3331=DIRECTION('',(0.E0,0.E0,1.E0));
#3332=AXIS2_PLACEMENT_3D('',#3329,#3330,#3331);
#3333=CYLINDRICAL_SURFACE('',#3332,8.25E0);
#3334=ORIENTED_EDGE('',*,*,#3270,.T.);
#3336=ORIENTED_EDGE('',*,*,#3335,.T.);
#3338=ORIENTED_EDGE('',*,*,#3337,.F.);
#3340=ORIENTED_EDGE('',*,*,#3339,.F.);
#3341=EDGE_LOOP('',(#3334,#3336,#3338,#3340));
#3342=FACE_OUTER_BOUND('',#3341,.F.);
#3343=ADVANCED_FACE('',(#3342),#3333,.T.);
#3344=CARTESIAN_POINT('',(0.E0,0.E0,0.E0));
#3345=DIRECTION('',(0.E0,-1.E0,0.E0));
#3346=DIRECTION('',(0.E0,0.E0,1.E0));
#3347=AXIS2_PLACEMENT_3D('',#3344,#3345,#3346);
#3348=CYLINDRICAL_SURFACE('',#3347,8.25E0);
#3349=ORIENTED_EDGE('',*,*,#3272,.T.);
#3350=ORIENTED_EDGE('',*,*,#3339,.T.);
#3352=ORIENTED_EDGE('',*,*,#3351,.F.);
#3353=ORIENTED_EDGE('',*,*,#3335,.F.);
#3354=EDGE_LOOP('',(#3349,#3350,#3352,#3353));
#3355=FACE_OUTER_BOUND('',#3354,.F.);
#3356=ADVANCED_FACE('',(#3355),#3348,.T.);
#3357=CARTESIAN_POINT('',(0.E0,5.E-1,0.E0));
#3358=DIRECTION('',(0.E0,-1.E0,0.E0));
#3359=DIRECTION('',(0.E0,0.E0,1.E0));
#3360=AXIS2_PLACEMENT_3D('',#3357,#3358,#3359);
#3361=PLANE('',#3360);
#3362=ORIENTED_EDGE('',*,*,#3337,.T.);
#3363=ORIENTED_EDGE('',*,*,#3351,.T.);
#3364=EDGE_LOOP('',(#3362,#3363));
#3365=FACE_OUTER_BOUND('',#3364,.F.);
#3367=ORIENTED_EDGE('',*,*,#3366,.F.);
#3369=ORIENTED_EDGE('',*,*,#3368,.F.);
#3370=EDGE_LOOP('',(#3367,#3369));
#3371=FACE_BOUND('',#3370,.F.);
#3372=ADVANCED_FACE('',(#3365,#3371),#3361,.F.);
#3373=CARTESIAN_POINT('',(0.E0,7.5E0,0.E0));
#3374=DIRECTION('',(0.E0,1.E0,0.E0));
#3375=DIRECTION('',(1.E0,0.E0,0.E0));
#3376=AXIS2_PLACEMENT_3D('',#3373,#3374,#3375);
#3377=CYLINDRICAL_SURFACE('',#3376,7.5E0);
#3378=ORIENTED_EDGE('',*,*,#3366,.T.);
#3380=ORIENTED_EDGE('',*,*,#3379,.F.);
#3382=ORIENTED_EDGE('',*,*,#3381,.T.);
#3384=ORIENTED_EDGE('',*,*,#3383,.T.);
#3385=EDGE_LOOP('',(#3378,#3380,#3382,#3384));
#3386=FACE_OUTER_BOUND('',#3385,.F.);
#3387=ADVANCED_FACE('',(#3386),#3377,.T.);
#3388=CARTESIAN_POINT('',(0.E0,7.5E0,0.E0));
#3389=DIRECTION('',(0.E0,1.E0,0.E0));
#3390=DIRECTION('',(1.E0,0.E0,0.E0));
#3391=AXIS2_PLACEMENT_3D('',#3388,#3389,#3390);
#3392=CYLINDRICAL_SURFACE('',#3391,7.5E0);
#3393=ORIENTED_EDGE('',*,*,#3368,.T.);
#3394=ORIENTED_EDGE('',*,*,#3383,.F.);
#3396=ORIENTED_EDGE('',*,*,#3395,.T.);
#3397=ORIENTED_EDGE('',*,*,#3379,.T.);
#3398=EDGE_LOOP('',(#3393,#3394,#3396,#3397));
#3399=FACE_OUTER_BOUND('',#3398,.F.);
#3400=ADVANCED_FACE('',(#3399),#3392,.T.);
#3401=CARTESIAN_POINT('',(0.E0,5.900000000044E0,0.E0));
#3402=DIRECTION('',(0.E0,-1.E0,0.E0));
#3403=DIRECTION('',(0.E0,0.E0,-1.E0));
#3404=AXIS2_PLACEMENT_3D('',#3401,#3402,#3403);
#3405=CONICAL_SURFACE('',#3404,7.399999999956E0,4.5E1);
#3407=ORIENTED_EDGE('',*,*,#3406,.T.);
#3409=ORIENTED_EDGE('',*,*,#3408,.T.);
#3410=ORIENTED_EDGE('',*,*,#3395,.F.);
#3412=ORIENTED_EDGE('',*,*,#3411,.F.);
#3413=EDGE_LOOP('',(#3407,#3409,#3410,#3412));
#3414=FACE_OUTER_BOUND('',#3413,.F.);
#3415=ADVANCED_FACE('',(#3414),#3405,.T.);
#3416=CARTESIAN_POINT('',(0.E0,6.E0,0.E0));
#3417=DIRECTION('',(0.E0,-1.E0,0.E0));
#3418=DIRECTION('',(0.E0,0.E0,1.E0));
#3419=AXIS2_PLACEMENT_3D('',#3416,#3417,#3418);
#3420=PLANE('',#3419);
#3422=ORIENTED_EDGE('',*,*,#3421,.F.);
#3423=ORIENTED_EDGE('',*,*,#3406,.F.);
#3424=EDGE_LOOP('',(#3422,#3423));
#3425=FACE_OUTER_BOUND('',#3424,.F.);
#3427=ORIENTED_EDGE('',*,*,#3426,.T.);
#3429=ORIENTED_EDGE('',*,*,#3428,.T.);
#3430=EDGE_LOOP('',(#3427,#3429));
#3431=FACE_BOUND('',#3430,.F.);
#3433=ORIENTED_EDGE('',*,*,#3432,.T.);
#3435=ORIENTED_EDGE('',*,*,#3434,.T.);
#3436=EDGE_LOOP('',(#3433,#3435));
#3437=FACE_BOUND('',#3436,.F.);
#3439=ORIENTED_EDGE('',*,*,#3438,.T.);
#3441=ORIENTED_EDGE('',*,*,#3440,.T.);
#3442=EDGE_LOOP('',(#3439,#3441));
#3443=FACE_BOUND('',#3442,.F.);
#3445=ORIENTED_EDGE('',*,*,#3444,.T.);
#3447=ORIENTED_EDGE('',*,*,#3446,.T.);
#3448=EDGE_LOOP('',(#3445,#3447));
#3449=FACE_BOUND('',#3448,.F.);
#3451=ORIENTED_EDGE('',*,*,#3450,.T.);
#3453=ORIENTED_EDGE('',*,*,#3452,.T.);
#3454=EDGE_LOOP('',(#3451,#3453));
#3455=FACE_BOUND('',#3454,.F.);
#3457=ORIENTED_EDGE('',*,*,#3456,.T.);
#3459=ORIENTED_EDGE('',*,*,#3458,.T.);
#3460=EDGE_LOOP('',(#3457,#3459));
#3461=FACE_BOUND('',#3460,.F.);
#3463=ORIENTED_EDGE('',*,*,#3462,.T.);
#3465=ORIENTED_EDGE('',*,*,#3464,.T.);
#3466=EDGE_LOOP('',(#3463,#3465));
#3467=FACE_BOUND('',#3466,.F.);
#3469=ORIENTED_EDGE('',*,*,#3468,.T.);
#3471=ORIENTED_EDGE('',*,*,#3470,.T.);
#3472=EDGE_LOOP('',(#3469,#3471));
#3473=FACE_BOUND('',#3472,.F.);
#3475=ORIENTED_EDGE('',*,*,#3474,.F.);
#3477=ORIENTED_EDGE('',*,*,#3476,.T.);
#3478=EDGE_LOOP('',(#3475,#3477));
#3479=FACE_BOUND('',#3478,.F.);
#3480=ADVANCED_FACE('',(#3425,#3431,#3437,#3443,#3449,#3455,#3461,#3467,#3473,
#3479),#3420,.F.);
#3481=CARTESIAN_POINT('',(0.E0,7.895E0,0.E0));
#3482=DIRECTION('',(0.E0,-1.E0,0.E0));
#3483=DIRECTION('',(0.E0,0.E0,1.E0));
#3484=AXIS2_PLACEMENT_3D('',#3481,#3482,#3483);
#3485=CYLINDRICAL_SURFACE('',#3484,4.E0);
#3487=ORIENTED_EDGE('',*,*,#3486,.T.);
#3489=ORIENTED_EDGE('',*,*,#3488,.F.);
#3490=ORIENTED_EDGE('',*,*,#3474,.T.);
#3492=ORIENTED_EDGE('',*,*,#3491,.T.);
#3493=EDGE_LOOP('',(#3487,#3489,#3490,#3492));
#3494=FACE_OUTER_BOUND('',#3493,.F.);
#3495=ADVANCED_FACE('',(#3494),#3485,.T.);
#3496=CARTESIAN_POINT('',(0.E0,7.400000000140E0,0.E0));
#3497=DIRECTION('',(0.E0,-1.E0,0.E0));
#3498=DIRECTION('',(0.E0,0.E0,-1.E0));
#3499=AXIS2_PLACEMENT_3D('',#3496,#3497,#3498);
#3500=CONICAL_SURFACE('',#3499,3.899999999860E0,4.5E1);
#3502=ORIENTED_EDGE('',*,*,#3501,.T.);
#3504=ORIENTED_EDGE('',*,*,#3503,.T.);
#3505=ORIENTED_EDGE('',*,*,#3486,.F.);
#3507=ORIENTED_EDGE('',*,*,#3506,.F.);
#3508=EDGE_LOOP('',(#3502,#3504,#3505,#3507));
#3509=FACE_OUTER_BOUND('',#3508,.F.);
#3510=ADVANCED_FACE('',(#3509),#3500,.T.);
#3511=CARTESIAN_POINT('',(0.E0,7.5E0,0.E0));
#3512=DIRECTION('',(0.E0,-1.E0,0.E0));
#3513=DIRECTION('',(0.E0,0.E0,1.E0));
#3514=AXIS2_PLACEMENT_3D('',#3511,#3512,#3513);
#3515=PLANE('',#3514);
#3517=ORIENTED_EDGE('',*,*,#3516,.F.);
#3518=ORIENTED_EDGE('',*,*,#3501,.F.);
#3519=EDGE_LOOP('',(#3517,#3518));
#3520=FACE_OUTER_BOUND('',#3519,.F.);
#3522=ORIENTED_EDGE('',*,*,#3521,.F.);
#3524=ORIENTED_EDGE('',*,*,#3523,.F.);
#3525=EDGE_LOOP('',(#3522,#3524));
#3526=FACE_BOUND('',#3525,.F.);
#3528=ORIENTED_EDGE('',*,*,#3527,.F.);
#3530=ORIENTED_EDGE('',*,*,#3529,.F.);
#3531=EDGE_LOOP('',(#3528,#3530));
#3532=FACE_BOUND('',#3531,.F.);
#3533=ADVANCED_FACE('',(#3520,#3526,#3532),#3515,.F.);
#3534=CARTESIAN_POINT('',(0.E0,7.400000000140E0,0.E0));
#3535=DIRECTION('',(0.E0,-1.E0,0.E0));
#3536=DIRECTION('',(0.E0,0.E0,-1.E0));
#3537=AXIS2_PLACEMENT_3D('',#3534,#3535,#3536);
#3538=CONICAL_SURFACE('',#3537,3.899999999860E0,4.5E1);
#3539=ORIENTED_EDGE('',*,*,#3516,.T.);
#3540=ORIENTED_EDGE('',*,*,#3506,.T.);
#3542=ORIENTED_EDGE('',*,*,#3541,.F.);
#3543=ORIENTED_EDGE('',*,*,#3503,.F.);
#3544=EDGE_LOOP('',(#3539,#3540,#3542,#3543));
#3545=FACE_OUTER_BOUND('',#3544,.F.);
#3546=ADVANCED_FACE('',(#3545),#3538,.T.);
#3547=CARTESIAN_POINT('',(0.E0,7.895E0,0.E0));
#3548=DIRECTION('',(0.E0,-1.E0,0.E0));
#3549=DIRECTION('',(0.E0,0.E0,1.E0));
#3550=AXIS2_PLACEMENT_3D('',#3547,#3548,#3549);
#3551=CYLINDRICAL_SURFACE('',#3550,4.E0);
#3552=ORIENTED_EDGE('',*,*,#3541,.T.);
#3553=ORIENTED_EDGE('',*,*,#3491,.F.);
#3554=ORIENTED_EDGE('',*,*,#3476,.F.);
#3555=ORIENTED_EDGE('',*,*,#3488,.T.);
#3556=EDGE_LOOP('',(#3552,#3553,#3554,#3555));
#3557=FACE_OUTER_BOUND('',#3556,.F.);
#3558=ADVANCED_FACE('',(#3557),#3551,.T.);
#3559=CARTESIAN_POINT('',(0.E0,7.399999999617E0,0.E0));
#3560=DIRECTION('',(0.E0,1.E0,0.E0));
#3561=DIRECTION('',(0.E0,0.E0,-1.E0));
#3562=AXIS2_PLACEMENT_3D('',#3559,#3560,#3561);
#3563=CONICAL_SURFACE('',#3562,2.999999999617E0,4.5E1);
#3564=ORIENTED_EDGE('',*,*,#3521,.T.);
#3566=ORIENTED_EDGE('',*,*,#3565,.T.);
#3568=ORIENTED_EDGE('',*,*,#3567,.F.);
#3570=ORIENTED_EDGE('',*,*,#3569,.F.);
#3571=EDGE_LOOP('',(#3564,#3566,#3568,#3570));
#3572=FACE_OUTER_BOUND('',#3571,.F.);
#3573=ADVANCED_FACE('',(#3572),#3563,.F.);
#3574=CARTESIAN_POINT('',(0.E0,7.399999999617E0,0.E0));
#3575=DIRECTION('',(0.E0,1.E0,0.E0));
#3576=DIRECTION('',(0.E0,0.E0,-1.E0));
#3577=AXIS2_PLACEMENT_3D('',#3574,#3575,#3576);
#3578=CONICAL_SURFACE('',#3577,2.999999999617E0,4.5E1);
#3579=ORIENTED_EDGE('',*,*,#3523,.T.);
#3580=ORIENTED_EDGE('',*,*,#3569,.T.);
#3582=ORIENTED_EDGE('',*,*,#3581,.F.);
#3583=ORIENTED_EDGE('',*,*,#3565,.F.);
#3584=EDGE_LOOP('',(#3579,#3580,#3582,#3583));
#3585=FACE_OUTER_BOUND('',#3584,.F.);
#3586=ADVANCED_FACE('',(#3585),#3578,.F.);
#3587=CARTESIAN_POINT('',(0.E0,7.5E0,0.E0));
#3588=DIRECTION('',(0.E0,1.E0,0.E0));
#3589=DIRECTION('',(1.E0,0.E0,0.E0));
#3590=AXIS2_PLACEMENT_3D('',#3587,#3588,#3589);
#3591=CYLINDRICAL_SURFACE('',#3590,2.9E0);
#3592=ORIENTED_EDGE('',*,*,#3581,.T.);
#3594=ORIENTED_EDGE('',*,*,#3593,.T.);
#3596=ORIENTED_EDGE('',*,*,#3595,.T.);
#3598=ORIENTED_EDGE('',*,*,#3597,.F.);
#3599=EDGE_LOOP('',(#3592,#3594,#3596,#3598));
#3600=FACE_OUTER_BOUND('',#3599,.F.);
#3601=ADVANCED_FACE('',(#3600),#3591,.F.);
#3602=CARTESIAN_POINT('',(0.E0,7.5E0,0.E0));
#3603=DIRECTION('',(0.E0,1.E0,0.E0));
#3604=DIRECTION('',(1.E0,0.E0,0.E0));
#3605=AXIS2_PLACEMENT_3D('',#3602,#3603,#3604);
#3606=CYLINDRICAL_SURFACE('',#3605,2.9E0);
#3607=ORIENTED_EDGE('',*,*,#3567,.T.);
#3608=ORIENTED_EDGE('',*,*,#3597,.T.);
#3610=ORIENTED_EDGE('',*,*,#3609,.T.);
#3611=ORIENTED_EDGE('',*,*,#3593,.F.);
#3612=EDGE_LOOP('',(#3607,#3608,#3610,#3611));
#3613=FACE_OUTER_BOUND('',#3612,.F.);
#3614=ADVANCED_FACE('',(#3613),#3606,.F.);
#3615=CARTESIAN_POINT('',(0.E0,5.5E0,0.E0));
#3616=DIRECTION('',(0.E0,1.E0,0.E0));
#3617=DIRECTION('',(1.E0,0.E0,0.E0));
#3618=AXIS2_PLACEMENT_3D('',#3615,#3616,#3617);
#3619=PLANE('',#3618);
#3620=ORIENTED_EDGE('',*,*,#3595,.F.);
#3621=ORIENTED_EDGE('',*,*,#3609,.F.);
#3622=EDGE_LOOP('',(#3620,#3621));
#3623=FACE_OUTER_BOUND('',#3622,.F.);
#3624=ORIENTED_EDGE('',*,*,#2415,.T.);
#3625=ORIENTED_EDGE('',*,*,#2400,.T.);
#3626=EDGE_LOOP('',(#3624,#3625));
#3627=FACE_BOUND('',#3626,.F.);
#3628=ADVANCED_FACE('',(#3623,#3627),#3619,.T.);
#3629=CARTESIAN_POINT('',(0.E0,7.388040492015E0,-3.45E0));
#3630=DIRECTION('',(0.E0,1.E0,0.E0));
#3631=DIRECTION('',(0.E0,0.E0,-1.E0));
#3632=AXIS2_PLACEMENT_3D('',#3629,#3630,#3631);
#3633=CONICAL_SURFACE('',#3632,1.380404920152E-1,4.5E1);
#3634=ORIENTED_EDGE('',*,*,#3527,.T.);
#3636=ORIENTED_EDGE('',*,*,#3635,.F.);
#3638=ORIENTED_EDGE('',*,*,#3637,.T.);
#3639=EDGE_LOOP('',(#3634,#3636,#3638));
#3640=FACE_OUTER_BOUND('',#3639,.F.);
#3641=ADVANCED_FACE('',(#3640),#3633,.F.);
#3642=CARTESIAN_POINT('',(0.E0,7.388040492015E0,-3.45E0));
#3643=DIRECTION('',(0.E0,1.E0,0.E0));
#3644=DIRECTION('',(0.E0,0.E0,-1.E0));
#3645=AXIS2_PLACEMENT_3D('',#3642,#3643,#3644);
#3646=CONICAL_SURFACE('',#3645,1.380404920152E-1,4.5E1);
#3647=ORIENTED_EDGE('',*,*,#3529,.T.);
#3648=ORIENTED_EDGE('',*,*,#3637,.F.);
#3649=ORIENTED_EDGE('',*,*,#3635,.T.);
#3650=EDGE_LOOP('',(#3647,#3648,#3649));
#3651=FACE_OUTER_BOUND('',#3650,.F.);
#3652=ADVANCED_FACE('',(#3651),#3646,.F.);
#3653=CARTESIAN_POINT('',(0.E0,5.875E0,-6.E0));
#3654=DIRECTION('',(0.E0,1.E0,0.E0));
#3655=DIRECTION('',(1.E0,0.E0,0.E0));
#3656=AXIS2_PLACEMENT_3D('',#3653,#3654,#3655);
#3657=CONICAL_SURFACE('',#3656,9.25E-1,4.5E1);
#3658=ORIENTED_EDGE('',*,*,#3426,.F.);
#3660=ORIENTED_EDGE('',*,*,#3659,.F.);
#3662=ORIENTED_EDGE('',*,*,#3661,.T.);
#3664=ORIENTED_EDGE('',*,*,#3663,.T.);
#3665=EDGE_LOOP('',(#3658,#3660,#3662,#3664));
#3666=FACE_OUTER_BOUND('',#3665,.F.);
#3667=ADVANCED_FACE('',(#3666),#3657,.F.);
#3668=CARTESIAN_POINT('',(0.E0,5.875E0,-6.E0));
#3669=DIRECTION('',(0.E0,1.E0,0.E0));
#3670=DIRECTION('',(1.E0,0.E0,0.E0));
#3671=AXIS2_PLACEMENT_3D('',#3668,#3669,#3670);
#3672=CONICAL_SURFACE('',#3671,9.25E-1,4.5E1);
#3673=ORIENTED_EDGE('',*,*,#3428,.F.);
#3674=ORIENTED_EDGE('',*,*,#3663,.F.);
#3676=ORIENTED_EDGE('',*,*,#3675,.F.);
#3677=ORIENTED_EDGE('',*,*,#3659,.T.);
#3678=EDGE_LOOP('',(#3673,#3674,#3676,#3677));
#3679=FACE_OUTER_BOUND('',#3678,.F.);
#3680=ADVANCED_FACE('',(#3679),#3672,.F.);
#3681=CARTESIAN_POINT('',(0.E0,-1.549500000127E0,-6.E0));
#3682=DIRECTION('',(0.E0,1.E0,0.E0));
#3683=DIRECTION('',(1.E0,0.E0,0.E0));
#3684=AXIS2_PLACEMENT_3D('',#3681,#3682,#3683);
#3685=CYLINDRICAL_SURFACE('',#3684,8.E-1);
#3687=ORIENTED_EDGE('',*,*,#3686,.T.);
#3688=ORIENTED_EDGE('',*,*,#3675,.T.);
#3690=ORIENTED_EDGE('',*,*,#3689,.F.);
#3691=ORIENTED_EDGE('',*,*,#3280,.T.);
#3692=EDGE_LOOP('',(#3687,#3688,#3690,#3691));
#3693=FACE_OUTER_BOUND('',#3692,.F.);
#3694=ADVANCED_FACE('',(#3693),#3685,.F.);
#3695=CARTESIAN_POINT('',(0.E0,-1.549500000127E0,-6.E0));
#3696=DIRECTION('',(0.E0,1.E0,0.E0));
#3697=DIRECTION('',(1.E0,0.E0,0.E0));
#3698=AXIS2_PLACEMENT_3D('',#3695,#3696,#3697);
#3699=CYLINDRICAL_SURFACE('',#3698,8.E-1);
#3700=ORIENTED_EDGE('',*,*,#3686,.F.);
#3701=ORIENTED_EDGE('',*,*,#3282,.T.);
#3702=ORIENTED_EDGE('',*,*,#3689,.T.);
#3703=ORIENTED_EDGE('',*,*,#3661,.F.);
#3704=EDGE_LOOP('',(#3700,#3701,#3702,#3703));
#3705=FACE_OUTER_BOUND('',#3704,.F.);
#3706=ADVANCED_FACE('',(#3705),#3699,.F.);
#3707=CARTESIAN_POINT('',(4.242640687119E0,5.875E0,-4.242640687119E0));
#3708=DIRECTION('',(0.E0,1.E0,0.E0));
#3709=DIRECTION('',(7.071067811865E-1,0.E0,7.071067811865E-1));
#3710=AXIS2_PLACEMENT_3D('',#3707,#3708,#3709);
#3711=CONICAL_SURFACE('',#3710,9.25E-1,4.5E1);
#3712=ORIENTED_EDGE('',*,*,#3432,.F.);
#3714=ORIENTED_EDGE('',*,*,#3713,.F.);
#3716=ORIENTED_EDGE('',*,*,#3715,.T.);
#3718=ORIENTED_EDGE('',*,*,#3717,.T.);
#3719=EDGE_LOOP('',(#3712,#3714,#3716,#3718));
#3720=FACE_OUTER_BOUND('',#3719,.F.);
#3721=ADVANCED_FACE('',(#3720),#3711,.F.);
#3722=CARTESIAN_POINT('',(4.242640687119E0,5.875E0,-4.242640687119E0));
#3723=DIRECTION('',(0.E0,1.E0,0.E0));
#3724=DIRECTION('',(7.071067811865E-1,0.E0,7.071067811865E-1));
#3725=AXIS2_PLACEMENT_3D('',#3722,#3723,#3724);
#3726=CONICAL_SURFACE('',#3725,9.25E-1,4.5E1);
#3727=ORIENTED_EDGE('',*,*,#3434,.F.);
#3728=ORIENTED_EDGE('',*,*,#3717,.F.);
#3730=ORIENTED_EDGE('',*,*,#3729,.F.);
#3731=ORIENTED_EDGE('',*,*,#3713,.T.);
#3732=EDGE_LOOP('',(#3727,#3728,#3730,#3731));
#3733=FACE_OUTER_BOUND('',#3732,.F.);
#3734=ADVANCED_FACE('',(#3733),#3726,.F.);
#3735=CARTESIAN_POINT('',(4.242640687119E0,-1.549500000127E0,
-4.242640687119E0));
#3736=DIRECTION('',(0.E0,1.E0,0.E0));
#3737=DIRECTION('',(7.071067811865E-1,0.E0,7.071067811865E-1));
#3738=AXIS2_PLACEMENT_3D('',#3735,#3736,#3737);
#3739=CYLINDRICAL_SURFACE('',#3738,8.E-1);
#3741=ORIENTED_EDGE('',*,*,#3740,.T.);
#3742=ORIENTED_EDGE('',*,*,#3729,.T.);
#3744=ORIENTED_EDGE('',*,*,#3743,.F.);
#3745=ORIENTED_EDGE('',*,*,#3286,.T.);
#3746=EDGE_LOOP('',(#3741,#3742,#3744,#3745));
#3747=FACE_OUTER_BOUND('',#3746,.F.);
#3748=ADVANCED_FACE('',(#3747),#3739,.F.);
#3749=CARTESIAN_POINT('',(4.242640687119E0,-1.549500000127E0,
-4.242640687119E0));
#3750=DIRECTION('',(0.E0,1.E0,0.E0));
#3751=DIRECTION('',(7.071067811865E-1,0.E0,7.071067811865E-1));
#3752=AXIS2_PLACEMENT_3D('',#3749,#3750,#3751);
#3753=CYLINDRICAL_SURFACE('',#3752,8.E-1);
#3754=ORIENTED_EDGE('',*,*,#3740,.F.);
#3755=ORIENTED_EDGE('',*,*,#3288,.T.);
#3756=ORIENTED_EDGE('',*,*,#3743,.T.);
#3757=ORIENTED_EDGE('',*,*,#3715,.F.);
#3758=EDGE_LOOP('',(#3754,#3755,#3756,#3757));
#3759=FACE_OUTER_BOUND('',#3758,.F.);
#3760=ADVANCED_FACE('',(#3759),#3753,.F.);
#3761=CARTESIAN_POINT('',(6.E0,5.875E0,0.E0));
#3762=DIRECTION('',(0.E0,1.E0,0.E0));
#3763=DIRECTION('',(0.E0,0.E0,1.E0));
#3764=AXIS2_PLACEMENT_3D('',#3761,#3762,#3763);
#3765=CONICAL_SURFACE('',#3764,9.25E-1,4.5E1);
#3766=ORIENTED_EDGE('',*,*,#3438,.F.);
#3768=ORIENTED_EDGE('',*,*,#3767,.F.);
#3770=ORIENTED_EDGE('',*,*,#3769,.T.);
#3772=ORIENTED_EDGE('',*,*,#3771,.T.);
#3773=EDGE_LOOP('',(#3766,#3768,#3770,#3772));
#3774=FACE_OUTER_BOUND('',#3773,.F.);
#3775=ADVANCED_FACE('',(#3774),#3765,.F.);
#3776=CARTESIAN_POINT('',(6.E0,5.875E0,0.E0));
#3777=DIRECTION('',(0.E0,1.E0,0.E0));
#3778=DIRECTION('',(0.E0,0.E0,1.E0));
#3779=AXIS2_PLACEMENT_3D('',#3776,#3777,#3778);
#3780=CONICAL_SURFACE('',#3779,9.25E-1,4.5E1);
#3781=ORIENTED_EDGE('',*,*,#3440,.F.);
#3782=ORIENTED_EDGE('',*,*,#3771,.F.);
#3784=ORIENTED_EDGE('',*,*,#3783,.F.);
#3785=ORIENTED_EDGE('',*,*,#3767,.T.);
#3786=EDGE_LOOP('',(#3781,#3782,#3784,#3785));
#3787=FACE_OUTER_BOUND('',#3786,.F.);
#3788=ADVANCED_FACE('',(#3787),#3780,.F.);
#3789=CARTESIAN_POINT('',(6.E0,-1.549500000127E0,0.E0));
#3790=DIRECTION('',(0.E0,1.E0,0.E0));
#3791=DIRECTION('',(0.E0,0.E0,1.E0));
#3792=AXIS2_PLACEMENT_3D('',#3789,#3790,#3791);
#3793=CYLINDRICAL_SURFACE('',#3792,8.E-1);
#3795=ORIENTED_EDGE('',*,*,#3794,.T.);
#3796=ORIENTED_EDGE('',*,*,#3783,.T.);
#3798=ORIENTED_EDGE('',*,*,#3797,.F.);
#3799=ORIENTED_EDGE('',*,*,#3292,.T.);
#3800=EDGE_LOOP('',(#3795,#3796,#3798,#3799));
#3801=FACE_OUTER_BOUND('',#3800,.F.);
#3802=ADVANCED_FACE('',(#3801),#3793,.F.);
#3803=CARTESIAN_POINT('',(6.E0,-1.549500000127E0,0.E0));
#3804=DIRECTION('',(0.E0,1.E0,0.E0));
#3805=DIRECTION('',(0.E0,0.E0,1.E0));
#3806=AXIS2_PLACEMENT_3D('',#3803,#3804,#3805);
#3807=CYLINDRICAL_SURFACE('',#3806,8.E-1);
#3808=ORIENTED_EDGE('',*,*,#3794,.F.);
#3809=ORIENTED_EDGE('',*,*,#3294,.T.);
#3810=ORIENTED_EDGE('',*,*,#3797,.T.);
#3811=ORIENTED_EDGE('',*,*,#3769,.F.);
#3812=EDGE_LOOP('',(#3808,#3809,#3810,#3811));
#3813=FACE_OUTER_BOUND('',#3812,.F.);
#3814=ADVANCED_FACE('',(#3813),#3807,.F.);
#3815=CARTESIAN_POINT('',(4.242640687119E0,5.875E0,4.242640687119E0));
#3816=DIRECTION('',(0.E0,1.E0,0.E0));
#3817=DIRECTION('',(-7.071067811865E-1,0.E0,7.071067811865E-1));
#3818=AXIS2_PLACEMENT_3D('',#3815,#3816,#3817);
#3819=CONICAL_SURFACE('',#3818,9.25E-1,4.5E1);
#3820=ORIENTED_EDGE('',*,*,#3444,.F.);
#3822=ORIENTED_EDGE('',*,*,#3821,.F.);
#3824=ORIENTED_EDGE('',*,*,#3823,.T.);
#3826=ORIENTED_EDGE('',*,*,#3825,.T.);
#3827=EDGE_LOOP('',(#3820,#3822,#3824,#3826));
#3828=FACE_OUTER_BOUND('',#3827,.F.);
#3829=ADVANCED_FACE('',(#3828),#3819,.F.);
#3830=CARTESIAN_POINT('',(4.242640687119E0,5.875E0,4.242640687119E0));
#3831=DIRECTION('',(0.E0,1.E0,0.E0));
#3832=DIRECTION('',(-7.071067811865E-1,0.E0,7.071067811865E-1));
#3833=AXIS2_PLACEMENT_3D('',#3830,#3831,#3832);
#3834=CONICAL_SURFACE('',#3833,9.25E-1,4.5E1);
#3835=ORIENTED_EDGE('',*,*,#3446,.F.);
#3836=ORIENTED_EDGE('',*,*,#3825,.F.);
#3838=ORIENTED_EDGE('',*,*,#3837,.F.);
#3839=ORIENTED_EDGE('',*,*,#3821,.T.);
#3840=EDGE_LOOP('',(#3835,#3836,#3838,#3839));
#3841=FACE_OUTER_BOUND('',#3840,.F.);
#3842=ADVANCED_FACE('',(#3841),#3834,.F.);
#3843=CARTESIAN_POINT('',(4.242640687119E0,-1.549500000127E0,4.242640687119E0));
#3844=DIRECTION('',(0.E0,1.E0,0.E0));
#3845=DIRECTION('',(-7.071067811865E-1,0.E0,7.071067811865E-1));
#3846=AXIS2_PLACEMENT_3D('',#3843,#3844,#3845);
#3847=CYLINDRICAL_SURFACE('',#3846,8.E-1);
#3849=ORIENTED_EDGE('',*,*,#3848,.T.);
#3850=ORIENTED_EDGE('',*,*,#3837,.T.);
#3852=ORIENTED_EDGE('',*,*,#3851,.F.);
#3853=ORIENTED_EDGE('',*,*,#3298,.T.);
#3854=EDGE_LOOP('',(#3849,#3850,#3852,#3853));
#3855=FACE_OUTER_BOUND('',#3854,.F.);
#3856=ADVANCED_FACE('',(#3855),#3847,.F.);
#3857=CARTESIAN_POINT('',(4.242640687119E0,-1.549500000127E0,4.242640687119E0));
#3858=DIRECTION('',(0.E0,1.E0,0.E0));
#3859=DIRECTION('',(-7.071067811865E-1,0.E0,7.071067811865E-1));
#3860=AXIS2_PLACEMENT_3D('',#3857,#3858,#3859);
#3861=CYLINDRICAL_SURFACE('',#3860,8.E-1);
#3862=ORIENTED_EDGE('',*,*,#3848,.F.);
#3863=ORIENTED_EDGE('',*,*,#3300,.T.);
#3864=ORIENTED_EDGE('',*,*,#3851,.T.);
#3865=ORIENTED_EDGE('',*,*,#3823,.F.);
#3866=EDGE_LOOP('',(#3862,#3863,#3864,#3865));
#3867=FACE_OUTER_BOUND('',#3866,.F.);
#3868=ADVANCED_FACE('',(#3867),#3861,.F.);
#3869=CARTESIAN_POINT('',(0.E0,5.875E0,6.E0));
#3870=DIRECTION('',(0.E0,1.E0,0.E0));
#3871=DIRECTION('',(-1.E0,0.E0,0.E0));
#3872=AXIS2_PLACEMENT_3D('',#3869,#3870,#3871);
#3873=CONICAL_SURFACE('',#3872,9.25E-1,4.5E1);
#3874=ORIENTED_EDGE('',*,*,#3450,.F.);
#3876=ORIENTED_EDGE('',*,*,#3875,.F.);
#3878=ORIENTED_EDGE('',*,*,#3877,.T.);
#3880=ORIENTED_EDGE('',*,*,#3879,.T.);
#3881=EDGE_LOOP('',(#3874,#3876,#3878,#3880));
#3882=FACE_OUTER_BOUND('',#3881,.F.);
#3883=ADVANCED_FACE('',(#3882),#3873,.F.);
#3884=CARTESIAN_POINT('',(0.E0,5.875E0,6.E0));
#3885=DIRECTION('',(0.E0,1.E0,0.E0));
#3886=DIRECTION('',(-1.E0,0.E0,0.E0));
#3887=AXIS2_PLACEMENT_3D('',#3884,#3885,#3886);
#3888=CONICAL_SURFACE('',#3887,9.25E-1,4.5E1);
#3889=ORIENTED_EDGE('',*,*,#3452,.F.);
#3890=ORIENTED_EDGE('',*,*,#3879,.F.);
#3892=ORIENTED_EDGE('',*,*,#3891,.F.);
#3893=ORIENTED_EDGE('',*,*,#3875,.T.);
#3894=EDGE_LOOP('',(#3889,#3890,#3892,#3893));
#3895=FACE_OUTER_BOUND('',#3894,.F.);
#3896=ADVANCED_FACE('',(#3895),#3888,.F.);
#3897=CARTESIAN_POINT('',(0.E0,-1.549500000127E0,6.E0));
#3898=DIRECTION('',(0.E0,1.E0,0.E0));
#3899=DIRECTION('',(-1.E0,0.E0,0.E0));
#3900=AXIS2_PLACEMENT_3D('',#3897,#3898,#3899);
#3901=CYLINDRICAL_SURFACE('',#3900,8.E-1);
#3903=ORIENTED_EDGE('',*,*,#3902,.T.);
#3904=ORIENTED_EDGE('',*,*,#3891,.T.);
#3906=ORIENTED_EDGE('',*,*,#3905,.F.);
#3907=ORIENTED_EDGE('',*,*,#3304,.T.);
#3908=EDGE_LOOP('',(#3903,#3904,#3906,#3907));
#3909=FACE_OUTER_BOUND('',#3908,.F.);
#3910=ADVANCED_FACE('',(#3909),#3901,.F.);
#3911=CARTESIAN_POINT('',(0.E0,-1.549500000127E0,6.E0));
#3912=DIRECTION('',(0.E0,1.E0,0.E0));
#3913=DIRECTION('',(-1.E0,0.E0,0.E0));
#3914=AXIS2_PLACEMENT_3D('',#3911,#3912,#3913);
#3915=CYLINDRICAL_SURFACE('',#3914,8.E-1);
#3916=ORIENTED_EDGE('',*,*,#3902,.F.);
#3917=ORIENTED_EDGE('',*,*,#3306,.T.);
#3918=ORIENTED_EDGE('',*,*,#3905,.T.);
#3919=ORIENTED_EDGE('',*,*,#3877,.F.);
#3920=EDGE_LOOP('',(#3916,#3917,#3918,#3919));
#3921=FACE_OUTER_BOUND('',#3920,.F.);
#3922=ADVANCED_FACE('',(#3921),#3915,.F.);
#3923=CARTESIAN_POINT('',(-4.242640687119E0,5.875E0,4.242640687119E0));
#3924=DIRECTION('',(0.E0,1.E0,0.E0));
#3925=DIRECTION('',(-7.071067811865E-1,0.E0,-7.071067811865E-1));
#3926=AXIS2_PLACEMENT_3D('',#3923,#3924,#3925);
#3927=CONICAL_SURFACE('',#3926,9.25E-1,4.5E1);
#3928=ORIENTED_EDGE('',*,*,#3456,.F.);
#3930=ORIENTED_EDGE('',*,*,#3929,.F.);
#3932=ORIENTED_EDGE('',*,*,#3931,.T.);
#3934=ORIENTED_EDGE('',*,*,#3933,.T.);
#3935=EDGE_LOOP('',(#3928,#3930,#3932,#3934));
#3936=FACE_OUTER_BOUND('',#3935,.F.);
#3937=ADVANCED_FACE('',(#3936),#3927,.F.);
#3938=CARTESIAN_POINT('',(-4.242640687119E0,5.875E0,4.242640687119E0));
#3939=DIRECTION('',(0.E0,1.E0,0.E0));
#3940=DIRECTION('',(-7.071067811865E-1,0.E0,-7.071067811865E-1));
#3941=AXIS2_PLACEMENT_3D('',#3938,#3939,#3940);
#3942=CONICAL_SURFACE('',#3941,9.25E-1,4.5E1);
#3943=ORIENTED_EDGE('',*,*,#3458,.F.);
#3944=ORIENTED_EDGE('',*,*,#3933,.F.);
#3946=ORIENTED_EDGE('',*,*,#3945,.F.);
#3947=ORIENTED_EDGE('',*,*,#3929,.T.);
#3948=EDGE_LOOP('',(#3943,#3944,#3946,#3947));
#3949=FACE_OUTER_BOUND('',#3948,.F.);
#3950=ADVANCED_FACE('',(#3949),#3942,.F.);
#3951=CARTESIAN_POINT('',(-4.242640687119E0,-1.549500000127E0,
4.242640687119E0));
#3952=DIRECTION('',(0.E0,1.E0,0.E0));
#3953=DIRECTION('',(-7.071067811865E-1,0.E0,-7.071067811865E-1));
#3954=AXIS2_PLACEMENT_3D('',#3951,#3952,#3953);
#3955=CYLINDRICAL_SURFACE('',#3954,8.E-1);
#3957=ORIENTED_EDGE('',*,*,#3956,.T.);
#3958=ORIENTED_EDGE('',*,*,#3945,.T.);
#3960=ORIENTED_EDGE('',*,*,#3959,.F.);
#3961=ORIENTED_EDGE('',*,*,#3310,.T.);
#3962=EDGE_LOOP('',(#3957,#3958,#3960,#3961));
#3963=FACE_OUTER_BOUND('',#3962,.F.);
#3964=ADVANCED_FACE('',(#3963),#3955,.F.);
#3965=CARTESIAN_POINT('',(-4.242640687119E0,-1.549500000127E0,
4.242640687119E0));
#3966=DIRECTION('',(0.E0,1.E0,0.E0));
#3967=DIRECTION('',(-7.071067811865E-1,0.E0,-7.071067811865E-1));
#3968=AXIS2_PLACEMENT_3D('',#3965,#3966,#3967);
#3969=CYLINDRICAL_SURFACE('',#3968,8.E-1);
#3970=ORIENTED_EDGE('',*,*,#3956,.F.);
#3971=ORIENTED_EDGE('',*,*,#3312,.T.);
#3972=ORIENTED_EDGE('',*,*,#3959,.T.);
#3973=ORIENTED_EDGE('',*,*,#3931,.F.);
#3974=EDGE_LOOP('',(#3970,#3971,#3972,#3973));
#3975=FACE_OUTER_BOUND('',#3974,.F.);
#3976=ADVANCED_FACE('',(#3975),#3969,.F.);
#3977=CARTESIAN_POINT('',(-6.E0,5.875E0,0.E0));
#3978=DIRECTION('',(0.E0,1.E0,0.E0));
#3979=DIRECTION('',(0.E0,0.E0,-1.E0));
#3980=AXIS2_PLACEMENT_3D('',#3977,#3978,#3979);
#3981=CONICAL_SURFACE('',#3980,9.25E-1,4.5E1);
#3982=ORIENTED_EDGE('',*,*,#3462,.F.);
#3984=ORIENTED_EDGE('',*,*,#3983,.F.);
#3986=ORIENTED_EDGE('',*,*,#3985,.T.);
#3988=ORIENTED_EDGE('',*,*,#3987,.T.);
#3989=EDGE_LOOP('',(#3982,#3984,#3986,#3988));
#3990=FACE_OUTER_BOUND('',#3989,.F.);
#3991=ADVANCED_FACE('',(#3990),#3981,.F.);
#3992=CARTESIAN_POINT('',(-6.E0,5.875E0,0.E0));
#3993=DIRECTION('',(0.E0,1.E0,0.E0));
#3994=DIRECTION('',(0.E0,0.E0,-1.E0));
#3995=AXIS2_PLACEMENT_3D('',#3992,#3993,#3994);
#3996=CONICAL_SURFACE('',#3995,9.25E-1,4.5E1);
#3997=ORIENTED_EDGE('',*,*,#3464,.F.);
#3998=ORIENTED_EDGE('',*,*,#3987,.F.);
#4000=ORIENTED_EDGE('',*,*,#3999,.F.);
#4001=ORIENTED_EDGE('',*,*,#3983,.T.);
#4002=EDGE_LOOP('',(#3997,#3998,#4000,#4001));
#4003=FACE_OUTER_BOUND('',#4002,.F.);
#4004=ADVANCED_FACE('',(#4003),#3996,.F.);
#4005=CARTESIAN_POINT('',(-6.E0,-1.549500000127E0,0.E0));
#4006=DIRECTION('',(0.E0,1.E0,0.E0));
#4007=DIRECTION('',(0.E0,0.E0,-1.E0));
#4008=AXIS2_PLACEMENT_3D('',#4005,#4006,#4007);
#4009=CYLINDRICAL_SURFACE('',#4008,8.E-1);
#4011=ORIENTED_EDGE('',*,*,#4010,.T.);
#4012=ORIENTED_EDGE('',*,*,#3999,.T.);
#4014=ORIENTED_EDGE('',*,*,#4013,.F.);
#4015=ORIENTED_EDGE('',*,*,#3316,.T.);
#4016=EDGE_LOOP('',(#4011,#4012,#4014,#4015));
#4017=FACE_OUTER_BOUND('',#4016,.F.);
#4018=ADVANCED_FACE('',(#4017),#4009,.F.);
#4019=CARTESIAN_POINT('',(-6.E0,-1.549500000127E0,0.E0));
#4020=DIRECTION('',(0.E0,1.E0,0.E0));
#4021=DIRECTION('',(0.E0,0.E0,-1.E0));
#4022=AXIS2_PLACEMENT_3D('',#4019,#4020,#4021);
#4023=CYLINDRICAL_SURFACE('',#4022,8.E-1);
#4024=ORIENTED_EDGE('',*,*,#4010,.F.);
#4025=ORIENTED_EDGE('',*,*,#3318,.T.);
#4026=ORIENTED_EDGE('',*,*,#4013,.T.);
#4027=ORIENTED_EDGE('',*,*,#3985,.F.);
#4028=EDGE_LOOP('',(#4024,#4025,#4026,#4027));
#4029=FACE_OUTER_BOUND('',#4028,.F.);
#4030=ADVANCED_FACE('',(#4029),#4023,.F.);
#4031=CARTESIAN_POINT('',(-4.242640687119E0,5.875E0,-4.242640687119E0));
#4032=DIRECTION('',(0.E0,1.E0,0.E0));
#4033=DIRECTION('',(7.071067811865E-1,0.E0,-7.071067811865E-1));
#4034=AXIS2_PLACEMENT_3D('',#4031,#4032,#4033);
#4035=CONICAL_SURFACE('',#4034,9.25E-1,4.5E1);
#4036=ORIENTED_EDGE('',*,*,#3468,.F.);
#4038=ORIENTED_EDGE('',*,*,#4037,.F.);
#4040=ORIENTED_EDGE('',*,*,#4039,.T.);
#4042=ORIENTED_EDGE('',*,*,#4041,.T.);
#4043=EDGE_LOOP('',(#4036,#4038,#4040,#4042));
#4044=FACE_OUTER_BOUND('',#4043,.F.);
#4045=ADVANCED_FACE('',(#4044),#4035,.F.);
#4046=CARTESIAN_POINT('',(-4.242640687119E0,5.875E0,-4.242640687119E0));
#4047=DIRECTION('',(0.E0,1.E0,0.E0));
#4048=DIRECTION('',(7.071067811865E-1,0.E0,-7.071067811865E-1));
#4049=AXIS2_PLACEMENT_3D('',#4046,#4047,#4048);
#4050=CONICAL_SURFACE('',#4049,9.25E-1,4.5E1);
#4051=ORIENTED_EDGE('',*,*,#3470,.F.);
#4052=ORIENTED_EDGE('',*,*,#4041,.F.);
#4054=ORIENTED_EDGE('',*,*,#4053,.F.);
#4055=ORIENTED_EDGE('',*,*,#4037,.T.);
#4056=EDGE_LOOP('',(#4051,#4052,#4054,#4055));
#4057=FACE_OUTER_BOUND('',#4056,.F.);
#4058=ADVANCED_FACE('',(#4057),#4050,.F.);
#4059=CARTESIAN_POINT('',(-4.242640687119E0,-1.549500000127E0,
-4.242640687119E0));
#4060=DIRECTION('',(0.E0,1.E0,0.E0));
#4061=DIRECTION('',(7.071067811865E-1,0.E0,-7.071067811865E-1));
#4062=AXIS2_PLACEMENT_3D('',#4059,#4060,#4061);
#4063=CYLINDRICAL_SURFACE('',#4062,8.E-1);
#4065=ORIENTED_EDGE('',*,*,#4064,.T.);
#4066=ORIENTED_EDGE('',*,*,#4053,.T.);
#4068=ORIENTED_EDGE('',*,*,#4067,.F.);
#4069=ORIENTED_EDGE('',*,*,#3322,.T.);
#4070=EDGE_LOOP('',(#4065,#4066,#4068,#4069));
#4071=FACE_OUTER_BOUND('',#4070,.F.);
#4072=ADVANCED_FACE('',(#4071),#4063,.F.);
#4073=CARTESIAN_POINT('',(-4.242640687119E0,-1.549500000127E0,
-4.242640687119E0));
#4074=DIRECTION('',(0.E0,1.E0,0.E0));
#4075=DIRECTION('',(7.071067811865E-1,0.E0,-7.071067811865E-1));
#4076=AXIS2_PLACEMENT_3D('',#4073,#4074,#4075);
#4077=CYLINDRICAL_SURFACE('',#4076,8.E-1);
#4078=ORIENTED_EDGE('',*,*,#4064,.F.);
#4079=ORIENTED_EDGE('',*,*,#3324,.T.);
#4080=ORIENTED_EDGE('',*,*,#4067,.T.);
#4081=ORIENTED_EDGE('',*,*,#4039,.F.);
#4082=EDGE_LOOP('',(#4078,#4079,#4080,#4081));
#4083=FACE_OUTER_BOUND('',#4082,.F.);
#4084=ADVANCED_FACE('',(#4083),#4077,.F.);
#4085=CARTESIAN_POINT('',(0.E0,5.900000000044E0,0.E0));
#4086=DIRECTION('',(0.E0,-1.E0,0.E0));
#4087=DIRECTION('',(0.E0,0.E0,-1.E0));
#4088=AXIS2_PLACEMENT_3D('',#4085,#4086,#4087);
#4089=CONICAL_SURFACE('',#4088,7.399999999956E0,4.5E1);
#4090=ORIENTED_EDGE('',*,*,#3421,.T.);
#4091=ORIENTED_EDGE('',*,*,#3411,.T.);
#4092=ORIENTED_EDGE('',*,*,#3381,.F.);
#4093=ORIENTED_EDGE('',*,*,#3408,.F.);
#4094=EDGE_LOOP('',(#4090,#4091,#4092,#4093));
#4095=FACE_OUTER_BOUND('',#4094,.F.);
#4096=ADVANCED_FACE('',(#4095),#4089,.T.);
#4097=CARTESIAN_POINT('',(0.E0,-4.E-1,2.821747544340E0));
#4098=DIRECTION('',(0.E0,-1.E0,0.E0));
#4099=DIRECTION('',(1.E0,0.E0,0.E0));
#4100=AXIS2_PLACEMENT_3D('',#4097,#4098,#4099);
#4101=CYLINDRICAL_SURFACE('',#4100,1.E-1);
#4102=ORIENTED_EDGE('',*,*,#2571,.T.);
#4104=ORIENTED_EDGE('',*,*,#4103,.F.);
#4105=ORIENTED_EDGE('',*,*,#3118,.F.);
#4106=ORIENTED_EDGE('',*,*,#3067,.F.);
#4108=ORIENTED_EDGE('',*,*,#4107,.T.);
#4109=EDGE_LOOP('',(#4102,#4104,#4105,#4106,#4108));
#4110=FACE_OUTER_BOUND('',#4109,.F.);
#4111=ADVANCED_FACE('',(#4110),#4101,.F.);
#4112=CARTESIAN_POINT('',(-6.946583704590E-2,-4.E-1,2.893681524374E0));
#4113=DIRECTION('',(-6.946583704590E-1,0.E0,7.193398003386E-1));
#4114=DIRECTION('',(-7.193398003386E-1,0.E0,-6.946583704590E-1));
#4115=AXIS2_PLACEMENT_3D('',#4112,#4113,#4114);
#4116=PLANE('',#4115);
#4117=ORIENTED_EDGE('',*,*,#2569,.T.);
#4118=ORIENTED_EDGE('',*,*,#2810,.T.);
#4119=ORIENTED_EDGE('',*,*,#3120,.F.);
#4120=ORIENTED_EDGE('',*,*,#4103,.T.);
#4121=EDGE_LOOP('',(#4117,#4118,#4119,#4120));
#4122=FACE_OUTER_BOUND('',#4121,.F.);
#4123=ADVANCED_FACE('',(#4122),#4116,.F.);
#4124=CARTESIAN_POINT('',(4.067296091046E-1,-4.E-1,2.567989685547E0));
#4125=DIRECTION('',(6.946583704590E-1,0.E0,7.193398003386E-1));
#4126=DIRECTION('',(-7.193398003386E-1,0.E0,6.946583704590E-1));
#4127=AXIS2_PLACEMENT_3D('',#4124,#4125,#4126);
#4128=PLANE('',#4127);
#4129=ORIENTED_EDGE('',*,*,#2573,.T.);
#4130=ORIENTED_EDGE('',*,*,#4107,.F.);
#4131=ORIENTED_EDGE('',*,*,#3065,.F.);
#4132=ORIENTED_EDGE('',*,*,#2791,.F.);
#4133=EDGE_LOOP('',(#4129,#4130,#4131,#4132));
#4134=FACE_OUTER_BOUND('',#4133,.F.);
#4135=ADVANCED_FACE('',(#4134),#4128,.F.);
#4136=CARTESIAN_POINT('',(-4.067296091046E-1,-4.E-1,2.567989685547E0));
#4137=DIRECTION('',(4.383711467891E-1,0.E0,8.987940462992E-1));
#4138=DIRECTION('',(-8.987940462992E-1,0.E0,4.383711467891E-1));
#4139=AXIS2_PLACEMENT_3D('',#4136,#4137,#4138);
#4140=PLANE('',#4139);
#4141=ORIENTED_EDGE('',*,*,#2565,.T.);
#4143=ORIENTED_EDGE('',*,*,#4142,.F.);
#4144=ORIENTED_EDGE('',*,*,#3123,.F.);
#4145=ORIENTED_EDGE('',*,*,#2806,.F.);
#4146=EDGE_LOOP('',(#4141,#4143,#4144,#4145));
#4147=FACE_OUTER_BOUND('',#4146,.F.);
#4148=ADVANCED_FACE('',(#4147),#4140,.F.);
#4149=CARTESIAN_POINT('',(-8.719679450367E-1,-4.E-1,2.683641389384E0));
#4150=DIRECTION('',(0.E0,-1.E0,0.E0));
#4151=DIRECTION('',(9.510565162952E-1,0.E0,3.090169943749E-1));
#4152=AXIS2_PLACEMENT_3D('',#4149,#4150,#4151);
#4153=CYLINDRICAL_SURFACE('',#4152,1.E-1);
#4154=ORIENTED_EDGE('',*,*,#2563,.T.);
#4156=ORIENTED_EDGE('',*,*,#4155,.F.);
#4157=ORIENTED_EDGE('',*,*,#3125,.F.);
#4158=ORIENTED_EDGE('',*,*,#4142,.T.);
#4159=EDGE_LOOP('',(#4154,#4156,#4157,#4158));
#4160=FACE_OUTER_BOUND('',#4159,.F.);
#4161=ADVANCED_FACE('',(#4160),#4153,.F.);
#4162=CARTESIAN_POINT('',(-9.602627043226E-1,-4.E-1,2.730588545663E0));
#4163=DIRECTION('',(-8.829475928589E-1,0.E0,4.694715627859E-1));
#4164=DIRECTION('',(-4.694715627859E-1,0.E0,-8.829475928589E-1));
#4165=AXIS2_PLACEMENT_3D('',#4162,#4163,#4164);
#4166=PLANE('',#4165);
#4167=ORIENTED_EDGE('',*,*,#2561,.T.);
#4168=ORIENTED_EDGE('',*,*,#2825,.T.);
#4169=ORIENTED_EDGE('',*,*,#3127,.F.);
#4170=ORIENTED_EDGE('',*,*,#4155,.T.);
#4171=EDGE_LOOP('',(#4167,#4168,#4169,#4170));
#4172=FACE_OUTER_BOUND('',#4171,.F.);
#4173=ADVANCED_FACE('',(#4172),#4166,.F.);
#4174=CARTESIAN_POINT('',(-1.180375299323E0,-4.E-1,2.316616962890E0));
#4175=DIRECTION('',(1.391731009601E-1,0.E0,9.902680687416E-1));
#4176=DIRECTION('',(-9.902680687416E-1,0.E0,1.391731009601E-1));
#4177=AXIS2_PLACEMENT_3D('',#4174,#4175,#4176);
#4178=PLANE('',#4177);
#4179=ORIENTED_EDGE('',*,*,#2557,.T.);
#4181=ORIENTED_EDGE('',*,*,#4180,.F.);
#4182=ORIENTED_EDGE('',*,*,#3130,.F.);
#4183=ORIENTED_EDGE('',*,*,#2821,.F.);
#4184=EDGE_LOOP('',(#4179,#4181,#4182,#4183));
#4185=FACE_OUTER_BOUND('',#4184,.F.);
#4186=ADVANCED_FACE('',(#4185),#4178,.F.);
#4187=CARTESIAN_POINT('',(-1.658581592255E0,-4.E-1,2.282841717207E0));
#4188=DIRECTION('',(0.E0,-1.E0,0.E0));
#4189=DIRECTION('',(8.090169943749E-1,0.E0,5.877852522925E-1));
#4190=AXIS2_PLACEMENT_3D('',#4187,#4188,#4189);
#4191=CYLINDRICAL_SURFACE('',#4190,1.E-1);
#4192=ORIENTED_EDGE('',*,*,#2555,.T.);
#4194=ORIENTED_EDGE('',*,*,#4193,.F.);
#4195=ORIENTED_EDGE('',*,*,#3132,.F.);
#4196=ORIENTED_EDGE('',*,*,#4180,.T.);
#4197=EDGE_LOOP('',(#4192,#4194,#4195,#4196));
#4198=FACE_OUTER_BOUND('',#4197,.F.);
#4199=ADVANCED_FACE('',(#4198),#4191,.F.);
#4200=CARTESIAN_POINT('',(-1.757062367557E0,-4.E-1,2.300206534973E0));
#4201=DIRECTION('',(-9.848077530122E-1,0.E0,1.736481776669E-1));
#4202=DIRECTION('',(-1.736481776669E-1,0.E0,-9.848077530122E-1));
#4203=AXIS2_PLACEMENT_3D('',#4200,#4201,#4202);
#4204=PLANE('',#4203);
#4205=ORIENTED_EDGE('',*,*,#2553,.T.);
#4206=ORIENTED_EDGE('',*,*,#2840,.T.);
#4207=ORIENTED_EDGE('',*,*,#3134,.F.);
#4208=ORIENTED_EDGE('',*,*,#4193,.T.);
#4209=EDGE_LOOP('',(#4205,#4206,#4207,#4208));
#4210=FACE_OUTER_BOUND('',#4209,.F.);
#4211=ADVANCED_FACE('',(#4210),#4204,.F.);
#4212=CARTESIAN_POINT('',(-1.838477631085E0,-4.E-1,1.838477631085E0));
#4213=DIRECTION('',(-1.736481776669E-1,0.E0,9.848077530122E-1));
#4214=DIRECTION('',(-9.848077530122E-1,0.E0,-1.736481776669E-1));
#4215=AXIS2_PLACEMENT_3D('',#4212,#4213,#4214);
#4216=PLANE('',#4215);
#4217=ORIENTED_EDGE('',*,*,#2549,.T.);
#4219=ORIENTED_EDGE('',*,*,#4218,.F.);
#4220=ORIENTED_EDGE('',*,*,#3137,.F.);
#4221=ORIENTED_EDGE('',*,*,#2836,.F.);
#4222=EDGE_LOOP('',(#4217,#4219,#4220,#4221));
#4223=FACE_OUTER_BOUND('',#4222,.F.);
#4224=ADVANCED_FACE('',(#4223),#4216,.F.);
#4225=CARTESIAN_POINT('',(-2.282841717207E0,-4.E-1,1.658581592255E0));
#4226=DIRECTION('',(0.E0,-1.E0,0.E0));
#4227=DIRECTION('',(5.877852522925E-1,0.E0,8.090169943749E-1));
#4228=AXIS2_PLACEMENT_3D('',#4225,#4226,#4227);
#4229=CYLINDRICAL_SURFACE('',#4228,1.E-1);
#4230=ORIENTED_EDGE('',*,*,#2547,.T.);
#4232=ORIENTED_EDGE('',*,*,#4231,.F.);
#4233=ORIENTED_EDGE('',*,*,#3139,.F.);
#4234=ORIENTED_EDGE('',*,*,#4218,.T.);
#4235=EDGE_LOOP('',(#4230,#4232,#4233,#4234));
#4236=FACE_OUTER_BOUND('',#4235,.F.);
#4237=ADVANCED_FACE('',(#4236),#4229,.F.);
#4238=CARTESIAN_POINT('',(-2.381868524081E0,-4.E-1,1.644664282159E0));
#4239=DIRECTION('',(-9.902680687416E-1,0.E0,-1.391731009601E-1));
#4240=DIRECTION('',(1.391731009601E-1,0.E0,-9.902680687416E-1));
#4241=AXIS2_PLACEMENT_3D('',#4238,#4239,#4240);
#4242=PLANE('',#4241);
#4243=ORIENTED_EDGE('',*,*,#2545,.T.);
#4244=ORIENTED_EDGE('',*,*,#2855,.T.);
#4245=ORIENTED_EDGE('',*,*,#3141,.F.);
#4246=ORIENTED_EDGE('',*,*,#4231,.T.);
#4247=EDGE_LOOP('',(#4243,#4244,#4245,#4246));
#4248=FACE_OUTER_BOUND('',#4247,.F.);
#4249=ADVANCED_FACE('',(#4248),#4242,.F.);
#4250=CARTESIAN_POINT('',(-2.316616962890E0,-4.E-1,1.180375299323E0));
#4251=DIRECTION('',(-4.694715627859E-1,0.E0,8.829475928589E-1));
#4252=DIRECTION('',(-8.829475928589E-1,0.E0,-4.694715627859E-1));
#4253=AXIS2_PLACEMENT_3D('',#4250,#4251,#4252);
#4254=PLANE('',#4253);
#4255=ORIENTED_EDGE('',*,*,#2541,.T.);
#4257=ORIENTED_EDGE('',*,*,#4256,.F.);
#4258=ORIENTED_EDGE('',*,*,#3144,.F.);
#4259=ORIENTED_EDGE('',*,*,#2851,.F.);
#4260=EDGE_LOOP('',(#4255,#4257,#4258,#4259));
#4261=FACE_OUTER_BOUND('',#4260,.F.);
#4262=ADVANCED_FACE('',(#4261),#4254,.F.);
#4263=CARTESIAN_POINT('',(-2.683641389384E0,-4.E-1,8.719679450367E-1));
#4264=DIRECTION('',(0.E0,-1.E0,0.E0));
#4265=DIRECTION('',(3.090169943749E-1,0.E0,9.510565162952E-1));
#4266=AXIS2_PLACEMENT_3D('',#4263,#4264,#4265);
#4267=CYLINDRICAL_SURFACE('',#4266,1.E-1);
#4268=ORIENTED_EDGE('',*,*,#2539,.T.);
#4270=ORIENTED_EDGE('',*,*,#4269,.F.);
#4271=ORIENTED_EDGE('',*,*,#3146,.F.);
#4272=ORIENTED_EDGE('',*,*,#4256,.T.);
#4273=EDGE_LOOP('',(#4268,#4270,#4271,#4272));
#4274=FACE_OUTER_BOUND('',#4273,.F.);
#4275=ADVANCED_FACE('',(#4274),#4267,.F.);
#4276=CARTESIAN_POINT('',(-2.773520794014E0,-4.E-1,8.281308303578E-1));
#4277=DIRECTION('',(-8.987940462992E-1,0.E0,-4.383711467891E-1));
#4278=DIRECTION('',(4.383711467891E-1,0.E0,-8.987940462992E-1));
#4279=AXIS2_PLACEMENT_3D('',#4276,#4277,#4278);
#4280=PLANE('',#4279);
#4281=ORIENTED_EDGE('',*,*,#2537,.T.);
#4282=ORIENTED_EDGE('',*,*,#2870,.T.);
#4283=ORIENTED_EDGE('',*,*,#3148,.F.);
#4284=ORIENTED_EDGE('',*,*,#4269,.T.);
#4285=EDGE_LOOP('',(#4281,#4282,#4283,#4284));
#4286=FACE_OUTER_BOUND('',#4285,.F.);
#4287=ADVANCED_FACE('',(#4286),#4280,.F.);
#4288=CARTESIAN_POINT('',(-2.567989685547E0,-4.E-1,4.067296091046E-1));
#4289=DIRECTION('',(-7.193398003386E-1,0.E0,6.946583704590E-1));
#4290=DIRECTION('',(-6.946583704590E-1,0.E0,-7.193398003386E-1));
#4291=AXIS2_PLACEMENT_3D('',#4288,#4289,#4290);
#4292=PLANE('',#4291);
#4293=ORIENTED_EDGE('',*,*,#2533,.T.);
#4295=ORIENTED_EDGE('',*,*,#4294,.F.);
#4296=ORIENTED_EDGE('',*,*,#3151,.F.);
#4297=ORIENTED_EDGE('',*,*,#2866,.F.);
#4298=EDGE_LOOP('',(#4293,#4295,#4296,#4297));
#4299=FACE_OUTER_BOUND('',#4298,.F.);
#4300=ADVANCED_FACE('',(#4299),#4292,.F.);
#4301=CARTESIAN_POINT('',(-2.821747544340E0,-4.E-1,0.E0));
#4302=DIRECTION('',(0.E0,-1.E0,0.E0));
#4303=DIRECTION('',(0.E0,0.E0,1.E0));
#4304=AXIS2_PLACEMENT_3D('',#4301,#4302,#4303);
#4305=CYLINDRICAL_SURFACE('',#4304,1.E-1);
#4306=ORIENTED_EDGE('',*,*,#2531,.T.);
#4308=ORIENTED_EDGE('',*,*,#4307,.F.);
#4309=ORIENTED_EDGE('',*,*,#3153,.F.);
#4310=ORIENTED_EDGE('',*,*,#4294,.T.);
#4311=EDGE_LOOP('',(#4306,#4308,#4309,#4310));
#4312=FACE_OUTER_BOUND('',#4311,.F.);
#4313=ADVANCED_FACE('',(#4312),#4305,.F.);
#4314=CARTESIAN_POINT('',(-2.893681524374E0,-4.E-1,-6.946583704590E-2));
#4315=DIRECTION('',(-7.193398003386E-1,0.E0,-6.946583704590E-1));
#4316=DIRECTION('',(6.946583704590E-1,0.E0,-7.193398003386E-1));
#4317=AXIS2_PLACEMENT_3D('',#4314,#4315,#4316);
#4318=PLANE('',#4317);
#4319=ORIENTED_EDGE('',*,*,#2529,.T.);
#4320=ORIENTED_EDGE('',*,*,#2885,.T.);
#4321=ORIENTED_EDGE('',*,*,#3155,.F.);
#4322=ORIENTED_EDGE('',*,*,#4307,.T.);
#4323=EDGE_LOOP('',(#4319,#4320,#4321,#4322));
#4324=FACE_OUTER_BOUND('',#4323,.F.);
#4325=ADVANCED_FACE('',(#4324),#4318,.F.);
#4326=CARTESIAN_POINT('',(-2.567989685547E0,-4.E-1,-4.067296091046E-1));
#4327=DIRECTION('',(-8.987940462992E-1,0.E0,4.383711467891E-1));
#4328=DIRECTION('',(-4.383711467891E-1,0.E0,-8.987940462992E-1));
#4329=AXIS2_PLACEMENT_3D('',#4326,#4327,#4328);
#4330=PLANE('',#4329);
#4331=ORIENTED_EDGE('',*,*,#2525,.T.);
#4333=ORIENTED_EDGE('',*,*,#4332,.F.);
#4334=ORIENTED_EDGE('',*,*,#3158,.F.);
#4335=ORIENTED_EDGE('',*,*,#2881,.F.);
#4336=EDGE_LOOP('',(#4331,#4333,#4334,#4335));
#4337=FACE_OUTER_BOUND('',#4336,.F.);
#4338=ADVANCED_FACE('',(#4337),#4330,.F.);
#4339=CARTESIAN_POINT('',(-2.683641389384E0,-4.E-1,-8.719679450367E-1));
#4340=DIRECTION('',(0.E0,-1.E0,0.E0));
#4341=DIRECTION('',(-3.090169943749E-1,0.E0,9.510565162952E-1));
#4342=AXIS2_PLACEMENT_3D('',#4339,#4340,#4341);
#4343=CYLINDRICAL_SURFACE('',#4342,1.E-1);
#4344=ORIENTED_EDGE('',*,*,#2523,.T.);
#4346=ORIENTED_EDGE('',*,*,#4345,.F.);
#4347=ORIENTED_EDGE('',*,*,#3160,.F.);
#4348=ORIENTED_EDGE('',*,*,#4332,.T.);
#4349=EDGE_LOOP('',(#4344,#4346,#4347,#4348));
#4350=FACE_OUTER_BOUND('',#4349,.F.);
#4351=ADVANCED_FACE('',(#4350),#4343,.F.);
#4352=CARTESIAN_POINT('',(-2.730588545663E0,-4.E-1,-9.602627043226E-1));
#4353=DIRECTION('',(-4.694715627859E-1,0.E0,-8.829475928589E-1));
#4354=DIRECTION('',(8.829475928589E-1,0.E0,-4.694715627859E-1));
#4355=AXIS2_PLACEMENT_3D('',#4352,#4353,#4354);
#4356=PLANE('',#4355);
#4357=ORIENTED_EDGE('',*,*,#2521,.T.);
#4358=ORIENTED_EDGE('',*,*,#2900,.T.);
#4359=ORIENTED_EDGE('',*,*,#3162,.F.);
#4360=ORIENTED_EDGE('',*,*,#4345,.T.);
#4361=EDGE_LOOP('',(#4357,#4358,#4359,#4360));
#4362=FACE_OUTER_BOUND('',#4361,.F.);
#4363=ADVANCED_FACE('',(#4362),#4356,.F.);
#4364=CARTESIAN_POINT('',(-2.316616962890E0,-4.E-1,-1.180375299323E0));
#4365=DIRECTION('',(-9.902680687416E-1,0.E0,1.391731009601E-1));
#4366=DIRECTION('',(-1.391731009601E-1,0.E0,-9.902680687416E-1));
#4367=AXIS2_PLACEMENT_3D('',#4364,#4365,#4366);
#4368=PLANE('',#4367);
#4369=ORIENTED_EDGE('',*,*,#2517,.T.);
#4371=ORIENTED_EDGE('',*,*,#4370,.F.);
#4372=ORIENTED_EDGE('',*,*,#3165,.F.);
#4373=ORIENTED_EDGE('',*,*,#2896,.F.);
#4374=EDGE_LOOP('',(#4369,#4371,#4372,#4373));
#4375=FACE_OUTER_BOUND('',#4374,.F.);
#4376=ADVANCED_FACE('',(#4375),#4368,.F.);
#4377=CARTESIAN_POINT('',(-2.282841717207E0,-4.E-1,-1.658581592255E0));
#4378=DIRECTION('',(0.E0,-1.E0,0.E0));
#4379=DIRECTION('',(-5.877852522925E-1,0.E0,8.090169943749E-1));
#4380=AXIS2_PLACEMENT_3D('',#4377,#4378,#4379);
#4381=CYLINDRICAL_SURFACE('',#4380,1.E-1);
#4382=ORIENTED_EDGE('',*,*,#2515,.T.);
#4384=ORIENTED_EDGE('',*,*,#4383,.F.);
#4385=ORIENTED_EDGE('',*,*,#3167,.F.);
#4386=ORIENTED_EDGE('',*,*,#4370,.T.);
#4387=EDGE_LOOP('',(#4382,#4384,#4385,#4386));
#4388=FACE_OUTER_BOUND('',#4387,.F.);
#4389=ADVANCED_FACE('',(#4388),#4381,.F.);
#4390=CARTESIAN_POINT('',(-2.300206534973E0,-4.E-1,-1.757062367557E0));
#4391=DIRECTION('',(-1.736481776669E-1,0.E0,-9.848077530122E-1));
#4392=DIRECTION('',(9.848077530122E-1,0.E0,-1.736481776669E-1));
#4393=AXIS2_PLACEMENT_3D('',#4390,#4391,#4392);
#4394=PLANE('',#4393);
#4395=ORIENTED_EDGE('',*,*,#2513,.T.);
#4396=ORIENTED_EDGE('',*,*,#2915,.T.);
#4397=ORIENTED_EDGE('',*,*,#3169,.F.);
#4398=ORIENTED_EDGE('',*,*,#4383,.T.);
#4399=EDGE_LOOP('',(#4395,#4396,#4397,#4398));
#4400=FACE_OUTER_BOUND('',#4399,.F.);
#4401=ADVANCED_FACE('',(#4400),#4394,.F.);
#4402=CARTESIAN_POINT('',(-1.838477631085E0,-4.E-1,-1.838477631085E0));
#4403=DIRECTION('',(-9.848077530122E-1,0.E0,-1.736481776669E-1));
#4404=DIRECTION('',(1.736481776669E-1,0.E0,-9.848077530122E-1));
#4405=AXIS2_PLACEMENT_3D('',#4402,#4403,#4404);
#4406=PLANE('',#4405);
#4407=ORIENTED_EDGE('',*,*,#2509,.T.);
#4409=ORIENTED_EDGE('',*,*,#4408,.F.);
#4410=ORIENTED_EDGE('',*,*,#3172,.F.);
#4411=ORIENTED_EDGE('',*,*,#2911,.F.);
#4412=EDGE_LOOP('',(#4407,#4409,#4410,#4411));
#4413=FACE_OUTER_BOUND('',#4412,.F.);
#4414=ADVANCED_FACE('',(#4413),#4406,.F.);
#4415=CARTESIAN_POINT('',(-1.658581592255E0,-4.E-1,-2.282841717207E0));
#4416=DIRECTION('',(0.E0,-1.E0,0.E0));
#4417=DIRECTION('',(-8.090169943749E-1,0.E0,5.877852522925E-1));
#4418=AXIS2_PLACEMENT_3D('',#4415,#4416,#4417);
#4419=CYLINDRICAL_SURFACE('',#4418,1.E-1);
#4420=ORIENTED_EDGE('',*,*,#2507,.T.);
#4422=ORIENTED_EDGE('',*,*,#4421,.F.);
#4423=ORIENTED_EDGE('',*,*,#3174,.F.);
#4424=ORIENTED_EDGE('',*,*,#4408,.T.);
#4425=EDGE_LOOP('',(#4420,#4422,#4423,#4424));
#4426=FACE_OUTER_BOUND('',#4425,.F.);
#4427=ADVANCED_FACE('',(#4426),#4419,.F.);
#4428=CARTESIAN_POINT('',(-1.644664282159E0,-4.E-1,-2.381868524081E0));
#4429=DIRECTION('',(1.391731009601E-1,0.E0,-9.902680687416E-1));
#4430=DIRECTION('',(9.902680687416E-1,0.E0,1.391731009601E-1));
#4431=AXIS2_PLACEMENT_3D('',#4428,#4429,#4430);
#4432=PLANE('',#4431);
#4433=ORIENTED_EDGE('',*,*,#2505,.T.);
#4434=ORIENTED_EDGE('',*,*,#2930,.T.);
#4435=ORIENTED_EDGE('',*,*,#3176,.F.);
#4436=ORIENTED_EDGE('',*,*,#4421,.T.);
#4437=EDGE_LOOP('',(#4433,#4434,#4435,#4436));
#4438=FACE_OUTER_BOUND('',#4437,.F.);
#4439=ADVANCED_FACE('',(#4438),#4432,.F.);
#4440=CARTESIAN_POINT('',(-1.180375299323E0,-4.E-1,-2.316616962890E0));
#4441=DIRECTION('',(-8.829475928589E-1,0.E0,-4.694715627859E-1));
#4442=DIRECTION('',(4.694715627859E-1,0.E0,-8.829475928589E-1));
#4443=AXIS2_PLACEMENT_3D('',#4440,#4441,#4442);
#4444=PLANE('',#4443);
#4445=ORIENTED_EDGE('',*,*,#2501,.T.);
#4447=ORIENTED_EDGE('',*,*,#4446,.F.);
#4448=ORIENTED_EDGE('',*,*,#3179,.F.);
#4449=ORIENTED_EDGE('',*,*,#2926,.F.);
#4450=EDGE_LOOP('',(#4445,#4447,#4448,#4449));
#4451=FACE_OUTER_BOUND('',#4450,.F.);
#4452=ADVANCED_FACE('',(#4451),#4444,.F.);
#4453=CARTESIAN_POINT('',(-8.719679450367E-1,-4.E-1,-2.683641389384E0));
#4454=DIRECTION('',(0.E0,-1.E0,0.E0));
#4455=DIRECTION('',(-9.510565162952E-1,0.E0,3.090169943749E-1));
#4456=AXIS2_PLACEMENT_3D('',#4453,#4454,#4455);
#4457=CYLINDRICAL_SURFACE('',#4456,1.E-1);
#4458=ORIENTED_EDGE('',*,*,#2499,.T.);
#4460=ORIENTED_EDGE('',*,*,#4459,.F.);
#4461=ORIENTED_EDGE('',*,*,#3181,.F.);
#4462=ORIENTED_EDGE('',*,*,#4446,.T.);
#4463=EDGE_LOOP('',(#4458,#4460,#4461,#4462));
#4464=FACE_OUTER_BOUND('',#4463,.F.);
#4465=ADVANCED_FACE('',(#4464),#4457,.F.);
#4466=CARTESIAN_POINT('',(-8.281308303578E-1,-4.E-1,-2.773520794014E0));
#4467=DIRECTION('',(4.383711467891E-1,0.E0,-8.987940462992E-1));
#4468=DIRECTION('',(8.987940462992E-1,0.E0,4.383711467891E-1));
#4469=AXIS2_PLACEMENT_3D('',#4466,#4467,#4468);
#4470=PLANE('',#4469);
#4471=ORIENTED_EDGE('',*,*,#2497,.T.);
#4472=ORIENTED_EDGE('',*,*,#2945,.T.);
#4473=ORIENTED_EDGE('',*,*,#3183,.F.);
#4474=ORIENTED_EDGE('',*,*,#4459,.T.);
#4475=EDGE_LOOP('',(#4471,#4472,#4473,#4474));
#4476=FACE_OUTER_BOUND('',#4475,.F.);
#4477=ADVANCED_FACE('',(#4476),#4470,.F.);
#4478=CARTESIAN_POINT('',(-4.067296091046E-1,-4.E-1,-2.567989685547E0));
#4479=DIRECTION('',(-6.946583704590E-1,0.E0,-7.193398003386E-1));
#4480=DIRECTION('',(7.193398003386E-1,0.E0,-6.946583704590E-1));
#4481=AXIS2_PLACEMENT_3D('',#4478,#4479,#4480);
#4482=PLANE('',#4481);
#4483=ORIENTED_EDGE('',*,*,#2493,.T.);
#4485=ORIENTED_EDGE('',*,*,#4484,.F.);
#4486=ORIENTED_EDGE('',*,*,#3186,.F.);
#4487=ORIENTED_EDGE('',*,*,#2941,.F.);
#4488=EDGE_LOOP('',(#4483,#4485,#4486,#4487));
#4489=FACE_OUTER_BOUND('',#4488,.F.);
#4490=ADVANCED_FACE('',(#4489),#4482,.F.);
#4491=CARTESIAN_POINT('',(0.E0,-4.E-1,-2.821747544340E0));
#4492=DIRECTION('',(0.E0,-1.E0,0.E0));
#4493=DIRECTION('',(-1.E0,0.E0,0.E0));
#4494=AXIS2_PLACEMENT_3D('',#4491,#4492,#4493);
#4495=CYLINDRICAL_SURFACE('',#4494,1.E-1);
#4496=ORIENTED_EDGE('',*,*,#2491,.T.);
#4498=ORIENTED_EDGE('',*,*,#4497,.F.);
#4499=ORIENTED_EDGE('',*,*,#3000,.F.);
#4500=ORIENTED_EDGE('',*,*,#3188,.F.);
#4501=ORIENTED_EDGE('',*,*,#4484,.T.);
#4502=EDGE_LOOP('',(#4496,#4498,#4499,#4500,#4501));
#4503=FACE_OUTER_BOUND('',#4502,.F.);
#4504=ADVANCED_FACE('',(#4503),#4495,.F.);
#4505=CARTESIAN_POINT('',(6.946583704590E-2,-4.E-1,-2.893681524374E0));
#4506=DIRECTION('',(6.946583704590E-1,0.E0,-7.193398003386E-1));
#4507=DIRECTION('',(7.193398003386E-1,0.E0,6.946583704590E-1));
#4508=AXIS2_PLACEMENT_3D('',#4505,#4506,#4507);
#4509=PLANE('',#4508);
#4510=ORIENTED_EDGE('',*,*,#2489,.T.);
#4511=ORIENTED_EDGE('',*,*,#2660,.T.);
#4512=ORIENTED_EDGE('',*,*,#3002,.F.);
#4513=ORIENTED_EDGE('',*,*,#4497,.T.);
#4514=EDGE_LOOP('',(#4510,#4511,#4512,#4513));
#4515=FACE_OUTER_BOUND('',#4514,.F.);
#4516=ADVANCED_FACE('',(#4515),#4509,.F.);
#4517=CARTESIAN_POINT('',(1.180375299323E0,-4.E-1,-2.316616962890E0));
#4518=DIRECTION('',(-1.391731009601E-1,0.E0,-9.902680687416E-1));
#4519=DIRECTION('',(9.902680687416E-1,0.E0,-1.391731009601E-1));
#4520=AXIS2_PLACEMENT_3D('',#4517,#4518,#4519);
#4521=PLANE('',#4520);
#4522=ORIENTED_EDGE('',*,*,#2637,.T.);
#4524=ORIENTED_EDGE('',*,*,#4523,.F.);
#4525=ORIENTED_EDGE('',*,*,#3009,.F.);
#4526=ORIENTED_EDGE('',*,*,#2671,.F.);
#4527=EDGE_LOOP('',(#4522,#4524,#4525,#4526));
#4528=FACE_OUTER_BOUND('',#4527,.F.);
#4529=ADVANCED_FACE('',(#4528),#4521,.F.);
#4530=CARTESIAN_POINT('',(1.658581592255E0,-4.E-1,-2.282841717207E0));
#4531=DIRECTION('',(0.E0,-1.E0,0.E0));
#4532=DIRECTION('',(-8.090169943749E-1,0.E0,-5.877852522925E-1));
#4533=AXIS2_PLACEMENT_3D('',#4530,#4531,#4532);
#4534=CYLINDRICAL_SURFACE('',#4533,1.E-1);
#4535=ORIENTED_EDGE('',*,*,#2635,.T.);
#4537=ORIENTED_EDGE('',*,*,#4536,.F.);
#4538=ORIENTED_EDGE('',*,*,#3011,.F.);
#4539=ORIENTED_EDGE('',*,*,#4523,.T.);
#4540=EDGE_LOOP('',(#4535,#4537,#4538,#4539));
#4541=FACE_OUTER_BOUND('',#4540,.F.);
#4542=ADVANCED_FACE('',(#4541),#4534,.F.);
#4543=CARTESIAN_POINT('',(1.757062367557E0,-4.E-1,-2.300206534973E0));
#4544=DIRECTION('',(9.848077530122E-1,0.E0,-1.736481776669E-1));
#4545=DIRECTION('',(1.736481776669E-1,0.E0,9.848077530122E-1));
#4546=AXIS2_PLACEMENT_3D('',#4543,#4544,#4545);
#4547=PLANE('',#4546);
#4548=ORIENTED_EDGE('',*,*,#2633,.T.);
#4549=ORIENTED_EDGE('',*,*,#2690,.T.);
#4550=ORIENTED_EDGE('',*,*,#3013,.F.);
#4551=ORIENTED_EDGE('',*,*,#4536,.T.);
#4552=EDGE_LOOP('',(#4548,#4549,#4550,#4551));
#4553=FACE_OUTER_BOUND('',#4552,.F.);
#4554=ADVANCED_FACE('',(#4553),#4547,.F.);
#4555=CARTESIAN_POINT('',(1.838477631085E0,-4.E-1,-1.838477631085E0));
#4556=DIRECTION('',(1.736481776669E-1,0.E0,-9.848077530122E-1));
#4557=DIRECTION('',(9.848077530122E-1,0.E0,1.736481776669E-1));
#4558=AXIS2_PLACEMENT_3D('',#4555,#4556,#4557);
#4559=PLANE('',#4558);
#4560=ORIENTED_EDGE('',*,*,#2629,.T.);
#4562=ORIENTED_EDGE('',*,*,#4561,.F.);
#4563=ORIENTED_EDGE('',*,*,#3016,.F.);
#4564=ORIENTED_EDGE('',*,*,#2686,.F.);
#4565=EDGE_LOOP('',(#4560,#4562,#4563,#4564));
#4566=FACE_OUTER_BOUND('',#4565,.F.);
#4567=ADVANCED_FACE('',(#4566),#4559,.F.);
#4568=CARTESIAN_POINT('',(2.282841717207E0,-4.E-1,-1.658581592255E0));
#4569=DIRECTION('',(0.E0,-1.E0,0.E0));
#4570=DIRECTION('',(-5.877852522925E-1,0.E0,-8.090169943749E-1));
#4571=AXIS2_PLACEMENT_3D('',#4568,#4569,#4570);
#4572=CYLINDRICAL_SURFACE('',#4571,1.E-1);
#4573=ORIENTED_EDGE('',*,*,#2627,.T.);
#4575=ORIENTED_EDGE('',*,*,#4574,.F.);
#4576=ORIENTED_EDGE('',*,*,#3018,.F.);
#4577=ORIENTED_EDGE('',*,*,#4561,.T.);
#4578=EDGE_LOOP('',(#4573,#4575,#4576,#4577));
#4579=FACE_OUTER_BOUND('',#4578,.F.);
#4580=ADVANCED_FACE('',(#4579),#4572,.F.);
#4581=CARTESIAN_POINT('',(2.381868524081E0,-4.E-1,-1.644664282159E0));
#4582=DIRECTION('',(9.902680687416E-1,0.E0,1.391731009601E-1));
#4583=DIRECTION('',(-1.391731009601E-1,0.E0,9.902680687416E-1));
#4584=AXIS2_PLACEMENT_3D('',#4581,#4582,#4583);
#4585=PLANE('',#4584);
#4586=ORIENTED_EDGE('',*,*,#2625,.T.);
#4587=ORIENTED_EDGE('',*,*,#2705,.T.);
#4588=ORIENTED_EDGE('',*,*,#3020,.F.);
#4589=ORIENTED_EDGE('',*,*,#4574,.T.);
#4590=EDGE_LOOP('',(#4586,#4587,#4588,#4589));
#4591=FACE_OUTER_BOUND('',#4590,.F.);
#4592=ADVANCED_FACE('',(#4591),#4585,.F.);
#4593=CARTESIAN_POINT('',(2.316616962890E0,-4.E-1,-1.180375299323E0));
#4594=DIRECTION('',(4.694715627859E-1,0.E0,-8.829475928589E-1));
#4595=DIRECTION('',(8.829475928589E-1,0.E0,4.694715627859E-1));
#4596=AXIS2_PLACEMENT_3D('',#4593,#4594,#4595);
#4597=PLANE('',#4596);
#4598=ORIENTED_EDGE('',*,*,#2621,.T.);
#4600=ORIENTED_EDGE('',*,*,#4599,.F.);
#4601=ORIENTED_EDGE('',*,*,#3023,.F.);
#4602=ORIENTED_EDGE('',*,*,#2701,.F.);
#4603=EDGE_LOOP('',(#4598,#4600,#4601,#4602));
#4604=FACE_OUTER_BOUND('',#4603,.F.);
#4605=ADVANCED_FACE('',(#4604),#4597,.F.);
#4606=CARTESIAN_POINT('',(2.683641389384E0,-4.E-1,-8.719679450367E-1));
#4607=DIRECTION('',(0.E0,-1.E0,0.E0));
#4608=DIRECTION('',(-3.090169943749E-1,0.E0,-9.510565162952E-1));
#4609=AXIS2_PLACEMENT_3D('',#4606,#4607,#4608);
#4610=CYLINDRICAL_SURFACE('',#4609,1.E-1);
#4611=ORIENTED_EDGE('',*,*,#2619,.T.);
#4613=ORIENTED_EDGE('',*,*,#4612,.F.);
#4614=ORIENTED_EDGE('',*,*,#3025,.F.);
#4615=ORIENTED_EDGE('',*,*,#4599,.T.);
#4616=EDGE_LOOP('',(#4611,#4613,#4614,#4615));
#4617=FACE_OUTER_BOUND('',#4616,.F.);
#4618=ADVANCED_FACE('',(#4617),#4610,.F.);
#4619=CARTESIAN_POINT('',(2.773520794014E0,-4.E-1,-8.281308303578E-1));
#4620=DIRECTION('',(8.987940462992E-1,0.E0,4.383711467891E-1));
#4621=DIRECTION('',(-4.383711467891E-1,0.E0,8.987940462992E-1));
#4622=AXIS2_PLACEMENT_3D('',#4619,#4620,#4621);
#4623=PLANE('',#4622);
#4624=ORIENTED_EDGE('',*,*,#2617,.T.);
#4625=ORIENTED_EDGE('',*,*,#2720,.T.);
#4626=ORIENTED_EDGE('',*,*,#3027,.F.);
#4627=ORIENTED_EDGE('',*,*,#4612,.T.);
#4628=EDGE_LOOP('',(#4624,#4625,#4626,#4627));
#4629=FACE_OUTER_BOUND('',#4628,.F.);
#4630=ADVANCED_FACE('',(#4629),#4623,.F.);
#4631=CARTESIAN_POINT('',(2.567989685547E0,-4.E-1,-4.067296091046E-1));
#4632=DIRECTION('',(7.193398003386E-1,0.E0,-6.946583704590E-1));
#4633=DIRECTION('',(6.946583704590E-1,0.E0,7.193398003386E-1));
#4634=AXIS2_PLACEMENT_3D('',#4631,#4632,#4633);
#4635=PLANE('',#4634);
#4636=ORIENTED_EDGE('',*,*,#2613,.T.);
#4638=ORIENTED_EDGE('',*,*,#4637,.F.);
#4639=ORIENTED_EDGE('',*,*,#3030,.F.);
#4640=ORIENTED_EDGE('',*,*,#2716,.F.);
#4641=EDGE_LOOP('',(#4636,#4638,#4639,#4640));
#4642=FACE_OUTER_BOUND('',#4641,.F.);
#4643=ADVANCED_FACE('',(#4642),#4635,.F.);
#4644=CARTESIAN_POINT('',(2.821747544340E0,-4.E-1,0.E0));
#4645=DIRECTION('',(0.E0,-1.E0,0.E0));
#4646=DIRECTION('',(0.E0,0.E0,-1.E0));
#4647=AXIS2_PLACEMENT_3D('',#4644,#4645,#4646);
#4648=CYLINDRICAL_SURFACE('',#4647,1.E-1);
#4649=ORIENTED_EDGE('',*,*,#2611,.T.);
#4651=ORIENTED_EDGE('',*,*,#4650,.F.);
#4652=ORIENTED_EDGE('',*,*,#3032,.F.);
#4653=ORIENTED_EDGE('',*,*,#4637,.T.);
#4654=EDGE_LOOP('',(#4649,#4651,#4652,#4653));
#4655=FACE_OUTER_BOUND('',#4654,.F.);
#4656=ADVANCED_FACE('',(#4655),#4648,.F.);
#4657=CARTESIAN_POINT('',(2.893681524374E0,-4.E-1,6.946583704590E-2));
#4658=DIRECTION('',(7.193398003386E-1,0.E0,6.946583704590E-1));
#4659=DIRECTION('',(-6.946583704590E-1,0.E0,7.193398003386E-1));
#4660=AXIS2_PLACEMENT_3D('',#4657,#4658,#4659);
#4661=PLANE('',#4660);
#4662=ORIENTED_EDGE('',*,*,#2609,.T.);
#4663=ORIENTED_EDGE('',*,*,#2735,.T.);
#4664=ORIENTED_EDGE('',*,*,#3034,.F.);
#4665=ORIENTED_EDGE('',*,*,#4650,.T.);
#4666=EDGE_LOOP('',(#4662,#4663,#4664,#4665));
#4667=FACE_OUTER_BOUND('',#4666,.F.);
#4668=ADVANCED_FACE('',(#4667),#4661,.F.);
#4669=CARTESIAN_POINT('',(2.567989685547E0,-4.E-1,4.067296091046E-1));
#4670=DIRECTION('',(8.987940462992E-1,0.E0,-4.383711467891E-1));
#4671=DIRECTION('',(4.383711467891E-1,0.E0,8.987940462992E-1));
#4672=AXIS2_PLACEMENT_3D('',#4669,#4670,#4671);
#4673=PLANE('',#4672);
#4674=ORIENTED_EDGE('',*,*,#2605,.T.);
#4676=ORIENTED_EDGE('',*,*,#4675,.F.);
#4677=ORIENTED_EDGE('',*,*,#3037,.F.);
#4678=ORIENTED_EDGE('',*,*,#2731,.F.);
#4679=EDGE_LOOP('',(#4674,#4676,#4677,#4678));
#4680=FACE_OUTER_BOUND('',#4679,.F.);
#4681=ADVANCED_FACE('',(#4680),#4673,.F.);
#4682=CARTESIAN_POINT('',(2.683641389384E0,-4.E-1,8.719679450367E-1));
#4683=DIRECTION('',(0.E0,-1.E0,0.E0));
#4684=DIRECTION('',(3.090169943749E-1,0.E0,-9.510565162952E-1));
#4685=AXIS2_PLACEMENT_3D('',#4682,#4683,#4684);
#4686=CYLINDRICAL_SURFACE('',#4685,1.E-1);
#4687=ORIENTED_EDGE('',*,*,#2603,.T.);
#4689=ORIENTED_EDGE('',*,*,#4688,.F.);
#4690=ORIENTED_EDGE('',*,*,#3039,.F.);
#4691=ORIENTED_EDGE('',*,*,#4675,.T.);
#4692=EDGE_LOOP('',(#4687,#4689,#4690,#4691));
#4693=FACE_OUTER_BOUND('',#4692,.F.);
#4694=ADVANCED_FACE('',(#4693),#4686,.F.);
#4695=CARTESIAN_POINT('',(2.730588545663E0,-4.E-1,9.602627043226E-1));
#4696=DIRECTION('',(4.694715627859E-1,0.E0,8.829475928589E-1));
#4697=DIRECTION('',(-8.829475928589E-1,0.E0,4.694715627859E-1));
#4698=AXIS2_PLACEMENT_3D('',#4695,#4696,#4697);
#4699=PLANE('',#4698);
#4700=ORIENTED_EDGE('',*,*,#2601,.T.);
#4701=ORIENTED_EDGE('',*,*,#2750,.T.);
#4702=ORIENTED_EDGE('',*,*,#3041,.F.);
#4703=ORIENTED_EDGE('',*,*,#4688,.T.);
#4704=EDGE_LOOP('',(#4700,#4701,#4702,#4703));
#4705=FACE_OUTER_BOUND('',#4704,.F.);
#4706=ADVANCED_FACE('',(#4705),#4699,.F.);
#4707=CARTESIAN_POINT('',(2.316616962890E0,-4.E-1,1.180375299323E0));
#4708=DIRECTION('',(9.902680687416E-1,0.E0,-1.391731009601E-1));
#4709=DIRECTION('',(1.391731009601E-1,0.E0,9.902680687416E-1));
#4710=AXIS2_PLACEMENT_3D('',#4707,#4708,#4709);
#4711=PLANE('',#4710);
#4712=ORIENTED_EDGE('',*,*,#2597,.T.);
#4714=ORIENTED_EDGE('',*,*,#4713,.F.);
#4715=ORIENTED_EDGE('',*,*,#3044,.F.);
#4716=ORIENTED_EDGE('',*,*,#2746,.F.);
#4717=EDGE_LOOP('',(#4712,#4714,#4715,#4716));
#4718=FACE_OUTER_BOUND('',#4717,.F.);
#4719=ADVANCED_FACE('',(#4718),#4711,.F.);
#4720=CARTESIAN_POINT('',(2.282841717207E0,-4.E-1,1.658581592255E0));
#4721=DIRECTION('',(0.E0,-1.E0,0.E0));
#4722=DIRECTION('',(5.877852522925E-1,0.E0,-8.090169943749E-1));
#4723=AXIS2_PLACEMENT_3D('',#4720,#4721,#4722);
#4724=CYLINDRICAL_SURFACE('',#4723,1.E-1);
#4725=ORIENTED_EDGE('',*,*,#2595,.T.);
#4727=ORIENTED_EDGE('',*,*,#4726,.F.);
#4728=ORIENTED_EDGE('',*,*,#3046,.F.);
#4729=ORIENTED_EDGE('',*,*,#4713,.T.);
#4730=EDGE_LOOP('',(#4725,#4727,#4728,#4729));
#4731=FACE_OUTER_BOUND('',#4730,.F.);
#4732=ADVANCED_FACE('',(#4731),#4724,.F.);
#4733=CARTESIAN_POINT('',(2.300206534973E0,-4.E-1,1.757062367557E0));
#4734=DIRECTION('',(1.736481776669E-1,0.E0,9.848077530122E-1));
#4735=DIRECTION('',(-9.848077530122E-1,0.E0,1.736481776669E-1));
#4736=AXIS2_PLACEMENT_3D('',#4733,#4734,#4735);
#4737=PLANE('',#4736);
#4738=ORIENTED_EDGE('',*,*,#2593,.T.);
#4739=ORIENTED_EDGE('',*,*,#2765,.T.);
#4740=ORIENTED_EDGE('',*,*,#3048,.F.);
#4741=ORIENTED_EDGE('',*,*,#4726,.T.);
#4742=EDGE_LOOP('',(#4738,#4739,#4740,#4741));
#4743=FACE_OUTER_BOUND('',#4742,.F.);
#4744=ADVANCED_FACE('',(#4743),#4737,.F.);
#4745=CARTESIAN_POINT('',(1.838477631085E0,-4.E-1,1.838477631085E0));
#4746=DIRECTION('',(9.848077530122E-1,0.E0,1.736481776669E-1));
#4747=DIRECTION('',(-1.736481776669E-1,0.E0,9.848077530122E-1));
#4748=AXIS2_PLACEMENT_3D('',#4745,#4746,#4747);
#4749=PLANE('',#4748);
#4750=ORIENTED_EDGE('',*,*,#2589,.T.);
#4752=ORIENTED_EDGE('',*,*,#4751,.F.);
#4753=ORIENTED_EDGE('',*,*,#3051,.F.);
#4754=ORIENTED_EDGE('',*,*,#2761,.F.);
#4755=EDGE_LOOP('',(#4750,#4752,#4753,#4754));
#4756=FACE_OUTER_BOUND('',#4755,.F.);
#4757=ADVANCED_FACE('',(#4756),#4749,.F.);
#4758=CARTESIAN_POINT('',(1.658581592255E0,-4.E-1,2.282841717207E0));
#4759=DIRECTION('',(0.E0,-1.E0,0.E0));
#4760=DIRECTION('',(8.090169943749E-1,0.E0,-5.877852522925E-1));
#4761=AXIS2_PLACEMENT_3D('',#4758,#4759,#4760);
#4762=CYLINDRICAL_SURFACE('',#4761,1.E-1);
#4763=ORIENTED_EDGE('',*,*,#2587,.T.);
#4765=ORIENTED_EDGE('',*,*,#4764,.F.);
#4766=ORIENTED_EDGE('',*,*,#3053,.F.);
#4767=ORIENTED_EDGE('',*,*,#4751,.T.);
#4768=EDGE_LOOP('',(#4763,#4765,#4766,#4767));
#4769=FACE_OUTER_BOUND('',#4768,.F.);
#4770=ADVANCED_FACE('',(#4769),#4762,.F.);
#4771=CARTESIAN_POINT('',(1.644664282159E0,-4.E-1,2.381868524081E0));
#4772=DIRECTION('',(-1.391731009601E-1,0.E0,9.902680687416E-1));
#4773=DIRECTION('',(-9.902680687416E-1,0.E0,-1.391731009601E-1));
#4774=AXIS2_PLACEMENT_3D('',#4771,#4772,#4773);
#4775=PLANE('',#4774);
#4776=ORIENTED_EDGE('',*,*,#2585,.T.);
#4777=ORIENTED_EDGE('',*,*,#2780,.T.);
#4778=ORIENTED_EDGE('',*,*,#3055,.F.);
#4779=ORIENTED_EDGE('',*,*,#4764,.T.);
#4780=EDGE_LOOP('',(#4776,#4777,#4778,#4779));
#4781=FACE_OUTER_BOUND('',#4780,.F.);
#4782=ADVANCED_FACE('',(#4781),#4775,.F.);
#4783=CARTESIAN_POINT('',(1.180375299323E0,-4.E-1,2.316616962890E0));
#4784=DIRECTION('',(8.829475928589E-1,0.E0,4.694715627859E-1));
#4785=DIRECTION('',(-4.694715627859E-1,0.E0,8.829475928589E-1));
#4786=AXIS2_PLACEMENT_3D('',#4783,#4784,#4785);
#4787=PLANE('',#4786);
#4788=ORIENTED_EDGE('',*,*,#2581,.T.);
#4790=ORIENTED_EDGE('',*,*,#4789,.F.);
#4791=ORIENTED_EDGE('',*,*,#3058,.F.);
#4792=ORIENTED_EDGE('',*,*,#2776,.F.);
#4793=EDGE_LOOP('',(#4788,#4790,#4791,#4792));
#4794=FACE_OUTER_BOUND('',#4793,.F.);
#4795=ADVANCED_FACE('',(#4794),#4787,.F.);
#4796=CARTESIAN_POINT('',(8.719679450367E-1,-4.E-1,2.683641389384E0));
#4797=DIRECTION('',(0.E0,-1.E0,0.E0));
#4798=DIRECTION('',(9.510565162952E-1,0.E0,-3.090169943749E-1));
#4799=AXIS2_PLACEMENT_3D('',#4796,#4797,#4798);
#4800=CYLINDRICAL_SURFACE('',#4799,1.E-1);
#4801=ORIENTED_EDGE('',*,*,#2579,.T.);
#4803=ORIENTED_EDGE('',*,*,#4802,.F.);
#4804=ORIENTED_EDGE('',*,*,#3060,.F.);
#4805=ORIENTED_EDGE('',*,*,#4789,.T.);
#4806=EDGE_LOOP('',(#4801,#4803,#4804,#4805));
#4807=FACE_OUTER_BOUND('',#4806,.F.);
#4808=ADVANCED_FACE('',(#4807),#4800,.F.);
#4809=CARTESIAN_POINT('',(8.281308303578E-1,-4.E-1,2.773520794014E0));
#4810=DIRECTION('',(-4.383711467891E-1,0.E0,8.987940462992E-1));
#4811=DIRECTION('',(-8.987940462992E-1,0.E0,-4.383711467891E-1));
#4812=AXIS2_PLACEMENT_3D('',#4809,#4810,#4811);
#4813=PLANE('',#4812);
#4814=ORIENTED_EDGE('',*,*,#2577,.T.);
#4815=ORIENTED_EDGE('',*,*,#2795,.T.);
#4816=ORIENTED_EDGE('',*,*,#3062,.F.);
#4817=ORIENTED_EDGE('',*,*,#4802,.T.);
#4818=EDGE_LOOP('',(#4814,#4815,#4816,#4817));
#4819=FACE_OUTER_BOUND('',#4818,.F.);
#4820=ADVANCED_FACE('',(#4819),#4813,.F.);
#4821=CLOSED_SHELL('',(#2391,#2406,#2420,#2433,#2449,#2464,#2477,#2649,#2664,
#2679,#2694,#2709,#2724,#2739,#2754,#2769,#2784,#2799,#2814,#2829,#2844,#2859,
#2874,#2889,#2904,#2919,#2934,#2949,#2963,#2977,#2990,#3075,#3090,#3108,#3193,
#3206,#3222,#3236,#3251,#3264,#3328,#3343,#3356,#3372,#3387,#3400,#3415,#3480,
#3495,#3510,#3533,#3546,#3558,#3573,#3586,#3601,#3614,#3628,#3641,#3652,#3667,
#3680,#3694,#3706,#3721,#3734,#3748,#3760,#3775,#3788,#3802,#3814,#3829,#3842,
#3856,#3868,#3883,#3896,#3910,#3922,#3937,#3950,#3964,#3976,#3991,#4004,#4018,
#4030,#4045,#4058,#4072,#4084,#4096,#4111,#4123,#4135,#4148,#4161,#4173,#4186,
#4199,#4211,#4224,#4237,#4249,#4262,#4275,#4287,#4300,#4313,#4325,#4338,#4351,
#4363,#4376,#4389,#4401,#4414,#4427,#4439,#4452,#4465,#4477,#4490,#4504,#4516,
#4529,#4542,#4554,#4567,#4580,#4592,#4605,#4618,#4630,#4643,#4656,#4668,#4681,
#4694,#4706,#4719,#4732,#4744,#4757,#4770,#4782,#4795,#4808,#4820));
#4822=CARTESIAN_POINT('',(0.E0,5.95E0,-6.E0));
#4823=DIRECTION('',(0.E0,-1.E0,0.E0));
#4824=DIRECTION('',(-1.E0,0.E0,0.E0));
#4825=AXIS2_PLACEMENT_3D('',#4822,#4823,#4824);
#4827=CARTESIAN_POINT('',(0.E0,0.E0,-6.E0));
#4828=DIRECTION('',(0.E0,1.E0,0.E0));
#4829=DIRECTION('',(1.E0,0.E0,0.E0));
#4830=AXIS2_PLACEMENT_3D('',#4827,#4828,#4829);
#4832=CARTESIAN_POINT('',(0.E0,5.95E0,-6.E0));
#4833=DIRECTION('',(0.E0,-1.E0,0.E0));
#4834=DIRECTION('',(1.E0,0.E0,0.E0));
#4835=AXIS2_PLACEMENT_3D('',#4832,#4833,#4834);
#4837=DIRECTION('',(0.E0,-1.E0,0.E0));
#4838=VECTOR('',#4837,5.95E0);
#4839=CARTESIAN_POINT('',(-1.E0,5.95E0,-6.E0));
#4840=LINE('',#4839,#4838);
#4841=CARTESIAN_POINT('',(0.E0,0.E0,-6.E0));
#4842=DIRECTION('',(0.E0,1.E0,0.E0));
#4843=DIRECTION('',(-1.E0,0.E0,0.E0));
#4844=AXIS2_PLACEMENT_3D('',#4841,#4842,#4843);
#4846=DIRECTION('',(0.E0,-1.E0,0.E0));
#4847=VECTOR('',#4846,5.95E0);
#4848=CARTESIAN_POINT('',(1.E0,5.95E0,-6.E0));
#4849=LINE('',#4848,#4847);
#4850=CARTESIAN_POINT('',(1.E0,5.95E0,-6.E0));
#4851=CARTESIAN_POINT('',(-1.E0,5.95E0,-6.E0));
#4852=VERTEX_POINT('',#4850);
#4853=VERTEX_POINT('',#4851);
#4854=CARTESIAN_POINT('',(1.E0,0.E0,-6.E0));
#4855=VERTEX_POINT('',#4854);
#4856=CARTESIAN_POINT('',(-1.E0,0.E0,-6.E0));
#4857=VERTEX_POINT('',#4856);
#4858=CARTESIAN_POINT('',(0.E0,-1.549500000127E0,-6.E0));
#4859=DIRECTION('',(0.E0,1.E0,0.E0));
#4860=DIRECTION('',(1.E0,0.E0,0.E0));
#4861=AXIS2_PLACEMENT_3D('',#4858,#4859,#4860);
#4862=CYLINDRICAL_SURFACE('',#4861,1.E0);
#4864=ORIENTED_EDGE('',*,*,#4863,.T.);
#4866=ORIENTED_EDGE('',*,*,#4865,.T.);
#4868=ORIENTED_EDGE('',*,*,#4867,.T.);
#4870=ORIENTED_EDGE('',*,*,#4869,.F.);
#4871=EDGE_LOOP('',(#4864,#4866,#4868,#4870));
#4872=FACE_OUTER_BOUND('',#4871,.F.);
#4873=ADVANCED_FACE('',(#4872),#4862,.F.);
#4874=CARTESIAN_POINT('',(0.E0,-1.549500000127E0,-6.E0));
#4875=DIRECTION('',(0.E0,1.E0,0.E0));
#4876=DIRECTION('',(1.E0,0.E0,0.E0));
#4877=AXIS2_PLACEMENT_3D('',#4874,#4875,#4876);
#4878=CYLINDRICAL_SURFACE('',#4877,1.E0);
#4880=ORIENTED_EDGE('',*,*,#4879,.T.);
#4881=ORIENTED_EDGE('',*,*,#4869,.T.);
#4883=ORIENTED_EDGE('',*,*,#4882,.T.);
#4884=ORIENTED_EDGE('',*,*,#4865,.F.);
#4885=EDGE_LOOP('',(#4880,#4881,#4883,#4884));
#4886=FACE_OUTER_BOUND('',#4885,.F.);
#4887=ADVANCED_FACE('',(#4886),#4878,.F.);
#4888=OPEN_SHELL('',(#4873,#4887));
#4890=CARTESIAN_POINT('',(4.242640687119E0,5.95E0,-4.242640687119E0));
#4891=DIRECTION('',(0.E0,-1.E0,0.E0));
#4892=DIRECTION('',(-7.071067811865E-1,0.E0,-7.071067811865E-1));
#4893=AXIS2_PLACEMENT_3D('',#4890,#4891,#4892);
#4895=CARTESIAN_POINT('',(4.242640687119E0,0.E0,-4.242640687119E0));
#4896=DIRECTION('',(0.E0,1.E0,0.E0));
#4897=DIRECTION('',(7.071067811865E-1,0.E0,7.071067811865E-1));
#4898=AXIS2_PLACEMENT_3D('',#4895,#4896,#4897);
#4900=CARTESIAN_POINT('',(4.242640687119E0,5.95E0,-4.242640687119E0));
#4901=DIRECTION('',(0.E0,-1.E0,0.E0));
#4902=DIRECTION('',(7.071067811865E-1,0.E0,7.071067811865E-1));
#4903=AXIS2_PLACEMENT_3D('',#4900,#4901,#4902);
#4905=DIRECTION('',(0.E0,-1.E0,0.E0));
#4906=VECTOR('',#4905,5.95E0);
#4907=CARTESIAN_POINT('',(3.535533905933E0,5.95E0,-4.949747468306E0));
#4908=LINE('',#4907,#4906);
#4909=CARTESIAN_POINT('',(4.242640687119E0,0.E0,-4.242640687119E0));
#4910=DIRECTION('',(0.E0,1.E0,0.E0));
#4911=DIRECTION('',(-7.071067811865E-1,0.E0,-7.071067811865E-1));
#4912=AXIS2_PLACEMENT_3D('',#4909,#4910,#4911);
#4914=DIRECTION('',(0.E0,-1.E0,0.E0));
#4915=VECTOR('',#4914,5.95E0);
#4916=CARTESIAN_POINT('',(4.949747468306E0,5.95E0,-3.535533905933E0));
#4917=LINE('',#4916,#4915);
#4918=CARTESIAN_POINT('',(4.949747468306E0,5.95E0,-3.535533905933E0));
#4919=CARTESIAN_POINT('',(3.535533905933E0,5.95E0,-4.949747468306E0));
#4920=VERTEX_POINT('',#4918);
#4921=VERTEX_POINT('',#4919);
#4922=CARTESIAN_POINT('',(4.949747468306E0,0.E0,-3.535533905933E0));
#4923=VERTEX_POINT('',#4922);
#4924=CARTESIAN_POINT('',(3.535533905933E0,0.E0,-4.949747468306E0));
#4925=VERTEX_POINT('',#4924);
#4926=CARTESIAN_POINT('',(4.242640687119E0,-1.549500000127E0,
-4.242640687119E0));
#4927=DIRECTION('',(0.E0,1.E0,0.E0));
#4928=DIRECTION('',(7.071067811865E-1,0.E0,7.071067811865E-1));
#4929=AXIS2_PLACEMENT_3D('',#4926,#4927,#4928);
#4930=CYLINDRICAL_SURFACE('',#4929,1.E0);
#4932=ORIENTED_EDGE('',*,*,#4931,.T.);
#4934=ORIENTED_EDGE('',*,*,#4933,.T.);
#4936=ORIENTED_EDGE('',*,*,#4935,.T.);
#4938=ORIENTED_EDGE('',*,*,#4937,.F.);
#4939=EDGE_LOOP('',(#4932,#4934,#4936,#4938));
#4940=FACE_OUTER_BOUND('',#4939,.F.);
#4941=ADVANCED_FACE('',(#4940),#4930,.F.);
#4942=CARTESIAN_POINT('',(4.242640687119E0,-1.549500000127E0,
-4.242640687119E0));
#4943=DIRECTION('',(0.E0,1.E0,0.E0));
#4944=DIRECTION('',(7.071067811865E-1,0.E0,7.071067811865E-1));
#4945=AXIS2_PLACEMENT_3D('',#4942,#4943,#4944);
#4946=CYLINDRICAL_SURFACE('',#4945,1.E0);
#4948=ORIENTED_EDGE('',*,*,#4947,.T.);
#4949=ORIENTED_EDGE('',*,*,#4937,.T.);
#4951=ORIENTED_EDGE('',*,*,#4950,.T.);
#4952=ORIENTED_EDGE('',*,*,#4933,.F.);
#4953=EDGE_LOOP('',(#4948,#4949,#4951,#4952));
#4954=FACE_OUTER_BOUND('',#4953,.F.);
#4955=ADVANCED_FACE('',(#4954),#4946,.F.);
#4956=OPEN_SHELL('',(#4941,#4955));
#4958=CARTESIAN_POINT('',(6.E0,5.95E0,0.E0));
#4959=DIRECTION('',(0.E0,-1.E0,0.E0));
#4960=DIRECTION('',(0.E0,0.E0,-1.E0));
#4961=AXIS2_PLACEMENT_3D('',#4958,#4959,#4960);
#4963=CARTESIAN_POINT('',(6.E0,0.E0,0.E0));
#4964=DIRECTION('',(0.E0,1.E0,0.E0));
#4965=DIRECTION('',(0.E0,0.E0,1.E0));
#4966=AXIS2_PLACEMENT_3D('',#4963,#4964,#4965);
#4968=CARTESIAN_POINT('',(6.E0,5.95E0,0.E0));
#4969=DIRECTION('',(0.E0,-1.E0,0.E0));
#4970=DIRECTION('',(0.E0,0.E0,1.E0));
#4971=AXIS2_PLACEMENT_3D('',#4968,#4969,#4970);
#4973=DIRECTION('',(0.E0,-1.E0,0.E0));
#4974=VECTOR('',#4973,5.95E0);
#4975=CARTESIAN_POINT('',(6.E0,5.95E0,-1.E0));
#4976=LINE('',#4975,#4974);
#4977=CARTESIAN_POINT('',(6.E0,0.E0,0.E0));
#4978=DIRECTION('',(0.E0,1.E0,0.E0));
#4979=DIRECTION('',(0.E0,0.E0,-1.E0));
#4980=AXIS2_PLACEMENT_3D('',#4977,#4978,#4979);
#4982=DIRECTION('',(0.E0,-1.E0,0.E0));
#4983=VECTOR('',#4982,5.95E0);
#4984=CARTESIAN_POINT('',(6.E0,5.95E0,1.E0));
#4985=LINE('',#4984,#4983);
#4986=CARTESIAN_POINT('',(6.E0,5.95E0,1.E0));
#4987=CARTESIAN_POINT('',(6.E0,5.95E0,-1.E0));
#4988=VERTEX_POINT('',#4986);
#4989=VERTEX_POINT('',#4987);
#4990=CARTESIAN_POINT('',(6.E0,0.E0,1.E0));
#4991=VERTEX_POINT('',#4990);
#4992=CARTESIAN_POINT('',(6.E0,0.E0,-1.E0));
#4993=VERTEX_POINT('',#4992);
#4994=CARTESIAN_POINT('',(6.E0,-1.549500000127E0,0.E0));
#4995=DIRECTION('',(0.E0,1.E0,0.E0));
#4996=DIRECTION('',(0.E0,0.E0,1.E0));
#4997=AXIS2_PLACEMENT_3D('',#4994,#4995,#4996);
#4998=CYLINDRICAL_SURFACE('',#4997,1.E0);
#5000=ORIENTED_EDGE('',*,*,#4999,.T.);
#5002=ORIENTED_EDGE('',*,*,#5001,.T.);
#5004=ORIENTED_EDGE('',*,*,#5003,.T.);
#5006=ORIENTED_EDGE('',*,*,#5005,.F.);
#5007=EDGE_LOOP('',(#5000,#5002,#5004,#5006));
#5008=FACE_OUTER_BOUND('',#5007,.F.);
#5009=ADVANCED_FACE('',(#5008),#4998,.F.);
#5010=CARTESIAN_POINT('',(6.E0,-1.549500000127E0,0.E0));
#5011=DIRECTION('',(0.E0,1.E0,0.E0));
#5012=DIRECTION('',(0.E0,0.E0,1.E0));
#5013=AXIS2_PLACEMENT_3D('',#5010,#5011,#5012);
#5014=CYLINDRICAL_SURFACE('',#5013,1.E0);
#5016=ORIENTED_EDGE('',*,*,#5015,.T.);
#5017=ORIENTED_EDGE('',*,*,#5005,.T.);
#5019=ORIENTED_EDGE('',*,*,#5018,.T.);
#5020=ORIENTED_EDGE('',*,*,#5001,.F.);
#5021=EDGE_LOOP('',(#5016,#5017,#5019,#5020));
#5022=FACE_OUTER_BOUND('',#5021,.F.);
#5023=ADVANCED_FACE('',(#5022),#5014,.F.);
#5024=OPEN_SHELL('',(#5009,#5023));
#5026=CARTESIAN_POINT('',(4.242640687119E0,5.95E0,4.242640687119E0));
#5027=DIRECTION('',(0.E0,-1.E0,0.E0));
#5028=DIRECTION('',(7.071067811865E-1,0.E0,-7.071067811865E-1));
#5029=AXIS2_PLACEMENT_3D('',#5026,#5027,#5028);
#5031=CARTESIAN_POINT('',(4.242640687119E0,0.E0,4.242640687119E0));
#5032=DIRECTION('',(0.E0,1.E0,0.E0));
#5033=DIRECTION('',(-7.071067811865E-1,0.E0,7.071067811865E-1));
#5034=AXIS2_PLACEMENT_3D('',#5031,#5032,#5033);
#5036=CARTESIAN_POINT('',(4.242640687119E0,5.95E0,4.242640687119E0));
#5037=DIRECTION('',(0.E0,-1.E0,0.E0));
#5038=DIRECTION('',(-7.071067811865E-1,0.E0,7.071067811865E-1));
#5039=AXIS2_PLACEMENT_3D('',#5036,#5037,#5038);
#5041=DIRECTION('',(0.E0,-1.E0,0.E0));
#5042=VECTOR('',#5041,5.95E0);
#5043=CARTESIAN_POINT('',(4.949747468306E0,5.95E0,3.535533905933E0));
#5044=LINE('',#5043,#5042);
#5045=CARTESIAN_POINT('',(4.242640687119E0,0.E0,4.242640687119E0));
#5046=DIRECTION('',(0.E0,1.E0,0.E0));
#5047=DIRECTION('',(7.071067811865E-1,0.E0,-7.071067811865E-1));
#5048=AXIS2_PLACEMENT_3D('',#5045,#5046,#5047);
#5050=DIRECTION('',(0.E0,-1.E0,0.E0));
#5051=VECTOR('',#5050,5.95E0);
#5052=CARTESIAN_POINT('',(3.535533905933E0,5.95E0,4.949747468306E0));
#5053=LINE('',#5052,#5051);
#5054=CARTESIAN_POINT('',(3.535533905933E0,5.95E0,4.949747468306E0));
#5055=CARTESIAN_POINT('',(4.949747468306E0,5.95E0,3.535533905933E0));
#5056=VERTEX_POINT('',#5054);
#5057=VERTEX_POINT('',#5055);
#5058=CARTESIAN_POINT('',(3.535533905933E0,0.E0,4.949747468306E0));
#5059=VERTEX_POINT('',#5058);
#5060=CARTESIAN_POINT('',(4.949747468306E0,0.E0,3.535533905933E0));
#5061=VERTEX_POINT('',#5060);
#5062=CARTESIAN_POINT('',(4.242640687119E0,-1.549500000127E0,4.242640687119E0));
#5063=DIRECTION('',(0.E0,1.E0,0.E0));
#5064=DIRECTION('',(-7.071067811865E-1,0.E0,7.071067811865E-1));
#5065=AXIS2_PLACEMENT_3D('',#5062,#5063,#5064);
#5066=CYLINDRICAL_SURFACE('',#5065,1.E0);
#5068=ORIENTED_EDGE('',*,*,#5067,.T.);
#5070=ORIENTED_EDGE('',*,*,#5069,.T.);
#5072=ORIENTED_EDGE('',*,*,#5071,.T.);
#5074=ORIENTED_EDGE('',*,*,#5073,.F.);
#5075=EDGE_LOOP('',(#5068,#5070,#5072,#5074));
#5076=FACE_OUTER_BOUND('',#5075,.F.);
#5077=ADVANCED_FACE('',(#5076),#5066,.F.);
#5078=CARTESIAN_POINT('',(4.242640687119E0,-1.549500000127E0,4.242640687119E0));
#5079=DIRECTION('',(0.E0,1.E0,0.E0));
#5080=DIRECTION('',(-7.071067811865E-1,0.E0,7.071067811865E-1));
#5081=AXIS2_PLACEMENT_3D('',#5078,#5079,#5080);
#5082=CYLINDRICAL_SURFACE('',#5081,1.E0);
#5084=ORIENTED_EDGE('',*,*,#5083,.T.);
#5085=ORIENTED_EDGE('',*,*,#5073,.T.);
#5087=ORIENTED_EDGE('',*,*,#5086,.T.);
#5088=ORIENTED_EDGE('',*,*,#5069,.F.);
#5089=EDGE_LOOP('',(#5084,#5085,#5087,#5088));
#5090=FACE_OUTER_BOUND('',#5089,.F.);
#5091=ADVANCED_FACE('',(#5090),#5082,.F.);
#5092=OPEN_SHELL('',(#5077,#5091));
#5094=CARTESIAN_POINT('',(0.E0,5.95E0,6.E0));
#5095=DIRECTION('',(0.E0,-1.E0,0.E0));
#5096=DIRECTION('',(1.E0,0.E0,0.E0));
#5097=AXIS2_PLACEMENT_3D('',#5094,#5095,#5096);
#5099=CARTESIAN_POINT('',(0.E0,0.E0,6.E0));
#5100=DIRECTION('',(0.E0,1.E0,0.E0));
#5101=DIRECTION('',(-1.E0,0.E0,0.E0));
#5102=AXIS2_PLACEMENT_3D('',#5099,#5100,#5101);
#5104=CARTESIAN_POINT('',(0.E0,5.95E0,6.E0));
#5105=DIRECTION('',(0.E0,-1.E0,0.E0));
#5106=DIRECTION('',(-1.E0,0.E0,0.E0));
#5107=AXIS2_PLACEMENT_3D('',#5104,#5105,#5106);
#5109=DIRECTION('',(0.E0,-1.E0,0.E0));
#5110=VECTOR('',#5109,5.95E0);
#5111=CARTESIAN_POINT('',(1.E0,5.95E0,6.E0));
#5112=LINE('',#5111,#5110);
#5113=CARTESIAN_POINT('',(0.E0,0.E0,6.E0));
#5114=DIRECTION('',(0.E0,1.E0,0.E0));
#5115=DIRECTION('',(1.E0,0.E0,0.E0));
#5116=AXIS2_PLACEMENT_3D('',#5113,#5114,#5115);
#5118=DIRECTION('',(0.E0,-1.E0,0.E0));
#5119=VECTOR('',#5118,5.95E0);
#5120=CARTESIAN_POINT('',(-1.E0,5.95E0,6.E0));
#5121=LINE('',#5120,#5119);
#5122=CARTESIAN_POINT('',(-1.E0,5.95E0,6.E0));
#5123=CARTESIAN_POINT('',(1.E0,5.95E0,6.E0));
#5124=VERTEX_POINT('',#5122);
#5125=VERTEX_POINT('',#5123);
#5126=CARTESIAN_POINT('',(-1.E0,0.E0,6.E0));
#5127=VERTEX_POINT('',#5126);
#5128=CARTESIAN_POINT('',(1.E0,0.E0,6.E0));
#5129=VERTEX_POINT('',#5128);
#5130=CARTESIAN_POINT('',(0.E0,-1.549500000127E0,6.E0));
#5131=DIRECTION('',(0.E0,1.E0,0.E0));
#5132=DIRECTION('',(-1.E0,0.E0,0.E0));
#5133=AXIS2_PLACEMENT_3D('',#5130,#5131,#5132);
#5134=CYLINDRICAL_SURFACE('',#5133,1.E0);
#5136=ORIENTED_EDGE('',*,*,#5135,.T.);
#5138=ORIENTED_EDGE('',*,*,#5137,.T.);
#5140=ORIENTED_EDGE('',*,*,#5139,.T.);
#5142=ORIENTED_EDGE('',*,*,#5141,.F.);
#5143=EDGE_LOOP('',(#5136,#5138,#5140,#5142));
#5144=FACE_OUTER_BOUND('',#5143,.F.);
#5145=ADVANCED_FACE('',(#5144),#5134,.F.);
#5146=CARTESIAN_POINT('',(0.E0,-1.549500000127E0,6.E0));
#5147=DIRECTION('',(0.E0,1.E0,0.E0));
#5148=DIRECTION('',(-1.E0,0.E0,0.E0));
#5149=AXIS2_PLACEMENT_3D('',#5146,#5147,#5148);
#5150=CYLINDRICAL_SURFACE('',#5149,1.E0);
#5152=ORIENTED_EDGE('',*,*,#5151,.T.);
#5153=ORIENTED_EDGE('',*,*,#5141,.T.);
#5155=ORIENTED_EDGE('',*,*,#5154,.T.);
#5156=ORIENTED_EDGE('',*,*,#5137,.F.);
#5157=EDGE_LOOP('',(#5152,#5153,#5155,#5156));
#5158=FACE_OUTER_BOUND('',#5157,.F.);
#5159=ADVANCED_FACE('',(#5158),#5150,.F.);
#5160=OPEN_SHELL('',(#5145,#5159));
#5162=CARTESIAN_POINT('',(-4.242640687119E0,5.95E0,4.242640687119E0));
#5163=DIRECTION('',(0.E0,-1.E0,0.E0));
#5164=DIRECTION('',(7.071067811865E-1,0.E0,7.071067811865E-1));
#5165=AXIS2_PLACEMENT_3D('',#5162,#5163,#5164);
#5167=CARTESIAN_POINT('',(-4.242640687119E0,0.E0,4.242640687119E0));
#5168=DIRECTION('',(0.E0,1.E0,0.E0));
#5169=DIRECTION('',(-7.071067811865E-1,0.E0,-7.071067811865E-1));
#5170=AXIS2_PLACEMENT_3D('',#5167,#5168,#5169);
#5172=CARTESIAN_POINT('',(-4.242640687119E0,5.95E0,4.242640687119E0));
#5173=DIRECTION('',(0.E0,-1.E0,0.E0));
#5174=DIRECTION('',(-7.071067811865E-1,0.E0,-7.071067811865E-1));
#5175=AXIS2_PLACEMENT_3D('',#5172,#5173,#5174);
#5177=DIRECTION('',(0.E0,-1.E0,0.E0));
#5178=VECTOR('',#5177,5.95E0);
#5179=CARTESIAN_POINT('',(-3.535533905933E0,5.95E0,4.949747468306E0));
#5180=LINE('',#5179,#5178);
#5181=CARTESIAN_POINT('',(-4.242640687119E0,0.E0,4.242640687119E0));
#5182=DIRECTION('',(0.E0,1.E0,0.E0));
#5183=DIRECTION('',(7.071067811865E-1,0.E0,7.071067811865E-1));
#5184=AXIS2_PLACEMENT_3D('',#5181,#5182,#5183);
#5186=DIRECTION('',(0.E0,-1.E0,0.E0));
#5187=VECTOR('',#5186,5.95E0);
#5188=CARTESIAN_POINT('',(-4.949747468306E0,5.95E0,3.535533905933E0));
#5189=LINE('',#5188,#5187);
#5190=CARTESIAN_POINT('',(-4.949747468306E0,5.95E0,3.535533905933E0));
#5191=CARTESIAN_POINT('',(-3.535533905933E0,5.95E0,4.949747468306E0));
#5192=VERTEX_POINT('',#5190);
#5193=VERTEX_POINT('',#5191);
#5194=CARTESIAN_POINT('',(-4.949747468306E0,0.E0,3.535533905933E0));
#5195=VERTEX_POINT('',#5194);
#5196=CARTESIAN_POINT('',(-3.535533905933E0,0.E0,4.949747468306E0));
#5197=VERTEX_POINT('',#5196);
#5198=CARTESIAN_POINT('',(-4.242640687119E0,-1.549500000127E0,
4.242640687119E0));
#5199=DIRECTION('',(0.E0,1.E0,0.E0));
#5200=DIRECTION('',(-7.071067811865E-1,0.E0,-7.071067811865E-1));
#5201=AXIS2_PLACEMENT_3D('',#5198,#5199,#5200);
#5202=CYLINDRICAL_SURFACE('',#5201,1.E0);
#5204=ORIENTED_EDGE('',*,*,#5203,.T.);
#5206=ORIENTED_EDGE('',*,*,#5205,.T.);
#5208=ORIENTED_EDGE('',*,*,#5207,.T.);
#5210=ORIENTED_EDGE('',*,*,#5209,.F.);
#5211=EDGE_LOOP('',(#5204,#5206,#5208,#5210));
#5212=FACE_OUTER_BOUND('',#5211,.F.);
#5213=ADVANCED_FACE('',(#5212),#5202,.F.);
#5214=CARTESIAN_POINT('',(-4.242640687119E0,-1.549500000127E0,
4.242640687119E0));
#5215=DIRECTION('',(0.E0,1.E0,0.E0));
#5216=DIRECTION('',(-7.071067811865E-1,0.E0,-7.071067811865E-1));
#5217=AXIS2_PLACEMENT_3D('',#5214,#5215,#5216);
#5218=CYLINDRICAL_SURFACE('',#5217,1.E0);
#5220=ORIENTED_EDGE('',*,*,#5219,.T.);
#5221=ORIENTED_EDGE('',*,*,#5209,.T.);
#5223=ORIENTED_EDGE('',*,*,#5222,.T.);
#5224=ORIENTED_EDGE('',*,*,#5205,.F.);
#5225=EDGE_LOOP('',(#5220,#5221,#5223,#5224));
#5226=FACE_OUTER_BOUND('',#5225,.F.);
#5227=ADVANCED_FACE('',(#5226),#5218,.F.);
#5228=OPEN_SHELL('',(#5213,#5227));
#5230=CARTESIAN_POINT('',(-6.E0,5.95E0,0.E0));
#5231=DIRECTION('',(0.E0,-1.E0,0.E0));
#5232=DIRECTION('',(0.E0,0.E0,1.E0));
#5233=AXIS2_PLACEMENT_3D('',#5230,#5231,#5232);
#5235=CARTESIAN_POINT('',(-6.E0,0.E0,0.E0));
#5236=DIRECTION('',(0.E0,1.E0,0.E0));
#5237=DIRECTION('',(0.E0,0.E0,-1.E0));
#5238=AXIS2_PLACEMENT_3D('',#5235,#5236,#5237);
#5240=CARTESIAN_POINT('',(-6.E0,5.95E0,0.E0));
#5241=DIRECTION('',(0.E0,-1.E0,0.E0));
#5242=DIRECTION('',(0.E0,0.E0,-1.E0));
#5243=AXIS2_PLACEMENT_3D('',#5240,#5241,#5242);
#5245=DIRECTION('',(0.E0,-1.E0,0.E0));
#5246=VECTOR('',#5245,5.95E0);
#5247=CARTESIAN_POINT('',(-6.E0,5.95E0,1.E0));
#5248=LINE('',#5247,#5246);
#5249=CARTESIAN_POINT('',(-6.E0,0.E0,0.E0));
#5250=DIRECTION('',(0.E0,1.E0,0.E0));
#5251=DIRECTION('',(0.E0,0.E0,1.E0));
#5252=AXIS2_PLACEMENT_3D('',#5249,#5250,#5251);
#5254=DIRECTION('',(0.E0,-1.E0,0.E0));
#5255=VECTOR('',#5254,5.95E0);
#5256=CARTESIAN_POINT('',(-6.E0,5.95E0,-1.E0));
#5257=LINE('',#5256,#5255);
#5258=CARTESIAN_POINT('',(-6.E0,5.95E0,-1.E0));
#5259=CARTESIAN_POINT('',(-6.E0,5.95E0,1.E0));
#5260=VERTEX_POINT('',#5258);
#5261=VERTEX_POINT('',#5259);
#5262=CARTESIAN_POINT('',(-6.E0,0.E0,-1.E0));
#5263=VERTEX_POINT('',#5262);
#5264=CARTESIAN_POINT('',(-6.E0,0.E0,1.E0));
#5265=VERTEX_POINT('',#5264);
#5266=CARTESIAN_POINT('',(-6.E0,-1.549500000127E0,0.E0));
#5267=DIRECTION('',(0.E0,1.E0,0.E0));
#5268=DIRECTION('',(0.E0,0.E0,-1.E0));
#5269=AXIS2_PLACEMENT_3D('',#5266,#5267,#5268);
#5270=CYLINDRICAL_SURFACE('',#5269,1.E0);
#5272=ORIENTED_EDGE('',*,*,#5271,.T.);
#5274=ORIENTED_EDGE('',*,*,#5273,.T.);
#5276=ORIENTED_EDGE('',*,*,#5275,.T.);
#5278=ORIENTED_EDGE('',*,*,#5277,.F.);
#5279=EDGE_LOOP('',(#5272,#5274,#5276,#5278));
#5280=FACE_OUTER_BOUND('',#5279,.F.);
#5281=ADVANCED_FACE('',(#5280),#5270,.F.);
#5282=CARTESIAN_POINT('',(-6.E0,-1.549500000127E0,0.E0));
#5283=DIRECTION('',(0.E0,1.E0,0.E0));
#5284=DIRECTION('',(0.E0,0.E0,-1.E0));
#5285=AXIS2_PLACEMENT_3D('',#5282,#5283,#5284);
#5286=CYLINDRICAL_SURFACE('',#5285,1.E0);
#5288=ORIENTED_EDGE('',*,*,#5287,.T.);
#5289=ORIENTED_EDGE('',*,*,#5277,.T.);
#5291=ORIENTED_EDGE('',*,*,#5290,.T.);
#5292=ORIENTED_EDGE('',*,*,#5273,.F.);
#5293=EDGE_LOOP('',(#5288,#5289,#5291,#5292));
#5294=FACE_OUTER_BOUND('',#5293,.F.);
#5295=ADVANCED_FACE('',(#5294),#5286,.F.);
#5296=OPEN_SHELL('',(#5281,#5295));
#5298=CARTESIAN_POINT('',(-4.242640687119E0,5.95E0,-4.242640687119E0));
#5299=DIRECTION('',(0.E0,-1.E0,0.E0));
#5300=DIRECTION('',(-7.071067811865E-1,0.E0,7.071067811865E-1));
#5301=AXIS2_PLACEMENT_3D('',#5298,#5299,#5300);
#5303=CARTESIAN_POINT('',(-4.242640687119E0,0.E0,-4.242640687119E0));
#5304=DIRECTION('',(0.E0,1.E0,0.E0));
#5305=DIRECTION('',(7.071067811865E-1,0.E0,-7.071067811865E-1));
#5306=AXIS2_PLACEMENT_3D('',#5303,#5304,#5305);
#5308=CARTESIAN_POINT('',(-4.242640687119E0,5.95E0,-4.242640687119E0));
#5309=DIRECTION('',(0.E0,-1.E0,0.E0));
#5310=DIRECTION('',(7.071067811865E-1,0.E0,-7.071067811865E-1));
#5311=AXIS2_PLACEMENT_3D('',#5308,#5309,#5310);
#5313=DIRECTION('',(0.E0,-1.E0,0.E0));
#5314=VECTOR('',#5313,5.95E0);
#5315=CARTESIAN_POINT('',(-4.949747468306E0,5.95E0,-3.535533905933E0));
#5316=LINE('',#5315,#5314);
#5317=CARTESIAN_POINT('',(-4.242640687119E0,0.E0,-4.242640687119E0));
#5318=DIRECTION('',(0.E0,1.E0,0.E0));
#5319=DIRECTION('',(-7.071067811865E-1,0.E0,7.071067811865E-1));
#5320=AXIS2_PLACEMENT_3D('',#5317,#5318,#5319);
#5322=DIRECTION('',(0.E0,-1.E0,0.E0));
#5323=VECTOR('',#5322,5.95E0);
#5324=CARTESIAN_POINT('',(-3.535533905933E0,5.95E0,-4.949747468306E0));
#5325=LINE('',#5324,#5323);
#5326=CARTESIAN_POINT('',(-3.535533905933E0,5.95E0,-4.949747468306E0));
#5327=CARTESIAN_POINT('',(-4.949747468306E0,5.95E0,-3.535533905933E0));
#5328=VERTEX_POINT('',#5326);
#5329=VERTEX_POINT('',#5327);
#5330=CARTESIAN_POINT('',(-3.535533905933E0,0.E0,-4.949747468306E0));
#5331=VERTEX_POINT('',#5330);
#5332=CARTESIAN_POINT('',(-4.949747468306E0,0.E0,-3.535533905933E0));
#5333=VERTEX_POINT('',#5332);
#5334=CARTESIAN_POINT('',(-4.242640687119E0,-1.549500000127E0,
-4.242640687119E0));
#5335=DIRECTION('',(0.E0,1.E0,0.E0));
#5336=DIRECTION('',(7.071067811865E-1,0.E0,-7.071067811865E-1));
#5337=AXIS2_PLACEMENT_3D('',#5334,#5335,#5336);
#5338=CYLINDRICAL_SURFACE('',#5337,1.E0);
#5340=ORIENTED_EDGE('',*,*,#5339,.T.);
#5342=ORIENTED_EDGE('',*,*,#5341,.T.);
#5344=ORIENTED_EDGE('',*,*,#5343,.T.);
#5346=ORIENTED_EDGE('',*,*,#5345,.F.);
#5347=EDGE_LOOP('',(#5340,#5342,#5344,#5346));
#5348=FACE_OUTER_BOUND('',#5347,.F.);
#5349=ADVANCED_FACE('',(#5348),#5338,.F.);
#5350=CARTESIAN_POINT('',(-4.242640687119E0,-1.549500000127E0,
-4.242640687119E0));
#5351=DIRECTION('',(0.E0,1.E0,0.E0));
#5352=DIRECTION('',(7.071067811865E-1,0.E0,-7.071067811865E-1));
#5353=AXIS2_PLACEMENT_3D('',#5350,#5351,#5352);
#5354=CYLINDRICAL_SURFACE('',#5353,1.E0);
#5356=ORIENTED_EDGE('',*,*,#5355,.T.);
#5357=ORIENTED_EDGE('',*,*,#5345,.T.);
#5359=ORIENTED_EDGE('',*,*,#5358,.T.);
#5360=ORIENTED_EDGE('',*,*,#5341,.F.);
#5361=EDGE_LOOP('',(#5356,#5357,#5359,#5360));
#5362=FACE_OUTER_BOUND('',#5361,.F.);
#5363=ADVANCED_FACE('',(#5362),#5354,.F.);
#5364=OPEN_SHELL('',(#5349,#5363));
#5365=MANIFOLD_SOLID_BREP('',#4821);
#5366=SHELL_BASED_SURFACE_MODEL('',(#4888,#4956,#5024,#5092,#5160,#5228,#5296,
#5364));
#5368=DIMENSIONAL_EXPONENTS(0.E0,0.E0,0.E0,0.E0,0.E0,0.E0,0.E0);
#5370=PLANE_ANGLE_MEASURE_WITH_UNIT(PLANE_ANGLE_MEASURE(1.745329251994E-2),
#5369);
#5371=(CONVERSION_BASED_UNIT('DEGREE',#5370)NAMED_UNIT(*)PLANE_ANGLE_UNIT());
#5373=UNCERTAINTY_MEASURE_WITH_UNIT(LENGTH_MEASURE(3.073550497705E-3),#5367,
'closure',
'Maximum model space distance between geometric entities at asserted connectivities');
#5374=(GEOMETRIC_REPRESENTATION_CONTEXT(3)GLOBAL_UNCERTAINTY_ASSIGNED_CONTEXT((
#5373))GLOBAL_UNIT_ASSIGNED_CONTEXT((#5367,#5371,#5372))REPRESENTATION_CONTEXT(
'ID1','3'));
#5375=CARTESIAN_POINT('',(0.E0,0.E0,0.E0));
#5376=DIRECTION('',(0.E0,0.E0,1.E0));
#5377=DIRECTION('',(1.E0,0.E0,0.E0));
#5380=CARTESIAN_POINT('',(0.E0,0.E0,0.E0));
#5381=DIRECTION('',(0.E0,0.E0,1.E0));
#5382=DIRECTION('',(1.E0,0.E0,0.E0));
#5385=CARTESIAN_POINT('',(0.E0,0.E0,0.E0));
#5386=DIRECTION('',(0.E0,0.E0,1.E0));
#5387=DIRECTION('',(1.E0,0.E0,0.E0));
#5390=SHAPE_REPRESENTATION_RELATIONSHIP('','',#5389,#5379);
#5391=SHAPE_REPRESENTATION_RELATIONSHIP('','',#5389,#5384);
#5392=APPLICATION_CONTEXT(
'CONFIGURATION CONTROLLED 3D DESIGNS OF MECHANICAL PARTS AND ASSEMBLIES');
#5393=APPLICATION_PROTOCOL_DEFINITION('international standard',
'config_control_design',1994,#5392);
#5394=DESIGN_CONTEXT('',#5392,'design');
#5395=MECHANICAL_CONTEXT('',#5392,'mechanical');
#5396=PRODUCT('HN12_B101_T_BR1','HN12_B101_T_BR1','NOT SPECIFIED',(#5395));
#5397=PRODUCT_DEFINITION_FORMATION_WITH_SPECIFIED_SOURCE('15','LAST_VERSION',
#5396,.MADE.);
#5406=CARTESIAN_POINT('',(0.E0,0.E0,0.E0));
#5407=DIRECTION('',(0.E0,0.E0,1.E0));
#5408=DIRECTION('',(1.E0,0.E0,0.E0));
#5409=AXIS2_PLACEMENT_3D('',#5406,#5407,#5408);
#5410=ITEM_DEFINED_TRANSFORMATION('','',#5388,#5409);
#5411=(REPRESENTATION_RELATIONSHIP('','',#5389,#5403)REPRESENTATION_RELATIONSHIP_WITH_TRANSFORMATION(#5410)SHAPE_REPRESENTATION_RELATIONSHIP());
#5412=CONTEXT_DEPENDENT_SHAPE_REPRESENTATION(#5411,#5405);
#5414=CARTESIAN_POINT('',(0.E0,0.E0,0.E0));
#5415=DIRECTION('',(0.E0,-1.E0,0.E0));
#5416=DIRECTION('',(1.E0,0.E0,0.E0));
#5417=AXIS2_PLACEMENT_3D('',#5414,#5415,#5416);
#5419=CARTESIAN_POINT('',(0.E0,0.E0,0.E0));
#5420=DIRECTION('',(0.E0,-1.E0,0.E0));
#5421=DIRECTION('',(-1.E0,0.E0,0.E0));
#5422=AXIS2_PLACEMENT_3D('',#5419,#5420,#5421);
#5424=CARTESIAN_POINT('',(1.1E1,0.E0,8.E0));
#5425=DIRECTION('',(0.E0,1.E0,0.E0));
#5426=DIRECTION('',(-1.E0,0.E0,0.E0));
#5427=AXIS2_PLACEMENT_3D('',#5424,#5425,#5426);
#5429=CARTESIAN_POINT('',(1.1E1,0.E0,8.E0));
#5430=DIRECTION('',(0.E0,1.E0,0.E0));
#5431=DIRECTION('',(1.E0,0.E0,0.E0));
#5432=AXIS2_PLACEMENT_3D('',#5429,#5430,#5431);
#5434=CARTESIAN_POINT('',(1.1E1,0.E0,-8.E0));
#5435=DIRECTION('',(0.E0,1.E0,0.E0));
#5436=DIRECTION('',(-1.E0,0.E0,0.E0));
#5437=AXIS2_PLACEMENT_3D('',#5434,#5435,#5436);
#5439=CARTESIAN_POINT('',(1.1E1,0.E0,-8.E0));
#5440=DIRECTION('',(0.E0,1.E0,0.E0));
#5441=DIRECTION('',(1.E0,0.E0,0.E0));
#5442=AXIS2_PLACEMENT_3D('',#5439,#5440,#5441);
#5444=CARTESIAN_POINT('',(-1.1E1,0.E0,-8.E0));
#5445=DIRECTION('',(0.E0,1.E0,0.E0));
#5446=DIRECTION('',(-1.E0,0.E0,0.E0));
#5447=AXIS2_PLACEMENT_3D('',#5444,#5445,#5446);
#5449=CARTESIAN_POINT('',(-1.1E1,0.E0,-8.E0));
#5450=DIRECTION('',(0.E0,1.E0,0.E0));
#5451=DIRECTION('',(1.E0,0.E0,0.E0));
#5452=AXIS2_PLACEMENT_3D('',#5449,#5450,#5451);
#5454=CARTESIAN_POINT('',(-1.1E1,0.E0,8.E0));
#5455=DIRECTION('',(0.E0,1.E0,0.E0));
#5456=DIRECTION('',(-1.E0,0.E0,0.E0));
#5457=AXIS2_PLACEMENT_3D('',#5454,#5455,#5456);
#5459=CARTESIAN_POINT('',(-1.1E1,0.E0,8.E0));
#5460=DIRECTION('',(0.E0,1.E0,0.E0));
#5461=DIRECTION('',(1.E0,0.E0,0.E0));
#5462=AXIS2_PLACEMENT_3D('',#5459,#5460,#5461);
#5464=DIRECTION('',(0.E0,0.E0,1.E0));
#5465=VECTOR('',#5464,1.816862915010E1);
#5466=CARTESIAN_POINT('',(1.385E1,0.E0,-9.084314575051E0));
#5467=LINE('',#5466,#5465);
#5468=DIRECTION('',(7.071067811865E-1,0.E0,7.071067811865E-1));
#5469=VECTOR('',#5468,2.497056274848E0);
#5470=CARTESIAN_POINT('',(1.208431457505E1,0.E0,-1.085E1));
#5471=LINE('',#5470,#5469);
#5472=DIRECTION('',(1.E0,-2.830847161556E-12,2.830912169643E-12));
#5473=VECTOR('',#5472,7.400566074971E0);
#5474=CARTESIAN_POINT('',(4.683748500080E0,2.094918682971E-11,
-1.085000000002E1));
#5475=LINE('',#5474,#5473);
#5476=CARTESIAN_POINT('',(4.683748498799E0,0.E0,-1.425E1));
#5477=DIRECTION('',(0.E0,1.E0,0.E0));
#5478=DIRECTION('',(-3.122498999199E-1,0.E0,9.5E-1));
#5479=AXIS2_PLACEMENT_3D('',#5476,#5477,#5478);
#5481=CARTESIAN_POINT('',(7.438494264989E-14,0.E0,-1.447730824111E-13));
#5482=DIRECTION('',(0.E0,-1.E0,0.E0));
#5483=DIRECTION('',(-3.122498999199E-1,0.E0,-9.5E-1));
#5484=AXIS2_PLACEMENT_3D('',#5481,#5482,#5483);
#5486=CARTESIAN_POINT('',(-4.683748498799E0,0.E0,-1.425E1));
#5487=DIRECTION('',(0.E0,1.E0,0.E0));
#5488=DIRECTION('',(0.E0,0.E0,1.E0));
#5489=AXIS2_PLACEMENT_3D('',#5486,#5487,#5488);
#5491=DIRECTION('',(1.E0,4.184533061887E-12,-4.184920610099E-12));
#5492=VECTOR('',#5491,7.400566075306E0);
#5493=CARTESIAN_POINT('',(-1.208431457505E1,0.E0,-1.085E1));
#5494=LINE('',#5493,#5492);
#5495=DIRECTION('',(7.071067811865E-1,0.E0,-7.071067811865E-1));
#5496=VECTOR('',#5495,2.497056274848E0);
#5497=CARTESIAN_POINT('',(-1.385E1,0.E0,-9.084314575051E0));
#5498=LINE('',#5497,#5496);
#5499=DIRECTION('',(0.E0,0.E0,-1.E0));
#5500=VECTOR('',#5499,1.816862915010E1);
#5501=CARTESIAN_POINT('',(-1.385E1,0.E0,9.084314575051E0));
#5502=LINE('',#5501,#5500);
#5503=DIRECTION('',(-7.071067811865E-1,0.E0,-7.071067811865E-1));
#5504=VECTOR('',#5503,2.497056274848E0);
#5505=CARTESIAN_POINT('',(-1.208431457505E1,0.E0,1.085E1));
#5506=LINE('',#5505,#5504);
#5507=DIRECTION('',(-1.E0,-2.830892167155E-12,-2.830912169643E-12));
#5508=VECTOR('',#5507,7.400566074971E0);
#5509=CARTESIAN_POINT('',(-4.683748500080E0,2.094946438547E-11,
1.085000000002E1));
#5510=LINE('',#5509,#5508);
#5511=CARTESIAN_POINT('',(-4.683748498799E0,0.E0,1.425E1));
#5512=DIRECTION('',(0.E0,1.E0,0.E0));
#5513=DIRECTION('',(3.122498999199E-1,0.E0,-9.5E-1));
#5514=AXIS2_PLACEMENT_3D('',#5511,#5512,#5513);
#5516=CARTESIAN_POINT('',(0.E0,0.E0,0.E0));
#5517=DIRECTION('',(0.E0,-1.E0,0.E0));
#5518=DIRECTION('',(3.122498999199E-1,0.E0,9.5E-1));
#5519=AXIS2_PLACEMENT_3D('',#5516,#5517,#5518);
#5521=CARTESIAN_POINT('',(4.683748498799E0,0.E0,1.425E1));
#5522=DIRECTION('',(0.E0,1.E0,0.E0));
#5523=DIRECTION('',(0.E0,0.E0,-1.E0));
#5524=AXIS2_PLACEMENT_3D('',#5521,#5522,#5523);
#5526=DIRECTION('',(-1.E0,4.184600570285E-12,4.184680580239E-12));
#5527=VECTOR('',#5526,7.400566075306E0);
#5528=CARTESIAN_POINT('',(1.208431457505E1,0.E0,1.085E1));
#5529=LINE('',#5528,#5527);
#5530=DIRECTION('',(-7.071067811865E-1,0.E0,7.071067811865E-1));
#5531=VECTOR('',#5530,2.497056274848E0);
#5532=CARTESIAN_POINT('',(1.385E1,0.E0,9.084314575051E0));
#5533=LINE('',#5532,#5531);
#5534=CARTESIAN_POINT('',(0.E0,4.5E0,0.E0));
#5535=DIRECTION('',(0.E0,1.E0,0.E0));
#5536=DIRECTION('',(-1.E0,0.E0,0.E0));
#5537=AXIS2_PLACEMENT_3D('',#5534,#5535,#5536);
#5539=DIRECTION('',(0.E0,1.E0,0.E0));
#5540=VECTOR('',#5539,4.5E0);
#5541=CARTESIAN_POINT('',(1.05E1,0.E0,0.E0));
#5542=LINE('',#5541,#5540);
#5543=CARTESIAN_POINT('',(0.E0,4.5E0,0.E0));
#5544=DIRECTION('',(0.E0,-1.E0,0.E0));
#5545=DIRECTION('',(-1.E0,0.E0,0.E0));
#5546=AXIS2_PLACEMENT_3D('',#5543,#5544,#5545);
#5548=CARTESIAN_POINT('',(0.E0,4.5E0,0.E0));
#5549=DIRECTION('',(0.E0,-1.E0,0.E0));
#5550=DIRECTION('',(1.E0,0.E0,0.E0));
#5551=AXIS2_PLACEMENT_3D('',#5548,#5549,#5550);
#5553=DIRECTION('',(0.E0,-1.E0,0.E0));
#5554=VECTOR('',#5553,5.E-1);
#5555=CARTESIAN_POINT('',(-9.75E0,5.E0,0.E0));
#5556=LINE('',#5555,#5554);
#5557=CARTESIAN_POINT('',(0.E0,5.E0,0.E0));
#5558=DIRECTION('',(0.E0,-1.E0,0.E0));
#5559=DIRECTION('',(-1.E0,0.E0,0.E0));
#5560=AXIS2_PLACEMENT_3D('',#5557,#5558,#5559);
#5562=CARTESIAN_POINT('',(0.E0,5.E0,0.E0));
#5563=DIRECTION('',(0.E0,-1.E0,0.E0));
#5564=DIRECTION('',(1.E0,0.E0,0.E0));
#5565=AXIS2_PLACEMENT_3D('',#5562,#5563,#5564);
#5567=CARTESIAN_POINT('',(1.1E1,5.E0,8.E0));
#5568=DIRECTION('',(0.E0,-1.E0,0.E0));
#5569=DIRECTION('',(-1.E0,0.E0,0.E0));
#5570=AXIS2_PLACEMENT_3D('',#5567,#5568,#5569);
#5572=CARTESIAN_POINT('',(1.1E1,5.E0,8.E0));
#5573=DIRECTION('',(0.E0,-1.E0,0.E0));
#5574=DIRECTION('',(1.E0,0.E0,0.E0));
#5575=AXIS2_PLACEMENT_3D('',#5572,#5573,#5574);
#5577=CARTESIAN_POINT('',(-1.1E1,5.E0,8.E0));
#5578=DIRECTION('',(0.E0,-1.E0,0.E0));
#5579=DIRECTION('',(-1.E0,0.E0,0.E0));
#5580=AXIS2_PLACEMENT_3D('',#5577,#5578,#5579);
#5582=CARTESIAN_POINT('',(-1.1E1,5.E0,8.E0));
#5583=DIRECTION('',(0.E0,-1.E0,0.E0));
#5584=DIRECTION('',(1.E0,0.E0,0.E0));
#5585=AXIS2_PLACEMENT_3D('',#5582,#5583,#5584);
#5587=CARTESIAN_POINT('',(-1.1E1,5.E0,-8.E0));
#5588=DIRECTION('',(0.E0,-1.E0,0.E0));
#5589=DIRECTION('',(-1.E0,0.E0,0.E0));
#5590=AXIS2_PLACEMENT_3D('',#5587,#5588,#5589);
#5592=CARTESIAN_POINT('',(-1.1E1,5.E0,-8.E0));
#5593=DIRECTION('',(0.E0,-1.E0,0.E0));
#5594=DIRECTION('',(1.E0,0.E0,0.E0));
#5595=AXIS2_PLACEMENT_3D('',#5592,#5593,#5594);
#5597=CARTESIAN_POINT('',(1.1E1,5.E0,-8.E0));
#5598=DIRECTION('',(0.E0,-1.E0,0.E0));
#5599=DIRECTION('',(-1.E0,0.E0,0.E0));
#5600=AXIS2_PLACEMENT_3D('',#5597,#5598,#5599);
#5602=CARTESIAN_POINT('',(1.1E1,5.E0,-8.E0));
#5603=DIRECTION('',(0.E0,-1.E0,0.E0));
#5604=DIRECTION('',(1.E0,0.E0,0.E0));
#5605=AXIS2_PLACEMENT_3D('',#5602,#5603,#5604);
#5607=DIRECTION('',(0.E0,0.E0,-1.E0));
#5608=VECTOR('',#5607,1.816862915010E1);
#5609=CARTESIAN_POINT('',(1.385E1,5.E0,9.084314575051E0));
#5610=LINE('',#5609,#5608);
#5611=DIRECTION('',(7.071067811865E-1,0.E0,-7.071067811865E-1));
#5612=VECTOR('',#5611,2.497056274848E0);
#5613=CARTESIAN_POINT('',(1.208431457505E1,5.E0,1.085E1));
#5614=LINE('',#5613,#5612);
#5615=DIRECTION('',(1.E0,4.184440550379E-12,-4.184920610099E-12));
#5616=VECTOR('',#5615,7.400566075306E0);
#5617=CARTESIAN_POINT('',(4.683748499745E0,4.999999999969E0,1.085000000003E1));
#5618=LINE('',#5617,#5616);
#5619=CARTESIAN_POINT('',(4.683748498799E0,5.E0,1.425E1));
#5620=DIRECTION('',(0.E0,-1.E0,0.E0));
#5621=DIRECTION('',(-3.122498999199E-1,0.E0,-9.5E-1));
#5622=AXIS2_PLACEMENT_3D('',#5619,#5620,#5621);
#5624=CARTESIAN_POINT('',(0.E0,5.E0,0.E0));
#5625=DIRECTION('',(0.E0,1.E0,0.E0));
#5626=DIRECTION('',(-3.122498999199E-1,0.E0,9.5E-1));
#5627=AXIS2_PLACEMENT_3D('',#5624,#5625,#5626);
#5629=CARTESIAN_POINT('',(-4.683748498799E0,5.E0,1.425E1));
#5630=DIRECTION('',(0.E0,-1.E0,0.E0));
#5631=DIRECTION('',(0.E0,0.E0,-1.E0));
#5632=AXIS2_PLACEMENT_3D('',#5629,#5630,#5631);
#5634=DIRECTION('',(1.E0,-2.831032184574E-12,2.831152199504E-12));
#5635=VECTOR('',#5634,7.400566074971E0);
#5636=CARTESIAN_POINT('',(-1.208431457505E1,5.E0,1.085E1));
#5637=LINE('',#5636,#5635);
#5638=DIRECTION('',(7.071067811865E-1,0.E0,7.071067811865E-1));
#5639=VECTOR('',#5638,2.497056274848E0);
#5640=CARTESIAN_POINT('',(-1.385E1,5.E0,9.084314575051E0));
#5641=LINE('',#5640,#5639);
#5642=DIRECTION('',(0.E0,0.E0,1.E0));
#5643=VECTOR('',#5642,1.816862915010E1);
#5644=CARTESIAN_POINT('',(-1.385E1,5.E0,-9.084314575051E0));
#5645=LINE('',#5644,#5643);
#5646=DIRECTION('',(-7.071067811865E-1,0.E0,7.071067811865E-1));
#5647=VECTOR('',#5646,2.497056274848E0);
#5648=CARTESIAN_POINT('',(-1.208431457505E1,5.E0,-1.085E1));
#5649=LINE('',#5648,#5647);
#5650=DIRECTION('',(-1.E0,4.184680580239E-12,4.185160639959E-12));
#5651=VECTOR('',#5650,7.400566075306E0);
#5652=CARTESIAN_POINT('',(-4.683748499745E0,4.999999999969E0,
-1.085000000003E1));
#5653=LINE('',#5652,#5651);
#5654=CARTESIAN_POINT('',(-4.683748498799E0,5.E0,-1.425E1));
#5655=DIRECTION('',(0.E0,-1.E0,0.E0));
#5656=DIRECTION('',(3.122498999199E-1,0.E0,9.5E-1));
#5657=AXIS2_PLACEMENT_3D('',#5654,#5655,#5656);
#5659=CARTESIAN_POINT('',(7.682743330406E-14,5.E0,-1.323385845353E-13));
#5660=DIRECTION('',(0.E0,1.E0,0.E0));
#5661=DIRECTION('',(3.122498999199E-1,0.E0,-9.5E-1));
#5662=AXIS2_PLACEMENT_3D('',#5659,#5660,#5661);
#5664=CARTESIAN_POINT('',(4.683748498799E0,5.E0,-1.425E1));
#5665=DIRECTION('',(0.E0,-1.E0,0.E0));
#5666=DIRECTION('',(0.E0,0.E0,1.E0));
#5667=AXIS2_PLACEMENT_3D('',#5664,#5665,#5666);
#5669=DIRECTION('',(-1.E0,-2.830912169643E-12,-2.830912169643E-12));
#5670=VECTOR('',#5669,7.400566074971E0);
#5671=CARTESIAN_POINT('',(1.208431457505E1,5.E0,-1.085E1));
#5672=LINE('',#5671,#5670);
#5673=DIRECTION('',(-7.071067811865E-1,0.E0,-7.071067811865E-1));
#5674=VECTOR('',#5673,2.497056274848E0);
#5675=CARTESIAN_POINT('',(1.385E1,5.E0,-9.084314575051E0));
#5676=LINE('',#5675,#5674);
#5677=DIRECTION('',(0.E0,-1.E0,0.E0));
#5678=VECTOR('',#5677,5.E-1);
#5679=CARTESIAN_POINT('',(9.75E0,5.E0,0.E0));
#5680=LINE('',#5679,#5678);
#5681=DIRECTION('',(7.071067811865E-1,-7.071067811865E-1,7.021714133536E-9));
#5682=VECTOR('',#5681,2.828427115500E-1);
#5683=CARTESIAN_POINT('',(8.400000002125E0,4.999999997875E0,7.999999993545E0));
#5684=LINE('',#5683,#5682);
#5685=DIRECTION('',(-7.071067811865E-1,-7.071067811866E-1,-7.021736114831E-9));
#5686=VECTOR('',#5685,2.828427115500E-1);
#5687=CARTESIAN_POINT('',(1.359999999788E1,4.999999997875E0,8.000000006455E0));
#5688=LINE('',#5687,#5686);
#5689=CARTESIAN_POINT('',(1.1E1,4.8E0,8.E0));
#5690=DIRECTION('',(0.E0,-1.E0,0.E0));
#5691=DIRECTION('',(1.E0,0.E0,0.E0));
#5692=AXIS2_PLACEMENT_3D('',#5689,#5690,#5691);
#5694=DIRECTION('',(-5.253873529470E-10,-1.E0,1.595927517962E-9));
#5695=VECTOR('',#5694,2.799999998529E0);
#5696=CARTESIAN_POINT('',(8.600000001471E0,4.799999998529E0,7.999999995531E0));
#5697=LINE('',#5696,#5695);
#5698=CARTESIAN_POINT('',(1.1E1,4.8E0,8.E0));
#5699=DIRECTION('',(0.E0,-1.E0,0.E0));
#5700=DIRECTION('',(-1.E0,0.E0,0.E0));
#5701=AXIS2_PLACEMENT_3D('',#5698,#5699,#5700);
#5703=DIRECTION('',(5.253879873602E-10,-1.E0,-1.595928469582E-9));
#5704=VECTOR('',#5703,2.799999998529E0);
#5705=CARTESIAN_POINT('',(1.339999999853E1,4.799999998529E0,8.000000004468E0));
#5706=LINE('',#5705,#5704);
#5707=CARTESIAN_POINT('',(1.1E1,2.E0,8.E0));
#5708=DIRECTION('',(0.E0,1.E0,0.E0));
#5709=DIRECTION('',(-1.E0,0.E0,0.E0));
#5710=AXIS2_PLACEMENT_3D('',#5707,#5708,#5709);
#5712=CARTESIAN_POINT('',(1.1E1,2.E0,8.E0));
#5713=DIRECTION('',(0.E0,1.E0,0.E0));
#5714=DIRECTION('',(1.E0,0.E0,0.E0));
#5715=AXIS2_PLACEMENT_3D('',#5712,#5713,#5714);
#5717=CARTESIAN_POINT('',(-1.1E1,2.E0,8.E0));
#5718=DIRECTION('',(0.E0,1.E0,0.E0));
#5719=DIRECTION('',(-1.E0,0.E0,0.E0));
#5720=AXIS2_PLACEMENT_3D('',#5717,#5718,#5719);
#5722=CARTESIAN_POINT('',(-1.1E1,2.E0,8.E0));
#5723=DIRECTION('',(0.E0,1.E0,0.E0));
#5724=DIRECTION('',(1.E0,0.E0,0.E0));
#5725=AXIS2_PLACEMENT_3D('',#5722,#5723,#5724);
#5727=CARTESIAN_POINT('',(1.1E1,2.E0,-8.E0));
#5728=DIRECTION('',(0.E0,1.E0,0.E0));
#5729=DIRECTION('',(-1.E0,0.E0,0.E0));
#5730=AXIS2_PLACEMENT_3D('',#5727,#5728,#5729);
#5732=CARTESIAN_POINT('',(1.1E1,2.E0,-8.E0));
#5733=DIRECTION('',(0.E0,1.E0,0.E0));
#5734=DIRECTION('',(1.E0,0.E0,0.E0));
#5735=AXIS2_PLACEMENT_3D('',#5732,#5733,#5734);
#5737=CARTESIAN_POINT('',(-1.1E1,2.E0,-8.E0));
#5738=DIRECTION('',(0.E0,1.E0,0.E0));
#5739=DIRECTION('',(-1.E0,0.E0,0.E0));
#5740=AXIS2_PLACEMENT_3D('',#5737,#5738,#5739);
#5742=CARTESIAN_POINT('',(-1.1E1,2.E0,-8.E0));
#5743=DIRECTION('',(0.E0,1.E0,0.E0));
#5744=DIRECTION('',(1.E0,0.E0,0.E0));
#5745=AXIS2_PLACEMENT_3D('',#5742,#5743,#5744);
#5747=CARTESIAN_POINT('',(1.1E1,2.E0,8.E0));
#5748=DIRECTION('',(0.E0,1.E0,0.E0));
#5749=DIRECTION('',(1.E0,0.E0,0.E0));
#5750=AXIS2_PLACEMENT_3D('',#5747,#5748,#5749);
#5752=CARTESIAN_POINT('',(1.1E1,2.E0,8.E0));
#5753=DIRECTION('',(0.E0,1.E0,0.E0));
#5754=DIRECTION('',(-1.E0,0.E0,0.E0));
#5755=AXIS2_PLACEMENT_3D('',#5752,#5753,#5754);
#5757=CARTESIAN_POINT('',(-1.1E1,2.E0,8.E0));
#5758=DIRECTION('',(0.E0,1.E0,0.E0));
#5759=DIRECTION('',(1.E0,0.E0,0.E0));
#5760=AXIS2_PLACEMENT_3D('',#5757,#5758,#5759);
#5762=CARTESIAN_POINT('',(-1.1E1,2.E0,8.E0));
#5763=DIRECTION('',(0.E0,1.E0,0.E0));
#5764=DIRECTION('',(-1.E0,0.E0,0.E0));
#5765=AXIS2_PLACEMENT_3D('',#5762,#5763,#5764);
#5767=CARTESIAN_POINT('',(-1.1E1,2.E0,-8.E0));
#5768=DIRECTION('',(0.E0,1.E0,0.E0));
#5769=DIRECTION('',(1.E0,0.E0,0.E0));
#5770=AXIS2_PLACEMENT_3D('',#5767,#5768,#5769);
#5772=CARTESIAN_POINT('',(-1.1E1,2.E0,-8.E0));
#5773=DIRECTION('',(0.E0,1.E0,0.E0));
#5774=DIRECTION('',(-1.E0,0.E0,0.E0));
#5775=AXIS2_PLACEMENT_3D('',#5772,#5773,#5774);
#5777=CARTESIAN_POINT('',(1.1E1,2.E0,-8.E0));
#5778=DIRECTION('',(0.E0,1.E0,0.E0));
#5779=DIRECTION('',(1.E0,0.E0,0.E0));
#5780=AXIS2_PLACEMENT_3D('',#5777,#5778,#5779);
#5782=CARTESIAN_POINT('',(1.1E1,2.E0,-8.E0));
#5783=DIRECTION('',(0.E0,1.E0,0.E0));
#5784=DIRECTION('',(-1.E0,0.E0,0.E0));
#5785=AXIS2_PLACEMENT_3D('',#5782,#5783,#5784);
#5787=CARTESIAN_POINT('',(-1.1E1,4.8E0,8.E0));
#5788=DIRECTION('',(0.E0,-1.E0,0.E0));
#5789=DIRECTION('',(1.E0,0.E0,0.E0));
#5790=AXIS2_PLACEMENT_3D('',#5787,#5788,#5789);
#5792=DIRECTION('',(-5.253860841207E-10,-1.E0,1.595927517962E-9));
#5793=VECTOR('',#5792,2.799999998529E0);
#5794=CARTESIAN_POINT('',(-1.339999999853E1,4.799999998529E0,7.999999995531E0));
#5795=LINE('',#5794,#5793);
#5796=DIRECTION('',(-7.071067811865E-1,-7.071067811866E-1,-7.021723554091E-9));
#5797=VECTOR('',#5796,2.828427115500E-1);
#5798=CARTESIAN_POINT('',(-8.400000002125E0,4.999999997875E0,8.000000006455E0));
#5799=LINE('',#5798,#5797);
#5800=DIRECTION('',(7.071067811865E-1,-7.071067811865E-1,7.021726694276E-9));
#5801=VECTOR('',#5800,2.828427115500E-1);
#5802=CARTESIAN_POINT('',(-1.359999999788E1,4.999999997875E0,7.999999993545E0));
#5803=LINE('',#5802,#5801);
#5804=CARTESIAN_POINT('',(-1.1E1,4.8E0,8.E0));
#5805=DIRECTION('',(0.E0,-1.E0,0.E0));
#5806=DIRECTION('',(-1.E0,0.E0,0.E0));
#5807=AXIS2_PLACEMENT_3D('',#5804,#5805,#5806);
#5809=DIRECTION('',(5.253879873602E-10,-1.E0,-1.595929103995E-9));
#5810=VECTOR('',#5809,2.799999998529E0);
#5811=CARTESIAN_POINT('',(-8.600000001471E0,4.799999998529E0,8.000000004468E0));
#5812=LINE('',#5811,#5810);
#5813=CARTESIAN_POINT('',(1.1E1,4.8E0,-8.E0));
#5814=DIRECTION('',(0.E0,-1.E0,0.E0));
#5815=DIRECTION('',(1.E0,0.E0,0.E0));
#5816=AXIS2_PLACEMENT_3D('',#5813,#5814,#5815);
#5818=DIRECTION('',(-5.253873529470E-10,-1.E0,1.595928469582E-9));
#5819=VECTOR('',#5818,2.799999998529E0);
#5820=CARTESIAN_POINT('',(8.600000001471E0,4.799999998529E0,-8.000000004469E0));
#5821=LINE('',#5820,#5819);
#5822=DIRECTION('',(-7.071067811865E-1,-7.071067811866E-1,-7.021729834461E-9));
#5823=VECTOR('',#5822,2.828427115500E-1);
#5824=CARTESIAN_POINT('',(1.359999999788E1,4.999999997875E0,-7.999999993545E0));
#5825=LINE('',#5824,#5823);
#5826=DIRECTION('',(7.071067811865E-1,-7.071067811865E-1,7.021717273721E-9));
#5827=VECTOR('',#5826,2.828427115500E-1);
#5828=CARTESIAN_POINT('',(8.400000002125E0,4.999999997875E0,-8.000000006455E0));
#5829=LINE('',#5828,#5827);
#5830=CARTESIAN_POINT('',(1.1E1,4.8E0,-8.E0));
#5831=DIRECTION('',(0.E0,-1.E0,0.E0));
#5832=DIRECTION('',(-1.E0,0.E0,0.E0));
#5833=AXIS2_PLACEMENT_3D('',#5830,#5831,#5832);
#5835=DIRECTION('',(5.253873529470E-10,-1.E0,-1.595927835169E-9));
#5836=VECTOR('',#5835,2.799999998529E0);
#5837=CARTESIAN_POINT('',(1.339999999853E1,4.799999998529E0,-7.999999995532E0));
#5838=LINE('',#5837,#5836);
#5839=CARTESIAN_POINT('',(-1.1E1,4.8E0,-8.E0));
#5840=DIRECTION('',(0.E0,-1.E0,0.E0));
#5841=DIRECTION('',(1.E0,0.E0,0.E0));
#5842=AXIS2_PLACEMENT_3D('',#5839,#5840,#5841);
#5844=DIRECTION('',(-5.253860841207E-10,-1.E0,1.595928469582E-9));
#5845=VECTOR('',#5844,2.799999998529E0);
#5846=CARTESIAN_POINT('',(-1.339999999853E1,4.799999998529E0,
-8.000000004469E0));
#5847=LINE('',#5846,#5845);
#5848=DIRECTION('',(-7.071067811865E-1,-7.071067811866E-1,-7.021729834461E-9));
#5849=VECTOR('',#5848,2.828427115500E-1);
#5850=CARTESIAN_POINT('',(-8.400000002125E0,4.999999997875E0,
-7.999999993545E0));
#5851=LINE('',#5850,#5849);
#5852=DIRECTION('',(7.071067811865E-1,-7.071067811866E-1,7.021710993352E-9));
#5853=VECTOR('',#5852,2.828427115500E-1);
#5854=CARTESIAN_POINT('',(-1.359999999788E1,4.999999997875E0,
-8.000000006455E0));
#5855=LINE('',#5854,#5853);
#5856=CARTESIAN_POINT('',(-1.1E1,4.8E0,-8.E0));
#5857=DIRECTION('',(0.E0,-1.E0,0.E0));
#5858=DIRECTION('',(-1.E0,0.E0,0.E0));
#5859=AXIS2_PLACEMENT_3D('',#5856,#5857,#5858);
#5861=DIRECTION('',(5.253879873602E-10,-1.E0,-1.595927835169E-9));
#5862=VECTOR('',#5861,2.799999998529E0);
#5863=CARTESIAN_POINT('',(-8.600000001471E0,4.799999998529E0,
-7.999999995532E0));
#5864=LINE('',#5863,#5862);
#5865=DIRECTION('',(7.071067811865E-1,7.071067811866E-1,-7.209921154390E-9));
#5866=VECTOR('',#5865,2.828427100900E-1);
#5867=CARTESIAN_POINT('',(1.229999999687E1,1.799999996869E0,7.999999996213E0));
#5868=LINE('',#5867,#5866);
#5869=CARTESIAN_POINT('',(1.1E1,1.8E0,8.E0));
#5870=DIRECTION('',(0.E0,1.E0,0.E0));
#5871=DIRECTION('',(1.E0,0.E0,0.E0));
#5872=AXIS2_PLACEMENT_3D('',#5869,#5870,#5871);
#5874=DIRECTION('',(1.739695797856E-9,-1.E0,2.104010796413E-9));
#5875=VECTOR('',#5874,1.799999996869E0);
#5876=CARTESIAN_POINT('',(1.229999999687E1,1.799999996869E0,7.999999996213E0));
#5877=LINE('',#5876,#5875);
#5878=CARTESIAN_POINT('',(1.1E1,1.8E0,8.E0));
#5879=DIRECTION('',(0.E0,1.E0,0.E0));
#5880=DIRECTION('',(-1.E0,0.E0,0.E0));
#5881=AXIS2_PLACEMENT_3D('',#5878,#5879,#5880);
#5883=DIRECTION('',(-1.739697771586E-9,-1.E0,-2.104013757007E-9));
#5884=VECTOR('',#5883,1.799999996869E0);
#5885=CARTESIAN_POINT('',(9.700000003131E0,1.799999996869E0,8.000000003787E0));
#5886=LINE('',#5885,#5884);
#5887=DIRECTION('',(-7.071067811865E-1,7.071067811866E-1,7.209927434760E-9));
#5888=VECTOR('',#5887,2.828427100900E-1);
#5889=CARTESIAN_POINT('',(9.700000003131E0,1.799999996869E0,8.000000003787E0));
#5890=LINE('',#5889,#5888);
#5891=DIRECTION('',(7.071067811865E-1,7.071067811865E-1,-7.209911733835E-9));
#5892=VECTOR('',#5891,2.828427100900E-1);
#5893=CARTESIAN_POINT('',(-9.700000003132E0,1.799999996869E0,7.999999996213E0));
#5894=LINE('',#5893,#5892);
#5895=CARTESIAN_POINT('',(-1.1E1,1.8E0,8.E0));
#5896=DIRECTION('',(0.E0,1.E0,0.E0));
#5897=DIRECTION('',(1.E0,0.E0,0.E0));
#5898=AXIS2_PLACEMENT_3D('',#5895,#5896,#5897);
#5900=DIRECTION('',(1.739697771586E-9,-1.E0,2.104010796413E-9));
#5901=VECTOR('',#5900,1.799999996869E0);
#5902=CARTESIAN_POINT('',(-9.700000003132E0,1.799999996869E0,7.999999996213E0));
#5903=LINE('',#5902,#5901);
#5904=CARTESIAN_POINT('',(-1.1E1,1.8E0,8.E0));
#5905=DIRECTION('',(0.E0,1.E0,0.E0));
#5906=DIRECTION('',(-1.E0,0.E0,0.E0));
#5907=AXIS2_PLACEMENT_3D('',#5904,#5905,#5906);
#5909=DIRECTION('',(-1.739697771586E-9,-1.E0,-2.104013757007E-9));
#5910=VECTOR('',#5909,1.799999996869E0);
#5911=CARTESIAN_POINT('',(-1.229999999687E1,1.799999996869E0,8.000000003787E0));
#5912=LINE('',#5911,#5910);
#5913=DIRECTION('',(-7.071067811865E-1,7.071067811865E-1,7.209927434760E-9));
#5914=VECTOR('',#5913,2.828427100900E-1);
#5915=CARTESIAN_POINT('',(-1.229999999687E1,1.799999996869E0,8.000000003787E0));
#5916=LINE('',#5915,#5914);
#5917=DIRECTION('',(7.071067811865E-1,7.071067811865E-1,-7.209921154390E-9));
#5918=VECTOR('',#5917,2.828427100900E-1);
#5919=CARTESIAN_POINT('',(-9.700000003132E0,1.799999996869E0,
-8.000000003787E0));
#5920=LINE('',#5919,#5918);
#5921=CARTESIAN_POINT('',(-1.1E1,1.8E0,-8.E0));
#5922=DIRECTION('',(0.E0,1.E0,0.E0));
#5923=DIRECTION('',(1.E0,0.E0,0.E0));
#5924=AXIS2_PLACEMENT_3D('',#5921,#5922,#5923);
#5926=DIRECTION('',(1.739698758451E-9,-1.E0,2.104012770142E-9));
#5927=VECTOR('',#5926,1.799999996869E0);
#5928=CARTESIAN_POINT('',(-9.700000003132E0,1.799999996869E0,
-8.000000003787E0));
#5929=LINE('',#5928,#5927);
#5930=CARTESIAN_POINT('',(-1.1E1,1.8E0,-8.E0));
#5931=DIRECTION('',(0.E0,1.E0,0.E0));
#5932=DIRECTION('',(-1.E0,0.E0,0.E0));
#5933=AXIS2_PLACEMENT_3D('',#5930,#5931,#5932);
#5935=DIRECTION('',(-1.739697771586E-9,-1.E0,-2.104012770142E-9));
#5936=VECTOR('',#5935,1.799999996869E0);
#5937=CARTESIAN_POINT('',(-1.229999999687E1,1.799999996869E0,
-7.999999996213E0));
#5938=LINE('',#5937,#5936);
#5939=DIRECTION('',(-7.071067811865E-1,7.071067811865E-1,7.209927434760E-9));
#5940=VECTOR('',#5939,2.828427100900E-1);
#5941=CARTESIAN_POINT('',(-1.229999999687E1,1.799999996869E0,
-7.999999996213E0));
#5942=LINE('',#5941,#5940);
#5943=DIRECTION('',(7.071067811865E-1,7.071067811865E-1,-7.209921154390E-9));
#5944=VECTOR('',#5943,2.828427100900E-1);
#5945=CARTESIAN_POINT('',(1.229999999687E1,1.799999996869E0,-8.000000003787E0));
#5946=LINE('',#5945,#5944);
#5947=CARTESIAN_POINT('',(1.1E1,1.8E0,-8.E0));
#5948=DIRECTION('',(0.E0,1.E0,0.E0));
#5949=DIRECTION('',(1.E0,0.E0,0.E0));
#5950=AXIS2_PLACEMENT_3D('',#5947,#5948,#5949);
#5952=DIRECTION('',(1.739695797856E-9,-1.E0,2.104012770142E-9));
#5953=VECTOR('',#5952,1.799999996869E0);
#5954=CARTESIAN_POINT('',(1.229999999687E1,1.799999996869E0,-8.000000003787E0));
#5955=LINE('',#5954,#5953);
#5956=CARTESIAN_POINT('',(1.1E1,1.8E0,-8.E0));
#5957=DIRECTION('',(0.E0,1.E0,0.E0));
#5958=DIRECTION('',(-1.E0,0.E0,0.E0));
#5959=AXIS2_PLACEMENT_3D('',#5956,#5957,#5958);
#5961=DIRECTION('',(-1.739697771586E-9,-1.E0,-2.104013757007E-9));
#5962=VECTOR('',#5961,1.799999996869E0);
#5963=CARTESIAN_POINT('',(9.700000003131E0,1.799999996869E0,-7.999999996213E0));
#5964=LINE('',#5963,#5962);
#5965=DIRECTION('',(-7.071067811865E-1,7.071067811866E-1,7.209924294575E-9));
#5966=VECTOR('',#5965,2.828427100900E-1);
#5967=CARTESIAN_POINT('',(9.700000003131E0,1.799999996869E0,-7.999999996213E0));
#5968=LINE('',#5967,#5966);
#5969=DIRECTION('',(-6.785983445458E-1,6.785983445458E-1,2.810846377148E-1));
#5970=VECTOR('',#5969,5.894503032832E-1);
#5971=CARTESIAN_POINT('',(1.425E1,4.6E0,-9.25E0));
#5972=LINE('',#5971,#5970);
#5973=DIRECTION('',(0.E0,0.E0,-1.E0));
#5974=VECTOR('',#5973,1.85E1);
#5975=CARTESIAN_POINT('',(1.425E1,4.6E0,9.25E0));
#5976=LINE('',#5975,#5974);
#5977=DIRECTION('',(0.E0,1.E0,0.E0));
#5978=VECTOR('',#5977,4.2E0);
#5979=CARTESIAN_POINT('',(1.425E1,4.E-1,-9.25E0));
#5980=LINE('',#5979,#5978);
#5981=DIRECTION('',(0.E0,0.E0,1.E0));
#5982=VECTOR('',#5981,1.85E1);
#5983=CARTESIAN_POINT('',(1.425E1,4.E-1,-9.25E0));
#5984=LINE('',#5983,#5982);
#5985=DIRECTION('',(0.E0,-1.E0,0.E0));
#5986=VECTOR('',#5985,4.2E0);
#5987=CARTESIAN_POINT('',(1.425E1,4.6E0,9.25E0));
#5988=LINE('',#5987,#5986);
#5989=DIRECTION('',(-7.071067811865E-1,0.E0,-7.071067811865E-1));
#5990=VECTOR('',#5989,2.828427124746E0);
#5991=CARTESIAN_POINT('',(1.425E1,4.6E0,-9.25E0));
#5992=LINE('',#5991,#5990);
#5993=DIRECTION('',(7.071067811865E-1,0.E0,7.071067811865E-1));
#5994=VECTOR('',#5993,2.828427124746E0);
#5995=CARTESIAN_POINT('',(1.225E1,4.E-1,-1.125E1));
#5996=LINE('',#5995,#5994);
#5997=DIRECTION('',(-2.810846377148E-1,6.785983445458E-1,6.785983445458E-1));
#5998=VECTOR('',#5997,5.894503032832E-1);
#5999=CARTESIAN_POINT('',(1.225E1,4.6E0,-1.125E1));
#6000=LINE('',#5999,#5998);
#6001=DIRECTION('',(-7.658235873838E-10,-7.071067811865E-1,-7.071067811865E-1));
#6002=VECTOR('',#6001,5.656854249392E-1);
#6003=CARTESIAN_POINT('',(4.683748500080E0,4.999999999979E0,-1.085000000002E1));
#6004=LINE('',#6003,#6002);
#6005=DIRECTION('',(2.207940183920E-1,-7.071067811865E-1,-6.717514432008E-1));
#6006=VECTOR('',#6005,5.656854249436E-1);
#6007=CARTESIAN_POINT('',(3.622098847773E0,4.999999999998E0,-1.101999999714E1));
#6008=LINE('',#6007,#6006);
#6009=DIRECTION('',(-2.207940175531E-1,-7.071067811865E-1,-6.717514434765E-1));
#6010=VECTOR('',#6009,5.656854249565E-1);
#6011=CARTESIAN_POINT('',(-3.622098850040E0,5.000000000033E0,
-1.101999999636E1));
#6012=LINE('',#6011,#6010);
#6013=DIRECTION('',(5.658974342510E-10,-7.071067811865E-1,-7.071067811865E-1));
#6014=VECTOR('',#6013,5.656854249344E-1);
#6015=CARTESIAN_POINT('',(-4.683748499745E0,4.999999999969E0,
-1.085000000003E1));
#6016=LINE('',#6015,#6014);
#6017=DIRECTION('',(2.810846377148E-1,6.785983445458E-1,6.785983445458E-1));
#6018=VECTOR('',#6017,5.894503032832E-1);
#6019=CARTESIAN_POINT('',(-1.225E1,4.6E0,-1.125E1));
#6020=LINE('',#6019,#6018);
#6021=DIRECTION('',(-1.E0,2.708701532459E-12,2.708818919308E-12));
#6022=VECTOR('',#6021,7.566251500575E0);
#6023=CARTESIAN_POINT('',(-4.683748499425E0,4.599999999980E0,
-1.125000000002E1));
#6024=LINE('',#6023,#6022);
#6025=DIRECTION('',(0.E0,-1.E0,0.E0));
#6026=VECTOR('',#6025,4.2E0);
#6027=CARTESIAN_POINT('',(-1.225E1,4.6E0,-1.125E1));
#6028=LINE('',#6027,#6026);
#6029=DIRECTION('',(1.E0,2.708547462221E-12,-2.708818919308E-12));
#6030=VECTOR('',#6029,7.566251500575E0);
#6031=CARTESIAN_POINT('',(-1.225E1,4.E-1,-1.125E1));
#6032=LINE('',#6031,#6030);
#6033=DIRECTION('',(0.E0,-1.E0,0.E0));
#6034=VECTOR('',#6033,4.199999999959E0);
#6035=CARTESIAN_POINT('',(-4.683748499425E0,4.599999999980E0,
-1.125000000002E1));
#6036=LINE('',#6035,#6034);
#6037=DIRECTION('',(-7.071067811865E-1,0.E0,7.071067811865E-1));
#6038=VECTOR('',#6037,2.828427124746E0);
#6039=CARTESIAN_POINT('',(-1.225E1,4.6E0,-1.125E1));
#6040=LINE('',#6039,#6038);
#6041=DIRECTION('',(7.071067811865E-1,0.E0,-7.071067811865E-1));
#6042=VECTOR('',#6041,2.828427124746E0);
#6043=CARTESIAN_POINT('',(-1.425E1,4.E-1,-9.25E0));
#6044=LINE('',#6043,#6042);
#6045=DIRECTION('',(6.785983445458E-1,6.785983445458E-1,2.810846377148E-1));
#6046=VECTOR('',#6045,5.894503032832E-1);
#6047=CARTESIAN_POINT('',(-1.425E1,4.6E0,-9.25E0));
#6048=LINE('',#6047,#6046);
#6049=DIRECTION('',(6.785983445458E-1,6.785983445458E-1,-2.810846377148E-1));
#6050=VECTOR('',#6049,5.894503032832E-1);
#6051=CARTESIAN_POINT('',(-1.425E1,4.6E0,9.25E0));
#6052=LINE('',#6051,#6050);
#6053=DIRECTION('',(0.E0,0.E0,1.E0));
#6054=VECTOR('',#6053,1.85E1);
#6055=CARTESIAN_POINT('',(-1.425E1,4.6E0,-9.25E0));
#6056=LINE('',#6055,#6054);
#6057=DIRECTION('',(0.E0,1.E0,0.E0));
#6058=VECTOR('',#6057,4.2E0);
#6059=CARTESIAN_POINT('',(-1.425E1,4.E-1,9.25E0));
#6060=LINE('',#6059,#6058);
#6061=DIRECTION('',(0.E0,0.E0,-1.E0));
#6062=VECTOR('',#6061,1.85E1);
#6063=CARTESIAN_POINT('',(-1.425E1,4.E-1,9.25E0));
#6064=LINE('',#6063,#6062);
#6065=DIRECTION('',(0.E0,-1.E0,0.E0));
#6066=VECTOR('',#6065,4.2E0);
#6067=CARTESIAN_POINT('',(-1.425E1,4.6E0,-9.25E0));
#6068=LINE('',#6067,#6066);
#6069=DIRECTION('',(7.071067811865E-1,0.E0,7.071067811865E-1));
#6070=VECTOR('',#6069,2.828427124746E0);
#6071=CARTESIAN_POINT('',(-1.425E1,4.6E0,9.25E0));
#6072=LINE('',#6071,#6070);
#6073=DIRECTION('',(-7.071067811865E-1,0.E0,-7.071067811865E-1));
#6074=VECTOR('',#6073,2.828427124746E0);
#6075=CARTESIAN_POINT('',(-1.225E1,4.E-1,1.125E1));
#6076=LINE('',#6075,#6074);
#6077=DIRECTION('',(2.810846377148E-1,6.785983445458E-1,-6.785983445458E-1));
#6078=VECTOR('',#6077,5.894503032832E-1);
#6079=CARTESIAN_POINT('',(-1.225E1,4.6E0,1.125E1));
#6080=LINE('',#6079,#6078);
#6081=DIRECTION('',(7.658220172913E-10,-7.071067811865E-1,7.071067811865E-1));
#6082=VECTOR('',#6081,5.656854249392E-1);
#6083=CARTESIAN_POINT('',(-4.683748500080E0,4.999999999979E0,1.085000000002E1));
#6084=LINE('',#6083,#6082);
#6085=DIRECTION('',(-2.207940183920E-1,-7.071067811865E-1,6.717514432008E-1));
#6086=VECTOR('',#6085,5.656854249436E-1);
#6087=CARTESIAN_POINT('',(-3.622098847773E0,4.999999999998E0,1.101999999714E1));
#6088=LINE('',#6087,#6086);
#6089=DIRECTION('',(2.207940175532E-1,-7.071067811865E-1,6.717514434765E-1));
#6090=VECTOR('',#6089,5.656854249565E-1);
#6091=CARTESIAN_POINT('',(3.622098850040E0,5.000000000033E0,1.101999999636E1));
#6092=LINE('',#6091,#6090);
#6093=DIRECTION('',(-5.658974342510E-10,-7.071067811865E-1,7.071067811865E-1));
#6094=VECTOR('',#6093,5.656854249344E-1);
#6095=CARTESIAN_POINT('',(4.683748499745E0,4.999999999969E0,1.085000000003E1));
#6096=LINE('',#6095,#6094);
#6097=DIRECTION('',(-2.810846377148E-1,6.785983445458E-1,-6.785983445459E-1));
#6098=VECTOR('',#6097,5.894503032832E-1);
#6099=CARTESIAN_POINT('',(1.225E1,4.6E0,1.125E1));
#6100=LINE('',#6099,#6098);
#6101=DIRECTION('',(1.E0,2.708701532459E-12,-2.708584145611E-12));
#6102=VECTOR('',#6101,7.566251500575E0);
#6103=CARTESIAN_POINT('',(4.683748499425E0,4.599999999980E0,1.125000000002E1));
#6104=LINE('',#6103,#6102);
#6105=DIRECTION('',(0.E0,-1.E0,0.E0));
#6106=VECTOR('',#6105,4.2E0);
#6107=CARTESIAN_POINT('',(1.225E1,4.6E0,1.125E1));
#6108=LINE('',#6107,#6106);
#6109=DIRECTION('',(-1.E0,2.708320025201E-12,2.708349371913E-12));
#6110=VECTOR('',#6109,7.566251500575E0);
#6111=CARTESIAN_POINT('',(1.225E1,4.E-1,1.125E1));
#6112=LINE('',#6111,#6110);
#6113=DIRECTION('',(0.E0,-1.E0,0.E0));
#6114=VECTOR('',#6113,4.199999999959E0);
#6115=CARTESIAN_POINT('',(4.683748499425E0,4.599999999980E0,1.125000000002E1));
#6116=LINE('',#6115,#6114);
#6117=DIRECTION('',(7.071067811865E-1,0.E0,-7.071067811865E-1));
#6118=VECTOR('',#6117,2.828427124746E0);
#6119=CARTESIAN_POINT('',(1.225E1,4.6E0,1.125E1));
#6120=LINE('',#6119,#6118);
#6121=DIRECTION('',(-7.071067811865E-1,0.E0,7.071067811865E-1));
#6122=VECTOR('',#6121,2.828427124746E0);
#6123=CARTESIAN_POINT('',(1.425E1,4.E-1,9.25E0));
#6124=LINE('',#6123,#6122);
#6125=DIRECTION('',(-6.785983445459E-1,6.785983445458E-1,-2.810846377148E-1));
#6126=VECTOR('',#6125,5.894503032832E-1);
#6127=CARTESIAN_POINT('',(1.425E1,4.6E0,9.25E0));
#6128=LINE('',#6127,#6126);
#6129=DIRECTION('',(-2.810846377148E-1,-6.785983445458E-1,-6.785983445458E-1));
#6130=VECTOR('',#6129,5.894503032832E-1);
#6131=CARTESIAN_POINT('',(1.225E1,4.E-1,1.125E1));
#6132=LINE('',#6131,#6130);
#6133=DIRECTION('',(-6.785983445458E-1,-6.785983445458E-1,-2.810846377148E-1));
#6134=VECTOR('',#6133,5.894503032832E-1);
#6135=CARTESIAN_POINT('',(1.425E1,4.E-1,9.25E0));
#6136=LINE('',#6135,#6134);
#6137=DIRECTION('',(-6.785983445458E-1,-6.785983445458E-1,2.810846377148E-1));
#6138=VECTOR('',#6137,5.894503032832E-1);
#6139=CARTESIAN_POINT('',(1.425E1,4.E-1,-9.25E0));
#6140=LINE('',#6139,#6138);
#6141=DIRECTION('',(-7.658251574762E-10,7.071067811865E-1,-7.071067811865E-1));
#6142=VECTOR('',#6141,5.656854249392E-1);
#6143=CARTESIAN_POINT('',(4.683748500080E0,2.094918682971E-11,
-1.085000000002E1));
#6144=LINE('',#6143,#6142);
#6145=DIRECTION('',(-2.810846377148E-1,-6.785983445458E-1,6.785983445458E-1));
#6146=VECTOR('',#6145,5.894503032832E-1);
#6147=CARTESIAN_POINT('',(1.225E1,4.E-1,-1.125E1));
#6148=LINE('',#6147,#6146);
#6149=DIRECTION('',(-1.E0,-1.832526094234E-12,-1.832173933689E-12));
#6150=VECTOR('',#6149,7.566251500354E0);
#6151=CARTESIAN_POINT('',(1.225E1,4.6E0,-1.125E1));
#6152=LINE('',#6151,#6150);
#6153=DIRECTION('',(0.E0,-1.E0,0.E0));
#6154=VECTOR('',#6153,4.199999999972E0);
#6155=CARTESIAN_POINT('',(4.683748499646E0,4.599999999986E0,-1.125000000001E1));
#6156=LINE('',#6155,#6154);
#6157=DIRECTION('',(1.E0,-1.832320667249E-12,1.832173933689E-12));
#6158=VECTOR('',#6157,7.566251500354E0);
#6159=CARTESIAN_POINT('',(4.683748499646E0,4.000000000139E-1,
-1.125000000001E1));
#6160=LINE('',#6159,#6158);
#6161=DIRECTION('',(0.E0,1.E0,0.E0));
#6162=VECTOR('',#6161,4.2E0);
#6163=CARTESIAN_POINT('',(1.225E1,4.E-1,-1.125E1));
#6164=LINE('',#6163,#6162);
#6165=CARTESIAN_POINT('',(4.683748498799E0,4.6E0,-1.425E1));
#6166=DIRECTION('',(0.E0,-1.E0,0.E0));
#6167=DIRECTION('',(0.E0,0.E0,1.E0));
#6168=AXIS2_PLACEMENT_3D('',#6165,#6166,#6167);
#6170=CARTESIAN_POINT('',(4.683748498799E0,4.E-1,-1.425E1));
#6171=DIRECTION('',(0.E0,1.E0,0.E0));
#6172=DIRECTION('',(-3.122498999199E-1,0.E0,9.5E-1));
#6173=AXIS2_PLACEMENT_3D('',#6170,#6171,#6172);
#6175=CARTESIAN_POINT('',(0.E0,4.6E0,0.E0));
#6176=DIRECTION('',(0.E0,1.E0,0.E0));
#6177=DIRECTION('',(3.122498999199E-1,0.E0,-9.5E-1));
#6178=AXIS2_PLACEMENT_3D('',#6175,#6176,#6177);
#6180=DIRECTION('',(0.E0,-1.E0,0.E0));
#6181=VECTOR('',#6180,4.200000000057E0);
#6182=CARTESIAN_POINT('',(-3.746998807688E0,4.600000000028E0,
-1.139999999713E1));
#6183=LINE('',#6182,#6181);
#6184=CARTESIAN_POINT('',(0.E0,4.E-1,0.E0));
#6185=DIRECTION('',(0.E0,-1.E0,0.E0));
#6186=DIRECTION('',(-3.122498999199E-1,0.E0,-9.5E-1));
#6187=AXIS2_PLACEMENT_3D('',#6184,#6185,#6186);
#6189=DIRECTION('',(0.E0,-1.E0,0.E0));
#6190=VECTOR('',#6189,4.200000000004E0);
#6191=CARTESIAN_POINT('',(3.746998805892E0,4.600000000002E0,-1.139999999775E1));
#6192=LINE('',#6191,#6190);
#6193=CARTESIAN_POINT('',(-4.683748498799E0,4.6E0,-1.425E1));
#6194=DIRECTION('',(0.E0,-1.E0,0.E0));
#6195=DIRECTION('',(3.122498999199E-1,0.E0,9.5E-1));
#6196=AXIS2_PLACEMENT_3D('',#6193,#6194,#6195);
#6198=CARTESIAN_POINT('',(-4.683748498799E0,4.E-1,-1.425E1));
#6199=DIRECTION('',(0.E0,1.E0,0.E0));
#6200=DIRECTION('',(0.E0,0.E0,1.E0));
#6201=AXIS2_PLACEMENT_3D('',#6198,#6199,#6200);
#6203=DIRECTION('',(5.659052847133E-10,7.071067811865E-1,-7.071067811865E-1));
#6204=VECTOR('',#6203,5.656854249344E-1);
#6205=CARTESIAN_POINT('',(-4.683748499745E0,3.096827424128E-11,
-1.085000000003E1));
#6206=LINE('',#6205,#6204);
#6207=DIRECTION('',(-2.207940175531E-1,7.071067811865E-1,-6.717514434765E-1));
#6208=VECTOR('',#6207,5.656854249565E-1);
#6209=CARTESIAN_POINT('',(-3.622098850040E0,-3.348388233348E-11,
-1.101999999636E1));
#6210=LINE('',#6209,#6208);
#6211=DIRECTION('',(2.207940183920E-1,7.071067811865E-1,-6.717514432007E-1));
#6212=VECTOR('',#6211,5.656854249436E-1);
#6213=CARTESIAN_POINT('',(3.622098847773E0,2.008763525888E-12,
-1.101999999714E1));
#6214=LINE('',#6213,#6212);
#6215=DIRECTION('',(2.810846377148E-1,-6.785983445458E-1,6.785983445458E-1));
#6216=VECTOR('',#6215,5.894503032832E-1);
#6217=CARTESIAN_POINT('',(-1.225E1,4.E-1,-1.125E1));
#6218=LINE('',#6217,#6216);
#6219=DIRECTION('',(6.785983445459E-1,-6.785983445458E-1,2.810846377148E-1));
#6220=VECTOR('',#6219,5.894503032832E-1);
#6221=CARTESIAN_POINT('',(-1.425E1,4.E-1,-9.25E0));
#6222=LINE('',#6221,#6220);
#6223=DIRECTION('',(6.785983445458E-1,-6.785983445458E-1,-2.810846377148E-1));
#6224=VECTOR('',#6223,5.894503032832E-1);
#6225=CARTESIAN_POINT('',(-1.425E1,4.E-1,9.25E0));
#6226=LINE('',#6225,#6224);
#6227=DIRECTION('',(7.658251574762E-10,7.071067811865E-1,7.071067811865E-1));
#6228=VECTOR('',#6227,5.656854249392E-1);
#6229=CARTESIAN_POINT('',(-4.683748500080E0,2.094946438547E-11,
1.085000000002E1));
#6230=LINE('',#6229,#6228);
#6231=DIRECTION('',(2.810846377148E-1,-6.785983445458E-1,-6.785983445458E-1));
#6232=VECTOR('',#6231,5.894503032832E-1);
#6233=CARTESIAN_POINT('',(-1.225E1,4.E-1,1.125E1));
#6234=LINE('',#6233,#6232);
#6235=DIRECTION('',(1.E0,-1.832173933689E-12,1.832173933689E-12));
#6236=VECTOR('',#6235,7.566251500354E0);
#6237=CARTESIAN_POINT('',(-1.225E1,4.6E0,1.125E1));
#6238=LINE('',#6237,#6236);
#6239=DIRECTION('',(0.E0,-1.E0,0.E0));
#6240=VECTOR('',#6239,4.199999999972E0);
#6241=CARTESIAN_POINT('',(-4.683748499646E0,4.599999999986E0,1.125000000001E1));
#6242=LINE('',#6241,#6240);
#6243=DIRECTION('',(-1.E0,-1.832335340605E-12,-1.832173933689E-12));
#6244=VECTOR('',#6243,7.566251500354E0);
#6245=CARTESIAN_POINT('',(-4.683748499646E0,4.000000000139E-1,
1.125000000001E1));
#6246=LINE('',#6245,#6244);
#6247=DIRECTION('',(0.E0,1.E0,0.E0));
#6248=VECTOR('',#6247,4.2E0);
#6249=CARTESIAN_POINT('',(-1.225E1,4.E-1,1.125E1));
#6250=LINE('',#6249,#6248);
#6251=CARTESIAN_POINT('',(-4.683748498799E0,4.6E0,1.425E1));
#6252=DIRECTION('',(0.E0,-1.E0,0.E0));
#6253=DIRECTION('',(0.E0,0.E0,-1.E0));
#6254=AXIS2_PLACEMENT_3D('',#6251,#6252,#6253);
#6256=CARTESIAN_POINT('',(-4.683748498799E0,4.E-1,1.425E1));
#6257=DIRECTION('',(0.E0,1.E0,0.E0));
#6258=DIRECTION('',(3.122498999199E-1,0.E0,-9.5E-1));
#6259=AXIS2_PLACEMENT_3D('',#6256,#6257,#6258);
#6261=CARTESIAN_POINT('',(0.E0,4.6E0,0.E0));
#6262=DIRECTION('',(0.E0,1.E0,0.E0));
#6263=DIRECTION('',(-3.122498999199E-1,0.E0,9.5E-1));
#6264=AXIS2_PLACEMENT_3D('',#6261,#6262,#6263);
#6266=DIRECTION('',(0.E0,-1.E0,0.E0));
#6267=VECTOR('',#6266,4.200000000057E0);
#6268=CARTESIAN_POINT('',(3.746998807688E0,4.600000000028E0,1.139999999713E1));
#6269=LINE('',#6268,#6267);
#6270=CARTESIAN_POINT('',(0.E0,4.E-1,0.E0));
#6271=DIRECTION('',(0.E0,-1.E0,0.E0));
#6272=DIRECTION('',(3.122498999199E-1,0.E0,9.5E-1));
#6273=AXIS2_PLACEMENT_3D('',#6270,#6271,#6272);
#6275=DIRECTION('',(0.E0,-1.E0,0.E0));
#6276=VECTOR('',#6275,4.200000000004E0);
#6277=CARTESIAN_POINT('',(-3.746998805892E0,4.600000000002E0,1.139999999775E1));
#6278=LINE('',#6277,#6276);
#6279=CARTESIAN_POINT('',(4.683748498799E0,4.6E0,1.425E1));
#6280=DIRECTION('',(0.E0,-1.E0,0.E0));
#6281=DIRECTION('',(-3.122498999199E-1,0.E0,-9.5E-1));
#6282=AXIS2_PLACEMENT_3D('',#6279,#6280,#6281);
#6284=CARTESIAN_POINT('',(4.683748498799E0,4.E-1,1.425E1));
#6285=DIRECTION('',(0.E0,1.E0,0.E0));
#6286=DIRECTION('',(0.E0,0.E0,-1.E0));
#6287=AXIS2_PLACEMENT_3D('',#6284,#6285,#6286);
#6289=DIRECTION('',(-5.658990043435E-10,7.071067811865E-1,7.071067811865E-1));
#6290=VECTOR('',#6289,5.656854249344E-1);
#6291=CARTESIAN_POINT('',(4.683748499745E0,3.096836675986E-11,
1.085000000003E1));
#6292=LINE('',#6291,#6290);
#6293=DIRECTION('',(2.207940175532E-1,7.071067811865E-1,6.717514434765E-1));
#6294=VECTOR('',#6293,5.656854249565E-1);
#6295=CARTESIAN_POINT('',(3.622098850040E0,-3.348654686874E-11,
1.101999999636E1));
#6296=LINE('',#6295,#6294);
#6297=DIRECTION('',(-2.207940183920E-1,7.071067811865E-1,6.717514432008E-1));
#6298=VECTOR('',#6297,5.656854249436E-1);
#6299=CARTESIAN_POINT('',(-3.622098847773E0,2.014832745090E-12,
1.101999999714E1));
#6300=LINE('',#6299,#6298);
#6301=CARTESIAN_POINT('',(0.E0,4.5E0,0.E0));
#6302=DIRECTION('',(0.E0,1.E0,0.E0));
#6303=DIRECTION('',(1.E0,0.E0,0.E0));
#6304=AXIS2_PLACEMENT_3D('',#6301,#6302,#6303);
#6306=DIRECTION('',(0.E0,1.E0,0.E0));
#6307=VECTOR('',#6306,4.5E0);
#6308=CARTESIAN_POINT('',(-1.05E1,0.E0,0.E0));
#6309=LINE('',#6308,#6307);
#6310=CARTESIAN_POINT('',(1.05E1,0.E0,0.E0));
#6311=CARTESIAN_POINT('',(-1.05E1,0.E0,0.E0));
#6312=VERTEX_POINT('',#6310);
#6313=VERTEX_POINT('',#6311);
#6314=CARTESIAN_POINT('',(9.7E0,0.E0,8.E0));
#6315=CARTESIAN_POINT('',(1.23E1,0.E0,8.E0));
#6316=VERTEX_POINT('',#6314);
#6317=VERTEX_POINT('',#6315);
#6318=CARTESIAN_POINT('',(9.7E0,0.E0,-8.E0));
#6319=CARTESIAN_POINT('',(1.23E1,0.E0,-8.E0));
#6320=VERTEX_POINT('',#6318);
#6321=VERTEX_POINT('',#6319);
#6322=CARTESIAN_POINT('',(-1.23E1,0.E0,-8.E0));
#6323=CARTESIAN_POINT('',(-9.7E0,0.E0,-8.E0));
#6324=VERTEX_POINT('',#6322);
#6325=VERTEX_POINT('',#6323);
#6326=CARTESIAN_POINT('',(-1.23E1,0.E0,8.E0));
#6327=CARTESIAN_POINT('',(-9.7E0,0.E0,8.E0));
#6328=VERTEX_POINT('',#6326);
#6329=VERTEX_POINT('',#6327);
#6330=CARTESIAN_POINT('',(8.6E0,2.E0,8.E0));
#6331=CARTESIAN_POINT('',(1.34E1,2.E0,8.E0));
#6332=VERTEX_POINT('',#6330);
#6333=VERTEX_POINT('',#6331);
#6334=CARTESIAN_POINT('',(-1.34E1,2.E0,8.E0));
#6335=CARTESIAN_POINT('',(-8.6E0,2.E0,8.E0));
#6336=VERTEX_POINT('',#6334);
#6337=VERTEX_POINT('',#6335);
#6338=CARTESIAN_POINT('',(8.6E0,2.E0,-8.E0));
#6339=CARTESIAN_POINT('',(1.34E1,2.E0,-8.E0));
#6340=VERTEX_POINT('',#6338);
#6341=VERTEX_POINT('',#6339);
#6342=CARTESIAN_POINT('',(-1.34E1,2.E0,-8.E0));
#6343=CARTESIAN_POINT('',(-8.6E0,2.E0,-8.E0));
#6344=VERTEX_POINT('',#6342);
#6345=VERTEX_POINT('',#6343);
#6346=CARTESIAN_POINT('',(8.4E0,5.E0,8.E0));
#6347=CARTESIAN_POINT('',(1.36E1,5.E0,8.E0));
#6348=VERTEX_POINT('',#6346);
#6349=VERTEX_POINT('',#6347);
#6350=CARTESIAN_POINT('',(8.6E0,4.8E0,8.E0));
#6351=CARTESIAN_POINT('',(1.34E1,4.8E0,8.E0));
#6352=VERTEX_POINT('',#6350);
#6353=VERTEX_POINT('',#6351);
#6354=CARTESIAN_POINT('',(1.23E1,1.8E0,8.E0));
#6355=CARTESIAN_POINT('',(9.7E0,1.8E0,8.E0));
#6356=VERTEX_POINT('',#6354);
#6357=VERTEX_POINT('',#6355);
#6358=CARTESIAN_POINT('',(1.25E1,2.E0,8.E0));
#6359=CARTESIAN_POINT('',(9.5E0,2.E0,8.E0));
#6360=VERTEX_POINT('',#6358);
#6361=VERTEX_POINT('',#6359);
#6362=CARTESIAN_POINT('',(-9.7E0,1.8E0,8.E0));
#6363=CARTESIAN_POINT('',(-1.23E1,1.8E0,8.E0));
#6364=VERTEX_POINT('',#6362);
#6365=VERTEX_POINT('',#6363);
#6366=CARTESIAN_POINT('',(-9.5E0,2.E0,8.E0));
#6367=CARTESIAN_POINT('',(-1.25E1,2.E0,8.E0));
#6368=VERTEX_POINT('',#6366);
#6369=VERTEX_POINT('',#6367);
#6370=CARTESIAN_POINT('',(-1.36E1,5.E0,8.E0));
#6371=CARTESIAN_POINT('',(-8.4E0,5.E0,8.E0));
#6372=VERTEX_POINT('',#6370);
#6373=VERTEX_POINT('',#6371);
#6374=CARTESIAN_POINT('',(-1.34E1,4.8E0,8.E0));
#6375=CARTESIAN_POINT('',(-8.6E0,4.8E0,8.E0));
#6376=VERTEX_POINT('',#6374);
#6377=VERTEX_POINT('',#6375);
#6378=CARTESIAN_POINT('',(-1.36E1,5.E0,-8.E0));
#6379=CARTESIAN_POINT('',(-8.4E0,5.E0,-8.E0));
#6380=VERTEX_POINT('',#6378);
#6381=VERTEX_POINT('',#6379);
#6382=CARTESIAN_POINT('',(-1.34E1,4.8E0,-8.E0));
#6383=CARTESIAN_POINT('',(-8.6E0,4.8E0,-8.E0));
#6384=VERTEX_POINT('',#6382);
#6385=VERTEX_POINT('',#6383);
#6386=CARTESIAN_POINT('',(-9.7E0,1.8E0,-8.E0));
#6387=CARTESIAN_POINT('',(-1.23E1,1.8E0,-8.E0));
#6388=VERTEX_POINT('',#6386);
#6389=VERTEX_POINT('',#6387);
#6390=CARTESIAN_POINT('',(-9.5E0,2.E0,-8.E0));
#6391=CARTESIAN_POINT('',(-1.25E1,2.E0,-8.E0));
#6392=VERTEX_POINT('',#6390);
#6393=VERTEX_POINT('',#6391);
#6394=CARTESIAN_POINT('',(1.23E1,1.8E0,-8.E0));
#6395=CARTESIAN_POINT('',(9.7E0,1.8E0,-8.E0));
#6396=VERTEX_POINT('',#6394);
#6397=VERTEX_POINT('',#6395);
#6398=CARTESIAN_POINT('',(1.25E1,2.E0,-8.E0));
#6399=CARTESIAN_POINT('',(9.5E0,2.E0,-8.E0));
#6400=VERTEX_POINT('',#6398);
#6401=VERTEX_POINT('',#6399);
#6402=CARTESIAN_POINT('',(8.4E0,5.E0,-8.E0));
#6403=CARTESIAN_POINT('',(1.36E1,5.E0,-8.E0));
#6404=VERTEX_POINT('',#6402);
#6405=VERTEX_POINT('',#6403);
#6406=CARTESIAN_POINT('',(8.6E0,4.8E0,-8.E0));
#6407=CARTESIAN_POINT('',(1.34E1,4.8E0,-8.E0));
#6408=VERTEX_POINT('',#6406);
#6409=VERTEX_POINT('',#6407);
#6410=CARTESIAN_POINT('',(1.425E1,4.6E0,9.25E0));
#6411=CARTESIAN_POINT('',(1.425E1,4.6E0,-9.25E0));
#6412=VERTEX_POINT('',#6410);
#6413=VERTEX_POINT('',#6411);
#6414=CARTESIAN_POINT('',(1.385E1,5.E0,9.084314575051E0));
#6415=CARTESIAN_POINT('',(1.385E1,5.E0,-9.084314575051E0));
#6416=VERTEX_POINT('',#6414);
#6417=VERTEX_POINT('',#6415);
#6418=CARTESIAN_POINT('',(-1.425E1,4.6E0,-9.25E0));
#6419=CARTESIAN_POINT('',(-1.425E1,4.6E0,9.25E0));
#6420=VERTEX_POINT('',#6418);
#6421=VERTEX_POINT('',#6419);
#6422=CARTESIAN_POINT('',(-1.385E1,5.E0,-9.084314575051E0));
#6423=CARTESIAN_POINT('',(-1.385E1,5.E0,9.084314575051E0));
#6424=VERTEX_POINT('',#6422);
#6425=VERTEX_POINT('',#6423);
#6426=CARTESIAN_POINT('',(1.425E1,4.E-1,-9.25E0));
#6427=CARTESIAN_POINT('',(1.425E1,4.E-1,9.25E0));
#6428=VERTEX_POINT('',#6426);
#6429=VERTEX_POINT('',#6427);
#6430=CARTESIAN_POINT('',(1.385E1,0.E0,-9.084314575051E0));
#6431=CARTESIAN_POINT('',(1.385E1,0.E0,9.084314575051E0));
#6432=VERTEX_POINT('',#6430);
#6433=VERTEX_POINT('',#6431);
#6434=CARTESIAN_POINT('',(-1.425E1,4.E-1,9.25E0));
#6435=CARTESIAN_POINT('',(-1.425E1,4.E-1,-9.25E0));
#6436=VERTEX_POINT('',#6434);
#6437=VERTEX_POINT('',#6435);
#6438=CARTESIAN_POINT('',(-1.385E1,0.E0,9.084314575051E0));
#6439=CARTESIAN_POINT('',(-1.385E1,0.E0,-9.084314575051E0));
#6440=VERTEX_POINT('',#6438);
#6441=VERTEX_POINT('',#6439);
#6442=CARTESIAN_POINT('',(-1.208431457505E1,5.E0,-1.085E1));
#6443=VERTEX_POINT('',#6442);
#6444=CARTESIAN_POINT('',(-1.225E1,4.6E0,-1.125E1));
#6445=VERTEX_POINT('',#6444);
#6446=CARTESIAN_POINT('',(-1.225E1,4.6E0,1.125E1));
#6447=VERTEX_POINT('',#6446);
#6448=CARTESIAN_POINT('',(-1.208431457505E1,5.E0,1.085E1));
#6449=VERTEX_POINT('',#6448);
#6450=CARTESIAN_POINT('',(4.683748499425E0,4.599999999980E0,1.125000000002E1));
#6451=CARTESIAN_POINT('',(1.225E1,4.6E0,1.125E1));
#6452=VERTEX_POINT('',#6450);
#6453=VERTEX_POINT('',#6451);
#6454=CARTESIAN_POINT('',(4.683748499745E0,4.999999999969E0,1.085000000003E1));
#6455=CARTESIAN_POINT('',(1.208431457505E1,5.E0,1.085E1));
#6456=VERTEX_POINT('',#6454);
#6457=VERTEX_POINT('',#6455);
#6458=CARTESIAN_POINT('',(3.622098839071E0,5.E0,1.102E1));
#6459=VERTEX_POINT('',#6458);
#6460=CARTESIAN_POINT('',(3.746998799039E0,4.6E0,1.14E1));
#6461=VERTEX_POINT('',#6460);
#6462=CARTESIAN_POINT('',(-3.622098839071E0,5.E0,1.102E1));
#6463=VERTEX_POINT('',#6462);
#6464=CARTESIAN_POINT('',(-3.746998799039E0,4.6E0,1.14E1));
#6465=VERTEX_POINT('',#6464);
#6466=CARTESIAN_POINT('',(-4.683748498799E0,5.E0,1.085E1));
#6467=VERTEX_POINT('',#6466);
#6468=CARTESIAN_POINT('',(-4.683748498799E0,4.6E0,1.125E1));
#6469=VERTEX_POINT('',#6468);
#6470=CARTESIAN_POINT('',(1.225E1,4.6E0,-1.125E1));
#6471=VERTEX_POINT('',#6470);
#6472=CARTESIAN_POINT('',(1.208431457505E1,5.E0,-1.085E1));
#6473=VERTEX_POINT('',#6472);
#6474=CARTESIAN_POINT('',(-4.683748499425E0,4.599999999980E0,
-1.125000000002E1));
#6475=VERTEX_POINT('',#6474);
#6476=CARTESIAN_POINT('',(-4.683748499745E0,4.999999999969E0,
-1.085000000003E1));
#6477=VERTEX_POINT('',#6476);
#6478=CARTESIAN_POINT('',(-3.622098839071E0,5.E0,-1.102E1));
#6479=VERTEX_POINT('',#6478);
#6480=CARTESIAN_POINT('',(-3.746998799039E0,4.6E0,-1.14E1));
#6481=VERTEX_POINT('',#6480);
#6482=CARTESIAN_POINT('',(3.622098839071E0,5.E0,-1.102E1));
#6483=VERTEX_POINT('',#6482);
#6484=CARTESIAN_POINT('',(3.746998799039E0,4.6E0,-1.14E1));
#6485=VERTEX_POINT('',#6484);
#6486=CARTESIAN_POINT('',(4.683748498799E0,5.E0,-1.085E1));
#6487=VERTEX_POINT('',#6486);
#6488=CARTESIAN_POINT('',(4.683748498799E0,4.6E0,-1.125E1));
#6489=VERTEX_POINT('',#6488);
#6490=CARTESIAN_POINT('',(1.208431457505E1,0.E0,-1.085E1));
#6491=VERTEX_POINT('',#6490);
#6492=CARTESIAN_POINT('',(1.225E1,4.E-1,-1.125E1));
#6493=VERTEX_POINT('',#6492);
#6494=CARTESIAN_POINT('',(1.225E1,4.E-1,1.125E1));
#6495=VERTEX_POINT('',#6494);
#6496=CARTESIAN_POINT('',(1.208431457505E1,0.E0,1.085E1));
#6497=VERTEX_POINT('',#6496);
#6498=CARTESIAN_POINT('',(-4.683748499646E0,4.000000000139E-1,
1.125000000001E1));
#6499=CARTESIAN_POINT('',(-1.225E1,4.E-1,1.125E1));
#6500=VERTEX_POINT('',#6498);
#6501=VERTEX_POINT('',#6499);
#6502=CARTESIAN_POINT('',(-4.683748500080E0,2.094946438547E-11,
1.085000000002E1));
#6503=CARTESIAN_POINT('',(-1.208431457505E1,0.E0,1.085E1));
#6504=VERTEX_POINT('',#6502);
#6505=VERTEX_POINT('',#6503);
#6506=CARTESIAN_POINT('',(-3.622098839071E0,0.E0,1.102E1));
#6507=VERTEX_POINT('',#6506);
#6508=CARTESIAN_POINT('',(-3.746998799039E0,4.E-1,1.14E1));
#6509=VERTEX_POINT('',#6508);
#6510=CARTESIAN_POINT('',(3.622098839071E0,0.E0,1.102E1));
#6511=VERTEX_POINT('',#6510);
#6512=CARTESIAN_POINT('',(3.746998799039E0,4.E-1,1.14E1));
#6513=VERTEX_POINT('',#6512);
#6514=CARTESIAN_POINT('',(4.683748498799E0,0.E0,1.085E1));
#6515=VERTEX_POINT('',#6514);
#6516=CARTESIAN_POINT('',(4.683748498799E0,4.E-1,1.125E1));
#6517=VERTEX_POINT('',#6516);
#6518=CARTESIAN_POINT('',(-1.225E1,4.E-1,-1.125E1));
#6519=VERTEX_POINT('',#6518);
#6520=CARTESIAN_POINT('',(-1.208431457505E1,0.E0,-1.085E1));
#6521=VERTEX_POINT('',#6520);
#6522=CARTESIAN_POINT('',(4.683748499646E0,4.000000000139E-1,
-1.125000000001E1));
#6523=VERTEX_POINT('',#6522);
#6524=CARTESIAN_POINT('',(4.683748500080E0,2.094918682971E-11,
-1.085000000002E1));
#6525=VERTEX_POINT('',#6524);
#6526=CARTESIAN_POINT('',(3.622098839071E0,0.E0,-1.102E1));
#6527=VERTEX_POINT('',#6526);
#6528=CARTESIAN_POINT('',(3.746998799039E0,4.E-1,-1.14E1));
#6529=VERTEX_POINT('',#6528);
#6530=CARTESIAN_POINT('',(-3.622098839071E0,0.E0,-1.102E1));
#6531=VERTEX_POINT('',#6530);
#6532=CARTESIAN_POINT('',(-3.746998799039E0,4.E-1,-1.14E1));
#6533=VERTEX_POINT('',#6532);
#6534=CARTESIAN_POINT('',(-4.683748498799E0,0.E0,-1.085E1));
#6535=VERTEX_POINT('',#6534);
#6536=CARTESIAN_POINT('',(-4.683748498799E0,4.E-1,-1.125E1));
#6537=VERTEX_POINT('',#6536);
#6538=CARTESIAN_POINT('',(-9.75E0,5.E0,0.E0));
#6539=CARTESIAN_POINT('',(9.75E0,5.E0,0.E0));
#6540=VERTEX_POINT('',#6538);
#6541=VERTEX_POINT('',#6539);
#6542=CARTESIAN_POINT('',(-9.75E0,4.5E0,0.E0));
#6543=CARTESIAN_POINT('',(9.75E0,4.5E0,0.E0));
#6544=VERTEX_POINT('',#6542);
#6545=VERTEX_POINT('',#6543);
#6546=CARTESIAN_POINT('',(-1.05E1,4.5E0,0.E0));
#6547=CARTESIAN_POINT('',(1.05E1,4.5E0,0.E0));
#6548=VERTEX_POINT('',#6546);
#6549=VERTEX_POINT('',#6547);
#6550=CARTESIAN_POINT('',(0.E0,0.E0,0.E0));
#6551=DIRECTION('',(0.E0,1.E0,0.E0));
#6552=DIRECTION('',(1.E0,0.E0,0.E0));
#6553=AXIS2_PLACEMENT_3D('',#6550,#6551,#6552);
#6554=PLANE('',#6553);
#6556=ORIENTED_EDGE('',*,*,#6555,.F.);
#6558=ORIENTED_EDGE('',*,*,#6557,.F.);
#6560=ORIENTED_EDGE('',*,*,#6559,.F.);
#6562=ORIENTED_EDGE('',*,*,#6561,.F.);
#6564=ORIENTED_EDGE('',*,*,#6563,.F.);
#6566=ORIENTED_EDGE('',*,*,#6565,.F.);
#6568=ORIENTED_EDGE('',*,*,#6567,.F.);
#6570=ORIENTED_EDGE('',*,*,#6569,.F.);
#6572=ORIENTED_EDGE('',*,*,#6571,.F.);
#6574=ORIENTED_EDGE('',*,*,#6573,.F.);
#6576=ORIENTED_EDGE('',*,*,#6575,.F.);
#6578=ORIENTED_EDGE('',*,*,#6577,.F.);
#6580=ORIENTED_EDGE('',*,*,#6579,.F.);
#6582=ORIENTED_EDGE('',*,*,#6581,.F.);
#6584=ORIENTED_EDGE('',*,*,#6583,.F.);
#6586=ORIENTED_EDGE('',*,*,#6585,.F.);
#6587=EDGE_LOOP('',(#6556,#6558,#6560,#6562,#6564,#6566,#6568,#6570,#6572,#6574,
#6576,#6578,#6580,#6582,#6584,#6586));
#6588=FACE_OUTER_BOUND('',#6587,.F.);
#6590=ORIENTED_EDGE('',*,*,#6589,.F.);
#6592=ORIENTED_EDGE('',*,*,#6591,.F.);
#6593=EDGE_LOOP('',(#6590,#6592));
#6594=FACE_BOUND('',#6593,.F.);
#6596=ORIENTED_EDGE('',*,*,#6595,.F.);
#6598=ORIENTED_EDGE('',*,*,#6597,.F.);
#6599=EDGE_LOOP('',(#6596,#6598));
#6600=FACE_BOUND('',#6599,.F.);
#6602=ORIENTED_EDGE('',*,*,#6601,.F.);
#6604=ORIENTED_EDGE('',*,*,#6603,.F.);
#6605=EDGE_LOOP('',(#6602,#6604));
#6606=FACE_BOUND('',#6605,.F.);
#6608=ORIENTED_EDGE('',*,*,#6607,.F.);
#6610=ORIENTED_EDGE('',*,*,#6609,.F.);
#6611=EDGE_LOOP('',(#6608,#6610));
#6612=FACE_BOUND('',#6611,.F.);
#6614=ORIENTED_EDGE('',*,*,#6613,.T.);
#6616=ORIENTED_EDGE('',*,*,#6615,.T.);
#6617=EDGE_LOOP('',(#6614,#6616));
#6618=FACE_BOUND('',#6617,.F.);
#6619=ADVANCED_FACE('',(#6588,#6594,#6600,#6606,#6612,#6618),#6554,.F.);
#6620=CARTESIAN_POINT('',(0.E0,0.E0,0.E0));
#6621=DIRECTION('',(0.E0,1.E0,0.E0));
#6622=DIRECTION('',(1.E0,0.E0,0.E0));
#6623=AXIS2_PLACEMENT_3D('',#6620,#6621,#6622);
#6624=CYLINDRICAL_SURFACE('',#6623,1.05E1);
#6626=ORIENTED_EDGE('',*,*,#6625,.F.);
#6628=ORIENTED_EDGE('',*,*,#6627,.F.);
#6629=ORIENTED_EDGE('',*,*,#6613,.F.);
#6631=ORIENTED_EDGE('',*,*,#6630,.T.);
#6632=EDGE_LOOP('',(#6626,#6628,#6629,#6631));
#6633=FACE_OUTER_BOUND('',#6632,.F.);
#6634=ADVANCED_FACE('',(#6633),#6624,.F.);
#6635=CARTESIAN_POINT('',(0.E0,4.5E0,0.E0));
#6636=DIRECTION('',(0.E0,1.E0,0.E0));
#6637=DIRECTION('',(-1.E0,0.E0,0.E0));
#6638=AXIS2_PLACEMENT_3D('',#6635,#6636,#6637);
#6639=PLANE('',#6638);
#6640=ORIENTED_EDGE('',*,*,#6625,.T.);
#6642=ORIENTED_EDGE('',*,*,#6641,.T.);
#6643=EDGE_LOOP('',(#6640,#6642));
#6644=FACE_OUTER_BOUND('',#6643,.F.);
#6646=ORIENTED_EDGE('',*,*,#6645,.T.);
#6648=ORIENTED_EDGE('',*,*,#6647,.T.);
#6649=EDGE_LOOP('',(#6646,#6648));
#6650=FACE_BOUND('',#6649,.F.);
#6651=ADVANCED_FACE('',(#6644,#6650),#6639,.F.);
#6652=CARTESIAN_POINT('',(0.E0,5.E0,0.E0));
#6653=DIRECTION('',(0.E0,1.E0,0.E0));
#6654=DIRECTION('',(-1.E0,0.E0,0.E0));
#6655=AXIS2_PLACEMENT_3D('',#6652,#6653,#6654);
#6656=CYLINDRICAL_SURFACE('',#6655,9.75E0);
#6658=ORIENTED_EDGE('',*,*,#6657,.T.);
#6660=ORIENTED_EDGE('',*,*,#6659,.T.);
#6661=ORIENTED_EDGE('',*,*,#6645,.F.);
#6663=ORIENTED_EDGE('',*,*,#6662,.F.);
#6664=EDGE_LOOP('',(#6658,#6660,#6661,#6663));
#6665=FACE_OUTER_BOUND('',#6664,.F.);
#6666=ADVANCED_FACE('',(#6665),#6656,.F.);
#6667=CARTESIAN_POINT('',(0.E0,5.E0,0.E0));
#6668=DIRECTION('',(0.E0,1.E0,0.E0));
#6669=DIRECTION('',(1.E0,0.E0,0.E0));
#6670=AXIS2_PLACEMENT_3D('',#6667,#6668,#6669);
#6671=PLANE('',#6670);
#6673=ORIENTED_EDGE('',*,*,#6672,.F.);
#6675=ORIENTED_EDGE('',*,*,#6674,.F.);
#6677=ORIENTED_EDGE('',*,*,#6676,.F.);
#6679=ORIENTED_EDGE('',*,*,#6678,.F.);
#6681=ORIENTED_EDGE('',*,*,#6680,.F.);
#6683=ORIENTED_EDGE('',*,*,#6682,.F.);
#6685=ORIENTED_EDGE('',*,*,#6684,.F.);
#6687=ORIENTED_EDGE('',*,*,#6686,.F.);
#6689=ORIENTED_EDGE('',*,*,#6688,.F.);
#6691=ORIENTED_EDGE('',*,*,#6690,.F.);
#6693=ORIENTED_EDGE('',*,*,#6692,.F.);
#6695=ORIENTED_EDGE('',*,*,#6694,.F.);
#6697=ORIENTED_EDGE('',*,*,#6696,.F.);
#6699=ORIENTED_EDGE('',*,*,#6698,.F.);
#6701=ORIENTED_EDGE('',*,*,#6700,.F.);
#6703=ORIENTED_EDGE('',*,*,#6702,.F.);
#6704=EDGE_LOOP('',(#6673,#6675,#6677,#6679,#6681,#6683,#6685,#6687,#6689,#6691,
#6693,#6695,#6697,#6699,#6701,#6703));
#6705=FACE_OUTER_BOUND('',#6704,.F.);
#6707=ORIENTED_EDGE('',*,*,#6706,.F.);
#6709=ORIENTED_EDGE('',*,*,#6708,.F.);
#6710=EDGE_LOOP('',(#6707,#6709));
#6711=FACE_BOUND('',#6710,.F.);
#6713=ORIENTED_EDGE('',*,*,#6712,.F.);
#6715=ORIENTED_EDGE('',*,*,#6714,.F.);
#6716=EDGE_LOOP('',(#6713,#6715));
#6717=FACE_BOUND('',#6716,.F.);
#6719=ORIENTED_EDGE('',*,*,#6718,.F.);
#6721=ORIENTED_EDGE('',*,*,#6720,.F.);
#6722=EDGE_LOOP('',(#6719,#6721));
#6723=FACE_BOUND('',#6722,.F.);
#6725=ORIENTED_EDGE('',*,*,#6724,.F.);
#6727=ORIENTED_EDGE('',*,*,#6726,.F.);
#6728=EDGE_LOOP('',(#6725,#6727));
#6729=FACE_BOUND('',#6728,.F.);
#6730=ORIENTED_EDGE('',*,*,#6657,.F.);
#6732=ORIENTED_EDGE('',*,*,#6731,.F.);
#6733=EDGE_LOOP('',(#6730,#6732));
#6734=FACE_BOUND('',#6733,.F.);
#6735=ADVANCED_FACE('',(#6705,#6711,#6717,#6723,#6729,#6734),#6671,.T.);
#6736=CARTESIAN_POINT('',(0.E0,5.E0,0.E0));
#6737=DIRECTION('',(0.E0,1.E0,0.E0));
#6738=DIRECTION('',(-1.E0,0.E0,0.E0));
#6739=AXIS2_PLACEMENT_3D('',#6736,#6737,#6738);
#6740=CYLINDRICAL_SURFACE('',#6739,9.75E0);
#6741=ORIENTED_EDGE('',*,*,#6731,.T.);
#6742=ORIENTED_EDGE('',*,*,#6662,.T.);
#6743=ORIENTED_EDGE('',*,*,#6647,.F.);
#6744=ORIENTED_EDGE('',*,*,#6659,.F.);
#6745=EDGE_LOOP('',(#6741,#6742,#6743,#6744));
#6746=FACE_OUTER_BOUND('',#6745,.F.);
#6747=ADVANCED_FACE('',(#6746),#6740,.F.);
#6748=CARTESIAN_POINT('',(1.1E1,4.899999998399E0,8.E0));
#6749=DIRECTION('',(0.E0,1.E0,0.E0));
#6750=DIRECTION('',(0.E0,0.E0,-1.E0));
#6751=AXIS2_PLACEMENT_3D('',#6748,#6749,#6750);
#6752=CONICAL_SURFACE('',#6751,2.499999998399E0,4.5E1);
#6753=ORIENTED_EDGE('',*,*,#6706,.T.);
#6755=ORIENTED_EDGE('',*,*,#6754,.T.);
#6757=ORIENTED_EDGE('',*,*,#6756,.F.);
#6759=ORIENTED_EDGE('',*,*,#6758,.F.);
#6760=EDGE_LOOP('',(#6753,#6755,#6757,#6759));
#6761=FACE_OUTER_BOUND('',#6760,.F.);
#6762=ADVANCED_FACE('',(#6761),#6752,.F.);
#6763=CARTESIAN_POINT('',(1.1E1,4.899999998399E0,8.E0));
#6764=DIRECTION('',(0.E0,1.E0,0.E0));
#6765=DIRECTION('',(0.E0,0.E0,-1.E0));
#6766=AXIS2_PLACEMENT_3D('',#6763,#6764,#6765);
#6767=CONICAL_SURFACE('',#6766,2.499999998399E0,4.5E1);
#6768=ORIENTED_EDGE('',*,*,#6708,.T.);
#6769=ORIENTED_EDGE('',*,*,#6758,.T.);
#6771=ORIENTED_EDGE('',*,*,#6770,.F.);
#6772=ORIENTED_EDGE('',*,*,#6754,.F.);
#6773=EDGE_LOOP('',(#6768,#6769,#6771,#6772));
#6774=FACE_OUTER_BOUND('',#6773,.F.);
#6775=ADVANCED_FACE('',(#6774),#6767,.F.);
#6776=CARTESIAN_POINT('',(1.1E1,5.E0,8.E0));
#6777=DIRECTION('',(0.E0,1.E0,0.E0));
#6778=DIRECTION('',(-1.E0,0.E0,0.E0));
#6779=AXIS2_PLACEMENT_3D('',#6776,#6777,#6778);
#6780=CYLINDRICAL_SURFACE('',#6779,2.4E0);
#6781=ORIENTED_EDGE('',*,*,#6770,.T.);
#6783=ORIENTED_EDGE('',*,*,#6782,.T.);
#6785=ORIENTED_EDGE('',*,*,#6784,.T.);
#6787=ORIENTED_EDGE('',*,*,#6786,.F.);
#6788=EDGE_LOOP('',(#6781,#6783,#6785,#6787));
#6789=FACE_OUTER_BOUND('',#6788,.F.);
#6790=ADVANCED_FACE('',(#6789),#6780,.F.);
#6791=CARTESIAN_POINT('',(1.1E1,5.E0,8.E0));
#6792=DIRECTION('',(0.E0,1.E0,0.E0));
#6793=DIRECTION('',(-1.E0,0.E0,0.E0));
#6794=AXIS2_PLACEMENT_3D('',#6791,#6792,#6793);
#6795=CYLINDRICAL_SURFACE('',#6794,2.4E0);
#6796=ORIENTED_EDGE('',*,*,#6756,.T.);
#6797=ORIENTED_EDGE('',*,*,#6786,.T.);
#6799=ORIENTED_EDGE('',*,*,#6798,.T.);
#6800=ORIENTED_EDGE('',*,*,#6782,.F.);
#6801=EDGE_LOOP('',(#6796,#6797,#6799,#6800));
#6802=FACE_OUTER_BOUND('',#6801,.F.);
#6803=ADVANCED_FACE('',(#6802),#6795,.F.);
#6804=CARTESIAN_POINT('',(0.E0,2.E0,0.E0));
#6805=DIRECTION('',(0.E0,1.E0,0.E0));
#6806=DIRECTION('',(-1.E0,0.E0,0.E0));
#6807=AXIS2_PLACEMENT_3D('',#6804,#6805,#6806);
#6808=PLANE('',#6807);
#6809=ORIENTED_EDGE('',*,*,#6784,.F.);
#6810=ORIENTED_EDGE('',*,*,#6798,.F.);
#6811=EDGE_LOOP('',(#6809,#6810));
#6812=FACE_OUTER_BOUND('',#6811,.F.);
#6814=ORIENTED_EDGE('',*,*,#6813,.T.);
#6816=ORIENTED_EDGE('',*,*,#6815,.T.);
#6817=EDGE_LOOP('',(#6814,#6816));
#6818=FACE_BOUND('',#6817,.F.);
#6819=ADVANCED_FACE('',(#6812,#6818),#6808,.T.);
#6820=CARTESIAN_POINT('',(0.E0,2.E0,0.E0));
#6821=DIRECTION('',(0.E0,1.E0,0.E0));
#6822=DIRECTION('',(-1.E0,0.E0,0.E0));
#6823=AXIS2_PLACEMENT_3D('',#6820,#6821,#6822);
#6824=PLANE('',#6823);
#6826=ORIENTED_EDGE('',*,*,#6825,.F.);
#6828=ORIENTED_EDGE('',*,*,#6827,.F.);
#6829=EDGE_LOOP('',(#6826,#6828));
#6830=FACE_OUTER_BOUND('',#6829,.F.);
#6832=ORIENTED_EDGE('',*,*,#6831,.T.);
#6834=ORIENTED_EDGE('',*,*,#6833,.T.);
#6835=EDGE_LOOP('',(#6832,#6834));
#6836=FACE_BOUND('',#6835,.F.);
#6837=ADVANCED_FACE('',(#6830,#6836),#6824,.T.);
#6838=CARTESIAN_POINT('',(0.E0,2.E0,0.E0));
#6839=DIRECTION('',(0.E0,1.E0,0.E0));
#6840=DIRECTION('',(-1.E0,0.E0,0.E0));
#6841=AXIS2_PLACEMENT_3D('',#6838,#6839,#6840);
#6842=PLANE('',#6841);
#6844=ORIENTED_EDGE('',*,*,#6843,.F.);
#6846=ORIENTED_EDGE('',*,*,#6845,.F.);
#6847=EDGE_LOOP('',(#6844,#6846));
#6848=FACE_OUTER_BOUND('',#6847,.F.);
#6850=ORIENTED_EDGE('',*,*,#6849,.T.);
#6852=ORIENTED_EDGE('',*,*,#6851,.T.);
#6853=EDGE_LOOP('',(#6850,#6852));
#6854=FACE_BOUND('',#6853,.F.);
#6855=ADVANCED_FACE('',(#6848,#6854),#6842,.T.);
#6856=CARTESIAN_POINT('',(0.E0,2.E0,0.E0));
#6857=DIRECTION('',(0.E0,1.E0,0.E0));
#6858=DIRECTION('',(-1.E0,0.E0,0.E0));
#6859=AXIS2_PLACEMENT_3D('',#6856,#6857,#6858);
#6860=PLANE('',#6859);
#6862=ORIENTED_EDGE('',*,*,#6861,.F.);
#6864=ORIENTED_EDGE('',*,*,#6863,.F.);
#6865=EDGE_LOOP('',(#6862,#6864));
#6866=FACE_OUTER_BOUND('',#6865,.F.);
#6868=ORIENTED_EDGE('',*,*,#6867,.T.);
#6870=ORIENTED_EDGE('',*,*,#6869,.T.);
#6871=EDGE_LOOP('',(#6868,#6870));
#6872=FACE_BOUND('',#6871,.F.);
#6873=ADVANCED_FACE('',(#6866,#6872),#6860,.T.);
#6874=CARTESIAN_POINT('',(-1.1E1,5.E0,8.E0));
#6875=DIRECTION('',(0.E0,1.E0,0.E0));
#6876=DIRECTION('',(-1.E0,0.E0,0.E0));
#6877=AXIS2_PLACEMENT_3D('',#6874,#6875,#6876);
#6878=CYLINDRICAL_SURFACE('',#6877,2.4E0);
#6880=ORIENTED_EDGE('',*,*,#6879,.T.);
#6882=ORIENTED_EDGE('',*,*,#6881,.T.);
#6883=ORIENTED_EDGE('',*,*,#6825,.T.);
#6885=ORIENTED_EDGE('',*,*,#6884,.F.);
#6886=EDGE_LOOP('',(#6880,#6882,#6883,#6885));
#6887=FACE_OUTER_BOUND('',#6886,.F.);
#6888=ADVANCED_FACE('',(#6887),#6878,.F.);
#6889=CARTESIAN_POINT('',(-1.1E1,4.899999998399E0,8.E0));
#6890=DIRECTION('',(0.E0,1.E0,0.E0));
#6891=DIRECTION('',(0.E0,0.E0,-1.E0));
#6892=AXIS2_PLACEMENT_3D('',#6889,#6890,#6891);
#6893=CONICAL_SURFACE('',#6892,2.499999998399E0,4.5E1);
#6894=ORIENTED_EDGE('',*,*,#6714,.T.);
#6896=ORIENTED_EDGE('',*,*,#6895,.T.);
#6897=ORIENTED_EDGE('',*,*,#6879,.F.);
#6899=ORIENTED_EDGE('',*,*,#6898,.F.);
#6900=EDGE_LOOP('',(#6894,#6896,#6897,#6899));
#6901=FACE_OUTER_BOUND('',#6900,.F.);
#6902=ADVANCED_FACE('',(#6901),#6893,.F.);
#6903=CARTESIAN_POINT('',(-1.1E1,4.899999998399E0,8.E0));
#6904=DIRECTION('',(0.E0,1.E0,0.E0));
#6905=DIRECTION('',(0.E0,0.E0,-1.E0));
#6906=AXIS2_PLACEMENT_3D('',#6903,#6904,#6905);
#6907=CONICAL_SURFACE('',#6906,2.499999998399E0,4.5E1);
#6908=ORIENTED_EDGE('',*,*,#6712,.T.);
#6909=ORIENTED_EDGE('',*,*,#6898,.T.);
#6911=ORIENTED_EDGE('',*,*,#6910,.F.);
#6912=ORIENTED_EDGE('',*,*,#6895,.F.);
#6913=EDGE_LOOP('',(#6908,#6909,#6911,#6912));
#6914=FACE_OUTER_BOUND('',#6913,.F.);
#6915=ADVANCED_FACE('',(#6914),#6907,.F.);
#6916=CARTESIAN_POINT('',(-1.1E1,5.E0,8.E0));
#6917=DIRECTION('',(0.E0,1.E0,0.E0));
#6918=DIRECTION('',(-1.E0,0.E0,0.E0));
#6919=AXIS2_PLACEMENT_3D('',#6916,#6917,#6918);
#6920=CYLINDRICAL_SURFACE('',#6919,2.4E0);
#6921=ORIENTED_EDGE('',*,*,#6910,.T.);
#6922=ORIENTED_EDGE('',*,*,#6884,.T.);
#6923=ORIENTED_EDGE('',*,*,#6827,.T.);
#6924=ORIENTED_EDGE('',*,*,#6881,.F.);
#6925=EDGE_LOOP('',(#6921,#6922,#6923,#6924));
#6926=FACE_OUTER_BOUND('',#6925,.F.);
#6927=ADVANCED_FACE('',(#6926),#6920,.F.);
#6928=CARTESIAN_POINT('',(1.1E1,5.E0,-8.E0));
#6929=DIRECTION('',(0.E0,1.E0,0.E0));
#6930=DIRECTION('',(-1.E0,0.E0,0.E0));
#6931=AXIS2_PLACEMENT_3D('',#6928,#6929,#6930);
#6932=CYLINDRICAL_SURFACE('',#6931,2.4E0);
#6934=ORIENTED_EDGE('',*,*,#6933,.T.);
#6936=ORIENTED_EDGE('',*,*,#6935,.T.);
#6937=ORIENTED_EDGE('',*,*,#6843,.T.);
#6939=ORIENTED_EDGE('',*,*,#6938,.F.);
#6940=EDGE_LOOP('',(#6934,#6936,#6937,#6939));
#6941=FACE_OUTER_BOUND('',#6940,.F.);
#6942=ADVANCED_FACE('',(#6941),#6932,.F.);
#6943=CARTESIAN_POINT('',(1.1E1,4.899999998399E0,-8.E0));
#6944=DIRECTION('',(0.E0,1.E0,0.E0));
#6945=DIRECTION('',(0.E0,0.E0,-1.E0));
#6946=AXIS2_PLACEMENT_3D('',#6943,#6944,#6945);
#6947=CONICAL_SURFACE('',#6946,2.499999998399E0,4.5E1);
#6948=ORIENTED_EDGE('',*,*,#6726,.T.);
#6950=ORIENTED_EDGE('',*,*,#6949,.T.);
#6951=ORIENTED_EDGE('',*,*,#6933,.F.);
#6953=ORIENTED_EDGE('',*,*,#6952,.F.);
#6954=EDGE_LOOP('',(#6948,#6950,#6951,#6953));
#6955=FACE_OUTER_BOUND('',#6954,.F.);
#6956=ADVANCED_FACE('',(#6955),#6947,.F.);
#6957=CARTESIAN_POINT('',(1.1E1,4.899999998399E0,-8.E0));
#6958=DIRECTION('',(0.E0,1.E0,0.E0));
#6959=DIRECTION('',(0.E0,0.E0,-1.E0));
#6960=AXIS2_PLACEMENT_3D('',#6957,#6958,#6959);
#6961=CONICAL_SURFACE('',#6960,2.499999998399E0,4.5E1);
#6962=ORIENTED_EDGE('',*,*,#6724,.T.);
#6963=ORIENTED_EDGE('',*,*,#6952,.T.);
#6965=ORIENTED_EDGE('',*,*,#6964,.F.);
#6966=ORIENTED_EDGE('',*,*,#6949,.F.);
#6967=EDGE_LOOP('',(#6962,#6963,#6965,#6966));
#6968=FACE_OUTER_BOUND('',#6967,.F.);
#6969=ADVANCED_FACE('',(#6968),#6961,.F.);
#6970=CARTESIAN_POINT('',(1.1E1,5.E0,-8.E0));
#6971=DIRECTION('',(0.E0,1.E0,0.E0));
#6972=DIRECTION('',(-1.E0,0.E0,0.E0));
#6973=AXIS2_PLACEMENT_3D('',#6970,#6971,#6972);
#6974=CYLINDRICAL_SURFACE('',#6973,2.4E0);
#6975=ORIENTED_EDGE('',*,*,#6964,.T.);
#6976=ORIENTED_EDGE('',*,*,#6938,.T.);
#6977=ORIENTED_EDGE('',*,*,#6845,.T.);
#6978=ORIENTED_EDGE('',*,*,#6935,.F.);
#6979=EDGE_LOOP('',(#6975,#6976,#6977,#6978));
#6980=FACE_OUTER_BOUND('',#6979,.F.);
#6981=ADVANCED_FACE('',(#6980),#6974,.F.);
#6982=CARTESIAN_POINT('',(-1.1E1,5.E0,-8.E0));
#6983=DIRECTION('',(0.E0,1.E0,0.E0));
#6984=DIRECTION('',(-1.E0,0.E0,0.E0));
#6985=AXIS2_PLACEMENT_3D('',#6982,#6983,#6984);
#6986=CYLINDRICAL_SURFACE('',#6985,2.4E0);
#6988=ORIENTED_EDGE('',*,*,#6987,.T.);
#6990=ORIENTED_EDGE('',*,*,#6989,.T.);
#6991=ORIENTED_EDGE('',*,*,#6861,.T.);
#6993=ORIENTED_EDGE('',*,*,#6992,.F.);
#6994=EDGE_LOOP('',(#6988,#6990,#6991,#6993));
#6995=FACE_OUTER_BOUND('',#6994,.F.);
#6996=ADVANCED_FACE('',(#6995),#6986,.F.);
#6997=CARTESIAN_POINT('',(-1.1E1,4.899999998399E0,-8.E0));
#6998=DIRECTION('',(0.E0,1.E0,0.E0));
#6999=DIRECTION('',(0.E0,0.E0,-1.E0));
#7000=AXIS2_PLACEMENT_3D('',#6997,#6998,#6999);
#7001=CONICAL_SURFACE('',#7000,2.499999998399E0,4.5E1);
#7002=ORIENTED_EDGE('',*,*,#6720,.T.);
#7004=ORIENTED_EDGE('',*,*,#7003,.T.);
#7005=ORIENTED_EDGE('',*,*,#6987,.F.);
#7007=ORIENTED_EDGE('',*,*,#7006,.F.);
#7008=EDGE_LOOP('',(#7002,#7004,#7005,#7007));
#7009=FACE_OUTER_BOUND('',#7008,.F.);
#7010=ADVANCED_FACE('',(#7009),#7001,.F.);
#7011=CARTESIAN_POINT('',(-1.1E1,4.899999998399E0,-8.E0));
#7012=DIRECTION('',(0.E0,1.E0,0.E0));
#7013=DIRECTION('',(0.E0,0.E0,-1.E0));
#7014=AXIS2_PLACEMENT_3D('',#7011,#7012,#7013);
#7015=CONICAL_SURFACE('',#7014,2.499999998399E0,4.5E1);
#7016=ORIENTED_EDGE('',*,*,#6718,.T.);
#7017=ORIENTED_EDGE('',*,*,#7006,.T.);
#7019=ORIENTED_EDGE('',*,*,#7018,.F.);
#7020=ORIENTED_EDGE('',*,*,#7003,.F.);
#7021=EDGE_LOOP('',(#7016,#7017,#7019,#7020));
#7022=FACE_OUTER_BOUND('',#7021,.F.);
#7023=ADVANCED_FACE('',(#7022),#7015,.F.);
#7024=CARTESIAN_POINT('',(-1.1E1,5.E0,-8.E0));
#7025=DIRECTION('',(0.E0,1.E0,0.E0));
#7026=DIRECTION('',(-1.E0,0.E0,0.E0));
#7027=AXIS2_PLACEMENT_3D('',#7024,#7025,#7026);
#7028=CYLINDRICAL_SURFACE('',#7027,2.4E0);
#7029=ORIENTED_EDGE('',*,*,#7018,.T.);
#7030=ORIENTED_EDGE('',*,*,#6992,.T.);
#7031=ORIENTED_EDGE('',*,*,#6863,.T.);
#7032=ORIENTED_EDGE('',*,*,#6989,.F.);
#7033=EDGE_LOOP('',(#7029,#7030,#7031,#7032));
#7034=FACE_OUTER_BOUND('',#7033,.F.);
#7035=ADVANCED_FACE('',(#7034),#7028,.F.);
#7036=CARTESIAN_POINT('',(1.1E1,1.899999997106E0,8.E0));
#7037=DIRECTION('',(0.E0,1.E0,0.E0));
#7038=DIRECTION('',(0.E0,0.E0,-1.E0));
#7039=AXIS2_PLACEMENT_3D('',#7036,#7037,#7038);
#7040=CONICAL_SURFACE('',#7039,1.399999997106E0,4.5E1);
#7042=ORIENTED_EDGE('',*,*,#7041,.T.);
#7044=ORIENTED_EDGE('',*,*,#7043,.T.);
#7045=ORIENTED_EDGE('',*,*,#6813,.F.);
#7047=ORIENTED_EDGE('',*,*,#7046,.F.);
#7048=EDGE_LOOP('',(#7042,#7044,#7045,#7047));
#7049=FACE_OUTER_BOUND('',#7048,.F.);
#7050=ADVANCED_FACE('',(#7049),#7040,.F.);
#7051=CARTESIAN_POINT('',(1.1E1,5.E0,8.E0));
#7052=DIRECTION('',(0.E0,1.E0,0.E0));
#7053=DIRECTION('',(-1.E0,0.E0,0.E0));
#7054=AXIS2_PLACEMENT_3D('',#7051,#7052,#7053);
#7055=CYLINDRICAL_SURFACE('',#7054,1.3E0);
#7056=ORIENTED_EDGE('',*,*,#7041,.F.);
#7058=ORIENTED_EDGE('',*,*,#7057,.T.);
#7059=ORIENTED_EDGE('',*,*,#6591,.T.);
#7061=ORIENTED_EDGE('',*,*,#7060,.F.);
#7062=EDGE_LOOP('',(#7056,#7058,#7059,#7061));
#7063=FACE_OUTER_BOUND('',#7062,.F.);
#7064=ADVANCED_FACE('',(#7063),#7055,.F.);
#7065=CARTESIAN_POINT('',(1.1E1,5.E0,8.E0));
#7066=DIRECTION('',(0.E0,1.E0,0.E0));
#7067=DIRECTION('',(-1.E0,0.E0,0.E0));
#7068=AXIS2_PLACEMENT_3D('',#7065,#7066,#7067);
#7069=CYLINDRICAL_SURFACE('',#7068,1.3E0);
#7071=ORIENTED_EDGE('',*,*,#7070,.F.);
#7072=ORIENTED_EDGE('',*,*,#7060,.T.);
#7073=ORIENTED_EDGE('',*,*,#6589,.T.);
#7074=ORIENTED_EDGE('',*,*,#7057,.F.);
#7075=EDGE_LOOP('',(#7071,#7072,#7073,#7074));
#7076=FACE_OUTER_BOUND('',#7075,.F.);
#7077=ADVANCED_FACE('',(#7076),#7069,.F.);
#7078=CARTESIAN_POINT('',(1.1E1,1.899999997106E0,8.E0));
#7079=DIRECTION('',(0.E0,1.E0,0.E0));
#7080=DIRECTION('',(0.E0,0.E0,-1.E0));
#7081=AXIS2_PLACEMENT_3D('',#7078,#7079,#7080);
#7082=CONICAL_SURFACE('',#7081,1.399999997106E0,4.5E1);
#7083=ORIENTED_EDGE('',*,*,#7070,.T.);
#7084=ORIENTED_EDGE('',*,*,#7046,.T.);
#7085=ORIENTED_EDGE('',*,*,#6815,.F.);
#7086=ORIENTED_EDGE('',*,*,#7043,.F.);
#7087=EDGE_LOOP('',(#7083,#7084,#7085,#7086));
#7088=FACE_OUTER_BOUND('',#7087,.F.);
#7089=ADVANCED_FACE('',(#7088),#7082,.F.);
#7090=CARTESIAN_POINT('',(-1.1E1,1.899999997106E0,8.E0));
#7091=DIRECTION('',(0.E0,1.E0,0.E0));
#7092=DIRECTION('',(0.E0,0.E0,-1.E0));
#7093=AXIS2_PLACEMENT_3D('',#7090,#7091,#7092);
#7094=CONICAL_SURFACE('',#7093,1.399999997106E0,4.5E1);
#7096=ORIENTED_EDGE('',*,*,#7095,.T.);
#7098=ORIENTED_EDGE('',*,*,#7097,.T.);
#7099=ORIENTED_EDGE('',*,*,#6831,.F.);
#7101=ORIENTED_EDGE('',*,*,#7100,.F.);
#7102=EDGE_LOOP('',(#7096,#7098,#7099,#7101));
#7103=FACE_OUTER_BOUND('',#7102,.F.);
#7104=ADVANCED_FACE('',(#7103),#7094,.F.);
#7105=CARTESIAN_POINT('',(-1.1E1,5.E0,8.E0));
#7106=DIRECTION('',(0.E0,1.E0,0.E0));
#7107=DIRECTION('',(-1.E0,0.E0,0.E0));
#7108=AXIS2_PLACEMENT_3D('',#7105,#7106,#7107);
#7109=CYLINDRICAL_SURFACE('',#7108,1.3E0);
#7110=ORIENTED_EDGE('',*,*,#7095,.F.);
#7112=ORIENTED_EDGE('',*,*,#7111,.T.);
#7113=ORIENTED_EDGE('',*,*,#6609,.T.);
#7115=ORIENTED_EDGE('',*,*,#7114,.F.);
#7116=EDGE_LOOP('',(#7110,#7112,#7113,#7115));
#7117=FACE_OUTER_BOUND('',#7116,.F.);
#7118=ADVANCED_FACE('',(#7117),#7109,.F.);
#7119=CARTESIAN_POINT('',(-1.1E1,5.E0,8.E0));
#7120=DIRECTION('',(0.E0,1.E0,0.E0));
#7121=DIRECTION('',(-1.E0,0.E0,0.E0));
#7122=AXIS2_PLACEMENT_3D('',#7119,#7120,#7121);
#7123=CYLINDRICAL_SURFACE('',#7122,1.3E0);
#7125=ORIENTED_EDGE('',*,*,#7124,.F.);
#7126=ORIENTED_EDGE('',*,*,#7114,.T.);
#7127=ORIENTED_EDGE('',*,*,#6607,.T.);
#7128=ORIENTED_EDGE('',*,*,#7111,.F.);
#7129=EDGE_LOOP('',(#7125,#7126,#7127,#7128));
#7130=FACE_OUTER_BOUND('',#7129,.F.);
#7131=ADVANCED_FACE('',(#7130),#7123,.F.);
#7132=CARTESIAN_POINT('',(-1.1E1,1.899999997106E0,8.E0));
#7133=DIRECTION('',(0.E0,1.E0,0.E0));
#7134=DIRECTION('',(0.E0,0.E0,-1.E0));
#7135=AXIS2_PLACEMENT_3D('',#7132,#7133,#7134);
#7136=CONICAL_SURFACE('',#7135,1.399999997106E0,4.5E1);
#7137=ORIENTED_EDGE('',*,*,#7124,.T.);
#7138=ORIENTED_EDGE('',*,*,#7100,.T.);
#7139=ORIENTED_EDGE('',*,*,#6833,.F.);
#7140=ORIENTED_EDGE('',*,*,#7097,.F.);
#7141=EDGE_LOOP('',(#7137,#7138,#7139,#7140));
#7142=FACE_OUTER_BOUND('',#7141,.F.);
#7143=ADVANCED_FACE('',(#7142),#7136,.F.);
#7144=CARTESIAN_POINT('',(-1.1E1,1.899999997106E0,-8.E0));
#7145=DIRECTION('',(0.E0,1.E0,0.E0));
#7146=DIRECTION('',(0.E0,0.E0,-1.E0));
#7147=AXIS2_PLACEMENT_3D('',#7144,#7145,#7146);
#7148=CONICAL_SURFACE('',#7147,1.399999997106E0,4.5E1);
#7150=ORIENTED_EDGE('',*,*,#7149,.T.);
#7152=ORIENTED_EDGE('',*,*,#7151,.T.);
#7153=ORIENTED_EDGE('',*,*,#6867,.F.);
#7155=ORIENTED_EDGE('',*,*,#7154,.F.);
#7156=EDGE_LOOP('',(#7150,#7152,#7153,#7155));
#7157=FACE_OUTER_BOUND('',#7156,.F.);
#7158=ADVANCED_FACE('',(#7157),#7148,.F.);
#7159=CARTESIAN_POINT('',(-1.1E1,5.E0,-8.E0));
#7160=DIRECTION('',(0.E0,1.E0,0.E0));
#7161=DIRECTION('',(-1.E0,0.E0,0.E0));
#7162=AXIS2_PLACEMENT_3D('',#7159,#7160,#7161);
#7163=CYLINDRICAL_SURFACE('',#7162,1.3E0);
#7164=ORIENTED_EDGE('',*,*,#7149,.F.);
#7166=ORIENTED_EDGE('',*,*,#7165,.T.);
#7167=ORIENTED_EDGE('',*,*,#6603,.T.);
#7169=ORIENTED_EDGE('',*,*,#7168,.F.);
#7170=EDGE_LOOP('',(#7164,#7166,#7167,#7169));
#7171=FACE_OUTER_BOUND('',#7170,.F.);
#7172=ADVANCED_FACE('',(#7171),#7163,.F.);
#7173=CARTESIAN_POINT('',(-1.1E1,5.E0,-8.E0));
#7174=DIRECTION('',(0.E0,1.E0,0.E0));
#7175=DIRECTION('',(-1.E0,0.E0,0.E0));
#7176=AXIS2_PLACEMENT_3D('',#7173,#7174,#7175);
#7177=CYLINDRICAL_SURFACE('',#7176,1.3E0);
#7179=ORIENTED_EDGE('',*,*,#7178,.F.);
#7180=ORIENTED_EDGE('',*,*,#7168,.T.);
#7181=ORIENTED_EDGE('',*,*,#6601,.T.);
#7182=ORIENTED_EDGE('',*,*,#7165,.F.);
#7183=EDGE_LOOP('',(#7179,#7180,#7181,#7182));
#7184=FACE_OUTER_BOUND('',#7183,.F.);
#7185=ADVANCED_FACE('',(#7184),#7177,.F.);
#7186=CARTESIAN_POINT('',(-1.1E1,1.899999997106E0,-8.E0));
#7187=DIRECTION('',(0.E0,1.E0,0.E0));
#7188=DIRECTION('',(0.E0,0.E0,-1.E0));
#7189=AXIS2_PLACEMENT_3D('',#7186,#7187,#7188);
#7190=CONICAL_SURFACE('',#7189,1.399999997106E0,4.5E1);
#7191=ORIENTED_EDGE('',*,*,#7178,.T.);
#7192=ORIENTED_EDGE('',*,*,#7154,.T.);
#7193=ORIENTED_EDGE('',*,*,#6869,.F.);
#7194=ORIENTED_EDGE('',*,*,#7151,.F.);
#7195=EDGE_LOOP('',(#7191,#7192,#7193,#7194));
#7196=FACE_OUTER_BOUND('',#7195,.F.);
#7197=ADVANCED_FACE('',(#7196),#7190,.F.);
#7198=CARTESIAN_POINT('',(1.1E1,1.899999997106E0,-8.E0));
#7199=DIRECTION('',(0.E0,1.E0,0.E0));
#7200=DIRECTION('',(0.E0,0.E0,-1.E0));
#7201=AXIS2_PLACEMENT_3D('',#7198,#7199,#7200);
#7202=CONICAL_SURFACE('',#7201,1.399999997106E0,4.5E1);
#7204=ORIENTED_EDGE('',*,*,#7203,.T.);
#7206=ORIENTED_EDGE('',*,*,#7205,.T.);
#7207=ORIENTED_EDGE('',*,*,#6849,.F.);
#7209=ORIENTED_EDGE('',*,*,#7208,.F.);
#7210=EDGE_LOOP('',(#7204,#7206,#7207,#7209));
#7211=FACE_OUTER_BOUND('',#7210,.F.);
#7212=ADVANCED_FACE('',(#7211),#7202,.F.);
#7213=CARTESIAN_POINT('',(1.1E1,5.E0,-8.E0));
#7214=DIRECTION('',(0.E0,1.E0,0.E0));
#7215=DIRECTION('',(-1.E0,0.E0,0.E0));
#7216=AXIS2_PLACEMENT_3D('',#7213,#7214,#7215);
#7217=CYLINDRICAL_SURFACE('',#7216,1.3E0);
#7218=ORIENTED_EDGE('',*,*,#7203,.F.);
#7220=ORIENTED_EDGE('',*,*,#7219,.T.);
#7221=ORIENTED_EDGE('',*,*,#6597,.T.);
#7223=ORIENTED_EDGE('',*,*,#7222,.F.);
#7224=EDGE_LOOP('',(#7218,#7220,#7221,#7223));
#7225=FACE_OUTER_BOUND('',#7224,.F.);
#7226=ADVANCED_FACE('',(#7225),#7217,.F.);
#7227=CARTESIAN_POINT('',(1.1E1,5.E0,-8.E0));
#7228=DIRECTION('',(0.E0,1.E0,0.E0));
#7229=DIRECTION('',(-1.E0,0.E0,0.E0));
#7230=AXIS2_PLACEMENT_3D('',#7227,#7228,#7229);
#7231=CYLINDRICAL_SURFACE('',#7230,1.3E0);
#7233=ORIENTED_EDGE('',*,*,#7232,.F.);
#7234=ORIENTED_EDGE('',*,*,#7222,.T.);
#7235=ORIENTED_EDGE('',*,*,#6595,.T.);
#7236=ORIENTED_EDGE('',*,*,#7219,.F.);
#7237=EDGE_LOOP('',(#7233,#7234,#7235,#7236));
#7238=FACE_OUTER_BOUND('',#7237,.F.);
#7239=ADVANCED_FACE('',(#7238),#7231,.F.);
#7240=CARTESIAN_POINT('',(1.1E1,1.899999997106E0,-8.E0));
#7241=DIRECTION('',(0.E0,1.E0,0.E0));
#7242=DIRECTION('',(0.E0,0.E0,-1.E0));
#7243=AXIS2_PLACEMENT_3D('',#7240,#7241,#7242);
#7244=CONICAL_SURFACE('',#7243,1.399999997106E0,4.5E1);
#7245=ORIENTED_EDGE('',*,*,#7232,.T.);
#7246=ORIENTED_EDGE('',*,*,#7208,.T.);
#7247=ORIENTED_EDGE('',*,*,#6851,.F.);
#7248=ORIENTED_EDGE('',*,*,#7205,.F.);
#7249=EDGE_LOOP('',(#7245,#7246,#7247,#7248));
#7250=FACE_OUTER_BOUND('',#7249,.F.);
#7251=ADVANCED_FACE('',(#7250),#7244,.F.);
#7252=CARTESIAN_POINT('',(1.405E1,4.8E0,0.E0));
#7253=DIRECTION('',(7.071067811865E-1,7.071067811865E-1,0.E0));
#7254=DIRECTION('',(7.071067811865E-1,-7.071067811865E-1,0.E0));
#7255=AXIS2_PLACEMENT_3D('',#7252,#7253,#7254);
#7256=PLANE('',#7255);
#7258=ORIENTED_EDGE('',*,*,#7257,.F.);
#7260=ORIENTED_EDGE('',*,*,#7259,.T.);
#7261=ORIENTED_EDGE('',*,*,#6672,.T.);
#7263=ORIENTED_EDGE('',*,*,#7262,.F.);
#7264=EDGE_LOOP('',(#7258,#7260,#7261,#7263));
#7265=FACE_OUTER_BOUND('',#7264,.F.);
#7266=ADVANCED_FACE('',(#7265),#7256,.T.);
#7267=CARTESIAN_POINT('',(1.425E1,0.E0,1.2E1));
#7268=DIRECTION('',(1.E0,0.E0,0.E0));
#7269=DIRECTION('',(0.E0,0.E0,-1.E0));
#7270=AXIS2_PLACEMENT_3D('',#7267,#7268,#7269);
#7271=PLANE('',#7270);
#7272=ORIENTED_EDGE('',*,*,#7257,.T.);
#7274=ORIENTED_EDGE('',*,*,#7273,.F.);
#7276=ORIENTED_EDGE('',*,*,#7275,.T.);
#7278=ORIENTED_EDGE('',*,*,#7277,.F.);
#7279=EDGE_LOOP('',(#7272,#7274,#7276,#7278));
#7280=FACE_OUTER_BOUND('',#7279,.F.);
#7281=ADVANCED_FACE('',(#7280),#7271,.T.);
#7282=CARTESIAN_POINT('',(1.325E1,2.5E0,-1.025E1));
#7283=DIRECTION('',(7.071067811865E-1,0.E0,-7.071067811865E-1));
#7284=DIRECTION('',(-7.071067811865E-1,0.E0,-7.071067811865E-1));
#7285=AXIS2_PLACEMENT_3D('',#7282,#7283,#7284);
#7286=PLANE('',#7285);
#7288=ORIENTED_EDGE('',*,*,#7287,.T.);
#7290=ORIENTED_EDGE('',*,*,#7289,.F.);
#7292=ORIENTED_EDGE('',*,*,#7291,.T.);
#7293=ORIENTED_EDGE('',*,*,#7273,.T.);
#7294=EDGE_LOOP('',(#7288,#7290,#7292,#7293));
#7295=FACE_OUTER_BOUND('',#7294,.F.);
#7296=ADVANCED_FACE('',(#7295),#7286,.T.);
#7297=CARTESIAN_POINT('',(1.310857864376E1,4.8E0,-1.010857864376E1));
#7298=DIRECTION('',(5.E-1,7.071067811865E-1,-5.E-1));
#7299=DIRECTION('',(5.E-1,-7.071067811865E-1,-5.E-1));
#7300=AXIS2_PLACEMENT_3D('',#7297,#7298,#7299);
#7301=PLANE('',#7300);
#7302=ORIENTED_EDGE('',*,*,#7287,.F.);
#7303=ORIENTED_EDGE('',*,*,#7262,.T.);
#7304=ORIENTED_EDGE('',*,*,#6702,.T.);
#7306=ORIENTED_EDGE('',*,*,#7305,.F.);
#7307=EDGE_LOOP('',(#7302,#7303,#7304,#7306));
#7308=FACE_OUTER_BOUND('',#7307,.F.);
#7309=ADVANCED_FACE('',(#7308),#7301,.T.);
#7310=CARTESIAN_POINT('',(8.466874249399E0,4.8E0,-1.105E1));
#7311=DIRECTION('',(0.E0,7.071067811865E-1,-7.071067811865E-1));
#7312=DIRECTION('',(0.E0,-7.071067811865E-1,-7.071067811865E-1));
#7313=AXIS2_PLACEMENT_3D('',#7310,#7311,#7312);
#7314=PLANE('',#7313);
#7315=ORIENTED_EDGE('',*,*,#6700,.T.);
#7317=ORIENTED_EDGE('',*,*,#7316,.T.);
#7319=ORIENTED_EDGE('',*,*,#7318,.F.);
#7320=ORIENTED_EDGE('',*,*,#7305,.T.);
#7321=EDGE_LOOP('',(#7315,#7317,#7319,#7320));
#7322=FACE_OUTER_BOUND('',#7321,.F.);
#7323=ADVANCED_FACE('',(#7322),#7314,.T.);
#7324=CARTESIAN_POINT('',(4.683748498799E0,4.799999999959E0,-1.425E1));
#7325=DIRECTION('',(0.E0,1.E0,0.E0));
#7326=DIRECTION('',(0.E0,0.E0,-1.E0));
#7327=AXIS2_PLACEMENT_3D('',#7324,#7325,#7326);
#7328=CONICAL_SURFACE('',#7327,3.199999999959E0,4.5E1);
#7329=ORIENTED_EDGE('',*,*,#6698,.T.);
#7331=ORIENTED_EDGE('',*,*,#7330,.T.);
#7333=ORIENTED_EDGE('',*,*,#7332,.F.);
#7334=ORIENTED_EDGE('',*,*,#7316,.F.);
#7335=EDGE_LOOP('',(#7329,#7331,#7333,#7334));
#7336=FACE_OUTER_BOUND('',#7335,.F.);
#7337=ADVANCED_FACE('',(#7336),#7328,.F.);
#7338=CARTESIAN_POINT('',(7.682743330406E-14,4.800000000082E0,
-1.323385845353E-13));
#7339=DIRECTION('',(0.E0,-1.E0,0.E0));
#7340=DIRECTION('',(0.E0,0.E0,-1.E0));
#7341=AXIS2_PLACEMENT_3D('',#7338,#7339,#7340);
#7342=CONICAL_SURFACE('',#7341,1.179999999992E1,4.5E1);
#7343=ORIENTED_EDGE('',*,*,#6696,.T.);
#7345=ORIENTED_EDGE('',*,*,#7344,.T.);
#7347=ORIENTED_EDGE('',*,*,#7346,.F.);
#7348=ORIENTED_EDGE('',*,*,#7330,.F.);
#7349=EDGE_LOOP('',(#7343,#7345,#7347,#7348));
#7350=FACE_OUTER_BOUND('',#7349,.F.);
#7351=ADVANCED_FACE('',(#7350),#7342,.T.);
#7352=CARTESIAN_POINT('',(-4.683748498799E0,4.799999999959E0,-1.425E1));
#7353=DIRECTION('',(0.E0,1.E0,0.E0));
#7354=DIRECTION('',(0.E0,0.E0,-1.E0));
#7355=AXIS2_PLACEMENT_3D('',#7352,#7353,#7354);
#7356=CONICAL_SURFACE('',#7355,3.199999999959E0,4.5E1);
#7357=ORIENTED_EDGE('',*,*,#6694,.T.);
#7359=ORIENTED_EDGE('',*,*,#7358,.T.);
#7361=ORIENTED_EDGE('',*,*,#7360,.F.);
#7362=ORIENTED_EDGE('',*,*,#7344,.F.);
#7363=EDGE_LOOP('',(#7357,#7359,#7361,#7362));
#7364=FACE_OUTER_BOUND('',#7363,.F.);
#7365=ADVANCED_FACE('',(#7364),#7356,.F.);
#7366=CARTESIAN_POINT('',(-8.466874249399E0,4.8E0,-1.105E1));
#7367=DIRECTION('',(0.E0,7.071067811865E-1,-7.071067811865E-1));
#7368=DIRECTION('',(0.E0,-7.071067811865E-1,-7.071067811865E-1));
#7369=AXIS2_PLACEMENT_3D('',#7366,#7367,#7368);
#7370=PLANE('',#7369);
#7372=ORIENTED_EDGE('',*,*,#7371,.F.);
#7373=ORIENTED_EDGE('',*,*,#7358,.F.);
#7374=ORIENTED_EDGE('',*,*,#6692,.T.);
#7376=ORIENTED_EDGE('',*,*,#7375,.F.);
#7377=EDGE_LOOP('',(#7372,#7373,#7374,#7376));
#7378=FACE_OUTER_BOUND('',#7377,.F.);
#7379=ADVANCED_FACE('',(#7378),#7370,.T.);
#7380=CARTESIAN_POINT('',(-1.425E1,5.E0,-1.125E1));
#7381=DIRECTION('',(0.E0,0.E0,1.E0));
#7382=DIRECTION('',(1.E0,0.E0,0.E0));
#7383=AXIS2_PLACEMENT_3D('',#7380,#7381,#7382);
#7384=PLANE('',#7383);
#7385=ORIENTED_EDGE('',*,*,#7371,.T.);
#7387=ORIENTED_EDGE('',*,*,#7386,.T.);
#7389=ORIENTED_EDGE('',*,*,#7388,.T.);
#7391=ORIENTED_EDGE('',*,*,#7390,.F.);
#7392=EDGE_LOOP('',(#7385,#7387,#7389,#7391));
#7393=FACE_OUTER_BOUND('',#7392,.F.);
#7394=ADVANCED_FACE('',(#7393),#7384,.F.);
#7395=CARTESIAN_POINT('',(-1.325E1,2.5E0,-1.025E1));
#7396=DIRECTION('',(-7.071067811865E-1,0.E0,-7.071067811865E-1));
#7397=DIRECTION('',(7.071067811865E-1,0.E0,-7.071067811865E-1));
#7398=AXIS2_PLACEMENT_3D('',#7395,#7396,#7397);
#7399=PLANE('',#7398);
#7401=ORIENTED_EDGE('',*,*,#7400,.T.);
#7403=ORIENTED_EDGE('',*,*,#7402,.T.);
#7405=ORIENTED_EDGE('',*,*,#7404,.T.);
#7406=ORIENTED_EDGE('',*,*,#7386,.F.);
#7407=EDGE_LOOP('',(#7401,#7403,#7405,#7406));
#7408=FACE_OUTER_BOUND('',#7407,.F.);
#7409=ADVANCED_FACE('',(#7408),#7399,.T.);
#7410=CARTESIAN_POINT('',(-1.310857864376E1,4.8E0,-1.010857864376E1));
#7411=DIRECTION('',(-5.E-1,7.071067811865E-1,-5.E-1));
#7412=DIRECTION('',(-5.E-1,-7.071067811865E-1,-5.E-1));
#7413=AXIS2_PLACEMENT_3D('',#7410,#7411,#7412);
#7414=PLANE('',#7413);
#7415=ORIENTED_EDGE('',*,*,#6690,.T.);
#7417=ORIENTED_EDGE('',*,*,#7416,.F.);
#7418=ORIENTED_EDGE('',*,*,#7400,.F.);
#7419=ORIENTED_EDGE('',*,*,#7375,.T.);
#7420=EDGE_LOOP('',(#7415,#7417,#7418,#7419));
#7421=FACE_OUTER_BOUND('',#7420,.F.);
#7422=ADVANCED_FACE('',(#7421),#7414,.T.);
#7423=CARTESIAN_POINT('',(-1.405E1,4.8E0,0.E0));
#7424=DIRECTION('',(-7.071067811865E-1,7.071067811865E-1,0.E0));
#7425=DIRECTION('',(-7.071067811865E-1,-7.071067811865E-1,0.E0));
#7426=AXIS2_PLACEMENT_3D('',#7423,#7424,#7425);
#7427=PLANE('',#7426);
#7429=ORIENTED_EDGE('',*,*,#7428,.F.);
#7430=ORIENTED_EDGE('',*,*,#7416,.T.);
#7431=ORIENTED_EDGE('',*,*,#6688,.T.);
#7433=ORIENTED_EDGE('',*,*,#7432,.F.);
#7434=EDGE_LOOP('',(#7429,#7430,#7431,#7433));
#7435=FACE_OUTER_BOUND('',#7434,.F.);
#7436=ADVANCED_FACE('',(#7435),#7427,.T.);
#7437=CARTESIAN_POINT('',(-1.425E1,0.E0,-1.2E1));
#7438=DIRECTION('',(-1.E0,0.E0,0.E0));
#7439=DIRECTION('',(0.E0,0.E0,1.E0));
#7440=AXIS2_PLACEMENT_3D('',#7437,#7438,#7439);
#7441=PLANE('',#7440);
#7442=ORIENTED_EDGE('',*,*,#7428,.T.);
#7444=ORIENTED_EDGE('',*,*,#7443,.F.);
#7446=ORIENTED_EDGE('',*,*,#7445,.T.);
#7447=ORIENTED_EDGE('',*,*,#7402,.F.);
#7448=EDGE_LOOP('',(#7442,#7444,#7446,#7447));
#7449=FACE_OUTER_BOUND('',#7448,.F.);
#7450=ADVANCED_FACE('',(#7449),#7441,.T.);
#7451=CARTESIAN_POINT('',(-1.325E1,2.5E0,1.025E1));
#7452=DIRECTION('',(-7.071067811865E-1,0.E0,7.071067811865E-1));
#7453=DIRECTION('',(7.071067811865E-1,0.E0,7.071067811865E-1));
#7454=AXIS2_PLACEMENT_3D('',#7451,#7452,#7453);
#7455=PLANE('',#7454);
#7457=ORIENTED_EDGE('',*,*,#7456,.T.);
#7459=ORIENTED_EDGE('',*,*,#7458,.F.);
#7461=ORIENTED_EDGE('',*,*,#7460,.T.);
#7462=ORIENTED_EDGE('',*,*,#7443,.T.);
#7463=EDGE_LOOP('',(#7457,#7459,#7461,#7462));
#7464=FACE_OUTER_BOUND('',#7463,.F.);
#7465=ADVANCED_FACE('',(#7464),#7455,.T.);
#7466=CARTESIAN_POINT('',(-1.310857864376E1,4.8E0,1.010857864376E1));
#7467=DIRECTION('',(-5.E-1,7.071067811865E-1,5.E-1));
#7468=DIRECTION('',(-5.E-1,-7.071067811866E-1,5.E-1));
#7469=AXIS2_PLACEMENT_3D('',#7466,#7467,#7468);
#7470=PLANE('',#7469);
#7471=ORIENTED_EDGE('',*,*,#7456,.F.);
#7472=ORIENTED_EDGE('',*,*,#7432,.T.);
#7473=ORIENTED_EDGE('',*,*,#6686,.T.);
#7475=ORIENTED_EDGE('',*,*,#7474,.F.);
#7476=EDGE_LOOP('',(#7471,#7472,#7473,#7475));
#7477=FACE_OUTER_BOUND('',#7476,.F.);
#7478=ADVANCED_FACE('',(#7477),#7470,.T.);
#7479=CARTESIAN_POINT('',(-8.466874249399E0,4.8E0,1.105E1));
#7480=DIRECTION('',(0.E0,7.071067811865E-1,7.071067811865E-1));
#7481=DIRECTION('',(0.E0,-7.071067811865E-1,7.071067811865E-1));
#7482=AXIS2_PLACEMENT_3D('',#7479,#7480,#7481);
#7483=PLANE('',#7482);
#7484=ORIENTED_EDGE('',*,*,#6684,.T.);
#7486=ORIENTED_EDGE('',*,*,#7485,.T.);
#7488=ORIENTED_EDGE('',*,*,#7487,.F.);
#7489=ORIENTED_EDGE('',*,*,#7474,.T.);
#7490=EDGE_LOOP('',(#7484,#7486,#7488,#7489));
#7491=FACE_OUTER_BOUND('',#7490,.F.);
#7492=ADVANCED_FACE('',(#7491),#7483,.T.);
#7493=CARTESIAN_POINT('',(-4.683748498799E0,4.799999999959E0,1.425E1));
#7494=DIRECTION('',(0.E0,1.E0,0.E0));
#7495=DIRECTION('',(0.E0,0.E0,-1.E0));
#7496=AXIS2_PLACEMENT_3D('',#7493,#7494,#7495);
#7497=CONICAL_SURFACE('',#7496,3.199999999959E0,4.5E1);
#7498=ORIENTED_EDGE('',*,*,#6682,.T.);
#7500=ORIENTED_EDGE('',*,*,#7499,.T.);
#7502=ORIENTED_EDGE('',*,*,#7501,.F.);
#7503=ORIENTED_EDGE('',*,*,#7485,.F.);
#7504=EDGE_LOOP('',(#7498,#7500,#7502,#7503));
#7505=FACE_OUTER_BOUND('',#7504,.F.);
#7506=ADVANCED_FACE('',(#7505),#7497,.F.);
#7507=CARTESIAN_POINT('',(0.E0,4.800000000082E0,0.E0));
#7508=DIRECTION('',(0.E0,-1.E0,0.E0));
#7509=DIRECTION('',(0.E0,0.E0,-1.E0));
#7510=AXIS2_PLACEMENT_3D('',#7507,#7508,#7509);
#7511=CONICAL_SURFACE('',#7510,1.179999999992E1,4.5E1);
#7512=ORIENTED_EDGE('',*,*,#6680,.T.);
#7514=ORIENTED_EDGE('',*,*,#7513,.T.);
#7516=ORIENTED_EDGE('',*,*,#7515,.F.);
#7517=ORIENTED_EDGE('',*,*,#7499,.F.);
#7518=EDGE_LOOP('',(#7512,#7514,#7516,#7517));
#7519=FACE_OUTER_BOUND('',#7518,.F.);
#7520=ADVANCED_FACE('',(#7519),#7511,.T.);
#7521=CARTESIAN_POINT('',(4.683748498799E0,4.799999999959E0,1.425E1));
#7522=DIRECTION('',(0.E0,1.E0,0.E0));
#7523=DIRECTION('',(0.E0,0.E0,-1.E0));
#7524=AXIS2_PLACEMENT_3D('',#7521,#7522,#7523);
#7525=CONICAL_SURFACE('',#7524,3.199999999959E0,4.5E1);
#7526=ORIENTED_EDGE('',*,*,#6678,.T.);
#7528=ORIENTED_EDGE('',*,*,#7527,.T.);
#7530=ORIENTED_EDGE('',*,*,#7529,.F.);
#7531=ORIENTED_EDGE('',*,*,#7513,.F.);
#7532=EDGE_LOOP('',(#7526,#7528,#7530,#7531));
#7533=FACE_OUTER_BOUND('',#7532,.F.);
#7534=ADVANCED_FACE('',(#7533),#7525,.F.);
#7535=CARTESIAN_POINT('',(8.466874249399E0,4.8E0,1.105E1));
#7536=DIRECTION('',(0.E0,7.071067811865E-1,7.071067811865E-1));
#7537=DIRECTION('',(0.E0,-7.071067811865E-1,7.071067811865E-1));
#7538=AXIS2_PLACEMENT_3D('',#7535,#7536,#7537);
#7539=PLANE('',#7538);
#7541=ORIENTED_EDGE('',*,*,#7540,.F.);
#7542=ORIENTED_EDGE('',*,*,#7527,.F.);
#7543=ORIENTED_EDGE('',*,*,#6676,.T.);
#7545=ORIENTED_EDGE('',*,*,#7544,.F.);
#7546=EDGE_LOOP('',(#7541,#7542,#7543,#7545));
#7547=FACE_OUTER_BOUND('',#7546,.F.);
#7548=ADVANCED_FACE('',(#7547),#7539,.T.);
#7549=CARTESIAN_POINT('',(1.425E1,5.E0,1.125E1));
#7550=DIRECTION('',(0.E0,0.E0,-1.E0));
#7551=DIRECTION('',(-1.E0,0.E0,0.E0));
#7552=AXIS2_PLACEMENT_3D('',#7549,#7550,#7551);
#7553=PLANE('',#7552);
#7554=ORIENTED_EDGE('',*,*,#7540,.T.);
#7556=ORIENTED_EDGE('',*,*,#7555,.T.);
#7558=ORIENTED_EDGE('',*,*,#7557,.T.);
#7560=ORIENTED_EDGE('',*,*,#7559,.F.);
#7561=EDGE_LOOP('',(#7554,#7556,#7558,#7560));
#7562=FACE_OUTER_BOUND('',#7561,.F.);
#7563=ADVANCED_FACE('',(#7562),#7553,.F.);
#7564=CARTESIAN_POINT('',(1.325E1,2.5E0,1.025E1));
#7565=DIRECTION('',(7.071067811865E-1,0.E0,7.071067811865E-1));
#7566=DIRECTION('',(-7.071067811865E-1,0.E0,7.071067811865E-1));
#7567=AXIS2_PLACEMENT_3D('',#7564,#7565,#7566);
#7568=PLANE('',#7567);
#7570=ORIENTED_EDGE('',*,*,#7569,.T.);
#7571=ORIENTED_EDGE('',*,*,#7277,.T.);
#7573=ORIENTED_EDGE('',*,*,#7572,.T.);
#7574=ORIENTED_EDGE('',*,*,#7555,.F.);
#7575=EDGE_LOOP('',(#7570,#7571,#7573,#7574));
#7576=FACE_OUTER_BOUND('',#7575,.F.);
#7577=ADVANCED_FACE('',(#7576),#7568,.T.);
#7578=CARTESIAN_POINT('',(1.310857864376E1,4.8E0,1.010857864376E1));
#7579=DIRECTION('',(5.E-1,7.071067811865E-1,5.E-1));
#7580=DIRECTION('',(5.E-1,-7.071067811865E-1,5.E-1));
#7581=AXIS2_PLACEMENT_3D('',#7578,#7579,#7580);
#7582=PLANE('',#7581);
#7583=ORIENTED_EDGE('',*,*,#6674,.T.);
#7584=ORIENTED_EDGE('',*,*,#7259,.F.);
#7585=ORIENTED_EDGE('',*,*,#7569,.F.);
#7586=ORIENTED_EDGE('',*,*,#7544,.T.);
#7587=EDGE_LOOP('',(#7583,#7584,#7585,#7586));
#7588=FACE_OUTER_BOUND('',#7587,.F.);
#7589=ADVANCED_FACE('',(#7588),#7582,.T.);
#7590=CARTESIAN_POINT('',(1.310857864376E1,2.E-1,1.010857864376E1));
#7591=DIRECTION('',(5.E-1,-7.071067811865E-1,5.E-1));
#7592=DIRECTION('',(5.E-1,7.071067811865E-1,5.E-1));
#7593=AXIS2_PLACEMENT_3D('',#7590,#7591,#7592);
#7594=PLANE('',#7593);
#7595=ORIENTED_EDGE('',*,*,#7572,.F.);
#7597=ORIENTED_EDGE('',*,*,#7596,.T.);
#7598=ORIENTED_EDGE('',*,*,#6585,.T.);
#7600=ORIENTED_EDGE('',*,*,#7599,.F.);
#7601=EDGE_LOOP('',(#7595,#7597,#7598,#7600));
#7602=FACE_OUTER_BOUND('',#7601,.F.);
#7603=ADVANCED_FACE('',(#7602),#7594,.T.);
#7604=CARTESIAN_POINT('',(1.405E1,2.E-1,0.E0));
#7605=DIRECTION('',(7.071067811865E-1,-7.071067811865E-1,0.E0));
#7606=DIRECTION('',(7.071067811865E-1,7.071067811865E-1,0.E0));
#7607=AXIS2_PLACEMENT_3D('',#7604,#7605,#7606);
#7608=PLANE('',#7607);
#7609=ORIENTED_EDGE('',*,*,#7275,.F.);
#7611=ORIENTED_EDGE('',*,*,#7610,.T.);
#7612=ORIENTED_EDGE('',*,*,#6555,.T.);
#7613=ORIENTED_EDGE('',*,*,#7596,.F.);
#7614=EDGE_LOOP('',(#7609,#7611,#7612,#7613));
#7615=FACE_OUTER_BOUND('',#7614,.F.);
#7616=ADVANCED_FACE('',(#7615),#7608,.T.);
#7617=CARTESIAN_POINT('',(1.310857864376E1,2.E-1,-1.010857864376E1));
#7618=DIRECTION('',(5.E-1,-7.071067811865E-1,-5.E-1));
#7619=DIRECTION('',(5.E-1,7.071067811865E-1,-5.E-1));
#7620=AXIS2_PLACEMENT_3D('',#7617,#7618,#7619);
#7621=PLANE('',#7620);
#7622=ORIENTED_EDGE('',*,*,#6557,.T.);
#7623=ORIENTED_EDGE('',*,*,#7610,.F.);
#7624=ORIENTED_EDGE('',*,*,#7291,.F.);
#7626=ORIENTED_EDGE('',*,*,#7625,.T.);
#7627=EDGE_LOOP('',(#7622,#7623,#7624,#7626));
#7628=FACE_OUTER_BOUND('',#7627,.F.);
#7629=ADVANCED_FACE('',(#7628),#7621,.T.);
#7630=CARTESIAN_POINT('',(8.466874249399E0,2.E-1,-1.105E1));
#7631=DIRECTION('',(0.E0,-7.071067811865E-1,-7.071067811865E-1));
#7632=DIRECTION('',(0.E0,7.071067811865E-1,-7.071067811865E-1));
#7633=AXIS2_PLACEMENT_3D('',#7630,#7631,#7632);
#7634=PLANE('',#7633);
#7636=ORIENTED_EDGE('',*,*,#7635,.F.);
#7638=ORIENTED_EDGE('',*,*,#7637,.F.);
#7639=ORIENTED_EDGE('',*,*,#6559,.T.);
#7640=ORIENTED_EDGE('',*,*,#7625,.F.);
#7641=EDGE_LOOP('',(#7636,#7638,#7639,#7640));
#7642=FACE_OUTER_BOUND('',#7641,.F.);
#7643=ADVANCED_FACE('',(#7642),#7634,.T.);
#7644=CARTESIAN_POINT('',(4.175823272123E0,5.E0,-1.125E1));
#7645=DIRECTION('',(0.E0,0.E0,1.E0));
#7646=DIRECTION('',(1.E0,0.E0,0.E0));
#7647=AXIS2_PLACEMENT_3D('',#7644,#7645,#7646);
#7648=PLANE('',#7647);
#7649=ORIENTED_EDGE('',*,*,#7318,.T.);
#7651=ORIENTED_EDGE('',*,*,#7650,.T.);
#7652=ORIENTED_EDGE('',*,*,#7635,.T.);
#7653=ORIENTED_EDGE('',*,*,#7289,.T.);
#7654=EDGE_LOOP('',(#7649,#7651,#7652,#7653));
#7655=FACE_OUTER_BOUND('',#7654,.F.);
#7656=ADVANCED_FACE('',(#7655),#7648,.F.);
#7657=CARTESIAN_POINT('',(4.683748498799E0,1.151800000086E1,-1.425E1));
#7658=DIRECTION('',(0.E0,-1.E0,0.E0));
#7659=DIRECTION('',(0.E0,0.E0,1.E0));
#7660=AXIS2_PLACEMENT_3D('',#7657,#7658,#7659);
#7661=CYLINDRICAL_SURFACE('',#7660,3.E0);
#7662=ORIENTED_EDGE('',*,*,#7332,.T.);
#7664=ORIENTED_EDGE('',*,*,#7663,.T.);
#7666=ORIENTED_EDGE('',*,*,#7665,.T.);
#7667=ORIENTED_EDGE('',*,*,#7650,.F.);
#7668=EDGE_LOOP('',(#7662,#7664,#7666,#7667));
#7669=FACE_OUTER_BOUND('',#7668,.F.);
#7670=ADVANCED_FACE('',(#7669),#7661,.F.);
#7671=CARTESIAN_POINT('',(0.E0,5.E0,0.E0));
#7672=DIRECTION('',(0.E0,1.E0,0.E0));
#7673=DIRECTION('',(-1.E0,0.E0,0.E0));
#7674=AXIS2_PLACEMENT_3D('',#7671,#7672,#7673);
#7675=CYLINDRICAL_SURFACE('',#7674,1.2E1);
#7676=ORIENTED_EDGE('',*,*,#7346,.T.);
#7678=ORIENTED_EDGE('',*,*,#7677,.T.);
#7680=ORIENTED_EDGE('',*,*,#7679,.T.);
#7681=ORIENTED_EDGE('',*,*,#7663,.F.);
#7682=EDGE_LOOP('',(#7676,#7678,#7680,#7681));
#7683=FACE_OUTER_BOUND('',#7682,.F.);
#7684=ADVANCED_FACE('',(#7683),#7675,.T.);
#7685=CARTESIAN_POINT('',(-4.683748498799E0,1.151800000086E1,-1.425E1));
#7686=DIRECTION('',(0.E0,-1.E0,0.E0));
#7687=DIRECTION('',(3.122498999199E-1,0.E0,9.5E-1));
#7688=AXIS2_PLACEMENT_3D('',#7685,#7686,#7687);
#7689=CYLINDRICAL_SURFACE('',#7688,3.E0);
#7690=ORIENTED_EDGE('',*,*,#7360,.T.);
#7691=ORIENTED_EDGE('',*,*,#7390,.T.);
#7693=ORIENTED_EDGE('',*,*,#7692,.T.);
#7694=ORIENTED_EDGE('',*,*,#7677,.F.);
#7695=EDGE_LOOP('',(#7690,#7691,#7693,#7694));
#7696=FACE_OUTER_BOUND('',#7695,.F.);
#7697=ADVANCED_FACE('',(#7696),#7689,.F.);
#7698=CARTESIAN_POINT('',(-4.683748498799E0,2.000000000410E-1,-1.425E1));
#7699=DIRECTION('',(0.E0,-1.E0,0.E0));
#7700=DIRECTION('',(0.E0,0.E0,-1.E0));
#7701=AXIS2_PLACEMENT_3D('',#7698,#7699,#7700);
#7702=CONICAL_SURFACE('',#7701,3.199999999959E0,4.5E1);
#7703=ORIENTED_EDGE('',*,*,#6565,.T.);
#7705=ORIENTED_EDGE('',*,*,#7704,.T.);
#7706=ORIENTED_EDGE('',*,*,#7692,.F.);
#7708=ORIENTED_EDGE('',*,*,#7707,.F.);
#7709=EDGE_LOOP('',(#7703,#7705,#7706,#7708));
#7710=FACE_OUTER_BOUND('',#7709,.F.);
#7711=ADVANCED_FACE('',(#7710),#7702,.F.);
#7712=CARTESIAN_POINT('',(7.438494264989E-14,1.999999999184E-1,
-1.447730824111E-13));
#7713=DIRECTION('',(0.E0,1.E0,0.E0));
#7714=DIRECTION('',(0.E0,0.E0,-1.E0));
#7715=AXIS2_PLACEMENT_3D('',#7712,#7713,#7714);
#7716=CONICAL_SURFACE('',#7715,1.179999999992E1,4.5E1);
#7717=ORIENTED_EDGE('',*,*,#6563,.T.);
#7719=ORIENTED_EDGE('',*,*,#7718,.T.);
#7720=ORIENTED_EDGE('',*,*,#7679,.F.);
#7721=ORIENTED_EDGE('',*,*,#7704,.F.);
#7722=EDGE_LOOP('',(#7717,#7719,#7720,#7721));
#7723=FACE_OUTER_BOUND('',#7722,.F.);
#7724=ADVANCED_FACE('',(#7723),#7716,.T.);
#7725=CARTESIAN_POINT('',(4.683748498799E0,2.000000000410E-1,-1.425E1));
#7726=DIRECTION('',(0.E0,-1.E0,0.E0));
#7727=DIRECTION('',(0.E0,0.E0,-1.E0));
#7728=AXIS2_PLACEMENT_3D('',#7725,#7726,#7727);
#7729=CONICAL_SURFACE('',#7728,3.199999999959E0,4.5E1);
#7730=ORIENTED_EDGE('',*,*,#6561,.T.);
#7731=ORIENTED_EDGE('',*,*,#7637,.T.);
#7732=ORIENTED_EDGE('',*,*,#7665,.F.);
#7733=ORIENTED_EDGE('',*,*,#7718,.F.);
#7734=EDGE_LOOP('',(#7730,#7731,#7732,#7733));
#7735=FACE_OUTER_BOUND('',#7734,.F.);
#7736=ADVANCED_FACE('',(#7735),#7729,.F.);
#7737=CARTESIAN_POINT('',(-8.466874249399E0,2.E-1,-1.105E1));
#7738=DIRECTION('',(0.E0,-7.071067811865E-1,-7.071067811865E-1));
#7739=DIRECTION('',(0.E0,7.071067811865E-1,-7.071067811865E-1));
#7740=AXIS2_PLACEMENT_3D('',#7737,#7738,#7739);
#7741=PLANE('',#7740);
#7742=ORIENTED_EDGE('',*,*,#6567,.T.);
#7743=ORIENTED_EDGE('',*,*,#7707,.T.);
#7744=ORIENTED_EDGE('',*,*,#7388,.F.);
#7746=ORIENTED_EDGE('',*,*,#7745,.T.);
#7747=EDGE_LOOP('',(#7742,#7743,#7744,#7746));
#7748=FACE_OUTER_BOUND('',#7747,.F.);
#7749=ADVANCED_FACE('',(#7748),#7741,.T.);
#7750=CARTESIAN_POINT('',(-1.310857864376E1,2.E-1,-1.010857864376E1));
#7751=DIRECTION('',(-5.E-1,-7.071067811865E-1,-5.E-1));
#7752=DIRECTION('',(-5.E-1,7.071067811865E-1,-5.E-1));
#7753=AXIS2_PLACEMENT_3D('',#7750,#7751,#7752);
#7754=PLANE('',#7753);
#7755=ORIENTED_EDGE('',*,*,#7404,.F.);
#7757=ORIENTED_EDGE('',*,*,#7756,.T.);
#7758=ORIENTED_EDGE('',*,*,#6569,.T.);
#7759=ORIENTED_EDGE('',*,*,#7745,.F.);
#7760=EDGE_LOOP('',(#7755,#7757,#7758,#7759));
#7761=FACE_OUTER_BOUND('',#7760,.F.);
#7762=ADVANCED_FACE('',(#7761),#7754,.T.);
#7763=CARTESIAN_POINT('',(-1.405E1,2.E-1,2.131628207280E-14));
#7764=DIRECTION('',(-7.071067811865E-1,-7.071067811865E-1,0.E0));
#7765=DIRECTION('',(-7.071067811865E-1,7.071067811865E-1,0.E0));
#7766=AXIS2_PLACEMENT_3D('',#7763,#7764,#7765);
#7767=PLANE('',#7766);
#7768=ORIENTED_EDGE('',*,*,#7445,.F.);
#7770=ORIENTED_EDGE('',*,*,#7769,.T.);
#7771=ORIENTED_EDGE('',*,*,#6571,.T.);
#7772=ORIENTED_EDGE('',*,*,#7756,.F.);
#7773=EDGE_LOOP('',(#7768,#7770,#7771,#7772));
#7774=FACE_OUTER_BOUND('',#7773,.F.);
#7775=ADVANCED_FACE('',(#7774),#7767,.T.);
#7776=CARTESIAN_POINT('',(-1.310857864376E1,2.E-1,1.010857864376E1));
#7777=DIRECTION('',(-5.E-1,-7.071067811865E-1,5.E-1));
#7778=DIRECTION('',(-5.E-1,7.071067811866E-1,5.E-1));
#7779=AXIS2_PLACEMENT_3D('',#7776,#7777,#7778);
#7780=PLANE('',#7779);
#7781=ORIENTED_EDGE('',*,*,#6573,.T.);
#7782=ORIENTED_EDGE('',*,*,#7769,.F.);
#7783=ORIENTED_EDGE('',*,*,#7460,.F.);
#7785=ORIENTED_EDGE('',*,*,#7784,.T.);
#7786=EDGE_LOOP('',(#7781,#7782,#7783,#7785));
#7787=FACE_OUTER_BOUND('',#7786,.F.);
#7788=ADVANCED_FACE('',(#7787),#7780,.T.);
#7789=CARTESIAN_POINT('',(-8.466874249399E0,2.E-1,1.105E1));
#7790=DIRECTION('',(0.E0,-7.071067811865E-1,7.071067811865E-1));
#7791=DIRECTION('',(0.E0,7.071067811865E-1,7.071067811865E-1));
#7792=AXIS2_PLACEMENT_3D('',#7789,#7790,#7791);
#7793=PLANE('',#7792);
#7795=ORIENTED_EDGE('',*,*,#7794,.F.);
#7797=ORIENTED_EDGE('',*,*,#7796,.F.);
#7798=ORIENTED_EDGE('',*,*,#6575,.T.);
#7799=ORIENTED_EDGE('',*,*,#7784,.F.);
#7800=EDGE_LOOP('',(#7795,#7797,#7798,#7799));
#7801=FACE_OUTER_BOUND('',#7800,.F.);
#7802=ADVANCED_FACE('',(#7801),#7793,.T.);
#7803=CARTESIAN_POINT('',(-4.175823272123E0,5.E0,1.125E1));
#7804=DIRECTION('',(0.E0,0.E0,-1.E0));
#7805=DIRECTION('',(-1.E0,0.E0,0.E0));
#7806=AXIS2_PLACEMENT_3D('',#7803,#7804,#7805);
#7807=PLANE('',#7806);
#7808=ORIENTED_EDGE('',*,*,#7487,.T.);
#7810=ORIENTED_EDGE('',*,*,#7809,.T.);
#7811=ORIENTED_EDGE('',*,*,#7794,.T.);
#7812=ORIENTED_EDGE('',*,*,#7458,.T.);
#7813=EDGE_LOOP('',(#7808,#7810,#7811,#7812));
#7814=FACE_OUTER_BOUND('',#7813,.F.);
#7815=ADVANCED_FACE('',(#7814),#7807,.F.);
#7816=CARTESIAN_POINT('',(-4.683748498799E0,1.151800000086E1,1.425E1));
#7817=DIRECTION('',(0.E0,-1.E0,0.E0));
#7818=DIRECTION('',(0.E0,0.E0,-1.E0));
#7819=AXIS2_PLACEMENT_3D('',#7816,#7817,#7818);
#7820=CYLINDRICAL_SURFACE('',#7819,3.E0);
#7821=ORIENTED_EDGE('',*,*,#7501,.T.);
#7823=ORIENTED_EDGE('',*,*,#7822,.T.);
#7825=ORIENTED_EDGE('',*,*,#7824,.T.);
#7826=ORIENTED_EDGE('',*,*,#7809,.F.);
#7827=EDGE_LOOP('',(#7821,#7823,#7825,#7826));
#7828=FACE_OUTER_BOUND('',#7827,.F.);
#7829=ADVANCED_FACE('',(#7828),#7820,.F.);
#7830=CARTESIAN_POINT('',(0.E0,5.E0,0.E0));
#7831=DIRECTION('',(0.E0,1.E0,0.E0));
#7832=DIRECTION('',(-1.E0,0.E0,0.E0));
#7833=AXIS2_PLACEMENT_3D('',#7830,#7831,#7832);
#7834=CYLINDRICAL_SURFACE('',#7833,1.2E1);
#7835=ORIENTED_EDGE('',*,*,#7515,.T.);
#7837=ORIENTED_EDGE('',*,*,#7836,.T.);
#7839=ORIENTED_EDGE('',*,*,#7838,.T.);
#7840=ORIENTED_EDGE('',*,*,#7822,.F.);
#7841=EDGE_LOOP('',(#7835,#7837,#7839,#7840));
#7842=FACE_OUTER_BOUND('',#7841,.F.);
#7843=ADVANCED_FACE('',(#7842),#7834,.T.);
#7844=CARTESIAN_POINT('',(4.683748498799E0,1.151800000086E1,1.425E1));
#7845=DIRECTION('',(0.E0,-1.E0,0.E0));
#7846=DIRECTION('',(-3.122498999199E-1,0.E0,-9.5E-1));
#7847=AXIS2_PLACEMENT_3D('',#7844,#7845,#7846);
#7848=CYLINDRICAL_SURFACE('',#7847,3.E0);
#7849=ORIENTED_EDGE('',*,*,#7529,.T.);
#7850=ORIENTED_EDGE('',*,*,#7559,.T.);
#7852=ORIENTED_EDGE('',*,*,#7851,.T.);
#7853=ORIENTED_EDGE('',*,*,#7836,.F.);
#7854=EDGE_LOOP('',(#7849,#7850,#7852,#7853));
#7855=FACE_OUTER_BOUND('',#7854,.F.);
#7856=ADVANCED_FACE('',(#7855),#7848,.F.);
#7857=CARTESIAN_POINT('',(4.683748498799E0,2.000000000410E-1,1.425E1));
#7858=DIRECTION('',(0.E0,-1.E0,0.E0));
#7859=DIRECTION('',(0.E0,0.E0,-1.E0));
#7860=AXIS2_PLACEMENT_3D('',#7857,#7858,#7859);
#7861=CONICAL_SURFACE('',#7860,3.199999999959E0,4.5E1);
#7862=ORIENTED_EDGE('',*,*,#6581,.T.);
#7864=ORIENTED_EDGE('',*,*,#7863,.T.);
#7865=ORIENTED_EDGE('',*,*,#7851,.F.);
#7867=ORIENTED_EDGE('',*,*,#7866,.F.);
#7868=EDGE_LOOP('',(#7862,#7864,#7865,#7867));
#7869=FACE_OUTER_BOUND('',#7868,.F.);
#7870=ADVANCED_FACE('',(#7869),#7861,.F.);
#7871=CARTESIAN_POINT('',(0.E0,1.999999999183E-1,0.E0));
#7872=DIRECTION('',(0.E0,1.E0,0.E0));
#7873=DIRECTION('',(0.E0,0.E0,-1.E0));
#7874=AXIS2_PLACEMENT_3D('',#7871,#7872,#7873);
#7875=CONICAL_SURFACE('',#7874,1.179999999992E1,4.5E1);
#7876=ORIENTED_EDGE('',*,*,#6579,.T.);
#7878=ORIENTED_EDGE('',*,*,#7877,.T.);
#7879=ORIENTED_EDGE('',*,*,#7838,.F.);
#7880=ORIENTED_EDGE('',*,*,#7863,.F.);
#7881=EDGE_LOOP('',(#7876,#7878,#7879,#7880));
#7882=FACE_OUTER_BOUND('',#7881,.F.);
#7883=ADVANCED_FACE('',(#7882),#7875,.T.);
#7884=CARTESIAN_POINT('',(-4.683748498799E0,2.000000000410E-1,1.425E1));
#7885=DIRECTION('',(0.E0,-1.E0,0.E0));
#7886=DIRECTION('',(0.E0,0.E0,-1.E0));
#7887=AXIS2_PLACEMENT_3D('',#7884,#7885,#7886);
#7888=CONICAL_SURFACE('',#7887,3.199999999959E0,4.5E1);
#7889=ORIENTED_EDGE('',*,*,#6577,.T.);
#7890=ORIENTED_EDGE('',*,*,#7796,.T.);
#7891=ORIENTED_EDGE('',*,*,#7824,.F.);
#7892=ORIENTED_EDGE('',*,*,#7877,.F.);
#7893=EDGE_LOOP('',(#7889,#7890,#7891,#7892));
#7894=FACE_OUTER_BOUND('',#7893,.F.);
#7895=ADVANCED_FACE('',(#7894),#7888,.F.);
#7896=CARTESIAN_POINT('',(8.466874249399E0,2.E-1,1.105E1));
#7897=DIRECTION('',(0.E0,-7.071067811865E-1,7.071067811865E-1));
#7898=DIRECTION('',(0.E0,7.071067811865E-1,7.071067811865E-1));
#7899=AXIS2_PLACEMENT_3D('',#7896,#7897,#7898);
#7900=PLANE('',#7899);
#7901=ORIENTED_EDGE('',*,*,#6583,.T.);
#7902=ORIENTED_EDGE('',*,*,#7866,.T.);
#7903=ORIENTED_EDGE('',*,*,#7557,.F.);
#7904=ORIENTED_EDGE('',*,*,#7599,.T.);
#7905=EDGE_LOOP('',(#7901,#7902,#7903,#7904));
#7906=FACE_OUTER_BOUND('',#7905,.F.);
#7907=ADVANCED_FACE('',(#7906),#7900,.T.);
#7908=CARTESIAN_POINT('',(0.E0,0.E0,0.E0));
#7909=DIRECTION('',(0.E0,1.E0,0.E0));
#7910=DIRECTION('',(1.E0,0.E0,0.E0));
#7911=AXIS2_PLACEMENT_3D('',#7908,#7909,#7910);
#7912=CYLINDRICAL_SURFACE('',#7911,1.05E1);
#7913=ORIENTED_EDGE('',*,*,#6641,.F.);
#7914=ORIENTED_EDGE('',*,*,#6630,.F.);
#7915=ORIENTED_EDGE('',*,*,#6615,.F.);
#7916=ORIENTED_EDGE('',*,*,#6627,.T.);
#7917=EDGE_LOOP('',(#7913,#7914,#7915,#7916));
#7918=FACE_OUTER_BOUND('',#7917,.F.);
#7919=ADVANCED_FACE('',(#7918),#7912,.F.);
#7920=CLOSED_SHELL('',(#6619,#6634,#6651,#6666,#6735,#6747,#6762,#6775,#6790,
#6803,#6819,#6837,#6855,#6873,#6888,#6902,#6915,#6927,#6942,#6956,#6969,#6981,
#6996,#7010,#7023,#7035,#7050,#7064,#7077,#7089,#7104,#7118,#7131,#7143,#7158,
#7172,#7185,#7197,#7212,#7226,#7239,#7251,#7266,#7281,#7296,#7309,#7323,#7337,
#7351,#7365,#7379,#7394,#7409,#7422,#7436,#7450,#7465,#7478,#7492,#7506,#7520,
#7534,#7548,#7563,#7577,#7589,#7603,#7616,#7629,#7643,#7656,#7670,#7684,#7697,
#7711,#7724,#7736,#7749,#7762,#7775,#7788,#7802,#7815,#7829,#7843,#7856,#7870,
#7883,#7895,#7907,#7919));
#7921=MANIFOLD_SOLID_BREP('',#7920);
#7923=DIMENSIONAL_EXPONENTS(0.E0,0.E0,0.E0,0.E0,0.E0,0.E0,0.E0);
#7925=PLANE_ANGLE_MEASURE_WITH_UNIT(PLANE_ANGLE_MEASURE(1.745329251994E-2),
#7924);
#7926=(CONVERSION_BASED_UNIT('DEGREE',#7925)NAMED_UNIT(*)PLANE_ANGLE_UNIT());
#7928=UNCERTAINTY_MEASURE_WITH_UNIT(LENGTH_MEASURE(4.098351034364E-3),#7922,
'closure',
'Maximum model space distance between geometric entities at asserted connectivities');
#7929=(GEOMETRIC_REPRESENTATION_CONTEXT(3)GLOBAL_UNCERTAINTY_ASSIGNED_CONTEXT((
#7928))GLOBAL_UNIT_ASSIGNED_CONTEXT((#7922,#7926,#7927))REPRESENTATION_CONTEXT(
'ID2','3'));
#7930=CARTESIAN_POINT('',(0.E0,0.E0,0.E0));
#7931=DIRECTION('',(0.E0,0.E0,1.E0));
#7932=DIRECTION('',(1.E0,0.E0,0.E0));
#7935=MECHANICAL_CONTEXT('',#5392,'mechanical');
#7936=PRODUCT('HN12_B101_B_BR1','HN12_B101_B_BR1','NOT SPECIFIED',(#7935));
#7937=PRODUCT_DEFINITION_FORMATION_WITH_SPECIFIED_SOURCE('9','LAST_VERSION',
#7936,.MADE.);
#7943=CARTESIAN_POINT('',(0.E0,0.E0,0.E0));
#7944=DIRECTION('',(0.E0,0.E0,1.E0));
#7945=DIRECTION('',(1.E0,0.E0,0.E0));
#7946=AXIS2_PLACEMENT_3D('',#7943,#7944,#7945);
#7947=ITEM_DEFINED_TRANSFORMATION('','',#7933,#7946);
#7948=(REPRESENTATION_RELATIONSHIP('','',#7934,#5403)REPRESENTATION_RELATIONSHIP_WITH_TRANSFORMATION(#7947)SHAPE_REPRESENTATION_RELATIONSHIP());
#7949=CONTEXT_DEPENDENT_SHAPE_REPRESENTATION(#7948,#7942);
#7951=CARTESIAN_POINT('',(0.E0,0.E0,0.E0));
#7952=DIRECTION('',(0.E0,-1.E0,0.E0));
#7953=DIRECTION('',(-1.E0,0.E0,0.E0));
#7954=AXIS2_PLACEMENT_3D('',#7951,#7952,#7953);
#7956=CARTESIAN_POINT('',(0.E0,0.E0,0.E0));
#7957=DIRECTION('',(0.E0,-1.E0,0.E0));
#7958=DIRECTION('',(1.E0,0.E0,0.E0));
#7959=AXIS2_PLACEMENT_3D('',#7956,#7957,#7958);
#7961=CARTESIAN_POINT('',(0.E0,0.E0,0.E0));
#7962=DIRECTION('',(0.E0,1.E0,0.E0));
#7963=DIRECTION('',(1.E0,0.E0,0.E0));
#7964=AXIS2_PLACEMENT_3D('',#7961,#7962,#7963);
#7966=CARTESIAN_POINT('',(0.E0,0.E0,0.E0));
#7967=DIRECTION('',(0.E0,1.E0,0.E0));
#7968=DIRECTION('',(-1.E0,0.E0,0.E0));
#7969=AXIS2_PLACEMENT_3D('',#7966,#7967,#7968);
#7971=CARTESIAN_POINT('',(-1.03E1,2.E-1,8.246181515403E-14));
#7972=DIRECTION('',(0.E0,0.E0,-1.E0));
#7973=DIRECTION('',(0.E0,-1.E0,0.E0));
#7974=AXIS2_PLACEMENT_3D('',#7971,#7972,#7973);
#7976=CARTESIAN_POINT('',(1.03E1,2.E-1,-8.350264923962E-14));
#7977=DIRECTION('',(0.E0,0.E0,1.E0));
#7978=DIRECTION('',(0.E0,-1.E0,0.E0));
#7979=AXIS2_PLACEMENT_3D('',#7976,#7977,#7978);
#7981=CARTESIAN_POINT('',(0.E0,2.E-1,0.E0));
#7982=DIRECTION('',(0.E0,-1.E0,0.E0));
#7983=DIRECTION('',(1.E0,0.E0,0.E0));
#7984=AXIS2_PLACEMENT_3D('',#7981,#7982,#7983);
#7986=DIRECTION('',(0.E0,1.E0,0.E0));
#7987=VECTOR('',#7986,3.6E0);
#7988=CARTESIAN_POINT('',(-1.05E1,2.E-1,0.E0));
#7989=LINE('',#7988,#7987);
#7990=CARTESIAN_POINT('',(0.E0,3.8E0,0.E0));
#7991=DIRECTION('',(0.E0,1.E0,0.E0));
#7992=DIRECTION('',(-1.E0,0.E0,0.E0));
#7993=AXIS2_PLACEMENT_3D('',#7990,#7991,#7992);
#7995=CARTESIAN_POINT('',(0.E0,2.E-1,0.E0));
#7996=DIRECTION('',(0.E0,-1.E0,0.E0));
#7997=DIRECTION('',(-1.E0,0.E0,0.E0));
#7998=AXIS2_PLACEMENT_3D('',#7995,#7996,#7997);
#8000=DIRECTION('',(0.E0,1.E0,0.E0));
#8001=VECTOR('',#8000,3.6E0);
#8002=CARTESIAN_POINT('',(1.05E1,2.E-1,0.E0));
#8003=LINE('',#8002,#8001);
#8004=CARTESIAN_POINT('',(0.E0,3.8E0,0.E0));
#8005=DIRECTION('',(0.E0,1.E0,0.E0));
#8006=DIRECTION('',(1.E0,0.E0,0.E0));
#8007=AXIS2_PLACEMENT_3D('',#8004,#8005,#8006);
#8009=CARTESIAN_POINT('',(1.03E1,3.8E0,4.949513021657E-14));
#8010=DIRECTION('',(0.E0,0.E0,-1.E0));
#8011=DIRECTION('',(0.E0,1.E0,0.E0));
#8012=AXIS2_PLACEMENT_3D('',#8009,#8010,#8011);
#8014=CARTESIAN_POINT('',(0.E0,4.E0,0.E0));
#8015=DIRECTION('',(0.E0,1.E0,0.E0));
#8016=DIRECTION('',(1.E0,0.E0,0.E0));
#8017=AXIS2_PLACEMENT_3D('',#8014,#8015,#8016);
#8019=CARTESIAN_POINT('',(0.E0,4.E0,0.E0));
#8020=DIRECTION('',(0.E0,1.E0,0.E0));
#8021=DIRECTION('',(-1.E0,0.E0,0.E0));
#8022=AXIS2_PLACEMENT_3D('',#8019,#8020,#8021);
#8024=CARTESIAN_POINT('',(0.E0,4.E0,0.E0));
#8025=DIRECTION('',(0.E0,-1.E0,0.E0));
#8026=DIRECTION('',(-1.E0,0.E0,0.E0));
#8027=AXIS2_PLACEMENT_3D('',#8024,#8025,#8026);
#8029=CARTESIAN_POINT('',(0.E0,4.E0,0.E0));
#8030=DIRECTION('',(0.E0,-1.E0,0.E0));
#8031=DIRECTION('',(1.E0,0.E0,0.E0));
#8032=AXIS2_PLACEMENT_3D('',#8029,#8030,#8031);
#8034=CARTESIAN_POINT('',(-1.03E1,3.8E0,-4.963390809465E-14));
#8035=DIRECTION('',(0.E0,0.E0,1.E0));
#8036=DIRECTION('',(-1.776356839400E-14,1.E0,0.E0));
#8037=AXIS2_PLACEMENT_3D('',#8034,#8035,#8036);
#8039=CARTESIAN_POINT('',(-7.7E0,3.8E0,6.089434512191E-13));
#8040=DIRECTION('',(-7.908257382283E-14,0.E0,-1.E0));
#8041=DIRECTION('',(3.996802888651E-14,1.E0,0.E0));
#8042=AXIS2_PLACEMENT_3D('',#8039,#8040,#8041);
#8044=CARTESIAN_POINT('',(7.7E0,3.8E0,-6.079997616482E-13));
#8045=DIRECTION('',(7.895940845604E-14,0.E0,1.E0));
#8046=DIRECTION('',(-5.329070518201E-14,1.E0,0.E0));
#8047=AXIS2_PLACEMENT_3D('',#8044,#8045,#8046);
#8049=CARTESIAN_POINT('',(0.E0,2.E-1,0.E0));
#8050=DIRECTION('',(0.E0,1.E0,0.E0));
#8051=DIRECTION('',(-1.E0,0.E0,0.E0));
#8052=AXIS2_PLACEMENT_3D('',#8049,#8050,#8051);
#8054=DIRECTION('',(0.E0,1.E0,0.E0));
#8055=VECTOR('',#8054,3.6E0);
#8056=CARTESIAN_POINT('',(7.5E0,2.E-1,-7.503181590187E-14));
#8057=LINE('',#8056,#8055);
#8058=CARTESIAN_POINT('',(0.E0,3.8E0,0.E0));
#8059=DIRECTION('',(0.E0,-1.E0,0.E0));
#8060=DIRECTION('',(1.E0,0.E0,0.E0));
#8061=AXIS2_PLACEMENT_3D('',#8058,#8059,#8060);
#8063=CARTESIAN_POINT('',(-7.7E0,2.E-1,-3.479855292809E-13));
#8064=DIRECTION('',(-4.519301599615E-14,0.E0,1.E0));
#8065=DIRECTION('',(2.664535259100E-14,-1.E0,0.E0));
#8066=AXIS2_PLACEMENT_3D('',#8063,#8064,#8065);
#8068=CARTESIAN_POINT('',(7.7E0,2.E-1,3.471112286491E-13));
#8069=DIRECTION('',(4.508025897021E-14,0.E0,-1.E0));
#8070=DIRECTION('',(-2.664535259100E-14,-1.E0,0.E0));
#8071=AXIS2_PLACEMENT_3D('',#8068,#8069,#8070);
#8073=CARTESIAN_POINT('',(0.E0,2.E-1,0.E0));
#8074=DIRECTION('',(0.E0,1.E0,0.E0));
#8075=DIRECTION('',(1.E0,0.E0,0.E0));
#8076=AXIS2_PLACEMENT_3D('',#8073,#8074,#8075);
#8078=DIRECTION('',(0.E0,1.E0,0.E0));
#8079=VECTOR('',#8078,3.6E0);
#8080=CARTESIAN_POINT('',(-7.5E0,2.E-1,7.524408994195E-14));
#8081=LINE('',#8080,#8079);
#8082=CARTESIAN_POINT('',(0.E0,3.8E0,0.E0));
#8083=DIRECTION('',(0.E0,-1.E0,0.E0));
#8084=DIRECTION('',(-1.E0,0.E0,0.E0));
#8085=AXIS2_PLACEMENT_3D('',#8082,#8083,#8084);
#8087=CARTESIAN_POINT('',(-1.03E1,0.E0,0.E0));
#8088=CARTESIAN_POINT('',(1.03E1,0.E0,0.E0));
#8089=VERTEX_POINT('',#8087);
#8090=VERTEX_POINT('',#8088);
#8091=CARTESIAN_POINT('',(-1.05E1,2.E-1,0.E0));
#8092=CARTESIAN_POINT('',(1.05E1,2.E-1,0.E0));
#8093=VERTEX_POINT('',#8091);
#8094=VERTEX_POINT('',#8092);
#8095=CARTESIAN_POINT('',(7.7E0,0.E0,0.E0));
#8096=CARTESIAN_POINT('',(-7.7E0,0.E0,0.E0));
#8097=VERTEX_POINT('',#8095);
#8098=VERTEX_POINT('',#8096);
#8099=CARTESIAN_POINT('',(7.5E0,2.E-1,0.E0));
#8100=CARTESIAN_POINT('',(-7.5E0,2.E-1,0.E0));
#8101=VERTEX_POINT('',#8099);
#8102=VERTEX_POINT('',#8100);
#8103=CARTESIAN_POINT('',(1.03E1,4.E0,0.E0));
#8104=CARTESIAN_POINT('',(-1.03E1,4.E0,0.E0));
#8105=VERTEX_POINT('',#8103);
#8106=VERTEX_POINT('',#8104);
#8107=CARTESIAN_POINT('',(1.05E1,3.8E0,0.E0));
#8108=CARTESIAN_POINT('',(-1.05E1,3.8E0,0.E0));
#8109=VERTEX_POINT('',#8107);
#8110=VERTEX_POINT('',#8108);
#8111=CARTESIAN_POINT('',(-7.7E0,4.E0,0.E0));
#8112=CARTESIAN_POINT('',(7.7E0,4.E0,0.E0));
#8113=VERTEX_POINT('',#8111);
#8114=VERTEX_POINT('',#8112);
#8115=CARTESIAN_POINT('',(-7.5E0,3.8E0,0.E0));
#8116=CARTESIAN_POINT('',(7.5E0,3.8E0,0.E0));
#8117=VERTEX_POINT('',#8115);
#8118=VERTEX_POINT('',#8116);
#8119=CARTESIAN_POINT('',(0.E0,0.E0,0.E0));
#8120=DIRECTION('',(0.E0,1.E0,0.E0));
#8121=DIRECTION('',(1.E0,0.E0,0.E0));
#8122=AXIS2_PLACEMENT_3D('',#8119,#8120,#8121);
#8123=PLANE('',#8122);
#8125=ORIENTED_EDGE('',*,*,#8124,.F.);
#8127=ORIENTED_EDGE('',*,*,#8126,.F.);
#8128=EDGE_LOOP('',(#8125,#8127));
#8129=FACE_OUTER_BOUND('',#8128,.F.);
#8131=ORIENTED_EDGE('',*,*,#8130,.F.);
#8133=ORIENTED_EDGE('',*,*,#8132,.F.);
#8134=EDGE_LOOP('',(#8131,#8133));
#8135=FACE_BOUND('',#8134,.F.);
#8136=ADVANCED_FACE('',(#8129,#8135),#8123,.F.);
#8137=CARTESIAN_POINT('',(0.E0,2.E-1,0.E0));
#8138=DIRECTION('',(0.E0,1.E0,0.E0));
#8139=DIRECTION('',(-9.999805696769E-1,0.E0,6.233800499622E-3));
#8140=AXIS2_PLACEMENT_3D('',#8137,#8138,#8139);
#8141=TOROIDAL_SURFACE('',#8140,1.03E1,2.E-1);
#8142=ORIENTED_EDGE('',*,*,#8124,.T.);
#8144=ORIENTED_EDGE('',*,*,#8143,.T.);
#8146=ORIENTED_EDGE('',*,*,#8145,.F.);
#8148=ORIENTED_EDGE('',*,*,#8147,.F.);
#8149=EDGE_LOOP('',(#8142,#8144,#8146,#8148));
#8150=FACE_OUTER_BOUND('',#8149,.F.);
#8151=ADVANCED_FACE('',(#8150),#8141,.T.);
#8152=CARTESIAN_POINT('',(0.E0,2.E-1,0.E0));
#8153=DIRECTION('',(0.E0,1.E0,0.E0));
#8154=DIRECTION('',(9.999805696769E-1,0.E0,-6.233800499622E-3));
#8155=AXIS2_PLACEMENT_3D('',#8152,#8153,#8154);
#8156=TOROIDAL_SURFACE('',#8155,1.03E1,2.E-1);
#8157=ORIENTED_EDGE('',*,*,#8126,.T.);
#8158=ORIENTED_EDGE('',*,*,#8147,.T.);
#8160=ORIENTED_EDGE('',*,*,#8159,.F.);
#8161=ORIENTED_EDGE('',*,*,#8143,.F.);
#8162=EDGE_LOOP('',(#8157,#8158,#8160,#8161));
#8163=FACE_OUTER_BOUND('',#8162,.F.);
#8164=ADVANCED_FACE('',(#8163),#8156,.T.);
#8165=CARTESIAN_POINT('',(0.E0,0.E0,0.E0));
#8166=DIRECTION('',(0.E0,1.E0,0.E0));
#8167=DIRECTION('',(1.E0,0.E0,0.E0));
#8168=AXIS2_PLACEMENT_3D('',#8165,#8166,#8167);
#8169=CYLINDRICAL_SURFACE('',#8168,1.05E1);
#8170=ORIENTED_EDGE('',*,*,#8159,.T.);
#8172=ORIENTED_EDGE('',*,*,#8171,.T.);
#8174=ORIENTED_EDGE('',*,*,#8173,.T.);
#8176=ORIENTED_EDGE('',*,*,#8175,.F.);
#8177=EDGE_LOOP('',(#8170,#8172,#8174,#8176));
#8178=FACE_OUTER_BOUND('',#8177,.F.);
#8179=ADVANCED_FACE('',(#8178),#8169,.T.);
#8180=CARTESIAN_POINT('',(0.E0,0.E0,0.E0));
#8181=DIRECTION('',(0.E0,1.E0,0.E0));
#8182=DIRECTION('',(1.E0,0.E0,0.E0));
#8183=AXIS2_PLACEMENT_3D('',#8180,#8181,#8182);
#8184=CYLINDRICAL_SURFACE('',#8183,1.05E1);
#8185=ORIENTED_EDGE('',*,*,#8145,.T.);
#8186=ORIENTED_EDGE('',*,*,#8175,.T.);
#8188=ORIENTED_EDGE('',*,*,#8187,.T.);
#8189=ORIENTED_EDGE('',*,*,#8171,.F.);
#8190=EDGE_LOOP('',(#8185,#8186,#8188,#8189));
#8191=FACE_OUTER_BOUND('',#8190,.F.);
#8192=ADVANCED_FACE('',(#8191),#8184,.T.);
#8193=CARTESIAN_POINT('',(0.E0,3.8E0,0.E0));
#8194=DIRECTION('',(0.E0,1.E0,0.E0));
#8195=DIRECTION('',(9.999903713759E-1,0.E0,4.388297565822E-3));
#8196=AXIS2_PLACEMENT_3D('',#8193,#8194,#8195);
#8197=TOROIDAL_SURFACE('',#8196,1.03E1,2.E-1);
#8199=ORIENTED_EDGE('',*,*,#8198,.T.);
#8201=ORIENTED_EDGE('',*,*,#8200,.T.);
#8202=ORIENTED_EDGE('',*,*,#8187,.F.);
#8204=ORIENTED_EDGE('',*,*,#8203,.F.);
#8205=EDGE_LOOP('',(#8199,#8201,#8202,#8204));
#8206=FACE_OUTER_BOUND('',#8205,.F.);
#8207=ADVANCED_FACE('',(#8206),#8197,.T.);
#8208=CARTESIAN_POINT('',(0.E0,4.E0,0.E0));
#8209=DIRECTION('',(0.E0,1.E0,0.E0));
#8210=DIRECTION('',(1.E0,0.E0,0.E0));
#8211=AXIS2_PLACEMENT_3D('',#8208,#8209,#8210);
#8212=PLANE('',#8211);
#8213=ORIENTED_EDGE('',*,*,#8198,.F.);
#8215=ORIENTED_EDGE('',*,*,#8214,.F.);
#8216=EDGE_LOOP('',(#8213,#8215));
#8217=FACE_OUTER_BOUND('',#8216,.F.);
#8219=ORIENTED_EDGE('',*,*,#8218,.F.);
#8221=ORIENTED_EDGE('',*,*,#8220,.F.);
#8222=EDGE_LOOP('',(#8219,#8221));
#8223=FACE_BOUND('',#8222,.F.);
#8224=ADVANCED_FACE('',(#8217,#8223),#8212,.T.);
#8225=CARTESIAN_POINT('',(0.E0,3.8E0,0.E0));
#8226=DIRECTION('',(0.E0,1.E0,0.E0));
#8227=DIRECTION('',(-9.999903713759E-1,0.E0,-4.388297565822E-3));
#8228=AXIS2_PLACEMENT_3D('',#8225,#8226,#8227);
#8229=TOROIDAL_SURFACE('',#8228,1.03E1,2.E-1);
#8230=ORIENTED_EDGE('',*,*,#8214,.T.);
#8231=ORIENTED_EDGE('',*,*,#8203,.T.);
#8232=ORIENTED_EDGE('',*,*,#8173,.F.);
#8233=ORIENTED_EDGE('',*,*,#8200,.F.);
#8234=EDGE_LOOP('',(#8230,#8231,#8232,#8233));
#8235=FACE_OUTER_BOUND('',#8234,.F.);
#8236=ADVANCED_FACE('',(#8235),#8229,.T.);
#8237=CARTESIAN_POINT('',(0.E0,3.8E0,0.E0));
#8238=DIRECTION('',(0.E0,1.E0,0.E0));
#8239=DIRECTION('',(-9.999619166851E-1,0.E0,8.727266435364E-3));
#8240=AXIS2_PLACEMENT_3D('',#8237,#8238,#8239);
#8241=TOROIDAL_SURFACE('',#8240,7.7E0,2.E-1);
#8242=ORIENTED_EDGE('',*,*,#8218,.T.);
#8244=ORIENTED_EDGE('',*,*,#8243,.T.);
#8246=ORIENTED_EDGE('',*,*,#8245,.F.);
#8248=ORIENTED_EDGE('',*,*,#8247,.F.);
#8249=EDGE_LOOP('',(#8242,#8244,#8246,#8248));
#8250=FACE_OUTER_BOUND('',#8249,.F.);
#8251=ADVANCED_FACE('',(#8250),#8241,.T.);
#8252=CARTESIAN_POINT('',(0.E0,3.8E0,0.E0));
#8253=DIRECTION('',(0.E0,1.E0,0.E0));
#8254=DIRECTION('',(9.999619166851E-1,0.E0,-8.727266435364E-3));
#8255=AXIS2_PLACEMENT_3D('',#8252,#8253,#8254);
#8256=TOROIDAL_SURFACE('',#8255,7.7E0,2.E-1);
#8257=ORIENTED_EDGE('',*,*,#8220,.T.);
#8258=ORIENTED_EDGE('',*,*,#8247,.T.);
#8260=ORIENTED_EDGE('',*,*,#8259,.F.);
#8261=ORIENTED_EDGE('',*,*,#8243,.F.);
#8262=EDGE_LOOP('',(#8257,#8258,#8260,#8261));
#8263=FACE_OUTER_BOUND('',#8262,.F.);
#8264=ADVANCED_FACE('',(#8263),#8256,.T.);
#8265=CARTESIAN_POINT('',(0.E0,0.E0,0.E0));
#8266=DIRECTION('',(0.E0,1.E0,0.E0));
#8267=DIRECTION('',(1.E0,0.E0,0.E0));
#8268=AXIS2_PLACEMENT_3D('',#8265,#8266,#8267);
#8269=CYLINDRICAL_SURFACE('',#8268,7.5E0);
#8271=ORIENTED_EDGE('',*,*,#8270,.T.);
#8273=ORIENTED_EDGE('',*,*,#8272,.T.);
#8274=ORIENTED_EDGE('',*,*,#8259,.T.);
#8276=ORIENTED_EDGE('',*,*,#8275,.F.);
#8277=EDGE_LOOP('',(#8271,#8273,#8274,#8276));
#8278=FACE_OUTER_BOUND('',#8277,.F.);
#8279=ADVANCED_FACE('',(#8278),#8269,.F.);
#8280=CARTESIAN_POINT('',(0.E0,2.E-1,0.E0));
#8281=DIRECTION('',(0.E0,1.E0,0.E0));
#8282=DIRECTION('',(-9.999811279258E-1,0.E0,-6.143597662650E-3));
#8283=AXIS2_PLACEMENT_3D('',#8280,#8281,#8282);
#8284=TOROIDAL_SURFACE('',#8283,7.7E0,2.E-1);
#8285=ORIENTED_EDGE('',*,*,#8132,.T.);
#8287=ORIENTED_EDGE('',*,*,#8286,.T.);
#8288=ORIENTED_EDGE('',*,*,#8270,.F.);
#8290=ORIENTED_EDGE('',*,*,#8289,.F.);
#8291=EDGE_LOOP('',(#8285,#8287,#8288,#8290));
#8292=FACE_OUTER_BOUND('',#8291,.F.);
#8293=ADVANCED_FACE('',(#8292),#8284,.T.);
#8294=CARTESIAN_POINT('',(0.E0,2.E-1,0.E0));
#8295=DIRECTION('',(0.E0,1.E0,0.E0));
#8296=DIRECTION('',(9.999811279258E-1,0.E0,6.143597662650E-3));
#8297=AXIS2_PLACEMENT_3D('',#8294,#8295,#8296);
#8298=TOROIDAL_SURFACE('',#8297,7.7E0,2.E-1);
#8299=ORIENTED_EDGE('',*,*,#8130,.T.);
#8300=ORIENTED_EDGE('',*,*,#8289,.T.);
#8302=ORIENTED_EDGE('',*,*,#8301,.F.);
#8303=ORIENTED_EDGE('',*,*,#8286,.F.);
#8304=EDGE_LOOP('',(#8299,#8300,#8302,#8303));
#8305=FACE_OUTER_BOUND('',#8304,.F.);
#8306=ADVANCED_FACE('',(#8305),#8298,.T.);
#8307=CARTESIAN_POINT('',(0.E0,0.E0,0.E0));
#8308=DIRECTION('',(0.E0,1.E0,0.E0));
#8309=DIRECTION('',(1.E0,0.E0,0.E0));
#8310=AXIS2_PLACEMENT_3D('',#8307,#8308,#8309);
#8311=CYLINDRICAL_SURFACE('',#8310,7.5E0);
#8312=ORIENTED_EDGE('',*,*,#8301,.T.);
#8313=ORIENTED_EDGE('',*,*,#8275,.T.);
#8314=ORIENTED_EDGE('',*,*,#8245,.T.);
#8315=ORIENTED_EDGE('',*,*,#8272,.F.);
#8316=EDGE_LOOP('',(#8312,#8313,#8314,#8315));
#8317=FACE_OUTER_BOUND('',#8316,.F.);
#8318=ADVANCED_FACE('',(#8317),#8311,.F.);
#8319=CLOSED_SHELL('',(#8136,#8151,#8164,#8179,#8192,#8207,#8224,#8236,#8251,
#8264,#8279,#8293,#8306,#8318));
#8320=MANIFOLD_SOLID_BREP('',#8319);
#8322=DIMENSIONAL_EXPONENTS(0.E0,0.E0,0.E0,0.E0,0.E0,0.E0,0.E0);
#8324=PLANE_ANGLE_MEASURE_WITH_UNIT(PLANE_ANGLE_MEASURE(1.745329251994E-2),
#8323);
#8325=(CONVERSION_BASED_UNIT('DEGREE',#8324)NAMED_UNIT(*)PLANE_ANGLE_UNIT());
#8327=UNCERTAINTY_MEASURE_WITH_UNIT(LENGTH_MEASURE(2.996544946162E-3),#8321,
'closure',
'Maximum model space distance between geometric entities at asserted connectivities');
#8328=(GEOMETRIC_REPRESENTATION_CONTEXT(3)GLOBAL_UNCERTAINTY_ASSIGNED_CONTEXT((
#8327))GLOBAL_UNIT_ASSIGNED_CONTEXT((#8321,#8325,#8326))REPRESENTATION_CONTEXT(
'ID3','3'));
#8329=CARTESIAN_POINT('',(0.E0,0.E0,0.E0));
#8330=DIRECTION('',(0.E0,0.E0,1.E0));
#8331=DIRECTION('',(1.E0,0.E0,0.E0));
#8334=DESIGN_CONTEXT('',#5392,'design');
#8335=MECHANICAL_CONTEXT('',#5392,'mechanical');
#8336=PRODUCT('BEARING_6702ZZ','BEARING_6702ZZ','NOT SPECIFIED',(#8335));
#8337=PRODUCT_DEFINITION_FORMATION_WITH_SPECIFIED_SOURCE('3','LAST_VERSION',
#8336,.MADE.);
#8343=CARTESIAN_POINT('',(0.E0,5.E-1,0.E0));
#8344=DIRECTION('',(0.E0,0.E0,1.E0));
#8345=DIRECTION('',(1.E0,0.E0,0.E0));
#8346=AXIS2_PLACEMENT_3D('',#8343,#8344,#8345);
#8347=ITEM_DEFINED_TRANSFORMATION('','',#8332,#8346);
#8348=(REPRESENTATION_RELATIONSHIP('','',#8333,#5403)REPRESENTATION_RELATIONSHIP_WITH_TRANSFORMATION(#8347)SHAPE_REPRESENTATION_RELATIONSHIP());
#8349=CONTEXT_DEPENDENT_SHAPE_REPRESENTATION(#8348,#8342);
#8350=CARTESIAN_POINT('',(0.E0,0.E0,-8.E0));
#8351=DIRECTION('',(0.E0,0.E0,1.E0));
#8352=DIRECTION('',(-1.E0,0.E0,0.E0));
#8353=AXIS2_PLACEMENT_3D('',#8350,#8351,#8352);
#8355=CARTESIAN_POINT('',(0.E0,0.E0,-8.E0));
#8356=DIRECTION('',(0.E0,0.E0,1.E0));
#8357=DIRECTION('',(1.E0,0.E0,0.E0));
#8358=AXIS2_PLACEMENT_3D('',#8355,#8356,#8357);
#8360=CARTESIAN_POINT('',(0.E0,0.E0,-7.775E0));
#8361=DIRECTION('',(0.E0,0.E0,-1.E0));
#8362=DIRECTION('',(0.E0,-1.E0,0.E0));
#8363=AXIS2_PLACEMENT_3D('',#8360,#8361,#8362);
#8365=CARTESIAN_POINT('',(0.E0,0.E0,-7.775E0));
#8366=DIRECTION('',(0.E0,0.E0,-1.E0));
#8367=DIRECTION('',(1.E0,0.E0,0.E0));
#8368=AXIS2_PLACEMENT_3D('',#8365,#8366,#8367);
#8370=DIRECTION('',(-7.071067811865E-1,0.E0,-7.071067811865E-1));
#8371=VECTOR('',#8370,3.181980515339E-1);
#8372=CARTESIAN_POINT('',(1.25E0,0.E0,-7.775E0));
#8373=LINE('',#8372,#8371);
#8374=CARTESIAN_POINT('',(0.E0,0.E0,-7.775E0));
#8375=DIRECTION('',(0.E0,0.E0,-1.E0));
#8376=DIRECTION('',(0.E0,1.E0,0.E0));
#8377=AXIS2_PLACEMENT_3D('',#8374,#8375,#8376);
#8379=CARTESIAN_POINT('',(0.E0,0.E0,-7.775E0));
#8380=DIRECTION('',(0.E0,0.E0,-1.E0));
#8381=DIRECTION('',(-1.E0,0.E0,0.E0));
#8382=AXIS2_PLACEMENT_3D('',#8379,#8380,#8381);
#8384=DIRECTION('',(7.071067811865E-1,0.E0,-7.071067811865E-1));
#8385=VECTOR('',#8384,3.181980515339E-1);
#8386=CARTESIAN_POINT('',(-1.25E0,0.E0,-7.775E0));
#8387=LINE('',#8386,#8385);
#8388=DIRECTION('',(0.E0,0.E0,1.E0));
#8389=VECTOR('',#8388,7.775E0);
#8390=CARTESIAN_POINT('',(0.E0,1.25E0,-7.775E0));
#8391=LINE('',#8390,#8389);
#8392=DIRECTION('',(0.E0,0.E0,1.E0));
#8393=VECTOR('',#8392,7.775E0);
#8394=CARTESIAN_POINT('',(0.E0,-1.25E0,-7.775E0));
#8395=LINE('',#8394,#8393);
#8396=CARTESIAN_POINT('',(0.E0,0.E0,0.E0));
#8397=DIRECTION('',(0.E0,0.E0,-1.E0));
#8398=DIRECTION('',(0.E0,1.E0,0.E0));
#8399=AXIS2_PLACEMENT_3D('',#8396,#8397,#8398);
#8401=CARTESIAN_POINT('',(0.E0,0.E0,0.E0));
#8402=DIRECTION('',(0.E0,0.E0,1.E0));
#8403=DIRECTION('',(0.E0,1.E0,0.E0));
#8404=AXIS2_PLACEMENT_3D('',#8401,#8402,#8403);
#8406=DIRECTION('',(0.E0,0.E0,1.E0));
#8407=VECTOR('',#8406,2.375E0);
#8408=CARTESIAN_POINT('',(0.E0,-2.25E0,0.E0));
#8409=LINE('',#8408,#8407);
#8410=CARTESIAN_POINT('',(0.E0,0.E0,0.E0));
#8411=DIRECTION('',(0.E0,0.E0,1.E0));
#8412=DIRECTION('',(0.E0,1.E0,0.E0));
#8413=AXIS2_PLACEMENT_3D('',#8410,#8411,#8412);
#8415=DIRECTION('',(0.E0,0.E0,1.E0));
#8416=VECTOR('',#8415,2.375E0);
#8417=CARTESIAN_POINT('',(0.E0,2.25E0,0.E0));
#8418=LINE('',#8417,#8416);
#8419=CARTESIAN_POINT('',(0.E0,0.E0,2.375E0));
#8420=DIRECTION('',(0.E0,0.E0,-1.E0));
#8421=DIRECTION('',(1.E0,0.E0,0.E0));
#8422=AXIS2_PLACEMENT_3D('',#8419,#8420,#8421);
#8424=CARTESIAN_POINT('',(0.E0,0.E0,2.375E0));
#8425=DIRECTION('',(0.E0,0.E0,-1.E0));
#8426=DIRECTION('',(0.E0,-1.E0,0.E0));
#8427=AXIS2_PLACEMENT_3D('',#8424,#8425,#8426);
#8429=CARTESIAN_POINT('',(0.E0,0.E0,0.E0));
#8430=DIRECTION('',(0.E0,0.E0,-1.E0));
#8431=DIRECTION('',(0.E0,1.E0,0.E0));
#8432=AXIS2_PLACEMENT_3D('',#8429,#8430,#8431);
#8434=CARTESIAN_POINT('',(0.E0,0.E0,2.375E0));
#8435=DIRECTION('',(0.E0,0.E0,-1.E0));
#8436=DIRECTION('',(0.E0,1.E0,0.E0));
#8437=AXIS2_PLACEMENT_3D('',#8434,#8435,#8436);
#8439=DIRECTION('',(8.660254037844E-1,0.E0,-5.E-1));
#8440=VECTOR('',#8439,2.5E-1);
#8441=CARTESIAN_POINT('',(2.033493649054E0,0.E0,2.5E0));
#8442=LINE('',#8441,#8440);
#8443=DIRECTION('',(-8.660254037844E-1,0.E0,-5.E-1));
#8444=VECTOR('',#8443,2.5E-1);
#8445=CARTESIAN_POINT('',(-2.033493649054E0,0.E0,2.5E0));
#8446=LINE('',#8445,#8444);
#8447=CARTESIAN_POINT('',(0.E0,0.E0,2.375E0));
#8448=DIRECTION('',(0.E0,0.E0,-1.E0));
#8449=DIRECTION('',(-1.E0,0.E0,0.E0));
#8450=AXIS2_PLACEMENT_3D('',#8447,#8448,#8449);
#8452=DIRECTION('',(-8.660254037844E-1,-5.E-1,0.E0));
#8453=VECTOR('',#8452,1.154700538379E0);
#8454=CARTESIAN_POINT('',(0.E0,1.154700538379E0,2.5E0));
#8455=LINE('',#8454,#8453);
#8456=DIRECTION('',(0.E0,-1.E0,0.E0));
#8457=VECTOR('',#8456,1.154700538379E0);
#8458=CARTESIAN_POINT('',(-1.E0,5.773502691896E-1,2.5E0));
#8459=LINE('',#8458,#8457);
#8460=DIRECTION('',(8.660254037844E-1,-5.E-1,0.E0));
#8461=VECTOR('',#8460,1.154700538379E0);
#8462=CARTESIAN_POINT('',(-1.E0,-5.773502691896E-1,2.5E0));
#8463=LINE('',#8462,#8461);
#8464=DIRECTION('',(8.660254037844E-1,5.E-1,0.E0));
#8465=VECTOR('',#8464,1.154700538379E0);
#8466=CARTESIAN_POINT('',(0.E0,-1.154700538379E0,2.5E0));
#8467=LINE('',#8466,#8465);
#8468=DIRECTION('',(0.E0,1.E0,0.E0));
#8469=VECTOR('',#8468,1.154700538379E0);
#8470=CARTESIAN_POINT('',(1.E0,-5.773502691896E-1,2.5E0));
#8471=LINE('',#8470,#8469);
#8472=DIRECTION('',(-8.660254037844E-1,5.E-1,0.E0));
#8473=VECTOR('',#8472,1.154700538379E0);
#8474=CARTESIAN_POINT('',(1.E0,5.773502691896E-1,2.5E0));
#8475=LINE('',#8474,#8473);
#8476=CARTESIAN_POINT('',(0.E0,0.E0,2.5E0));
#8477=DIRECTION('',(0.E0,0.E0,1.E0));
#8478=DIRECTION('',(-1.E0,0.E0,0.E0));
#8479=AXIS2_PLACEMENT_3D('',#8476,#8477,#8478);
#8481=CARTESIAN_POINT('',(0.E0,0.E0,2.5E0));
#8482=DIRECTION('',(0.E0,0.E0,1.E0));
#8483=DIRECTION('',(1.E0,0.E0,0.E0));
#8484=AXIS2_PLACEMENT_3D('',#8481,#8482,#8483);
#8486=DIRECTION('',(0.E0,0.E0,-1.E0));
#8487=VECTOR('',#8486,1.25E0);
#8488=CARTESIAN_POINT('',(0.E0,1.154700538379E0,2.5E0));
#8489=LINE('',#8488,#8487);
#8490=DIRECTION('',(0.E0,0.E0,-1.E0));
#8491=VECTOR('',#8490,1.25E0);
#8492=CARTESIAN_POINT('',(1.E0,5.773502691896E-1,2.5E0));
#8493=LINE('',#8492,#8491);
#8494=DIRECTION('',(0.E0,0.E0,-1.E0));
#8495=VECTOR('',#8494,1.25E0);
#8496=CARTESIAN_POINT('',(1.E0,-5.773502691896E-1,2.5E0));
#8497=LINE('',#8496,#8495);
#8498=DIRECTION('',(0.E0,0.E0,-1.E0));
#8499=VECTOR('',#8498,1.25E0);
#8500=CARTESIAN_POINT('',(0.E0,-1.154700538379E0,2.5E0));
#8501=LINE('',#8500,#8499);
#8502=DIRECTION('',(0.E0,0.E0,-1.E0));
#8503=VECTOR('',#8502,1.25E0);
#8504=CARTESIAN_POINT('',(-1.E0,-5.773502691896E-1,2.5E0));
#8505=LINE('',#8504,#8503);
#8506=DIRECTION('',(0.E0,0.E0,-1.E0));
#8507=VECTOR('',#8506,1.25E0);
#8508=CARTESIAN_POINT('',(-1.E0,5.773502691896E-1,2.5E0));
#8509=LINE('',#8508,#8507);
#8510=DIRECTION('',(-8.660254037844E-1,-5.E-1,0.E0));
#8511=VECTOR('',#8510,1.154700538379E0);
#8512=CARTESIAN_POINT('',(0.E0,1.154700538379E0,1.25E0));
#8513=LINE('',#8512,#8511);
#8514=DIRECTION('',(-8.660254037844E-1,5.E-1,0.E0));
#8515=VECTOR('',#8514,1.154700538379E0);
#8516=CARTESIAN_POINT('',(1.E0,5.773502691896E-1,1.25E0));
#8517=LINE('',#8516,#8515);
#8518=DIRECTION('',(0.E0,1.E0,0.E0));
#8519=VECTOR('',#8518,1.154700538379E0);
#8520=CARTESIAN_POINT('',(1.E0,-5.773502691896E-1,1.25E0));
#8521=LINE('',#8520,#8519);
#8522=DIRECTION('',(8.660254037844E-1,5.E-1,0.E0));
#8523=VECTOR('',#8522,1.154700538379E0);
#8524=CARTESIAN_POINT('',(0.E0,-1.154700538379E0,1.25E0));
#8525=LINE('',#8524,#8523);
#8526=DIRECTION('',(8.660254037844E-1,-5.E-1,0.E0));
#8527=VECTOR('',#8526,1.154700538379E0);
#8528=CARTESIAN_POINT('',(-1.E0,-5.773502691896E-1,1.25E0));
#8529=LINE('',#8528,#8527);
#8530=DIRECTION('',(0.E0,-1.E0,0.E0));
#8531=VECTOR('',#8530,1.154700538379E0);
#8532=CARTESIAN_POINT('',(-1.E0,5.773502691896E-1,1.25E0));
#8533=LINE('',#8532,#8531);
#8534=CARTESIAN_POINT('',(0.E0,1.25E0,0.E0));
#8535=CARTESIAN_POINT('',(0.E0,-1.25E0,0.E0));
#8536=VERTEX_POINT('',#8534);
#8537=VERTEX_POINT('',#8535);
#8538=CARTESIAN_POINT('',(0.E0,2.25E0,0.E0));
#8539=CARTESIAN_POINT('',(0.E0,-2.25E0,0.E0));
#8540=VERTEX_POINT('',#8538);
#8541=VERTEX_POINT('',#8539);
#8542=CARTESIAN_POINT('',(0.E0,1.154700538379E0,1.25E0));
#8543=CARTESIAN_POINT('',(-1.E0,5.773502691896E-1,1.25E0));
#8544=VERTEX_POINT('',#8542);
#8545=VERTEX_POINT('',#8543);
#8546=CARTESIAN_POINT('',(-1.E0,-5.773502691896E-1,1.25E0));
#8547=VERTEX_POINT('',#8546);
#8548=CARTESIAN_POINT('',(0.E0,-1.154700538379E0,1.25E0));
#8549=VERTEX_POINT('',#8548);
#8550=CARTESIAN_POINT('',(1.E0,-5.773502691896E-1,1.25E0));
#8551=VERTEX_POINT('',#8550);
#8552=CARTESIAN_POINT('',(1.E0,5.773502691896E-1,1.25E0));
#8553=VERTEX_POINT('',#8552);
#8554=CARTESIAN_POINT('',(0.E0,1.154700538379E0,2.5E0));
#8555=CARTESIAN_POINT('',(-1.E0,5.773502691896E-1,2.5E0));
#8556=VERTEX_POINT('',#8554);
#8557=VERTEX_POINT('',#8555);
#8558=CARTESIAN_POINT('',(-1.E0,-5.773502691896E-1,2.5E0));
#8559=VERTEX_POINT('',#8558);
#8560=CARTESIAN_POINT('',(0.E0,-1.154700538379E0,2.5E0));
#8561=VERTEX_POINT('',#8560);
#8562=CARTESIAN_POINT('',(1.E0,-5.773502691896E-1,2.5E0));
#8563=VERTEX_POINT('',#8562);
#8564=CARTESIAN_POINT('',(1.E0,5.773502691896E-1,2.5E0));
#8565=VERTEX_POINT('',#8564);
#8566=CARTESIAN_POINT('',(2.25E0,0.E0,2.375E0));
#8567=CARTESIAN_POINT('',(0.E0,-2.25E0,2.375E0));
#8568=VERTEX_POINT('',#8566);
#8569=VERTEX_POINT('',#8567);
#8570=CARTESIAN_POINT('',(0.E0,2.25E0,2.375E0));
#8571=VERTEX_POINT('',#8570);
#8572=CARTESIAN_POINT('',(-2.033493649054E0,0.E0,2.5E0));
#8573=CARTESIAN_POINT('',(2.033493649054E0,0.E0,2.5E0));
#8574=VERTEX_POINT('',#8572);
#8575=VERTEX_POINT('',#8573);
#8576=CARTESIAN_POINT('',(-2.25E0,0.E0,2.375E0));
#8577=VERTEX_POINT('',#8576);
#8578=CARTESIAN_POINT('',(-1.025E0,0.E0,-8.E0));
#8579=CARTESIAN_POINT('',(1.025E0,0.E0,-8.E0));
#8580=VERTEX_POINT('',#8578);
#8581=VERTEX_POINT('',#8579);
#8582=CARTESIAN_POINT('',(1.25E0,0.E0,-7.775E0));
#8583=CARTESIAN_POINT('',(0.E0,-1.25E0,-7.775E0));
#8584=VERTEX_POINT('',#8582);
#8585=VERTEX_POINT('',#8583);
#8586=CARTESIAN_POINT('',(0.E0,1.25E0,-7.775E0));
#8587=VERTEX_POINT('',#8586);
#8588=CARTESIAN_POINT('',(-1.25E0,0.E0,-7.775E0));
#8589=VERTEX_POINT('',#8588);
#8590=CARTESIAN_POINT('',(0.E0,0.E0,-8.E0));
#8591=DIRECTION('',(0.E0,0.E0,-1.E0));
#8592=DIRECTION('',(0.E0,-1.E0,0.E0));
#8593=AXIS2_PLACEMENT_3D('',#8590,#8591,#8592);
#8594=PLANE('',#8593);
#8596=ORIENTED_EDGE('',*,*,#8595,.T.);
#8598=ORIENTED_EDGE('',*,*,#8597,.T.);
#8599=EDGE_LOOP('',(#8596,#8598));
#8600=FACE_OUTER_BOUND('',#8599,.F.);
#8601=ADVANCED_FACE('',(#8600),#8594,.T.);
#8602=CARTESIAN_POINT('',(0.E0,0.E0,-7.8875E0));
#8603=DIRECTION('',(0.E0,0.E0,1.E0));
#8604=DIRECTION('',(-1.E0,0.E0,0.E0));
#8605=AXIS2_PLACEMENT_3D('',#8602,#8603,#8604);
#8606=CONICAL_SURFACE('',#8605,1.1375E0,4.5E1);
#8607=ORIENTED_EDGE('',*,*,#8595,.F.);
#8609=ORIENTED_EDGE('',*,*,#8608,.F.);
#8611=ORIENTED_EDGE('',*,*,#8610,.F.);
#8613=ORIENTED_EDGE('',*,*,#8612,.F.);
#8615=ORIENTED_EDGE('',*,*,#8614,.T.);
#8616=EDGE_LOOP('',(#8607,#8609,#8611,#8613,#8615));
#8617=FACE_OUTER_BOUND('',#8616,.F.);
#8618=ADVANCED_FACE('',(#8617),#8606,.T.);
#8619=CARTESIAN_POINT('',(0.E0,0.E0,-7.8875E0));
#8620=DIRECTION('',(0.E0,0.E0,1.E0));
#8621=DIRECTION('',(-1.E0,0.E0,0.E0));
#8622=AXIS2_PLACEMENT_3D('',#8619,#8620,#8621);
#8623=CONICAL_SURFACE('',#8622,1.1375E0,4.5E1);
#8624=ORIENTED_EDGE('',*,*,#8597,.F.);
#8625=ORIENTED_EDGE('',*,*,#8614,.F.);
#8627=ORIENTED_EDGE('',*,*,#8626,.F.);
#8629=ORIENTED_EDGE('',*,*,#8628,.F.);
#8630=ORIENTED_EDGE('',*,*,#8608,.T.);
#8631=EDGE_LOOP('',(#8624,#8625,#8627,#8629,#8630));
#8632=FACE_OUTER_BOUND('',#8631,.F.);
#8633=ADVANCED_FACE('',(#8632),#8623,.T.);
#8634=CARTESIAN_POINT('',(0.E0,0.E0,3.025E0));
#8635=DIRECTION('',(0.E0,0.E0,-1.E0));
#8636=DIRECTION('',(0.E0,-1.E0,0.E0));
#8637=AXIS2_PLACEMENT_3D('',#8634,#8635,#8636);
#8638=CYLINDRICAL_SURFACE('',#8637,1.25E0);
#8639=ORIENTED_EDGE('',*,*,#8612,.T.);
#8641=ORIENTED_EDGE('',*,*,#8640,.T.);
#8643=ORIENTED_EDGE('',*,*,#8642,.F.);
#8645=ORIENTED_EDGE('',*,*,#8644,.F.);
#8646=ORIENTED_EDGE('',*,*,#8626,.T.);
#8647=EDGE_LOOP('',(#8639,#8641,#8643,#8645,#8646));
#8648=FACE_OUTER_BOUND('',#8647,.F.);
#8649=ADVANCED_FACE('',(#8648),#8638,.T.);
#8650=CARTESIAN_POINT('',(0.E0,0.E0,3.025E0));
#8651=DIRECTION('',(0.E0,0.E0,-1.E0));
#8652=DIRECTION('',(0.E0,-1.E0,0.E0));
#8653=AXIS2_PLACEMENT_3D('',#8650,#8651,#8652);
#8654=CYLINDRICAL_SURFACE('',#8653,1.25E0);
#8655=ORIENTED_EDGE('',*,*,#8610,.T.);
#8656=ORIENTED_EDGE('',*,*,#8628,.T.);
#8657=ORIENTED_EDGE('',*,*,#8644,.T.);
#8659=ORIENTED_EDGE('',*,*,#8658,.T.);
#8660=ORIENTED_EDGE('',*,*,#8640,.F.);
#8661=EDGE_LOOP('',(#8655,#8656,#8657,#8659,#8660));
#8662=FACE_OUTER_BOUND('',#8661,.F.);
#8663=ADVANCED_FACE('',(#8662),#8654,.T.);
#8664=CARTESIAN_POINT('',(0.E0,0.E0,0.E0));
#8665=DIRECTION('',(0.E0,0.E0,-1.E0));
#8666=DIRECTION('',(0.E0,-1.E0,0.E0));
#8667=AXIS2_PLACEMENT_3D('',#8664,#8665,#8666);
#8668=PLANE('',#8667);
#8670=ORIENTED_EDGE('',*,*,#8669,.T.);
#8672=ORIENTED_EDGE('',*,*,#8671,.F.);
#8673=EDGE_LOOP('',(#8670,#8672));
#8674=FACE_OUTER_BOUND('',#8673,.F.);
#8675=ORIENTED_EDGE('',*,*,#8642,.T.);
#8676=ORIENTED_EDGE('',*,*,#8658,.F.);
#8677=EDGE_LOOP('',(#8675,#8676));
#8678=FACE_BOUND('',#8677,.F.);
#8679=ADVANCED_FACE('',(#8674,#8678),#8668,.T.);
#8680=CARTESIAN_POINT('',(0.E0,0.E0,3.025E0));
#8681=DIRECTION('',(0.E0,0.E0,-1.E0));
#8682=DIRECTION('',(0.E0,-1.E0,0.E0));
#8683=AXIS2_PLACEMENT_3D('',#8680,#8681,#8682);
#8684=CYLINDRICAL_SURFACE('',#8683,2.25E0);
#8686=ORIENTED_EDGE('',*,*,#8685,.F.);
#8688=ORIENTED_EDGE('',*,*,#8687,.F.);
#8689=ORIENTED_EDGE('',*,*,#8669,.F.);
#8691=ORIENTED_EDGE('',*,*,#8690,.T.);
#8693=ORIENTED_EDGE('',*,*,#8692,.F.);
#8694=EDGE_LOOP('',(#8686,#8688,#8689,#8691,#8693));
#8695=FACE_OUTER_BOUND('',#8694,.F.);
#8696=ADVANCED_FACE('',(#8695),#8684,.T.);
#8697=CARTESIAN_POINT('',(0.E0,0.E0,2.4375E0));
#8698=DIRECTION('',(0.E0,0.E0,-1.E0));
#8699=DIRECTION('',(1.E0,0.E0,0.E0));
#8700=AXIS2_PLACEMENT_3D('',#8697,#8698,#8699);
#8701=CONICAL_SURFACE('',#8700,2.141746824527E0,6.E1);
#8703=ORIENTED_EDGE('',*,*,#8702,.T.);
#8704=ORIENTED_EDGE('',*,*,#8685,.T.);
#8706=ORIENTED_EDGE('',*,*,#8705,.F.);
#8708=ORIENTED_EDGE('',*,*,#8707,.T.);
#8710=ORIENTED_EDGE('',*,*,#8709,.T.);
#8711=EDGE_LOOP('',(#8703,#8704,#8706,#8708,#8710));
#8712=FACE_OUTER_BOUND('',#8711,.F.);
#8713=ADVANCED_FACE('',(#8712),#8701,.T.);
#8714=CARTESIAN_POINT('',(0.E0,0.E0,3.025E0));
#8715=DIRECTION('',(0.E0,0.E0,-1.E0));
#8716=DIRECTION('',(0.E0,-1.E0,0.E0));
#8717=AXIS2_PLACEMENT_3D('',#8714,#8715,#8716);
#8718=CYLINDRICAL_SURFACE('',#8717,2.25E0);
#8719=ORIENTED_EDGE('',*,*,#8702,.F.);
#8721=ORIENTED_EDGE('',*,*,#8720,.F.);
#8722=ORIENTED_EDGE('',*,*,#8690,.F.);
#8723=ORIENTED_EDGE('',*,*,#8671,.T.);
#8724=ORIENTED_EDGE('',*,*,#8687,.T.);
#8725=EDGE_LOOP('',(#8719,#8721,#8722,#8723,#8724));
#8726=FACE_OUTER_BOUND('',#8725,.F.);
#8727=ADVANCED_FACE('',(#8726),#8718,.T.);
#8728=CARTESIAN_POINT('',(0.E0,0.E0,2.4375E0));
#8729=DIRECTION('',(0.E0,0.E0,-1.E0));
#8730=DIRECTION('',(1.E0,0.E0,0.E0));
#8731=AXIS2_PLACEMENT_3D('',#8728,#8729,#8730);
#8732=CONICAL_SURFACE('',#8731,2.141746824527E0,6.E1);
#8733=ORIENTED_EDGE('',*,*,#8720,.T.);
#8734=ORIENTED_EDGE('',*,*,#8709,.F.);
#8736=ORIENTED_EDGE('',*,*,#8735,.T.);
#8737=ORIENTED_EDGE('',*,*,#8705,.T.);
#8738=ORIENTED_EDGE('',*,*,#8692,.T.);
#8739=EDGE_LOOP('',(#8733,#8734,#8736,#8737,#8738));
#8740=FACE_OUTER_BOUND('',#8739,.F.);
#8741=ADVANCED_FACE('',(#8740),#8732,.T.);
#8742=CARTESIAN_POINT('',(0.E0,0.E0,2.5E0));
#8743=DIRECTION('',(0.E0,0.E0,-1.E0));
#8744=DIRECTION('',(0.E0,-1.E0,0.E0));
#8745=AXIS2_PLACEMENT_3D('',#8742,#8743,#8744);
#8746=PLANE('',#8745);
#8747=ORIENTED_EDGE('',*,*,#8707,.F.);
#8748=ORIENTED_EDGE('',*,*,#8735,.F.);
#8749=EDGE_LOOP('',(#8747,#8748));
#8750=FACE_OUTER_BOUND('',#8749,.F.);
#8752=ORIENTED_EDGE('',*,*,#8751,.T.);
#8754=ORIENTED_EDGE('',*,*,#8753,.T.);
#8756=ORIENTED_EDGE('',*,*,#8755,.T.);
#8758=ORIENTED_EDGE('',*,*,#8757,.T.);
#8760=ORIENTED_EDGE('',*,*,#8759,.T.);
#8762=ORIENTED_EDGE('',*,*,#8761,.T.);
#8763=EDGE_LOOP('',(#8752,#8754,#8756,#8758,#8760,#8762));
#8764=FACE_BOUND('',#8763,.F.);
#8765=ADVANCED_FACE('',(#8750,#8764),#8746,.F.);
#8766=CARTESIAN_POINT('',(0.E0,1.154700538379E0,2.5E0));
#8767=DIRECTION('',(-5.E-1,8.660254037844E-1,0.E0));
#8768=DIRECTION('',(-8.660254037844E-1,-5.E-1,0.E0));
#8769=AXIS2_PLACEMENT_3D('',#8766,#8767,#8768);
#8770=PLANE('',#8769);
#8771=ORIENTED_EDGE('',*,*,#8751,.F.);
#8773=ORIENTED_EDGE('',*,*,#8772,.T.);
#8775=ORIENTED_EDGE('',*,*,#8774,.T.);
#8777=ORIENTED_EDGE('',*,*,#8776,.F.);
#8778=EDGE_LOOP('',(#8771,#8773,#8775,#8777));
#8779=FACE_OUTER_BOUND('',#8778,.F.);
#8780=ADVANCED_FACE('',(#8779),#8770,.F.);
#8781=CARTESIAN_POINT('',(1.E0,5.773502691896E-1,2.5E0));
#8782=DIRECTION('',(5.E-1,8.660254037844E-1,0.E0));
#8783=DIRECTION('',(-8.660254037844E-1,5.E-1,0.E0));
#8784=AXIS2_PLACEMENT_3D('',#8781,#8782,#8783);
#8785=PLANE('',#8784);
#8786=ORIENTED_EDGE('',*,*,#8761,.F.);
#8788=ORIENTED_EDGE('',*,*,#8787,.T.);
#8790=ORIENTED_EDGE('',*,*,#8789,.T.);
#8791=ORIENTED_EDGE('',*,*,#8772,.F.);
#8792=EDGE_LOOP('',(#8786,#8788,#8790,#8791));
#8793=FACE_OUTER_BOUND('',#8792,.F.);
#8794=ADVANCED_FACE('',(#8793),#8785,.F.);
#8795=CARTESIAN_POINT('',(1.E0,-5.773502691896E-1,2.5E0));
#8796=DIRECTION('',(1.E0,0.E0,0.E0));
#8797=DIRECTION('',(0.E0,1.E0,0.E0));
#8798=AXIS2_PLACEMENT_3D('',#8795,#8796,#8797);
#8799=PLANE('',#8798);
#8800=ORIENTED_EDGE('',*,*,#8759,.F.);
#8802=ORIENTED_EDGE('',*,*,#8801,.T.);
#8804=ORIENTED_EDGE('',*,*,#8803,.T.);
#8805=ORIENTED_EDGE('',*,*,#8787,.F.);
#8806=EDGE_LOOP('',(#8800,#8802,#8804,#8805));
#8807=FACE_OUTER_BOUND('',#8806,.F.);
#8808=ADVANCED_FACE('',(#8807),#8799,.F.);
#8809=CARTESIAN_POINT('',(0.E0,-1.154700538379E0,2.5E0));
#8810=DIRECTION('',(5.E-1,-8.660254037844E-1,0.E0));
#8811=DIRECTION('',(8.660254037844E-1,5.E-1,0.E0));
#8812=AXIS2_PLACEMENT_3D('',#8809,#8810,#8811);
#8813=PLANE('',#8812);
#8814=ORIENTED_EDGE('',*,*,#8757,.F.);
#8816=ORIENTED_EDGE('',*,*,#8815,.T.);
#8818=ORIENTED_EDGE('',*,*,#8817,.T.);
#8819=ORIENTED_EDGE('',*,*,#8801,.F.);
#8820=EDGE_LOOP('',(#8814,#8816,#8818,#8819));
#8821=FACE_OUTER_BOUND('',#8820,.F.);
#8822=ADVANCED_FACE('',(#8821),#8813,.F.);
#8823=CARTESIAN_POINT('',(-1.E0,-5.773502691896E-1,2.5E0));
#8824=DIRECTION('',(-5.E-1,-8.660254037844E-1,0.E0));
#8825=DIRECTION('',(8.660254037844E-1,-5.E-1,0.E0));
#8826=AXIS2_PLACEMENT_3D('',#8823,#8824,#8825);
#8827=PLANE('',#8826);
#8828=ORIENTED_EDGE('',*,*,#8755,.F.);
#8830=ORIENTED_EDGE('',*,*,#8829,.T.);
#8832=ORIENTED_EDGE('',*,*,#8831,.T.);
#8833=ORIENTED_EDGE('',*,*,#8815,.F.);
#8834=EDGE_LOOP('',(#8828,#8830,#8832,#8833));
#8835=FACE_OUTER_BOUND('',#8834,.F.);
#8836=ADVANCED_FACE('',(#8835),#8827,.F.);
#8837=CARTESIAN_POINT('',(-1.E0,5.773502691896E-1,2.5E0));
#8838=DIRECTION('',(-1.E0,0.E0,0.E0));
#8839=DIRECTION('',(0.E0,-1.E0,0.E0));
#8840=AXIS2_PLACEMENT_3D('',#8837,#8838,#8839);
#8841=PLANE('',#8840);
#8842=ORIENTED_EDGE('',*,*,#8753,.F.);
#8843=ORIENTED_EDGE('',*,*,#8776,.T.);
#8845=ORIENTED_EDGE('',*,*,#8844,.T.);
#8846=ORIENTED_EDGE('',*,*,#8829,.F.);
#8847=EDGE_LOOP('',(#8842,#8843,#8845,#8846));
#8848=FACE_OUTER_BOUND('',#8847,.F.);
#8849=ADVANCED_FACE('',(#8848),#8841,.F.);
#8850=CARTESIAN_POINT('',(0.E0,0.E0,1.25E0));
#8851=DIRECTION('',(0.E0,0.E0,1.E0));
#8852=DIRECTION('',(1.E0,0.E0,0.E0));
#8853=AXIS2_PLACEMENT_3D('',#8850,#8851,#8852);
#8854=PLANE('',#8853);
#8855=ORIENTED_EDGE('',*,*,#8774,.F.);
#8856=ORIENTED_EDGE('',*,*,#8789,.F.);
#8857=ORIENTED_EDGE('',*,*,#8803,.F.);
#8858=ORIENTED_EDGE('',*,*,#8817,.F.);
#8859=ORIENTED_EDGE('',*,*,#8831,.F.);
#8860=ORIENTED_EDGE('',*,*,#8844,.F.);
#8861=EDGE_LOOP('',(#8855,#8856,#8857,#8858,#8859,#8860));
#8862=FACE_OUTER_BOUND('',#8861,.F.);
#8863=ADVANCED_FACE('',(#8862),#8854,.T.);
#8864=CLOSED_SHELL('',(#8601,#8618,#8633,#8649,#8663,#8679,#8696,#8713,#8727,
#8741,#8765,#8780,#8794,#8808,#8822,#8836,#8849,#8863));
#8865=CARTESIAN_POINT('',(0.E0,0.E0,-8.E0));
#8866=DIRECTION('',(0.E0,0.E0,-1.E0));
#8867=DIRECTION('',(1.E0,0.E0,0.E0));
#8868=AXIS2_PLACEMENT_3D('',#8865,#8866,#8867);
#8870=DIRECTION('',(0.E0,0.E0,-1.E0));
#8871=VECTOR('',#8870,8.E0);
#8872=CARTESIAN_POINT('',(1.025E0,0.E0,0.E0));
#8873=LINE('',#8872,#8871);
#8874=CARTESIAN_POINT('',(0.E0,0.E0,-8.E0));
#8875=DIRECTION('',(0.E0,0.E0,-1.E0));
#8876=DIRECTION('',(-1.E0,0.E0,0.E0));
#8877=AXIS2_PLACEMENT_3D('',#8874,#8875,#8876);
#8879=DIRECTION('',(0.E0,0.E0,-1.E0));
#8880=VECTOR('',#8879,8.E0);
#8881=CARTESIAN_POINT('',(-1.025E0,0.E0,0.E0));
#8882=LINE('',#8881,#8880);
#8883=CARTESIAN_POINT('',(0.E0,0.E0,0.E0));
#8884=DIRECTION('',(0.E0,0.E0,1.E0));
#8885=DIRECTION('',(1.E0,0.E0,0.E0));
#8886=AXIS2_PLACEMENT_3D('',#8883,#8884,#8885);
#8888=CARTESIAN_POINT('',(0.E0,0.E0,0.E0));
#8889=DIRECTION('',(0.E0,0.E0,1.E0));
#8890=DIRECTION('',(-1.E0,0.E0,0.E0));
#8891=AXIS2_PLACEMENT_3D('',#8888,#8889,#8890);
#8893=CARTESIAN_POINT('',(0.E0,0.E0,0.E0));
#8894=DIRECTION('',(0.E0,0.E0,1.E0));
#8895=DIRECTION('',(1.E0,0.E0,0.E0));
#8896=AXIS2_PLACEMENT_3D('',#8893,#8894,#8895);
#8898=CARTESIAN_POINT('',(0.E0,0.E0,0.E0));
#8899=DIRECTION('',(0.E0,0.E0,1.E0));
#8900=DIRECTION('',(-1.E0,0.E0,0.E0));
#8901=AXIS2_PLACEMENT_3D('',#8898,#8899,#8900);
#8903=CARTESIAN_POINT('',(1.025E0,0.E0,-8.E0));
#8904=CARTESIAN_POINT('',(-1.025E0,0.E0,-8.E0));
#8905=VERTEX_POINT('',#8903);
#8906=VERTEX_POINT('',#8904);
#8907=CARTESIAN_POINT('',(1.025E0,0.E0,0.E0));
#8908=CARTESIAN_POINT('',(-1.025E0,0.E0,0.E0));
#8909=VERTEX_POINT('',#8907);
#8910=VERTEX_POINT('',#8908);
#8911=CARTESIAN_POINT('',(-1.25E0,0.E0,0.E0));
#8912=CARTESIAN_POINT('',(1.25E0,0.E0,0.E0));
#8913=VERTEX_POINT('',#8911);
#8914=VERTEX_POINT('',#8912);
#8915=CARTESIAN_POINT('',(0.E0,0.E0,-8.E0));
#8916=DIRECTION('',(0.E0,0.E0,-1.E0));
#8917=DIRECTION('',(-1.E0,0.E0,0.E0));
#8918=AXIS2_PLACEMENT_3D('',#8915,#8916,#8917);
#8919=CYLINDRICAL_SURFACE('',#8918,1.025E0);
#8921=ORIENTED_EDGE('',*,*,#8920,.T.);
#8923=ORIENTED_EDGE('',*,*,#8922,.F.);
#8925=ORIENTED_EDGE('',*,*,#8924,.T.);
#8927=ORIENTED_EDGE('',*,*,#8926,.T.);
#8928=EDGE_LOOP('',(#8921,#8923,#8925,#8927));
#8929=FACE_OUTER_BOUND('',#8928,.F.);
#8930=ADVANCED_FACE('',(#8929),#8919,.T.);
#8931=CARTESIAN_POINT('',(0.E0,0.E0,-8.E0));
#8932=DIRECTION('',(0.E0,0.E0,-1.E0));
#8933=DIRECTION('',(-1.E0,0.E0,0.E0));
#8934=AXIS2_PLACEMENT_3D('',#8931,#8932,#8933);
#8935=CYLINDRICAL_SURFACE('',#8934,1.025E0);
#8937=ORIENTED_EDGE('',*,*,#8936,.T.);
#8938=ORIENTED_EDGE('',*,*,#8926,.F.);
#8940=ORIENTED_EDGE('',*,*,#8939,.T.);
#8941=ORIENTED_EDGE('',*,*,#8922,.T.);
#8942=EDGE_LOOP('',(#8937,#8938,#8940,#8941));
#8943=FACE_OUTER_BOUND('',#8942,.F.);
#8944=ADVANCED_FACE('',(#8943),#8935,.T.);
#8945=CARTESIAN_POINT('',(0.E0,0.E0,0.E0));
#8946=DIRECTION('',(0.E0,0.E0,-1.E0));
#8947=DIRECTION('',(-1.E0,0.E0,0.E0));
#8948=AXIS2_PLACEMENT_3D('',#8945,#8946,#8947);
#8949=PLANE('',#8948);
#8951=ORIENTED_EDGE('',*,*,#8950,.T.);
#8953=ORIENTED_EDGE('',*,*,#8952,.T.);
#8954=EDGE_LOOP('',(#8951,#8953));
#8955=FACE_OUTER_BOUND('',#8954,.F.);
#8956=ORIENTED_EDGE('',*,*,#8939,.F.);
#8957=ORIENTED_EDGE('',*,*,#8924,.F.);
#8958=EDGE_LOOP('',(#8956,#8957));
#8959=FACE_BOUND('',#8958,.F.);
#8960=ADVANCED_FACE('',(#8955,#8959),#8949,.T.);
#8961=OPEN_SHELL('',(#8930,#8944,#8960));
#8962=MANIFOLD_SOLID_BREP('',#8864);
#8963=SHELL_BASED_SURFACE_MODEL('',(#8961));
#8965=DIMENSIONAL_EXPONENTS(0.E0,0.E0,0.E0,0.E0,0.E0,0.E0,0.E0);
#8967=PLANE_ANGLE_MEASURE_WITH_UNIT(PLANE_ANGLE_MEASURE(1.745329251994E-2),
#8966);
#8968=(CONVERSION_BASED_UNIT('DEGREE',#8967)NAMED_UNIT(*)PLANE_ANGLE_UNIT());
#8970=UNCERTAINTY_MEASURE_WITH_UNIT(LENGTH_MEASURE(1.227919115751E-3),#8964,
'closure',
'Maximum model space distance between geometric entities at asserted connectivities');
#8971=(GEOMETRIC_REPRESENTATION_CONTEXT(3)GLOBAL_UNCERTAINTY_ASSIGNED_CONTEXT((
#8970))GLOBAL_UNIT_ASSIGNED_CONTEXT((#8964,#8968,#8969))REPRESENTATION_CONTEXT(
'ID4','3'));
#8972=CARTESIAN_POINT('',(0.E0,0.E0,0.E0));
#8973=DIRECTION('',(0.E0,0.E0,1.E0));
#8974=DIRECTION('',(1.E0,0.E0,0.E0));
#8977=CARTESIAN_POINT('',(0.E0,0.E0,0.E0));
#8978=DIRECTION('',(0.E0,0.E0,1.E0));
#8979=DIRECTION('',(1.E0,0.E0,0.E0));
#8982=CARTESIAN_POINT('',(0.E0,0.E0,0.E0));
#8983=DIRECTION('',(0.E0,0.E0,1.E0));
#8984=DIRECTION('',(1.E0,0.E0,0.E0));
#8987=SHAPE_REPRESENTATION_RELATIONSHIP('','',#8986,#8976);
#8988=SHAPE_REPRESENTATION_RELATIONSHIP('','',#8986,#8981);
#8989=MECHANICAL_CONTEXT('',#5392,'mechanical');
#8990=PRODUCT('WBH_M2_5X8','WBH_M2_5X8','NOT SPECIFIED',(#8989));
#8991=PRODUCT_DEFINITION_FORMATION_WITH_SPECIFIED_SOURCE('1','LAST_VERSION',
#8990,.MADE.);
#8997=CARTESIAN_POINT('',(0.E0,5.5E0,0.E0));
#8998=DIRECTION('',(0.E0,1.E0,0.E0));
#8999=DIRECTION('',(-1.E0,0.E0,0.E0));
#9000=AXIS2_PLACEMENT_3D('',#8997,#8998,#8999);
#9001=ITEM_DEFINED_TRANSFORMATION('','',#8985,#9000);
#9002=(REPRESENTATION_RELATIONSHIP('','',#8986,#5403)REPRESENTATION_RELATIONSHIP_WITH_TRANSFORMATION(#9001)SHAPE_REPRESENTATION_RELATIONSHIP());
#9003=CONTEXT_DEPENDENT_SHAPE_REPRESENTATION(#9002,#8996);
#9004=CARTESIAN_POINT('',(0.E0,0.E0,-1.7E1));
#9005=DIRECTION('',(0.E0,0.E0,1.E0));
#9006=DIRECTION('',(-1.E0,0.E0,0.E0));
#9007=AXIS2_PLACEMENT_3D('',#9004,#9005,#9006);
#9009=CARTESIAN_POINT('',(0.E0,0.E0,-1.7E1));
#9010=DIRECTION('',(0.E0,0.E0,1.E0));
#9011=DIRECTION('',(1.E0,0.E0,0.E0));
#9012=AXIS2_PLACEMENT_3D('',#9009,#9010,#9011);
#9014=CARTESIAN_POINT('',(0.E0,0.E0,-1.6775E1));
#9015=DIRECTION('',(0.E0,0.E0,-1.E0));
#9016=DIRECTION('',(0.E0,-1.E0,0.E0));
#9017=AXIS2_PLACEMENT_3D('',#9014,#9015,#9016);
#9019=CARTESIAN_POINT('',(0.E0,0.E0,-1.6775E1));
#9020=DIRECTION('',(0.E0,0.E0,-1.E0));
#9021=DIRECTION('',(1.E0,0.E0,0.E0));
#9022=AXIS2_PLACEMENT_3D('',#9019,#9020,#9021);
#9024=DIRECTION('',(-7.071067811865E-1,0.E0,-7.071067811865E-1));
#9025=VECTOR('',#9024,3.181980515339E-1);
#9026=CARTESIAN_POINT('',(1.25E0,0.E0,-1.6775E1));
#9027=LINE('',#9026,#9025);
#9028=CARTESIAN_POINT('',(0.E0,0.E0,-1.6775E1));
#9029=DIRECTION('',(0.E0,0.E0,-1.E0));
#9030=DIRECTION('',(0.E0,1.E0,0.E0));
#9031=AXIS2_PLACEMENT_3D('',#9028,#9029,#9030);
#9033=CARTESIAN_POINT('',(0.E0,0.E0,-1.6775E1));
#9034=DIRECTION('',(0.E0,0.E0,-1.E0));
#9035=DIRECTION('',(-1.E0,0.E0,0.E0));
#9036=AXIS2_PLACEMENT_3D('',#9033,#9034,#9035);
#9038=DIRECTION('',(7.071067811865E-1,0.E0,-7.071067811865E-1));
#9039=VECTOR('',#9038,3.181980515339E-1);
#9040=CARTESIAN_POINT('',(-1.25E0,0.E0,-1.6775E1));
#9041=LINE('',#9040,#9039);
#9042=DIRECTION('',(0.E0,0.E0,1.E0));
#9043=VECTOR('',#9042,1.6775E1);
#9044=CARTESIAN_POINT('',(0.E0,1.25E0,-1.6775E1));
#9045=LINE('',#9044,#9043);
#9046=DIRECTION('',(0.E0,0.E0,1.E0));
#9047=VECTOR('',#9046,1.6775E1);
#9048=CARTESIAN_POINT('',(0.E0,-1.25E0,-1.6775E1));
#9049=LINE('',#9048,#9047);
#9050=CARTESIAN_POINT('',(0.E0,0.E0,0.E0));
#9051=DIRECTION('',(0.E0,0.E0,-1.E0));
#9052=DIRECTION('',(0.E0,1.E0,0.E0));
#9053=AXIS2_PLACEMENT_3D('',#9050,#9051,#9052);
#9055=CARTESIAN_POINT('',(0.E0,0.E0,0.E0));
#9056=DIRECTION('',(0.E0,0.E0,1.E0));
#9057=DIRECTION('',(0.E0,1.E0,0.E0));
#9058=AXIS2_PLACEMENT_3D('',#9055,#9056,#9057);
#9060=DIRECTION('',(0.E0,0.E0,1.E0));
#9061=VECTOR('',#9060,2.375E0);
#9062=CARTESIAN_POINT('',(0.E0,-2.25E0,0.E0));
#9063=LINE('',#9062,#9061);
#9064=CARTESIAN_POINT('',(0.E0,0.E0,0.E0));
#9065=DIRECTION('',(0.E0,0.E0,1.E0));
#9066=DIRECTION('',(0.E0,1.E0,0.E0));
#9067=AXIS2_PLACEMENT_3D('',#9064,#9065,#9066);
#9069=DIRECTION('',(0.E0,0.E0,1.E0));
#9070=VECTOR('',#9069,2.375E0);
#9071=CARTESIAN_POINT('',(0.E0,2.25E0,0.E0));
#9072=LINE('',#9071,#9070);
#9073=CARTESIAN_POINT('',(0.E0,0.E0,2.375E0));
#9074=DIRECTION('',(0.E0,0.E0,-1.E0));
#9075=DIRECTION('',(1.E0,0.E0,0.E0));
#9076=AXIS2_PLACEMENT_3D('',#9073,#9074,#9075);
#9078=CARTESIAN_POINT('',(0.E0,0.E0,2.375E0));
#9079=DIRECTION('',(0.E0,0.E0,-1.E0));
#9080=DIRECTION('',(0.E0,-1.E0,0.E0));
#9081=AXIS2_PLACEMENT_3D('',#9078,#9079,#9080);
#9083=CARTESIAN_POINT('',(0.E0,0.E0,0.E0));
#9084=DIRECTION('',(0.E0,0.E0,-1.E0));
#9085=DIRECTION('',(0.E0,1.E0,0.E0));
#9086=AXIS2_PLACEMENT_3D('',#9083,#9084,#9085);
#9088=CARTESIAN_POINT('',(0.E0,0.E0,2.375E0));
#9089=DIRECTION('',(0.E0,0.E0,-1.E0));
#9090=DIRECTION('',(0.E0,1.E0,0.E0));
#9091=AXIS2_PLACEMENT_3D('',#9088,#9089,#9090);
#9093=DIRECTION('',(8.660254037844E-1,0.E0,-5.E-1));
#9094=VECTOR('',#9093,2.5E-1);
#9095=CARTESIAN_POINT('',(2.033493649054E0,0.E0,2.5E0));
#9096=LINE('',#9095,#9094);
#9097=DIRECTION('',(-8.660254037844E-1,0.E0,-5.E-1));
#9098=VECTOR('',#9097,2.5E-1);
#9099=CARTESIAN_POINT('',(-2.033493649054E0,0.E0,2.5E0));
#9100=LINE('',#9099,#9098);
#9101=CARTESIAN_POINT('',(0.E0,0.E0,2.375E0));
#9102=DIRECTION('',(0.E0,0.E0,-1.E0));
#9103=DIRECTION('',(-1.E0,0.E0,0.E0));
#9104=AXIS2_PLACEMENT_3D('',#9101,#9102,#9103);
#9106=DIRECTION('',(-8.660254037844E-1,-5.E-1,0.E0));
#9107=VECTOR('',#9106,1.154700538379E0);
#9108=CARTESIAN_POINT('',(0.E0,1.154700538379E0,2.5E0));
#9109=LINE('',#9108,#9107);
#9110=DIRECTION('',(0.E0,-1.E0,0.E0));
#9111=VECTOR('',#9110,1.154700538379E0);
#9112=CARTESIAN_POINT('',(-1.E0,5.773502691896E-1,2.5E0));
#9113=LINE('',#9112,#9111);
#9114=DIRECTION('',(8.660254037844E-1,-5.E-1,0.E0));
#9115=VECTOR('',#9114,1.154700538379E0);
#9116=CARTESIAN_POINT('',(-1.E0,-5.773502691896E-1,2.5E0));
#9117=LINE('',#9116,#9115);
#9118=DIRECTION('',(8.660254037844E-1,5.E-1,0.E0));
#9119=VECTOR('',#9118,1.154700538379E0);
#9120=CARTESIAN_POINT('',(0.E0,-1.154700538379E0,2.5E0));
#9121=LINE('',#9120,#9119);
#9122=DIRECTION('',(0.E0,1.E0,0.E0));
#9123=VECTOR('',#9122,1.154700538379E0);
#9124=CARTESIAN_POINT('',(1.E0,-5.773502691896E-1,2.5E0));
#9125=LINE('',#9124,#9123);
#9126=DIRECTION('',(-8.660254037844E-1,5.E-1,0.E0));
#9127=VECTOR('',#9126,1.154700538379E0);
#9128=CARTESIAN_POINT('',(1.E0,5.773502691896E-1,2.5E0));
#9129=LINE('',#9128,#9127);
#9130=CARTESIAN_POINT('',(0.E0,0.E0,2.5E0));
#9131=DIRECTION('',(0.E0,0.E0,1.E0));
#9132=DIRECTION('',(-1.E0,0.E0,0.E0));
#9133=AXIS2_PLACEMENT_3D('',#9130,#9131,#9132);
#9135=CARTESIAN_POINT('',(0.E0,0.E0,2.5E0));
#9136=DIRECTION('',(0.E0,0.E0,1.E0));
#9137=DIRECTION('',(1.E0,0.E0,0.E0));
#9138=AXIS2_PLACEMENT_3D('',#9135,#9136,#9137);
#9140=DIRECTION('',(0.E0,0.E0,-1.E0));
#9141=VECTOR('',#9140,1.25E0);
#9142=CARTESIAN_POINT('',(0.E0,1.154700538379E0,2.5E0));
#9143=LINE('',#9142,#9141);
#9144=DIRECTION('',(0.E0,0.E0,-1.E0));
#9145=VECTOR('',#9144,1.25E0);
#9146=CARTESIAN_POINT('',(1.E0,5.773502691896E-1,2.5E0));
#9147=LINE('',#9146,#9145);
#9148=DIRECTION('',(0.E0,0.E0,-1.E0));
#9149=VECTOR('',#9148,1.25E0);
#9150=CARTESIAN_POINT('',(1.E0,-5.773502691896E-1,2.5E0));
#9151=LINE('',#9150,#9149);
#9152=DIRECTION('',(0.E0,0.E0,-1.E0));
#9153=VECTOR('',#9152,1.25E0);
#9154=CARTESIAN_POINT('',(0.E0,-1.154700538379E0,2.5E0));
#9155=LINE('',#9154,#9153);
#9156=DIRECTION('',(0.E0,0.E0,-1.E0));
#9157=VECTOR('',#9156,1.25E0);
#9158=CARTESIAN_POINT('',(-1.E0,-5.773502691896E-1,2.5E0));
#9159=LINE('',#9158,#9157);
#9160=DIRECTION('',(0.E0,0.E0,-1.E0));
#9161=VECTOR('',#9160,1.25E0);
#9162=CARTESIAN_POINT('',(-1.E0,5.773502691896E-1,2.5E0));
#9163=LINE('',#9162,#9161);
#9164=DIRECTION('',(-8.660254037844E-1,-5.E-1,0.E0));
#9165=VECTOR('',#9164,1.154700538379E0);
#9166=CARTESIAN_POINT('',(0.E0,1.154700538379E0,1.25E0));
#9167=LINE('',#9166,#9165);
#9168=DIRECTION('',(-8.660254037844E-1,5.E-1,0.E0));
#9169=VECTOR('',#9168,1.154700538379E0);
#9170=CARTESIAN_POINT('',(1.E0,5.773502691896E-1,1.25E0));
#9171=LINE('',#9170,#9169);
#9172=DIRECTION('',(0.E0,1.E0,0.E0));
#9173=VECTOR('',#9172,1.154700538379E0);
#9174=CARTESIAN_POINT('',(1.E0,-5.773502691896E-1,1.25E0));
#9175=LINE('',#9174,#9173);
#9176=DIRECTION('',(8.660254037844E-1,5.E-1,0.E0));
#9177=VECTOR('',#9176,1.154700538379E0);
#9178=CARTESIAN_POINT('',(0.E0,-1.154700538379E0,1.25E0));
#9179=LINE('',#9178,#9177);
#9180=DIRECTION('',(8.660254037844E-1,-5.E-1,0.E0));
#9181=VECTOR('',#9180,1.154700538379E0);
#9182=CARTESIAN_POINT('',(-1.E0,-5.773502691896E-1,1.25E0));
#9183=LINE('',#9182,#9181);
#9184=DIRECTION('',(0.E0,-1.E0,0.E0));
#9185=VECTOR('',#9184,1.154700538379E0);
#9186=CARTESIAN_POINT('',(-1.E0,5.773502691896E-1,1.25E0));
#9187=LINE('',#9186,#9185);
#9188=CARTESIAN_POINT('',(0.E0,1.25E0,0.E0));
#9189=CARTESIAN_POINT('',(0.E0,-1.25E0,0.E0));
#9190=VERTEX_POINT('',#9188);
#9191=VERTEX_POINT('',#9189);
#9192=CARTESIAN_POINT('',(0.E0,2.25E0,0.E0));
#9193=CARTESIAN_POINT('',(0.E0,-2.25E0,0.E0));
#9194=VERTEX_POINT('',#9192);
#9195=VERTEX_POINT('',#9193);
#9196=CARTESIAN_POINT('',(0.E0,1.154700538379E0,1.25E0));
#9197=CARTESIAN_POINT('',(-1.E0,5.773502691896E-1,1.25E0));
#9198=VERTEX_POINT('',#9196);
#9199=VERTEX_POINT('',#9197);
#9200=CARTESIAN_POINT('',(-1.E0,-5.773502691896E-1,1.25E0));
#9201=VERTEX_POINT('',#9200);
#9202=CARTESIAN_POINT('',(0.E0,-1.154700538379E0,1.25E0));
#9203=VERTEX_POINT('',#9202);
#9204=CARTESIAN_POINT('',(1.E0,-5.773502691896E-1,1.25E0));
#9205=VERTEX_POINT('',#9204);
#9206=CARTESIAN_POINT('',(1.E0,5.773502691896E-1,1.25E0));
#9207=VERTEX_POINT('',#9206);
#9208=CARTESIAN_POINT('',(0.E0,1.154700538379E0,2.5E0));
#9209=CARTESIAN_POINT('',(-1.E0,5.773502691896E-1,2.5E0));
#9210=VERTEX_POINT('',#9208);
#9211=VERTEX_POINT('',#9209);
#9212=CARTESIAN_POINT('',(-1.E0,-5.773502691896E-1,2.5E0));
#9213=VERTEX_POINT('',#9212);
#9214=CARTESIAN_POINT('',(0.E0,-1.154700538379E0,2.5E0));
#9215=VERTEX_POINT('',#9214);
#9216=CARTESIAN_POINT('',(1.E0,-5.773502691896E-1,2.5E0));
#9217=VERTEX_POINT('',#9216);
#9218=CARTESIAN_POINT('',(1.E0,5.773502691896E-1,2.5E0));
#9219=VERTEX_POINT('',#9218);
#9220=CARTESIAN_POINT('',(2.25E0,0.E0,2.375E0));
#9221=CARTESIAN_POINT('',(0.E0,-2.25E0,2.375E0));
#9222=VERTEX_POINT('',#9220);
#9223=VERTEX_POINT('',#9221);
#9224=CARTESIAN_POINT('',(0.E0,2.25E0,2.375E0));
#9225=VERTEX_POINT('',#9224);
#9226=CARTESIAN_POINT('',(-2.033493649054E0,0.E0,2.5E0));
#9227=CARTESIAN_POINT('',(2.033493649054E0,0.E0,2.5E0));
#9228=VERTEX_POINT('',#9226);
#9229=VERTEX_POINT('',#9227);
#9230=CARTESIAN_POINT('',(-2.25E0,0.E0,2.375E0));
#9231=VERTEX_POINT('',#9230);
#9232=CARTESIAN_POINT('',(-1.025E0,0.E0,-1.7E1));
#9233=CARTESIAN_POINT('',(1.025E0,0.E0,-1.7E1));
#9234=VERTEX_POINT('',#9232);
#9235=VERTEX_POINT('',#9233);
#9236=CARTESIAN_POINT('',(1.25E0,0.E0,-1.6775E1));
#9237=CARTESIAN_POINT('',(0.E0,-1.25E0,-1.6775E1));
#9238=VERTEX_POINT('',#9236);
#9239=VERTEX_POINT('',#9237);
#9240=CARTESIAN_POINT('',(0.E0,1.25E0,-1.6775E1));
#9241=VERTEX_POINT('',#9240);
#9242=CARTESIAN_POINT('',(-1.25E0,0.E0,-1.6775E1));
#9243=VERTEX_POINT('',#9242);
#9244=CARTESIAN_POINT('',(0.E0,0.E0,-1.7E1));
#9245=DIRECTION('',(0.E0,0.E0,-1.E0));
#9246=DIRECTION('',(0.E0,-1.E0,0.E0));
#9247=AXIS2_PLACEMENT_3D('',#9244,#9245,#9246);
#9248=PLANE('',#9247);
#9250=ORIENTED_EDGE('',*,*,#9249,.T.);
#9252=ORIENTED_EDGE('',*,*,#9251,.T.);
#9253=EDGE_LOOP('',(#9250,#9252));
#9254=FACE_OUTER_BOUND('',#9253,.F.);
#9255=ADVANCED_FACE('',(#9254),#9248,.T.);
#9256=CARTESIAN_POINT('',(0.E0,0.E0,-1.68875E1));
#9257=DIRECTION('',(0.E0,0.E0,1.E0));
#9258=DIRECTION('',(-1.E0,0.E0,0.E0));
#9259=AXIS2_PLACEMENT_3D('',#9256,#9257,#9258);
#9260=CONICAL_SURFACE('',#9259,1.1375E0,4.5E1);
#9261=ORIENTED_EDGE('',*,*,#9249,.F.);
#9263=ORIENTED_EDGE('',*,*,#9262,.F.);
#9265=ORIENTED_EDGE('',*,*,#9264,.F.);
#9267=ORIENTED_EDGE('',*,*,#9266,.F.);
#9269=ORIENTED_EDGE('',*,*,#9268,.T.);
#9270=EDGE_LOOP('',(#9261,#9263,#9265,#9267,#9269));
#9271=FACE_OUTER_BOUND('',#9270,.F.);
#9272=ADVANCED_FACE('',(#9271),#9260,.T.);
#9273=CARTESIAN_POINT('',(0.E0,0.E0,-1.68875E1));
#9274=DIRECTION('',(0.E0,0.E0,1.E0));
#9275=DIRECTION('',(-1.E0,0.E0,0.E0));
#9276=AXIS2_PLACEMENT_3D('',#9273,#9274,#9275);
#9277=CONICAL_SURFACE('',#9276,1.1375E0,4.5E1);
#9278=ORIENTED_EDGE('',*,*,#9251,.F.);
#9279=ORIENTED_EDGE('',*,*,#9268,.F.);
#9281=ORIENTED_EDGE('',*,*,#9280,.F.);
#9283=ORIENTED_EDGE('',*,*,#9282,.F.);
#9284=ORIENTED_EDGE('',*,*,#9262,.T.);
#9285=EDGE_LOOP('',(#9278,#9279,#9281,#9283,#9284));
#9286=FACE_OUTER_BOUND('',#9285,.F.);
#9287=ADVANCED_FACE('',(#9286),#9277,.T.);
#9288=CARTESIAN_POINT('',(0.E0,0.E0,3.475E0));
#9289=DIRECTION('',(0.E0,0.E0,-1.E0));
#9290=DIRECTION('',(0.E0,-1.E0,0.E0));
#9291=AXIS2_PLACEMENT_3D('',#9288,#9289,#9290);
#9292=CYLINDRICAL_SURFACE('',#9291,1.25E0);
#9293=ORIENTED_EDGE('',*,*,#9266,.T.);
#9295=ORIENTED_EDGE('',*,*,#9294,.T.);
#9297=ORIENTED_EDGE('',*,*,#9296,.F.);
#9299=ORIENTED_EDGE('',*,*,#9298,.F.);
#9300=ORIENTED_EDGE('',*,*,#9280,.T.);
#9301=EDGE_LOOP('',(#9293,#9295,#9297,#9299,#9300));
#9302=FACE_OUTER_BOUND('',#9301,.F.);
#9303=ADVANCED_FACE('',(#9302),#9292,.T.);
#9304=CARTESIAN_POINT('',(0.E0,0.E0,3.475E0));
#9305=DIRECTION('',(0.E0,0.E0,-1.E0));
#9306=DIRECTION('',(0.E0,-1.E0,0.E0));
#9307=AXIS2_PLACEMENT_3D('',#9304,#9305,#9306);
#9308=CYLINDRICAL_SURFACE('',#9307,1.25E0);
#9309=ORIENTED_EDGE('',*,*,#9264,.T.);
#9310=ORIENTED_EDGE('',*,*,#9282,.T.);
#9311=ORIENTED_EDGE('',*,*,#9298,.T.);
#9313=ORIENTED_EDGE('',*,*,#9312,.T.);
#9314=ORIENTED_EDGE('',*,*,#9294,.F.);
#9315=EDGE_LOOP('',(#9309,#9310,#9311,#9313,#9314));
#9316=FACE_OUTER_BOUND('',#9315,.F.);
#9317=ADVANCED_FACE('',(#9316),#9308,.T.);
#9318=CARTESIAN_POINT('',(0.E0,0.E0,0.E0));
#9319=DIRECTION('',(0.E0,0.E0,-1.E0));
#9320=DIRECTION('',(0.E0,-1.E0,0.E0));
#9321=AXIS2_PLACEMENT_3D('',#9318,#9319,#9320);
#9322=PLANE('',#9321);
#9324=ORIENTED_EDGE('',*,*,#9323,.T.);
#9326=ORIENTED_EDGE('',*,*,#9325,.F.);
#9327=EDGE_LOOP('',(#9324,#9326));
#9328=FACE_OUTER_BOUND('',#9327,.F.);
#9329=ORIENTED_EDGE('',*,*,#9296,.T.);
#9330=ORIENTED_EDGE('',*,*,#9312,.F.);
#9331=EDGE_LOOP('',(#9329,#9330));
#9332=FACE_BOUND('',#9331,.F.);
#9333=ADVANCED_FACE('',(#9328,#9332),#9322,.T.);
#9334=CARTESIAN_POINT('',(0.E0,0.E0,3.475E0));
#9335=DIRECTION('',(0.E0,0.E0,-1.E0));
#9336=DIRECTION('',(0.E0,-1.E0,0.E0));
#9337=AXIS2_PLACEMENT_3D('',#9334,#9335,#9336);
#9338=CYLINDRICAL_SURFACE('',#9337,2.25E0);
#9340=ORIENTED_EDGE('',*,*,#9339,.F.);
#9342=ORIENTED_EDGE('',*,*,#9341,.F.);
#9343=ORIENTED_EDGE('',*,*,#9323,.F.);
#9345=ORIENTED_EDGE('',*,*,#9344,.T.);
#9347=ORIENTED_EDGE('',*,*,#9346,.F.);
#9348=EDGE_LOOP('',(#9340,#9342,#9343,#9345,#9347));
#9349=FACE_OUTER_BOUND('',#9348,.F.);
#9350=ADVANCED_FACE('',(#9349),#9338,.T.);
#9351=CARTESIAN_POINT('',(0.E0,0.E0,2.4375E0));
#9352=DIRECTION('',(0.E0,0.E0,-1.E0));
#9353=DIRECTION('',(1.E0,0.E0,0.E0));
#9354=AXIS2_PLACEMENT_3D('',#9351,#9352,#9353);
#9355=CONICAL_SURFACE('',#9354,2.141746824527E0,6.E1);
#9357=ORIENTED_EDGE('',*,*,#9356,.T.);
#9358=ORIENTED_EDGE('',*,*,#9339,.T.);
#9360=ORIENTED_EDGE('',*,*,#9359,.F.);
#9362=ORIENTED_EDGE('',*,*,#9361,.T.);
#9364=ORIENTED_EDGE('',*,*,#9363,.T.);
#9365=EDGE_LOOP('',(#9357,#9358,#9360,#9362,#9364));
#9366=FACE_OUTER_BOUND('',#9365,.F.);
#9367=ADVANCED_FACE('',(#9366),#9355,.T.);
#9368=CARTESIAN_POINT('',(0.E0,0.E0,3.475E0));
#9369=DIRECTION('',(0.E0,0.E0,-1.E0));
#9370=DIRECTION('',(0.E0,-1.E0,0.E0));
#9371=AXIS2_PLACEMENT_3D('',#9368,#9369,#9370);
#9372=CYLINDRICAL_SURFACE('',#9371,2.25E0);
#9373=ORIENTED_EDGE('',*,*,#9356,.F.);
#9375=ORIENTED_EDGE('',*,*,#9374,.F.);
#9376=ORIENTED_EDGE('',*,*,#9344,.F.);
#9377=ORIENTED_EDGE('',*,*,#9325,.T.);
#9378=ORIENTED_EDGE('',*,*,#9341,.T.);
#9379=EDGE_LOOP('',(#9373,#9375,#9376,#9377,#9378));
#9380=FACE_OUTER_BOUND('',#9379,.F.);
#9381=ADVANCED_FACE('',(#9380),#9372,.T.);
#9382=CARTESIAN_POINT('',(0.E0,0.E0,2.4375E0));
#9383=DIRECTION('',(0.E0,0.E0,-1.E0));
#9384=DIRECTION('',(1.E0,0.E0,0.E0));
#9385=AXIS2_PLACEMENT_3D('',#9382,#9383,#9384);
#9386=CONICAL_SURFACE('',#9385,2.141746824527E0,6.E1);
#9387=ORIENTED_EDGE('',*,*,#9374,.T.);
#9388=ORIENTED_EDGE('',*,*,#9363,.F.);
#9390=ORIENTED_EDGE('',*,*,#9389,.T.);
#9391=ORIENTED_EDGE('',*,*,#9359,.T.);
#9392=ORIENTED_EDGE('',*,*,#9346,.T.);
#9393=EDGE_LOOP('',(#9387,#9388,#9390,#9391,#9392));
#9394=FACE_OUTER_BOUND('',#9393,.F.);
#9395=ADVANCED_FACE('',(#9394),#9386,.T.);
#9396=CARTESIAN_POINT('',(0.E0,0.E0,2.5E0));
#9397=DIRECTION('',(0.E0,0.E0,-1.E0));
#9398=DIRECTION('',(0.E0,-1.E0,0.E0));
#9399=AXIS2_PLACEMENT_3D('',#9396,#9397,#9398);
#9400=PLANE('',#9399);
#9401=ORIENTED_EDGE('',*,*,#9361,.F.);
#9402=ORIENTED_EDGE('',*,*,#9389,.F.);
#9403=EDGE_LOOP('',(#9401,#9402));
#9404=FACE_OUTER_BOUND('',#9403,.F.);
#9406=ORIENTED_EDGE('',*,*,#9405,.T.);
#9408=ORIENTED_EDGE('',*,*,#9407,.T.);
#9410=ORIENTED_EDGE('',*,*,#9409,.T.);
#9412=ORIENTED_EDGE('',*,*,#9411,.T.);
#9414=ORIENTED_EDGE('',*,*,#9413,.T.);
#9416=ORIENTED_EDGE('',*,*,#9415,.T.);
#9417=EDGE_LOOP('',(#9406,#9408,#9410,#9412,#9414,#9416));
#9418=FACE_BOUND('',#9417,.F.);
#9419=ADVANCED_FACE('',(#9404,#9418),#9400,.F.);
#9420=CARTESIAN_POINT('',(0.E0,1.154700538379E0,2.5E0));
#9421=DIRECTION('',(-5.E-1,8.660254037844E-1,0.E0));
#9422=DIRECTION('',(-8.660254037844E-1,-5.E-1,0.E0));
#9423=AXIS2_PLACEMENT_3D('',#9420,#9421,#9422);
#9424=PLANE('',#9423);
#9425=ORIENTED_EDGE('',*,*,#9405,.F.);
#9427=ORIENTED_EDGE('',*,*,#9426,.T.);
#9429=ORIENTED_EDGE('',*,*,#9428,.T.);
#9431=ORIENTED_EDGE('',*,*,#9430,.F.);
#9432=EDGE_LOOP('',(#9425,#9427,#9429,#9431));
#9433=FACE_OUTER_BOUND('',#9432,.F.);
#9434=ADVANCED_FACE('',(#9433),#9424,.F.);
#9435=CARTESIAN_POINT('',(1.E0,5.773502691896E-1,2.5E0));
#9436=DIRECTION('',(5.E-1,8.660254037844E-1,0.E0));
#9437=DIRECTION('',(-8.660254037844E-1,5.E-1,0.E0));
#9438=AXIS2_PLACEMENT_3D('',#9435,#9436,#9437);
#9439=PLANE('',#9438);
#9440=ORIENTED_EDGE('',*,*,#9415,.F.);
#9442=ORIENTED_EDGE('',*,*,#9441,.T.);
#9444=ORIENTED_EDGE('',*,*,#9443,.T.);
#9445=ORIENTED_EDGE('',*,*,#9426,.F.);
#9446=EDGE_LOOP('',(#9440,#9442,#9444,#9445));
#9447=FACE_OUTER_BOUND('',#9446,.F.);
#9448=ADVANCED_FACE('',(#9447),#9439,.F.);
#9449=CARTESIAN_POINT('',(1.E0,-5.773502691896E-1,2.5E0));
#9450=DIRECTION('',(1.E0,0.E0,0.E0));
#9451=DIRECTION('',(0.E0,1.E0,0.E0));
#9452=AXIS2_PLACEMENT_3D('',#9449,#9450,#9451);
#9453=PLANE('',#9452);
#9454=ORIENTED_EDGE('',*,*,#9413,.F.);
#9456=ORIENTED_EDGE('',*,*,#9455,.T.);
#9458=ORIENTED_EDGE('',*,*,#9457,.T.);
#9459=ORIENTED_EDGE('',*,*,#9441,.F.);
#9460=EDGE_LOOP('',(#9454,#9456,#9458,#9459));
#9461=FACE_OUTER_BOUND('',#9460,.F.);
#9462=ADVANCED_FACE('',(#9461),#9453,.F.);
#9463=CARTESIAN_POINT('',(0.E0,-1.154700538379E0,2.5E0));
#9464=DIRECTION('',(5.E-1,-8.660254037844E-1,0.E0));
#9465=DIRECTION('',(8.660254037844E-1,5.E-1,0.E0));
#9466=AXIS2_PLACEMENT_3D('',#9463,#9464,#9465);
#9467=PLANE('',#9466);
#9468=ORIENTED_EDGE('',*,*,#9411,.F.);
#9470=ORIENTED_EDGE('',*,*,#9469,.T.);
#9472=ORIENTED_EDGE('',*,*,#9471,.T.);
#9473=ORIENTED_EDGE('',*,*,#9455,.F.);
#9474=EDGE_LOOP('',(#9468,#9470,#9472,#9473));
#9475=FACE_OUTER_BOUND('',#9474,.F.);
#9476=ADVANCED_FACE('',(#9475),#9467,.F.);
#9477=CARTESIAN_POINT('',(-1.E0,-5.773502691896E-1,2.5E0));
#9478=DIRECTION('',(-5.E-1,-8.660254037844E-1,0.E0));
#9479=DIRECTION('',(8.660254037844E-1,-5.E-1,0.E0));
#9480=AXIS2_PLACEMENT_3D('',#9477,#9478,#9479);
#9481=PLANE('',#9480);
#9482=ORIENTED_EDGE('',*,*,#9409,.F.);
#9484=ORIENTED_EDGE('',*,*,#9483,.T.);
#9486=ORIENTED_EDGE('',*,*,#9485,.T.);
#9487=ORIENTED_EDGE('',*,*,#9469,.F.);
#9488=EDGE_LOOP('',(#9482,#9484,#9486,#9487));
#9489=FACE_OUTER_BOUND('',#9488,.F.);
#9490=ADVANCED_FACE('',(#9489),#9481,.F.);
#9491=CARTESIAN_POINT('',(-1.E0,5.773502691896E-1,2.5E0));
#9492=DIRECTION('',(-1.E0,0.E0,0.E0));
#9493=DIRECTION('',(0.E0,-1.E0,0.E0));
#9494=AXIS2_PLACEMENT_3D('',#9491,#9492,#9493);
#9495=PLANE('',#9494);
#9496=ORIENTED_EDGE('',*,*,#9407,.F.);
#9497=ORIENTED_EDGE('',*,*,#9430,.T.);
#9499=ORIENTED_EDGE('',*,*,#9498,.T.);
#9500=ORIENTED_EDGE('',*,*,#9483,.F.);
#9501=EDGE_LOOP('',(#9496,#9497,#9499,#9500));
#9502=FACE_OUTER_BOUND('',#9501,.F.);
#9503=ADVANCED_FACE('',(#9502),#9495,.F.);
#9504=CARTESIAN_POINT('',(0.E0,0.E0,1.25E0));
#9505=DIRECTION('',(0.E0,0.E0,1.E0));
#9506=DIRECTION('',(1.E0,0.E0,0.E0));
#9507=AXIS2_PLACEMENT_3D('',#9504,#9505,#9506);
#9508=PLANE('',#9507);
#9509=ORIENTED_EDGE('',*,*,#9428,.F.);
#9510=ORIENTED_EDGE('',*,*,#9443,.F.);
#9511=ORIENTED_EDGE('',*,*,#9457,.F.);
#9512=ORIENTED_EDGE('',*,*,#9471,.F.);
#9513=ORIENTED_EDGE('',*,*,#9485,.F.);
#9514=ORIENTED_EDGE('',*,*,#9498,.F.);
#9515=EDGE_LOOP('',(#9509,#9510,#9511,#9512,#9513,#9514));
#9516=FACE_OUTER_BOUND('',#9515,.F.);
#9517=ADVANCED_FACE('',(#9516),#9508,.T.);
#9518=CLOSED_SHELL('',(#9255,#9272,#9287,#9303,#9317,#9333,#9350,#9367,#9381,
#9395,#9419,#9434,#9448,#9462,#9476,#9490,#9503,#9517));
#9519=CARTESIAN_POINT('',(0.E0,0.E0,-1.7E1));
#9520=DIRECTION('',(0.E0,0.E0,-1.E0));
#9521=DIRECTION('',(1.E0,0.E0,0.E0));
#9522=AXIS2_PLACEMENT_3D('',#9519,#9520,#9521);
#9524=DIRECTION('',(0.E0,0.E0,-1.E0));
#9525=VECTOR('',#9524,1.7E1);
#9526=CARTESIAN_POINT('',(1.025E0,0.E0,0.E0));
#9527=LINE('',#9526,#9525);
#9528=CARTESIAN_POINT('',(0.E0,0.E0,-1.7E1));
#9529=DIRECTION('',(0.E0,0.E0,-1.E0));
#9530=DIRECTION('',(-1.E0,0.E0,0.E0));
#9531=AXIS2_PLACEMENT_3D('',#9528,#9529,#9530);
#9533=DIRECTION('',(0.E0,0.E0,-1.E0));
#9534=VECTOR('',#9533,1.7E1);
#9535=CARTESIAN_POINT('',(-1.025E0,0.E0,0.E0));
#9536=LINE('',#9535,#9534);
#9537=CARTESIAN_POINT('',(0.E0,0.E0,0.E0));
#9538=DIRECTION('',(0.E0,0.E0,1.E0));
#9539=DIRECTION('',(1.E0,0.E0,0.E0));
#9540=AXIS2_PLACEMENT_3D('',#9537,#9538,#9539);
#9542=CARTESIAN_POINT('',(0.E0,0.E0,0.E0));
#9543=DIRECTION('',(0.E0,0.E0,1.E0));
#9544=DIRECTION('',(-1.E0,0.E0,0.E0));
#9545=AXIS2_PLACEMENT_3D('',#9542,#9543,#9544);
#9547=CARTESIAN_POINT('',(0.E0,0.E0,0.E0));
#9548=DIRECTION('',(0.E0,0.E0,1.E0));
#9549=DIRECTION('',(1.E0,0.E0,0.E0));
#9550=AXIS2_PLACEMENT_3D('',#9547,#9548,#9549);
#9552=CARTESIAN_POINT('',(0.E0,0.E0,0.E0));
#9553=DIRECTION('',(0.E0,0.E0,1.E0));
#9554=DIRECTION('',(-1.E0,0.E0,0.E0));
#9555=AXIS2_PLACEMENT_3D('',#9552,#9553,#9554);
#9557=CARTESIAN_POINT('',(1.025E0,0.E0,-1.7E1));
#9558=CARTESIAN_POINT('',(-1.025E0,0.E0,-1.7E1));
#9559=VERTEX_POINT('',#9557);
#9560=VERTEX_POINT('',#9558);
#9561=CARTESIAN_POINT('',(1.025E0,0.E0,0.E0));
#9562=CARTESIAN_POINT('',(-1.025E0,0.E0,0.E0));
#9563=VERTEX_POINT('',#9561);
#9564=VERTEX_POINT('',#9562);
#9565=CARTESIAN_POINT('',(-1.25E0,0.E0,0.E0));
#9566=CARTESIAN_POINT('',(1.25E0,0.E0,0.E0));
#9567=VERTEX_POINT('',#9565);
#9568=VERTEX_POINT('',#9566);
#9569=CARTESIAN_POINT('',(0.E0,0.E0,-1.7E1));
#9570=DIRECTION('',(0.E0,0.E0,-1.E0));
#9571=DIRECTION('',(-1.E0,0.E0,0.E0));
#9572=AXIS2_PLACEMENT_3D('',#9569,#9570,#9571);
#9573=CYLINDRICAL_SURFACE('',#9572,1.025E0);
#9575=ORIENTED_EDGE('',*,*,#9574,.T.);
#9577=ORIENTED_EDGE('',*,*,#9576,.F.);
#9579=ORIENTED_EDGE('',*,*,#9578,.T.);
#9581=ORIENTED_EDGE('',*,*,#9580,.T.);
#9582=EDGE_LOOP('',(#9575,#9577,#9579,#9581));
#9583=FACE_OUTER_BOUND('',#9582,.F.);
#9584=ADVANCED_FACE('',(#9583),#9573,.T.);
#9585=CARTESIAN_POINT('',(0.E0,0.E0,-1.7E1));
#9586=DIRECTION('',(0.E0,0.E0,-1.E0));
#9587=DIRECTION('',(-1.E0,0.E0,0.E0));
#9588=AXIS2_PLACEMENT_3D('',#9585,#9586,#9587);
#9589=CYLINDRICAL_SURFACE('',#9588,1.025E0);
#9591=ORIENTED_EDGE('',*,*,#9590,.T.);
#9592=ORIENTED_EDGE('',*,*,#9580,.F.);
#9594=ORIENTED_EDGE('',*,*,#9593,.T.);
#9595=ORIENTED_EDGE('',*,*,#9576,.T.);
#9596=EDGE_LOOP('',(#9591,#9592,#9594,#9595));
#9597=FACE_OUTER_BOUND('',#9596,.F.);
#9598=ADVANCED_FACE('',(#9597),#9589,.T.);
#9599=CARTESIAN_POINT('',(0.E0,0.E0,0.E0));
#9600=DIRECTION('',(0.E0,0.E0,-1.E0));
#9601=DIRECTION('',(-1.E0,0.E0,0.E0));
#9602=AXIS2_PLACEMENT_3D('',#9599,#9600,#9601);
#9603=PLANE('',#9602);
#9605=ORIENTED_EDGE('',*,*,#9604,.T.);
#9607=ORIENTED_EDGE('',*,*,#9606,.T.);
#9608=EDGE_LOOP('',(#9605,#9607));
#9609=FACE_OUTER_BOUND('',#9608,.F.);
#9610=ORIENTED_EDGE('',*,*,#9593,.F.);
#9611=ORIENTED_EDGE('',*,*,#9578,.F.);
#9612=EDGE_LOOP('',(#9610,#9611));
#9613=FACE_BOUND('',#9612,.F.);
#9614=ADVANCED_FACE('',(#9609,#9613),#9603,.T.);
#9615=OPEN_SHELL('',(#9584,#9598,#9614));
#9616=MANIFOLD_SOLID_BREP('',#9518);
#9617=SHELL_BASED_SURFACE_MODEL('',(#9615));
#9619=DIMENSIONAL_EXPONENTS(0.E0,0.E0,0.E0,0.E0,0.E0,0.E0,0.E0);
#9621=PLANE_ANGLE_MEASURE_WITH_UNIT(PLANE_ANGLE_MEASURE(1.745329251994E-2),
#9620);
#9622=(CONVERSION_BASED_UNIT('DEGREE',#9621)NAMED_UNIT(*)PLANE_ANGLE_UNIT());
#9624=UNCERTAINTY_MEASURE_WITH_UNIT(LENGTH_MEASURE(2.156682145204E-3),#9618,
'closure',
'Maximum model space distance between geometric entities at asserted connectivities');
#9625=(GEOMETRIC_REPRESENTATION_CONTEXT(3)GLOBAL_UNCERTAINTY_ASSIGNED_CONTEXT((
#9624))GLOBAL_UNIT_ASSIGNED_CONTEXT((#9618,#9622,#9623))REPRESENTATION_CONTEXT(
'ID5','3'));
#9626=CARTESIAN_POINT('',(0.E0,0.E0,0.E0));
#9627=DIRECTION('',(0.E0,0.E0,1.E0));
#9628=DIRECTION('',(1.E0,0.E0,0.E0));
#9631=CARTESIAN_POINT('',(0.E0,0.E0,0.E0));
#9632=DIRECTION('',(0.E0,0.E0,1.E0));
#9633=DIRECTION('',(1.E0,0.E0,0.E0));
#9636=CARTESIAN_POINT('',(0.E0,0.E0,0.E0));
#9637=DIRECTION('',(0.E0,0.E0,1.E0));
#9638=DIRECTION('',(1.E0,0.E0,0.E0));
#9641=SHAPE_REPRESENTATION_RELATIONSHIP('','',#9640,#9630);
#9642=SHAPE_REPRESENTATION_RELATIONSHIP('','',#9640,#9635);
#9643=DESIGN_CONTEXT('',#5392,'design');
#9644=MECHANICAL_CONTEXT('',#5392,'mechanical');
#9645=PRODUCT('WBH_M2_5X17','WBH_M2_5X17','NOT SPECIFIED',(#9644));
#9646=PRODUCT_DEFINITION_FORMATION_WITH_SPECIFIED_SOURCE('1','LAST_VERSION',
#9645,.MADE.);
#9652=CARTESIAN_POINT('',(-1.1E1,2.E0,-8.E0));
#9653=DIRECTION('',(0.E0,1.E0,0.E0));
#9654=DIRECTION('',(-1.E0,0.E0,0.E0));
#9655=AXIS2_PLACEMENT_3D('',#9652,#9653,#9654);
#9656=ITEM_DEFINED_TRANSFORMATION('','',#9639,#9655);
#9657=(REPRESENTATION_RELATIONSHIP('','',#9640,#5403)REPRESENTATION_RELATIONSHIP_WITH_TRANSFORMATION(#9656)SHAPE_REPRESENTATION_RELATIONSHIP());
#9658=CONTEXT_DEPENDENT_SHAPE_REPRESENTATION(#9657,#9651);
#9661=CARTESIAN_POINT('',(1.1E1,2.E0,-8.E0));
#9662=DIRECTION('',(0.E0,1.E0,0.E0));
#9663=DIRECTION('',(-1.E0,0.E0,0.E0));
#9664=AXIS2_PLACEMENT_3D('',#9661,#9662,#9663);
#9665=ITEM_DEFINED_TRANSFORMATION('','',#9639,#9664);
#9666=(REPRESENTATION_RELATIONSHIP('','',#9640,#5403)REPRESENTATION_RELATIONSHIP_WITH_TRANSFORMATION(#9665)SHAPE_REPRESENTATION_RELATIONSHIP());
#9667=CONTEXT_DEPENDENT_SHAPE_REPRESENTATION(#9666,#9660);
#9668=CARTESIAN_POINT('',(0.E0,0.E0,-5.E0));
#9669=DIRECTION('',(0.E0,0.E0,1.E0));
#9670=DIRECTION('',(-1.E0,0.E0,0.E0));
#9671=AXIS2_PLACEMENT_3D('',#9668,#9669,#9670);
#9673=CARTESIAN_POINT('',(0.E0,0.E0,-5.E0));
#9674=DIRECTION('',(0.E0,0.E0,1.E0));
#9675=DIRECTION('',(1.E0,0.E0,0.E0));
#9676=AXIS2_PLACEMENT_3D('',#9673,#9674,#9675);
#9678=CARTESIAN_POINT('',(0.E0,0.E0,-4.775E0));
#9679=DIRECTION('',(0.E0,0.E0,-1.E0));
#9680=DIRECTION('',(0.E0,-1.E0,0.E0));
#9681=AXIS2_PLACEMENT_3D('',#9678,#9679,#9680);
#9683=CARTESIAN_POINT('',(0.E0,0.E0,-4.775E0));
#9684=DIRECTION('',(0.E0,0.E0,-1.E0));
#9685=DIRECTION('',(1.E0,0.E0,0.E0));
#9686=AXIS2_PLACEMENT_3D('',#9683,#9684,#9685);
#9688=DIRECTION('',(-7.071067811865E-1,0.E0,-7.071067811865E-1));
#9689=VECTOR('',#9688,3.181980515339E-1);
#9690=CARTESIAN_POINT('',(1.25E0,0.E0,-4.775E0));
#9691=LINE('',#9690,#9689);
#9692=CARTESIAN_POINT('',(0.E0,0.E0,-4.775E0));
#9693=DIRECTION('',(0.E0,0.E0,-1.E0));
#9694=DIRECTION('',(0.E0,1.E0,0.E0));
#9695=AXIS2_PLACEMENT_3D('',#9692,#9693,#9694);
#9697=CARTESIAN_POINT('',(0.E0,0.E0,-4.775E0));
#9698=DIRECTION('',(0.E0,0.E0,-1.E0));
#9699=DIRECTION('',(-1.E0,0.E0,0.E0));
#9700=AXIS2_PLACEMENT_3D('',#9697,#9698,#9699);
#9702=DIRECTION('',(7.071067811865E-1,0.E0,-7.071067811865E-1));
#9703=VECTOR('',#9702,3.181980515339E-1);
#9704=CARTESIAN_POINT('',(-1.25E0,0.E0,-4.775E0));
#9705=LINE('',#9704,#9703);
#9706=DIRECTION('',(0.E0,0.E0,1.E0));
#9707=VECTOR('',#9706,4.775E0);
#9708=CARTESIAN_POINT('',(0.E0,1.25E0,-4.775E0));
#9709=LINE('',#9708,#9707);
#9710=DIRECTION('',(0.E0,0.E0,1.E0));
#9711=VECTOR('',#9710,4.775E0);
#9712=CARTESIAN_POINT('',(0.E0,-1.25E0,-4.775E0));
#9713=LINE('',#9712,#9711);
#9714=CARTESIAN_POINT('',(0.E0,0.E0,0.E0));
#9715=DIRECTION('',(0.E0,0.E0,-1.E0));
#9716=DIRECTION('',(0.E0,1.E0,0.E0));
#9717=AXIS2_PLACEMENT_3D('',#9714,#9715,#9716);
#9719=CARTESIAN_POINT('',(0.E0,0.E0,0.E0));
#9720=DIRECTION('',(0.E0,0.E0,1.E0));
#9721=DIRECTION('',(0.E0,1.E0,0.E0));
#9722=AXIS2_PLACEMENT_3D('',#9719,#9720,#9721);
#9724=DIRECTION('',(0.E0,0.E0,1.E0));
#9725=VECTOR('',#9724,2.375E0);
#9726=CARTESIAN_POINT('',(0.E0,-2.25E0,0.E0));
#9727=LINE('',#9726,#9725);
#9728=CARTESIAN_POINT('',(0.E0,0.E0,0.E0));
#9729=DIRECTION('',(0.E0,0.E0,1.E0));
#9730=DIRECTION('',(0.E0,1.E0,0.E0));
#9731=AXIS2_PLACEMENT_3D('',#9728,#9729,#9730);
#9733=DIRECTION('',(0.E0,0.E0,1.E0));
#9734=VECTOR('',#9733,2.375E0);
#9735=CARTESIAN_POINT('',(0.E0,2.25E0,0.E0));
#9736=LINE('',#9735,#9734);
#9737=CARTESIAN_POINT('',(0.E0,0.E0,2.375E0));
#9738=DIRECTION('',(0.E0,0.E0,-1.E0));
#9739=DIRECTION('',(1.E0,0.E0,0.E0));
#9740=AXIS2_PLACEMENT_3D('',#9737,#9738,#9739);
#9742=CARTESIAN_POINT('',(0.E0,0.E0,2.375E0));
#9743=DIRECTION('',(0.E0,0.E0,-1.E0));
#9744=DIRECTION('',(0.E0,-1.E0,0.E0));
#9745=AXIS2_PLACEMENT_3D('',#9742,#9743,#9744);
#9747=CARTESIAN_POINT('',(0.E0,0.E0,0.E0));
#9748=DIRECTION('',(0.E0,0.E0,-1.E0));
#9749=DIRECTION('',(0.E0,1.E0,0.E0));
#9750=AXIS2_PLACEMENT_3D('',#9747,#9748,#9749);
#9752=CARTESIAN_POINT('',(0.E0,0.E0,2.375E0));
#9753=DIRECTION('',(0.E0,0.E0,-1.E0));
#9754=DIRECTION('',(0.E0,1.E0,0.E0));
#9755=AXIS2_PLACEMENT_3D('',#9752,#9753,#9754);
#9757=DIRECTION('',(8.660254037844E-1,0.E0,-5.E-1));
#9758=VECTOR('',#9757,2.5E-1);
#9759=CARTESIAN_POINT('',(2.033493649054E0,0.E0,2.5E0));
#9760=LINE('',#9759,#9758);
#9761=DIRECTION('',(-8.660254037844E-1,0.E0,-5.E-1));
#9762=VECTOR('',#9761,2.5E-1);
#9763=CARTESIAN_POINT('',(-2.033493649054E0,0.E0,2.5E0));
#9764=LINE('',#9763,#9762);
#9765=CARTESIAN_POINT('',(0.E0,0.E0,2.375E0));
#9766=DIRECTION('',(0.E0,0.E0,-1.E0));
#9767=DIRECTION('',(-1.E0,0.E0,0.E0));
#9768=AXIS2_PLACEMENT_3D('',#9765,#9766,#9767);
#9770=DIRECTION('',(-8.660254037844E-1,-5.E-1,0.E0));
#9771=VECTOR('',#9770,1.154700538379E0);
#9772=CARTESIAN_POINT('',(0.E0,1.154700538379E0,2.5E0));
#9773=LINE('',#9772,#9771);
#9774=DIRECTION('',(0.E0,-1.E0,0.E0));
#9775=VECTOR('',#9774,1.154700538379E0);
#9776=CARTESIAN_POINT('',(-1.E0,5.773502691896E-1,2.5E0));
#9777=LINE('',#9776,#9775);
#9778=DIRECTION('',(8.660254037844E-1,-5.E-1,0.E0));
#9779=VECTOR('',#9778,1.154700538379E0);
#9780=CARTESIAN_POINT('',(-1.E0,-5.773502691896E-1,2.5E0));
#9781=LINE('',#9780,#9779);
#9782=DIRECTION('',(8.660254037844E-1,5.E-1,0.E0));
#9783=VECTOR('',#9782,1.154700538379E0);
#9784=CARTESIAN_POINT('',(0.E0,-1.154700538379E0,2.5E0));
#9785=LINE('',#9784,#9783);
#9786=DIRECTION('',(0.E0,1.E0,0.E0));
#9787=VECTOR('',#9786,1.154700538379E0);
#9788=CARTESIAN_POINT('',(1.E0,-5.773502691896E-1,2.5E0));
#9789=LINE('',#9788,#9787);
#9790=DIRECTION('',(-8.660254037844E-1,5.E-1,0.E0));
#9791=VECTOR('',#9790,1.154700538379E0);
#9792=CARTESIAN_POINT('',(1.E0,5.773502691896E-1,2.5E0));
#9793=LINE('',#9792,#9791);
#9794=CARTESIAN_POINT('',(0.E0,0.E0,2.5E0));
#9795=DIRECTION('',(0.E0,0.E0,1.E0));
#9796=DIRECTION('',(-1.E0,0.E0,0.E0));
#9797=AXIS2_PLACEMENT_3D('',#9794,#9795,#9796);
#9799=CARTESIAN_POINT('',(0.E0,0.E0,2.5E0));
#9800=DIRECTION('',(0.E0,0.E0,1.E0));
#9801=DIRECTION('',(1.E0,0.E0,0.E0));
#9802=AXIS2_PLACEMENT_3D('',#9799,#9800,#9801);
#9804=DIRECTION('',(0.E0,0.E0,-1.E0));
#9805=VECTOR('',#9804,1.25E0);
#9806=CARTESIAN_POINT('',(0.E0,1.154700538379E0,2.5E0));
#9807=LINE('',#9806,#9805);
#9808=DIRECTION('',(0.E0,0.E0,-1.E0));
#9809=VECTOR('',#9808,1.25E0);
#9810=CARTESIAN_POINT('',(1.E0,5.773502691896E-1,2.5E0));
#9811=LINE('',#9810,#9809);
#9812=DIRECTION('',(0.E0,0.E0,-1.E0));
#9813=VECTOR('',#9812,1.25E0);
#9814=CARTESIAN_POINT('',(1.E0,-5.773502691896E-1,2.5E0));
#9815=LINE('',#9814,#9813);
#9816=DIRECTION('',(0.E0,0.E0,-1.E0));
#9817=VECTOR('',#9816,1.25E0);
#9818=CARTESIAN_POINT('',(0.E0,-1.154700538379E0,2.5E0));
#9819=LINE('',#9818,#9817);
#9820=DIRECTION('',(0.E0,0.E0,-1.E0));
#9821=VECTOR('',#9820,1.25E0);
#9822=CARTESIAN_POINT('',(-1.E0,-5.773502691896E-1,2.5E0));
#9823=LINE('',#9822,#9821);
#9824=DIRECTION('',(0.E0,0.E0,-1.E0));
#9825=VECTOR('',#9824,1.25E0);
#9826=CARTESIAN_POINT('',(-1.E0,5.773502691896E-1,2.5E0));
#9827=LINE('',#9826,#9825);
#9828=DIRECTION('',(-8.660254037844E-1,-5.E-1,0.E0));
#9829=VECTOR('',#9828,1.154700538379E0);
#9830=CARTESIAN_POINT('',(0.E0,1.154700538379E0,1.25E0));
#9831=LINE('',#9830,#9829);
#9832=DIRECTION('',(-8.660254037844E-1,5.E-1,0.E0));
#9833=VECTOR('',#9832,1.154700538379E0);
#9834=CARTESIAN_POINT('',(1.E0,5.773502691896E-1,1.25E0));
#9835=LINE('',#9834,#9833);
#9836=DIRECTION('',(0.E0,1.E0,0.E0));
#9837=VECTOR('',#9836,1.154700538379E0);
#9838=CARTESIAN_POINT('',(1.E0,-5.773502691896E-1,1.25E0));
#9839=LINE('',#9838,#9837);
#9840=DIRECTION('',(8.660254037844E-1,5.E-1,0.E0));
#9841=VECTOR('',#9840,1.154700538379E0);
#9842=CARTESIAN_POINT('',(0.E0,-1.154700538379E0,1.25E0));
#9843=LINE('',#9842,#9841);
#9844=DIRECTION('',(8.660254037844E-1,-5.E-1,0.E0));
#9845=VECTOR('',#9844,1.154700538379E0);
#9846=CARTESIAN_POINT('',(-1.E0,-5.773502691896E-1,1.25E0));
#9847=LINE('',#9846,#9845);
#9848=DIRECTION('',(0.E0,-1.E0,0.E0));
#9849=VECTOR('',#9848,1.154700538379E0);
#9850=CARTESIAN_POINT('',(-1.E0,5.773502691896E-1,1.25E0));
#9851=LINE('',#9850,#9849);
#9852=CARTESIAN_POINT('',(0.E0,1.25E0,0.E0));
#9853=CARTESIAN_POINT('',(0.E0,-1.25E0,0.E0));
#9854=VERTEX_POINT('',#9852);
#9855=VERTEX_POINT('',#9853);
#9856=CARTESIAN_POINT('',(0.E0,2.25E0,0.E0));
#9857=CARTESIAN_POINT('',(0.E0,-2.25E0,0.E0));
#9858=VERTEX_POINT('',#9856);
#9859=VERTEX_POINT('',#9857);
#9860=CARTESIAN_POINT('',(0.E0,1.154700538379E0,1.25E0));
#9861=CARTESIAN_POINT('',(-1.E0,5.773502691896E-1,1.25E0));
#9862=VERTEX_POINT('',#9860);
#9863=VERTEX_POINT('',#9861);
#9864=CARTESIAN_POINT('',(-1.E0,-5.773502691896E-1,1.25E0));
#9865=VERTEX_POINT('',#9864);
#9866=CARTESIAN_POINT('',(0.E0,-1.154700538379E0,1.25E0));
#9867=VERTEX_POINT('',#9866);
#9868=CARTESIAN_POINT('',(1.E0,-5.773502691896E-1,1.25E0));
#9869=VERTEX_POINT('',#9868);
#9870=CARTESIAN_POINT('',(1.E0,5.773502691896E-1,1.25E0));
#9871=VERTEX_POINT('',#9870);
#9872=CARTESIAN_POINT('',(0.E0,1.154700538379E0,2.5E0));
#9873=CARTESIAN_POINT('',(-1.E0,5.773502691896E-1,2.5E0));
#9874=VERTEX_POINT('',#9872);
#9875=VERTEX_POINT('',#9873);
#9876=CARTESIAN_POINT('',(-1.E0,-5.773502691896E-1,2.5E0));
#9877=VERTEX_POINT('',#9876);
#9878=CARTESIAN_POINT('',(0.E0,-1.154700538379E0,2.5E0));
#9879=VERTEX_POINT('',#9878);
#9880=CARTESIAN_POINT('',(1.E0,-5.773502691896E-1,2.5E0));
#9881=VERTEX_POINT('',#9880);
#9882=CARTESIAN_POINT('',(1.E0,5.773502691896E-1,2.5E0));
#9883=VERTEX_POINT('',#9882);
#9884=CARTESIAN_POINT('',(2.25E0,0.E0,2.375E0));
#9885=CARTESIAN_POINT('',(0.E0,-2.25E0,2.375E0));
#9886=VERTEX_POINT('',#9884);
#9887=VERTEX_POINT('',#9885);
#9888=CARTESIAN_POINT('',(0.E0,2.25E0,2.375E0));
#9889=VERTEX_POINT('',#9888);
#9890=CARTESIAN_POINT('',(-2.033493649054E0,0.E0,2.5E0));
#9891=CARTESIAN_POINT('',(2.033493649054E0,0.E0,2.5E0));
#9892=VERTEX_POINT('',#9890);
#9893=VERTEX_POINT('',#9891);
#9894=CARTESIAN_POINT('',(-2.25E0,0.E0,2.375E0));
#9895=VERTEX_POINT('',#9894);
#9896=CARTESIAN_POINT('',(-1.025E0,0.E0,-5.E0));
#9897=CARTESIAN_POINT('',(1.025E0,0.E0,-5.E0));
#9898=VERTEX_POINT('',#9896);
#9899=VERTEX_POINT('',#9897);
#9900=CARTESIAN_POINT('',(1.25E0,0.E0,-4.775E0));
#9901=CARTESIAN_POINT('',(0.E0,-1.25E0,-4.775E0));
#9902=VERTEX_POINT('',#9900);
#9903=VERTEX_POINT('',#9901);
#9904=CARTESIAN_POINT('',(0.E0,1.25E0,-4.775E0));
#9905=VERTEX_POINT('',#9904);
#9906=CARTESIAN_POINT('',(-1.25E0,0.E0,-4.775E0));
#9907=VERTEX_POINT('',#9906);
#9908=CARTESIAN_POINT('',(0.E0,0.E0,-5.E0));
#9909=DIRECTION('',(0.E0,0.E0,-1.E0));
#9910=DIRECTION('',(0.E0,-1.E0,0.E0));
#9911=AXIS2_PLACEMENT_3D('',#9908,#9909,#9910);
#9912=PLANE('',#9911);
#9914=ORIENTED_EDGE('',*,*,#9913,.T.);
#9916=ORIENTED_EDGE('',*,*,#9915,.T.);
#9917=EDGE_LOOP('',(#9914,#9916));
#9918=FACE_OUTER_BOUND('',#9917,.F.);
#9919=ADVANCED_FACE('',(#9918),#9912,.T.);
#9920=CARTESIAN_POINT('',(0.E0,0.E0,-4.8875E0));
#9921=DIRECTION('',(0.E0,0.E0,1.E0));
#9922=DIRECTION('',(-1.E0,0.E0,0.E0));
#9923=AXIS2_PLACEMENT_3D('',#9920,#9921,#9922);
#9924=CONICAL_SURFACE('',#9923,1.1375E0,4.5E1);
#9925=ORIENTED_EDGE('',*,*,#9913,.F.);
#9927=ORIENTED_EDGE('',*,*,#9926,.F.);
#9929=ORIENTED_EDGE('',*,*,#9928,.F.);
#9931=ORIENTED_EDGE('',*,*,#9930,.F.);
#9933=ORIENTED_EDGE('',*,*,#9932,.T.);
#9934=EDGE_LOOP('',(#9925,#9927,#9929,#9931,#9933));
#9935=FACE_OUTER_BOUND('',#9934,.F.);
#9936=ADVANCED_FACE('',(#9935),#9924,.T.);
#9937=CARTESIAN_POINT('',(0.E0,0.E0,-4.8875E0));
#9938=DIRECTION('',(0.E0,0.E0,1.E0));
#9939=DIRECTION('',(-1.E0,0.E0,0.E0));
#9940=AXIS2_PLACEMENT_3D('',#9937,#9938,#9939);
#9941=CONICAL_SURFACE('',#9940,1.1375E0,4.5E1);
#9942=ORIENTED_EDGE('',*,*,#9915,.F.);
#9943=ORIENTED_EDGE('',*,*,#9932,.F.);
#9945=ORIENTED_EDGE('',*,*,#9944,.F.);
#9947=ORIENTED_EDGE('',*,*,#9946,.F.);
#9948=ORIENTED_EDGE('',*,*,#9926,.T.);
#9949=EDGE_LOOP('',(#9942,#9943,#9945,#9947,#9948));
#9950=FACE_OUTER_BOUND('',#9949,.F.);
#9951=ADVANCED_FACE('',(#9950),#9941,.T.);
#9952=CARTESIAN_POINT('',(0.E0,0.E0,2.875E0));
#9953=DIRECTION('',(0.E0,0.E0,-1.E0));
#9954=DIRECTION('',(0.E0,-1.E0,0.E0));
#9955=AXIS2_PLACEMENT_3D('',#9952,#9953,#9954);
#9956=CYLINDRICAL_SURFACE('',#9955,1.25E0);
#9957=ORIENTED_EDGE('',*,*,#9930,.T.);
#9959=ORIENTED_EDGE('',*,*,#9958,.T.);
#9961=ORIENTED_EDGE('',*,*,#9960,.F.);
#9963=ORIENTED_EDGE('',*,*,#9962,.F.);
#9964=ORIENTED_EDGE('',*,*,#9944,.T.);
#9965=EDGE_LOOP('',(#9957,#9959,#9961,#9963,#9964));
#9966=FACE_OUTER_BOUND('',#9965,.F.);
#9967=ADVANCED_FACE('',(#9966),#9956,.T.);
#9968=CARTESIAN_POINT('',(0.E0,0.E0,2.875E0));
#9969=DIRECTION('',(0.E0,0.E0,-1.E0));
#9970=DIRECTION('',(0.E0,-1.E0,0.E0));
#9971=AXIS2_PLACEMENT_3D('',#9968,#9969,#9970);
#9972=CYLINDRICAL_SURFACE('',#9971,1.25E0);
#9973=ORIENTED_EDGE('',*,*,#9928,.T.);
#9974=ORIENTED_EDGE('',*,*,#9946,.T.);
#9975=ORIENTED_EDGE('',*,*,#9962,.T.);
#9977=ORIENTED_EDGE('',*,*,#9976,.T.);
#9978=ORIENTED_EDGE('',*,*,#9958,.F.);
#9979=EDGE_LOOP('',(#9973,#9974,#9975,#9977,#9978));
#9980=FACE_OUTER_BOUND('',#9979,.F.);
#9981=ADVANCED_FACE('',(#9980),#9972,.T.);
#9982=CARTESIAN_POINT('',(0.E0,0.E0,0.E0));
#9983=DIRECTION('',(0.E0,0.E0,-1.E0));
#9984=DIRECTION('',(0.E0,-1.E0,0.E0));
#9985=AXIS2_PLACEMENT_3D('',#9982,#9983,#9984);
#9986=PLANE('',#9985);
#9988=ORIENTED_EDGE('',*,*,#9987,.T.);
#9990=ORIENTED_EDGE('',*,*,#9989,.F.);
#9991=EDGE_LOOP('',(#9988,#9990));
#9992=FACE_OUTER_BOUND('',#9991,.F.);
#9993=ORIENTED_EDGE('',*,*,#9960,.T.);
#9994=ORIENTED_EDGE('',*,*,#9976,.F.);
#9995=EDGE_LOOP('',(#9993,#9994));
#9996=FACE_BOUND('',#9995,.F.);
#9997=ADVANCED_FACE('',(#9992,#9996),#9986,.T.);
#9998=CARTESIAN_POINT('',(0.E0,0.E0,2.875E0));
#9999=DIRECTION('',(0.E0,0.E0,-1.E0));
#10000=DIRECTION('',(0.E0,-1.E0,0.E0));
#10001=AXIS2_PLACEMENT_3D('',#9998,#9999,#10000);
#10002=CYLINDRICAL_SURFACE('',#10001,2.25E0);
#10004=ORIENTED_EDGE('',*,*,#10003,.F.);
#10006=ORIENTED_EDGE('',*,*,#10005,.F.);
#10007=ORIENTED_EDGE('',*,*,#9987,.F.);
#10009=ORIENTED_EDGE('',*,*,#10008,.T.);
#10011=ORIENTED_EDGE('',*,*,#10010,.F.);
#10012=EDGE_LOOP('',(#10004,#10006,#10007,#10009,#10011));
#10013=FACE_OUTER_BOUND('',#10012,.F.);
#10014=ADVANCED_FACE('',(#10013),#10002,.T.);
#10015=CARTESIAN_POINT('',(0.E0,0.E0,2.4375E0));
#10016=DIRECTION('',(0.E0,0.E0,-1.E0));
#10017=DIRECTION('',(1.E0,0.E0,0.E0));
#10018=AXIS2_PLACEMENT_3D('',#10015,#10016,#10017);
#10019=CONICAL_SURFACE('',#10018,2.141746824527E0,6.E1);
#10021=ORIENTED_EDGE('',*,*,#10020,.T.);
#10022=ORIENTED_EDGE('',*,*,#10003,.T.);
#10024=ORIENTED_EDGE('',*,*,#10023,.F.);
#10026=ORIENTED_EDGE('',*,*,#10025,.T.);
#10028=ORIENTED_EDGE('',*,*,#10027,.T.);
#10029=EDGE_LOOP('',(#10021,#10022,#10024,#10026,#10028));
#10030=FACE_OUTER_BOUND('',#10029,.F.);
#10031=ADVANCED_FACE('',(#10030),#10019,.T.);
#10032=CARTESIAN_POINT('',(0.E0,0.E0,2.875E0));
#10033=DIRECTION('',(0.E0,0.E0,-1.E0));
#10034=DIRECTION('',(0.E0,-1.E0,0.E0));
#10035=AXIS2_PLACEMENT_3D('',#10032,#10033,#10034);
#10036=CYLINDRICAL_SURFACE('',#10035,2.25E0);
#10037=ORIENTED_EDGE('',*,*,#10020,.F.);
#10039=ORIENTED_EDGE('',*,*,#10038,.F.);
#10040=ORIENTED_EDGE('',*,*,#10008,.F.);
#10041=ORIENTED_EDGE('',*,*,#9989,.T.);
#10042=ORIENTED_EDGE('',*,*,#10005,.T.);
#10043=EDGE_LOOP('',(#10037,#10039,#10040,#10041,#10042));
#10044=FACE_OUTER_BOUND('',#10043,.F.);
#10045=ADVANCED_FACE('',(#10044),#10036,.T.);
#10046=CARTESIAN_POINT('',(0.E0,0.E0,2.4375E0));
#10047=DIRECTION('',(0.E0,0.E0,-1.E0));
#10048=DIRECTION('',(1.E0,0.E0,0.E0));
#10049=AXIS2_PLACEMENT_3D('',#10046,#10047,#10048);
#10050=CONICAL_SURFACE('',#10049,2.141746824527E0,6.E1);
#10051=ORIENTED_EDGE('',*,*,#10038,.T.);
#10052=ORIENTED_EDGE('',*,*,#10027,.F.);
#10054=ORIENTED_EDGE('',*,*,#10053,.T.);
#10055=ORIENTED_EDGE('',*,*,#10023,.T.);
#10056=ORIENTED_EDGE('',*,*,#10010,.T.);
#10057=EDGE_LOOP('',(#10051,#10052,#10054,#10055,#10056));
#10058=FACE_OUTER_BOUND('',#10057,.F.);
#10059=ADVANCED_FACE('',(#10058),#10050,.T.);
#10060=CARTESIAN_POINT('',(0.E0,0.E0,2.5E0));
#10061=DIRECTION('',(0.E0,0.E0,-1.E0));
#10062=DIRECTION('',(0.E0,-1.E0,0.E0));
#10063=AXIS2_PLACEMENT_3D('',#10060,#10061,#10062);
#10064=PLANE('',#10063);
#10065=ORIENTED_EDGE('',*,*,#10025,.F.);
#10066=ORIENTED_EDGE('',*,*,#10053,.F.);
#10067=EDGE_LOOP('',(#10065,#10066));
#10068=FACE_OUTER_BOUND('',#10067,.F.);
#10070=ORIENTED_EDGE('',*,*,#10069,.T.);
#10072=ORIENTED_EDGE('',*,*,#10071,.T.);
#10074=ORIENTED_EDGE('',*,*,#10073,.T.);
#10076=ORIENTED_EDGE('',*,*,#10075,.T.);
#10078=ORIENTED_EDGE('',*,*,#10077,.T.);
#10080=ORIENTED_EDGE('',*,*,#10079,.T.);
#10081=EDGE_LOOP('',(#10070,#10072,#10074,#10076,#10078,#10080));
#10082=FACE_BOUND('',#10081,.F.);
#10083=ADVANCED_FACE('',(#10068,#10082),#10064,.F.);
#10084=CARTESIAN_POINT('',(0.E0,1.154700538379E0,2.5E0));
#10085=DIRECTION('',(-5.E-1,8.660254037844E-1,0.E0));
#10086=DIRECTION('',(-8.660254037844E-1,-5.E-1,0.E0));
#10087=AXIS2_PLACEMENT_3D('',#10084,#10085,#10086);
#10088=PLANE('',#10087);
#10089=ORIENTED_EDGE('',*,*,#10069,.F.);
#10091=ORIENTED_EDGE('',*,*,#10090,.T.);
#10093=ORIENTED_EDGE('',*,*,#10092,.T.);
#10095=ORIENTED_EDGE('',*,*,#10094,.F.);
#10096=EDGE_LOOP('',(#10089,#10091,#10093,#10095));
#10097=FACE_OUTER_BOUND('',#10096,.F.);
#10098=ADVANCED_FACE('',(#10097),#10088,.F.);
#10099=CARTESIAN_POINT('',(1.E0,5.773502691896E-1,2.5E0));
#10100=DIRECTION('',(5.E-1,8.660254037844E-1,0.E0));
#10101=DIRECTION('',(-8.660254037844E-1,5.E-1,0.E0));
#10102=AXIS2_PLACEMENT_3D('',#10099,#10100,#10101);
#10103=PLANE('',#10102);
#10104=ORIENTED_EDGE('',*,*,#10079,.F.);
#10106=ORIENTED_EDGE('',*,*,#10105,.T.);
#10108=ORIENTED_EDGE('',*,*,#10107,.T.);
#10109=ORIENTED_EDGE('',*,*,#10090,.F.);
#10110=EDGE_LOOP('',(#10104,#10106,#10108,#10109));
#10111=FACE_OUTER_BOUND('',#10110,.F.);
#10112=ADVANCED_FACE('',(#10111),#10103,.F.);
#10113=CARTESIAN_POINT('',(1.E0,-5.773502691896E-1,2.5E0));
#10114=DIRECTION('',(1.E0,0.E0,0.E0));
#10115=DIRECTION('',(0.E0,1.E0,0.E0));
#10116=AXIS2_PLACEMENT_3D('',#10113,#10114,#10115);
#10117=PLANE('',#10116);
#10118=ORIENTED_EDGE('',*,*,#10077,.F.);
#10120=ORIENTED_EDGE('',*,*,#10119,.T.);
#10122=ORIENTED_EDGE('',*,*,#10121,.T.);
#10123=ORIENTED_EDGE('',*,*,#10105,.F.);
#10124=EDGE_LOOP('',(#10118,#10120,#10122,#10123));
#10125=FACE_OUTER_BOUND('',#10124,.F.);
#10126=ADVANCED_FACE('',(#10125),#10117,.F.);
#10127=CARTESIAN_POINT('',(0.E0,-1.154700538379E0,2.5E0));
#10128=DIRECTION('',(5.E-1,-8.660254037844E-1,0.E0));
#10129=DIRECTION('',(8.660254037844E-1,5.E-1,0.E0));
#10130=AXIS2_PLACEMENT_3D('',#10127,#10128,#10129);
#10131=PLANE('',#10130);
#10132=ORIENTED_EDGE('',*,*,#10075,.F.);
#10134=ORIENTED_EDGE('',*,*,#10133,.T.);
#10136=ORIENTED_EDGE('',*,*,#10135,.T.);
#10137=ORIENTED_EDGE('',*,*,#10119,.F.);
#10138=EDGE_LOOP('',(#10132,#10134,#10136,#10137));
#10139=FACE_OUTER_BOUND('',#10138,.F.);
#10140=ADVANCED_FACE('',(#10139),#10131,.F.);
#10141=CARTESIAN_POINT('',(-1.E0,-5.773502691896E-1,2.5E0));
#10142=DIRECTION('',(-5.E-1,-8.660254037844E-1,0.E0));
#10143=DIRECTION('',(8.660254037844E-1,-5.E-1,0.E0));
#10144=AXIS2_PLACEMENT_3D('',#10141,#10142,#10143);
#10145=PLANE('',#10144);
#10146=ORIENTED_EDGE('',*,*,#10073,.F.);
#10148=ORIENTED_EDGE('',*,*,#10147,.T.);
#10150=ORIENTED_EDGE('',*,*,#10149,.T.);
#10151=ORIENTED_EDGE('',*,*,#10133,.F.);
#10152=EDGE_LOOP('',(#10146,#10148,#10150,#10151));
#10153=FACE_OUTER_BOUND('',#10152,.F.);
#10154=ADVANCED_FACE('',(#10153),#10145,.F.);
#10155=CARTESIAN_POINT('',(-1.E0,5.773502691896E-1,2.5E0));
#10156=DIRECTION('',(-1.E0,0.E0,0.E0));
#10157=DIRECTION('',(0.E0,-1.E0,0.E0));
#10158=AXIS2_PLACEMENT_3D('',#10155,#10156,#10157);
#10159=PLANE('',#10158);
#10160=ORIENTED_EDGE('',*,*,#10071,.F.);
#10161=ORIENTED_EDGE('',*,*,#10094,.T.);
#10163=ORIENTED_EDGE('',*,*,#10162,.T.);
#10164=ORIENTED_EDGE('',*,*,#10147,.F.);
#10165=EDGE_LOOP('',(#10160,#10161,#10163,#10164));
#10166=FACE_OUTER_BOUND('',#10165,.F.);
#10167=ADVANCED_FACE('',(#10166),#10159,.F.);
#10168=CARTESIAN_POINT('',(0.E0,0.E0,1.25E0));
#10169=DIRECTION('',(0.E0,0.E0,1.E0));
#10170=DIRECTION('',(1.E0,0.E0,0.E0));
#10171=AXIS2_PLACEMENT_3D('',#10168,#10169,#10170);
#10172=PLANE('',#10171);
#10173=ORIENTED_EDGE('',*,*,#10092,.F.);
#10174=ORIENTED_EDGE('',*,*,#10107,.F.);
#10175=ORIENTED_EDGE('',*,*,#10121,.F.);
#10176=ORIENTED_EDGE('',*,*,#10135,.F.);
#10177=ORIENTED_EDGE('',*,*,#10149,.F.);
#10178=ORIENTED_EDGE('',*,*,#10162,.F.);
#10179=EDGE_LOOP('',(#10173,#10174,#10175,#10176,#10177,#10178));
#10180=FACE_OUTER_BOUND('',#10179,.F.);
#10181=ADVANCED_FACE('',(#10180),#10172,.T.);
#10182=CLOSED_SHELL('',(#9919,#9936,#9951,#9967,#9981,#9997,#10014,#10031,
#10045,#10059,#10083,#10098,#10112,#10126,#10140,#10154,#10167,#10181));
#10183=CARTESIAN_POINT('',(0.E0,0.E0,-5.E0));
#10184=DIRECTION('',(0.E0,0.E0,-1.E0));
#10185=DIRECTION('',(1.E0,0.E0,0.E0));
#10186=AXIS2_PLACEMENT_3D('',#10183,#10184,#10185);
#10188=DIRECTION('',(0.E0,0.E0,-1.E0));
#10189=VECTOR('',#10188,5.E0);
#10190=CARTESIAN_POINT('',(1.025E0,0.E0,0.E0));
#10191=LINE('',#10190,#10189);
#10192=CARTESIAN_POINT('',(0.E0,0.E0,-5.E0));
#10193=DIRECTION('',(0.E0,0.E0,-1.E0));
#10194=DIRECTION('',(-1.E0,0.E0,0.E0));
#10195=AXIS2_PLACEMENT_3D('',#10192,#10193,#10194);
#10197=DIRECTION('',(0.E0,0.E0,-1.E0));
#10198=VECTOR('',#10197,5.E0);
#10199=CARTESIAN_POINT('',(-1.025E0,0.E0,0.E0));
#10200=LINE('',#10199,#10198);
#10201=CARTESIAN_POINT('',(0.E0,0.E0,0.E0));
#10202=DIRECTION('',(0.E0,0.E0,1.E0));
#10203=DIRECTION('',(1.E0,0.E0,0.E0));
#10204=AXIS2_PLACEMENT_3D('',#10201,#10202,#10203);
#10206=CARTESIAN_POINT('',(0.E0,0.E0,0.E0));
#10207=DIRECTION('',(0.E0,0.E0,1.E0));
#10208=DIRECTION('',(-1.E0,0.E0,0.E0));
#10209=AXIS2_PLACEMENT_3D('',#10206,#10207,#10208);
#10211=CARTESIAN_POINT('',(0.E0,0.E0,0.E0));
#10212=DIRECTION('',(0.E0,0.E0,1.E0));
#10213=DIRECTION('',(1.E0,0.E0,0.E0));
#10214=AXIS2_PLACEMENT_3D('',#10211,#10212,#10213);
#10216=CARTESIAN_POINT('',(0.E0,0.E0,0.E0));
#10217=DIRECTION('',(0.E0,0.E0,1.E0));
#10218=DIRECTION('',(-1.E0,0.E0,0.E0));
#10219=AXIS2_PLACEMENT_3D('',#10216,#10217,#10218);
#10221=CARTESIAN_POINT('',(1.025E0,0.E0,-5.E0));
#10222=CARTESIAN_POINT('',(-1.025E0,0.E0,-5.E0));
#10223=VERTEX_POINT('',#10221);
#10224=VERTEX_POINT('',#10222);
#10225=CARTESIAN_POINT('',(1.025E0,0.E0,0.E0));
#10226=CARTESIAN_POINT('',(-1.025E0,0.E0,0.E0));
#10227=VERTEX_POINT('',#10225);
#10228=VERTEX_POINT('',#10226);
#10229=CARTESIAN_POINT('',(-1.25E0,0.E0,0.E0));
#10230=CARTESIAN_POINT('',(1.25E0,0.E0,0.E0));
#10231=VERTEX_POINT('',#10229);
#10232=VERTEX_POINT('',#10230);
#10233=CARTESIAN_POINT('',(0.E0,0.E0,-5.E0));
#10234=DIRECTION('',(0.E0,0.E0,-1.E0));
#10235=DIRECTION('',(-1.E0,0.E0,0.E0));
#10236=AXIS2_PLACEMENT_3D('',#10233,#10234,#10235);
#10237=CYLINDRICAL_SURFACE('',#10236,1.025E0);
#10239=ORIENTED_EDGE('',*,*,#10238,.T.);
#10241=ORIENTED_EDGE('',*,*,#10240,.F.);
#10243=ORIENTED_EDGE('',*,*,#10242,.T.);
#10245=ORIENTED_EDGE('',*,*,#10244,.T.);
#10246=EDGE_LOOP('',(#10239,#10241,#10243,#10245));
#10247=FACE_OUTER_BOUND('',#10246,.F.);
#10248=ADVANCED_FACE('',(#10247),#10237,.T.);
#10249=CARTESIAN_POINT('',(0.E0,0.E0,-5.E0));
#10250=DIRECTION('',(0.E0,0.E0,-1.E0));
#10251=DIRECTION('',(-1.E0,0.E0,0.E0));
#10252=AXIS2_PLACEMENT_3D('',#10249,#10250,#10251);
#10253=CYLINDRICAL_SURFACE('',#10252,1.025E0);
#10255=ORIENTED_EDGE('',*,*,#10254,.T.);
#10256=ORIENTED_EDGE('',*,*,#10244,.F.);
#10258=ORIENTED_EDGE('',*,*,#10257,.T.);
#10259=ORIENTED_EDGE('',*,*,#10240,.T.);
#10260=EDGE_LOOP('',(#10255,#10256,#10258,#10259));
#10261=FACE_OUTER_BOUND('',#10260,.F.);
#10262=ADVANCED_FACE('',(#10261),#10253,.T.);
#10263=CARTESIAN_POINT('',(0.E0,0.E0,0.E0));
#10264=DIRECTION('',(0.E0,0.E0,-1.E0));
#10265=DIRECTION('',(-1.E0,0.E0,0.E0));
#10266=AXIS2_PLACEMENT_3D('',#10263,#10264,#10265);
#10267=PLANE('',#10266);
#10269=ORIENTED_EDGE('',*,*,#10268,.T.);
#10271=ORIENTED_EDGE('',*,*,#10270,.T.);
#10272=EDGE_LOOP('',(#10269,#10271));
#10273=FACE_OUTER_BOUND('',#10272,.F.);
#10274=ORIENTED_EDGE('',*,*,#10257,.F.);
#10275=ORIENTED_EDGE('',*,*,#10242,.F.);
#10276=EDGE_LOOP('',(#10274,#10275));
#10277=FACE_BOUND('',#10276,.F.);
#10278=ADVANCED_FACE('',(#10273,#10277),#10267,.T.);
#10279=OPEN_SHELL('',(#10248,#10262,#10278));
#10280=MANIFOLD_SOLID_BREP('',#10182);
#10281=SHELL_BASED_SURFACE_MODEL('',(#10279));
#10283=DIMENSIONAL_EXPONENTS(0.E0,0.E0,0.E0,0.E0,0.E0,0.E0,0.E0);
#10285=PLANE_ANGLE_MEASURE_WITH_UNIT(PLANE_ANGLE_MEASURE(1.745329251994E-2),
#10284);
#10286=(CONVERSION_BASED_UNIT('DEGREE',#10285)NAMED_UNIT(*)PLANE_ANGLE_UNIT());
#10288=UNCERTAINTY_MEASURE_WITH_UNIT(LENGTH_MEASURE(9.837460453596E-4),#10282,
'closure',
'Maximum model space distance between geometric entities at asserted connectivities');
#10289=(GEOMETRIC_REPRESENTATION_CONTEXT(3)GLOBAL_UNCERTAINTY_ASSIGNED_CONTEXT((
#10288))GLOBAL_UNIT_ASSIGNED_CONTEXT((#10282,#10286,#10287))REPRESENTATION_CONTEXT('ID6','3'));
#10290=CARTESIAN_POINT('',(0.E0,0.E0,0.E0));
#10291=DIRECTION('',(0.E0,0.E0,1.E0));
#10292=DIRECTION('',(1.E0,0.E0,0.E0));
#10295=CARTESIAN_POINT('',(0.E0,0.E0,0.E0));
#10296=DIRECTION('',(0.E0,0.E0,1.E0));
#10297=DIRECTION('',(1.E0,0.E0,0.E0));
#10300=CARTESIAN_POINT('',(0.E0,0.E0,0.E0));
#10301=DIRECTION('',(0.E0,0.E0,1.E0));
#10302=DIRECTION('',(1.E0,0.E0,0.E0));
#10305=SHAPE_REPRESENTATION_RELATIONSHIP('','',#10304,#10294);
#10306=SHAPE_REPRESENTATION_RELATIONSHIP('','',#10304,#10299);
#10307=MECHANICAL_CONTEXT('',#5392,'mechanical');
#10308=PRODUCT('WBH_M2_5X5','WBH_M2_5X5','NOT SPECIFIED',(#10307));
#10309=PRODUCT_DEFINITION_FORMATION_WITH_SPECIFIED_SOURCE('1','LAST_VERSION',
#10308,.MADE.);
#10315=CARTESIAN_POINT('',(-1.1E1,2.E0,8.E0));
#10316=DIRECTION('',(0.E0,1.E0,0.E0));
#10317=DIRECTION('',(-1.E0,0.E0,0.E0));
#10318=AXIS2_PLACEMENT_3D('',#10315,#10316,#10317);
#10319=ITEM_DEFINED_TRANSFORMATION('','',#10303,#10318);
#10320=(REPRESENTATION_RELATIONSHIP('','',#10304,#5403)REPRESENTATION_RELATIONSHIP_WITH_TRANSFORMATION(#10319)SHAPE_REPRESENTATION_RELATIONSHIP());
#10321=CONTEXT_DEPENDENT_SHAPE_REPRESENTATION(#10320,#10314);
#10324=CARTESIAN_POINT('',(1.1E1,2.E0,8.E0));
#10325=DIRECTION('',(0.E0,1.E0,0.E0));
#10326=DIRECTION('',(-1.E0,0.E0,0.E0));
#10327=AXIS2_PLACEMENT_3D('',#10324,#10325,#10326);
#10328=ITEM_DEFINED_TRANSFORMATION('','',#10303,#10327);
#10329=(REPRESENTATION_RELATIONSHIP('','',#10304,#5403)REPRESENTATION_RELATIONSHIP_WITH_TRANSFORMATION(#10328)SHAPE_REPRESENTATION_RELATIONSHIP());
#10330=CONTEXT_DEPENDENT_SHAPE_REPRESENTATION(#10329,#10323);
#10331=CARTESIAN_POINT('',(0.E0,0.E0,-8.E0));
#10332=DIRECTION('',(0.E0,0.E0,1.E0));
#10333=DIRECTION('',(-1.E0,0.E0,0.E0));
#10334=AXIS2_PLACEMENT_3D('',#10331,#10332,#10333);
#10336=CARTESIAN_POINT('',(0.E0,0.E0,-8.E0));
#10337=DIRECTION('',(0.E0,0.E0,1.E0));
#10338=DIRECTION('',(1.E0,0.E0,0.E0));
#10339=AXIS2_PLACEMENT_3D('',#10336,#10337,#10338);
#10341=CARTESIAN_POINT('',(0.E0,0.E0,-7.75E0));
#10342=DIRECTION('',(0.E0,0.E0,-1.E0));
#10343=DIRECTION('',(0.E0,-1.E0,0.E0));
#10344=AXIS2_PLACEMENT_3D('',#10341,#10342,#10343);
#10346=CARTESIAN_POINT('',(0.E0,0.E0,-7.75E0));
#10347=DIRECTION('',(0.E0,0.E0,-1.E0));
#10348=DIRECTION('',(1.E0,0.E0,0.E0));
#10349=AXIS2_PLACEMENT_3D('',#10346,#10347,#10348);
#10351=DIRECTION('',(-7.071067811865E-1,0.E0,-7.071067811865E-1));
#10352=VECTOR('',#10351,3.535533905933E-1);
#10353=CARTESIAN_POINT('',(1.5E0,0.E0,-7.75E0));
#10354=LINE('',#10353,#10352);
#10355=CARTESIAN_POINT('',(0.E0,0.E0,-7.75E0));
#10356=DIRECTION('',(0.E0,0.E0,-1.E0));
#10357=DIRECTION('',(0.E0,1.E0,0.E0));
#10358=AXIS2_PLACEMENT_3D('',#10355,#10356,#10357);
#10360=CARTESIAN_POINT('',(0.E0,0.E0,-7.75E0));
#10361=DIRECTION('',(0.E0,0.E0,-1.E0));
#10362=DIRECTION('',(-1.E0,0.E0,0.E0));
#10363=AXIS2_PLACEMENT_3D('',#10360,#10361,#10362);
#10365=DIRECTION('',(7.071067811865E-1,0.E0,-7.071067811865E-1));
#10366=VECTOR('',#10365,3.535533905933E-1);
#10367=CARTESIAN_POINT('',(-1.5E0,0.E0,-7.75E0));
#10368=LINE('',#10367,#10366);
#10369=DIRECTION('',(0.E0,0.E0,1.E0));
#10370=VECTOR('',#10369,7.75E0);
#10371=CARTESIAN_POINT('',(0.E0,1.5E0,-7.75E0));
#10372=LINE('',#10371,#10370);
#10373=DIRECTION('',(0.E0,0.E0,1.E0));
#10374=VECTOR('',#10373,7.75E0);
#10375=CARTESIAN_POINT('',(0.E0,-1.5E0,-7.75E0));
#10376=LINE('',#10375,#10374);
#10377=CARTESIAN_POINT('',(0.E0,0.E0,0.E0));
#10378=DIRECTION('',(0.E0,0.E0,-1.E0));
#10379=DIRECTION('',(0.E0,1.E0,0.E0));
#10380=AXIS2_PLACEMENT_3D('',#10377,#10378,#10379);
#10382=CARTESIAN_POINT('',(0.E0,0.E0,0.E0));
#10383=DIRECTION('',(0.E0,0.E0,1.E0));
#10384=DIRECTION('',(0.E0,1.E0,0.E0));
#10385=AXIS2_PLACEMENT_3D('',#10382,#10383,#10384);
#10387=DIRECTION('',(0.E0,0.E0,1.E0));
#10388=VECTOR('',#10387,2.85E0);
#10389=CARTESIAN_POINT('',(0.E0,-2.75E0,0.E0));
#10390=LINE('',#10389,#10388);
#10391=CARTESIAN_POINT('',(0.E0,0.E0,0.E0));
#10392=DIRECTION('',(0.E0,0.E0,1.E0));
#10393=DIRECTION('',(0.E0,1.E0,0.E0));
#10394=AXIS2_PLACEMENT_3D('',#10391,#10392,#10393);
#10396=DIRECTION('',(0.E0,0.E0,1.E0));
#10397=VECTOR('',#10396,2.85E0);
#10398=CARTESIAN_POINT('',(0.E0,2.75E0,0.E0));
#10399=LINE('',#10398,#10397);
#10400=CARTESIAN_POINT('',(0.E0,0.E0,2.85E0));
#10401=DIRECTION('',(0.E0,0.E0,-1.E0));
#10402=DIRECTION('',(1.E0,0.E0,0.E0));
#10403=AXIS2_PLACEMENT_3D('',#10400,#10401,#10402);
#10405=CARTESIAN_POINT('',(0.E0,0.E0,2.85E0));
#10406=DIRECTION('',(0.E0,0.E0,-1.E0));
#10407=DIRECTION('',(0.E0,-1.E0,0.E0));
#10408=AXIS2_PLACEMENT_3D('',#10405,#10406,#10407);
#10410=CARTESIAN_POINT('',(0.E0,0.E0,0.E0));
#10411=DIRECTION('',(0.E0,0.E0,-1.E0));
#10412=DIRECTION('',(0.E0,1.E0,0.E0));
#10413=AXIS2_PLACEMENT_3D('',#10410,#10411,#10412);
#10415=CARTESIAN_POINT('',(0.E0,0.E0,2.85E0));
#10416=DIRECTION('',(0.E0,0.E0,-1.E0));
#10417=DIRECTION('',(0.E0,1.E0,0.E0));
#10418=AXIS2_PLACEMENT_3D('',#10415,#10416,#10417);
#10420=DIRECTION('',(8.660254037844E-1,0.E0,-5.E-1));
#10421=VECTOR('',#10420,3.E-1);
#10422=CARTESIAN_POINT('',(2.490192378865E0,0.E0,3.E0));
#10423=LINE('',#10422,#10421);
#10424=DIRECTION('',(-8.660254037844E-1,0.E0,-5.E-1));
#10425=VECTOR('',#10424,3.E-1);
#10426=CARTESIAN_POINT('',(-2.490192378865E0,0.E0,3.E0));
#10427=LINE('',#10426,#10425);
#10428=CARTESIAN_POINT('',(0.E0,0.E0,2.85E0));
#10429=DIRECTION('',(0.E0,0.E0,-1.E0));
#10430=DIRECTION('',(-1.E0,0.E0,0.E0));
#10431=AXIS2_PLACEMENT_3D('',#10428,#10429,#10430);
#10433=DIRECTION('',(-8.660254037844E-1,-5.E-1,0.E0));
#10434=VECTOR('',#10433,1.443375672974E0);
#10435=CARTESIAN_POINT('',(0.E0,1.443375672974E0,3.E0));
#10436=LINE('',#10435,#10434);
#10437=DIRECTION('',(0.E0,-1.E0,0.E0));
#10438=VECTOR('',#10437,1.443375672974E0);
#10439=CARTESIAN_POINT('',(-1.25E0,7.216878364870E-1,3.E0));
#10440=LINE('',#10439,#10438);
#10441=DIRECTION('',(8.660254037844E-1,-5.E-1,0.E0));
#10442=VECTOR('',#10441,1.443375672974E0);
#10443=CARTESIAN_POINT('',(-1.25E0,-7.216878364870E-1,3.E0));
#10444=LINE('',#10443,#10442);
#10445=DIRECTION('',(8.660254037844E-1,5.E-1,0.E0));
#10446=VECTOR('',#10445,1.443375672974E0);
#10447=CARTESIAN_POINT('',(0.E0,-1.443375672974E0,3.E0));
#10448=LINE('',#10447,#10446);
#10449=DIRECTION('',(0.E0,1.E0,0.E0));
#10450=VECTOR('',#10449,1.443375672974E0);
#10451=CARTESIAN_POINT('',(1.25E0,-7.216878364870E-1,3.E0));
#10452=LINE('',#10451,#10450);
#10453=DIRECTION('',(-8.660254037844E-1,5.E-1,0.E0));
#10454=VECTOR('',#10453,1.443375672974E0);
#10455=CARTESIAN_POINT('',(1.25E0,7.216878364870E-1,3.E0));
#10456=LINE('',#10455,#10454);
#10457=CARTESIAN_POINT('',(0.E0,0.E0,3.E0));
#10458=DIRECTION('',(0.E0,0.E0,1.E0));
#10459=DIRECTION('',(-1.E0,0.E0,0.E0));
#10460=AXIS2_PLACEMENT_3D('',#10457,#10458,#10459);
#10462=CARTESIAN_POINT('',(0.E0,0.E0,3.E0));
#10463=DIRECTION('',(0.E0,0.E0,1.E0));
#10464=DIRECTION('',(1.E0,0.E0,0.E0));
#10465=AXIS2_PLACEMENT_3D('',#10462,#10463,#10464);
#10467=DIRECTION('',(0.E0,0.E0,-1.E0));
#10468=VECTOR('',#10467,1.5E0);
#10469=CARTESIAN_POINT('',(0.E0,1.443375672974E0,3.E0));
#10470=LINE('',#10469,#10468);
#10471=DIRECTION('',(0.E0,0.E0,-1.E0));
#10472=VECTOR('',#10471,1.5E0);
#10473=CARTESIAN_POINT('',(1.25E0,7.216878364870E-1,3.E0));
#10474=LINE('',#10473,#10472);
#10475=DIRECTION('',(0.E0,0.E0,-1.E0));
#10476=VECTOR('',#10475,1.5E0);
#10477=CARTESIAN_POINT('',(1.25E0,-7.216878364870E-1,3.E0));
#10478=LINE('',#10477,#10476);
#10479=DIRECTION('',(0.E0,0.E0,-1.E0));
#10480=VECTOR('',#10479,1.5E0);
#10481=CARTESIAN_POINT('',(0.E0,-1.443375672974E0,3.E0));
#10482=LINE('',#10481,#10480);
#10483=DIRECTION('',(0.E0,0.E0,-1.E0));
#10484=VECTOR('',#10483,1.5E0);
#10485=CARTESIAN_POINT('',(-1.25E0,-7.216878364870E-1,3.E0));
#10486=LINE('',#10485,#10484);
#10487=DIRECTION('',(0.E0,0.E0,-1.E0));
#10488=VECTOR('',#10487,1.5E0);
#10489=CARTESIAN_POINT('',(-1.25E0,7.216878364870E-1,3.E0));
#10490=LINE('',#10489,#10488);
#10491=DIRECTION('',(-8.660254037844E-1,-5.E-1,0.E0));
#10492=VECTOR('',#10491,1.443375672974E0);
#10493=CARTESIAN_POINT('',(0.E0,1.443375672974E0,1.5E0));
#10494=LINE('',#10493,#10492);
#10495=DIRECTION('',(-8.660254037844E-1,5.E-1,0.E0));
#10496=VECTOR('',#10495,1.443375672974E0);
#10497=CARTESIAN_POINT('',(1.25E0,7.216878364870E-1,1.5E0));
#10498=LINE('',#10497,#10496);
#10499=DIRECTION('',(0.E0,1.E0,0.E0));
#10500=VECTOR('',#10499,1.443375672974E0);
#10501=CARTESIAN_POINT('',(1.25E0,-7.216878364870E-1,1.5E0));
#10502=LINE('',#10501,#10500);
#10503=DIRECTION('',(8.660254037844E-1,5.E-1,0.E0));
#10504=VECTOR('',#10503,1.443375672974E0);
#10505=CARTESIAN_POINT('',(0.E0,-1.443375672974E0,1.5E0));
#10506=LINE('',#10505,#10504);
#10507=DIRECTION('',(8.660254037844E-1,-5.E-1,0.E0));
#10508=VECTOR('',#10507,1.443375672974E0);
#10509=CARTESIAN_POINT('',(-1.25E0,-7.216878364870E-1,1.5E0));
#10510=LINE('',#10509,#10508);
#10511=DIRECTION('',(0.E0,-1.E0,0.E0));
#10512=VECTOR('',#10511,1.443375672974E0);
#10513=CARTESIAN_POINT('',(-1.25E0,7.216878364870E-1,1.5E0));
#10514=LINE('',#10513,#10512);
#10515=CARTESIAN_POINT('',(0.E0,1.5E0,0.E0));
#10516=CARTESIAN_POINT('',(0.E0,-1.5E0,0.E0));
#10517=VERTEX_POINT('',#10515);
#10518=VERTEX_POINT('',#10516);
#10519=CARTESIAN_POINT('',(0.E0,2.75E0,0.E0));
#10520=CARTESIAN_POINT('',(0.E0,-2.75E0,0.E0));
#10521=VERTEX_POINT('',#10519);
#10522=VERTEX_POINT('',#10520);
#10523=CARTESIAN_POINT('',(0.E0,1.443375672974E0,1.5E0));
#10524=CARTESIAN_POINT('',(-1.25E0,7.216878364870E-1,1.5E0));
#10525=VERTEX_POINT('',#10523);
#10526=VERTEX_POINT('',#10524);
#10527=CARTESIAN_POINT('',(-1.25E0,-7.216878364870E-1,1.5E0));
#10528=VERTEX_POINT('',#10527);
#10529=CARTESIAN_POINT('',(0.E0,-1.443375672974E0,1.5E0));
#10530=VERTEX_POINT('',#10529);
#10531=CARTESIAN_POINT('',(1.25E0,-7.216878364870E-1,1.5E0));
#10532=VERTEX_POINT('',#10531);
#10533=CARTESIAN_POINT('',(1.25E0,7.216878364870E-1,1.5E0));
#10534=VERTEX_POINT('',#10533);
#10535=CARTESIAN_POINT('',(0.E0,1.443375672974E0,3.E0));
#10536=CARTESIAN_POINT('',(-1.25E0,7.216878364870E-1,3.E0));
#10537=VERTEX_POINT('',#10535);
#10538=VERTEX_POINT('',#10536);
#10539=CARTESIAN_POINT('',(-1.25E0,-7.216878364870E-1,3.E0));
#10540=VERTEX_POINT('',#10539);
#10541=CARTESIAN_POINT('',(0.E0,-1.443375672974E0,3.E0));
#10542=VERTEX_POINT('',#10541);
#10543=CARTESIAN_POINT('',(1.25E0,-7.216878364870E-1,3.E0));
#10544=VERTEX_POINT('',#10543);
#10545=CARTESIAN_POINT('',(1.25E0,7.216878364870E-1,3.E0));
#10546=VERTEX_POINT('',#10545);
#10547=CARTESIAN_POINT('',(2.75E0,0.E0,2.85E0));
#10548=CARTESIAN_POINT('',(0.E0,-2.75E0,2.85E0));
#10549=VERTEX_POINT('',#10547);
#10550=VERTEX_POINT('',#10548);
#10551=CARTESIAN_POINT('',(0.E0,2.75E0,2.85E0));
#10552=VERTEX_POINT('',#10551);
#10553=CARTESIAN_POINT('',(-2.490192378865E0,0.E0,3.E0));
#10554=CARTESIAN_POINT('',(2.490192378865E0,0.E0,3.E0));
#10555=VERTEX_POINT('',#10553);
#10556=VERTEX_POINT('',#10554);
#10557=CARTESIAN_POINT('',(-2.75E0,0.E0,2.85E0));
#10558=VERTEX_POINT('',#10557);
#10559=CARTESIAN_POINT('',(-1.25E0,0.E0,-8.E0));
#10560=CARTESIAN_POINT('',(1.25E0,0.E0,-8.E0));
#10561=VERTEX_POINT('',#10559);
#10562=VERTEX_POINT('',#10560);
#10563=CARTESIAN_POINT('',(1.5E0,0.E0,-7.75E0));
#10564=CARTESIAN_POINT('',(0.E0,-1.5E0,-7.75E0));
#10565=VERTEX_POINT('',#10563);
#10566=VERTEX_POINT('',#10564);
#10567=CARTESIAN_POINT('',(0.E0,1.5E0,-7.75E0));
#10568=VERTEX_POINT('',#10567);
#10569=CARTESIAN_POINT('',(-1.5E0,0.E0,-7.75E0));
#10570=VERTEX_POINT('',#10569);
#10571=CARTESIAN_POINT('',(0.E0,0.E0,-8.E0));
#10572=DIRECTION('',(0.E0,0.E0,-1.E0));
#10573=DIRECTION('',(0.E0,-1.E0,0.E0));
#10574=AXIS2_PLACEMENT_3D('',#10571,#10572,#10573);
#10575=PLANE('',#10574);
#10577=ORIENTED_EDGE('',*,*,#10576,.T.);
#10579=ORIENTED_EDGE('',*,*,#10578,.T.);
#10580=EDGE_LOOP('',(#10577,#10579));
#10581=FACE_OUTER_BOUND('',#10580,.F.);
#10582=ADVANCED_FACE('',(#10581),#10575,.T.);
#10583=CARTESIAN_POINT('',(0.E0,0.E0,-7.875E0));
#10584=DIRECTION('',(0.E0,0.E0,1.E0));
#10585=DIRECTION('',(-1.E0,0.E0,0.E0));
#10586=AXIS2_PLACEMENT_3D('',#10583,#10584,#10585);
#10587=CONICAL_SURFACE('',#10586,1.375E0,4.5E1);
#10588=ORIENTED_EDGE('',*,*,#10576,.F.);
#10590=ORIENTED_EDGE('',*,*,#10589,.F.);
#10592=ORIENTED_EDGE('',*,*,#10591,.F.);
#10594=ORIENTED_EDGE('',*,*,#10593,.F.);
#10596=ORIENTED_EDGE('',*,*,#10595,.T.);
#10597=EDGE_LOOP('',(#10588,#10590,#10592,#10594,#10596));
#10598=FACE_OUTER_BOUND('',#10597,.F.);
#10599=ADVANCED_FACE('',(#10598),#10587,.T.);
#10600=CARTESIAN_POINT('',(0.E0,0.E0,-7.875E0));
#10601=DIRECTION('',(0.E0,0.E0,1.E0));
#10602=DIRECTION('',(-1.E0,0.E0,0.E0));
#10603=AXIS2_PLACEMENT_3D('',#10600,#10601,#10602);
#10604=CONICAL_SURFACE('',#10603,1.375E0,4.5E1);
#10605=ORIENTED_EDGE('',*,*,#10578,.F.);
#10606=ORIENTED_EDGE('',*,*,#10595,.F.);
#10608=ORIENTED_EDGE('',*,*,#10607,.F.);
#10610=ORIENTED_EDGE('',*,*,#10609,.F.);
#10611=ORIENTED_EDGE('',*,*,#10589,.T.);
#10612=EDGE_LOOP('',(#10605,#10606,#10608,#10610,#10611));
#10613=FACE_OUTER_BOUND('',#10612,.F.);
#10614=ADVANCED_FACE('',(#10613),#10604,.T.);
#10615=CARTESIAN_POINT('',(0.E0,0.E0,3.55E0));
#10616=DIRECTION('',(0.E0,0.E0,-1.E0));
#10617=DIRECTION('',(0.E0,-1.E0,0.E0));
#10618=AXIS2_PLACEMENT_3D('',#10615,#10616,#10617);
#10619=CYLINDRICAL_SURFACE('',#10618,1.5E0);
#10620=ORIENTED_EDGE('',*,*,#10593,.T.);
#10622=ORIENTED_EDGE('',*,*,#10621,.T.);
#10624=ORIENTED_EDGE('',*,*,#10623,.F.);
#10626=ORIENTED_EDGE('',*,*,#10625,.F.);
#10627=ORIENTED_EDGE('',*,*,#10607,.T.);
#10628=EDGE_LOOP('',(#10620,#10622,#10624,#10626,#10627));
#10629=FACE_OUTER_BOUND('',#10628,.F.);
#10630=ADVANCED_FACE('',(#10629),#10619,.T.);
#10631=CARTESIAN_POINT('',(0.E0,0.E0,3.55E0));
#10632=DIRECTION('',(0.E0,0.E0,-1.E0));
#10633=DIRECTION('',(0.E0,-1.E0,0.E0));
#10634=AXIS2_PLACEMENT_3D('',#10631,#10632,#10633);
#10635=CYLINDRICAL_SURFACE('',#10634,1.5E0);
#10636=ORIENTED_EDGE('',*,*,#10591,.T.);
#10637=ORIENTED_EDGE('',*,*,#10609,.T.);
#10638=ORIENTED_EDGE('',*,*,#10625,.T.);
#10640=ORIENTED_EDGE('',*,*,#10639,.T.);
#10641=ORIENTED_EDGE('',*,*,#10621,.F.);
#10642=EDGE_LOOP('',(#10636,#10637,#10638,#10640,#10641));
#10643=FACE_OUTER_BOUND('',#10642,.F.);
#10644=ADVANCED_FACE('',(#10643),#10635,.T.);
#10645=CARTESIAN_POINT('',(0.E0,0.E0,0.E0));
#10646=DIRECTION('',(0.E0,0.E0,-1.E0));
#10647=DIRECTION('',(0.E0,-1.E0,0.E0));
#10648=AXIS2_PLACEMENT_3D('',#10645,#10646,#10647);
#10649=PLANE('',#10648);
#10651=ORIENTED_EDGE('',*,*,#10650,.T.);
#10653=ORIENTED_EDGE('',*,*,#10652,.F.);
#10654=EDGE_LOOP('',(#10651,#10653));
#10655=FACE_OUTER_BOUND('',#10654,.F.);
#10656=ORIENTED_EDGE('',*,*,#10623,.T.);
#10657=ORIENTED_EDGE('',*,*,#10639,.F.);
#10658=EDGE_LOOP('',(#10656,#10657));
#10659=FACE_BOUND('',#10658,.F.);
#10660=ADVANCED_FACE('',(#10655,#10659),#10649,.T.);
#10661=CARTESIAN_POINT('',(0.E0,0.E0,3.55E0));
#10662=DIRECTION('',(0.E0,0.E0,-1.E0));
#10663=DIRECTION('',(0.E0,-1.E0,0.E0));
#10664=AXIS2_PLACEMENT_3D('',#10661,#10662,#10663);
#10665=CYLINDRICAL_SURFACE('',#10664,2.75E0);
#10667=ORIENTED_EDGE('',*,*,#10666,.F.);
#10669=ORIENTED_EDGE('',*,*,#10668,.F.);
#10670=ORIENTED_EDGE('',*,*,#10650,.F.);
#10672=ORIENTED_EDGE('',*,*,#10671,.T.);
#10674=ORIENTED_EDGE('',*,*,#10673,.F.);
#10675=EDGE_LOOP('',(#10667,#10669,#10670,#10672,#10674));
#10676=FACE_OUTER_BOUND('',#10675,.F.);
#10677=ADVANCED_FACE('',(#10676),#10665,.T.);
#10678=CARTESIAN_POINT('',(0.E0,0.E0,2.925E0));
#10679=DIRECTION('',(0.E0,0.E0,-1.E0));
#10680=DIRECTION('',(1.E0,0.E0,0.E0));
#10681=AXIS2_PLACEMENT_3D('',#10678,#10679,#10680);
#10682=CONICAL_SURFACE('',#10681,2.620096189432E0,6.E1);
#10684=ORIENTED_EDGE('',*,*,#10683,.T.);
#10685=ORIENTED_EDGE('',*,*,#10666,.T.);
#10687=ORIENTED_EDGE('',*,*,#10686,.F.);
#10689=ORIENTED_EDGE('',*,*,#10688,.T.);
#10691=ORIENTED_EDGE('',*,*,#10690,.T.);
#10692=EDGE_LOOP('',(#10684,#10685,#10687,#10689,#10691));
#10693=FACE_OUTER_BOUND('',#10692,.F.);
#10694=ADVANCED_FACE('',(#10693),#10682,.T.);
#10695=CARTESIAN_POINT('',(0.E0,0.E0,3.55E0));
#10696=DIRECTION('',(0.E0,0.E0,-1.E0));
#10697=DIRECTION('',(0.E0,-1.E0,0.E0));
#10698=AXIS2_PLACEMENT_3D('',#10695,#10696,#10697);
#10699=CYLINDRICAL_SURFACE('',#10698,2.75E0);
#10700=ORIENTED_EDGE('',*,*,#10683,.F.);
#10702=ORIENTED_EDGE('',*,*,#10701,.F.);
#10703=ORIENTED_EDGE('',*,*,#10671,.F.);
#10704=ORIENTED_EDGE('',*,*,#10652,.T.);
#10705=ORIENTED_EDGE('',*,*,#10668,.T.);
#10706=EDGE_LOOP('',(#10700,#10702,#10703,#10704,#10705));
#10707=FACE_OUTER_BOUND('',#10706,.F.);
#10708=ADVANCED_FACE('',(#10707),#10699,.T.);
#10709=CARTESIAN_POINT('',(0.E0,0.E0,2.925E0));
#10710=DIRECTION('',(0.E0,0.E0,-1.E0));
#10711=DIRECTION('',(1.E0,0.E0,0.E0));
#10712=AXIS2_PLACEMENT_3D('',#10709,#10710,#10711);
#10713=CONICAL_SURFACE('',#10712,2.620096189432E0,6.E1);
#10714=ORIENTED_EDGE('',*,*,#10701,.T.);
#10715=ORIENTED_EDGE('',*,*,#10690,.F.);
#10717=ORIENTED_EDGE('',*,*,#10716,.T.);
#10718=ORIENTED_EDGE('',*,*,#10686,.T.);
#10719=ORIENTED_EDGE('',*,*,#10673,.T.);
#10720=EDGE_LOOP('',(#10714,#10715,#10717,#10718,#10719));
#10721=FACE_OUTER_BOUND('',#10720,.F.);
#10722=ADVANCED_FACE('',(#10721),#10713,.T.);
#10723=CARTESIAN_POINT('',(0.E0,0.E0,3.E0));
#10724=DIRECTION('',(0.E0,0.E0,-1.E0));
#10725=DIRECTION('',(0.E0,-1.E0,0.E0));
#10726=AXIS2_PLACEMENT_3D('',#10723,#10724,#10725);
#10727=PLANE('',#10726);
#10728=ORIENTED_EDGE('',*,*,#10688,.F.);
#10729=ORIENTED_EDGE('',*,*,#10716,.F.);
#10730=EDGE_LOOP('',(#10728,#10729));
#10731=FACE_OUTER_BOUND('',#10730,.F.);
#10733=ORIENTED_EDGE('',*,*,#10732,.T.);
#10735=ORIENTED_EDGE('',*,*,#10734,.T.);
#10737=ORIENTED_EDGE('',*,*,#10736,.T.);
#10739=ORIENTED_EDGE('',*,*,#10738,.T.);
#10741=ORIENTED_EDGE('',*,*,#10740,.T.);
#10743=ORIENTED_EDGE('',*,*,#10742,.T.);
#10744=EDGE_LOOP('',(#10733,#10735,#10737,#10739,#10741,#10743));
#10745=FACE_BOUND('',#10744,.F.);
#10746=ADVANCED_FACE('',(#10731,#10745),#10727,.F.);
#10747=CARTESIAN_POINT('',(0.E0,1.443375672974E0,3.E0));
#10748=DIRECTION('',(-5.E-1,8.660254037844E-1,0.E0));
#10749=DIRECTION('',(-8.660254037844E-1,-5.E-1,0.E0));
#10750=AXIS2_PLACEMENT_3D('',#10747,#10748,#10749);
#10751=PLANE('',#10750);
#10752=ORIENTED_EDGE('',*,*,#10732,.F.);
#10754=ORIENTED_EDGE('',*,*,#10753,.T.);
#10756=ORIENTED_EDGE('',*,*,#10755,.T.);
#10758=ORIENTED_EDGE('',*,*,#10757,.F.);
#10759=EDGE_LOOP('',(#10752,#10754,#10756,#10758));
#10760=FACE_OUTER_BOUND('',#10759,.F.);
#10761=ADVANCED_FACE('',(#10760),#10751,.F.);
#10762=CARTESIAN_POINT('',(1.25E0,7.216878364870E-1,3.E0));
#10763=DIRECTION('',(5.E-1,8.660254037844E-1,0.E0));
#10764=DIRECTION('',(-8.660254037844E-1,5.E-1,0.E0));
#10765=AXIS2_PLACEMENT_3D('',#10762,#10763,#10764);
#10766=PLANE('',#10765);
#10767=ORIENTED_EDGE('',*,*,#10742,.F.);
#10769=ORIENTED_EDGE('',*,*,#10768,.T.);
#10771=ORIENTED_EDGE('',*,*,#10770,.T.);
#10772=ORIENTED_EDGE('',*,*,#10753,.F.);
#10773=EDGE_LOOP('',(#10767,#10769,#10771,#10772));
#10774=FACE_OUTER_BOUND('',#10773,.F.);
#10775=ADVANCED_FACE('',(#10774),#10766,.F.);
#10776=CARTESIAN_POINT('',(1.25E0,-7.216878364870E-1,3.E0));
#10777=DIRECTION('',(1.E0,0.E0,0.E0));
#10778=DIRECTION('',(0.E0,1.E0,0.E0));
#10779=AXIS2_PLACEMENT_3D('',#10776,#10777,#10778);
#10780=PLANE('',#10779);
#10781=ORIENTED_EDGE('',*,*,#10740,.F.);
#10783=ORIENTED_EDGE('',*,*,#10782,.T.);
#10785=ORIENTED_EDGE('',*,*,#10784,.T.);
#10786=ORIENTED_EDGE('',*,*,#10768,.F.);
#10787=EDGE_LOOP('',(#10781,#10783,#10785,#10786));
#10788=FACE_OUTER_BOUND('',#10787,.F.);
#10789=ADVANCED_FACE('',(#10788),#10780,.F.);
#10790=CARTESIAN_POINT('',(0.E0,-1.443375672974E0,3.E0));
#10791=DIRECTION('',(5.E-1,-8.660254037844E-1,0.E0));
#10792=DIRECTION('',(8.660254037844E-1,5.E-1,0.E0));
#10793=AXIS2_PLACEMENT_3D('',#10790,#10791,#10792);
#10794=PLANE('',#10793);
#10795=ORIENTED_EDGE('',*,*,#10738,.F.);
#10797=ORIENTED_EDGE('',*,*,#10796,.T.);
#10799=ORIENTED_EDGE('',*,*,#10798,.T.);
#10800=ORIENTED_EDGE('',*,*,#10782,.F.);
#10801=EDGE_LOOP('',(#10795,#10797,#10799,#10800));
#10802=FACE_OUTER_BOUND('',#10801,.F.);
#10803=ADVANCED_FACE('',(#10802),#10794,.F.);
#10804=CARTESIAN_POINT('',(-1.25E0,-7.216878364870E-1,3.E0));
#10805=DIRECTION('',(-5.E-1,-8.660254037844E-1,0.E0));
#10806=DIRECTION('',(8.660254037844E-1,-5.E-1,0.E0));
#10807=AXIS2_PLACEMENT_3D('',#10804,#10805,#10806);
#10808=PLANE('',#10807);
#10809=ORIENTED_EDGE('',*,*,#10736,.F.);
#10811=ORIENTED_EDGE('',*,*,#10810,.T.);
#10813=ORIENTED_EDGE('',*,*,#10812,.T.);
#10814=ORIENTED_EDGE('',*,*,#10796,.F.);
#10815=EDGE_LOOP('',(#10809,#10811,#10813,#10814));
#10816=FACE_OUTER_BOUND('',#10815,.F.);
#10817=ADVANCED_FACE('',(#10816),#10808,.F.);
#10818=CARTESIAN_POINT('',(-1.25E0,7.216878364870E-1,3.E0));
#10819=DIRECTION('',(-1.E0,0.E0,0.E0));
#10820=DIRECTION('',(0.E0,-1.E0,0.E0));
#10821=AXIS2_PLACEMENT_3D('',#10818,#10819,#10820);
#10822=PLANE('',#10821);
#10823=ORIENTED_EDGE('',*,*,#10734,.F.);
#10824=ORIENTED_EDGE('',*,*,#10757,.T.);
#10826=ORIENTED_EDGE('',*,*,#10825,.T.);
#10827=ORIENTED_EDGE('',*,*,#10810,.F.);
#10828=EDGE_LOOP('',(#10823,#10824,#10826,#10827));
#10829=FACE_OUTER_BOUND('',#10828,.F.);
#10830=ADVANCED_FACE('',(#10829),#10822,.F.);
#10831=CARTESIAN_POINT('',(0.E0,0.E0,1.5E0));
#10832=DIRECTION('',(0.E0,0.E0,1.E0));
#10833=DIRECTION('',(1.E0,0.E0,0.E0));
#10834=AXIS2_PLACEMENT_3D('',#10831,#10832,#10833);
#10835=PLANE('',#10834);
#10836=ORIENTED_EDGE('',*,*,#10755,.F.);
#10837=ORIENTED_EDGE('',*,*,#10770,.F.);
#10838=ORIENTED_EDGE('',*,*,#10784,.F.);
#10839=ORIENTED_EDGE('',*,*,#10798,.F.);
#10840=ORIENTED_EDGE('',*,*,#10812,.F.);
#10841=ORIENTED_EDGE('',*,*,#10825,.F.);
#10842=EDGE_LOOP('',(#10836,#10837,#10838,#10839,#10840,#10841));
#10843=FACE_OUTER_BOUND('',#10842,.F.);
#10844=ADVANCED_FACE('',(#10843),#10835,.T.);
#10845=CLOSED_SHELL('',(#10582,#10599,#10614,#10630,#10644,#10660,#10677,#10694,
#10708,#10722,#10746,#10761,#10775,#10789,#10803,#10817,#10830,#10844));
#10846=CARTESIAN_POINT('',(0.E0,0.E0,-8.E0));
#10847=DIRECTION('',(0.E0,0.E0,-1.E0));
#10848=DIRECTION('',(1.E0,0.E0,0.E0));
#10849=AXIS2_PLACEMENT_3D('',#10846,#10847,#10848);
#10851=DIRECTION('',(0.E0,0.E0,-1.E0));
#10852=VECTOR('',#10851,8.E0);
#10853=CARTESIAN_POINT('',(1.25E0,0.E0,0.E0));
#10854=LINE('',#10853,#10852);
#10855=CARTESIAN_POINT('',(0.E0,0.E0,-8.E0));
#10856=DIRECTION('',(0.E0,0.E0,-1.E0));
#10857=DIRECTION('',(-1.E0,0.E0,0.E0));
#10858=AXIS2_PLACEMENT_3D('',#10855,#10856,#10857);
#10860=DIRECTION('',(0.E0,0.E0,-1.E0));
#10861=VECTOR('',#10860,8.E0);
#10862=CARTESIAN_POINT('',(-1.25E0,0.E0,0.E0));
#10863=LINE('',#10862,#10861);
#10864=CARTESIAN_POINT('',(0.E0,0.E0,0.E0));
#10865=DIRECTION('',(0.E0,0.E0,1.E0));
#10866=DIRECTION('',(1.E0,0.E0,0.E0));
#10867=AXIS2_PLACEMENT_3D('',#10864,#10865,#10866);
#10869=CARTESIAN_POINT('',(0.E0,0.E0,0.E0));
#10870=DIRECTION('',(0.E0,0.E0,1.E0));
#10871=DIRECTION('',(-1.E0,0.E0,0.E0));
#10872=AXIS2_PLACEMENT_3D('',#10869,#10870,#10871);
#10874=CARTESIAN_POINT('',(0.E0,0.E0,0.E0));
#10875=DIRECTION('',(0.E0,0.E0,1.E0));
#10876=DIRECTION('',(1.E0,0.E0,0.E0));
#10877=AXIS2_PLACEMENT_3D('',#10874,#10875,#10876);
#10879=CARTESIAN_POINT('',(0.E0,0.E0,0.E0));
#10880=DIRECTION('',(0.E0,0.E0,1.E0));
#10881=DIRECTION('',(-1.E0,0.E0,0.E0));
#10882=AXIS2_PLACEMENT_3D('',#10879,#10880,#10881);
#10884=CARTESIAN_POINT('',(1.25E0,0.E0,-8.E0));
#10885=CARTESIAN_POINT('',(-1.25E0,0.E0,-8.E0));
#10886=VERTEX_POINT('',#10884);
#10887=VERTEX_POINT('',#10885);
#10888=CARTESIAN_POINT('',(1.25E0,0.E0,0.E0));
#10889=CARTESIAN_POINT('',(-1.25E0,0.E0,0.E0));
#10890=VERTEX_POINT('',#10888);
#10891=VERTEX_POINT('',#10889);
#10892=CARTESIAN_POINT('',(-1.5E0,0.E0,0.E0));
#10893=CARTESIAN_POINT('',(1.5E0,0.E0,0.E0));
#10894=VERTEX_POINT('',#10892);
#10895=VERTEX_POINT('',#10893);
#10896=CARTESIAN_POINT('',(0.E0,0.E0,-8.E0));
#10897=DIRECTION('',(0.E0,0.E0,-1.E0));
#10898=DIRECTION('',(-1.E0,0.E0,0.E0));
#10899=AXIS2_PLACEMENT_3D('',#10896,#10897,#10898);
#10900=CYLINDRICAL_SURFACE('',#10899,1.25E0);
#10902=ORIENTED_EDGE('',*,*,#10901,.T.);
#10904=ORIENTED_EDGE('',*,*,#10903,.F.);
#10906=ORIENTED_EDGE('',*,*,#10905,.T.);
#10908=ORIENTED_EDGE('',*,*,#10907,.T.);
#10909=EDGE_LOOP('',(#10902,#10904,#10906,#10908));
#10910=FACE_OUTER_BOUND('',#10909,.F.);
#10911=ADVANCED_FACE('',(#10910),#10900,.T.);
#10912=CARTESIAN_POINT('',(0.E0,0.E0,-8.E0));
#10913=DIRECTION('',(0.E0,0.E0,-1.E0));
#10914=DIRECTION('',(-1.E0,0.E0,0.E0));
#10915=AXIS2_PLACEMENT_3D('',#10912,#10913,#10914);
#10916=CYLINDRICAL_SURFACE('',#10915,1.25E0);
#10918=ORIENTED_EDGE('',*,*,#10917,.T.);
#10919=ORIENTED_EDGE('',*,*,#10907,.F.);
#10921=ORIENTED_EDGE('',*,*,#10920,.T.);
#10922=ORIENTED_EDGE('',*,*,#10903,.T.);
#10923=EDGE_LOOP('',(#10918,#10919,#10921,#10922));
#10924=FACE_OUTER_BOUND('',#10923,.F.);
#10925=ADVANCED_FACE('',(#10924),#10916,.T.);
#10926=CARTESIAN_POINT('',(0.E0,0.E0,0.E0));
#10927=DIRECTION('',(0.E0,0.E0,-1.E0));
#10928=DIRECTION('',(-1.E0,0.E0,0.E0));
#10929=AXIS2_PLACEMENT_3D('',#10926,#10927,#10928);
#10930=PLANE('',#10929);
#10932=ORIENTED_EDGE('',*,*,#10931,.T.);
#10934=ORIENTED_EDGE('',*,*,#10933,.T.);
#10935=EDGE_LOOP('',(#10932,#10934));
#10936=FACE_OUTER_BOUND('',#10935,.F.);
#10937=ORIENTED_EDGE('',*,*,#10920,.F.);
#10938=ORIENTED_EDGE('',*,*,#10905,.F.);
#10939=EDGE_LOOP('',(#10937,#10938));
#10940=FACE_BOUND('',#10939,.F.);
#10941=ADVANCED_FACE('',(#10936,#10940),#10930,.T.);
#10942=OPEN_SHELL('',(#10911,#10925,#10941));
#10943=MANIFOLD_SOLID_BREP('',#10845);
#10944=SHELL_BASED_SURFACE_MODEL('',(#10942));
#10946=DIMENSIONAL_EXPONENTS(0.E0,0.E0,0.E0,0.E0,0.E0,0.E0,0.E0);
#10948=PLANE_ANGLE_MEASURE_WITH_UNIT(PLANE_ANGLE_MEASURE(1.745329251994E-2),
#10947);
#10949=(CONVERSION_BASED_UNIT('DEGREE',#10948)NAMED_UNIT(*)PLANE_ANGLE_UNIT());
#10951=UNCERTAINTY_MEASURE_WITH_UNIT(LENGTH_MEASURE(1.347165469756E-3),#10945,
'closure',
'Maximum model space distance between geometric entities at asserted connectivities');
#10952=(GEOMETRIC_REPRESENTATION_CONTEXT(3)GLOBAL_UNCERTAINTY_ASSIGNED_CONTEXT((
#10951))GLOBAL_UNIT_ASSIGNED_CONTEXT((#10945,#10949,#10950))REPRESENTATION_CONTEXT('ID7','3'));
#10953=CARTESIAN_POINT('',(0.E0,0.E0,0.E0));
#10954=DIRECTION('',(0.E0,0.E0,1.E0));
#10955=DIRECTION('',(1.E0,0.E0,0.E0));
#10958=CARTESIAN_POINT('',(0.E0,0.E0,0.E0));
#10959=DIRECTION('',(0.E0,0.E0,1.E0));
#10960=DIRECTION('',(1.E0,0.E0,0.E0));
#10963=CARTESIAN_POINT('',(0.E0,0.E0,0.E0));
#10964=DIRECTION('',(0.E0,0.E0,1.E0));
#10965=DIRECTION('',(1.E0,0.E0,0.E0));
#10968=SHAPE_REPRESENTATION_RELATIONSHIP('','',#10967,#10957);
#10969=SHAPE_REPRESENTATION_RELATIONSHIP('','',#10967,#10962);
#10970=DESIGN_CONTEXT('',#5392,'design');
#10971=MECHANICAL_CONTEXT('',#5392,'mechanical');
#10972=PRODUCT('WBH_M3X8','WBH_M3X8','NOT SPECIFIED',(#10971));
#10973=PRODUCT_DEFINITION_FORMATION_WITH_SPECIFIED_SOURCE('1','LAST_VERSION',
#10972,.MADE.);
#10979=CARTESIAN_POINT('',(0.E0,5.5E0,0.E0));
#10980=DIRECTION('',(0.E0,1.E0,0.E0));
#10981=DIRECTION('',(-1.E0,0.E0,0.E0));
#10982=AXIS2_PLACEMENT_3D('',#10979,#10980,#10981);
#10983=ITEM_DEFINED_TRANSFORMATION('','',#10966,#10982);
#10984=(REPRESENTATION_RELATIONSHIP('','',#10967,#5403)REPRESENTATION_RELATIONSHIP_WITH_TRANSFORMATION(#10983)SHAPE_REPRESENTATION_RELATIONSHIP());
#10985=CONTEXT_DEPENDENT_SHAPE_REPRESENTATION(#10984,#10978);
#10987=DIMENSIONAL_EXPONENTS(0.E0,0.E0,0.E0,0.E0,0.E0,0.E0,0.E0);
#10989=PLANE_ANGLE_MEASURE_WITH_UNIT(PLANE_ANGLE_MEASURE(1.745329251994E-2),
#10988);
#10990=(CONVERSION_BASED_UNIT('DEGREE',#10989)NAMED_UNIT(*)PLANE_ANGLE_UNIT());
#10992=UNCERTAINTY_MEASURE_WITH_UNIT(LENGTH_MEASURE(4.404934463877E-3),#10986,
'closure',
'Maximum model space distance between geometric entities at asserted connectivities');
#10993=(GEOMETRIC_REPRESENTATION_CONTEXT(3)GLOBAL_UNCERTAINTY_ASSIGNED_CONTEXT((
#10992))GLOBAL_UNIT_ASSIGNED_CONTEXT((#10986,#10990,#10991))REPRESENTATION_CONTEXT('ID8','3'));
#10994=CARTESIAN_POINT('',(0.E0,0.E0,0.E0));
#10995=DIRECTION('',(0.E0,0.E0,1.E0));
#10996=DIRECTION('',(1.E0,0.E0,0.E0));
#10998=MECHANICAL_CONTEXT('',#5392,'mechanical');
#10999=PRODUCT('EPX430_BR101_ASM','EPX430_BR101_ASM','NOT SPECIFIED',(#10998));
#11000=PRODUCT_DEFINITION_FORMATION_WITH_SPECIFIED_SOURCE('1','LAST_VERSION',
#10999,.MADE.);
#11002=PRODUCT_CATEGORY('part','');
#11003=PRODUCT_RELATED_PRODUCT_CATEGORY('assembly','',(#10999));
#11004=PRODUCT_CATEGORY_RELATIONSHIP('','',#11002,#11003);
#11005=PRODUCT_CATEGORY('part','');
#11006=PRODUCT_RELATED_PRODUCT_CATEGORY('detail','',(#5396,#7936,#8336,#8990,
#9645,#10308,#10972));
#11007=PRODUCT_CATEGORY_RELATIONSHIP('','',#11005,#11006);
#11008=SECURITY_CLASSIFICATION_LEVEL('unclassified');
#11009=SECURITY_CLASSIFICATION('','',#11008);
#11010=CC_DESIGN_SECURITY_CLASSIFICATION(#11009,(#5397,#7937,#8337,#8991,#9646,
#10309,#10973,#11000,#5404,#7941,#8341,#8995,#9650,#9659,#10313,#10322,#10977));
#11011=APPROVAL_STATUS('approved');
#11012=APPROVAL(#11011,'');
#11013=CC_DESIGN_APPROVAL(#11012,(#11009,#5397,#7937,#8337,#8991,#9646,#10309,
#10973,#11000,#5398,#7938,#8338,#8992,#9647,#10310,#10974,#11001));
#11014=CALENDAR_DATE(122,19,1);
#11015=COORDINATED_UNIVERSAL_TIME_OFFSET(9,0,.AHEAD.);
#11016=LOCAL_TIME(16,36,1.9E1,#11015);
#11017=DATE_AND_TIME(#11014,#11016);
#11018=APPROVAL_DATE_TIME(#11017,#11012);
#11019=DATE_TIME_ROLE('creation_date');
#11020=CC_DESIGN_DATE_AND_TIME_ASSIGNMENT(#11017,#11019,(#5398,#7938,#8338,
#8992,#9647,#10310,#10974,#11001));
#11021=DATE_TIME_ROLE('classification_date');
#11022=CC_DESIGN_DATE_AND_TIME_ASSIGNMENT(#11017,#11021,(#11009));
#11023=PERSON('UNSPECIFIED','UNSPECIFIED',$,$,$,$);
#11024=ORGANIZATION('UNSPECIFIED','UNSPECIFIED','UNSPECIFIED');
#11025=PERSON_AND_ORGANIZATION(#11023,#11024);
#11026=APPROVAL_ROLE('approver');
#11027=APPROVAL_PERSON_ORGANIZATION(#11025,#11012,#11026);
#11028=PERSON_AND_ORGANIZATION_ROLE('creator');
#11029=CC_DESIGN_PERSON_AND_ORGANIZATION_ASSIGNMENT(#11025,#11028,(#5397,#7937,
#8337,#8991,#9646,#10309,#10973,#11000,#5398,#7938,#8338,#8992,#9647,#10310,
#10974,#11001));
#11030=PERSON_AND_ORGANIZATION_ROLE('design_supplier');
#11031=CC_DESIGN_PERSON_AND_ORGANIZATION_ASSIGNMENT(#11025,#11030,(#5397,#7937,
#8337,#8991,#9646,#10309,#10973,#11000));
#11032=PERSON_AND_ORGANIZATION_ROLE('classification_officer');
#11033=CC_DESIGN_PERSON_AND_ORGANIZATION_ASSIGNMENT(#11025,#11032,(#11009));
#11034=PERSON_AND_ORGANIZATION_ROLE('design_owner');
#11035=CC_DESIGN_PERSON_AND_ORGANIZATION_ASSIGNMENT(#11025,#11034,(#10999,#5396,
#7936,#8336,#8990,#9645,#10308,#10972));
#6=CIRCLE('',#5,1.55E0);
#19=CIRCLE('',#18,1.55E0);
#32=CIRCLE('',#31,3.E0);
#37=CIRCLE('',#36,3.E0);
#42=CIRCLE('',#41,1.55E0);
#47=CIRCLE('',#46,1.55E0);
#60=CIRCLE('',#59,3.E0);
#65=CIRCLE('',#64,3.E0);
#70=CIRCLE('',#69,2.7E0);
#79=CIRCLE('',#78,2.7E0);
#88=CIRCLE('',#87,2.7E0);
#97=CIRCLE('',#96,2.7E0);
#106=CIRCLE('',#105,2.7E0);
#115=CIRCLE('',#114,2.7E0);
#124=CIRCLE('',#123,2.7E0);
#133=CIRCLE('',#132,2.7E0);
#142=CIRCLE('',#141,2.7E0);
#151=CIRCLE('',#150,2.7E0);
#160=CIRCLE('',#159,2.7E0);
#169=CIRCLE('',#168,2.7E0);
#178=CIRCLE('',#177,2.7E0);
#187=CIRCLE('',#186,2.7E0);
#196=CIRCLE('',#195,2.7E0);
#205=CIRCLE('',#204,2.7E0);
#214=CIRCLE('',#213,2.7E0);
#223=CIRCLE('',#222,2.7E0);
#232=CIRCLE('',#231,2.7E0);
#241=CIRCLE('',#240,2.7E0);
#250=CIRCLE('',#249,2.7E0);
#259=CIRCLE('',#258,2.7E0);
#268=CIRCLE('',#267,2.7E0);
#277=CIRCLE('',#276,2.7E0);
#286=CIRCLE('',#285,2.7E0);
#295=CIRCLE('',#294,2.7E0);
#304=CIRCLE('',#303,2.7E0);
#313=CIRCLE('',#312,2.7E0);
#322=CIRCLE('',#321,2.7E0);
#331=CIRCLE('',#330,2.7E0);
#340=CIRCLE('',#339,2.7E0);
#349=CIRCLE('',#348,2.7E0);
#358=CIRCLE('',#357,2.7E0);
#367=CIRCLE('',#366,2.7E0);
#376=CIRCLE('',#375,2.7E0);
#385=CIRCLE('',#384,2.7E0);
#394=CIRCLE('',#393,2.7E0);
#403=CIRCLE('',#402,2.7E0);
#412=CIRCLE('',#411,2.7E0);
#421=CIRCLE('',#420,2.7E0);
#434=CIRCLE('',#433,1.E-1);
#453=B_SPLINE_CURVE_WITH_KNOTS('',3,(#447,#448,#449,#450,#451,#452),
.UNSPECIFIED.,.F.,.F.,(4,1,1,4),(0.E0,3.333333333333E-1,6.666666666667E-1,1.E0),
.UNSPECIFIED.);
#460=B_SPLINE_CURVE_WITH_KNOTS('',3,(#454,#455,#456,#457,#458,#459),
.UNSPECIFIED.,.F.,.F.,(4,1,1,4),(0.E0,3.333333333333E-1,6.666666666667E-1,1.E0),
.UNSPECIFIED.);
#467=B_SPLINE_CURVE_WITH_KNOTS('',3,(#461,#462,#463,#464,#465,#466),
.UNSPECIFIED.,.F.,.F.,(4,1,1,4),(0.E0,3.333333333333E-1,6.666666666667E-1,1.E0),
.UNSPECIFIED.);
#473=B_SPLINE_CURVE_WITH_KNOTS('',3,(#468,#469,#470,#471,#472),.UNSPECIFIED.,
.F.,.F.,(4,1,4),(0.E0,5.E-1,1.E0),.UNSPECIFIED.);
#482=B_SPLINE_CURVE_WITH_KNOTS('',3,(#474,#475,#476,#477,#478,#479,#480,#481),
.UNSPECIFIED.,.F.,.F.,(4,1,1,1,1,4),(0.E0,2.E-1,4.E-1,6.E-1,8.E-1,1.E0),
.UNSPECIFIED.);
#488=B_SPLINE_CURVE_WITH_KNOTS('',3,(#483,#484,#485,#486,#487),.UNSPECIFIED.,
.F.,.F.,(4,1,4),(0.E0,5.E-1,1.E0),.UNSPECIFIED.);
#494=B_SPLINE_CURVE_WITH_KNOTS('',3,(#489,#490,#491,#492,#493),.UNSPECIFIED.,
.F.,.F.,(4,1,4),(0.E0,5.E-1,1.E0),.UNSPECIFIED.);
#503=B_SPLINE_CURVE_WITH_KNOTS('',3,(#495,#496,#497,#498,#499,#500,#501,#502),
.UNSPECIFIED.,.F.,.F.,(4,1,1,1,1,4),(0.E0,2.E-1,4.E-1,6.E-1,8.E-1,1.E0),
.UNSPECIFIED.);
#509=B_SPLINE_CURVE_WITH_KNOTS('',3,(#504,#505,#506,#507,#508),.UNSPECIFIED.,
.F.,.F.,(4,1,4),(0.E0,5.E-1,1.E0),.UNSPECIFIED.);
#515=B_SPLINE_CURVE_WITH_KNOTS('',3,(#510,#511,#512,#513,#514),.UNSPECIFIED.,
.F.,.F.,(4,1,4),(0.E0,5.E-1,1.E0),.UNSPECIFIED.);
#524=B_SPLINE_CURVE_WITH_KNOTS('',3,(#516,#517,#518,#519,#520,#521,#522,#523),
.UNSPECIFIED.,.F.,.F.,(4,1,1,1,1,4),(0.E0,2.E-1,4.E-1,6.E-1,8.E-1,1.E0),
.UNSPECIFIED.);
#530=B_SPLINE_CURVE_WITH_KNOTS('',3,(#525,#526,#527,#528,#529),.UNSPECIFIED.,
.F.,.F.,(4,1,4),(0.E0,5.E-1,1.E0),.UNSPECIFIED.);
#536=B_SPLINE_CURVE_WITH_KNOTS('',3,(#531,#532,#533,#534,#535),.UNSPECIFIED.,
.F.,.F.,(4,1,4),(0.E0,5.E-1,1.E0),.UNSPECIFIED.);
#545=B_SPLINE_CURVE_WITH_KNOTS('',3,(#537,#538,#539,#540,#541,#542,#543,#544),
.UNSPECIFIED.,.F.,.F.,(4,1,1,1,1,4),(0.E0,2.E-1,4.E-1,6.E-1,8.E-1,1.E0),
.UNSPECIFIED.);
#551=B_SPLINE_CURVE_WITH_KNOTS('',3,(#546,#547,#548,#549,#550),.UNSPECIFIED.,
.F.,.F.,(4,1,4),(0.E0,5.E-1,1.E0),.UNSPECIFIED.);
#557=B_SPLINE_CURVE_WITH_KNOTS('',3,(#552,#553,#554,#555,#556),.UNSPECIFIED.,
.F.,.F.,(4,1,4),(0.E0,5.E-1,1.E0),.UNSPECIFIED.);
#566=B_SPLINE_CURVE_WITH_KNOTS('',3,(#558,#559,#560,#561,#562,#563,#564,#565),
.UNSPECIFIED.,.F.,.F.,(4,1,1,1,1,4),(0.E0,2.E-1,4.E-1,6.E-1,8.E-1,1.E0),
.UNSPECIFIED.);
#572=B_SPLINE_CURVE_WITH_KNOTS('',3,(#567,#568,#569,#570,#571),.UNSPECIFIED.,
.F.,.F.,(4,1,4),(0.E0,5.E-1,1.E0),.UNSPECIFIED.);
#578=B_SPLINE_CURVE_WITH_KNOTS('',3,(#573,#574,#575,#576,#577),.UNSPECIFIED.,
.F.,.F.,(4,1,4),(0.E0,5.E-1,1.E0),.UNSPECIFIED.);
#587=B_SPLINE_CURVE_WITH_KNOTS('',3,(#579,#580,#581,#582,#583,#584,#585,#586),
.UNSPECIFIED.,.F.,.F.,(4,1,1,1,1,4),(0.E0,2.E-1,4.E-1,6.E-1,8.E-1,1.E0),
.UNSPECIFIED.);
#593=B_SPLINE_CURVE_WITH_KNOTS('',3,(#588,#589,#590,#591,#592),.UNSPECIFIED.,
.F.,.F.,(4,1,4),(0.E0,5.E-1,1.E0),.UNSPECIFIED.);
#599=B_SPLINE_CURVE_WITH_KNOTS('',3,(#594,#595,#596,#597,#598),.UNSPECIFIED.,
.F.,.F.,(4,1,4),(0.E0,5.E-1,1.E0),.UNSPECIFIED.);
#608=B_SPLINE_CURVE_WITH_KNOTS('',3,(#600,#601,#602,#603,#604,#605,#606,#607),
.UNSPECIFIED.,.F.,.F.,(4,1,1,1,1,4),(0.E0,2.E-1,4.E-1,6.E-1,8.E-1,1.E0),
.UNSPECIFIED.);
#614=B_SPLINE_CURVE_WITH_KNOTS('',3,(#609,#610,#611,#612,#613),.UNSPECIFIED.,
.F.,.F.,(4,1,4),(0.E0,5.E-1,1.E0),.UNSPECIFIED.);
#620=B_SPLINE_CURVE_WITH_KNOTS('',3,(#615,#616,#617,#618,#619),.UNSPECIFIED.,
.F.,.F.,(4,1,4),(0.E0,5.E-1,1.E0),.UNSPECIFIED.);
#629=B_SPLINE_CURVE_WITH_KNOTS('',3,(#621,#622,#623,#624,#625,#626,#627,#628),
.UNSPECIFIED.,.F.,.F.,(4,1,1,1,1,4),(0.E0,2.E-1,4.E-1,6.E-1,8.E-1,1.E0),
.UNSPECIFIED.);
#635=B_SPLINE_CURVE_WITH_KNOTS('',3,(#630,#631,#632,#633,#634),.UNSPECIFIED.,
.F.,.F.,(4,1,4),(0.E0,5.E-1,1.E0),.UNSPECIFIED.);
#641=B_SPLINE_CURVE_WITH_KNOTS('',3,(#636,#637,#638,#639,#640),.UNSPECIFIED.,
.F.,.F.,(4,1,4),(0.E0,5.E-1,1.E0),.UNSPECIFIED.);
#650=B_SPLINE_CURVE_WITH_KNOTS('',3,(#642,#643,#644,#645,#646,#647,#648,#649),
.UNSPECIFIED.,.F.,.F.,(4,1,1,1,1,4),(0.E0,2.E-1,4.E-1,6.E-1,8.E-1,1.E0),
.UNSPECIFIED.);
#656=B_SPLINE_CURVE_WITH_KNOTS('',3,(#651,#652,#653,#654,#655),.UNSPECIFIED.,
.F.,.F.,(4,1,4),(0.E0,5.E-1,1.E0),.UNSPECIFIED.);
#663=B_SPLINE_CURVE_WITH_KNOTS('',3,(#657,#658,#659,#660,#661,#662),
.UNSPECIFIED.,.F.,.F.,(4,1,1,4),(0.E0,3.333333333333E-1,6.666666666667E-1,1.E0),
.UNSPECIFIED.);
#670=B_SPLINE_CURVE_WITH_KNOTS('',3,(#664,#665,#666,#667,#668,#669),
.UNSPECIFIED.,.F.,.F.,(4,1,1,4),(0.E0,3.333333333333E-1,6.666666666667E-1,1.E0),
.UNSPECIFIED.);
#683=CIRCLE('',#682,3.15E0);
#688=CIRCLE('',#687,3.15E0);
#697=CIRCLE('',#696,4.25E0);
#702=CIRCLE('',#701,4.25E0);
#709=B_SPLINE_CURVE_WITH_KNOTS('',3,(#703,#704,#705,#706,#707,#708),
.UNSPECIFIED.,.F.,.F.,(4,1,1,4),(0.E0,3.333333333333E-1,6.666666666667E-1,1.E0),
.UNSPECIFIED.);
#716=B_SPLINE_CURVE_WITH_KNOTS('',3,(#710,#711,#712,#713,#714,#715),
.UNSPECIFIED.,.F.,.F.,(4,1,1,4),(0.E0,3.333333333333E-1,6.666666666667E-1,1.E0),
.UNSPECIFIED.);
#723=B_SPLINE_CURVE_WITH_KNOTS('',3,(#717,#718,#719,#720,#721,#722),
.UNSPECIFIED.,.F.,.F.,(4,1,1,4),(0.E0,3.333333333333E-1,6.666666666667E-1,1.E0),
.UNSPECIFIED.);
#729=B_SPLINE_CURVE_WITH_KNOTS('',3,(#724,#725,#726,#727,#728),.UNSPECIFIED.,
.F.,.F.,(4,1,4),(0.E0,5.E-1,1.E0),.UNSPECIFIED.);
#738=B_SPLINE_CURVE_WITH_KNOTS('',3,(#730,#731,#732,#733,#734,#735,#736,#737),
.UNSPECIFIED.,.F.,.F.,(4,1,1,1,1,4),(0.E0,2.E-1,4.E-1,6.E-1,8.E-1,1.E0),
.UNSPECIFIED.);
#744=B_SPLINE_CURVE_WITH_KNOTS('',3,(#739,#740,#741,#742,#743),.UNSPECIFIED.,
.F.,.F.,(4,1,4),(0.E0,5.E-1,1.E0),.UNSPECIFIED.);
#750=B_SPLINE_CURVE_WITH_KNOTS('',3,(#745,#746,#747,#748,#749),.UNSPECIFIED.,
.F.,.F.,(4,1,4),(0.E0,5.E-1,1.E0),.UNSPECIFIED.);
#759=B_SPLINE_CURVE_WITH_KNOTS('',3,(#751,#752,#753,#754,#755,#756,#757,#758),
.UNSPECIFIED.,.F.,.F.,(4,1,1,1,1,4),(0.E0,2.E-1,4.E-1,6.E-1,8.E-1,1.E0),
.UNSPECIFIED.);
#765=B_SPLINE_CURVE_WITH_KNOTS('',3,(#760,#761,#762,#763,#764),.UNSPECIFIED.,
.F.,.F.,(4,1,4),(0.E0,5.E-1,1.E0),.UNSPECIFIED.);
#771=B_SPLINE_CURVE_WITH_KNOTS('',3,(#766,#767,#768,#769,#770),.UNSPECIFIED.,
.F.,.F.,(4,1,4),(0.E0,5.E-1,1.E0),.UNSPECIFIED.);
#780=B_SPLINE_CURVE_WITH_KNOTS('',3,(#772,#773,#774,#775,#776,#777,#778,#779),
.UNSPECIFIED.,.F.,.F.,(4,1,1,1,1,4),(0.E0,2.E-1,4.E-1,6.E-1,8.E-1,1.E0),
.UNSPECIFIED.);
#786=B_SPLINE_CURVE_WITH_KNOTS('',3,(#781,#782,#783,#784,#785),.UNSPECIFIED.,
.F.,.F.,(4,1,4),(0.E0,5.E-1,1.E0),.UNSPECIFIED.);
#792=B_SPLINE_CURVE_WITH_KNOTS('',3,(#787,#788,#789,#790,#791),.UNSPECIFIED.,
.F.,.F.,(4,1,4),(0.E0,5.E-1,1.E0),.UNSPECIFIED.);
#801=B_SPLINE_CURVE_WITH_KNOTS('',3,(#793,#794,#795,#796,#797,#798,#799,#800),
.UNSPECIFIED.,.F.,.F.,(4,1,1,1,1,4),(0.E0,2.E-1,4.E-1,6.E-1,8.E-1,1.E0),
.UNSPECIFIED.);
#807=B_SPLINE_CURVE_WITH_KNOTS('',3,(#802,#803,#804,#805,#806),.UNSPECIFIED.,
.F.,.F.,(4,1,4),(0.E0,5.E-1,1.E0),.UNSPECIFIED.);
#813=B_SPLINE_CURVE_WITH_KNOTS('',3,(#808,#809,#810,#811,#812),.UNSPECIFIED.,
.F.,.F.,(4,1,4),(0.E0,5.E-1,1.E0),.UNSPECIFIED.);
#822=B_SPLINE_CURVE_WITH_KNOTS('',3,(#814,#815,#816,#817,#818,#819,#820,#821),
.UNSPECIFIED.,.F.,.F.,(4,1,1,1,1,4),(0.E0,2.E-1,4.E-1,6.E-1,8.E-1,1.E0),
.UNSPECIFIED.);
#828=B_SPLINE_CURVE_WITH_KNOTS('',3,(#823,#824,#825,#826,#827),.UNSPECIFIED.,
.F.,.F.,(4,1,4),(0.E0,5.E-1,1.E0),.UNSPECIFIED.);
#834=B_SPLINE_CURVE_WITH_KNOTS('',3,(#829,#830,#831,#832,#833),.UNSPECIFIED.,
.F.,.F.,(4,1,4),(0.E0,5.E-1,1.E0),.UNSPECIFIED.);
#843=B_SPLINE_CURVE_WITH_KNOTS('',3,(#835,#836,#837,#838,#839,#840,#841,#842),
.UNSPECIFIED.,.F.,.F.,(4,1,1,1,1,4),(0.E0,2.E-1,4.E-1,6.E-1,8.E-1,1.E0),
.UNSPECIFIED.);
#849=B_SPLINE_CURVE_WITH_KNOTS('',3,(#844,#845,#846,#847,#848),.UNSPECIFIED.,
.F.,.F.,(4,1,4),(0.E0,5.E-1,1.E0),.UNSPECIFIED.);
#855=B_SPLINE_CURVE_WITH_KNOTS('',3,(#850,#851,#852,#853,#854),.UNSPECIFIED.,
.F.,.F.,(4,1,4),(0.E0,5.E-1,1.E0),.UNSPECIFIED.);
#864=B_SPLINE_CURVE_WITH_KNOTS('',3,(#856,#857,#858,#859,#860,#861,#862,#863),
.UNSPECIFIED.,.F.,.F.,(4,1,1,1,1,4),(0.E0,2.E-1,4.E-1,6.E-1,8.E-1,1.E0),
.UNSPECIFIED.);
#870=B_SPLINE_CURVE_WITH_KNOTS('',3,(#865,#866,#867,#868,#869),.UNSPECIFIED.,
.F.,.F.,(4,1,4),(0.E0,5.E-1,1.E0),.UNSPECIFIED.);
#876=B_SPLINE_CURVE_WITH_KNOTS('',3,(#871,#872,#873,#874,#875),.UNSPECIFIED.,
.F.,.F.,(4,1,4),(0.E0,5.E-1,1.E0),.UNSPECIFIED.);
#885=B_SPLINE_CURVE_WITH_KNOTS('',3,(#877,#878,#879,#880,#881,#882,#883,#884),
.UNSPECIFIED.,.F.,.F.,(4,1,1,1,1,4),(0.E0,2.E-1,4.E-1,6.E-1,8.E-1,1.E0),
.UNSPECIFIED.);
#891=B_SPLINE_CURVE_WITH_KNOTS('',3,(#886,#887,#888,#889,#890),.UNSPECIFIED.,
.F.,.F.,(4,1,4),(0.E0,5.E-1,1.E0),.UNSPECIFIED.);
#897=B_SPLINE_CURVE_WITH_KNOTS('',3,(#892,#893,#894,#895,#896),.UNSPECIFIED.,
.F.,.F.,(4,1,4),(0.E0,5.E-1,1.E0),.UNSPECIFIED.);
#906=B_SPLINE_CURVE_WITH_KNOTS('',3,(#898,#899,#900,#901,#902,#903,#904,#905),
.UNSPECIFIED.,.F.,.F.,(4,1,1,1,1,4),(0.E0,2.E-1,4.E-1,6.E-1,8.E-1,1.E0),
.UNSPECIFIED.);
#912=B_SPLINE_CURVE_WITH_KNOTS('',3,(#907,#908,#909,#910,#911),.UNSPECIFIED.,
.F.,.F.,(4,1,4),(0.E0,5.E-1,1.E0),.UNSPECIFIED.);
#919=B_SPLINE_CURVE_WITH_KNOTS('',3,(#913,#914,#915,#916,#917,#918),
.UNSPECIFIED.,.F.,.F.,(4,1,1,4),(0.E0,3.333333333333E-1,6.666666666667E-1,1.E0),
.UNSPECIFIED.);
#926=B_SPLINE_CURVE_WITH_KNOTS('',3,(#920,#921,#922,#923,#924,#925),
.UNSPECIFIED.,.F.,.F.,(4,1,1,4),(0.E0,3.333333333333E-1,6.666666666667E-1,1.E0),
.UNSPECIFIED.);
#941=B_SPLINE_CURVE_WITH_KNOTS('',3,(#935,#936,#937,#938,#939,#940),
.UNSPECIFIED.,.F.,.F.,(4,1,1,4),(0.E0,3.333333333333E-1,6.666666666667E-1,1.E0),
.UNSPECIFIED.);
#952=B_SPLINE_CURVE_WITH_KNOTS('',3,(#946,#947,#948,#949,#950,#951),
.UNSPECIFIED.,.F.,.F.,(4,1,1,4),(0.E0,3.333333333333E-1,6.666666666667E-1,1.E0),
.UNSPECIFIED.);
#961=CIRCLE('',#960,4.45E0);
#966=CIRCLE('',#965,4.45E0);
#979=CIRCLE('',#978,8.25E0);
#984=CIRCLE('',#983,8.25E0);
#989=CIRCLE('',#988,4.45E0);
#994=CIRCLE('',#993,4.45E0);
#999=CIRCLE('',#998,8.E-1);
#1004=CIRCLE('',#1003,8.E-1);
#1009=CIRCLE('',#1008,8.E-1);
#1014=CIRCLE('',#1013,8.E-1);
#1019=CIRCLE('',#1018,8.E-1);
#1024=CIRCLE('',#1023,8.E-1);
#1029=CIRCLE('',#1028,8.E-1);
#1034=CIRCLE('',#1033,8.E-1);
#1039=CIRCLE('',#1038,8.E-1);
#1044=CIRCLE('',#1043,8.E-1);
#1049=CIRCLE('',#1048,8.E-1);
#1054=CIRCLE('',#1053,8.E-1);
#1059=CIRCLE('',#1058,8.E-1);
#1064=CIRCLE('',#1063,8.E-1);
#1069=CIRCLE('',#1068,8.E-1);
#1074=CIRCLE('',#1073,8.E-1);
#1087=CIRCLE('',#1086,8.25E0);
#1092=CIRCLE('',#1091,8.25E0);
#1097=CIRCLE('',#1096,7.5E0);
#1102=CIRCLE('',#1101,7.5E0);
#1111=CIRCLE('',#1110,7.5E0);
#1116=CIRCLE('',#1115,7.5E0);
#1129=CIRCLE('',#1128,1.05E0);
#1134=CIRCLE('',#1133,1.05E0);
#1139=CIRCLE('',#1138,1.05E0);
#1144=CIRCLE('',#1143,1.05E0);
#1149=CIRCLE('',#1148,1.05E0);
#1154=CIRCLE('',#1153,1.05E0);
#1159=CIRCLE('',#1158,1.05E0);
#1164=CIRCLE('',#1163,1.05E0);
#1169=CIRCLE('',#1168,1.05E0);
#1174=CIRCLE('',#1173,1.05E0);
#1179=CIRCLE('',#1178,1.05E0);
#1184=CIRCLE('',#1183,1.05E0);
#1189=CIRCLE('',#1188,1.05E0);
#1194=CIRCLE('',#1193,1.05E0);
#1199=CIRCLE('',#1198,1.05E0);
#1204=CIRCLE('',#1203,1.05E0);
#1209=CIRCLE('',#1208,7.3E0);
#1214=CIRCLE('',#1213,7.3E0);
#1219=CIRCLE('',#1218,4.E0);
#1224=CIRCLE('',#1223,4.E0);
#1233=CIRCLE('',#1232,3.8E0);
#1238=CIRCLE('',#1237,3.8E0);
#1243=CIRCLE('',#1242,3.1E0);
#1248=CIRCLE('',#1247,3.1E0);
#1253=CIRCLE('',#1252,2.5E-1);
#1258=CIRCLE('',#1257,2.5E-1);
#1267=CIRCLE('',#1266,4.E0);
#1276=CIRCLE('',#1275,4.E0);
#1293=CIRCLE('',#1292,2.9E0);
#1302=CIRCLE('',#1301,2.9E0);
#1311=CIRCLE('',#1310,2.9E0);
#1316=CIRCLE('',#1315,2.9E0);
#1321=CIRCLE('',#1320,1.75E0);
#1326=CIRCLE('',#1325,1.75E0);
#1339=CIRCLE('',#1338,8.E-1);
#1348=CIRCLE('',#1347,8.E-1);
#1365=CIRCLE('',#1364,8.E-1);
#1374=CIRCLE('',#1373,8.E-1);
#1391=CIRCLE('',#1390,8.E-1);
#1400=CIRCLE('',#1399,8.E-1);
#1417=CIRCLE('',#1416,8.E-1);
#1426=CIRCLE('',#1425,8.E-1);
#1443=CIRCLE('',#1442,8.E-1);
#1452=CIRCLE('',#1451,8.E-1);
#1469=CIRCLE('',#1468,8.E-1);
#1478=CIRCLE('',#1477,8.E-1);
#1495=CIRCLE('',#1494,8.E-1);
#1504=CIRCLE('',#1503,8.E-1);
#1521=CIRCLE('',#1520,8.E-1);
#1530=CIRCLE('',#1529,8.E-1);
#1551=CIRCLE('',#1550,1.E-1);
#1576=CIRCLE('',#1575,1.E-1);
#1597=CIRCLE('',#1596,1.E-1);
#1618=CIRCLE('',#1617,1.E-1);
#1639=CIRCLE('',#1638,1.E-1);
#1660=CIRCLE('',#1659,1.E-1);
#1681=CIRCLE('',#1680,1.E-1);
#1702=CIRCLE('',#1701,1.E-1);
#1723=CIRCLE('',#1722,1.E-1);
#1744=CIRCLE('',#1743,1.E-1);
#1765=CIRCLE('',#1764,1.E-1);
#1786=CIRCLE('',#1785,1.E-1);
#1807=CIRCLE('',#1806,1.E-1);
#1828=CIRCLE('',#1827,1.E-1);
#1849=CIRCLE('',#1848,1.E-1);
#1870=CIRCLE('',#1869,1.E-1);
#1891=CIRCLE('',#1890,1.E-1);
#1912=CIRCLE('',#1911,1.E-1);
#1933=CIRCLE('',#1932,1.E-1);
#2381=EDGE_CURVE('',#2347,#2346,#6,.T.);
#2383=EDGE_CURVE('',#2347,#1961,#27,.T.);
#2385=EDGE_CURVE('',#1960,#1961,#47,.T.);
#2387=EDGE_CURVE('',#2346,#1960,#23,.T.);
#2398=EDGE_CURVE('',#2346,#2350,#14,.T.);
#2400=EDGE_CURVE('',#2351,#2350,#1326,.T.);
#2402=EDGE_CURVE('',#2347,#2351,#10,.T.);
#2412=EDGE_CURVE('',#2346,#2347,#19,.T.);
#2415=EDGE_CURVE('',#2350,#2351,#1321,.T.);
#2428=EDGE_CURVE('',#1960,#1961,#42,.T.);
#2439=EDGE_CURVE('',#2162,#2163,#32,.T.);
#2441=EDGE_CURVE('',#2163,#2162,#37,.T.);
#2456=EDGE_CURVE('',#2163,#2167,#55,.T.);
#2458=EDGE_CURVE('',#2166,#2167,#60,.T.);
#2460=EDGE_CURVE('',#2162,#2166,#51,.T.);
#2472=EDGE_CURVE('',#2167,#2166,#65,.T.);
#2487=EDGE_CURVE('',#2170,#2171,#70,.T.);
#2489=EDGE_CURVE('',#2249,#2170,#1773,.T.);
#2491=EDGE_CURVE('',#2251,#2249,#1765,.T.);
#2493=EDGE_CURVE('',#2247,#2251,#1760,.T.);
#2495=EDGE_CURVE('',#2246,#2247,#412,.T.);
#2497=EDGE_CURVE('',#2325,#2246,#1752,.T.);
#2499=EDGE_CURVE('',#2327,#2325,#1744,.T.);
#2501=EDGE_CURVE('',#2243,#2327,#1739,.T.);
#2503=EDGE_CURVE('',#2242,#2243,#394,.T.);
#2505=EDGE_CURVE('',#2321,#2242,#1731,.T.);
#2507=EDGE_CURVE('',#2323,#2321,#1723,.T.);
#2509=EDGE_CURVE('',#2239,#2323,#1718,.T.);
#2511=EDGE_CURVE('',#2238,#2239,#376,.T.);
#2513=EDGE_CURVE('',#2317,#2238,#1710,.T.);
#2515=EDGE_CURVE('',#2319,#2317,#1702,.T.);
#2517=EDGE_CURVE('',#2235,#2319,#1697,.T.);
#2519=EDGE_CURVE('',#2234,#2235,#358,.T.);
#2521=EDGE_CURVE('',#2313,#2234,#1689,.T.);
#2523=EDGE_CURVE('',#2315,#2313,#1681,.T.);
#2525=EDGE_CURVE('',#2231,#2315,#1676,.T.);
#2527=EDGE_CURVE('',#2230,#2231,#340,.T.);
#2529=EDGE_CURVE('',#2309,#2230,#1668,.T.);
#2531=EDGE_CURVE('',#2311,#2309,#1660,.T.);
#2533=EDGE_CURVE('',#2227,#2311,#1655,.T.);
#2535=EDGE_CURVE('',#2226,#2227,#322,.T.);
#2537=EDGE_CURVE('',#2305,#2226,#1647,.T.);
#2539=EDGE_CURVE('',#2307,#2305,#1639,.T.);
#2541=EDGE_CURVE('',#2223,#2307,#1634,.T.);
#2543=EDGE_CURVE('',#2222,#2223,#304,.T.);
#2545=EDGE_CURVE('',#2301,#2222,#1626,.T.);
#2547=EDGE_CURVE('',#2303,#2301,#1618,.T.);
#2549=EDGE_CURVE('',#2219,#2303,#1613,.T.);
#2551=EDGE_CURVE('',#2218,#2219,#286,.T.);
#2553=EDGE_CURVE('',#2297,#2218,#1605,.T.);
#2555=EDGE_CURVE('',#2299,#2297,#1597,.T.);
#2557=EDGE_CURVE('',#2215,#2299,#1592,.T.);
#2559=EDGE_CURVE('',#2214,#2215,#268,.T.);
#2561=EDGE_CURVE('',#2293,#2214,#1584,.T.);
#2563=EDGE_CURVE('',#2295,#2293,#1576,.T.);
#2565=EDGE_CURVE('',#2211,#2295,#1571,.T.);
#2567=EDGE_CURVE('',#2210,#2211,#250,.T.);
#2569=EDGE_CURVE('',#2289,#2210,#1559,.T.);
#2571=EDGE_CURVE('',#2291,#2289,#1551,.T.);
#2573=EDGE_CURVE('',#2207,#2291,#1567,.T.);
#2575=EDGE_CURVE('',#2206,#2207,#232,.T.);
#2577=EDGE_CURVE('',#2285,#2206,#1941,.T.);
#2579=EDGE_CURVE('',#2287,#2285,#1933,.T.);
#2581=EDGE_CURVE('',#2203,#2287,#1928,.T.);
#2583=EDGE_CURVE('',#2202,#2203,#214,.T.);
#2585=EDGE_CURVE('',#2281,#2202,#1920,.T.);
#2587=EDGE_CURVE('',#2283,#2281,#1912,.T.);
#2589=EDGE_CURVE('',#2199,#2283,#1907,.T.);
#2591=EDGE_CURVE('',#2198,#2199,#196,.T.);
#2593=EDGE_CURVE('',#2277,#2198,#1899,.T.);
#2595=EDGE_CURVE('',#2279,#2277,#1891,.T.);
#2597=EDGE_CURVE('',#2195,#2279,#1886,.T.);
#2599=EDGE_CURVE('',#2194,#2195,#178,.T.);
#2601=EDGE_CURVE('',#2273,#2194,#1878,.T.);
#2603=EDGE_CURVE('',#2275,#2273,#1870,.T.);
#2605=EDGE_CURVE('',#2191,#2275,#1865,.T.);
#2607=EDGE_CURVE('',#2190,#2191,#160,.T.);
#2609=EDGE_CURVE('',#2269,#2190,#1857,.T.);
#2611=EDGE_CURVE('',#2271,#2269,#1849,.T.);
#2613=EDGE_CURVE('',#2187,#2271,#1844,.T.);
#2615=EDGE_CURVE('',#2186,#2187,#142,.T.);
#2617=EDGE_CURVE('',#2265,#2186,#1836,.T.);
#2619=EDGE_CURVE('',#2267,#2265,#1828,.T.);
#2621=EDGE_CURVE('',#2183,#2267,#1823,.T.);
#2623=EDGE_CURVE('',#2182,#2183,#124,.T.);
#2625=EDGE_CURVE('',#2261,#2182,#1815,.T.);
#2627=EDGE_CURVE('',#2263,#2261,#1807,.T.);
#2629=EDGE_CURVE('',#2179,#2263,#1802,.T.);
#2631=EDGE_CURVE('',#2178,#2179,#106,.T.);
#2633=EDGE_CURVE('',#2257,#2178,#1794,.T.);
#2635=EDGE_CURVE('',#2259,#2257,#1786,.T.);
#2637=EDGE_CURVE('',#2175,#2259,#1781,.T.);
#2639=EDGE_CURVE('',#2174,#2175,#88,.T.);
#2641=EDGE_CURVE('',#2253,#2174,#442,.T.);
#2643=EDGE_CURVE('',#2255,#2253,#434,.T.);
#2645=EDGE_CURVE('',#2171,#2255,#429,.T.);
#2656=EDGE_CURVE('',#2171,#2075,#74,.T.);
#2658=EDGE_CURVE('',#2075,#2072,#79,.T.);
#2660=EDGE_CURVE('',#2170,#2072,#83,.T.);
#2671=EDGE_CURVE('',#2175,#2079,#92,.T.);
#2673=EDGE_CURVE('',#2079,#2074,#97,.T.);
#2675=EDGE_CURVE('',#2174,#2074,#101,.T.);
#2686=EDGE_CURVE('',#2179,#2083,#110,.T.);
#2688=EDGE_CURVE('',#2083,#2078,#115,.T.);
#2690=EDGE_CURVE('',#2178,#2078,#119,.T.);
#2701=EDGE_CURVE('',#2183,#2087,#128,.T.);
#2703=EDGE_CURVE('',#2087,#2082,#133,.T.);
#2705=EDGE_CURVE('',#2182,#2082,#137,.T.);
#2716=EDGE_CURVE('',#2187,#2091,#146,.T.);
#2718=EDGE_CURVE('',#2091,#2086,#151,.T.);
#2720=EDGE_CURVE('',#2186,#2086,#155,.T.);
#2731=EDGE_CURVE('',#2191,#2095,#164,.T.);
#2733=EDGE_CURVE('',#2095,#2090,#169,.T.);
#2735=EDGE_CURVE('',#2190,#2090,#173,.T.);
#2746=EDGE_CURVE('',#2195,#2099,#182,.T.);
#2748=EDGE_CURVE('',#2099,#2094,#187,.T.);
#2750=EDGE_CURVE('',#2194,#2094,#191,.T.);
#2761=EDGE_CURVE('',#2199,#2103,#200,.T.);
#2763=EDGE_CURVE('',#2103,#2098,#205,.T.);
#2765=EDGE_CURVE('',#2198,#2098,#209,.T.);
#2776=EDGE_CURVE('',#2203,#2107,#218,.T.);
#2778=EDGE_CURVE('',#2107,#2102,#223,.T.);
#2780=EDGE_CURVE('',#2202,#2102,#227,.T.);
#2791=EDGE_CURVE('',#2207,#2112,#236,.T.);
#2793=EDGE_CURVE('',#2112,#2106,#241,.T.);
#2795=EDGE_CURVE('',#2206,#2106,#245,.T.);
#2806=EDGE_CURVE('',#2211,#2118,#254,.T.);
#2808=EDGE_CURVE('',#2118,#2110,#259,.T.);
#2810=EDGE_CURVE('',#2210,#2110,#263,.T.);
#2821=EDGE_CURVE('',#2215,#2122,#272,.T.);
#2823=EDGE_CURVE('',#2122,#2117,#277,.T.);
#2825=EDGE_CURVE('',#2214,#2117,#281,.T.);
#2836=EDGE_CURVE('',#2219,#2126,#290,.T.);
#2838=EDGE_CURVE('',#2126,#2121,#295,.T.);
#2840=EDGE_CURVE('',#2218,#2121,#299,.T.);
#2851=EDGE_CURVE('',#2223,#2130,#308,.T.);
#2853=EDGE_CURVE('',#2130,#2125,#313,.T.);
#2855=EDGE_CURVE('',#2222,#2125,#317,.T.);
#2866=EDGE_CURVE('',#2227,#2134,#326,.T.);
#2868=EDGE_CURVE('',#2134,#2129,#331,.T.);
#2870=EDGE_CURVE('',#2226,#2129,#335,.T.);
#2881=EDGE_CURVE('',#2231,#2138,#344,.T.);
#2883=EDGE_CURVE('',#2138,#2133,#349,.T.);
#2885=EDGE_CURVE('',#2230,#2133,#353,.T.);
#2896=EDGE_CURVE('',#2235,#2142,#362,.T.);
#2898=EDGE_CURVE('',#2142,#2137,#367,.T.);
#2900=EDGE_CURVE('',#2234,#2137,#371,.T.);
#2911=EDGE_CURVE('',#2239,#2146,#380,.T.);
#2913=EDGE_CURVE('',#2146,#2141,#385,.T.);
#2915=EDGE_CURVE('',#2238,#2141,#389,.T.);
#2926=EDGE_CURVE('',#2243,#2150,#398,.T.);
#2928=EDGE_CURVE('',#2150,#2145,#403,.T.);
#2930=EDGE_CURVE('',#2242,#2145,#407,.T.);
#2941=EDGE_CURVE('',#2247,#2068,#416,.T.);
#2943=EDGE_CURVE('',#2068,#2149,#421,.T.);
#2945=EDGE_CURVE('',#2246,#2149,#425,.T.);
#2956=EDGE_CURVE('',#2076,#2255,#438,.T.);
#2958=EDGE_CURVE('',#2075,#2076,#473,.T.);
#2970=EDGE_CURVE('',#2073,#2253,#446,.T.);
#2972=EDGE_CURVE('',#2076,#2073,#482,.T.);
#2985=EDGE_CURVE('',#2073,#2074,#488,.T.);
#2996=EDGE_CURVE('',#2375,#2369,#453,.T.);
#2998=EDGE_CURVE('',#2375,#2070,#930,.T.);
#3000=EDGE_CURVE('',#2070,#2071,#460,.T.);
#3002=EDGE_CURVE('',#2071,#2072,#467,.T.);
#3009=EDGE_CURVE('',#2079,#2080,#494,.T.);
#3011=EDGE_CURVE('',#2080,#2077,#503,.T.);
#3013=EDGE_CURVE('',#2077,#2078,#509,.T.);
#3016=EDGE_CURVE('',#2083,#2084,#515,.T.);
#3018=EDGE_CURVE('',#2084,#2081,#524,.T.);
#3020=EDGE_CURVE('',#2081,#2082,#530,.T.);
#3023=EDGE_CURVE('',#2087,#2088,#536,.T.);
#3025=EDGE_CURVE('',#2088,#2085,#545,.T.);
#3027=EDGE_CURVE('',#2085,#2086,#551,.T.);
#3030=EDGE_CURVE('',#2091,#2092,#557,.T.);
#3032=EDGE_CURVE('',#2092,#2089,#566,.T.);
#3034=EDGE_CURVE('',#2089,#2090,#572,.T.);
#3037=EDGE_CURVE('',#2095,#2096,#578,.T.);
#3039=EDGE_CURVE('',#2096,#2093,#587,.T.);
#3041=EDGE_CURVE('',#2093,#2094,#593,.T.);
#3044=EDGE_CURVE('',#2099,#2100,#599,.T.);
#3046=EDGE_CURVE('',#2100,#2097,#608,.T.);
#3048=EDGE_CURVE('',#2097,#2098,#614,.T.);
#3051=EDGE_CURVE('',#2103,#2104,#620,.T.);
#3053=EDGE_CURVE('',#2104,#2101,#629,.T.);
#3055=EDGE_CURVE('',#2101,#2102,#635,.T.);
#3058=EDGE_CURVE('',#2107,#2108,#641,.T.);
#3060=EDGE_CURVE('',#2108,#2105,#650,.T.);
#3062=EDGE_CURVE('',#2105,#2106,#656,.T.);
#3065=EDGE_CURVE('',#2112,#2113,#663,.T.);
#3067=EDGE_CURVE('',#2113,#2111,#670,.T.);
#3069=EDGE_CURVE('',#2115,#2111,#674,.T.);
#3071=EDGE_CURVE('',#2115,#2369,#683,.T.);
#3081=EDGE_CURVE('',#2368,#2369,#678,.T.);
#3083=EDGE_CURVE('',#2368,#2374,#952,.T.);
#3085=EDGE_CURVE('',#2375,#2374,#934,.T.);
#3098=EDGE_CURVE('',#2373,#2115,#688,.T.);
#3100=EDGE_CURVE('',#2372,#2373,#692,.T.);
#3102=EDGE_CURVE('',#2372,#2067,#697,.T.);
#3104=EDGE_CURVE('',#2067,#2368,#702,.T.);
#3114=EDGE_CURVE('',#2373,#2375,#709,.T.);
#3118=EDGE_CURVE('',#2111,#2109,#716,.T.);
#3120=EDGE_CURVE('',#2109,#2110,#723,.T.);
#3123=EDGE_CURVE('',#2118,#2119,#729,.T.);
#3125=EDGE_CURVE('',#2119,#2116,#738,.T.);
#3127=EDGE_CURVE('',#2116,#2117,#744,.T.);
#3130=EDGE_CURVE('',#2122,#2123,#750,.T.);
#3132=EDGE_CURVE('',#2123,#2120,#759,.T.);
#3134=EDGE_CURVE('',#2120,#2121,#765,.T.);
#3137=EDGE_CURVE('',#2126,#2127,#771,.T.);
#3139=EDGE_CURVE('',#2127,#2124,#780,.T.);
#3141=EDGE_CURVE('',#2124,#2125,#786,.T.);
#3144=EDGE_CURVE('',#2130,#2131,#792,.T.);
#3146=EDGE_CURVE('',#2131,#2128,#801,.T.);
#3148=EDGE_CURVE('',#2128,#2129,#807,.T.);
#3151=EDGE_CURVE('',#2134,#2135,#813,.T.);
#3153=EDGE_CURVE('',#2135,#2132,#822,.T.);
#3155=EDGE_CURVE('',#2132,#2133,#828,.T.);
#3158=EDGE_CURVE('',#2138,#2139,#834,.T.);
#3160=EDGE_CURVE('',#2139,#2136,#843,.T.);
#3162=EDGE_CURVE('',#2136,#2137,#849,.T.);
#3165=EDGE_CURVE('',#2142,#2143,#855,.T.);
#3167=EDGE_CURVE('',#2143,#2140,#864,.T.);
#3169=EDGE_CURVE('',#2140,#2141,#870,.T.);
#3172=EDGE_CURVE('',#2146,#2147,#876,.T.);
#3174=EDGE_CURVE('',#2147,#2144,#885,.T.);
#3176=EDGE_CURVE('',#2144,#2145,#891,.T.);
#3179=EDGE_CURVE('',#2150,#2151,#897,.T.);
#3181=EDGE_CURVE('',#2151,#2148,#906,.T.);
#3183=EDGE_CURVE('',#2148,#2149,#912,.T.);
#3186=EDGE_CURVE('',#2068,#2069,#919,.T.);
#3188=EDGE_CURVE('',#2069,#2070,#926,.T.);
#3202=EDGE_CURVE('',#2374,#2372,#941,.T.);
#3213=EDGE_CURVE('',#2064,#2374,#945,.T.);
#3215=EDGE_CURVE('',#2064,#2065,#966,.T.);
#3217=EDGE_CURVE('',#2065,#2067,#956,.T.);
#3231=EDGE_CURVE('',#2065,#2064,#961,.T.);
#3243=EDGE_CURVE('',#2065,#1965,#974,.T.);
#3245=EDGE_CURVE('',#1964,#1965,#994,.T.);
#3247=EDGE_CURVE('',#2064,#1964,#970,.T.);
#3259=EDGE_CURVE('',#1964,#1965,#989,.T.);
#3270=EDGE_CURVE('',#2330,#2331,#979,.T.);
#3272=EDGE_CURVE('',#2331,#2330,#984,.T.);
#3280=EDGE_CURVE('',#1957,#1955,#999,.T.);
#3282=EDGE_CURVE('',#1955,#1957,#1004,.T.);
#3286=EDGE_CURVE('',#1981,#1979,#1009,.T.);
#3288=EDGE_CURVE('',#1979,#1981,#1014,.T.);
#3292=EDGE_CURVE('',#1993,#1991,#1019,.T.);
#3294=EDGE_CURVE('',#1991,#1993,#1024,.T.);
#3298=EDGE_CURVE('',#2005,#2003,#1029,.T.);
#3300=EDGE_CURVE('',#2003,#2005,#1034,.T.);
#3304=EDGE_CURVE('',#2017,#2015,#1039,.T.);
#3306=EDGE_CURVE('',#2015,#2017,#1044,.T.);
#3310=EDGE_CURVE('',#2029,#2027,#1049,.T.);
#3312=EDGE_CURVE('',#2027,#2029,#1054,.T.);
#3316=EDGE_CURVE('',#2041,#2039,#1059,.T.);
#3318=EDGE_CURVE('',#2039,#2041,#1064,.T.);
#3322=EDGE_CURVE('',#2053,#2051,#1069,.T.);
#3324=EDGE_CURVE('',#2051,#2053,#1074,.T.);
#3335=EDGE_CURVE('',#2331,#2335,#1082,.T.);
#3337=EDGE_CURVE('',#2334,#2335,#1087,.T.);
#3339=EDGE_CURVE('',#2330,#2334,#1078,.T.);
#3351=EDGE_CURVE('',#2335,#2334,#1092,.T.);
#3366=EDGE_CURVE('',#2338,#2339,#1097,.T.);
#3368=EDGE_CURVE('',#2339,#2338,#1111,.T.);
#3379=EDGE_CURVE('',#2158,#2339,#1120,.T.);
#3381=EDGE_CURVE('',#2158,#2159,#1102,.T.);
#3383=EDGE_CURVE('',#2159,#2338,#1106,.T.);
#3395=EDGE_CURVE('',#2159,#2158,#1116,.T.);
#3406=EDGE_CURVE('',#2155,#2154,#1214,.T.);
#3408=EDGE_CURVE('',#2154,#2158,#1546,.T.);
#3411=EDGE_CURVE('',#2155,#2159,#1124,.T.);
#3421=EDGE_CURVE('',#2154,#2155,#1209,.T.);
#3426=EDGE_CURVE('',#1952,#1953,#1129,.T.);
#3428=EDGE_CURVE('',#1953,#1952,#1134,.T.);
#3432=EDGE_CURVE('',#1976,#1977,#1139,.T.);
#3434=EDGE_CURVE('',#1977,#1976,#1144,.T.);
#3438=EDGE_CURVE('',#1988,#1989,#1149,.T.);
#3440=EDGE_CURVE('',#1989,#1988,#1154,.T.);
#3444=EDGE_CURVE('',#2000,#2001,#1159,.T.);
#3446=EDGE_CURVE('',#2001,#2000,#1164,.T.);
#3450=EDGE_CURVE('',#2012,#2013,#1169,.T.);
#3452=EDGE_CURVE('',#2013,#2012,#1174,.T.);
#3456=EDGE_CURVE('',#2024,#2025,#1179,.T.);
#3458=EDGE_CURVE('',#2025,#2024,#1184,.T.);
#3462=EDGE_CURVE('',#2036,#2037,#1189,.T.);
#3464=EDGE_CURVE('',#2037,#2036,#1194,.T.);
#3468=EDGE_CURVE('',#2048,#2049,#1199,.T.);
#3470=EDGE_CURVE('',#2049,#2048,#1204,.T.);
#3474=EDGE_CURVE('',#1968,#1969,#1224,.T.);
#3476=EDGE_CURVE('',#1968,#1969,#1276,.T.);
#3486=EDGE_CURVE('',#2061,#2060,#1219,.T.);
#3488=EDGE_CURVE('',#1968,#2060,#1280,.T.);
#3491=EDGE_CURVE('',#1969,#2061,#1271,.T.);
#3501=EDGE_CURVE('',#2057,#2056,#1238,.T.);
#3503=EDGE_CURVE('',#2056,#2060,#1262,.T.);
#3506=EDGE_CURVE('',#2057,#2061,#1228,.T.);
#3516=EDGE_CURVE('',#2056,#2057,#1233,.T.);
#3521=EDGE_CURVE('',#2354,#2355,#1243,.T.);
#3523=EDGE_CURVE('',#2355,#2354,#1248,.T.);
#3527=EDGE_CURVE('',#2362,#2363,#1253,.T.);
#3529=EDGE_CURVE('',#2363,#2362,#1258,.T.);
#3541=EDGE_CURVE('',#2060,#2061,#1267,.T.);
#3565=EDGE_CURVE('',#2355,#2359,#1288,.T.);
#3567=EDGE_CURVE('',#2358,#2359,#1302,.T.);
#3569=EDGE_CURVE('',#2354,#2358,#1284,.T.);
#3581=EDGE_CURVE('',#2359,#2358,#1293,.T.);
#3593=EDGE_CURVE('',#2358,#2342,#1297,.T.);
#3595=EDGE_CURVE('',#2342,#2343,#1311,.T.);
#3597=EDGE_CURVE('',#2359,#2343,#1306,.T.);
#3609=EDGE_CURVE('',#2343,#2342,#1316,.T.);
#3635=EDGE_CURVE('',#2365,#2363,#1334,.T.);
#3637=EDGE_CURVE('',#2365,#2362,#1330,.T.);
#3659=EDGE_CURVE('',#1948,#1952,#1352,.T.);
#3661=EDGE_CURVE('',#1948,#1949,#1339,.T.);
#3663=EDGE_CURVE('',#1949,#1953,#1343,.T.);
#3675=EDGE_CURVE('',#1948,#1949,#1348,.T.);
#3686=EDGE_CURVE('',#1955,#1948,#1356,.T.);
#3689=EDGE_CURVE('',#1957,#1949,#1360,.T.);
#3713=EDGE_CURVE('',#1972,#1976,#1378,.T.);
#3715=EDGE_CURVE('',#1972,#1973,#1365,.T.);
#3717=EDGE_CURVE('',#1973,#1977,#1369,.T.);
#3729=EDGE_CURVE('',#1972,#1973,#1374,.T.);
#3740=EDGE_CURVE('',#1979,#1972,#1382,.T.);
#3743=EDGE_CURVE('',#1981,#1973,#1386,.T.);
#3767=EDGE_CURVE('',#1984,#1988,#1404,.T.);
#3769=EDGE_CURVE('',#1984,#1985,#1391,.T.);
#3771=EDGE_CURVE('',#1985,#1989,#1395,.T.);
#3783=EDGE_CURVE('',#1984,#1985,#1400,.T.);
#3794=EDGE_CURVE('',#1991,#1984,#1408,.T.);
#3797=EDGE_CURVE('',#1993,#1985,#1412,.T.);
#3821=EDGE_CURVE('',#1996,#2000,#1430,.T.);
#3823=EDGE_CURVE('',#1996,#1997,#1417,.T.);
#3825=EDGE_CURVE('',#1997,#2001,#1421,.T.);
#3837=EDGE_CURVE('',#1996,#1997,#1426,.T.);
#3848=EDGE_CURVE('',#2003,#1996,#1434,.T.);
#3851=EDGE_CURVE('',#2005,#1997,#1438,.T.);
#3875=EDGE_CURVE('',#2008,#2012,#1456,.T.);
#3877=EDGE_CURVE('',#2008,#2009,#1443,.T.);
#3879=EDGE_CURVE('',#2009,#2013,#1447,.T.);
#3891=EDGE_CURVE('',#2008,#2009,#1452,.T.);
#3902=EDGE_CURVE('',#2015,#2008,#1460,.T.);
#3905=EDGE_CURVE('',#2017,#2009,#1464,.T.);
#3929=EDGE_CURVE('',#2020,#2024,#1482,.T.);
#3931=EDGE_CURVE('',#2020,#2021,#1469,.T.);
#3933=EDGE_CURVE('',#2021,#2025,#1473,.T.);
#3945=EDGE_CURVE('',#2020,#2021,#1478,.T.);
#3956=EDGE_CURVE('',#2027,#2020,#1486,.T.);
#3959=EDGE_CURVE('',#2029,#2021,#1490,.T.);
#3983=EDGE_CURVE('',#2032,#2036,#1508,.T.);
#3985=EDGE_CURVE('',#2032,#2033,#1495,.T.);
#3987=EDGE_CURVE('',#2033,#2037,#1499,.T.);
#3999=EDGE_CURVE('',#2032,#2033,#1504,.T.);
#4010=EDGE_CURVE('',#2039,#2032,#1512,.T.);
#4013=EDGE_CURVE('',#2041,#2033,#1516,.T.);
#4037=EDGE_CURVE('',#2044,#2048,#1534,.T.);
#4039=EDGE_CURVE('',#2044,#2045,#1521,.T.);
#4041=EDGE_CURVE('',#2045,#2049,#1525,.T.);
#4053=EDGE_CURVE('',#2044,#2045,#1530,.T.);
#4064=EDGE_CURVE('',#2051,#2044,#1538,.T.);
#4067=EDGE_CURVE('',#2053,#2045,#1542,.T.);
#4103=EDGE_CURVE('',#2109,#2289,#1563,.T.);
#4107=EDGE_CURVE('',#2113,#2291,#1555,.T.);
#4142=EDGE_CURVE('',#2119,#2295,#1580,.T.);
#4155=EDGE_CURVE('',#2116,#2293,#1588,.T.);
#4180=EDGE_CURVE('',#2123,#2299,#1601,.T.);
#4193=EDGE_CURVE('',#2120,#2297,#1609,.T.);
#4218=EDGE_CURVE('',#2127,#2303,#1622,.T.);
#4231=EDGE_CURVE('',#2124,#2301,#1630,.T.);
#4256=EDGE_CURVE('',#2131,#2307,#1643,.T.);
#4269=EDGE_CURVE('',#2128,#2305,#1651,.T.);
#4294=EDGE_CURVE('',#2135,#2311,#1664,.T.);
#4307=EDGE_CURVE('',#2132,#2309,#1672,.T.);
#4332=EDGE_CURVE('',#2139,#2315,#1685,.T.);
#4345=EDGE_CURVE('',#2136,#2313,#1693,.T.);
#4370=EDGE_CURVE('',#2143,#2319,#1706,.T.);
#4383=EDGE_CURVE('',#2140,#2317,#1714,.T.);
#4408=EDGE_CURVE('',#2147,#2323,#1727,.T.);
#4421=EDGE_CURVE('',#2144,#2321,#1735,.T.);
#4446=EDGE_CURVE('',#2151,#2327,#1748,.T.);
#4459=EDGE_CURVE('',#2148,#2325,#1756,.T.);
#4484=EDGE_CURVE('',#2069,#2251,#1769,.T.);
#4497=EDGE_CURVE('',#2071,#2249,#1777,.T.);
#4523=EDGE_CURVE('',#2080,#2259,#1790,.T.);
#4536=EDGE_CURVE('',#2077,#2257,#1798,.T.);
#4561=EDGE_CURVE('',#2084,#2263,#1811,.T.);
#4574=EDGE_CURVE('',#2081,#2261,#1819,.T.);
#4599=EDGE_CURVE('',#2088,#2267,#1832,.T.);
#4612=EDGE_CURVE('',#2085,#2265,#1840,.T.);
#4637=EDGE_CURVE('',#2092,#2271,#1853,.T.);
#4650=EDGE_CURVE('',#2089,#2269,#1861,.T.);
#4675=EDGE_CURVE('',#2096,#2275,#1874,.T.);
#4688=EDGE_CURVE('',#2093,#2273,#1882,.T.);
#4713=EDGE_CURVE('',#2100,#2279,#1895,.T.);
#4726=EDGE_CURVE('',#2097,#2277,#1903,.T.);
#4751=EDGE_CURVE('',#2104,#2283,#1916,.T.);
#4764=EDGE_CURVE('',#2101,#2281,#1924,.T.);
#4789=EDGE_CURVE('',#2108,#2287,#1937,.T.);
#4802=EDGE_CURVE('',#2105,#2285,#1945,.T.);
#4826=CIRCLE('',#4825,1.E0);
#4831=CIRCLE('',#4830,1.E0);
#4836=CIRCLE('',#4835,1.E0);
#4845=CIRCLE('',#4844,1.E0);
#4863=EDGE_CURVE('',#4853,#4852,#4826,.T.);
#4865=EDGE_CURVE('',#4852,#4855,#4849,.T.);
#4867=EDGE_CURVE('',#4855,#4857,#4831,.T.);
#4869=EDGE_CURVE('',#4853,#4857,#4840,.T.);
#4879=EDGE_CURVE('',#4852,#4853,#4836,.T.);
#4882=EDGE_CURVE('',#4857,#4855,#4845,.T.);
#4894=CIRCLE('',#4893,1.E0);
#4899=CIRCLE('',#4898,1.E0);
#4904=CIRCLE('',#4903,1.E0);
#4913=CIRCLE('',#4912,1.E0);
#4931=EDGE_CURVE('',#4921,#4920,#4894,.T.);
#4933=EDGE_CURVE('',#4920,#4923,#4917,.T.);
#4935=EDGE_CURVE('',#4923,#4925,#4899,.T.);
#4937=EDGE_CURVE('',#4921,#4925,#4908,.T.);
#4947=EDGE_CURVE('',#4920,#4921,#4904,.T.);
#4950=EDGE_CURVE('',#4925,#4923,#4913,.T.);
#4962=CIRCLE('',#4961,1.E0);
#4967=CIRCLE('',#4966,1.E0);
#4972=CIRCLE('',#4971,1.E0);
#4981=CIRCLE('',#4980,1.E0);
#4999=EDGE_CURVE('',#4989,#4988,#4962,.T.);
#5001=EDGE_CURVE('',#4988,#4991,#4985,.T.);
#5003=EDGE_CURVE('',#4991,#4993,#4967,.T.);
#5005=EDGE_CURVE('',#4989,#4993,#4976,.T.);
#5015=EDGE_CURVE('',#4988,#4989,#4972,.T.);
#5018=EDGE_CURVE('',#4993,#4991,#4981,.T.);
#5030=CIRCLE('',#5029,1.E0);
#5035=CIRCLE('',#5034,1.E0);
#5040=CIRCLE('',#5039,1.E0);
#5049=CIRCLE('',#5048,1.E0);
#5067=EDGE_CURVE('',#5057,#5056,#5030,.T.);
#5069=EDGE_CURVE('',#5056,#5059,#5053,.T.);
#5071=EDGE_CURVE('',#5059,#5061,#5035,.T.);
#5073=EDGE_CURVE('',#5057,#5061,#5044,.T.);
#5083=EDGE_CURVE('',#5056,#5057,#5040,.T.);
#5086=EDGE_CURVE('',#5061,#5059,#5049,.T.);
#5098=CIRCLE('',#5097,1.E0);
#5103=CIRCLE('',#5102,1.E0);
#5108=CIRCLE('',#5107,1.E0);
#5117=CIRCLE('',#5116,1.E0);
#5135=EDGE_CURVE('',#5125,#5124,#5098,.T.);
#5137=EDGE_CURVE('',#5124,#5127,#5121,.T.);
#5139=EDGE_CURVE('',#5127,#5129,#5103,.T.);
#5141=EDGE_CURVE('',#5125,#5129,#5112,.T.);
#5151=EDGE_CURVE('',#5124,#5125,#5108,.T.);
#5154=EDGE_CURVE('',#5129,#5127,#5117,.T.);
#5166=CIRCLE('',#5165,1.E0);
#5171=CIRCLE('',#5170,1.E0);
#5176=CIRCLE('',#5175,1.E0);
#5185=CIRCLE('',#5184,1.E0);
#5203=EDGE_CURVE('',#5193,#5192,#5166,.T.);
#5205=EDGE_CURVE('',#5192,#5195,#5189,.T.);
#5207=EDGE_CURVE('',#5195,#5197,#5171,.T.);
#5209=EDGE_CURVE('',#5193,#5197,#5180,.T.);
#5219=EDGE_CURVE('',#5192,#5193,#5176,.T.);
#5222=EDGE_CURVE('',#5197,#5195,#5185,.T.);
#5234=CIRCLE('',#5233,1.E0);
#5239=CIRCLE('',#5238,1.E0);
#5244=CIRCLE('',#5243,1.E0);
#5253=CIRCLE('',#5252,1.E0);
#5271=EDGE_CURVE('',#5261,#5260,#5234,.T.);
#5273=EDGE_CURVE('',#5260,#5263,#5257,.T.);
#5275=EDGE_CURVE('',#5263,#5265,#5239,.T.);
#5277=EDGE_CURVE('',#5261,#5265,#5248,.T.);
#5287=EDGE_CURVE('',#5260,#5261,#5244,.T.);
#5290=EDGE_CURVE('',#5265,#5263,#5253,.T.);
#5302=CIRCLE('',#5301,1.E0);
#5307=CIRCLE('',#5306,1.E0);
#5312=CIRCLE('',#5311,1.E0);
#5321=CIRCLE('',#5320,1.E0);
#5339=EDGE_CURVE('',#5329,#5328,#5302,.T.);
#5341=EDGE_CURVE('',#5328,#5331,#5325,.T.);
#5343=EDGE_CURVE('',#5331,#5333,#5307,.T.);
#5345=EDGE_CURVE('',#5329,#5333,#5316,.T.);
#5355=EDGE_CURVE('',#5328,#5329,#5312,.T.);
#5358=EDGE_CURVE('',#5333,#5331,#5321,.T.);
#5367=(LENGTH_UNIT()NAMED_UNIT(*)SI_UNIT(.MILLI.,.METRE.));
#5369=(NAMED_UNIT(*)PLANE_ANGLE_UNIT()SI_UNIT($,.RADIAN.));
#5372=(NAMED_UNIT(*)SI_UNIT($,.STERADIAN.)SOLID_ANGLE_UNIT());
#5378=AXIS2_PLACEMENT_3D('',#5375,#5376,#5377);
#5379=ADVANCED_BREP_SHAPE_REPRESENTATION('',(#5378,#5365),#5374);
#5383=AXIS2_PLACEMENT_3D('',#5380,#5381,#5382);
#5384=MANIFOLD_SURFACE_SHAPE_REPRESENTATION('',(#5383,#5366),#5374);
#5388=AXIS2_PLACEMENT_3D('',#5385,#5386,#5387);
#5389=SHAPE_REPRESENTATION('',(#5388),#5374);
#5398=PRODUCT_DEFINITION('design','',#5397,#5394);
#5399=PRODUCT_DEFINITION_SHAPE('','SHAPE FOR HN12_B101_T_BR1.',#5398);
#5400=SHAPE_DEFINITION_REPRESENTATION(#5399,#5389);
#5401=SHAPE_DEFINITION_REPRESENTATION(#5402,#5403);
#5402=PRODUCT_DEFINITION_SHAPE('','SHAPE FOR EPX430_BR101_ASM.',#11001);
#5403=SHAPE_REPRESENTATION('',(#5409,#7946,#8346,#9000,#9655,#9664,#10318,
#10327,#10982,#10997),#10993);
#5404=NEXT_ASSEMBLY_USAGE_OCCURRENCE('26','Next assembly relationship',
'HN12_B101_T_BR1',#11001,#5398,$);
#5405=PRODUCT_DEFINITION_SHAPE('Placement #26',
'Placement of HN12_B101_T_BR1 with respect to EPX430_BR101_ASM',#5404);
#5418=CIRCLE('',#5417,1.05E1);
#5423=CIRCLE('',#5422,1.05E1);
#5428=CIRCLE('',#5427,1.3E0);
#5433=CIRCLE('',#5432,1.3E0);
#5438=CIRCLE('',#5437,1.3E0);
#5443=CIRCLE('',#5442,1.3E0);
#5448=CIRCLE('',#5447,1.3E0);
#5453=CIRCLE('',#5452,1.3E0);
#5458=CIRCLE('',#5457,1.3E0);
#5463=CIRCLE('',#5462,1.3E0);
#5480=CIRCLE('',#5479,3.4E0);
#5485=CIRCLE('',#5484,1.16E1);
#5490=CIRCLE('',#5489,3.4E0);
#5515=CIRCLE('',#5514,3.4E0);
#5520=CIRCLE('',#5519,1.16E1);
#5525=CIRCLE('',#5524,3.4E0);
#5538=CIRCLE('',#5537,1.05E1);
#5547=CIRCLE('',#5546,9.75E0);
#5552=CIRCLE('',#5551,9.75E0);
#5561=CIRCLE('',#5560,9.75E0);
#5566=CIRCLE('',#5565,9.75E0);
#5571=CIRCLE('',#5570,2.6E0);
#5576=CIRCLE('',#5575,2.6E0);
#5581=CIRCLE('',#5580,2.6E0);
#5586=CIRCLE('',#5585,2.6E0);
#5591=CIRCLE('',#5590,2.6E0);
#5596=CIRCLE('',#5595,2.6E0);
#5601=CIRCLE('',#5600,2.6E0);
#5606=CIRCLE('',#5605,2.6E0);
#5623=CIRCLE('',#5622,3.4E0);
#5628=CIRCLE('',#5627,1.16E1);
#5633=CIRCLE('',#5632,3.4E0);
#5658=CIRCLE('',#5657,3.4E0);
#5663=CIRCLE('',#5662,1.16E1);
#5668=CIRCLE('',#5667,3.4E0);
#5693=CIRCLE('',#5692,2.4E0);
#5702=CIRCLE('',#5701,2.4E0);
#5711=CIRCLE('',#5710,2.4E0);
#5716=CIRCLE('',#5715,2.4E0);
#5721=CIRCLE('',#5720,2.4E0);
#5726=CIRCLE('',#5725,2.4E0);
#5731=CIRCLE('',#5730,2.4E0);
#5736=CIRCLE('',#5735,2.4E0);
#5741=CIRCLE('',#5740,2.4E0);
#5746=CIRCLE('',#5745,2.4E0);
#5751=CIRCLE('',#5750,1.5E0);
#5756=CIRCLE('',#5755,1.5E0);
#5761=CIRCLE('',#5760,1.5E0);
#5766=CIRCLE('',#5765,1.5E0);
#5771=CIRCLE('',#5770,1.5E0);
#5776=CIRCLE('',#5775,1.5E0);
#5781=CIRCLE('',#5780,1.5E0);
#5786=CIRCLE('',#5785,1.5E0);
#5791=CIRCLE('',#5790,2.4E0);
#5808=CIRCLE('',#5807,2.4E0);
#5817=CIRCLE('',#5816,2.4E0);
#5834=CIRCLE('',#5833,2.4E0);
#5843=CIRCLE('',#5842,2.4E0);
#5860=CIRCLE('',#5859,2.4E0);
#5873=CIRCLE('',#5872,1.3E0);
#5882=CIRCLE('',#5881,1.3E0);
#5899=CIRCLE('',#5898,1.3E0);
#5908=CIRCLE('',#5907,1.3E0);
#5925=CIRCLE('',#5924,1.3E0);
#5934=CIRCLE('',#5933,1.3E0);
#5951=CIRCLE('',#5950,1.3E0);
#5960=CIRCLE('',#5959,1.3E0);
#6169=CIRCLE('',#6168,3.E0);
#6174=CIRCLE('',#6173,3.E0);
#6179=CIRCLE('',#6178,1.2E1);
#6188=CIRCLE('',#6187,1.2E1);
#6197=CIRCLE('',#6196,3.E0);
#6202=CIRCLE('',#6201,3.E0);
#6255=CIRCLE('',#6254,3.E0);
#6260=CIRCLE('',#6259,3.E0);
#6265=CIRCLE('',#6264,1.2E1);
#6274=CIRCLE('',#6273,1.2E1);
#6283=CIRCLE('',#6282,3.E0);
#6288=CIRCLE('',#6287,3.E0);
#6305=CIRCLE('',#6304,1.05E1);
#6555=EDGE_CURVE('',#6432,#6433,#5467,.T.);
#6557=EDGE_CURVE('',#6491,#6432,#5471,.T.);
#6559=EDGE_CURVE('',#6525,#6491,#5475,.T.);
#6561=EDGE_CURVE('',#6527,#6525,#5480,.T.);
#6563=EDGE_CURVE('',#6531,#6527,#5485,.T.);
#6565=EDGE_CURVE('',#6535,#6531,#5490,.T.);
#6567=EDGE_CURVE('',#6521,#6535,#5494,.T.);
#6569=EDGE_CURVE('',#6441,#6521,#5498,.T.);
#6571=EDGE_CURVE('',#6440,#6441,#5502,.T.);
#6573=EDGE_CURVE('',#6505,#6440,#5506,.T.);
#6575=EDGE_CURVE('',#6504,#6505,#5510,.T.);
#6577=EDGE_CURVE('',#6507,#6504,#5515,.T.);
#6579=EDGE_CURVE('',#6511,#6507,#5520,.T.);
#6581=EDGE_CURVE('',#6515,#6511,#5525,.T.);
#6583=EDGE_CURVE('',#6497,#6515,#5529,.T.);
#6585=EDGE_CURVE('',#6433,#6497,#5533,.T.);
#6589=EDGE_CURVE('',#6316,#6317,#5428,.T.);
#6591=EDGE_CURVE('',#6317,#6316,#5433,.T.);
#6595=EDGE_CURVE('',#6320,#6321,#5438,.T.);
#6597=EDGE_CURVE('',#6321,#6320,#5443,.T.);
#6601=EDGE_CURVE('',#6324,#6325,#5448,.T.);
#6603=EDGE_CURVE('',#6325,#6324,#5453,.T.);
#6607=EDGE_CURVE('',#6328,#6329,#5458,.T.);
#6609=EDGE_CURVE('',#6329,#6328,#5463,.T.);
#6613=EDGE_CURVE('',#6312,#6313,#5418,.T.);
#6615=EDGE_CURVE('',#6313,#6312,#5423,.T.);
#6625=EDGE_CURVE('',#6548,#6549,#5538,.T.);
#6627=EDGE_CURVE('',#6313,#6548,#6309,.T.);
#6630=EDGE_CURVE('',#6312,#6549,#5542,.T.);
#6641=EDGE_CURVE('',#6549,#6548,#6305,.T.);
#6645=EDGE_CURVE('',#6544,#6545,#5547,.T.);
#6647=EDGE_CURVE('',#6545,#6544,#5552,.T.);
#6657=EDGE_CURVE('',#6540,#6541,#5561,.T.);
#6659=EDGE_CURVE('',#6541,#6545,#5680,.T.);
#6662=EDGE_CURVE('',#6540,#6544,#5556,.T.);
#6672=EDGE_CURVE('',#6416,#6417,#5610,.T.);
#6674=EDGE_CURVE('',#6457,#6416,#5614,.T.);
#6676=EDGE_CURVE('',#6456,#6457,#5618,.T.);
#6678=EDGE_CURVE('',#6459,#6456,#5623,.T.);
#6680=EDGE_CURVE('',#6463,#6459,#5628,.T.);
#6682=EDGE_CURVE('',#6467,#6463,#5633,.T.);
#6684=EDGE_CURVE('',#6449,#6467,#5637,.T.);
#6686=EDGE_CURVE('',#6425,#6449,#5641,.T.);
#6688=EDGE_CURVE('',#6424,#6425,#5645,.T.);
#6690=EDGE_CURVE('',#6443,#6424,#5649,.T.);
#6692=EDGE_CURVE('',#6477,#6443,#5653,.T.);
#6694=EDGE_CURVE('',#6479,#6477,#5658,.T.);
#6696=EDGE_CURVE('',#6483,#6479,#5663,.T.);
#6698=EDGE_CURVE('',#6487,#6483,#5668,.T.);
#6700=EDGE_CURVE('',#6473,#6487,#5672,.T.);
#6702=EDGE_CURVE('',#6417,#6473,#5676,.T.);
#6706=EDGE_CURVE('',#6348,#6349,#5571,.T.);
#6708=EDGE_CURVE('',#6349,#6348,#5576,.T.);
#6712=EDGE_CURVE('',#6372,#6373,#5581,.T.);
#6714=EDGE_CURVE('',#6373,#6372,#5586,.T.);
#6718=EDGE_CURVE('',#6380,#6381,#5591,.T.);
#6720=EDGE_CURVE('',#6381,#6380,#5596,.T.);
#6724=EDGE_CURVE('',#6404,#6405,#5601,.T.);
#6726=EDGE_CURVE('',#6405,#6404,#5606,.T.);
#6731=EDGE_CURVE('',#6541,#6540,#5566,.T.);
#6754=EDGE_CURVE('',#6349,#6353,#5688,.T.);
#6756=EDGE_CURVE('',#6352,#6353,#5702,.T.);
#6758=EDGE_CURVE('',#6348,#6352,#5684,.T.);
#6770=EDGE_CURVE('',#6353,#6352,#5693,.T.);
#6782=EDGE_CURVE('',#6352,#6332,#5697,.T.);
#6784=EDGE_CURVE('',#6332,#6333,#5711,.T.);
#6786=EDGE_CURVE('',#6353,#6333,#5706,.T.);
#6798=EDGE_CURVE('',#6333,#6332,#5716,.T.);
#6813=EDGE_CURVE('',#6360,#6361,#5751,.T.);
#6815=EDGE_CURVE('',#6361,#6360,#5756,.T.);
#6825=EDGE_CURVE('',#6336,#6337,#5721,.T.);
#6827=EDGE_CURVE('',#6337,#6336,#5726,.T.);
#6831=EDGE_CURVE('',#6368,#6369,#5761,.T.);
#6833=EDGE_CURVE('',#6369,#6368,#5766,.T.);
#6843=EDGE_CURVE('',#6340,#6341,#5731,.T.);
#6845=EDGE_CURVE('',#6341,#6340,#5736,.T.);
#6849=EDGE_CURVE('',#6400,#6401,#5781,.T.);
#6851=EDGE_CURVE('',#6401,#6400,#5786,.T.);
#6861=EDGE_CURVE('',#6344,#6345,#5741,.T.);
#6863=EDGE_CURVE('',#6345,#6344,#5746,.T.);
#6867=EDGE_CURVE('',#6392,#6393,#5771,.T.);
#6869=EDGE_CURVE('',#6393,#6392,#5776,.T.);
#6879=EDGE_CURVE('',#6377,#6376,#5791,.T.);
#6881=EDGE_CURVE('',#6376,#6336,#5795,.T.);
#6884=EDGE_CURVE('',#6377,#6337,#5812,.T.);
#6895=EDGE_CURVE('',#6372,#6376,#5803,.T.);
#6898=EDGE_CURVE('',#6373,#6377,#5799,.T.);
#6910=EDGE_CURVE('',#6376,#6377,#5808,.T.);
#6933=EDGE_CURVE('',#6409,#6408,#5817,.T.);
#6935=EDGE_CURVE('',#6408,#6340,#5821,.T.);
#6938=EDGE_CURVE('',#6409,#6341,#5838,.T.);
#6949=EDGE_CURVE('',#6404,#6408,#5829,.T.);
#6952=EDGE_CURVE('',#6405,#6409,#5825,.T.);
#6964=EDGE_CURVE('',#6408,#6409,#5834,.T.);
#6987=EDGE_CURVE('',#6385,#6384,#5843,.T.);
#6989=EDGE_CURVE('',#6384,#6344,#5847,.T.);
#6992=EDGE_CURVE('',#6385,#6345,#5864,.T.);
#7003=EDGE_CURVE('',#6380,#6384,#5855,.T.);
#7006=EDGE_CURVE('',#6381,#6385,#5851,.T.);
#7018=EDGE_CURVE('',#6384,#6385,#5860,.T.);
#7041=EDGE_CURVE('',#6356,#6357,#5873,.T.);
#7043=EDGE_CURVE('',#6357,#6361,#5890,.T.);
#7046=EDGE_CURVE('',#6356,#6360,#5868,.T.);
#7057=EDGE_CURVE('',#6356,#6317,#5877,.T.);
#7060=EDGE_CURVE('',#6357,#6316,#5886,.T.);
#7070=EDGE_CURVE('',#6357,#6356,#5882,.T.);
#7095=EDGE_CURVE('',#6364,#6365,#5899,.T.);
#7097=EDGE_CURVE('',#6365,#6369,#5916,.T.);
#7100=EDGE_CURVE('',#6364,#6368,#5894,.T.);
#7111=EDGE_CURVE('',#6364,#6329,#5903,.T.);
#7114=EDGE_CURVE('',#6365,#6328,#5912,.T.);
#7124=EDGE_CURVE('',#6365,#6364,#5908,.T.);
#7149=EDGE_CURVE('',#6388,#6389,#5925,.T.);
#7151=EDGE_CURVE('',#6389,#6393,#5942,.T.);
#7154=EDGE_CURVE('',#6388,#6392,#5920,.T.);
#7165=EDGE_CURVE('',#6388,#6325,#5929,.T.);
#7168=EDGE_CURVE('',#6389,#6324,#5938,.T.);
#7178=EDGE_CURVE('',#6389,#6388,#5934,.T.);
#7203=EDGE_CURVE('',#6396,#6397,#5951,.T.);
#7205=EDGE_CURVE('',#6397,#6401,#5968,.T.);
#7208=EDGE_CURVE('',#6396,#6400,#5946,.T.);
#7219=EDGE_CURVE('',#6396,#6321,#5955,.T.);
#7222=EDGE_CURVE('',#6397,#6320,#5964,.T.);
#7232=EDGE_CURVE('',#6397,#6396,#5960,.T.);
#7257=EDGE_CURVE('',#6412,#6413,#5976,.T.);
#7259=EDGE_CURVE('',#6412,#6416,#6128,.T.);
#7262=EDGE_CURVE('',#6413,#6417,#5972,.T.);
#7273=EDGE_CURVE('',#6428,#6413,#5980,.T.);
#7275=EDGE_CURVE('',#6428,#6429,#5984,.T.);
#7277=EDGE_CURVE('',#6412,#6429,#5988,.T.);
#7287=EDGE_CURVE('',#6413,#6471,#5992,.T.);
#7289=EDGE_CURVE('',#6493,#6471,#6164,.T.);
#7291=EDGE_CURVE('',#6493,#6428,#5996,.T.);
#7305=EDGE_CURVE('',#6471,#6473,#6000,.T.);
#7316=EDGE_CURVE('',#6487,#6489,#6004,.T.);
#7318=EDGE_CURVE('',#6471,#6489,#6152,.T.);
#7330=EDGE_CURVE('',#6483,#6485,#6008,.T.);
#7332=EDGE_CURVE('',#6489,#6485,#6169,.T.);
#7344=EDGE_CURVE('',#6479,#6481,#6012,.T.);
#7346=EDGE_CURVE('',#6485,#6481,#6179,.T.);
#7358=EDGE_CURVE('',#6477,#6475,#6016,.T.);
#7360=EDGE_CURVE('',#6481,#6475,#6197,.T.);
#7371=EDGE_CURVE('',#6475,#6445,#6024,.T.);
#7375=EDGE_CURVE('',#6445,#6443,#6020,.T.);
#7386=EDGE_CURVE('',#6445,#6519,#6028,.T.);
#7388=EDGE_CURVE('',#6519,#6537,#6032,.T.);
#7390=EDGE_CURVE('',#6475,#6537,#6036,.T.);
#7400=EDGE_CURVE('',#6445,#6420,#6040,.T.);
#7402=EDGE_CURVE('',#6420,#6437,#6068,.T.);
#7404=EDGE_CURVE('',#6437,#6519,#6044,.T.);
#7416=EDGE_CURVE('',#6420,#6424,#6048,.T.);
#7428=EDGE_CURVE('',#6420,#6421,#6056,.T.);
#7432=EDGE_CURVE('',#6421,#6425,#6052,.T.);
#7443=EDGE_CURVE('',#6436,#6421,#6060,.T.);
#7445=EDGE_CURVE('',#6436,#6437,#6064,.T.);
#7456=EDGE_CURVE('',#6421,#6447,#6072,.T.);
#7458=EDGE_CURVE('',#6501,#6447,#6250,.T.);
#7460=EDGE_CURVE('',#6501,#6436,#6076,.T.);
#7474=EDGE_CURVE('',#6447,#6449,#6080,.T.);
#7485=EDGE_CURVE('',#6467,#6469,#6084,.T.);
#7487=EDGE_CURVE('',#6447,#6469,#6238,.T.);
#7499=EDGE_CURVE('',#6463,#6465,#6088,.T.);
#7501=EDGE_CURVE('',#6469,#6465,#6255,.T.);
#7513=EDGE_CURVE('',#6459,#6461,#6092,.T.);
#7515=EDGE_CURVE('',#6465,#6461,#6265,.T.);
#7527=EDGE_CURVE('',#6456,#6452,#6096,.T.);
#7529=EDGE_CURVE('',#6461,#6452,#6283,.T.);
#7540=EDGE_CURVE('',#6452,#6453,#6104,.T.);
#7544=EDGE_CURVE('',#6453,#6457,#6100,.T.);
#7555=EDGE_CURVE('',#6453,#6495,#6108,.T.);
#7557=EDGE_CURVE('',#6495,#6517,#6112,.T.);
#7559=EDGE_CURVE('',#6452,#6517,#6116,.T.);
#7569=EDGE_CURVE('',#6453,#6412,#6120,.T.);
#7572=EDGE_CURVE('',#6429,#6495,#6124,.T.);
#7596=EDGE_CURVE('',#6429,#6433,#6136,.T.);
#7599=EDGE_CURVE('',#6495,#6497,#6132,.T.);
#7610=EDGE_CURVE('',#6428,#6432,#6140,.T.);
#7625=EDGE_CURVE('',#6493,#6491,#6148,.T.);
#7635=EDGE_CURVE('',#6523,#6493,#6160,.T.);
#7637=EDGE_CURVE('',#6525,#6523,#6144,.T.);
#7650=EDGE_CURVE('',#6489,#6523,#6156,.T.);
#7663=EDGE_CURVE('',#6485,#6529,#6192,.T.);
#7665=EDGE_CURVE('',#6529,#6523,#6174,.T.);
#7677=EDGE_CURVE('',#6481,#6533,#6183,.T.);
#7679=EDGE_CURVE('',#6533,#6529,#6188,.T.);
#7692=EDGE_CURVE('',#6537,#6533,#6202,.T.);
#7704=EDGE_CURVE('',#6531,#6533,#6210,.T.);
#7707=EDGE_CURVE('',#6535,#6537,#6206,.T.);
#7718=EDGE_CURVE('',#6527,#6529,#6214,.T.);
#7745=EDGE_CURVE('',#6519,#6521,#6218,.T.);
#7756=EDGE_CURVE('',#6437,#6441,#6222,.T.);
#7769=EDGE_CURVE('',#6436,#6440,#6226,.T.);
#7784=EDGE_CURVE('',#6501,#6505,#6234,.T.);
#7794=EDGE_CURVE('',#6500,#6501,#6246,.T.);
#7796=EDGE_CURVE('',#6504,#6500,#6230,.T.);
#7809=EDGE_CURVE('',#6469,#6500,#6242,.T.);
#7822=EDGE_CURVE('',#6465,#6509,#6278,.T.);
#7824=EDGE_CURVE('',#6509,#6500,#6260,.T.);
#7836=EDGE_CURVE('',#6461,#6513,#6269,.T.);
#7838=EDGE_CURVE('',#6513,#6509,#6274,.T.);
#7851=EDGE_CURVE('',#6517,#6513,#6288,.T.);
#7863=EDGE_CURVE('',#6511,#6513,#6296,.T.);
#7866=EDGE_CURVE('',#6515,#6517,#6292,.T.);
#7877=EDGE_CURVE('',#6507,#6509,#6300,.T.);
#7922=(LENGTH_UNIT()NAMED_UNIT(*)SI_UNIT(.MILLI.,.METRE.));
#7924=(NAMED_UNIT(*)PLANE_ANGLE_UNIT()SI_UNIT($,.RADIAN.));
#7927=(NAMED_UNIT(*)SI_UNIT($,.STERADIAN.)SOLID_ANGLE_UNIT());
#7933=AXIS2_PLACEMENT_3D('',#7930,#7931,#7932);
#7934=ADVANCED_BREP_SHAPE_REPRESENTATION('',(#7933,#7921),#7929);
#7938=PRODUCT_DEFINITION('design','',#7937,#5394);
#7939=PRODUCT_DEFINITION_SHAPE('','SHAPE FOR HN12_B101_B_BR1.',#7938);
#7940=SHAPE_DEFINITION_REPRESENTATION(#7939,#7934);
#7941=NEXT_ASSEMBLY_USAGE_OCCURRENCE('27','Next assembly relationship',
'HN12_B101_B_BR1',#11001,#7938,$);
#7942=PRODUCT_DEFINITION_SHAPE('Placement #27',
'Placement of HN12_B101_B_BR1 with respect to EPX430_BR101_ASM',#7941);
#7955=CIRCLE('',#7954,1.03E1);
#7960=CIRCLE('',#7959,1.03E1);
#7965=CIRCLE('',#7964,7.7E0);
#7970=CIRCLE('',#7969,7.7E0);
#7975=CIRCLE('',#7974,2.E-1);
#7980=CIRCLE('',#7979,2.E-1);
#7985=CIRCLE('',#7984,1.05E1);
#7994=CIRCLE('',#7993,1.05E1);
#7999=CIRCLE('',#7998,1.05E1);
#8008=CIRCLE('',#8007,1.05E1);
#8013=CIRCLE('',#8012,2.E-1);
#8018=CIRCLE('',#8017,1.03E1);
#8023=CIRCLE('',#8022,1.03E1);
#8028=CIRCLE('',#8027,7.7E0);
#8033=CIRCLE('',#8032,7.7E0);
#8038=CIRCLE('',#8037,2.E-1);
#8043=CIRCLE('',#8042,2.E-1);
#8048=CIRCLE('',#8047,2.E-1);
#8053=CIRCLE('',#8052,7.5E0);
#8062=CIRCLE('',#8061,7.5E0);
#8067=CIRCLE('',#8066,2.E-1);
#8072=CIRCLE('',#8071,2.E-1);
#8077=CIRCLE('',#8076,7.5E0);
#8086=CIRCLE('',#8085,7.5E0);
#8124=EDGE_CURVE('',#8089,#8090,#7955,.T.);
#8126=EDGE_CURVE('',#8090,#8089,#7960,.T.);
#8130=EDGE_CURVE('',#8097,#8098,#7965,.T.);
#8132=EDGE_CURVE('',#8098,#8097,#7970,.T.);
#8143=EDGE_CURVE('',#8090,#8094,#7980,.T.);
#8145=EDGE_CURVE('',#8093,#8094,#7999,.T.);
#8147=EDGE_CURVE('',#8089,#8093,#7975,.T.);
#8159=EDGE_CURVE('',#8094,#8093,#7985,.T.);
#8171=EDGE_CURVE('',#8093,#8110,#7989,.T.);
#8173=EDGE_CURVE('',#8110,#8109,#7994,.T.);
#8175=EDGE_CURVE('',#8094,#8109,#8003,.T.);
#8187=EDGE_CURVE('',#8109,#8110,#8008,.T.);
#8198=EDGE_CURVE('',#8105,#8106,#8018,.T.);
#8200=EDGE_CURVE('',#8106,#8110,#8038,.T.);
#8203=EDGE_CURVE('',#8105,#8109,#8013,.T.);
#8214=EDGE_CURVE('',#8106,#8105,#8023,.T.);
#8218=EDGE_CURVE('',#8113,#8114,#8028,.T.);
#8220=EDGE_CURVE('',#8114,#8113,#8033,.T.);
#8243=EDGE_CURVE('',#8114,#8118,#8048,.T.);
#8245=EDGE_CURVE('',#8117,#8118,#8086,.T.);
#8247=EDGE_CURVE('',#8113,#8117,#8043,.T.);
#8259=EDGE_CURVE('',#8118,#8117,#8062,.T.);
#8270=EDGE_CURVE('',#8102,#8101,#8053,.T.);
#8272=EDGE_CURVE('',#8101,#8118,#8057,.T.);
#8275=EDGE_CURVE('',#8102,#8117,#8081,.T.);
#8286=EDGE_CURVE('',#8097,#8101,#8072,.T.);
#8289=EDGE_CURVE('',#8098,#8102,#8067,.T.);
#8301=EDGE_CURVE('',#8101,#8102,#8077,.T.);
#8321=(LENGTH_UNIT()NAMED_UNIT(*)SI_UNIT(.MILLI.,.METRE.));
#8323=(NAMED_UNIT(*)PLANE_ANGLE_UNIT()SI_UNIT($,.RADIAN.));
#8326=(NAMED_UNIT(*)SI_UNIT($,.STERADIAN.)SOLID_ANGLE_UNIT());
#8332=AXIS2_PLACEMENT_3D('',#8329,#8330,#8331);
#8333=ADVANCED_BREP_SHAPE_REPRESENTATION('',(#8332,#8320),#8328);
#8338=PRODUCT_DEFINITION('design','',#8337,#8334);
#8339=PRODUCT_DEFINITION_SHAPE('','SHAPE FOR BEARING_6702ZZ.',#8338);
#8340=SHAPE_DEFINITION_REPRESENTATION(#8339,#8333);
#8341=NEXT_ASSEMBLY_USAGE_OCCURRENCE('28','Next assembly relationship',
'BEARING_6702ZZ',#11001,#8338,$);
#8342=PRODUCT_DEFINITION_SHAPE('Placement #28',
'Placement of BEARING_6702ZZ with respect to EPX430_BR101_ASM',#8341);
#8354=CIRCLE('',#8353,1.025E0);
#8359=CIRCLE('',#8358,1.025E0);
#8364=CIRCLE('',#8363,1.25E0);
#8369=CIRCLE('',#8368,1.25E0);
#8378=CIRCLE('',#8377,1.25E0);
#8383=CIRCLE('',#8382,1.25E0);
#8400=CIRCLE('',#8399,1.25E0);
#8405=CIRCLE('',#8404,1.25E0);
#8414=CIRCLE('',#8413,2.25E0);
#8423=CIRCLE('',#8422,2.25E0);
#8428=CIRCLE('',#8427,2.25E0);
#8433=CIRCLE('',#8432,2.25E0);
#8438=CIRCLE('',#8437,2.25E0);
#8451=CIRCLE('',#8450,2.25E0);
#8480=CIRCLE('',#8479,2.033493649054E0);
#8485=CIRCLE('',#8484,2.033493649054E0);
#8595=EDGE_CURVE('',#8580,#8581,#8354,.T.);
#8597=EDGE_CURVE('',#8581,#8580,#8359,.T.);
#8608=EDGE_CURVE('',#8589,#8580,#8387,.T.);
#8610=EDGE_CURVE('',#8585,#8589,#8364,.T.);
#8612=EDGE_CURVE('',#8584,#8585,#8369,.T.);
#8614=EDGE_CURVE('',#8584,#8581,#8373,.T.);
#8626=EDGE_CURVE('',#8587,#8584,#8378,.T.);
#8628=EDGE_CURVE('',#8589,#8587,#8383,.T.);
#8640=EDGE_CURVE('',#8585,#8537,#8395,.T.);
#8642=EDGE_CURVE('',#8536,#8537,#8400,.T.);
#8644=EDGE_CURVE('',#8587,#8536,#8391,.T.);
#8658=EDGE_CURVE('',#8536,#8537,#8405,.T.);
#8669=EDGE_CURVE('',#8540,#8541,#8414,.T.);
#8671=EDGE_CURVE('',#8540,#8541,#8433,.T.);
#8685=EDGE_CURVE('',#8569,#8577,#8428,.T.);
#8687=EDGE_CURVE('',#8541,#8569,#8409,.T.);
#8690=EDGE_CURVE('',#8540,#8571,#8418,.T.);
#8692=EDGE_CURVE('',#8577,#8571,#8451,.T.);
#8702=EDGE_CURVE('',#8568,#8569,#8423,.T.);
#8705=EDGE_CURVE('',#8574,#8577,#8446,.T.);
#8707=EDGE_CURVE('',#8574,#8575,#8480,.T.);
#8709=EDGE_CURVE('',#8575,#8568,#8442,.T.);
#8720=EDGE_CURVE('',#8571,#8568,#8438,.T.);
#8735=EDGE_CURVE('',#8575,#8574,#8485,.T.);
#8751=EDGE_CURVE('',#8556,#8557,#8455,.T.);
#8753=EDGE_CURVE('',#8557,#8559,#8459,.T.);
#8755=EDGE_CURVE('',#8559,#8561,#8463,.T.);
#8757=EDGE_CURVE('',#8561,#8563,#8467,.T.);
#8759=EDGE_CURVE('',#8563,#8565,#8471,.T.);
#8761=EDGE_CURVE('',#8565,#8556,#8475,.T.);
#8772=EDGE_CURVE('',#8556,#8544,#8489,.T.);
#8774=EDGE_CURVE('',#8544,#8545,#8513,.T.);
#8776=EDGE_CURVE('',#8557,#8545,#8509,.T.);
#8787=EDGE_CURVE('',#8565,#8553,#8493,.T.);
#8789=EDGE_CURVE('',#8553,#8544,#8517,.T.);
#8801=EDGE_CURVE('',#8563,#8551,#8497,.T.);
#8803=EDGE_CURVE('',#8551,#8553,#8521,.T.);
#8815=EDGE_CURVE('',#8561,#8549,#8501,.T.);
#8817=EDGE_CURVE('',#8549,#8551,#8525,.T.);
#8829=EDGE_CURVE('',#8559,#8547,#8505,.T.);
#8831=EDGE_CURVE('',#8547,#8549,#8529,.T.);
#8844=EDGE_CURVE('',#8545,#8547,#8533,.T.);
#8869=CIRCLE('',#8868,1.025E0);
#8878=CIRCLE('',#8877,1.025E0);
#8887=CIRCLE('',#8886,1.025E0);
#8892=CIRCLE('',#8891,1.025E0);
#8897=CIRCLE('',#8896,1.25E0);
#8902=CIRCLE('',#8901,1.25E0);
#8920=EDGE_CURVE('',#8905,#8906,#8869,.T.);
#8922=EDGE_CURVE('',#8910,#8906,#8882,.T.);
#8924=EDGE_CURVE('',#8910,#8909,#8892,.T.);
#8926=EDGE_CURVE('',#8909,#8905,#8873,.T.);
#8936=EDGE_CURVE('',#8906,#8905,#8878,.T.);
#8939=EDGE_CURVE('',#8909,#8910,#8887,.T.);
#8950=EDGE_CURVE('',#8914,#8913,#8897,.T.);
#8952=EDGE_CURVE('',#8913,#8914,#8902,.T.);
#8964=(LENGTH_UNIT()NAMED_UNIT(*)SI_UNIT(.MILLI.,.METRE.));
#8966=(NAMED_UNIT(*)PLANE_ANGLE_UNIT()SI_UNIT($,.RADIAN.));
#8969=(NAMED_UNIT(*)SI_UNIT($,.STERADIAN.)SOLID_ANGLE_UNIT());
#8975=AXIS2_PLACEMENT_3D('',#8972,#8973,#8974);
#8976=ADVANCED_BREP_SHAPE_REPRESENTATION('',(#8975,#8962),#8971);
#8980=AXIS2_PLACEMENT_3D('',#8977,#8978,#8979);
#8981=MANIFOLD_SURFACE_SHAPE_REPRESENTATION('',(#8980,#8963),#8971);
#8985=AXIS2_PLACEMENT_3D('',#8982,#8983,#8984);
#8986=SHAPE_REPRESENTATION('',(#8985),#8971);
#8992=PRODUCT_DEFINITION('design','',#8991,#8334);
#8993=PRODUCT_DEFINITION_SHAPE('','SHAPE FOR WBH_M2_5X8.',#8992);
#8994=SHAPE_DEFINITION_REPRESENTATION(#8993,#8986);
#8995=NEXT_ASSEMBLY_USAGE_OCCURRENCE('29','Next assembly relationship',
'WBH_M2_5X8',#11001,#8992,$);
#8996=PRODUCT_DEFINITION_SHAPE('Placement #29',
'Placement of WBH_M2_5X8 with respect to EPX430_BR101_ASM',#8995);
#9008=CIRCLE('',#9007,1.025E0);
#9013=CIRCLE('',#9012,1.025E0);
#9018=CIRCLE('',#9017,1.25E0);
#9023=CIRCLE('',#9022,1.25E0);
#9032=CIRCLE('',#9031,1.25E0);
#9037=CIRCLE('',#9036,1.25E0);
#9054=CIRCLE('',#9053,1.25E0);
#9059=CIRCLE('',#9058,1.25E0);
#9068=CIRCLE('',#9067,2.25E0);
#9077=CIRCLE('',#9076,2.25E0);
#9082=CIRCLE('',#9081,2.25E0);
#9087=CIRCLE('',#9086,2.25E0);
#9092=CIRCLE('',#9091,2.25E0);
#9105=CIRCLE('',#9104,2.25E0);
#9134=CIRCLE('',#9133,2.033493649054E0);
#9139=CIRCLE('',#9138,2.033493649054E0);
#9249=EDGE_CURVE('',#9234,#9235,#9008,.T.);
#9251=EDGE_CURVE('',#9235,#9234,#9013,.T.);
#9262=EDGE_CURVE('',#9243,#9234,#9041,.T.);
#9264=EDGE_CURVE('',#9239,#9243,#9018,.T.);
#9266=EDGE_CURVE('',#9238,#9239,#9023,.T.);
#9268=EDGE_CURVE('',#9238,#9235,#9027,.T.);
#9280=EDGE_CURVE('',#9241,#9238,#9032,.T.);
#9282=EDGE_CURVE('',#9243,#9241,#9037,.T.);
#9294=EDGE_CURVE('',#9239,#9191,#9049,.T.);
#9296=EDGE_CURVE('',#9190,#9191,#9054,.T.);
#9298=EDGE_CURVE('',#9241,#9190,#9045,.T.);
#9312=EDGE_CURVE('',#9190,#9191,#9059,.T.);
#9323=EDGE_CURVE('',#9194,#9195,#9068,.T.);
#9325=EDGE_CURVE('',#9194,#9195,#9087,.T.);
#9339=EDGE_CURVE('',#9223,#9231,#9082,.T.);
#9341=EDGE_CURVE('',#9195,#9223,#9063,.T.);
#9344=EDGE_CURVE('',#9194,#9225,#9072,.T.);
#9346=EDGE_CURVE('',#9231,#9225,#9105,.T.);
#9356=EDGE_CURVE('',#9222,#9223,#9077,.T.);
#9359=EDGE_CURVE('',#9228,#9231,#9100,.T.);
#9361=EDGE_CURVE('',#9228,#9229,#9134,.T.);
#9363=EDGE_CURVE('',#9229,#9222,#9096,.T.);
#9374=EDGE_CURVE('',#9225,#9222,#9092,.T.);
#9389=EDGE_CURVE('',#9229,#9228,#9139,.T.);
#9405=EDGE_CURVE('',#9210,#9211,#9109,.T.);
#9407=EDGE_CURVE('',#9211,#9213,#9113,.T.);
#9409=EDGE_CURVE('',#9213,#9215,#9117,.T.);
#9411=EDGE_CURVE('',#9215,#9217,#9121,.T.);
#9413=EDGE_CURVE('',#9217,#9219,#9125,.T.);
#9415=EDGE_CURVE('',#9219,#9210,#9129,.T.);
#9426=EDGE_CURVE('',#9210,#9198,#9143,.T.);
#9428=EDGE_CURVE('',#9198,#9199,#9167,.T.);
#9430=EDGE_CURVE('',#9211,#9199,#9163,.T.);
#9441=EDGE_CURVE('',#9219,#9207,#9147,.T.);
#9443=EDGE_CURVE('',#9207,#9198,#9171,.T.);
#9455=EDGE_CURVE('',#9217,#9205,#9151,.T.);
#9457=EDGE_CURVE('',#9205,#9207,#9175,.T.);
#9469=EDGE_CURVE('',#9215,#9203,#9155,.T.);
#9471=EDGE_CURVE('',#9203,#9205,#9179,.T.);
#9483=EDGE_CURVE('',#9213,#9201,#9159,.T.);
#9485=EDGE_CURVE('',#9201,#9203,#9183,.T.);
#9498=EDGE_CURVE('',#9199,#9201,#9187,.T.);
#9523=CIRCLE('',#9522,1.025E0);
#9532=CIRCLE('',#9531,1.025E0);
#9541=CIRCLE('',#9540,1.025E0);
#9546=CIRCLE('',#9545,1.025E0);
#9551=CIRCLE('',#9550,1.25E0);
#9556=CIRCLE('',#9555,1.25E0);
#9574=EDGE_CURVE('',#9559,#9560,#9523,.T.);
#9576=EDGE_CURVE('',#9564,#9560,#9536,.T.);
#9578=EDGE_CURVE('',#9564,#9563,#9546,.T.);
#9580=EDGE_CURVE('',#9563,#9559,#9527,.T.);
#9590=EDGE_CURVE('',#9560,#9559,#9532,.T.);
#9593=EDGE_CURVE('',#9563,#9564,#9541,.T.);
#9604=EDGE_CURVE('',#9568,#9567,#9551,.T.);
#9606=EDGE_CURVE('',#9567,#9568,#9556,.T.);
#9618=(LENGTH_UNIT()NAMED_UNIT(*)SI_UNIT(.MILLI.,.METRE.));
#9620=(NAMED_UNIT(*)PLANE_ANGLE_UNIT()SI_UNIT($,.RADIAN.));
#9623=(NAMED_UNIT(*)SI_UNIT($,.STERADIAN.)SOLID_ANGLE_UNIT());
#9629=AXIS2_PLACEMENT_3D('',#9626,#9627,#9628);
#9630=ADVANCED_BREP_SHAPE_REPRESENTATION('',(#9629,#9616),#9625);
#9634=AXIS2_PLACEMENT_3D('',#9631,#9632,#9633);
#9635=MANIFOLD_SURFACE_SHAPE_REPRESENTATION('',(#9634,#9617),#9625);
#9639=AXIS2_PLACEMENT_3D('',#9636,#9637,#9638);
#9640=SHAPE_REPRESENTATION('',(#9639),#9625);
#9647=PRODUCT_DEFINITION('design','',#9646,#9643);
#9648=PRODUCT_DEFINITION_SHAPE('','SHAPE FOR WBH_M2_5X17.',#9647);
#9649=SHAPE_DEFINITION_REPRESENTATION(#9648,#9640);
#9650=NEXT_ASSEMBLY_USAGE_OCCURRENCE('30','Next assembly relationship',
'WBH_M2_5X17',#11001,#9647,$);
#9651=PRODUCT_DEFINITION_SHAPE('Placement #30',
'Placement of WBH_M2_5X17 with respect to EPX430_BR101_ASM',#9650);
#9659=NEXT_ASSEMBLY_USAGE_OCCURRENCE('31','Next assembly relationship',
'WBH_M2_5X17',#11001,#9647,$);
#9660=PRODUCT_DEFINITION_SHAPE('Placement #31',
'Placement of WBH_M2_5X17 with respect to EPX430_BR101_ASM',#9659);
#9672=CIRCLE('',#9671,1.025E0);
#9677=CIRCLE('',#9676,1.025E0);
#9682=CIRCLE('',#9681,1.25E0);
#9687=CIRCLE('',#9686,1.25E0);
#9696=CIRCLE('',#9695,1.25E0);
#9701=CIRCLE('',#9700,1.25E0);
#9718=CIRCLE('',#9717,1.25E0);
#9723=CIRCLE('',#9722,1.25E0);
#9732=CIRCLE('',#9731,2.25E0);
#9741=CIRCLE('',#9740,2.25E0);
#9746=CIRCLE('',#9745,2.25E0);
#9751=CIRCLE('',#9750,2.25E0);
#9756=CIRCLE('',#9755,2.25E0);
#9769=CIRCLE('',#9768,2.25E0);
#9798=CIRCLE('',#9797,2.033493649054E0);
#9803=CIRCLE('',#9802,2.033493649054E0);
#9913=EDGE_CURVE('',#9898,#9899,#9672,.T.);
#9915=EDGE_CURVE('',#9899,#9898,#9677,.T.);
#9926=EDGE_CURVE('',#9907,#9898,#9705,.T.);
#9928=EDGE_CURVE('',#9903,#9907,#9682,.T.);
#9930=EDGE_CURVE('',#9902,#9903,#9687,.T.);
#9932=EDGE_CURVE('',#9902,#9899,#9691,.T.);
#9944=EDGE_CURVE('',#9905,#9902,#9696,.T.);
#9946=EDGE_CURVE('',#9907,#9905,#9701,.T.);
#9958=EDGE_CURVE('',#9903,#9855,#9713,.T.);
#9960=EDGE_CURVE('',#9854,#9855,#9718,.T.);
#9962=EDGE_CURVE('',#9905,#9854,#9709,.T.);
#9976=EDGE_CURVE('',#9854,#9855,#9723,.T.);
#9987=EDGE_CURVE('',#9858,#9859,#9732,.T.);
#9989=EDGE_CURVE('',#9858,#9859,#9751,.T.);
#10003=EDGE_CURVE('',#9887,#9895,#9746,.T.);
#10005=EDGE_CURVE('',#9859,#9887,#9727,.T.);
#10008=EDGE_CURVE('',#9858,#9889,#9736,.T.);
#10010=EDGE_CURVE('',#9895,#9889,#9769,.T.);
#10020=EDGE_CURVE('',#9886,#9887,#9741,.T.);
#10023=EDGE_CURVE('',#9892,#9895,#9764,.T.);
#10025=EDGE_CURVE('',#9892,#9893,#9798,.T.);
#10027=EDGE_CURVE('',#9893,#9886,#9760,.T.);
#10038=EDGE_CURVE('',#9889,#9886,#9756,.T.);
#10053=EDGE_CURVE('',#9893,#9892,#9803,.T.);
#10069=EDGE_CURVE('',#9874,#9875,#9773,.T.);
#10071=EDGE_CURVE('',#9875,#9877,#9777,.T.);
#10073=EDGE_CURVE('',#9877,#9879,#9781,.T.);
#10075=EDGE_CURVE('',#9879,#9881,#9785,.T.);
#10077=EDGE_CURVE('',#9881,#9883,#9789,.T.);
#10079=EDGE_CURVE('',#9883,#9874,#9793,.T.);
#10090=EDGE_CURVE('',#9874,#9862,#9807,.T.);
#10092=EDGE_CURVE('',#9862,#9863,#9831,.T.);
#10094=EDGE_CURVE('',#9875,#9863,#9827,.T.);
#10105=EDGE_CURVE('',#9883,#9871,#9811,.T.);
#10107=EDGE_CURVE('',#9871,#9862,#9835,.T.);
#10119=EDGE_CURVE('',#9881,#9869,#9815,.T.);
#10121=EDGE_CURVE('',#9869,#9871,#9839,.T.);
#10133=EDGE_CURVE('',#9879,#9867,#9819,.T.);
#10135=EDGE_CURVE('',#9867,#9869,#9843,.T.);
#10147=EDGE_CURVE('',#9877,#9865,#9823,.T.);
#10149=EDGE_CURVE('',#9865,#9867,#9847,.T.);
#10162=EDGE_CURVE('',#9863,#9865,#9851,.T.);
#10187=CIRCLE('',#10186,1.025E0);
#10196=CIRCLE('',#10195,1.025E0);
#10205=CIRCLE('',#10204,1.025E0);
#10210=CIRCLE('',#10209,1.025E0);
#10215=CIRCLE('',#10214,1.25E0);
#10220=CIRCLE('',#10219,1.25E0);
#10238=EDGE_CURVE('',#10223,#10224,#10187,.T.);
#10240=EDGE_CURVE('',#10228,#10224,#10200,.T.);
#10242=EDGE_CURVE('',#10228,#10227,#10210,.T.);
#10244=EDGE_CURVE('',#10227,#10223,#10191,.T.);
#10254=EDGE_CURVE('',#10224,#10223,#10196,.T.);
#10257=EDGE_CURVE('',#10227,#10228,#10205,.T.);
#10268=EDGE_CURVE('',#10232,#10231,#10215,.T.);
#10270=EDGE_CURVE('',#10231,#10232,#10220,.T.);
#10282=(LENGTH_UNIT()NAMED_UNIT(*)SI_UNIT(.MILLI.,.METRE.));
#10284=(NAMED_UNIT(*)PLANE_ANGLE_UNIT()SI_UNIT($,.RADIAN.));
#10287=(NAMED_UNIT(*)SI_UNIT($,.STERADIAN.)SOLID_ANGLE_UNIT());
#10293=AXIS2_PLACEMENT_3D('',#10290,#10291,#10292);
#10294=ADVANCED_BREP_SHAPE_REPRESENTATION('',(#10293,#10280),#10289);
#10298=AXIS2_PLACEMENT_3D('',#10295,#10296,#10297);
#10299=MANIFOLD_SURFACE_SHAPE_REPRESENTATION('',(#10298,#10281),#10289);
#10303=AXIS2_PLACEMENT_3D('',#10300,#10301,#10302);
#10304=SHAPE_REPRESENTATION('',(#10303),#10289);
#10310=PRODUCT_DEFINITION('design','',#10309,#9643);
#10311=PRODUCT_DEFINITION_SHAPE('','SHAPE FOR WBH_M2_5X5.',#10310);
#10312=SHAPE_DEFINITION_REPRESENTATION(#10311,#10304);
#10313=NEXT_ASSEMBLY_USAGE_OCCURRENCE('32','Next assembly relationship',
'WBH_M2_5X5',#11001,#10310,$);
#10314=PRODUCT_DEFINITION_SHAPE('Placement #32',
'Placement of WBH_M2_5X5 with respect to EPX430_BR101_ASM',#10313);
#10322=NEXT_ASSEMBLY_USAGE_OCCURRENCE('33','Next assembly relationship',
'WBH_M2_5X5',#11001,#10310,$);
#10323=PRODUCT_DEFINITION_SHAPE('Placement #33',
'Placement of WBH_M2_5X5 with respect to EPX430_BR101_ASM',#10322);
#10335=CIRCLE('',#10334,1.25E0);
#10340=CIRCLE('',#10339,1.25E0);
#10345=CIRCLE('',#10344,1.5E0);
#10350=CIRCLE('',#10349,1.5E0);
#10359=CIRCLE('',#10358,1.5E0);
#10364=CIRCLE('',#10363,1.5E0);
#10381=CIRCLE('',#10380,1.5E0);
#10386=CIRCLE('',#10385,1.5E0);
#10395=CIRCLE('',#10394,2.75E0);
#10404=CIRCLE('',#10403,2.75E0);
#10409=CIRCLE('',#10408,2.75E0);
#10414=CIRCLE('',#10413,2.75E0);
#10419=CIRCLE('',#10418,2.75E0);
#10432=CIRCLE('',#10431,2.75E0);
#10461=CIRCLE('',#10460,2.490192378865E0);
#10466=CIRCLE('',#10465,2.490192378865E0);
#10576=EDGE_CURVE('',#10561,#10562,#10335,.T.);
#10578=EDGE_CURVE('',#10562,#10561,#10340,.T.);
#10589=EDGE_CURVE('',#10570,#10561,#10368,.T.);
#10591=EDGE_CURVE('',#10566,#10570,#10345,.T.);
#10593=EDGE_CURVE('',#10565,#10566,#10350,.T.);
#10595=EDGE_CURVE('',#10565,#10562,#10354,.T.);
#10607=EDGE_CURVE('',#10568,#10565,#10359,.T.);
#10609=EDGE_CURVE('',#10570,#10568,#10364,.T.);
#10621=EDGE_CURVE('',#10566,#10518,#10376,.T.);
#10623=EDGE_CURVE('',#10517,#10518,#10381,.T.);
#10625=EDGE_CURVE('',#10568,#10517,#10372,.T.);
#10639=EDGE_CURVE('',#10517,#10518,#10386,.T.);
#10650=EDGE_CURVE('',#10521,#10522,#10395,.T.);
#10652=EDGE_CURVE('',#10521,#10522,#10414,.T.);
#10666=EDGE_CURVE('',#10550,#10558,#10409,.T.);
#10668=EDGE_CURVE('',#10522,#10550,#10390,.T.);
#10671=EDGE_CURVE('',#10521,#10552,#10399,.T.);
#10673=EDGE_CURVE('',#10558,#10552,#10432,.T.);
#10683=EDGE_CURVE('',#10549,#10550,#10404,.T.);
#10686=EDGE_CURVE('',#10555,#10558,#10427,.T.);
#10688=EDGE_CURVE('',#10555,#10556,#10461,.T.);
#10690=EDGE_CURVE('',#10556,#10549,#10423,.T.);
#10701=EDGE_CURVE('',#10552,#10549,#10419,.T.);
#10716=EDGE_CURVE('',#10556,#10555,#10466,.T.);
#10732=EDGE_CURVE('',#10537,#10538,#10436,.T.);
#10734=EDGE_CURVE('',#10538,#10540,#10440,.T.);
#10736=EDGE_CURVE('',#10540,#10542,#10444,.T.);
#10738=EDGE_CURVE('',#10542,#10544,#10448,.T.);
#10740=EDGE_CURVE('',#10544,#10546,#10452,.T.);
#10742=EDGE_CURVE('',#10546,#10537,#10456,.T.);
#10753=EDGE_CURVE('',#10537,#10525,#10470,.T.);
#10755=EDGE_CURVE('',#10525,#10526,#10494,.T.);
#10757=EDGE_CURVE('',#10538,#10526,#10490,.T.);
#10768=EDGE_CURVE('',#10546,#10534,#10474,.T.);
#10770=EDGE_CURVE('',#10534,#10525,#10498,.T.);
#10782=EDGE_CURVE('',#10544,#10532,#10478,.T.);
#10784=EDGE_CURVE('',#10532,#10534,#10502,.T.);
#10796=EDGE_CURVE('',#10542,#10530,#10482,.T.);
#10798=EDGE_CURVE('',#10530,#10532,#10506,.T.);
#10810=EDGE_CURVE('',#10540,#10528,#10486,.T.);
#10812=EDGE_CURVE('',#10528,#10530,#10510,.T.);
#10825=EDGE_CURVE('',#10526,#10528,#10514,.T.);
#10850=CIRCLE('',#10849,1.25E0);
#10859=CIRCLE('',#10858,1.25E0);
#10868=CIRCLE('',#10867,1.25E0);
#10873=CIRCLE('',#10872,1.25E0);
#10878=CIRCLE('',#10877,1.5E0);
#10883=CIRCLE('',#10882,1.5E0);
#10901=EDGE_CURVE('',#10886,#10887,#10850,.T.);
#10903=EDGE_CURVE('',#10891,#10887,#10863,.T.);
#10905=EDGE_CURVE('',#10891,#10890,#10873,.T.);
#10907=EDGE_CURVE('',#10890,#10886,#10854,.T.);
#10917=EDGE_CURVE('',#10887,#10886,#10859,.T.);
#10920=EDGE_CURVE('',#10890,#10891,#10868,.T.);
#10931=EDGE_CURVE('',#10895,#10894,#10878,.T.);
#10933=EDGE_CURVE('',#10894,#10895,#10883,.T.);
#10945=(LENGTH_UNIT()NAMED_UNIT(*)SI_UNIT(.MILLI.,.METRE.));
#10947=(NAMED_UNIT(*)PLANE_ANGLE_UNIT()SI_UNIT($,.RADIAN.));
#10950=(NAMED_UNIT(*)SI_UNIT($,.STERADIAN.)SOLID_ANGLE_UNIT());
#10956=AXIS2_PLACEMENT_3D('',#10953,#10954,#10955);
#10957=ADVANCED_BREP_SHAPE_REPRESENTATION('',(#10956,#10943),#10952);
#10961=AXIS2_PLACEMENT_3D('',#10958,#10959,#10960);
#10962=MANIFOLD_SURFACE_SHAPE_REPRESENTATION('',(#10961,#10944),#10952);
#10966=AXIS2_PLACEMENT_3D('',#10963,#10964,#10965);
#10967=SHAPE_REPRESENTATION('',(#10966),#10952);
#10974=PRODUCT_DEFINITION('design','',#10973,#10970);
#10975=PRODUCT_DEFINITION_SHAPE('','SHAPE FOR WBH_M3X8.',#10974);
#10976=SHAPE_DEFINITION_REPRESENTATION(#10975,#10967);
#10977=NEXT_ASSEMBLY_USAGE_OCCURRENCE('34','Next assembly relationship',
'WBH_M3X8',#11001,#10974,$);
#10978=PRODUCT_DEFINITION_SHAPE('Placement #34',
'Placement of WBH_M3X8 with respect to EPX430_BR101_ASM',#10977);
#10986=(LENGTH_UNIT()NAMED_UNIT(*)SI_UNIT(.MILLI.,.METRE.));
#10988=(NAMED_UNIT(*)PLANE_ANGLE_UNIT()SI_UNIT($,.RADIAN.));
#10991=(NAMED_UNIT(*)SI_UNIT($,.STERADIAN.)SOLID_ANGLE_UNIT());
#10997=AXIS2_PLACEMENT_3D('',#10994,#10995,#10996);
#11001=PRODUCT_DEFINITION('design','',#11000,#10970);
ENDSEC;
END-ISO-10303-21;
