ISO-10303-21;
HEADER;
/* Generated by software containing ST-Developer
 * from STEP Tools, Inc. (www.steptools.com) 
 */
/* OPTION: using custom renumber hook */

FILE_DESCRIPTION(
/* description */ ('STEP AP203'),
/* implementation_level */ '2;1');

FILE_NAME(
/* name */ 'HBLFSDW5',
/* time_stamp */ '2025-08-13T13:40:02+02:00',
/* author */ ('License CC BY-ND 4.0'),
/* organization */ ('CADENAS'),
/* preprocessor_version */ 'ST-DEVELOPER v19.3',
/* originating_system */ 'PARTsolutions',
/* authorisation */ '  ');

FILE_SCHEMA (('CONFIG_CONTROL_DESIGN'));
ENDSEC;

DATA;
#10=PROPERTY_DEFINITION_REPRESENTATION(#14,#12);
#11=PROPERTY_DEFINITION_REPRESENTATION(#15,#13);
#12=REPRESENTATION('',(#16),#5234);
#13=REPRESENTATION('',(#17),#5234);
#14=PROPERTY_DEFINITION('pmi validation property','',#5241);
#15=PROPERTY_DEFINITION('pmi validation property','',#5241);
#16=VALUE_REPRESENTATION_ITEM('number of annotations',COUNT_MEASURE(0.));
#17=VALUE_REPRESENTATION_ITEM('number of views',COUNT_MEASURE(0.));
#18=CONTEXT_DEPENDENT_SHAPE_REPRESENTATION(#20,#5243);
#19=NEXT_ASSEMBLY_USAGE_OCCURRENCE('NAUO1','HBLFSDW5h5','HBLFSDW5h5',#5244,
#5245,'');
#20=(
REPRESENTATION_RELATIONSHIP(' ',' ',#3140,#3139)
REPRESENTATION_RELATIONSHIP_WITH_TRANSFORMATION(#21)
SHAPE_REPRESENTATION_RELATIONSHIP()
);
#21=ITEM_DEFINED_TRANSFORMATION(' ',' ',#3141,#3427);
#22=SHAPE_REPRESENTATION_RELATIONSHIP('','',#3140,#23);
#23=ADVANCED_BREP_SHAPE_REPRESENTATION('',(#3136),#5235);
#24=CYLINDRICAL_SURFACE('',#3148,0.999999999999938);
#25=CYLINDRICAL_SURFACE('',#3157,1.);
#26=CYLINDRICAL_SURFACE('',#3182,67.5885609576457);
#27=CYLINDRICAL_SURFACE('',#3183,67.5885609576457);
#28=CYLINDRICAL_SURFACE('',#3184,67.5885609576457);
#29=CYLINDRICAL_SURFACE('',#3185,2.6);
#30=CYLINDRICAL_SURFACE('',#3194,2.6);
#31=CYLINDRICAL_SURFACE('',#3203,2.6);
#32=CYLINDRICAL_SURFACE('',#3212,2.6);
#33=CYLINDRICAL_SURFACE('',#3221,2.6);
#34=CYLINDRICAL_SURFACE('',#3223,2.6);
#35=CYLINDRICAL_SURFACE('',#3225,2.6);
#36=CYLINDRICAL_SURFACE('',#3227,2.6);
#37=CYLINDRICAL_SURFACE('',#3249,1.00000000000001);
#38=CYLINDRICAL_SURFACE('',#3254,1.);
#39=CYLINDRICAL_SURFACE('',#3259,1.00000000000001);
#40=CYLINDRICAL_SURFACE('',#3264,0.999999999999999);
#41=CYLINDRICAL_SURFACE('',#3268,1.);
#42=CYLINDRICAL_SURFACE('',#3274,1.00000000000001);
#43=CYLINDRICAL_SURFACE('',#3278,0.999999999999998);
#44=CYLINDRICAL_SURFACE('',#3286,1.);
#45=CYLINDRICAL_SURFACE('',#3288,1.);
#46=CYLINDRICAL_SURFACE('',#3296,1.00000000000001);
#47=CYLINDRICAL_SURFACE('',#3300,1.);
#48=CYLINDRICAL_SURFACE('',#3306,1.);
#49=CYLINDRICAL_SURFACE('',#3310,1.);
#50=CYLINDRICAL_SURFACE('',#3318,0.999999999999999);
#51=CYLINDRICAL_SURFACE('',#3320,1.);
#52=CYLINDRICAL_SURFACE('',#3328,1.00000000000001);
#53=CYLINDRICAL_SURFACE('',#3358,0.300000000000002);
#54=CYLINDRICAL_SURFACE('',#3362,0.299999999999998);
#55=CYLINDRICAL_SURFACE('',#3366,0.3);
#56=CYLINDRICAL_SURFACE('',#3370,0.3);
#57=CYLINDRICAL_SURFACE('',#3373,0.299999999999988);
#58=CYLINDRICAL_SURFACE('',#3377,0.299999999999986);
#59=CYLINDRICAL_SURFACE('',#3381,0.300000000000005);
#60=CYLINDRICAL_SURFACE('',#3385,0.300000000000003);
#61=CYLINDRICAL_SURFACE('',#3388,0.300000000000002);
#62=CYLINDRICAL_SURFACE('',#3392,0.3);
#63=CYLINDRICAL_SURFACE('',#3396,0.3);
#64=CYLINDRICAL_SURFACE('',#3400,0.3);
#65=CYLINDRICAL_SURFACE('',#3403,0.299999999999988);
#66=CYLINDRICAL_SURFACE('',#3407,0.299999999999986);
#67=CYLINDRICAL_SURFACE('',#3411,0.299999999999998);
#68=CYLINDRICAL_SURFACE('',#3415,0.300000000000002);
#69=LINE('',#4329,#390);
#70=LINE('',#4332,#391);
#71=LINE('',#4334,#392);
#72=LINE('',#4336,#393);
#73=LINE('',#4342,#394);
#74=LINE('',#4344,#395);
#75=LINE('',#4346,#396);
#76=LINE('',#4348,#397);
#77=LINE('',#4353,#398);
#78=LINE('',#4358,#399);
#79=LINE('',#4362,#400);
#80=LINE('',#4366,#401);
#81=LINE('',#4370,#402);
#82=LINE('',#4372,#403);
#83=LINE('',#4374,#404);
#84=LINE('',#4376,#405);
#85=LINE('',#4379,#406);
#86=LINE('',#4381,#407);
#87=LINE('',#4383,#408);
#88=LINE('',#4387,#409);
#89=LINE('',#4392,#410);
#90=LINE('',#4396,#411);
#91=LINE('',#4400,#412);
#92=LINE('',#4404,#413);
#93=LINE('',#4407,#414);
#94=LINE('',#4409,#415);
#95=LINE('',#4411,#416);
#96=LINE('',#4418,#417);
#97=LINE('',#4420,#418);
#98=LINE('',#4422,#419);
#99=LINE('',#4428,#420);
#100=LINE('',#4429,#421);
#101=LINE('',#4445,#422);
#102=LINE('',#4449,#423);
#103=LINE('',#4453,#424);
#104=LINE('',#4457,#425);
#105=LINE('',#4461,#426);
#106=LINE('',#4465,#427);
#107=LINE('',#4469,#428);
#108=LINE('',#4473,#429);
#109=LINE('',#4478,#430);
#110=LINE('',#4482,#431);
#111=LINE('',#4486,#432);
#112=LINE('',#4490,#433);
#113=LINE('',#4494,#434);
#114=LINE('',#4498,#435);
#115=LINE('',#4502,#436);
#116=LINE('',#4506,#437);
#117=LINE('',#4511,#438);
#118=LINE('',#4515,#439);
#119=LINE('',#4519,#440);
#120=LINE('',#4523,#441);
#121=LINE('',#4527,#442);
#122=LINE('',#4531,#443);
#123=LINE('',#4535,#444);
#124=LINE('',#4539,#445);
#125=LINE('',#4544,#446);
#126=LINE('',#4548,#447);
#127=LINE('',#4552,#448);
#128=LINE('',#4556,#449);
#129=LINE('',#4560,#450);
#130=LINE('',#4564,#451);
#131=LINE('',#4568,#452);
#132=LINE('',#4572,#453);
#133=LINE('',#4586,#454);
#134=LINE('',#4587,#455);
#135=LINE('',#4589,#456);
#136=LINE('',#4593,#457);
#137=LINE('',#4595,#458);
#138=LINE('',#4596,#459);
#139=LINE('',#4598,#460);
#140=LINE('',#4602,#461);
#141=LINE('',#4604,#462);
#142=LINE('',#4605,#463);
#143=LINE('',#4607,#464);
#144=LINE('',#4611,#465);
#145=LINE('',#4613,#466);
#146=LINE('',#4614,#467);
#147=LINE('',#4616,#468);
#148=LINE('',#4620,#469);
#149=LINE('',#4622,#470);
#150=LINE('',#4623,#471);
#151=LINE('',#4625,#472);
#152=LINE('',#4629,#473);
#153=LINE('',#4631,#474);
#154=LINE('',#4632,#475);
#155=LINE('',#4634,#476);
#156=LINE('',#4638,#477);
#157=LINE('',#4640,#478);
#158=LINE('',#4641,#479);
#159=LINE('',#4643,#480);
#160=LINE('',#4647,#481);
#161=LINE('',#4649,#482);
#162=LINE('',#4650,#483);
#163=LINE('',#4652,#484);
#164=LINE('',#4656,#485);
#165=LINE('',#4658,#486);
#166=LINE('',#4659,#487);
#167=LINE('',#4661,#488);
#168=LINE('',#4665,#489);
#169=LINE('',#4667,#490);
#170=LINE('',#4668,#491);
#171=LINE('',#4670,#492);
#172=LINE('',#4674,#493);
#173=LINE('',#4676,#494);
#174=LINE('',#4677,#495);
#175=LINE('',#4679,#496);
#176=LINE('',#4683,#497);
#177=LINE('',#4685,#498);
#178=LINE('',#4686,#499);
#179=LINE('',#4688,#500);
#180=LINE('',#4692,#501);
#181=LINE('',#4694,#502);
#182=LINE('',#4695,#503);
#183=LINE('',#4697,#504);
#184=LINE('',#4701,#505);
#185=LINE('',#4703,#506);
#186=LINE('',#4704,#507);
#187=LINE('',#4706,#508);
#188=LINE('',#4710,#509);
#189=LINE('',#4712,#510);
#190=LINE('',#4713,#511);
#191=LINE('',#4715,#512);
#192=LINE('',#4719,#513);
#193=LINE('',#4721,#514);
#194=LINE('',#4722,#515);
#195=LINE('',#4724,#516);
#196=LINE('',#4728,#517);
#197=LINE('',#4730,#518);
#198=LINE('',#4732,#519);
#199=LINE('',#4734,#520);
#200=LINE('',#4736,#521);
#201=LINE('',#4738,#522);
#202=LINE('',#4740,#523);
#203=LINE('',#4742,#524);
#204=LINE('',#4744,#525);
#205=LINE('',#4748,#526);
#206=LINE('',#4750,#527);
#207=LINE('',#4752,#528);
#208=LINE('',#4754,#529);
#209=LINE('',#4756,#530);
#210=LINE('',#4758,#531);
#211=LINE('',#4760,#532);
#212=LINE('',#4764,#533);
#213=LINE('',#4766,#534);
#214=LINE('',#4768,#535);
#215=LINE('',#4770,#536);
#216=LINE('',#4772,#537);
#217=LINE('',#4774,#538);
#218=LINE('',#4776,#539);
#219=LINE('',#4780,#540);
#220=LINE('',#4782,#541);
#221=LINE('',#4784,#542);
#222=LINE('',#4786,#543);
#223=LINE('',#4788,#544);
#224=LINE('',#4790,#545);
#225=LINE('',#4792,#546);
#226=LINE('',#4796,#547);
#227=LINE('',#4798,#548);
#228=LINE('',#4800,#549);
#229=LINE('',#4802,#550);
#230=LINE('',#4804,#551);
#231=LINE('',#4808,#552);
#232=LINE('',#4810,#553);
#233=LINE('',#4812,#554);
#234=LINE('',#4814,#555);
#235=LINE('',#4816,#556);
#236=LINE('',#4818,#557);
#237=LINE('',#4820,#558);
#238=LINE('',#4822,#559);
#239=LINE('',#4826,#560);
#240=LINE('',#4828,#561);
#241=LINE('',#4830,#562);
#242=LINE('',#4832,#563);
#243=LINE('',#4836,#564);
#244=LINE('',#4838,#565);
#245=LINE('',#4840,#566);
#246=LINE('',#4842,#567);
#247=LINE('',#4844,#568);
#248=LINE('',#4846,#569);
#249=LINE('',#4848,#570);
#250=LINE('',#4850,#571);
#251=LINE('',#4852,#572);
#252=LINE('',#4854,#573);
#253=LINE('',#4856,#574);
#254=LINE('',#4858,#575);
#255=LINE('',#4860,#576);
#256=LINE('',#4864,#577);
#257=LINE('',#4868,#578);
#258=LINE('',#4870,#579);
#259=LINE('',#4872,#580);
#260=LINE('',#4874,#581);
#261=LINE('',#4876,#582);
#262=LINE('',#4878,#583);
#263=LINE('',#4880,#584);
#264=LINE('',#4882,#585);
#265=LINE('',#4884,#586);
#266=LINE('',#4886,#587);
#267=LINE('',#4888,#588);
#268=LINE('',#4890,#589);
#269=LINE('',#4892,#590);
#270=LINE('',#4896,#591);
#271=LINE('',#4898,#592);
#272=LINE('',#4900,#593);
#273=LINE('',#4902,#594);
#274=LINE('',#4904,#595);
#275=LINE('',#4908,#596);
#276=LINE('',#4910,#597);
#277=LINE('',#4912,#598);
#278=LINE('',#4914,#599);
#279=LINE('',#4916,#600);
#280=LINE('',#4918,#601);
#281=LINE('',#4920,#602);
#282=LINE('',#4922,#603);
#283=LINE('',#4926,#604);
#284=LINE('',#4928,#605);
#285=LINE('',#4930,#606);
#286=LINE('',#4932,#607);
#287=LINE('',#4936,#608);
#288=LINE('',#4938,#609);
#289=LINE('',#4940,#610);
#290=LINE('',#4942,#611);
#291=LINE('',#4944,#612);
#292=LINE('',#4946,#613);
#293=LINE('',#4948,#614);
#294=LINE('',#4950,#615);
#295=LINE('',#4952,#616);
#296=LINE('',#4954,#617);
#297=LINE('',#4956,#618);
#298=LINE('',#4958,#619);
#299=LINE('',#4960,#620);
#300=LINE('',#4964,#621);
#301=LINE('',#4968,#622);
#302=LINE('',#4970,#623);
#303=LINE('',#4972,#624);
#304=LINE('',#4974,#625);
#305=LINE('',#4976,#626);
#306=LINE('',#4978,#627);
#307=LINE('',#4980,#628);
#308=LINE('',#4982,#629);
#309=LINE('',#4984,#630);
#310=LINE('',#4986,#631);
#311=LINE('',#4988,#632);
#312=LINE('',#4990,#633);
#313=LINE('',#4992,#634);
#314=LINE('',#4996,#635);
#315=LINE('',#4998,#636);
#316=LINE('',#5000,#637);
#317=LINE('',#5002,#638);
#318=LINE('',#5004,#639);
#319=LINE('',#5006,#640);
#320=LINE('',#5008,#641);
#321=LINE('',#5010,#642);
#322=LINE('',#5012,#643);
#323=LINE('',#5014,#644);
#324=LINE('',#5016,#645);
#325=LINE('',#5018,#646);
#326=LINE('',#5039,#647);
#327=LINE('',#5043,#648);
#328=LINE('',#5045,#649);
#329=LINE('',#5047,#650);
#330=LINE('',#5049,#651);
#331=LINE('',#5055,#652);
#332=LINE('',#5057,#653);
#333=LINE('',#5059,#654);
#334=LINE('',#5061,#655);
#335=LINE('',#5067,#656);
#336=LINE('',#5069,#657);
#337=LINE('',#5071,#658);
#338=LINE('',#5073,#659);
#339=LINE('',#5079,#660);
#340=LINE('',#5084,#661);
#341=LINE('',#5088,#662);
#342=LINE('',#5090,#663);
#343=LINE('',#5092,#664);
#344=LINE('',#5094,#665);
#345=LINE('',#5100,#666);
#346=LINE('',#5102,#667);
#347=LINE('',#5104,#668);
#348=LINE('',#5106,#669);
#349=LINE('',#5112,#670);
#350=LINE('',#5114,#671);
#351=LINE('',#5116,#672);
#352=LINE('',#5118,#673);
#353=LINE('',#5124,#674);
#354=LINE('',#5129,#675);
#355=LINE('',#5133,#676);
#356=LINE('',#5135,#677);
#357=LINE('',#5137,#678);
#358=LINE('',#5139,#679);
#359=LINE('',#5145,#680);
#360=LINE('',#5147,#681);
#361=LINE('',#5149,#682);
#362=LINE('',#5151,#683);
#363=LINE('',#5157,#684);
#364=LINE('',#5159,#685);
#365=LINE('',#5161,#686);
#366=LINE('',#5163,#687);
#367=LINE('',#5169,#688);
#368=LINE('',#5174,#689);
#369=LINE('',#5178,#690);
#370=LINE('',#5180,#691);
#371=LINE('',#5182,#692);
#372=LINE('',#5184,#693);
#373=LINE('',#5190,#694);
#374=LINE('',#5192,#695);
#375=LINE('',#5194,#696);
#376=LINE('',#5196,#697);
#377=LINE('',#5202,#698);
#378=LINE('',#5204,#699);
#379=LINE('',#5206,#700);
#380=LINE('',#5208,#701);
#381=LINE('',#5214,#702);
#382=LINE('',#5216,#703);
#383=LINE('',#5217,#704);
#384=LINE('',#5219,#705);
#385=LINE('',#5220,#706);
#386=LINE('',#5222,#707);
#387=LINE('',#5223,#708);
#388=LINE('',#5225,#709);
#389=LINE('',#5226,#710);
#390=VECTOR('',#3436,1000.);
#391=VECTOR('',#3437,1000.);
#392=VECTOR('',#3438,1000.);
#393=VECTOR('',#3439,1000.);
#394=VECTOR('',#3446,1000.);
#395=VECTOR('',#3447,1000.);
#396=VECTOR('',#3448,1000.);
#397=VECTOR('',#3451,1000.);
#398=VECTOR('',#3454,1000.);
#399=VECTOR('',#3459,1000.);
#400=VECTOR('',#3462,1000.);
#401=VECTOR('',#3465,1000.);
#402=VECTOR('',#3470,1000.);
#403=VECTOR('',#3471,1000.);
#404=VECTOR('',#3472,1000.);
#405=VECTOR('',#3475,1000.);
#406=VECTOR('',#3476,1000.);
#407=VECTOR('',#3477,1000.);
#408=VECTOR('',#3478,1000.);
#409=VECTOR('',#3483,1000.);
#410=VECTOR('',#3488,1000.);
#411=VECTOR('',#3491,1000.);
#412=VECTOR('',#3494,1000.);
#413=VECTOR('',#3499,1000.);
#414=VECTOR('',#3502,1000.);
#415=VECTOR('',#3505,1000.);
#416=VECTOR('',#3506,1000.);
#417=VECTOR('',#3515,1000.);
#418=VECTOR('',#3516,1000.);
#419=VECTOR('',#3517,1000.);
#420=VECTOR('',#3524,1000.);
#421=VECTOR('',#3525,1000.);
#422=VECTOR('',#3552,1000.);
#423=VECTOR('',#3555,1000.);
#424=VECTOR('',#3558,1000.);
#425=VECTOR('',#3561,1000.);
#426=VECTOR('',#3564,1000.);
#427=VECTOR('',#3567,1000.);
#428=VECTOR('',#3570,1000.);
#429=VECTOR('',#3573,1000.);
#430=VECTOR('',#3578,1000.);
#431=VECTOR('',#3581,1000.);
#432=VECTOR('',#3584,1000.);
#433=VECTOR('',#3587,1000.);
#434=VECTOR('',#3590,1000.);
#435=VECTOR('',#3593,1000.);
#436=VECTOR('',#3596,1000.);
#437=VECTOR('',#3599,1000.);
#438=VECTOR('',#3604,1000.);
#439=VECTOR('',#3607,1000.);
#440=VECTOR('',#3610,1000.);
#441=VECTOR('',#3613,1000.);
#442=VECTOR('',#3616,1000.);
#443=VECTOR('',#3619,1000.);
#444=VECTOR('',#3622,1000.);
#445=VECTOR('',#3625,1000.);
#446=VECTOR('',#3630,1000.);
#447=VECTOR('',#3633,1000.);
#448=VECTOR('',#3636,1000.);
#449=VECTOR('',#3639,1000.);
#450=VECTOR('',#3642,1000.);
#451=VECTOR('',#3645,1000.);
#452=VECTOR('',#3648,1000.);
#453=VECTOR('',#3651,1000.);
#454=VECTOR('',#3670,1000.);
#455=VECTOR('',#3671,1000.);
#456=VECTOR('',#3672,1000.);
#457=VECTOR('',#3675,1000.);
#458=VECTOR('',#3676,1000.);
#459=VECTOR('',#3677,1000.);
#460=VECTOR('',#3678,1000.);
#461=VECTOR('',#3681,1000.);
#462=VECTOR('',#3682,1000.);
#463=VECTOR('',#3683,1000.);
#464=VECTOR('',#3684,1000.);
#465=VECTOR('',#3687,1000.);
#466=VECTOR('',#3688,1000.);
#467=VECTOR('',#3689,1000.);
#468=VECTOR('',#3690,1000.);
#469=VECTOR('',#3693,1000.);
#470=VECTOR('',#3694,1000.);
#471=VECTOR('',#3695,1000.);
#472=VECTOR('',#3696,1000.);
#473=VECTOR('',#3699,1000.);
#474=VECTOR('',#3700,1000.);
#475=VECTOR('',#3701,1000.);
#476=VECTOR('',#3702,1000.);
#477=VECTOR('',#3705,1000.);
#478=VECTOR('',#3706,1000.);
#479=VECTOR('',#3707,1000.);
#480=VECTOR('',#3708,1000.);
#481=VECTOR('',#3711,1000.);
#482=VECTOR('',#3712,1000.);
#483=VECTOR('',#3713,1000.);
#484=VECTOR('',#3714,1000.);
#485=VECTOR('',#3717,1000.);
#486=VECTOR('',#3718,1000.);
#487=VECTOR('',#3719,1000.);
#488=VECTOR('',#3720,1000.);
#489=VECTOR('',#3723,1000.);
#490=VECTOR('',#3724,1000.);
#491=VECTOR('',#3725,1000.);
#492=VECTOR('',#3726,1000.);
#493=VECTOR('',#3729,1000.);
#494=VECTOR('',#3730,1000.);
#495=VECTOR('',#3731,1000.);
#496=VECTOR('',#3732,1000.);
#497=VECTOR('',#3735,1000.);
#498=VECTOR('',#3736,1000.);
#499=VECTOR('',#3737,1000.);
#500=VECTOR('',#3738,1000.);
#501=VECTOR('',#3741,1000.);
#502=VECTOR('',#3742,1000.);
#503=VECTOR('',#3743,1000.);
#504=VECTOR('',#3744,1000.);
#505=VECTOR('',#3747,1000.);
#506=VECTOR('',#3748,1000.);
#507=VECTOR('',#3749,1000.);
#508=VECTOR('',#3750,1000.);
#509=VECTOR('',#3753,1000.);
#510=VECTOR('',#3754,1000.);
#511=VECTOR('',#3755,1000.);
#512=VECTOR('',#3756,1000.);
#513=VECTOR('',#3759,1000.);
#514=VECTOR('',#3760,1000.);
#515=VECTOR('',#3761,1000.);
#516=VECTOR('',#3762,1000.);
#517=VECTOR('',#3765,1000.);
#518=VECTOR('',#3766,1000.);
#519=VECTOR('',#3769,1000.);
#520=VECTOR('',#3770,1000.);
#521=VECTOR('',#3773,1000.);
#522=VECTOR('',#3774,1000.);
#523=VECTOR('',#3777,1000.);
#524=VECTOR('',#3778,1000.);
#525=VECTOR('',#3781,1000.);
#526=VECTOR('',#3786,1000.);
#527=VECTOR('',#3787,1000.);
#528=VECTOR('',#3790,1000.);
#529=VECTOR('',#3791,1000.);
#530=VECTOR('',#3794,1000.);
#531=VECTOR('',#3795,1000.);
#532=VECTOR('',#3798,1000.);
#533=VECTOR('',#3803,1000.);
#534=VECTOR('',#3804,1000.);
#535=VECTOR('',#3807,1000.);
#536=VECTOR('',#3808,1000.);
#537=VECTOR('',#3811,1000.);
#538=VECTOR('',#3812,1000.);
#539=VECTOR('',#3815,1000.);
#540=VECTOR('',#3820,1000.);
#541=VECTOR('',#3821,1000.);
#542=VECTOR('',#3824,1000.);
#543=VECTOR('',#3825,1000.);
#544=VECTOR('',#3828,1000.);
#545=VECTOR('',#3829,1000.);
#546=VECTOR('',#3832,1000.);
#547=VECTOR('',#3837,1000.);
#548=VECTOR('',#3838,1000.);
#549=VECTOR('',#3841,1000.);
#550=VECTOR('',#3842,1000.);
#551=VECTOR('',#3845,1000.);
#552=VECTOR('',#3850,1000.);
#553=VECTOR('',#3851,1000.);
#554=VECTOR('',#3854,1000.);
#555=VECTOR('',#3857,1000.);
#556=VECTOR('',#3858,1000.);
#557=VECTOR('',#3861,1000.);
#558=VECTOR('',#3862,1000.);
#559=VECTOR('',#3865,1000.);
#560=VECTOR('',#3870,1000.);
#561=VECTOR('',#3871,1000.);
#562=VECTOR('',#3874,1000.);
#563=VECTOR('',#3877,1000.);
#564=VECTOR('',#3880,1000.);
#565=VECTOR('',#3883,1000.);
#566=VECTOR('',#3884,1000.);
#567=VECTOR('',#3887,1000.);
#568=VECTOR('',#3890,1000.);
#569=VECTOR('',#3891,1000.);
#570=VECTOR('',#3894,1000.);
#571=VECTOR('',#3895,1000.);
#572=VECTOR('',#3898,1000.);
#573=VECTOR('',#3899,1000.);
#574=VECTOR('',#3902,1000.);
#575=VECTOR('',#3903,1000.);
#576=VECTOR('',#3906,1000.);
#577=VECTOR('',#3911,1000.);
#578=VECTOR('',#3914,1000.);
#579=VECTOR('',#3917,1000.);
#580=VECTOR('',#3918,1000.);
#581=VECTOR('',#3921,1000.);
#582=VECTOR('',#3924,1000.);
#583=VECTOR('',#3925,1000.);
#584=VECTOR('',#3928,1000.);
#585=VECTOR('',#3929,1000.);
#586=VECTOR('',#3932,1000.);
#587=VECTOR('',#3933,1000.);
#588=VECTOR('',#3936,1000.);
#589=VECTOR('',#3937,1000.);
#590=VECTOR('',#3940,1000.);
#591=VECTOR('',#3945,1000.);
#592=VECTOR('',#3946,1000.);
#593=VECTOR('',#3949,1000.);
#594=VECTOR('',#3950,1000.);
#595=VECTOR('',#3953,1000.);
#596=VECTOR('',#3958,1000.);
#597=VECTOR('',#3959,1000.);
#598=VECTOR('',#3962,1000.);
#599=VECTOR('',#3965,1000.);
#600=VECTOR('',#3966,1000.);
#601=VECTOR('',#3969,1000.);
#602=VECTOR('',#3970,1000.);
#603=VECTOR('',#3973,1000.);
#604=VECTOR('',#3978,1000.);
#605=VECTOR('',#3979,1000.);
#606=VECTOR('',#3982,1000.);
#607=VECTOR('',#3985,1000.);
#608=VECTOR('',#3988,1000.);
#609=VECTOR('',#3991,1000.);
#610=VECTOR('',#3992,1000.);
#611=VECTOR('',#3995,1000.);
#612=VECTOR('',#3998,1000.);
#613=VECTOR('',#3999,1000.);
#614=VECTOR('',#4002,1000.);
#615=VECTOR('',#4003,1000.);
#616=VECTOR('',#4006,1000.);
#617=VECTOR('',#4007,1000.);
#618=VECTOR('',#4010,1000.);
#619=VECTOR('',#4011,1000.);
#620=VECTOR('',#4014,1000.);
#621=VECTOR('',#4019,1000.);
#622=VECTOR('',#4022,1000.);
#623=VECTOR('',#4025,1000.);
#624=VECTOR('',#4026,1000.);
#625=VECTOR('',#4029,1000.);
#626=VECTOR('',#4032,1000.);
#627=VECTOR('',#4033,1000.);
#628=VECTOR('',#4036,1000.);
#629=VECTOR('',#4037,1000.);
#630=VECTOR('',#4040,1000.);
#631=VECTOR('',#4041,1000.);
#632=VECTOR('',#4044,1000.);
#633=VECTOR('',#4045,1000.);
#634=VECTOR('',#4048,1000.);
#635=VECTOR('',#4053,1000.);
#636=VECTOR('',#4056,1000.);
#637=VECTOR('',#4059,1000.);
#638=VECTOR('',#4062,1000.);
#639=VECTOR('',#4065,1000.);
#640=VECTOR('',#4068,1000.);
#641=VECTOR('',#4071,1000.);
#642=VECTOR('',#4074,1000.);
#643=VECTOR('',#4077,1000.);
#644=VECTOR('',#4080,1000.);
#645=VECTOR('',#4083,1000.);
#646=VECTOR('',#4086,1000.);
#647=VECTOR('',#4123,1000.);
#648=VECTOR('',#4126,1000.);
#649=VECTOR('',#4129,1000.);
#650=VECTOR('',#4130,1000.);
#651=VECTOR('',#4131,1000.);
#652=VECTOR('',#4138,1000.);
#653=VECTOR('',#4141,1000.);
#654=VECTOR('',#4142,1000.);
#655=VECTOR('',#4143,1000.);
#656=VECTOR('',#4150,1000.);
#657=VECTOR('',#4153,1000.);
#658=VECTOR('',#4154,1000.);
#659=VECTOR('',#4155,1000.);
#660=VECTOR('',#4162,1000.);
#661=VECTOR('',#4167,1000.);
#662=VECTOR('',#4170,1000.);
#663=VECTOR('',#4173,1000.);
#664=VECTOR('',#4174,1000.);
#665=VECTOR('',#4175,1000.);
#666=VECTOR('',#4182,1000.);
#667=VECTOR('',#4185,1000.);
#668=VECTOR('',#4186,1000.);
#669=VECTOR('',#4187,1000.);
#670=VECTOR('',#4194,1000.);
#671=VECTOR('',#4197,1000.);
#672=VECTOR('',#4198,1000.);
#673=VECTOR('',#4199,1000.);
#674=VECTOR('',#4206,1000.);
#675=VECTOR('',#4211,1000.);
#676=VECTOR('',#4214,1000.);
#677=VECTOR('',#4217,1000.);
#678=VECTOR('',#4218,1000.);
#679=VECTOR('',#4219,1000.);
#680=VECTOR('',#4226,1000.);
#681=VECTOR('',#4229,1000.);
#682=VECTOR('',#4230,1000.);
#683=VECTOR('',#4231,1000.);
#684=VECTOR('',#4238,1000.);
#685=VECTOR('',#4241,1000.);
#686=VECTOR('',#4242,1000.);
#687=VECTOR('',#4243,1000.);
#688=VECTOR('',#4250,1000.);
#689=VECTOR('',#4255,1000.);
#690=VECTOR('',#4258,1000.);
#691=VECTOR('',#4261,1000.);
#692=VECTOR('',#4262,1000.);
#693=VECTOR('',#4263,1000.);
#694=VECTOR('',#4270,1000.);
#695=VECTOR('',#4273,1000.);
#696=VECTOR('',#4274,1000.);
#697=VECTOR('',#4275,1000.);
#698=VECTOR('',#4282,1000.);
#699=VECTOR('',#4285,1000.);
#700=VECTOR('',#4286,1000.);
#701=VECTOR('',#4287,1000.);
#702=VECTOR('',#4294,1000.);
#703=VECTOR('',#4297,1000.);
#704=VECTOR('',#4298,1000.);
#705=VECTOR('',#4301,1000.);
#706=VECTOR('',#4302,1000.);
#707=VECTOR('',#4305,1000.);
#708=VECTOR('',#4306,1000.);
#709=VECTOR('',#4309,1000.);
#710=VECTOR('',#4310,1000.);
#711=ORIENTED_EDGE('',*,*,#1605,.F.);
#712=ORIENTED_EDGE('',*,*,#1606,.F.);
#713=ORIENTED_EDGE('',*,*,#1607,.T.);
#714=ORIENTED_EDGE('',*,*,#1608,.T.);
#715=ORIENTED_EDGE('',*,*,#1609,.T.);
#716=ORIENTED_EDGE('',*,*,#1610,.F.);
#717=ORIENTED_EDGE('',*,*,#1611,.F.);
#718=ORIENTED_EDGE('',*,*,#1612,.F.);
#719=ORIENTED_EDGE('',*,*,#1609,.F.);
#720=ORIENTED_EDGE('',*,*,#1613,.T.);
#721=ORIENTED_EDGE('',*,*,#1614,.T.);
#722=ORIENTED_EDGE('',*,*,#1615,.F.);
#723=ORIENTED_EDGE('',*,*,#1616,.F.);
#724=ORIENTED_EDGE('',*,*,#1617,.F.);
#725=ORIENTED_EDGE('',*,*,#1618,.T.);
#726=ORIENTED_EDGE('',*,*,#1619,.T.);
#727=ORIENTED_EDGE('',*,*,#1607,.F.);
#728=ORIENTED_EDGE('',*,*,#1620,.F.);
#729=ORIENTED_EDGE('',*,*,#1621,.T.);
#730=ORIENTED_EDGE('',*,*,#1622,.T.);
#731=ORIENTED_EDGE('',*,*,#1623,.F.);
#732=ORIENTED_EDGE('',*,*,#1624,.F.);
#733=ORIENTED_EDGE('',*,*,#1625,.T.);
#734=ORIENTED_EDGE('',*,*,#1626,.T.);
#735=ORIENTED_EDGE('',*,*,#1627,.T.);
#736=ORIENTED_EDGE('',*,*,#1628,.T.);
#737=ORIENTED_EDGE('',*,*,#1629,.F.);
#738=ORIENTED_EDGE('',*,*,#1623,.T.);
#739=ORIENTED_EDGE('',*,*,#1630,.F.);
#740=ORIENTED_EDGE('',*,*,#1631,.T.);
#741=ORIENTED_EDGE('',*,*,#1632,.T.);
#742=ORIENTED_EDGE('',*,*,#1633,.F.);
#743=ORIENTED_EDGE('',*,*,#1633,.T.);
#744=ORIENTED_EDGE('',*,*,#1634,.T.);
#745=ORIENTED_EDGE('',*,*,#1635,.F.);
#746=ORIENTED_EDGE('',*,*,#1636,.F.);
#747=ORIENTED_EDGE('',*,*,#1614,.F.);
#748=ORIENTED_EDGE('',*,*,#1637,.T.);
#749=ORIENTED_EDGE('',*,*,#1638,.F.);
#750=ORIENTED_EDGE('',*,*,#1639,.F.);
#751=ORIENTED_EDGE('',*,*,#1640,.F.);
#752=ORIENTED_EDGE('',*,*,#1641,.T.);
#753=ORIENTED_EDGE('',*,*,#1642,.F.);
#754=ORIENTED_EDGE('',*,*,#1643,.F.);
#755=ORIENTED_EDGE('',*,*,#1644,.T.);
#756=ORIENTED_EDGE('',*,*,#1630,.T.);
#757=ORIENTED_EDGE('',*,*,#1643,.T.);
#758=ORIENTED_EDGE('',*,*,#1645,.F.);
#759=ORIENTED_EDGE('',*,*,#1624,.T.);
#760=ORIENTED_EDGE('',*,*,#1629,.T.);
#761=ORIENTED_EDGE('',*,*,#1646,.F.);
#762=ORIENTED_EDGE('',*,*,#1632,.F.);
#763=ORIENTED_EDGE('',*,*,#1647,.T.);
#764=ORIENTED_EDGE('',*,*,#1648,.T.);
#765=ORIENTED_EDGE('',*,*,#1627,.F.);
#766=ORIENTED_EDGE('',*,*,#1622,.F.);
#767=ORIENTED_EDGE('',*,*,#1649,.T.);
#768=ORIENTED_EDGE('',*,*,#1634,.F.);
#769=ORIENTED_EDGE('',*,*,#1650,.F.);
#770=ORIENTED_EDGE('',*,*,#1651,.F.);
#771=ORIENTED_EDGE('',*,*,#1652,.F.);
#772=ORIENTED_EDGE('',*,*,#1616,.T.);
#773=ORIENTED_EDGE('',*,*,#1653,.T.);
#774=ORIENTED_EDGE('',*,*,#1654,.T.);
#775=ORIENTED_EDGE('',*,*,#1655,.F.);
#776=ORIENTED_EDGE('',*,*,#1656,.F.);
#777=ORIENTED_EDGE('',*,*,#1657,.F.);
#778=ORIENTED_EDGE('',*,*,#1654,.F.);
#779=ORIENTED_EDGE('',*,*,#1658,.T.);
#780=ORIENTED_EDGE('',*,*,#1640,.T.);
#781=ORIENTED_EDGE('',*,*,#1659,.F.);
#782=ORIENTED_EDGE('',*,*,#1641,.F.);
#783=ORIENTED_EDGE('',*,*,#1658,.F.);
#784=ORIENTED_EDGE('',*,*,#1653,.F.);
#785=ORIENTED_EDGE('',*,*,#1626,.F.);
#786=ORIENTED_EDGE('',*,*,#1636,.T.);
#787=ORIENTED_EDGE('',*,*,#1660,.T.);
#788=ORIENTED_EDGE('',*,*,#1620,.T.);
#789=ORIENTED_EDGE('',*,*,#1610,.T.);
#790=ORIENTED_EDGE('',*,*,#1615,.T.);
#791=ORIENTED_EDGE('',*,*,#1639,.T.);
#792=ORIENTED_EDGE('',*,*,#1661,.T.);
#793=ORIENTED_EDGE('',*,*,#1617,.T.);
#794=ORIENTED_EDGE('',*,*,#1652,.T.);
#795=ORIENTED_EDGE('',*,*,#1657,.T.);
#796=ORIENTED_EDGE('',*,*,#1662,.F.);
#797=ORIENTED_EDGE('',*,*,#1637,.F.);
#798=ORIENTED_EDGE('',*,*,#1613,.F.);
#799=ORIENTED_EDGE('',*,*,#1608,.F.);
#800=ORIENTED_EDGE('',*,*,#1619,.F.);
#801=ORIENTED_EDGE('',*,*,#1638,.T.);
#802=ORIENTED_EDGE('',*,*,#1662,.T.);
#803=ORIENTED_EDGE('',*,*,#1618,.F.);
#804=ORIENTED_EDGE('',*,*,#1661,.F.);
#805=ORIENTED_EDGE('',*,*,#1635,.T.);
#806=ORIENTED_EDGE('',*,*,#1649,.F.);
#807=ORIENTED_EDGE('',*,*,#1621,.F.);
#808=ORIENTED_EDGE('',*,*,#1660,.F.);
#809=ORIENTED_EDGE('',*,*,#1659,.T.);
#810=ORIENTED_EDGE('',*,*,#1625,.F.);
#811=ORIENTED_EDGE('',*,*,#1645,.T.);
#812=ORIENTED_EDGE('',*,*,#1642,.T.);
#813=ORIENTED_EDGE('',*,*,#1606,.T.);
#814=ORIENTED_EDGE('',*,*,#1663,.F.);
#815=ORIENTED_EDGE('',*,*,#1664,.F.);
#816=ORIENTED_EDGE('',*,*,#1665,.F.);
#817=ORIENTED_EDGE('',*,*,#1666,.T.);
#818=ORIENTED_EDGE('',*,*,#1667,.F.);
#819=ORIENTED_EDGE('',*,*,#1668,.F.);
#820=ORIENTED_EDGE('',*,*,#1669,.F.);
#821=ORIENTED_EDGE('',*,*,#1670,.T.);
#822=ORIENTED_EDGE('',*,*,#1671,.F.);
#823=ORIENTED_EDGE('',*,*,#1672,.F.);
#824=ORIENTED_EDGE('',*,*,#1673,.F.);
#825=ORIENTED_EDGE('',*,*,#1674,.T.);
#826=ORIENTED_EDGE('',*,*,#1675,.F.);
#827=ORIENTED_EDGE('',*,*,#1676,.F.);
#828=ORIENTED_EDGE('',*,*,#1677,.F.);
#829=ORIENTED_EDGE('',*,*,#1678,.T.);
#830=ORIENTED_EDGE('',*,*,#1651,.T.);
#831=ORIENTED_EDGE('',*,*,#1679,.F.);
#832=ORIENTED_EDGE('',*,*,#1680,.F.);
#833=ORIENTED_EDGE('',*,*,#1681,.F.);
#834=ORIENTED_EDGE('',*,*,#1682,.T.);
#835=ORIENTED_EDGE('',*,*,#1683,.F.);
#836=ORIENTED_EDGE('',*,*,#1684,.F.);
#837=ORIENTED_EDGE('',*,*,#1685,.F.);
#838=ORIENTED_EDGE('',*,*,#1686,.T.);
#839=ORIENTED_EDGE('',*,*,#1687,.F.);
#840=ORIENTED_EDGE('',*,*,#1688,.F.);
#841=ORIENTED_EDGE('',*,*,#1689,.F.);
#842=ORIENTED_EDGE('',*,*,#1690,.T.);
#843=ORIENTED_EDGE('',*,*,#1691,.F.);
#844=ORIENTED_EDGE('',*,*,#1692,.F.);
#845=ORIENTED_EDGE('',*,*,#1693,.F.);
#846=ORIENTED_EDGE('',*,*,#1694,.T.);
#847=ORIENTED_EDGE('',*,*,#1650,.T.);
#848=ORIENTED_EDGE('',*,*,#1695,.F.);
#849=ORIENTED_EDGE('',*,*,#1696,.F.);
#850=ORIENTED_EDGE('',*,*,#1697,.F.);
#851=ORIENTED_EDGE('',*,*,#1698,.T.);
#852=ORIENTED_EDGE('',*,*,#1699,.F.);
#853=ORIENTED_EDGE('',*,*,#1700,.F.);
#854=ORIENTED_EDGE('',*,*,#1701,.F.);
#855=ORIENTED_EDGE('',*,*,#1702,.T.);
#856=ORIENTED_EDGE('',*,*,#1703,.F.);
#857=ORIENTED_EDGE('',*,*,#1704,.F.);
#858=ORIENTED_EDGE('',*,*,#1705,.F.);
#859=ORIENTED_EDGE('',*,*,#1706,.T.);
#860=ORIENTED_EDGE('',*,*,#1707,.F.);
#861=ORIENTED_EDGE('',*,*,#1708,.F.);
#862=ORIENTED_EDGE('',*,*,#1709,.F.);
#863=ORIENTED_EDGE('',*,*,#1710,.T.);
#864=ORIENTED_EDGE('',*,*,#1605,.T.);
#865=ORIENTED_EDGE('',*,*,#1711,.F.);
#866=ORIENTED_EDGE('',*,*,#1712,.F.);
#867=ORIENTED_EDGE('',*,*,#1713,.F.);
#868=ORIENTED_EDGE('',*,*,#1714,.T.);
#869=ORIENTED_EDGE('',*,*,#1715,.F.);
#870=ORIENTED_EDGE('',*,*,#1716,.F.);
#871=ORIENTED_EDGE('',*,*,#1717,.F.);
#872=ORIENTED_EDGE('',*,*,#1718,.T.);
#873=ORIENTED_EDGE('',*,*,#1719,.F.);
#874=ORIENTED_EDGE('',*,*,#1720,.F.);
#875=ORIENTED_EDGE('',*,*,#1721,.F.);
#876=ORIENTED_EDGE('',*,*,#1722,.T.);
#877=ORIENTED_EDGE('',*,*,#1723,.F.);
#878=ORIENTED_EDGE('',*,*,#1724,.F.);
#879=ORIENTED_EDGE('',*,*,#1725,.F.);
#880=ORIENTED_EDGE('',*,*,#1726,.T.);
#881=ORIENTED_EDGE('',*,*,#1612,.T.);
#882=ORIENTED_EDGE('',*,*,#1727,.F.);
#883=ORIENTED_EDGE('',*,*,#1656,.T.);
#884=ORIENTED_EDGE('',*,*,#1728,.F.);
#885=ORIENTED_EDGE('',*,*,#1655,.T.);
#886=ORIENTED_EDGE('',*,*,#1729,.F.);
#887=ORIENTED_EDGE('',*,*,#1611,.T.);
#888=ORIENTED_EDGE('',*,*,#1730,.F.);
#889=ORIENTED_EDGE('',*,*,#1731,.T.);
#890=ORIENTED_EDGE('',*,*,#1646,.T.);
#891=ORIENTED_EDGE('',*,*,#1628,.F.);
#892=ORIENTED_EDGE('',*,*,#1648,.F.);
#893=ORIENTED_EDGE('',*,*,#1667,.T.);
#894=ORIENTED_EDGE('',*,*,#1732,.T.);
#895=ORIENTED_EDGE('',*,*,#1733,.T.);
#896=ORIENTED_EDGE('',*,*,#1734,.T.);
#897=ORIENTED_EDGE('',*,*,#1735,.T.);
#898=ORIENTED_EDGE('',*,*,#1736,.T.);
#899=ORIENTED_EDGE('',*,*,#1663,.T.);
#900=ORIENTED_EDGE('',*,*,#1737,.T.);
#901=ORIENTED_EDGE('',*,*,#1738,.T.);
#902=ORIENTED_EDGE('',*,*,#1739,.T.);
#903=ORIENTED_EDGE('',*,*,#1740,.T.);
#904=ORIENTED_EDGE('',*,*,#1741,.T.);
#905=ORIENTED_EDGE('',*,*,#1675,.T.);
#906=ORIENTED_EDGE('',*,*,#1742,.T.);
#907=ORIENTED_EDGE('',*,*,#1743,.T.);
#908=ORIENTED_EDGE('',*,*,#1744,.T.);
#909=ORIENTED_EDGE('',*,*,#1745,.T.);
#910=ORIENTED_EDGE('',*,*,#1746,.T.);
#911=ORIENTED_EDGE('',*,*,#1671,.T.);
#912=ORIENTED_EDGE('',*,*,#1747,.T.);
#913=ORIENTED_EDGE('',*,*,#1748,.T.);
#914=ORIENTED_EDGE('',*,*,#1749,.T.);
#915=ORIENTED_EDGE('',*,*,#1750,.T.);
#916=ORIENTED_EDGE('',*,*,#1751,.T.);
#917=ORIENTED_EDGE('',*,*,#1683,.T.);
#918=ORIENTED_EDGE('',*,*,#1752,.T.);
#919=ORIENTED_EDGE('',*,*,#1753,.T.);
#920=ORIENTED_EDGE('',*,*,#1754,.T.);
#921=ORIENTED_EDGE('',*,*,#1755,.T.);
#922=ORIENTED_EDGE('',*,*,#1756,.T.);
#923=ORIENTED_EDGE('',*,*,#1679,.T.);
#924=ORIENTED_EDGE('',*,*,#1757,.T.);
#925=ORIENTED_EDGE('',*,*,#1758,.T.);
#926=ORIENTED_EDGE('',*,*,#1759,.T.);
#927=ORIENTED_EDGE('',*,*,#1760,.T.);
#928=ORIENTED_EDGE('',*,*,#1761,.T.);
#929=ORIENTED_EDGE('',*,*,#1691,.T.);
#930=ORIENTED_EDGE('',*,*,#1762,.T.);
#931=ORIENTED_EDGE('',*,*,#1763,.T.);
#932=ORIENTED_EDGE('',*,*,#1764,.T.);
#933=ORIENTED_EDGE('',*,*,#1765,.T.);
#934=ORIENTED_EDGE('',*,*,#1766,.T.);
#935=ORIENTED_EDGE('',*,*,#1687,.T.);
#936=ORIENTED_EDGE('',*,*,#1767,.T.);
#937=ORIENTED_EDGE('',*,*,#1768,.T.);
#938=ORIENTED_EDGE('',*,*,#1769,.T.);
#939=ORIENTED_EDGE('',*,*,#1770,.T.);
#940=ORIENTED_EDGE('',*,*,#1771,.T.);
#941=ORIENTED_EDGE('',*,*,#1699,.T.);
#942=ORIENTED_EDGE('',*,*,#1772,.T.);
#943=ORIENTED_EDGE('',*,*,#1773,.T.);
#944=ORIENTED_EDGE('',*,*,#1774,.T.);
#945=ORIENTED_EDGE('',*,*,#1775,.T.);
#946=ORIENTED_EDGE('',*,*,#1776,.T.);
#947=ORIENTED_EDGE('',*,*,#1695,.T.);
#948=ORIENTED_EDGE('',*,*,#1777,.T.);
#949=ORIENTED_EDGE('',*,*,#1778,.T.);
#950=ORIENTED_EDGE('',*,*,#1779,.T.);
#951=ORIENTED_EDGE('',*,*,#1780,.T.);
#952=ORIENTED_EDGE('',*,*,#1781,.T.);
#953=ORIENTED_EDGE('',*,*,#1707,.T.);
#954=ORIENTED_EDGE('',*,*,#1782,.T.);
#955=ORIENTED_EDGE('',*,*,#1783,.T.);
#956=ORIENTED_EDGE('',*,*,#1784,.T.);
#957=ORIENTED_EDGE('',*,*,#1785,.T.);
#958=ORIENTED_EDGE('',*,*,#1786,.T.);
#959=ORIENTED_EDGE('',*,*,#1703,.T.);
#960=ORIENTED_EDGE('',*,*,#1787,.T.);
#961=ORIENTED_EDGE('',*,*,#1788,.T.);
#962=ORIENTED_EDGE('',*,*,#1789,.T.);
#963=ORIENTED_EDGE('',*,*,#1790,.T.);
#964=ORIENTED_EDGE('',*,*,#1791,.T.);
#965=ORIENTED_EDGE('',*,*,#1715,.T.);
#966=ORIENTED_EDGE('',*,*,#1792,.T.);
#967=ORIENTED_EDGE('',*,*,#1793,.T.);
#968=ORIENTED_EDGE('',*,*,#1794,.T.);
#969=ORIENTED_EDGE('',*,*,#1795,.T.);
#970=ORIENTED_EDGE('',*,*,#1796,.T.);
#971=ORIENTED_EDGE('',*,*,#1711,.T.);
#972=ORIENTED_EDGE('',*,*,#1797,.T.);
#973=ORIENTED_EDGE('',*,*,#1798,.T.);
#974=ORIENTED_EDGE('',*,*,#1799,.T.);
#975=ORIENTED_EDGE('',*,*,#1800,.T.);
#976=ORIENTED_EDGE('',*,*,#1801,.T.);
#977=ORIENTED_EDGE('',*,*,#1723,.T.);
#978=ORIENTED_EDGE('',*,*,#1802,.T.);
#979=ORIENTED_EDGE('',*,*,#1803,.T.);
#980=ORIENTED_EDGE('',*,*,#1804,.T.);
#981=ORIENTED_EDGE('',*,*,#1805,.T.);
#982=ORIENTED_EDGE('',*,*,#1806,.T.);
#983=ORIENTED_EDGE('',*,*,#1719,.T.);
#984=ORIENTED_EDGE('',*,*,#1807,.T.);
#985=ORIENTED_EDGE('',*,*,#1808,.T.);
#986=ORIENTED_EDGE('',*,*,#1809,.T.);
#987=ORIENTED_EDGE('',*,*,#1810,.T.);
#988=ORIENTED_EDGE('',*,*,#1811,.T.);
#989=ORIENTED_EDGE('',*,*,#1807,.F.);
#990=ORIENTED_EDGE('',*,*,#1718,.F.);
#991=ORIENTED_EDGE('',*,*,#1812,.T.);
#992=ORIENTED_EDGE('',*,*,#1813,.T.);
#993=ORIENTED_EDGE('',*,*,#1811,.F.);
#994=ORIENTED_EDGE('',*,*,#1814,.F.);
#995=ORIENTED_EDGE('',*,*,#1815,.T.);
#996=ORIENTED_EDGE('',*,*,#1716,.T.);
#997=ORIENTED_EDGE('',*,*,#1810,.F.);
#998=ORIENTED_EDGE('',*,*,#1816,.F.);
#999=ORIENTED_EDGE('',*,*,#1817,.T.);
#1000=ORIENTED_EDGE('',*,*,#1814,.T.);
#1001=ORIENTED_EDGE('',*,*,#1809,.F.);
#1002=ORIENTED_EDGE('',*,*,#1818,.F.);
#1003=ORIENTED_EDGE('',*,*,#1819,.T.);
#1004=ORIENTED_EDGE('',*,*,#1816,.T.);
#1005=ORIENTED_EDGE('',*,*,#1747,.F.);
#1006=ORIENTED_EDGE('',*,*,#1670,.F.);
#1007=ORIENTED_EDGE('',*,*,#1820,.T.);
#1008=ORIENTED_EDGE('',*,*,#1821,.T.);
#1009=ORIENTED_EDGE('',*,*,#1751,.F.);
#1010=ORIENTED_EDGE('',*,*,#1822,.F.);
#1011=ORIENTED_EDGE('',*,*,#1823,.T.);
#1012=ORIENTED_EDGE('',*,*,#1668,.T.);
#1013=ORIENTED_EDGE('',*,*,#1750,.F.);
#1014=ORIENTED_EDGE('',*,*,#1824,.F.);
#1015=ORIENTED_EDGE('',*,*,#1825,.T.);
#1016=ORIENTED_EDGE('',*,*,#1822,.T.);
#1017=ORIENTED_EDGE('',*,*,#1749,.F.);
#1018=ORIENTED_EDGE('',*,*,#1826,.F.);
#1019=ORIENTED_EDGE('',*,*,#1827,.T.);
#1020=ORIENTED_EDGE('',*,*,#1824,.T.);
#1021=ORIENTED_EDGE('',*,*,#1767,.F.);
#1022=ORIENTED_EDGE('',*,*,#1686,.F.);
#1023=ORIENTED_EDGE('',*,*,#1828,.T.);
#1024=ORIENTED_EDGE('',*,*,#1829,.T.);
#1025=ORIENTED_EDGE('',*,*,#1771,.F.);
#1026=ORIENTED_EDGE('',*,*,#1830,.F.);
#1027=ORIENTED_EDGE('',*,*,#1831,.T.);
#1028=ORIENTED_EDGE('',*,*,#1684,.T.);
#1029=ORIENTED_EDGE('',*,*,#1770,.F.);
#1030=ORIENTED_EDGE('',*,*,#1832,.F.);
#1031=ORIENTED_EDGE('',*,*,#1833,.T.);
#1032=ORIENTED_EDGE('',*,*,#1830,.T.);
#1033=ORIENTED_EDGE('',*,*,#1769,.F.);
#1034=ORIENTED_EDGE('',*,*,#1834,.F.);
#1035=ORIENTED_EDGE('',*,*,#1835,.T.);
#1036=ORIENTED_EDGE('',*,*,#1832,.T.);
#1037=ORIENTED_EDGE('',*,*,#1787,.F.);
#1038=ORIENTED_EDGE('',*,*,#1702,.F.);
#1039=ORIENTED_EDGE('',*,*,#1836,.T.);
#1040=ORIENTED_EDGE('',*,*,#1837,.T.);
#1041=ORIENTED_EDGE('',*,*,#1791,.F.);
#1042=ORIENTED_EDGE('',*,*,#1838,.F.);
#1043=ORIENTED_EDGE('',*,*,#1839,.T.);
#1044=ORIENTED_EDGE('',*,*,#1700,.T.);
#1045=ORIENTED_EDGE('',*,*,#1790,.F.);
#1046=ORIENTED_EDGE('',*,*,#1840,.F.);
#1047=ORIENTED_EDGE('',*,*,#1841,.T.);
#1048=ORIENTED_EDGE('',*,*,#1838,.T.);
#1049=ORIENTED_EDGE('',*,*,#1789,.F.);
#1050=ORIENTED_EDGE('',*,*,#1842,.F.);
#1051=ORIENTED_EDGE('',*,*,#1843,.T.);
#1052=ORIENTED_EDGE('',*,*,#1840,.T.);
#1053=ORIENTED_EDGE('',*,*,#1776,.F.);
#1054=ORIENTED_EDGE('',*,*,#1844,.F.);
#1055=ORIENTED_EDGE('',*,*,#1845,.T.);
#1056=ORIENTED_EDGE('',*,*,#1696,.T.);
#1057=ORIENTED_EDGE('',*,*,#1775,.F.);
#1058=ORIENTED_EDGE('',*,*,#1846,.F.);
#1059=ORIENTED_EDGE('',*,*,#1847,.T.);
#1060=ORIENTED_EDGE('',*,*,#1844,.T.);
#1061=ORIENTED_EDGE('',*,*,#1774,.F.);
#1062=ORIENTED_EDGE('',*,*,#1848,.F.);
#1063=ORIENTED_EDGE('',*,*,#1849,.T.);
#1064=ORIENTED_EDGE('',*,*,#1846,.T.);
#1065=ORIENTED_EDGE('',*,*,#1773,.F.);
#1066=ORIENTED_EDGE('',*,*,#1850,.F.);
#1067=ORIENTED_EDGE('',*,*,#1851,.T.);
#1068=ORIENTED_EDGE('',*,*,#1848,.T.);
#1069=ORIENTED_EDGE('',*,*,#1772,.F.);
#1070=ORIENTED_EDGE('',*,*,#1698,.F.);
#1071=ORIENTED_EDGE('',*,*,#1852,.T.);
#1072=ORIENTED_EDGE('',*,*,#1850,.T.);
#1073=ORIENTED_EDGE('',*,*,#1756,.F.);
#1074=ORIENTED_EDGE('',*,*,#1853,.F.);
#1075=ORIENTED_EDGE('',*,*,#1854,.T.);
#1076=ORIENTED_EDGE('',*,*,#1680,.T.);
#1077=ORIENTED_EDGE('',*,*,#1755,.F.);
#1078=ORIENTED_EDGE('',*,*,#1855,.F.);
#1079=ORIENTED_EDGE('',*,*,#1856,.T.);
#1080=ORIENTED_EDGE('',*,*,#1853,.T.);
#1081=ORIENTED_EDGE('',*,*,#1754,.F.);
#1082=ORIENTED_EDGE('',*,*,#1857,.F.);
#1083=ORIENTED_EDGE('',*,*,#1858,.T.);
#1084=ORIENTED_EDGE('',*,*,#1855,.T.);
#1085=ORIENTED_EDGE('',*,*,#1753,.F.);
#1086=ORIENTED_EDGE('',*,*,#1859,.F.);
#1087=ORIENTED_EDGE('',*,*,#1860,.T.);
#1088=ORIENTED_EDGE('',*,*,#1857,.T.);
#1089=ORIENTED_EDGE('',*,*,#1752,.F.);
#1090=ORIENTED_EDGE('',*,*,#1682,.F.);
#1091=ORIENTED_EDGE('',*,*,#1861,.T.);
#1092=ORIENTED_EDGE('',*,*,#1859,.T.);
#1093=ORIENTED_EDGE('',*,*,#1779,.F.);
#1094=ORIENTED_EDGE('',*,*,#1862,.F.);
#1095=ORIENTED_EDGE('',*,*,#1863,.T.);
#1096=ORIENTED_EDGE('',*,*,#1864,.T.);
#1097=ORIENTED_EDGE('',*,*,#1778,.F.);
#1098=ORIENTED_EDGE('',*,*,#1865,.F.);
#1099=ORIENTED_EDGE('',*,*,#1866,.T.);
#1100=ORIENTED_EDGE('',*,*,#1862,.T.);
#1101=ORIENTED_EDGE('',*,*,#1777,.F.);
#1102=ORIENTED_EDGE('',*,*,#1710,.F.);
#1103=ORIENTED_EDGE('',*,*,#1867,.T.);
#1104=ORIENTED_EDGE('',*,*,#1865,.T.);
#1105=ORIENTED_EDGE('',*,*,#1781,.F.);
#1106=ORIENTED_EDGE('',*,*,#1868,.F.);
#1107=ORIENTED_EDGE('',*,*,#1869,.T.);
#1108=ORIENTED_EDGE('',*,*,#1708,.T.);
#1109=ORIENTED_EDGE('',*,*,#1782,.F.);
#1110=ORIENTED_EDGE('',*,*,#1706,.F.);
#1111=ORIENTED_EDGE('',*,*,#1870,.T.);
#1112=ORIENTED_EDGE('',*,*,#1871,.T.);
#1113=ORIENTED_EDGE('',*,*,#1786,.F.);
#1114=ORIENTED_EDGE('',*,*,#1872,.F.);
#1115=ORIENTED_EDGE('',*,*,#1873,.T.);
#1116=ORIENTED_EDGE('',*,*,#1704,.T.);
#1117=ORIENTED_EDGE('',*,*,#1785,.F.);
#1118=ORIENTED_EDGE('',*,*,#1874,.F.);
#1119=ORIENTED_EDGE('',*,*,#1875,.T.);
#1120=ORIENTED_EDGE('',*,*,#1872,.T.);
#1121=ORIENTED_EDGE('',*,*,#1784,.F.);
#1122=ORIENTED_EDGE('',*,*,#1876,.F.);
#1123=ORIENTED_EDGE('',*,*,#1877,.T.);
#1124=ORIENTED_EDGE('',*,*,#1874,.T.);
#1125=ORIENTED_EDGE('',*,*,#1759,.F.);
#1126=ORIENTED_EDGE('',*,*,#1878,.F.);
#1127=ORIENTED_EDGE('',*,*,#1879,.T.);
#1128=ORIENTED_EDGE('',*,*,#1880,.T.);
#1129=ORIENTED_EDGE('',*,*,#1758,.F.);
#1130=ORIENTED_EDGE('',*,*,#1881,.F.);
#1131=ORIENTED_EDGE('',*,*,#1882,.T.);
#1132=ORIENTED_EDGE('',*,*,#1878,.T.);
#1133=ORIENTED_EDGE('',*,*,#1757,.F.);
#1134=ORIENTED_EDGE('',*,*,#1694,.F.);
#1135=ORIENTED_EDGE('',*,*,#1883,.T.);
#1136=ORIENTED_EDGE('',*,*,#1881,.T.);
#1137=ORIENTED_EDGE('',*,*,#1761,.F.);
#1138=ORIENTED_EDGE('',*,*,#1884,.F.);
#1139=ORIENTED_EDGE('',*,*,#1885,.T.);
#1140=ORIENTED_EDGE('',*,*,#1692,.T.);
#1141=ORIENTED_EDGE('',*,*,#1762,.F.);
#1142=ORIENTED_EDGE('',*,*,#1690,.F.);
#1143=ORIENTED_EDGE('',*,*,#1886,.T.);
#1144=ORIENTED_EDGE('',*,*,#1887,.T.);
#1145=ORIENTED_EDGE('',*,*,#1766,.F.);
#1146=ORIENTED_EDGE('',*,*,#1888,.F.);
#1147=ORIENTED_EDGE('',*,*,#1889,.T.);
#1148=ORIENTED_EDGE('',*,*,#1688,.T.);
#1149=ORIENTED_EDGE('',*,*,#1765,.F.);
#1150=ORIENTED_EDGE('',*,*,#1890,.F.);
#1151=ORIENTED_EDGE('',*,*,#1891,.T.);
#1152=ORIENTED_EDGE('',*,*,#1888,.T.);
#1153=ORIENTED_EDGE('',*,*,#1764,.F.);
#1154=ORIENTED_EDGE('',*,*,#1892,.F.);
#1155=ORIENTED_EDGE('',*,*,#1893,.T.);
#1156=ORIENTED_EDGE('',*,*,#1890,.T.);
#1157=ORIENTED_EDGE('',*,*,#1736,.F.);
#1158=ORIENTED_EDGE('',*,*,#1894,.F.);
#1159=ORIENTED_EDGE('',*,*,#1895,.T.);
#1160=ORIENTED_EDGE('',*,*,#1664,.T.);
#1161=ORIENTED_EDGE('',*,*,#1735,.F.);
#1162=ORIENTED_EDGE('',*,*,#1896,.F.);
#1163=ORIENTED_EDGE('',*,*,#1897,.T.);
#1164=ORIENTED_EDGE('',*,*,#1894,.T.);
#1165=ORIENTED_EDGE('',*,*,#1734,.F.);
#1166=ORIENTED_EDGE('',*,*,#1898,.F.);
#1167=ORIENTED_EDGE('',*,*,#1899,.T.);
#1168=ORIENTED_EDGE('',*,*,#1896,.T.);
#1169=ORIENTED_EDGE('',*,*,#1733,.F.);
#1170=ORIENTED_EDGE('',*,*,#1900,.F.);
#1171=ORIENTED_EDGE('',*,*,#1901,.T.);
#1172=ORIENTED_EDGE('',*,*,#1898,.T.);
#1173=ORIENTED_EDGE('',*,*,#1732,.F.);
#1174=ORIENTED_EDGE('',*,*,#1666,.F.);
#1175=ORIENTED_EDGE('',*,*,#1902,.T.);
#1176=ORIENTED_EDGE('',*,*,#1900,.T.);
#1177=ORIENTED_EDGE('',*,*,#1796,.F.);
#1178=ORIENTED_EDGE('',*,*,#1903,.F.);
#1179=ORIENTED_EDGE('',*,*,#1904,.T.);
#1180=ORIENTED_EDGE('',*,*,#1712,.T.);
#1181=ORIENTED_EDGE('',*,*,#1795,.F.);
#1182=ORIENTED_EDGE('',*,*,#1905,.F.);
#1183=ORIENTED_EDGE('',*,*,#1906,.T.);
#1184=ORIENTED_EDGE('',*,*,#1903,.T.);
#1185=ORIENTED_EDGE('',*,*,#1794,.F.);
#1186=ORIENTED_EDGE('',*,*,#1907,.F.);
#1187=ORIENTED_EDGE('',*,*,#1908,.T.);
#1188=ORIENTED_EDGE('',*,*,#1905,.T.);
#1189=ORIENTED_EDGE('',*,*,#1793,.F.);
#1190=ORIENTED_EDGE('',*,*,#1909,.F.);
#1191=ORIENTED_EDGE('',*,*,#1910,.T.);
#1192=ORIENTED_EDGE('',*,*,#1907,.T.);
#1193=ORIENTED_EDGE('',*,*,#1792,.F.);
#1194=ORIENTED_EDGE('',*,*,#1714,.F.);
#1195=ORIENTED_EDGE('',*,*,#1911,.T.);
#1196=ORIENTED_EDGE('',*,*,#1909,.T.);
#1197=ORIENTED_EDGE('',*,*,#1739,.F.);
#1198=ORIENTED_EDGE('',*,*,#1912,.F.);
#1199=ORIENTED_EDGE('',*,*,#1913,.T.);
#1200=ORIENTED_EDGE('',*,*,#1914,.T.);
#1201=ORIENTED_EDGE('',*,*,#1738,.F.);
#1202=ORIENTED_EDGE('',*,*,#1915,.F.);
#1203=ORIENTED_EDGE('',*,*,#1916,.T.);
#1204=ORIENTED_EDGE('',*,*,#1912,.T.);
#1205=ORIENTED_EDGE('',*,*,#1737,.F.);
#1206=ORIENTED_EDGE('',*,*,#1678,.F.);
#1207=ORIENTED_EDGE('',*,*,#1917,.T.);
#1208=ORIENTED_EDGE('',*,*,#1915,.T.);
#1209=ORIENTED_EDGE('',*,*,#1741,.F.);
#1210=ORIENTED_EDGE('',*,*,#1918,.F.);
#1211=ORIENTED_EDGE('',*,*,#1919,.T.);
#1212=ORIENTED_EDGE('',*,*,#1676,.T.);
#1213=ORIENTED_EDGE('',*,*,#1742,.F.);
#1214=ORIENTED_EDGE('',*,*,#1674,.F.);
#1215=ORIENTED_EDGE('',*,*,#1920,.T.);
#1216=ORIENTED_EDGE('',*,*,#1921,.T.);
#1217=ORIENTED_EDGE('',*,*,#1746,.F.);
#1218=ORIENTED_EDGE('',*,*,#1922,.F.);
#1219=ORIENTED_EDGE('',*,*,#1923,.T.);
#1220=ORIENTED_EDGE('',*,*,#1672,.T.);
#1221=ORIENTED_EDGE('',*,*,#1745,.F.);
#1222=ORIENTED_EDGE('',*,*,#1924,.F.);
#1223=ORIENTED_EDGE('',*,*,#1925,.T.);
#1224=ORIENTED_EDGE('',*,*,#1922,.T.);
#1225=ORIENTED_EDGE('',*,*,#1744,.F.);
#1226=ORIENTED_EDGE('',*,*,#1926,.F.);
#1227=ORIENTED_EDGE('',*,*,#1927,.T.);
#1228=ORIENTED_EDGE('',*,*,#1924,.T.);
#1229=ORIENTED_EDGE('',*,*,#1799,.F.);
#1230=ORIENTED_EDGE('',*,*,#1928,.F.);
#1231=ORIENTED_EDGE('',*,*,#1929,.T.);
#1232=ORIENTED_EDGE('',*,*,#1930,.T.);
#1233=ORIENTED_EDGE('',*,*,#1798,.F.);
#1234=ORIENTED_EDGE('',*,*,#1931,.F.);
#1235=ORIENTED_EDGE('',*,*,#1932,.T.);
#1236=ORIENTED_EDGE('',*,*,#1928,.T.);
#1237=ORIENTED_EDGE('',*,*,#1797,.F.);
#1238=ORIENTED_EDGE('',*,*,#1726,.F.);
#1239=ORIENTED_EDGE('',*,*,#1933,.T.);
#1240=ORIENTED_EDGE('',*,*,#1931,.T.);
#1241=ORIENTED_EDGE('',*,*,#1801,.F.);
#1242=ORIENTED_EDGE('',*,*,#1934,.F.);
#1243=ORIENTED_EDGE('',*,*,#1935,.T.);
#1244=ORIENTED_EDGE('',*,*,#1724,.T.);
#1245=ORIENTED_EDGE('',*,*,#1802,.F.);
#1246=ORIENTED_EDGE('',*,*,#1722,.F.);
#1247=ORIENTED_EDGE('',*,*,#1936,.T.);
#1248=ORIENTED_EDGE('',*,*,#1937,.T.);
#1249=ORIENTED_EDGE('',*,*,#1806,.F.);
#1250=ORIENTED_EDGE('',*,*,#1938,.F.);
#1251=ORIENTED_EDGE('',*,*,#1939,.T.);
#1252=ORIENTED_EDGE('',*,*,#1720,.T.);
#1253=ORIENTED_EDGE('',*,*,#1805,.F.);
#1254=ORIENTED_EDGE('',*,*,#1940,.F.);
#1255=ORIENTED_EDGE('',*,*,#1941,.T.);
#1256=ORIENTED_EDGE('',*,*,#1938,.T.);
#1257=ORIENTED_EDGE('',*,*,#1804,.F.);
#1258=ORIENTED_EDGE('',*,*,#1942,.F.);
#1259=ORIENTED_EDGE('',*,*,#1943,.T.);
#1260=ORIENTED_EDGE('',*,*,#1940,.T.);
#1261=ORIENTED_EDGE('',*,*,#1748,.F.);
#1262=ORIENTED_EDGE('',*,*,#1821,.F.);
#1263=ORIENTED_EDGE('',*,*,#1944,.T.);
#1264=ORIENTED_EDGE('',*,*,#1826,.T.);
#1265=ORIENTED_EDGE('',*,*,#1768,.F.);
#1266=ORIENTED_EDGE('',*,*,#1829,.F.);
#1267=ORIENTED_EDGE('',*,*,#1945,.T.);
#1268=ORIENTED_EDGE('',*,*,#1834,.T.);
#1269=ORIENTED_EDGE('',*,*,#1788,.F.);
#1270=ORIENTED_EDGE('',*,*,#1837,.F.);
#1271=ORIENTED_EDGE('',*,*,#1946,.T.);
#1272=ORIENTED_EDGE('',*,*,#1842,.T.);
#1273=ORIENTED_EDGE('',*,*,#1780,.F.);
#1274=ORIENTED_EDGE('',*,*,#1864,.F.);
#1275=ORIENTED_EDGE('',*,*,#1947,.T.);
#1276=ORIENTED_EDGE('',*,*,#1868,.T.);
#1277=ORIENTED_EDGE('',*,*,#1783,.F.);
#1278=ORIENTED_EDGE('',*,*,#1871,.F.);
#1279=ORIENTED_EDGE('',*,*,#1948,.T.);
#1280=ORIENTED_EDGE('',*,*,#1876,.T.);
#1281=ORIENTED_EDGE('',*,*,#1760,.F.);
#1282=ORIENTED_EDGE('',*,*,#1880,.F.);
#1283=ORIENTED_EDGE('',*,*,#1949,.T.);
#1284=ORIENTED_EDGE('',*,*,#1884,.T.);
#1285=ORIENTED_EDGE('',*,*,#1763,.F.);
#1286=ORIENTED_EDGE('',*,*,#1887,.F.);
#1287=ORIENTED_EDGE('',*,*,#1950,.T.);
#1288=ORIENTED_EDGE('',*,*,#1892,.T.);
#1289=ORIENTED_EDGE('',*,*,#1740,.F.);
#1290=ORIENTED_EDGE('',*,*,#1914,.F.);
#1291=ORIENTED_EDGE('',*,*,#1951,.T.);
#1292=ORIENTED_EDGE('',*,*,#1918,.T.);
#1293=ORIENTED_EDGE('',*,*,#1743,.F.);
#1294=ORIENTED_EDGE('',*,*,#1921,.F.);
#1295=ORIENTED_EDGE('',*,*,#1952,.T.);
#1296=ORIENTED_EDGE('',*,*,#1926,.T.);
#1297=ORIENTED_EDGE('',*,*,#1800,.F.);
#1298=ORIENTED_EDGE('',*,*,#1930,.F.);
#1299=ORIENTED_EDGE('',*,*,#1953,.T.);
#1300=ORIENTED_EDGE('',*,*,#1934,.T.);
#1301=ORIENTED_EDGE('',*,*,#1803,.F.);
#1302=ORIENTED_EDGE('',*,*,#1937,.F.);
#1303=ORIENTED_EDGE('',*,*,#1954,.T.);
#1304=ORIENTED_EDGE('',*,*,#1942,.T.);
#1305=ORIENTED_EDGE('',*,*,#1808,.F.);
#1306=ORIENTED_EDGE('',*,*,#1813,.F.);
#1307=ORIENTED_EDGE('',*,*,#1955,.T.);
#1308=ORIENTED_EDGE('',*,*,#1818,.T.);
#1309=ORIENTED_EDGE('',*,*,#1812,.F.);
#1310=ORIENTED_EDGE('',*,*,#1717,.T.);
#1311=ORIENTED_EDGE('',*,*,#1815,.F.);
#1312=ORIENTED_EDGE('',*,*,#1817,.F.);
#1313=ORIENTED_EDGE('',*,*,#1819,.F.);
#1314=ORIENTED_EDGE('',*,*,#1955,.F.);
#1315=ORIENTED_EDGE('',*,*,#1936,.F.);
#1316=ORIENTED_EDGE('',*,*,#1721,.T.);
#1317=ORIENTED_EDGE('',*,*,#1939,.F.);
#1318=ORIENTED_EDGE('',*,*,#1941,.F.);
#1319=ORIENTED_EDGE('',*,*,#1943,.F.);
#1320=ORIENTED_EDGE('',*,*,#1954,.F.);
#1321=ORIENTED_EDGE('',*,*,#1929,.F.);
#1322=ORIENTED_EDGE('',*,*,#1932,.F.);
#1323=ORIENTED_EDGE('',*,*,#1933,.F.);
#1324=ORIENTED_EDGE('',*,*,#1725,.T.);
#1325=ORIENTED_EDGE('',*,*,#1935,.F.);
#1326=ORIENTED_EDGE('',*,*,#1953,.F.);
#1327=ORIENTED_EDGE('',*,*,#1920,.F.);
#1328=ORIENTED_EDGE('',*,*,#1673,.T.);
#1329=ORIENTED_EDGE('',*,*,#1923,.F.);
#1330=ORIENTED_EDGE('',*,*,#1925,.F.);
#1331=ORIENTED_EDGE('',*,*,#1927,.F.);
#1332=ORIENTED_EDGE('',*,*,#1952,.F.);
#1333=ORIENTED_EDGE('',*,*,#1913,.F.);
#1334=ORIENTED_EDGE('',*,*,#1916,.F.);
#1335=ORIENTED_EDGE('',*,*,#1917,.F.);
#1336=ORIENTED_EDGE('',*,*,#1677,.T.);
#1337=ORIENTED_EDGE('',*,*,#1919,.F.);
#1338=ORIENTED_EDGE('',*,*,#1951,.F.);
#1339=ORIENTED_EDGE('',*,*,#1904,.F.);
#1340=ORIENTED_EDGE('',*,*,#1906,.F.);
#1341=ORIENTED_EDGE('',*,*,#1908,.F.);
#1342=ORIENTED_EDGE('',*,*,#1910,.F.);
#1343=ORIENTED_EDGE('',*,*,#1911,.F.);
#1344=ORIENTED_EDGE('',*,*,#1713,.T.);
#1345=ORIENTED_EDGE('',*,*,#1895,.F.);
#1346=ORIENTED_EDGE('',*,*,#1897,.F.);
#1347=ORIENTED_EDGE('',*,*,#1899,.F.);
#1348=ORIENTED_EDGE('',*,*,#1901,.F.);
#1349=ORIENTED_EDGE('',*,*,#1902,.F.);
#1350=ORIENTED_EDGE('',*,*,#1665,.T.);
#1351=ORIENTED_EDGE('',*,*,#1886,.F.);
#1352=ORIENTED_EDGE('',*,*,#1689,.T.);
#1353=ORIENTED_EDGE('',*,*,#1889,.F.);
#1354=ORIENTED_EDGE('',*,*,#1891,.F.);
#1355=ORIENTED_EDGE('',*,*,#1893,.F.);
#1356=ORIENTED_EDGE('',*,*,#1950,.F.);
#1357=ORIENTED_EDGE('',*,*,#1879,.F.);
#1358=ORIENTED_EDGE('',*,*,#1882,.F.);
#1359=ORIENTED_EDGE('',*,*,#1883,.F.);
#1360=ORIENTED_EDGE('',*,*,#1693,.T.);
#1361=ORIENTED_EDGE('',*,*,#1885,.F.);
#1362=ORIENTED_EDGE('',*,*,#1949,.F.);
#1363=ORIENTED_EDGE('',*,*,#1870,.F.);
#1364=ORIENTED_EDGE('',*,*,#1705,.T.);
#1365=ORIENTED_EDGE('',*,*,#1873,.F.);
#1366=ORIENTED_EDGE('',*,*,#1875,.F.);
#1367=ORIENTED_EDGE('',*,*,#1877,.F.);
#1368=ORIENTED_EDGE('',*,*,#1948,.F.);
#1369=ORIENTED_EDGE('',*,*,#1863,.F.);
#1370=ORIENTED_EDGE('',*,*,#1866,.F.);
#1371=ORIENTED_EDGE('',*,*,#1867,.F.);
#1372=ORIENTED_EDGE('',*,*,#1709,.T.);
#1373=ORIENTED_EDGE('',*,*,#1869,.F.);
#1374=ORIENTED_EDGE('',*,*,#1947,.F.);
#1375=ORIENTED_EDGE('',*,*,#1854,.F.);
#1376=ORIENTED_EDGE('',*,*,#1856,.F.);
#1377=ORIENTED_EDGE('',*,*,#1858,.F.);
#1378=ORIENTED_EDGE('',*,*,#1860,.F.);
#1379=ORIENTED_EDGE('',*,*,#1861,.F.);
#1380=ORIENTED_EDGE('',*,*,#1681,.T.);
#1381=ORIENTED_EDGE('',*,*,#1845,.F.);
#1382=ORIENTED_EDGE('',*,*,#1847,.F.);
#1383=ORIENTED_EDGE('',*,*,#1849,.F.);
#1384=ORIENTED_EDGE('',*,*,#1851,.F.);
#1385=ORIENTED_EDGE('',*,*,#1852,.F.);
#1386=ORIENTED_EDGE('',*,*,#1697,.T.);
#1387=ORIENTED_EDGE('',*,*,#1836,.F.);
#1388=ORIENTED_EDGE('',*,*,#1701,.T.);
#1389=ORIENTED_EDGE('',*,*,#1839,.F.);
#1390=ORIENTED_EDGE('',*,*,#1841,.F.);
#1391=ORIENTED_EDGE('',*,*,#1843,.F.);
#1392=ORIENTED_EDGE('',*,*,#1946,.F.);
#1393=ORIENTED_EDGE('',*,*,#1828,.F.);
#1394=ORIENTED_EDGE('',*,*,#1685,.T.);
#1395=ORIENTED_EDGE('',*,*,#1831,.F.);
#1396=ORIENTED_EDGE('',*,*,#1833,.F.);
#1397=ORIENTED_EDGE('',*,*,#1835,.F.);
#1398=ORIENTED_EDGE('',*,*,#1945,.F.);
#1399=ORIENTED_EDGE('',*,*,#1820,.F.);
#1400=ORIENTED_EDGE('',*,*,#1669,.T.);
#1401=ORIENTED_EDGE('',*,*,#1823,.F.);
#1402=ORIENTED_EDGE('',*,*,#1825,.F.);
#1403=ORIENTED_EDGE('',*,*,#1827,.F.);
#1404=ORIENTED_EDGE('',*,*,#1944,.F.);
#1405=ORIENTED_EDGE('',*,*,#1956,.T.);
#1406=ORIENTED_EDGE('',*,*,#1957,.T.);
#1407=ORIENTED_EDGE('',*,*,#1958,.F.);
#1408=ORIENTED_EDGE('',*,*,#1959,.F.);
#1409=ORIENTED_EDGE('',*,*,#1960,.T.);
#1410=ORIENTED_EDGE('',*,*,#1959,.T.);
#1411=ORIENTED_EDGE('',*,*,#1961,.F.);
#1412=ORIENTED_EDGE('',*,*,#1962,.F.);
#1413=ORIENTED_EDGE('',*,*,#1963,.T.);
#1414=ORIENTED_EDGE('',*,*,#1962,.T.);
#1415=ORIENTED_EDGE('',*,*,#1964,.F.);
#1416=ORIENTED_EDGE('',*,*,#1965,.F.);
#1417=ORIENTED_EDGE('',*,*,#1966,.T.);
#1418=ORIENTED_EDGE('',*,*,#1965,.T.);
#1419=ORIENTED_EDGE('',*,*,#1967,.F.);
#1420=ORIENTED_EDGE('',*,*,#1968,.F.);
#1421=ORIENTED_EDGE('',*,*,#1969,.T.);
#1422=ORIENTED_EDGE('',*,*,#1968,.T.);
#1423=ORIENTED_EDGE('',*,*,#1970,.F.);
#1424=ORIENTED_EDGE('',*,*,#1971,.F.);
#1425=ORIENTED_EDGE('',*,*,#1972,.T.);
#1426=ORIENTED_EDGE('',*,*,#1971,.T.);
#1427=ORIENTED_EDGE('',*,*,#1973,.F.);
#1428=ORIENTED_EDGE('',*,*,#1974,.F.);
#1429=ORIENTED_EDGE('',*,*,#1975,.T.);
#1430=ORIENTED_EDGE('',*,*,#1974,.T.);
#1431=ORIENTED_EDGE('',*,*,#1976,.F.);
#1432=ORIENTED_EDGE('',*,*,#1977,.F.);
#1433=ORIENTED_EDGE('',*,*,#1978,.T.);
#1434=ORIENTED_EDGE('',*,*,#1979,.T.);
#1435=ORIENTED_EDGE('',*,*,#1980,.F.);
#1436=ORIENTED_EDGE('',*,*,#1981,.F.);
#1437=ORIENTED_EDGE('',*,*,#1982,.T.);
#1438=ORIENTED_EDGE('',*,*,#1981,.T.);
#1439=ORIENTED_EDGE('',*,*,#1983,.F.);
#1440=ORIENTED_EDGE('',*,*,#1984,.F.);
#1441=ORIENTED_EDGE('',*,*,#1985,.T.);
#1442=ORIENTED_EDGE('',*,*,#1984,.T.);
#1443=ORIENTED_EDGE('',*,*,#1986,.F.);
#1444=ORIENTED_EDGE('',*,*,#1987,.F.);
#1445=ORIENTED_EDGE('',*,*,#1988,.T.);
#1446=ORIENTED_EDGE('',*,*,#1987,.T.);
#1447=ORIENTED_EDGE('',*,*,#1989,.F.);
#1448=ORIENTED_EDGE('',*,*,#1990,.F.);
#1449=ORIENTED_EDGE('',*,*,#1991,.T.);
#1450=ORIENTED_EDGE('',*,*,#1990,.T.);
#1451=ORIENTED_EDGE('',*,*,#1992,.F.);
#1452=ORIENTED_EDGE('',*,*,#1993,.F.);
#1453=ORIENTED_EDGE('',*,*,#1994,.T.);
#1454=ORIENTED_EDGE('',*,*,#1993,.T.);
#1455=ORIENTED_EDGE('',*,*,#1995,.F.);
#1456=ORIENTED_EDGE('',*,*,#1996,.F.);
#1457=ORIENTED_EDGE('',*,*,#1997,.T.);
#1458=ORIENTED_EDGE('',*,*,#1996,.T.);
#1459=ORIENTED_EDGE('',*,*,#1998,.F.);
#1460=ORIENTED_EDGE('',*,*,#1999,.F.);
#1461=ORIENTED_EDGE('',*,*,#2000,.T.);
#1462=ORIENTED_EDGE('',*,*,#2001,.T.);
#1463=ORIENTED_EDGE('',*,*,#2002,.F.);
#1464=ORIENTED_EDGE('',*,*,#2003,.F.);
#1465=ORIENTED_EDGE('',*,*,#2004,.T.);
#1466=ORIENTED_EDGE('',*,*,#2003,.T.);
#1467=ORIENTED_EDGE('',*,*,#2005,.F.);
#1468=ORIENTED_EDGE('',*,*,#2006,.F.);
#1469=ORIENTED_EDGE('',*,*,#2007,.T.);
#1470=ORIENTED_EDGE('',*,*,#2006,.T.);
#1471=ORIENTED_EDGE('',*,*,#2008,.F.);
#1472=ORIENTED_EDGE('',*,*,#2009,.F.);
#1473=ORIENTED_EDGE('',*,*,#2010,.T.);
#1474=ORIENTED_EDGE('',*,*,#2009,.T.);
#1475=ORIENTED_EDGE('',*,*,#2011,.F.);
#1476=ORIENTED_EDGE('',*,*,#2012,.F.);
#1477=ORIENTED_EDGE('',*,*,#2013,.T.);
#1478=ORIENTED_EDGE('',*,*,#2012,.T.);
#1479=ORIENTED_EDGE('',*,*,#2014,.F.);
#1480=ORIENTED_EDGE('',*,*,#2015,.F.);
#1481=ORIENTED_EDGE('',*,*,#2016,.T.);
#1482=ORIENTED_EDGE('',*,*,#2015,.T.);
#1483=ORIENTED_EDGE('',*,*,#2017,.F.);
#1484=ORIENTED_EDGE('',*,*,#2018,.F.);
#1485=ORIENTED_EDGE('',*,*,#2019,.T.);
#1486=ORIENTED_EDGE('',*,*,#2018,.T.);
#1487=ORIENTED_EDGE('',*,*,#2020,.F.);
#1488=ORIENTED_EDGE('',*,*,#2021,.F.);
#1489=ORIENTED_EDGE('',*,*,#2022,.T.);
#1490=ORIENTED_EDGE('',*,*,#2023,.T.);
#1491=ORIENTED_EDGE('',*,*,#2024,.F.);
#1492=ORIENTED_EDGE('',*,*,#2025,.F.);
#1493=ORIENTED_EDGE('',*,*,#2026,.T.);
#1494=ORIENTED_EDGE('',*,*,#2025,.T.);
#1495=ORIENTED_EDGE('',*,*,#2027,.F.);
#1496=ORIENTED_EDGE('',*,*,#2028,.F.);
#1497=ORIENTED_EDGE('',*,*,#2029,.T.);
#1498=ORIENTED_EDGE('',*,*,#2028,.T.);
#1499=ORIENTED_EDGE('',*,*,#2030,.F.);
#1500=ORIENTED_EDGE('',*,*,#2031,.F.);
#1501=ORIENTED_EDGE('',*,*,#2032,.T.);
#1502=ORIENTED_EDGE('',*,*,#2031,.T.);
#1503=ORIENTED_EDGE('',*,*,#2033,.F.);
#1504=ORIENTED_EDGE('',*,*,#2034,.F.);
#1505=ORIENTED_EDGE('',*,*,#2035,.T.);
#1506=ORIENTED_EDGE('',*,*,#2034,.T.);
#1507=ORIENTED_EDGE('',*,*,#2036,.F.);
#1508=ORIENTED_EDGE('',*,*,#2037,.F.);
#1509=ORIENTED_EDGE('',*,*,#2038,.T.);
#1510=ORIENTED_EDGE('',*,*,#2037,.T.);
#1511=ORIENTED_EDGE('',*,*,#2039,.F.);
#1512=ORIENTED_EDGE('',*,*,#2040,.F.);
#1513=ORIENTED_EDGE('',*,*,#2041,.T.);
#1514=ORIENTED_EDGE('',*,*,#2040,.T.);
#1515=ORIENTED_EDGE('',*,*,#2042,.F.);
#1516=ORIENTED_EDGE('',*,*,#2043,.F.);
#1517=ORIENTED_EDGE('',*,*,#2044,.T.);
#1518=ORIENTED_EDGE('',*,*,#1977,.T.);
#1519=ORIENTED_EDGE('',*,*,#2045,.F.);
#1520=ORIENTED_EDGE('',*,*,#1957,.F.);
#1521=ORIENTED_EDGE('',*,*,#2046,.T.);
#1522=ORIENTED_EDGE('',*,*,#1999,.T.);
#1523=ORIENTED_EDGE('',*,*,#2047,.F.);
#1524=ORIENTED_EDGE('',*,*,#1979,.F.);
#1525=ORIENTED_EDGE('',*,*,#2048,.T.);
#1526=ORIENTED_EDGE('',*,*,#2021,.T.);
#1527=ORIENTED_EDGE('',*,*,#2049,.F.);
#1528=ORIENTED_EDGE('',*,*,#2001,.F.);
#1529=ORIENTED_EDGE('',*,*,#2050,.T.);
#1530=ORIENTED_EDGE('',*,*,#2043,.T.);
#1531=ORIENTED_EDGE('',*,*,#2051,.F.);
#1532=ORIENTED_EDGE('',*,*,#2023,.F.);
#1533=ORIENTED_EDGE('',*,*,#1727,.T.);
#1534=ORIENTED_EDGE('',*,*,#1728,.T.);
#1535=ORIENTED_EDGE('',*,*,#1729,.T.);
#1536=ORIENTED_EDGE('',*,*,#1730,.T.);
#1537=ORIENTED_EDGE('',*,*,#2024,.T.);
#1538=ORIENTED_EDGE('',*,*,#2051,.T.);
#1539=ORIENTED_EDGE('',*,*,#2042,.T.);
#1540=ORIENTED_EDGE('',*,*,#2039,.T.);
#1541=ORIENTED_EDGE('',*,*,#2036,.T.);
#1542=ORIENTED_EDGE('',*,*,#2033,.T.);
#1543=ORIENTED_EDGE('',*,*,#2030,.T.);
#1544=ORIENTED_EDGE('',*,*,#2027,.T.);
#1545=ORIENTED_EDGE('',*,*,#2002,.T.);
#1546=ORIENTED_EDGE('',*,*,#2049,.T.);
#1547=ORIENTED_EDGE('',*,*,#2020,.T.);
#1548=ORIENTED_EDGE('',*,*,#2017,.T.);
#1549=ORIENTED_EDGE('',*,*,#2014,.T.);
#1550=ORIENTED_EDGE('',*,*,#2011,.T.);
#1551=ORIENTED_EDGE('',*,*,#2008,.T.);
#1552=ORIENTED_EDGE('',*,*,#2005,.T.);
#1553=ORIENTED_EDGE('',*,*,#1980,.T.);
#1554=ORIENTED_EDGE('',*,*,#2047,.T.);
#1555=ORIENTED_EDGE('',*,*,#1998,.T.);
#1556=ORIENTED_EDGE('',*,*,#1995,.T.);
#1557=ORIENTED_EDGE('',*,*,#1992,.T.);
#1558=ORIENTED_EDGE('',*,*,#1989,.T.);
#1559=ORIENTED_EDGE('',*,*,#1986,.T.);
#1560=ORIENTED_EDGE('',*,*,#1983,.T.);
#1561=ORIENTED_EDGE('',*,*,#1958,.T.);
#1562=ORIENTED_EDGE('',*,*,#2045,.T.);
#1563=ORIENTED_EDGE('',*,*,#1976,.T.);
#1564=ORIENTED_EDGE('',*,*,#1973,.T.);
#1565=ORIENTED_EDGE('',*,*,#1970,.T.);
#1566=ORIENTED_EDGE('',*,*,#1967,.T.);
#1567=ORIENTED_EDGE('',*,*,#1964,.T.);
#1568=ORIENTED_EDGE('',*,*,#1961,.T.);
#1569=ORIENTED_EDGE('',*,*,#1647,.F.);
#1570=ORIENTED_EDGE('',*,*,#1631,.F.);
#1571=ORIENTED_EDGE('',*,*,#1644,.F.);
#1572=ORIENTED_EDGE('',*,*,#1731,.F.);
#1573=ORIENTED_EDGE('',*,*,#2022,.F.);
#1574=ORIENTED_EDGE('',*,*,#2026,.F.);
#1575=ORIENTED_EDGE('',*,*,#2029,.F.);
#1576=ORIENTED_EDGE('',*,*,#2032,.F.);
#1577=ORIENTED_EDGE('',*,*,#2035,.F.);
#1578=ORIENTED_EDGE('',*,*,#2038,.F.);
#1579=ORIENTED_EDGE('',*,*,#2041,.F.);
#1580=ORIENTED_EDGE('',*,*,#2050,.F.);
#1581=ORIENTED_EDGE('',*,*,#2000,.F.);
#1582=ORIENTED_EDGE('',*,*,#2004,.F.);
#1583=ORIENTED_EDGE('',*,*,#2007,.F.);
#1584=ORIENTED_EDGE('',*,*,#2010,.F.);
#1585=ORIENTED_EDGE('',*,*,#2013,.F.);
#1586=ORIENTED_EDGE('',*,*,#2016,.F.);
#1587=ORIENTED_EDGE('',*,*,#2019,.F.);
#1588=ORIENTED_EDGE('',*,*,#2048,.F.);
#1589=ORIENTED_EDGE('',*,*,#1978,.F.);
#1590=ORIENTED_EDGE('',*,*,#1982,.F.);
#1591=ORIENTED_EDGE('',*,*,#1985,.F.);
#1592=ORIENTED_EDGE('',*,*,#1988,.F.);
#1593=ORIENTED_EDGE('',*,*,#1991,.F.);
#1594=ORIENTED_EDGE('',*,*,#1994,.F.);
#1595=ORIENTED_EDGE('',*,*,#1997,.F.);
#1596=ORIENTED_EDGE('',*,*,#2046,.F.);
#1597=ORIENTED_EDGE('',*,*,#1956,.F.);
#1598=ORIENTED_EDGE('',*,*,#1960,.F.);
#1599=ORIENTED_EDGE('',*,*,#1963,.F.);
#1600=ORIENTED_EDGE('',*,*,#1966,.F.);
#1601=ORIENTED_EDGE('',*,*,#1969,.F.);
#1602=ORIENTED_EDGE('',*,*,#1972,.F.);
#1603=ORIENTED_EDGE('',*,*,#1975,.F.);
#1604=ORIENTED_EDGE('',*,*,#2044,.F.);
#1605=EDGE_CURVE('',#2052,#2052,#2354,.T.);
#1606=EDGE_CURVE('',#2053,#2053,#2355,.T.);
#1607=EDGE_CURVE('',#2054,#2055,#69,.F.);
#1608=EDGE_CURVE('',#2055,#2056,#70,.T.);
#1609=EDGE_CURVE('',#2056,#2057,#71,.T.);
#1610=EDGE_CURVE('',#2054,#2057,#72,.T.);
#1611=EDGE_CURVE('',#2058,#2058,#2356,.T.);
#1612=EDGE_CURVE('',#2059,#2059,#2357,.T.);
#1613=EDGE_CURVE('',#2056,#2060,#73,.T.);
#1614=EDGE_CURVE('',#2060,#2061,#74,.T.);
#1615=EDGE_CURVE('',#2057,#2061,#75,.T.);
#1616=EDGE_CURVE('',#2062,#2063,#76,.F.);
#1617=EDGE_CURVE('',#2064,#2062,#2358,.T.);
#1618=EDGE_CURVE('',#2064,#2065,#77,.T.);
#1619=EDGE_CURVE('',#2065,#2055,#2359,.T.);
#1620=EDGE_CURVE('',#2066,#2054,#2360,.T.);
#1621=EDGE_CURVE('',#2066,#2067,#78,.T.);
#1622=EDGE_CURVE('',#2067,#2068,#2361,.T.);
#1623=EDGE_CURVE('',#2069,#2068,#79,.T.);
#1624=EDGE_CURVE('',#2070,#2069,#2362,.T.);
#1625=EDGE_CURVE('',#2070,#2071,#80,.T.);
#1626=EDGE_CURVE('',#2071,#2063,#2363,.T.);
#1627=EDGE_CURVE('',#2068,#2072,#81,.T.);
#1628=EDGE_CURVE('',#2072,#2073,#82,.T.);
#1629=EDGE_CURVE('',#2069,#2073,#83,.T.);
#1630=EDGE_CURVE('',#2074,#2075,#84,.T.);
#1631=EDGE_CURVE('',#2074,#2076,#85,.T.);
#1632=EDGE_CURVE('',#2076,#2077,#86,.T.);
#1633=EDGE_CURVE('',#2075,#2077,#87,.T.);
#1634=EDGE_CURVE('',#2077,#2078,#2364,.T.);
#1635=EDGE_CURVE('',#2079,#2078,#88,.T.);
#1636=EDGE_CURVE('',#2061,#2079,#2365,.T.);
#1637=EDGE_CURVE('',#2060,#2080,#2366,.T.);
#1638=EDGE_CURVE('',#2081,#2080,#89,.T.);
#1639=EDGE_CURVE('',#2082,#2081,#2367,.T.);
#1640=EDGE_CURVE('',#2083,#2082,#90,.T.);
#1641=EDGE_CURVE('',#2083,#2084,#2368,.T.);
#1642=EDGE_CURVE('',#2085,#2084,#91,.T.);
#1643=EDGE_CURVE('',#2075,#2085,#2369,.T.);
#1644=EDGE_CURVE('',#2086,#2074,#92,.T.);
#1645=EDGE_CURVE('',#2070,#2085,#2370,.T.);
#1646=EDGE_CURVE('',#2086,#2073,#93,.T.);
#1647=EDGE_CURVE('',#2076,#2087,#94,.T.);
#1648=EDGE_CURVE('',#2087,#2072,#95,.T.);
#1649=EDGE_CURVE('',#2067,#2078,#2371,.T.);
#1650=EDGE_CURVE('',#2088,#2088,#2372,.T.);
#1651=EDGE_CURVE('',#2089,#2089,#2373,.T.);
#1652=EDGE_CURVE('',#2062,#2090,#96,.T.);
#1653=EDGE_CURVE('',#2063,#2091,#97,.T.);
#1654=EDGE_CURVE('',#2091,#2090,#98,.T.);
#1655=EDGE_CURVE('',#2092,#2092,#2374,.T.);
#1656=EDGE_CURVE('',#2093,#2093,#2375,.T.);
#1657=EDGE_CURVE('',#2090,#2082,#99,.T.);
#1658=EDGE_CURVE('',#2091,#2083,#100,.T.);
#1659=EDGE_CURVE('',#2084,#2071,#2376,.F.);
#1660=EDGE_CURVE('',#2079,#2066,#2377,.F.);
#1661=EDGE_CURVE('',#2081,#2064,#2378,.F.);
#1662=EDGE_CURVE('',#2080,#2065,#2379,.F.);
#1663=EDGE_CURVE('',#2094,#2095,#2380,.T.);
#1664=EDGE_CURVE('',#2096,#2094,#101,.T.);
#1665=EDGE_CURVE('',#2097,#2096,#2381,.T.);
#1666=EDGE_CURVE('',#2097,#2098,#102,.T.);
#1667=EDGE_CURVE('',#2099,#2098,#2382,.T.);
#1668=EDGE_CURVE('',#2100,#2099,#103,.T.);
#1669=EDGE_CURVE('',#2101,#2100,#2383,.T.);
#1670=EDGE_CURVE('',#2101,#2102,#104,.T.);
#1671=EDGE_CURVE('',#2103,#2102,#2384,.T.);
#1672=EDGE_CURVE('',#2104,#2103,#105,.T.);
#1673=EDGE_CURVE('',#2105,#2104,#2385,.T.);
#1674=EDGE_CURVE('',#2105,#2106,#106,.T.);
#1675=EDGE_CURVE('',#2107,#2106,#2386,.T.);
#1676=EDGE_CURVE('',#2108,#2107,#107,.T.);
#1677=EDGE_CURVE('',#2109,#2108,#2387,.T.);
#1678=EDGE_CURVE('',#2109,#2095,#108,.T.);
#1679=EDGE_CURVE('',#2110,#2111,#2388,.T.);
#1680=EDGE_CURVE('',#2112,#2110,#109,.T.);
#1681=EDGE_CURVE('',#2113,#2112,#2389,.T.);
#1682=EDGE_CURVE('',#2113,#2114,#110,.T.);
#1683=EDGE_CURVE('',#2115,#2114,#2390,.T.);
#1684=EDGE_CURVE('',#2116,#2115,#111,.T.);
#1685=EDGE_CURVE('',#2117,#2116,#2391,.T.);
#1686=EDGE_CURVE('',#2117,#2118,#112,.T.);
#1687=EDGE_CURVE('',#2119,#2118,#2392,.T.);
#1688=EDGE_CURVE('',#2120,#2119,#113,.T.);
#1689=EDGE_CURVE('',#2121,#2120,#2393,.T.);
#1690=EDGE_CURVE('',#2121,#2122,#114,.T.);
#1691=EDGE_CURVE('',#2123,#2122,#2394,.T.);
#1692=EDGE_CURVE('',#2124,#2123,#115,.T.);
#1693=EDGE_CURVE('',#2125,#2124,#2395,.T.);
#1694=EDGE_CURVE('',#2125,#2111,#116,.T.);
#1695=EDGE_CURVE('',#2126,#2127,#2396,.T.);
#1696=EDGE_CURVE('',#2128,#2126,#117,.T.);
#1697=EDGE_CURVE('',#2129,#2128,#2397,.T.);
#1698=EDGE_CURVE('',#2129,#2130,#118,.T.);
#1699=EDGE_CURVE('',#2131,#2130,#2398,.T.);
#1700=EDGE_CURVE('',#2132,#2131,#119,.T.);
#1701=EDGE_CURVE('',#2133,#2132,#2399,.T.);
#1702=EDGE_CURVE('',#2133,#2134,#120,.T.);
#1703=EDGE_CURVE('',#2135,#2134,#2400,.T.);
#1704=EDGE_CURVE('',#2136,#2135,#121,.T.);
#1705=EDGE_CURVE('',#2137,#2136,#2401,.T.);
#1706=EDGE_CURVE('',#2137,#2138,#122,.T.);
#1707=EDGE_CURVE('',#2139,#2138,#2402,.T.);
#1708=EDGE_CURVE('',#2140,#2139,#123,.T.);
#1709=EDGE_CURVE('',#2141,#2140,#2403,.T.);
#1710=EDGE_CURVE('',#2141,#2127,#124,.T.);
#1711=EDGE_CURVE('',#2142,#2143,#2404,.T.);
#1712=EDGE_CURVE('',#2144,#2142,#125,.T.);
#1713=EDGE_CURVE('',#2145,#2144,#2405,.T.);
#1714=EDGE_CURVE('',#2145,#2146,#126,.T.);
#1715=EDGE_CURVE('',#2147,#2146,#2406,.T.);
#1716=EDGE_CURVE('',#2148,#2147,#127,.T.);
#1717=EDGE_CURVE('',#2149,#2148,#2407,.T.);
#1718=EDGE_CURVE('',#2149,#2150,#128,.T.);
#1719=EDGE_CURVE('',#2151,#2150,#2408,.T.);
#1720=EDGE_CURVE('',#2152,#2151,#129,.T.);
#1721=EDGE_CURVE('',#2153,#2152,#2409,.T.);
#1722=EDGE_CURVE('',#2153,#2154,#130,.T.);
#1723=EDGE_CURVE('',#2155,#2154,#2410,.T.);
#1724=EDGE_CURVE('',#2156,#2155,#131,.T.);
#1725=EDGE_CURVE('',#2157,#2156,#2411,.T.);
#1726=EDGE_CURVE('',#2157,#2143,#132,.T.);
#1727=EDGE_CURVE('',#2158,#2158,#2412,.T.);
#1728=EDGE_CURVE('',#2159,#2159,#2413,.T.);
#1729=EDGE_CURVE('',#2160,#2160,#2414,.T.);
#1730=EDGE_CURVE('',#2161,#2161,#2415,.T.);
#1731=EDGE_CURVE('',#2087,#2086,#133,.T.);
#1732=EDGE_CURVE('',#2098,#2162,#134,.T.);
#1733=EDGE_CURVE('',#2162,#2163,#135,.T.);
#1734=EDGE_CURVE('',#2163,#2164,#2416,.T.);
#1735=EDGE_CURVE('',#2164,#2165,#136,.T.);
#1736=EDGE_CURVE('',#2165,#2094,#137,.T.);
#1737=EDGE_CURVE('',#2095,#2166,#138,.T.);
#1738=EDGE_CURVE('',#2166,#2167,#139,.T.);
#1739=EDGE_CURVE('',#2167,#2168,#2417,.T.);
#1740=EDGE_CURVE('',#2168,#2169,#140,.T.);
#1741=EDGE_CURVE('',#2169,#2107,#141,.T.);
#1742=EDGE_CURVE('',#2106,#2170,#142,.T.);
#1743=EDGE_CURVE('',#2170,#2171,#143,.T.);
#1744=EDGE_CURVE('',#2171,#2172,#2418,.T.);
#1745=EDGE_CURVE('',#2172,#2173,#144,.T.);
#1746=EDGE_CURVE('',#2173,#2103,#145,.T.);
#1747=EDGE_CURVE('',#2102,#2174,#146,.T.);
#1748=EDGE_CURVE('',#2174,#2175,#147,.T.);
#1749=EDGE_CURVE('',#2175,#2176,#2419,.T.);
#1750=EDGE_CURVE('',#2176,#2177,#148,.T.);
#1751=EDGE_CURVE('',#2177,#2099,#149,.T.);
#1752=EDGE_CURVE('',#2114,#2178,#150,.T.);
#1753=EDGE_CURVE('',#2178,#2179,#151,.T.);
#1754=EDGE_CURVE('',#2179,#2180,#2420,.T.);
#1755=EDGE_CURVE('',#2180,#2181,#152,.T.);
#1756=EDGE_CURVE('',#2181,#2110,#153,.T.);
#1757=EDGE_CURVE('',#2111,#2182,#154,.T.);
#1758=EDGE_CURVE('',#2182,#2183,#155,.T.);
#1759=EDGE_CURVE('',#2183,#2184,#2421,.T.);
#1760=EDGE_CURVE('',#2184,#2185,#156,.T.);
#1761=EDGE_CURVE('',#2185,#2123,#157,.T.);
#1762=EDGE_CURVE('',#2122,#2186,#158,.T.);
#1763=EDGE_CURVE('',#2186,#2187,#159,.T.);
#1764=EDGE_CURVE('',#2187,#2188,#2422,.T.);
#1765=EDGE_CURVE('',#2188,#2189,#160,.T.);
#1766=EDGE_CURVE('',#2189,#2119,#161,.T.);
#1767=EDGE_CURVE('',#2118,#2190,#162,.T.);
#1768=EDGE_CURVE('',#2190,#2191,#163,.T.);
#1769=EDGE_CURVE('',#2191,#2192,#2423,.T.);
#1770=EDGE_CURVE('',#2192,#2193,#164,.T.);
#1771=EDGE_CURVE('',#2193,#2115,#165,.T.);
#1772=EDGE_CURVE('',#2130,#2194,#166,.T.);
#1773=EDGE_CURVE('',#2194,#2195,#167,.T.);
#1774=EDGE_CURVE('',#2195,#2196,#2424,.T.);
#1775=EDGE_CURVE('',#2196,#2197,#168,.T.);
#1776=EDGE_CURVE('',#2197,#2126,#169,.T.);
#1777=EDGE_CURVE('',#2127,#2198,#170,.T.);
#1778=EDGE_CURVE('',#2198,#2199,#171,.T.);
#1779=EDGE_CURVE('',#2199,#2200,#2425,.T.);
#1780=EDGE_CURVE('',#2200,#2201,#172,.T.);
#1781=EDGE_CURVE('',#2201,#2139,#173,.T.);
#1782=EDGE_CURVE('',#2138,#2202,#174,.T.);
#1783=EDGE_CURVE('',#2202,#2203,#175,.T.);
#1784=EDGE_CURVE('',#2203,#2204,#2426,.T.);
#1785=EDGE_CURVE('',#2204,#2205,#176,.T.);
#1786=EDGE_CURVE('',#2205,#2135,#177,.T.);
#1787=EDGE_CURVE('',#2134,#2206,#178,.T.);
#1788=EDGE_CURVE('',#2206,#2207,#179,.T.);
#1789=EDGE_CURVE('',#2207,#2208,#2427,.T.);
#1790=EDGE_CURVE('',#2208,#2209,#180,.T.);
#1791=EDGE_CURVE('',#2209,#2131,#181,.T.);
#1792=EDGE_CURVE('',#2146,#2210,#182,.T.);
#1793=EDGE_CURVE('',#2210,#2211,#183,.T.);
#1794=EDGE_CURVE('',#2211,#2212,#2428,.T.);
#1795=EDGE_CURVE('',#2212,#2213,#184,.T.);
#1796=EDGE_CURVE('',#2213,#2142,#185,.T.);
#1797=EDGE_CURVE('',#2143,#2214,#186,.T.);
#1798=EDGE_CURVE('',#2214,#2215,#187,.T.);
#1799=EDGE_CURVE('',#2215,#2216,#2429,.T.);
#1800=EDGE_CURVE('',#2216,#2217,#188,.T.);
#1801=EDGE_CURVE('',#2217,#2155,#189,.T.);
#1802=EDGE_CURVE('',#2154,#2218,#190,.T.);
#1803=EDGE_CURVE('',#2218,#2219,#191,.T.);
#1804=EDGE_CURVE('',#2219,#2220,#2430,.T.);
#1805=EDGE_CURVE('',#2220,#2221,#192,.T.);
#1806=EDGE_CURVE('',#2221,#2151,#193,.T.);
#1807=EDGE_CURVE('',#2150,#2222,#194,.T.);
#1808=EDGE_CURVE('',#2222,#2223,#195,.T.);
#1809=EDGE_CURVE('',#2223,#2224,#2431,.T.);
#1810=EDGE_CURVE('',#2224,#2225,#196,.T.);
#1811=EDGE_CURVE('',#2225,#2147,#197,.T.);
#1812=EDGE_CURVE('',#2149,#2226,#198,.T.);
#1813=EDGE_CURVE('',#2226,#2222,#199,.T.);
#1814=EDGE_CURVE('',#2227,#2225,#200,.T.);
#1815=EDGE_CURVE('',#2227,#2148,#201,.T.);
#1816=EDGE_CURVE('',#2228,#2224,#202,.T.);
#1817=EDGE_CURVE('',#2228,#2227,#203,.T.);
#1818=EDGE_CURVE('',#2229,#2223,#204,.T.);
#1819=EDGE_CURVE('',#2229,#2228,#2432,.T.);
#1820=EDGE_CURVE('',#2101,#2230,#205,.T.);
#1821=EDGE_CURVE('',#2230,#2174,#206,.T.);
#1822=EDGE_CURVE('',#2231,#2177,#207,.T.);
#1823=EDGE_CURVE('',#2231,#2100,#208,.T.);
#1824=EDGE_CURVE('',#2232,#2176,#209,.T.);
#1825=EDGE_CURVE('',#2232,#2231,#210,.T.);
#1826=EDGE_CURVE('',#2233,#2175,#211,.T.);
#1827=EDGE_CURVE('',#2233,#2232,#2433,.T.);
#1828=EDGE_CURVE('',#2117,#2234,#212,.T.);
#1829=EDGE_CURVE('',#2234,#2190,#213,.T.);
#1830=EDGE_CURVE('',#2235,#2193,#214,.T.);
#1831=EDGE_CURVE('',#2235,#2116,#215,.T.);
#1832=EDGE_CURVE('',#2236,#2192,#216,.T.);
#1833=EDGE_CURVE('',#2236,#2235,#217,.T.);
#1834=EDGE_CURVE('',#2237,#2191,#218,.T.);
#1835=EDGE_CURVE('',#2237,#2236,#2434,.T.);
#1836=EDGE_CURVE('',#2133,#2238,#219,.T.);
#1837=EDGE_CURVE('',#2238,#2206,#220,.T.);
#1838=EDGE_CURVE('',#2239,#2209,#221,.T.);
#1839=EDGE_CURVE('',#2239,#2132,#222,.T.);
#1840=EDGE_CURVE('',#2240,#2208,#223,.T.);
#1841=EDGE_CURVE('',#2240,#2239,#224,.T.);
#1842=EDGE_CURVE('',#2241,#2207,#225,.T.);
#1843=EDGE_CURVE('',#2241,#2240,#2435,.T.);
#1844=EDGE_CURVE('',#2242,#2197,#226,.T.);
#1845=EDGE_CURVE('',#2242,#2128,#227,.T.);
#1846=EDGE_CURVE('',#2243,#2196,#228,.T.);
#1847=EDGE_CURVE('',#2243,#2242,#229,.T.);
#1848=EDGE_CURVE('',#2244,#2195,#230,.T.);
#1849=EDGE_CURVE('',#2244,#2243,#2436,.T.);
#1850=EDGE_CURVE('',#2245,#2194,#231,.T.);
#1851=EDGE_CURVE('',#2245,#2244,#232,.T.);
#1852=EDGE_CURVE('',#2129,#2245,#233,.T.);
#1853=EDGE_CURVE('',#2246,#2181,#234,.T.);
#1854=EDGE_CURVE('',#2246,#2112,#235,.T.);
#1855=EDGE_CURVE('',#2247,#2180,#236,.T.);
#1856=EDGE_CURVE('',#2247,#2246,#237,.T.);
#1857=EDGE_CURVE('',#2248,#2179,#238,.T.);
#1858=EDGE_CURVE('',#2248,#2247,#2437,.T.);
#1859=EDGE_CURVE('',#2249,#2178,#239,.T.);
#1860=EDGE_CURVE('',#2249,#2248,#240,.T.);
#1861=EDGE_CURVE('',#2113,#2249,#241,.T.);
#1862=EDGE_CURVE('',#2250,#2199,#242,.T.);
#1863=EDGE_CURVE('',#2250,#2251,#2438,.T.);
#1864=EDGE_CURVE('',#2251,#2200,#243,.T.);
#1865=EDGE_CURVE('',#2252,#2198,#244,.T.);
#1866=EDGE_CURVE('',#2252,#2250,#245,.T.);
#1867=EDGE_CURVE('',#2141,#2252,#246,.T.);
#1868=EDGE_CURVE('',#2253,#2201,#247,.T.);
#1869=EDGE_CURVE('',#2253,#2140,#248,.T.);
#1870=EDGE_CURVE('',#2137,#2254,#249,.T.);
#1871=EDGE_CURVE('',#2254,#2202,#250,.T.);
#1872=EDGE_CURVE('',#2255,#2205,#251,.T.);
#1873=EDGE_CURVE('',#2255,#2136,#252,.T.);
#1874=EDGE_CURVE('',#2256,#2204,#253,.T.);
#1875=EDGE_CURVE('',#2256,#2255,#254,.T.);
#1876=EDGE_CURVE('',#2257,#2203,#255,.T.);
#1877=EDGE_CURVE('',#2257,#2256,#2439,.T.);
#1878=EDGE_CURVE('',#2258,#2183,#256,.T.);
#1879=EDGE_CURVE('',#2258,#2259,#2440,.T.);
#1880=EDGE_CURVE('',#2259,#2184,#257,.T.);
#1881=EDGE_CURVE('',#2260,#2182,#258,.T.);
#1882=EDGE_CURVE('',#2260,#2258,#259,.T.);
#1883=EDGE_CURVE('',#2125,#2260,#260,.T.);
#1884=EDGE_CURVE('',#2261,#2185,#261,.T.);
#1885=EDGE_CURVE('',#2261,#2124,#262,.T.);
#1886=EDGE_CURVE('',#2121,#2262,#263,.T.);
#1887=EDGE_CURVE('',#2262,#2186,#264,.T.);
#1888=EDGE_CURVE('',#2263,#2189,#265,.T.);
#1889=EDGE_CURVE('',#2263,#2120,#266,.T.);
#1890=EDGE_CURVE('',#2264,#2188,#267,.T.);
#1891=EDGE_CURVE('',#2264,#2263,#268,.T.);
#1892=EDGE_CURVE('',#2265,#2187,#269,.T.);
#1893=EDGE_CURVE('',#2265,#2264,#2441,.T.);
#1894=EDGE_CURVE('',#2266,#2165,#270,.T.);
#1895=EDGE_CURVE('',#2266,#2096,#271,.T.);
#1896=EDGE_CURVE('',#2267,#2164,#272,.T.);
#1897=EDGE_CURVE('',#2267,#2266,#273,.T.);
#1898=EDGE_CURVE('',#2268,#2163,#274,.T.);
#1899=EDGE_CURVE('',#2268,#2267,#2442,.T.);
#1900=EDGE_CURVE('',#2269,#2162,#275,.T.);
#1901=EDGE_CURVE('',#2269,#2268,#276,.T.);
#1902=EDGE_CURVE('',#2097,#2269,#277,.T.);
#1903=EDGE_CURVE('',#2270,#2213,#278,.T.);
#1904=EDGE_CURVE('',#2270,#2144,#279,.T.);
#1905=EDGE_CURVE('',#2271,#2212,#280,.T.);
#1906=EDGE_CURVE('',#2271,#2270,#281,.T.);
#1907=EDGE_CURVE('',#2272,#2211,#282,.T.);
#1908=EDGE_CURVE('',#2272,#2271,#2443,.T.);
#1909=EDGE_CURVE('',#2273,#2210,#283,.T.);
#1910=EDGE_CURVE('',#2273,#2272,#284,.T.);
#1911=EDGE_CURVE('',#2145,#2273,#285,.T.);
#1912=EDGE_CURVE('',#2274,#2167,#286,.T.);
#1913=EDGE_CURVE('',#2274,#2275,#2444,.T.);
#1914=EDGE_CURVE('',#2275,#2168,#287,.T.);
#1915=EDGE_CURVE('',#2276,#2166,#288,.T.);
#1916=EDGE_CURVE('',#2276,#2274,#289,.T.);
#1917=EDGE_CURVE('',#2109,#2276,#290,.T.);
#1918=EDGE_CURVE('',#2277,#2169,#291,.T.);
#1919=EDGE_CURVE('',#2277,#2108,#292,.T.);
#1920=EDGE_CURVE('',#2105,#2278,#293,.T.);
#1921=EDGE_CURVE('',#2278,#2170,#294,.T.);
#1922=EDGE_CURVE('',#2279,#2173,#295,.T.);
#1923=EDGE_CURVE('',#2279,#2104,#296,.T.);
#1924=EDGE_CURVE('',#2280,#2172,#297,.T.);
#1925=EDGE_CURVE('',#2280,#2279,#298,.T.);
#1926=EDGE_CURVE('',#2281,#2171,#299,.T.);
#1927=EDGE_CURVE('',#2281,#2280,#2445,.T.);
#1928=EDGE_CURVE('',#2282,#2215,#300,.T.);
#1929=EDGE_CURVE('',#2282,#2283,#2446,.T.);
#1930=EDGE_CURVE('',#2283,#2216,#301,.T.);
#1931=EDGE_CURVE('',#2284,#2214,#302,.T.);
#1932=EDGE_CURVE('',#2284,#2282,#303,.T.);
#1933=EDGE_CURVE('',#2157,#2284,#304,.T.);
#1934=EDGE_CURVE('',#2285,#2217,#305,.T.);
#1935=EDGE_CURVE('',#2285,#2156,#306,.T.);
#1936=EDGE_CURVE('',#2153,#2286,#307,.T.);
#1937=EDGE_CURVE('',#2286,#2218,#308,.T.);
#1938=EDGE_CURVE('',#2287,#2221,#309,.T.);
#1939=EDGE_CURVE('',#2287,#2152,#310,.T.);
#1940=EDGE_CURVE('',#2288,#2220,#311,.T.);
#1941=EDGE_CURVE('',#2288,#2287,#312,.T.);
#1942=EDGE_CURVE('',#2289,#2219,#313,.T.);
#1943=EDGE_CURVE('',#2289,#2288,#2447,.T.);
#1944=EDGE_CURVE('',#2230,#2233,#314,.T.);
#1945=EDGE_CURVE('',#2234,#2237,#315,.T.);
#1946=EDGE_CURVE('',#2238,#2241,#316,.T.);
#1947=EDGE_CURVE('',#2251,#2253,#317,.T.);
#1948=EDGE_CURVE('',#2254,#2257,#318,.T.);
#1949=EDGE_CURVE('',#2259,#2261,#319,.T.);
#1950=EDGE_CURVE('',#2262,#2265,#320,.T.);
#1951=EDGE_CURVE('',#2275,#2277,#321,.T.);
#1952=EDGE_CURVE('',#2278,#2281,#322,.T.);
#1953=EDGE_CURVE('',#2283,#2285,#323,.T.);
#1954=EDGE_CURVE('',#2286,#2289,#324,.T.);
#1955=EDGE_CURVE('',#2226,#2229,#325,.T.);
#1956=EDGE_CURVE('',#2290,#2291,#2448,.T.);
#1957=EDGE_CURVE('',#2291,#2292,#326,.T.);
#1958=EDGE_CURVE('',#2293,#2292,#2449,.T.);
#1959=EDGE_CURVE('',#2290,#2293,#327,.T.);
#1960=EDGE_CURVE('',#2294,#2290,#328,.T.);
#1961=EDGE_CURVE('',#2295,#2293,#329,.T.);
#1962=EDGE_CURVE('',#2294,#2295,#330,.T.);
#1963=EDGE_CURVE('',#2296,#2294,#2450,.T.);
#1964=EDGE_CURVE('',#2297,#2295,#2451,.T.);
#1965=EDGE_CURVE('',#2296,#2297,#331,.T.);
#1966=EDGE_CURVE('',#2298,#2296,#332,.T.);
#1967=EDGE_CURVE('',#2299,#2297,#333,.T.);
#1968=EDGE_CURVE('',#2298,#2299,#334,.T.);
#1969=EDGE_CURVE('',#2300,#2298,#2452,.T.);
#1970=EDGE_CURVE('',#2301,#2299,#2453,.T.);
#1971=EDGE_CURVE('',#2300,#2301,#335,.T.);
#1972=EDGE_CURVE('',#2302,#2300,#336,.T.);
#1973=EDGE_CURVE('',#2303,#2301,#337,.T.);
#1974=EDGE_CURVE('',#2302,#2303,#338,.T.);
#1975=EDGE_CURVE('',#2304,#2302,#2454,.T.);
#1976=EDGE_CURVE('',#2305,#2303,#2455,.T.);
#1977=EDGE_CURVE('',#2304,#2305,#339,.T.);
#1978=EDGE_CURVE('',#2306,#2307,#2456,.T.);
#1979=EDGE_CURVE('',#2307,#2308,#340,.T.);
#1980=EDGE_CURVE('',#2309,#2308,#2457,.T.);
#1981=EDGE_CURVE('',#2306,#2309,#341,.T.);
#1982=EDGE_CURVE('',#2310,#2306,#342,.T.);
#1983=EDGE_CURVE('',#2311,#2309,#343,.T.);
#1984=EDGE_CURVE('',#2310,#2311,#344,.T.);
#1985=EDGE_CURVE('',#2312,#2310,#2458,.T.);
#1986=EDGE_CURVE('',#2313,#2311,#2459,.T.);
#1987=EDGE_CURVE('',#2312,#2313,#345,.T.);
#1988=EDGE_CURVE('',#2314,#2312,#346,.T.);
#1989=EDGE_CURVE('',#2315,#2313,#347,.T.);
#1990=EDGE_CURVE('',#2314,#2315,#348,.T.);
#1991=EDGE_CURVE('',#2316,#2314,#2460,.T.);
#1992=EDGE_CURVE('',#2317,#2315,#2461,.T.);
#1993=EDGE_CURVE('',#2316,#2317,#349,.T.);
#1994=EDGE_CURVE('',#2318,#2316,#350,.T.);
#1995=EDGE_CURVE('',#2319,#2317,#351,.T.);
#1996=EDGE_CURVE('',#2318,#2319,#352,.T.);
#1997=EDGE_CURVE('',#2320,#2318,#2462,.T.);
#1998=EDGE_CURVE('',#2321,#2319,#2463,.T.);
#1999=EDGE_CURVE('',#2320,#2321,#353,.T.);
#2000=EDGE_CURVE('',#2322,#2323,#2464,.T.);
#2001=EDGE_CURVE('',#2323,#2324,#354,.T.);
#2002=EDGE_CURVE('',#2325,#2324,#2465,.T.);
#2003=EDGE_CURVE('',#2322,#2325,#355,.T.);
#2004=EDGE_CURVE('',#2326,#2322,#356,.T.);
#2005=EDGE_CURVE('',#2327,#2325,#357,.T.);
#2006=EDGE_CURVE('',#2326,#2327,#358,.T.);
#2007=EDGE_CURVE('',#2328,#2326,#2466,.T.);
#2008=EDGE_CURVE('',#2329,#2327,#2467,.T.);
#2009=EDGE_CURVE('',#2328,#2329,#359,.T.);
#2010=EDGE_CURVE('',#2330,#2328,#360,.T.);
#2011=EDGE_CURVE('',#2331,#2329,#361,.T.);
#2012=EDGE_CURVE('',#2330,#2331,#362,.T.);
#2013=EDGE_CURVE('',#2332,#2330,#2468,.T.);
#2014=EDGE_CURVE('',#2333,#2331,#2469,.T.);
#2015=EDGE_CURVE('',#2332,#2333,#363,.T.);
#2016=EDGE_CURVE('',#2334,#2332,#364,.T.);
#2017=EDGE_CURVE('',#2335,#2333,#365,.T.);
#2018=EDGE_CURVE('',#2334,#2335,#366,.T.);
#2019=EDGE_CURVE('',#2336,#2334,#2470,.T.);
#2020=EDGE_CURVE('',#2337,#2335,#2471,.T.);
#2021=EDGE_CURVE('',#2336,#2337,#367,.T.);
#2022=EDGE_CURVE('',#2338,#2339,#2472,.T.);
#2023=EDGE_CURVE('',#2339,#2340,#368,.T.);
#2024=EDGE_CURVE('',#2341,#2340,#2473,.T.);
#2025=EDGE_CURVE('',#2338,#2341,#369,.T.);
#2026=EDGE_CURVE('',#2342,#2338,#370,.T.);
#2027=EDGE_CURVE('',#2343,#2341,#371,.T.);
#2028=EDGE_CURVE('',#2342,#2343,#372,.T.);
#2029=EDGE_CURVE('',#2344,#2342,#2474,.T.);
#2030=EDGE_CURVE('',#2345,#2343,#2475,.T.);
#2031=EDGE_CURVE('',#2344,#2345,#373,.T.);
#2032=EDGE_CURVE('',#2346,#2344,#374,.T.);
#2033=EDGE_CURVE('',#2347,#2345,#375,.T.);
#2034=EDGE_CURVE('',#2346,#2347,#376,.T.);
#2035=EDGE_CURVE('',#2348,#2346,#2476,.T.);
#2036=EDGE_CURVE('',#2349,#2347,#2477,.T.);
#2037=EDGE_CURVE('',#2348,#2349,#377,.T.);
#2038=EDGE_CURVE('',#2350,#2348,#378,.T.);
#2039=EDGE_CURVE('',#2351,#2349,#379,.T.);
#2040=EDGE_CURVE('',#2350,#2351,#380,.T.);
#2041=EDGE_CURVE('',#2352,#2350,#2478,.T.);
#2042=EDGE_CURVE('',#2353,#2351,#2479,.T.);
#2043=EDGE_CURVE('',#2352,#2353,#381,.T.);
#2044=EDGE_CURVE('',#2291,#2304,#382,.T.);
#2045=EDGE_CURVE('',#2292,#2305,#383,.T.);
#2046=EDGE_CURVE('',#2307,#2320,#384,.T.);
#2047=EDGE_CURVE('',#2308,#2321,#385,.T.);
#2048=EDGE_CURVE('',#2323,#2336,#386,.T.);
#2049=EDGE_CURVE('',#2324,#2337,#387,.T.);
#2050=EDGE_CURVE('',#2339,#2352,#388,.T.);
#2051=EDGE_CURVE('',#2340,#2353,#389,.T.);
#2052=VERTEX_POINT('',#4326);
#2053=VERTEX_POINT('',#4328);
#2054=VERTEX_POINT('',#4330);
#2055=VERTEX_POINT('',#4331);
#2056=VERTEX_POINT('',#4333);
#2057=VERTEX_POINT('',#4335);
#2058=VERTEX_POINT('',#4339);
#2059=VERTEX_POINT('',#4341);
#2060=VERTEX_POINT('',#4343);
#2061=VERTEX_POINT('',#4345);
#2062=VERTEX_POINT('',#4349);
#2063=VERTEX_POINT('',#4350);
#2064=VERTEX_POINT('',#4352);
#2065=VERTEX_POINT('',#4354);
#2066=VERTEX_POINT('',#4357);
#2067=VERTEX_POINT('',#4359);
#2068=VERTEX_POINT('',#4361);
#2069=VERTEX_POINT('',#4363);
#2070=VERTEX_POINT('',#4365);
#2071=VERTEX_POINT('',#4367);
#2072=VERTEX_POINT('',#4371);
#2073=VERTEX_POINT('',#4373);
#2074=VERTEX_POINT('',#4377);
#2075=VERTEX_POINT('',#4378);
#2076=VERTEX_POINT('',#4380);
#2077=VERTEX_POINT('',#4382);
#2078=VERTEX_POINT('',#4386);
#2079=VERTEX_POINT('',#4388);
#2080=VERTEX_POINT('',#4391);
#2081=VERTEX_POINT('',#4393);
#2082=VERTEX_POINT('',#4395);
#2083=VERTEX_POINT('',#4397);
#2084=VERTEX_POINT('',#4399);
#2085=VERTEX_POINT('',#4401);
#2086=VERTEX_POINT('',#4405);
#2087=VERTEX_POINT('',#4410);
#2088=VERTEX_POINT('',#4415);
#2089=VERTEX_POINT('',#4417);
#2090=VERTEX_POINT('',#4419);
#2091=VERTEX_POINT('',#4421);
#2092=VERTEX_POINT('',#4425);
#2093=VERTEX_POINT('',#4427);
#2094=VERTEX_POINT('',#4443);
#2095=VERTEX_POINT('',#4444);
#2096=VERTEX_POINT('',#4446);
#2097=VERTEX_POINT('',#4448);
#2098=VERTEX_POINT('',#4450);
#2099=VERTEX_POINT('',#4452);
#2100=VERTEX_POINT('',#4454);
#2101=VERTEX_POINT('',#4456);
#2102=VERTEX_POINT('',#4458);
#2103=VERTEX_POINT('',#4460);
#2104=VERTEX_POINT('',#4462);
#2105=VERTEX_POINT('',#4464);
#2106=VERTEX_POINT('',#4466);
#2107=VERTEX_POINT('',#4468);
#2108=VERTEX_POINT('',#4470);
#2109=VERTEX_POINT('',#4472);
#2110=VERTEX_POINT('',#4476);
#2111=VERTEX_POINT('',#4477);
#2112=VERTEX_POINT('',#4479);
#2113=VERTEX_POINT('',#4481);
#2114=VERTEX_POINT('',#4483);
#2115=VERTEX_POINT('',#4485);
#2116=VERTEX_POINT('',#4487);
#2117=VERTEX_POINT('',#4489);
#2118=VERTEX_POINT('',#4491);
#2119=VERTEX_POINT('',#4493);
#2120=VERTEX_POINT('',#4495);
#2121=VERTEX_POINT('',#4497);
#2122=VERTEX_POINT('',#4499);
#2123=VERTEX_POINT('',#4501);
#2124=VERTEX_POINT('',#4503);
#2125=VERTEX_POINT('',#4505);
#2126=VERTEX_POINT('',#4509);
#2127=VERTEX_POINT('',#4510);
#2128=VERTEX_POINT('',#4512);
#2129=VERTEX_POINT('',#4514);
#2130=VERTEX_POINT('',#4516);
#2131=VERTEX_POINT('',#4518);
#2132=VERTEX_POINT('',#4520);
#2133=VERTEX_POINT('',#4522);
#2134=VERTEX_POINT('',#4524);
#2135=VERTEX_POINT('',#4526);
#2136=VERTEX_POINT('',#4528);
#2137=VERTEX_POINT('',#4530);
#2138=VERTEX_POINT('',#4532);
#2139=VERTEX_POINT('',#4534);
#2140=VERTEX_POINT('',#4536);
#2141=VERTEX_POINT('',#4538);
#2142=VERTEX_POINT('',#4542);
#2143=VERTEX_POINT('',#4543);
#2144=VERTEX_POINT('',#4545);
#2145=VERTEX_POINT('',#4547);
#2146=VERTEX_POINT('',#4549);
#2147=VERTEX_POINT('',#4551);
#2148=VERTEX_POINT('',#4553);
#2149=VERTEX_POINT('',#4555);
#2150=VERTEX_POINT('',#4557);
#2151=VERTEX_POINT('',#4559);
#2152=VERTEX_POINT('',#4561);
#2153=VERTEX_POINT('',#4563);
#2154=VERTEX_POINT('',#4565);
#2155=VERTEX_POINT('',#4567);
#2156=VERTEX_POINT('',#4569);
#2157=VERTEX_POINT('',#4571);
#2158=VERTEX_POINT('',#4575);
#2159=VERTEX_POINT('',#4578);
#2160=VERTEX_POINT('',#4581);
#2161=VERTEX_POINT('',#4584);
#2162=VERTEX_POINT('',#4588);
#2163=VERTEX_POINT('',#4590);
#2164=VERTEX_POINT('',#4592);
#2165=VERTEX_POINT('',#4594);
#2166=VERTEX_POINT('',#4597);
#2167=VERTEX_POINT('',#4599);
#2168=VERTEX_POINT('',#4601);
#2169=VERTEX_POINT('',#4603);
#2170=VERTEX_POINT('',#4606);
#2171=VERTEX_POINT('',#4608);
#2172=VERTEX_POINT('',#4610);
#2173=VERTEX_POINT('',#4612);
#2174=VERTEX_POINT('',#4615);
#2175=VERTEX_POINT('',#4617);
#2176=VERTEX_POINT('',#4619);
#2177=VERTEX_POINT('',#4621);
#2178=VERTEX_POINT('',#4624);
#2179=VERTEX_POINT('',#4626);
#2180=VERTEX_POINT('',#4628);
#2181=VERTEX_POINT('',#4630);
#2182=VERTEX_POINT('',#4633);
#2183=VERTEX_POINT('',#4635);
#2184=VERTEX_POINT('',#4637);
#2185=VERTEX_POINT('',#4639);
#2186=VERTEX_POINT('',#4642);
#2187=VERTEX_POINT('',#4644);
#2188=VERTEX_POINT('',#4646);
#2189=VERTEX_POINT('',#4648);
#2190=VERTEX_POINT('',#4651);
#2191=VERTEX_POINT('',#4653);
#2192=VERTEX_POINT('',#4655);
#2193=VERTEX_POINT('',#4657);
#2194=VERTEX_POINT('',#4660);
#2195=VERTEX_POINT('',#4662);
#2196=VERTEX_POINT('',#4664);
#2197=VERTEX_POINT('',#4666);
#2198=VERTEX_POINT('',#4669);
#2199=VERTEX_POINT('',#4671);
#2200=VERTEX_POINT('',#4673);
#2201=VERTEX_POINT('',#4675);
#2202=VERTEX_POINT('',#4678);
#2203=VERTEX_POINT('',#4680);
#2204=VERTEX_POINT('',#4682);
#2205=VERTEX_POINT('',#4684);
#2206=VERTEX_POINT('',#4687);
#2207=VERTEX_POINT('',#4689);
#2208=VERTEX_POINT('',#4691);
#2209=VERTEX_POINT('',#4693);
#2210=VERTEX_POINT('',#4696);
#2211=VERTEX_POINT('',#4698);
#2212=VERTEX_POINT('',#4700);
#2213=VERTEX_POINT('',#4702);
#2214=VERTEX_POINT('',#4705);
#2215=VERTEX_POINT('',#4707);
#2216=VERTEX_POINT('',#4709);
#2217=VERTEX_POINT('',#4711);
#2218=VERTEX_POINT('',#4714);
#2219=VERTEX_POINT('',#4716);
#2220=VERTEX_POINT('',#4718);
#2221=VERTEX_POINT('',#4720);
#2222=VERTEX_POINT('',#4723);
#2223=VERTEX_POINT('',#4725);
#2224=VERTEX_POINT('',#4727);
#2225=VERTEX_POINT('',#4729);
#2226=VERTEX_POINT('',#4733);
#2227=VERTEX_POINT('',#4737);
#2228=VERTEX_POINT('',#4741);
#2229=VERTEX_POINT('',#4745);
#2230=VERTEX_POINT('',#4749);
#2231=VERTEX_POINT('',#4753);
#2232=VERTEX_POINT('',#4757);
#2233=VERTEX_POINT('',#4761);
#2234=VERTEX_POINT('',#4765);
#2235=VERTEX_POINT('',#4769);
#2236=VERTEX_POINT('',#4773);
#2237=VERTEX_POINT('',#4777);
#2238=VERTEX_POINT('',#4781);
#2239=VERTEX_POINT('',#4785);
#2240=VERTEX_POINT('',#4789);
#2241=VERTEX_POINT('',#4793);
#2242=VERTEX_POINT('',#4797);
#2243=VERTEX_POINT('',#4801);
#2244=VERTEX_POINT('',#4805);
#2245=VERTEX_POINT('',#4809);
#2246=VERTEX_POINT('',#4815);
#2247=VERTEX_POINT('',#4819);
#2248=VERTEX_POINT('',#4823);
#2249=VERTEX_POINT('',#4827);
#2250=VERTEX_POINT('',#4833);
#2251=VERTEX_POINT('',#4835);
#2252=VERTEX_POINT('',#4839);
#2253=VERTEX_POINT('',#4845);
#2254=VERTEX_POINT('',#4849);
#2255=VERTEX_POINT('',#4853);
#2256=VERTEX_POINT('',#4857);
#2257=VERTEX_POINT('',#4861);
#2258=VERTEX_POINT('',#4865);
#2259=VERTEX_POINT('',#4867);
#2260=VERTEX_POINT('',#4871);
#2261=VERTEX_POINT('',#4877);
#2262=VERTEX_POINT('',#4881);
#2263=VERTEX_POINT('',#4885);
#2264=VERTEX_POINT('',#4889);
#2265=VERTEX_POINT('',#4893);
#2266=VERTEX_POINT('',#4897);
#2267=VERTEX_POINT('',#4901);
#2268=VERTEX_POINT('',#4905);
#2269=VERTEX_POINT('',#4909);
#2270=VERTEX_POINT('',#4915);
#2271=VERTEX_POINT('',#4919);
#2272=VERTEX_POINT('',#4923);
#2273=VERTEX_POINT('',#4927);
#2274=VERTEX_POINT('',#4933);
#2275=VERTEX_POINT('',#4935);
#2276=VERTEX_POINT('',#4939);
#2277=VERTEX_POINT('',#4945);
#2278=VERTEX_POINT('',#4949);
#2279=VERTEX_POINT('',#4953);
#2280=VERTEX_POINT('',#4957);
#2281=VERTEX_POINT('',#4961);
#2282=VERTEX_POINT('',#4965);
#2283=VERTEX_POINT('',#4967);
#2284=VERTEX_POINT('',#4971);
#2285=VERTEX_POINT('',#4977);
#2286=VERTEX_POINT('',#4981);
#2287=VERTEX_POINT('',#4985);
#2288=VERTEX_POINT('',#4989);
#2289=VERTEX_POINT('',#4993);
#2290=VERTEX_POINT('',#5037);
#2291=VERTEX_POINT('',#5038);
#2292=VERTEX_POINT('',#5040);
#2293=VERTEX_POINT('',#5042);
#2294=VERTEX_POINT('',#5046);
#2295=VERTEX_POINT('',#5048);
#2296=VERTEX_POINT('',#5052);
#2297=VERTEX_POINT('',#5054);
#2298=VERTEX_POINT('',#5058);
#2299=VERTEX_POINT('',#5060);
#2300=VERTEX_POINT('',#5064);
#2301=VERTEX_POINT('',#5066);
#2302=VERTEX_POINT('',#5070);
#2303=VERTEX_POINT('',#5072);
#2304=VERTEX_POINT('',#5076);
#2305=VERTEX_POINT('',#5078);
#2306=VERTEX_POINT('',#5082);
#2307=VERTEX_POINT('',#5083);
#2308=VERTEX_POINT('',#5085);
#2309=VERTEX_POINT('',#5087);
#2310=VERTEX_POINT('',#5091);
#2311=VERTEX_POINT('',#5093);
#2312=VERTEX_POINT('',#5097);
#2313=VERTEX_POINT('',#5099);
#2314=VERTEX_POINT('',#5103);
#2315=VERTEX_POINT('',#5105);
#2316=VERTEX_POINT('',#5109);
#2317=VERTEX_POINT('',#5111);
#2318=VERTEX_POINT('',#5115);
#2319=VERTEX_POINT('',#5117);
#2320=VERTEX_POINT('',#5121);
#2321=VERTEX_POINT('',#5123);
#2322=VERTEX_POINT('',#5127);
#2323=VERTEX_POINT('',#5128);
#2324=VERTEX_POINT('',#5130);
#2325=VERTEX_POINT('',#5132);
#2326=VERTEX_POINT('',#5136);
#2327=VERTEX_POINT('',#5138);
#2328=VERTEX_POINT('',#5142);
#2329=VERTEX_POINT('',#5144);
#2330=VERTEX_POINT('',#5148);
#2331=VERTEX_POINT('',#5150);
#2332=VERTEX_POINT('',#5154);
#2333=VERTEX_POINT('',#5156);
#2334=VERTEX_POINT('',#5160);
#2335=VERTEX_POINT('',#5162);
#2336=VERTEX_POINT('',#5166);
#2337=VERTEX_POINT('',#5168);
#2338=VERTEX_POINT('',#5172);
#2339=VERTEX_POINT('',#5173);
#2340=VERTEX_POINT('',#5175);
#2341=VERTEX_POINT('',#5177);
#2342=VERTEX_POINT('',#5181);
#2343=VERTEX_POINT('',#5183);
#2344=VERTEX_POINT('',#5187);
#2345=VERTEX_POINT('',#5189);
#2346=VERTEX_POINT('',#5193);
#2347=VERTEX_POINT('',#5195);
#2348=VERTEX_POINT('',#5199);
#2349=VERTEX_POINT('',#5201);
#2350=VERTEX_POINT('',#5205);
#2351=VERTEX_POINT('',#5207);
#2352=VERTEX_POINT('',#5211);
#2353=VERTEX_POINT('',#5213);
#2354=CIRCLE('',#3143,2.6);
#2355=CIRCLE('',#3144,2.6);
#2356=CIRCLE('',#3146,2.6);
#2357=CIRCLE('',#3147,2.6);
#2358=CIRCLE('',#3149,0.999999999999938);
#2359=CIRCLE('',#3150,0.999999999999938);
#2360=CIRCLE('',#3151,0.999999999999938);
#2361=CIRCLE('',#3152,0.999999999999938);
#2362=CIRCLE('',#3153,0.999999999999938);
#2363=CIRCLE('',#3154,0.999999999999938);
#2364=CIRCLE('',#3158,1.);
#2365=CIRCLE('',#3159,1.);
#2366=CIRCLE('',#3160,1.);
#2367=CIRCLE('',#3161,1.);
#2368=CIRCLE('',#3162,1.);
#2369=CIRCLE('',#3163,1.);
#2370=CIRCLE('',#3165,67.5885609576457);
#2371=CIRCLE('',#3167,67.5885609576457);
#2372=CIRCLE('',#3169,2.6);
#2373=CIRCLE('',#3170,2.6);
#2374=CIRCLE('',#3172,2.6);
#2375=CIRCLE('',#3173,2.6);
#2376=CIRCLE('',#3175,67.5885609576457);
#2377=CIRCLE('',#3177,67.5885609576457);
#2378=CIRCLE('',#3179,67.5885609576457);
#2379=CIRCLE('',#3181,67.5885609576457);
#2380=CIRCLE('',#3186,2.6);
#2381=CIRCLE('',#3187,2.6);
#2382=CIRCLE('',#3188,2.6);
#2383=CIRCLE('',#3189,2.6);
#2384=CIRCLE('',#3190,2.6);
#2385=CIRCLE('',#3191,2.59999999999999);
#2386=CIRCLE('',#3192,2.6);
#2387=CIRCLE('',#3193,2.6);
#2388=CIRCLE('',#3195,2.6);
#2389=CIRCLE('',#3196,2.6);
#2390=CIRCLE('',#3197,2.6);
#2391=CIRCLE('',#3198,2.59999999999999);
#2392=CIRCLE('',#3199,2.6);
#2393=CIRCLE('',#3200,2.59999999999999);
#2394=CIRCLE('',#3201,2.6);
#2395=CIRCLE('',#3202,2.6);
#2396=CIRCLE('',#3204,2.6);
#2397=CIRCLE('',#3205,2.6);
#2398=CIRCLE('',#3206,2.6);
#2399=CIRCLE('',#3207,2.59999999999999);
#2400=CIRCLE('',#3208,2.6);
#2401=CIRCLE('',#3209,2.6);
#2402=CIRCLE('',#3210,2.6);
#2403=CIRCLE('',#3211,2.6);
#2404=CIRCLE('',#3213,2.6);
#2405=CIRCLE('',#3214,2.6);
#2406=CIRCLE('',#3215,2.6);
#2407=CIRCLE('',#3216,2.59999999999999);
#2408=CIRCLE('',#3217,2.6);
#2409=CIRCLE('',#3218,2.59999999999999);
#2410=CIRCLE('',#3219,2.6);
#2411=CIRCLE('',#3220,2.6);
#2412=CIRCLE('',#3222,2.6);
#2413=CIRCLE('',#3224,2.6);
#2414=CIRCLE('',#3226,2.6);
#2415=CIRCLE('',#3228,2.6);
#2416=CIRCLE('',#3230,1.);
#2417=CIRCLE('',#3231,1.);
#2418=CIRCLE('',#3232,0.999999999999999);
#2419=CIRCLE('',#3233,1.);
#2420=CIRCLE('',#3234,1.00000000000001);
#2421=CIRCLE('',#3235,1.);
#2422=CIRCLE('',#3236,1.00000000000001);
#2423=CIRCLE('',#3237,1.00000000000001);
#2424=CIRCLE('',#3238,1.);
#2425=CIRCLE('',#3239,0.999999999999998);
#2426=CIRCLE('',#3240,1.);
#2427=CIRCLE('',#3241,0.999999999999999);
#2428=CIRCLE('',#3242,1.);
#2429=CIRCLE('',#3243,1.);
#2430=CIRCLE('',#3244,1.00000000000001);
#2431=CIRCLE('',#3245,1.00000000000001);
#2432=CIRCLE('',#3250,1.00000000000001);
#2433=CIRCLE('',#3255,1.);
#2434=CIRCLE('',#3260,1.00000000000001);
#2435=CIRCLE('',#3265,0.999999999999999);
#2436=CIRCLE('',#3269,1.);
#2437=CIRCLE('',#3275,1.00000000000001);
#2438=CIRCLE('',#3279,0.999999999999998);
#2439=CIRCLE('',#3287,1.);
#2440=CIRCLE('',#3289,1.);
#2441=CIRCLE('',#3297,1.00000000000001);
#2442=CIRCLE('',#3301,1.);
#2443=CIRCLE('',#3307,1.);
#2444=CIRCLE('',#3311,1.);
#2445=CIRCLE('',#3319,0.999999999999999);
#2446=CIRCLE('',#3321,1.);
#2447=CIRCLE('',#3329,1.00000000000001);
#2448=CIRCLE('',#3359,0.300000000000002);
#2449=CIRCLE('',#3360,0.300000000000002);
#2450=CIRCLE('',#3363,0.299999999999998);
#2451=CIRCLE('',#3364,0.299999999999998);
#2452=CIRCLE('',#3367,0.3);
#2453=CIRCLE('',#3368,0.3);
#2454=CIRCLE('',#3371,0.3);
#2455=CIRCLE('',#3372,0.3);
#2456=CIRCLE('',#3374,0.299999999999988);
#2457=CIRCLE('',#3375,0.299999999999988);
#2458=CIRCLE('',#3378,0.299999999999986);
#2459=CIRCLE('',#3379,0.299999999999986);
#2460=CIRCLE('',#3382,0.300000000000005);
#2461=CIRCLE('',#3383,0.300000000000005);
#2462=CIRCLE('',#3386,0.300000000000003);
#2463=CIRCLE('',#3387,0.300000000000003);
#2464=CIRCLE('',#3389,0.300000000000002);
#2465=CIRCLE('',#3390,0.300000000000002);
#2466=CIRCLE('',#3393,0.3);
#2467=CIRCLE('',#3394,0.3);
#2468=CIRCLE('',#3397,0.3);
#2469=CIRCLE('',#3398,0.3);
#2470=CIRCLE('',#3401,0.3);
#2471=CIRCLE('',#3402,0.3);
#2472=CIRCLE('',#3404,0.299999999999988);
#2473=CIRCLE('',#3405,0.299999999999988);
#2474=CIRCLE('',#3408,0.299999999999986);
#2475=CIRCLE('',#3409,0.299999999999986);
#2476=CIRCLE('',#3412,0.299999999999998);
#2477=CIRCLE('',#3413,0.299999999999998);
#2478=CIRCLE('',#3416,0.300000000000002);
#2479=CIRCLE('',#3417,0.300000000000002);
#2480=EDGE_LOOP('',(#711));
#2481=EDGE_LOOP('',(#712));
#2482=EDGE_LOOP('',(#713,#714,#715,#716));
#2483=EDGE_LOOP('',(#717));
#2484=EDGE_LOOP('',(#718));
#2485=EDGE_LOOP('',(#719,#720,#721,#722));
#2486=EDGE_LOOP('',(#723,#724,#725,#726,#727,#728,#729,#730,#731,#732,#733,
#734));
#2487=EDGE_LOOP('',(#735,#736,#737,#738));
#2488=EDGE_LOOP('',(#739,#740,#741,#742));
#2489=EDGE_LOOP('',(#743,#744,#745,#746,#747,#748,#749,#750,#751,#752,#753,
#754));
#2490=EDGE_LOOP('',(#755,#756,#757,#758,#759,#760,#761));
#2491=EDGE_LOOP('',(#762,#763,#764,#765,#766,#767,#768));
#2492=EDGE_LOOP('',(#769));
#2493=EDGE_LOOP('',(#770));
#2494=EDGE_LOOP('',(#771,#772,#773,#774));
#2495=EDGE_LOOP('',(#775));
#2496=EDGE_LOOP('',(#776));
#2497=EDGE_LOOP('',(#777,#778,#779,#780));
#2498=EDGE_LOOP('',(#781,#782,#783,#784,#785));
#2499=EDGE_LOOP('',(#786,#787,#788,#789,#790));
#2500=EDGE_LOOP('',(#791,#792,#793,#794,#795));
#2501=EDGE_LOOP('',(#796,#797,#798,#799,#800));
#2502=EDGE_LOOP('',(#801,#802,#803,#804));
#2503=EDGE_LOOP('',(#805,#806,#807,#808));
#2504=EDGE_LOOP('',(#809,#810,#811,#812));
#2505=EDGE_LOOP('',(#813));
#2506=EDGE_LOOP('',(#814,#815,#816,#817,#818,#819,#820,#821,#822,#823,#824,
#825,#826,#827,#828,#829));
#2507=EDGE_LOOP('',(#830));
#2508=EDGE_LOOP('',(#831,#832,#833,#834,#835,#836,#837,#838,#839,#840,#841,
#842,#843,#844,#845,#846));
#2509=EDGE_LOOP('',(#847));
#2510=EDGE_LOOP('',(#848,#849,#850,#851,#852,#853,#854,#855,#856,#857,#858,
#859,#860,#861,#862,#863));
#2511=EDGE_LOOP('',(#864));
#2512=EDGE_LOOP('',(#865,#866,#867,#868,#869,#870,#871,#872,#873,#874,#875,
#876,#877,#878,#879,#880));
#2513=EDGE_LOOP('',(#881));
#2514=EDGE_LOOP('',(#882));
#2515=EDGE_LOOP('',(#883));
#2516=EDGE_LOOP('',(#884));
#2517=EDGE_LOOP('',(#885));
#2518=EDGE_LOOP('',(#886));
#2519=EDGE_LOOP('',(#887));
#2520=EDGE_LOOP('',(#888));
#2521=EDGE_LOOP('',(#889,#890,#891,#892));
#2522=EDGE_LOOP('',(#893,#894,#895,#896,#897,#898,#899,#900,#901,#902,#903,
#904,#905,#906,#907,#908,#909,#910,#911,#912,#913,#914,#915,#916));
#2523=EDGE_LOOP('',(#917,#918,#919,#920,#921,#922,#923,#924,#925,#926,#927,
#928,#929,#930,#931,#932,#933,#934,#935,#936,#937,#938,#939,#940));
#2524=EDGE_LOOP('',(#941,#942,#943,#944,#945,#946,#947,#948,#949,#950,#951,
#952,#953,#954,#955,#956,#957,#958,#959,#960,#961,#962,#963,#964));
#2525=EDGE_LOOP('',(#965,#966,#967,#968,#969,#970,#971,#972,#973,#974,#975,
#976,#977,#978,#979,#980,#981,#982,#983,#984,#985,#986,#987,#988));
#2526=EDGE_LOOP('',(#989,#990,#991,#992));
#2527=EDGE_LOOP('',(#993,#994,#995,#996));
#2528=EDGE_LOOP('',(#997,#998,#999,#1000));
#2529=EDGE_LOOP('',(#1001,#1002,#1003,#1004));
#2530=EDGE_LOOP('',(#1005,#1006,#1007,#1008));
#2531=EDGE_LOOP('',(#1009,#1010,#1011,#1012));
#2532=EDGE_LOOP('',(#1013,#1014,#1015,#1016));
#2533=EDGE_LOOP('',(#1017,#1018,#1019,#1020));
#2534=EDGE_LOOP('',(#1021,#1022,#1023,#1024));
#2535=EDGE_LOOP('',(#1025,#1026,#1027,#1028));
#2536=EDGE_LOOP('',(#1029,#1030,#1031,#1032));
#2537=EDGE_LOOP('',(#1033,#1034,#1035,#1036));
#2538=EDGE_LOOP('',(#1037,#1038,#1039,#1040));
#2539=EDGE_LOOP('',(#1041,#1042,#1043,#1044));
#2540=EDGE_LOOP('',(#1045,#1046,#1047,#1048));
#2541=EDGE_LOOP('',(#1049,#1050,#1051,#1052));
#2542=EDGE_LOOP('',(#1053,#1054,#1055,#1056));
#2543=EDGE_LOOP('',(#1057,#1058,#1059,#1060));
#2544=EDGE_LOOP('',(#1061,#1062,#1063,#1064));
#2545=EDGE_LOOP('',(#1065,#1066,#1067,#1068));
#2546=EDGE_LOOP('',(#1069,#1070,#1071,#1072));
#2547=EDGE_LOOP('',(#1073,#1074,#1075,#1076));
#2548=EDGE_LOOP('',(#1077,#1078,#1079,#1080));
#2549=EDGE_LOOP('',(#1081,#1082,#1083,#1084));
#2550=EDGE_LOOP('',(#1085,#1086,#1087,#1088));
#2551=EDGE_LOOP('',(#1089,#1090,#1091,#1092));
#2552=EDGE_LOOP('',(#1093,#1094,#1095,#1096));
#2553=EDGE_LOOP('',(#1097,#1098,#1099,#1100));
#2554=EDGE_LOOP('',(#1101,#1102,#1103,#1104));
#2555=EDGE_LOOP('',(#1105,#1106,#1107,#1108));
#2556=EDGE_LOOP('',(#1109,#1110,#1111,#1112));
#2557=EDGE_LOOP('',(#1113,#1114,#1115,#1116));
#2558=EDGE_LOOP('',(#1117,#1118,#1119,#1120));
#2559=EDGE_LOOP('',(#1121,#1122,#1123,#1124));
#2560=EDGE_LOOP('',(#1125,#1126,#1127,#1128));
#2561=EDGE_LOOP('',(#1129,#1130,#1131,#1132));
#2562=EDGE_LOOP('',(#1133,#1134,#1135,#1136));
#2563=EDGE_LOOP('',(#1137,#1138,#1139,#1140));
#2564=EDGE_LOOP('',(#1141,#1142,#1143,#1144));
#2565=EDGE_LOOP('',(#1145,#1146,#1147,#1148));
#2566=EDGE_LOOP('',(#1149,#1150,#1151,#1152));
#2567=EDGE_LOOP('',(#1153,#1154,#1155,#1156));
#2568=EDGE_LOOP('',(#1157,#1158,#1159,#1160));
#2569=EDGE_LOOP('',(#1161,#1162,#1163,#1164));
#2570=EDGE_LOOP('',(#1165,#1166,#1167,#1168));
#2571=EDGE_LOOP('',(#1169,#1170,#1171,#1172));
#2572=EDGE_LOOP('',(#1173,#1174,#1175,#1176));
#2573=EDGE_LOOP('',(#1177,#1178,#1179,#1180));
#2574=EDGE_LOOP('',(#1181,#1182,#1183,#1184));
#2575=EDGE_LOOP('',(#1185,#1186,#1187,#1188));
#2576=EDGE_LOOP('',(#1189,#1190,#1191,#1192));
#2577=EDGE_LOOP('',(#1193,#1194,#1195,#1196));
#2578=EDGE_LOOP('',(#1197,#1198,#1199,#1200));
#2579=EDGE_LOOP('',(#1201,#1202,#1203,#1204));
#2580=EDGE_LOOP('',(#1205,#1206,#1207,#1208));
#2581=EDGE_LOOP('',(#1209,#1210,#1211,#1212));
#2582=EDGE_LOOP('',(#1213,#1214,#1215,#1216));
#2583=EDGE_LOOP('',(#1217,#1218,#1219,#1220));
#2584=EDGE_LOOP('',(#1221,#1222,#1223,#1224));
#2585=EDGE_LOOP('',(#1225,#1226,#1227,#1228));
#2586=EDGE_LOOP('',(#1229,#1230,#1231,#1232));
#2587=EDGE_LOOP('',(#1233,#1234,#1235,#1236));
#2588=EDGE_LOOP('',(#1237,#1238,#1239,#1240));
#2589=EDGE_LOOP('',(#1241,#1242,#1243,#1244));
#2590=EDGE_LOOP('',(#1245,#1246,#1247,#1248));
#2591=EDGE_LOOP('',(#1249,#1250,#1251,#1252));
#2592=EDGE_LOOP('',(#1253,#1254,#1255,#1256));
#2593=EDGE_LOOP('',(#1257,#1258,#1259,#1260));
#2594=EDGE_LOOP('',(#1261,#1262,#1263,#1264));
#2595=EDGE_LOOP('',(#1265,#1266,#1267,#1268));
#2596=EDGE_LOOP('',(#1269,#1270,#1271,#1272));
#2597=EDGE_LOOP('',(#1273,#1274,#1275,#1276));
#2598=EDGE_LOOP('',(#1277,#1278,#1279,#1280));
#2599=EDGE_LOOP('',(#1281,#1282,#1283,#1284));
#2600=EDGE_LOOP('',(#1285,#1286,#1287,#1288));
#2601=EDGE_LOOP('',(#1289,#1290,#1291,#1292));
#2602=EDGE_LOOP('',(#1293,#1294,#1295,#1296));
#2603=EDGE_LOOP('',(#1297,#1298,#1299,#1300));
#2604=EDGE_LOOP('',(#1301,#1302,#1303,#1304));
#2605=EDGE_LOOP('',(#1305,#1306,#1307,#1308));
#2606=EDGE_LOOP('',(#1309,#1310,#1311,#1312,#1313,#1314));
#2607=EDGE_LOOP('',(#1315,#1316,#1317,#1318,#1319,#1320));
#2608=EDGE_LOOP('',(#1321,#1322,#1323,#1324,#1325,#1326));
#2609=EDGE_LOOP('',(#1327,#1328,#1329,#1330,#1331,#1332));
#2610=EDGE_LOOP('',(#1333,#1334,#1335,#1336,#1337,#1338));
#2611=EDGE_LOOP('',(#1339,#1340,#1341,#1342,#1343,#1344));
#2612=EDGE_LOOP('',(#1345,#1346,#1347,#1348,#1349,#1350));
#2613=EDGE_LOOP('',(#1351,#1352,#1353,#1354,#1355,#1356));
#2614=EDGE_LOOP('',(#1357,#1358,#1359,#1360,#1361,#1362));
#2615=EDGE_LOOP('',(#1363,#1364,#1365,#1366,#1367,#1368));
#2616=EDGE_LOOP('',(#1369,#1370,#1371,#1372,#1373,#1374));
#2617=EDGE_LOOP('',(#1375,#1376,#1377,#1378,#1379,#1380));
#2618=EDGE_LOOP('',(#1381,#1382,#1383,#1384,#1385,#1386));
#2619=EDGE_LOOP('',(#1387,#1388,#1389,#1390,#1391,#1392));
#2620=EDGE_LOOP('',(#1393,#1394,#1395,#1396,#1397,#1398));
#2621=EDGE_LOOP('',(#1399,#1400,#1401,#1402,#1403,#1404));
#2622=EDGE_LOOP('',(#1405,#1406,#1407,#1408));
#2623=EDGE_LOOP('',(#1409,#1410,#1411,#1412));
#2624=EDGE_LOOP('',(#1413,#1414,#1415,#1416));
#2625=EDGE_LOOP('',(#1417,#1418,#1419,#1420));
#2626=EDGE_LOOP('',(#1421,#1422,#1423,#1424));
#2627=EDGE_LOOP('',(#1425,#1426,#1427,#1428));
#2628=EDGE_LOOP('',(#1429,#1430,#1431,#1432));
#2629=EDGE_LOOP('',(#1433,#1434,#1435,#1436));
#2630=EDGE_LOOP('',(#1437,#1438,#1439,#1440));
#2631=EDGE_LOOP('',(#1441,#1442,#1443,#1444));
#2632=EDGE_LOOP('',(#1445,#1446,#1447,#1448));
#2633=EDGE_LOOP('',(#1449,#1450,#1451,#1452));
#2634=EDGE_LOOP('',(#1453,#1454,#1455,#1456));
#2635=EDGE_LOOP('',(#1457,#1458,#1459,#1460));
#2636=EDGE_LOOP('',(#1461,#1462,#1463,#1464));
#2637=EDGE_LOOP('',(#1465,#1466,#1467,#1468));
#2638=EDGE_LOOP('',(#1469,#1470,#1471,#1472));
#2639=EDGE_LOOP('',(#1473,#1474,#1475,#1476));
#2640=EDGE_LOOP('',(#1477,#1478,#1479,#1480));
#2641=EDGE_LOOP('',(#1481,#1482,#1483,#1484));
#2642=EDGE_LOOP('',(#1485,#1486,#1487,#1488));
#2643=EDGE_LOOP('',(#1489,#1490,#1491,#1492));
#2644=EDGE_LOOP('',(#1493,#1494,#1495,#1496));
#2645=EDGE_LOOP('',(#1497,#1498,#1499,#1500));
#2646=EDGE_LOOP('',(#1501,#1502,#1503,#1504));
#2647=EDGE_LOOP('',(#1505,#1506,#1507,#1508));
#2648=EDGE_LOOP('',(#1509,#1510,#1511,#1512));
#2649=EDGE_LOOP('',(#1513,#1514,#1515,#1516));
#2650=EDGE_LOOP('',(#1517,#1518,#1519,#1520));
#2651=EDGE_LOOP('',(#1521,#1522,#1523,#1524));
#2652=EDGE_LOOP('',(#1525,#1526,#1527,#1528));
#2653=EDGE_LOOP('',(#1529,#1530,#1531,#1532));
#2654=EDGE_LOOP('',(#1533));
#2655=EDGE_LOOP('',(#1534));
#2656=EDGE_LOOP('',(#1535));
#2657=EDGE_LOOP('',(#1536));
#2658=EDGE_LOOP('',(#1537,#1538,#1539,#1540,#1541,#1542,#1543,#1544));
#2659=EDGE_LOOP('',(#1545,#1546,#1547,#1548,#1549,#1550,#1551,#1552));
#2660=EDGE_LOOP('',(#1553,#1554,#1555,#1556,#1557,#1558,#1559,#1560));
#2661=EDGE_LOOP('',(#1561,#1562,#1563,#1564,#1565,#1566,#1567,#1568));
#2662=EDGE_LOOP('',(#1569,#1570,#1571,#1572));
#2663=EDGE_LOOP('',(#1573,#1574,#1575,#1576,#1577,#1578,#1579,#1580));
#2664=EDGE_LOOP('',(#1581,#1582,#1583,#1584,#1585,#1586,#1587,#1588));
#2665=EDGE_LOOP('',(#1589,#1590,#1591,#1592,#1593,#1594,#1595,#1596));
#2666=EDGE_LOOP('',(#1597,#1598,#1599,#1600,#1601,#1602,#1603,#1604));
#2667=FACE_BOUND('',#2480,.T.);
#2668=FACE_BOUND('',#2481,.T.);
#2669=FACE_BOUND('',#2482,.T.);
#2670=FACE_BOUND('',#2483,.T.);
#2671=FACE_BOUND('',#2484,.T.);
#2672=FACE_BOUND('',#2485,.T.);
#2673=FACE_BOUND('',#2486,.T.);
#2674=FACE_BOUND('',#2487,.T.);
#2675=FACE_BOUND('',#2488,.T.);
#2676=FACE_BOUND('',#2489,.T.);
#2677=FACE_BOUND('',#2490,.T.);
#2678=FACE_BOUND('',#2491,.T.);
#2679=FACE_BOUND('',#2492,.T.);
#2680=FACE_BOUND('',#2493,.T.);
#2681=FACE_BOUND('',#2494,.T.);
#2682=FACE_BOUND('',#2495,.T.);
#2683=FACE_BOUND('',#2496,.T.);
#2684=FACE_BOUND('',#2497,.T.);
#2685=FACE_BOUND('',#2498,.T.);
#2686=FACE_BOUND('',#2499,.T.);
#2687=FACE_BOUND('',#2500,.T.);
#2688=FACE_BOUND('',#2501,.T.);
#2689=FACE_BOUND('',#2502,.T.);
#2690=FACE_BOUND('',#2503,.T.);
#2691=FACE_BOUND('',#2504,.T.);
#2692=FACE_BOUND('',#2505,.T.);
#2693=FACE_BOUND('',#2506,.T.);
#2694=FACE_BOUND('',#2507,.T.);
#2695=FACE_BOUND('',#2508,.T.);
#2696=FACE_BOUND('',#2509,.T.);
#2697=FACE_BOUND('',#2510,.T.);
#2698=FACE_BOUND('',#2511,.T.);
#2699=FACE_BOUND('',#2512,.T.);
#2700=FACE_BOUND('',#2513,.T.);
#2701=FACE_BOUND('',#2514,.T.);
#2702=FACE_BOUND('',#2515,.T.);
#2703=FACE_BOUND('',#2516,.T.);
#2704=FACE_BOUND('',#2517,.T.);
#2705=FACE_BOUND('',#2518,.T.);
#2706=FACE_BOUND('',#2519,.T.);
#2707=FACE_BOUND('',#2520,.T.);
#2708=FACE_BOUND('',#2521,.T.);
#2709=FACE_BOUND('',#2522,.T.);
#2710=FACE_BOUND('',#2523,.T.);
#2711=FACE_BOUND('',#2524,.T.);
#2712=FACE_BOUND('',#2525,.T.);
#2713=FACE_BOUND('',#2526,.T.);
#2714=FACE_BOUND('',#2527,.T.);
#2715=FACE_BOUND('',#2528,.T.);
#2716=FACE_BOUND('',#2529,.T.);
#2717=FACE_BOUND('',#2530,.T.);
#2718=FACE_BOUND('',#2531,.T.);
#2719=FACE_BOUND('',#2532,.T.);
#2720=FACE_BOUND('',#2533,.T.);
#2721=FACE_BOUND('',#2534,.T.);
#2722=FACE_BOUND('',#2535,.T.);
#2723=FACE_BOUND('',#2536,.T.);
#2724=FACE_BOUND('',#2537,.T.);
#2725=FACE_BOUND('',#2538,.T.);
#2726=FACE_BOUND('',#2539,.T.);
#2727=FACE_BOUND('',#2540,.T.);
#2728=FACE_BOUND('',#2541,.T.);
#2729=FACE_BOUND('',#2542,.T.);
#2730=FACE_BOUND('',#2543,.T.);
#2731=FACE_BOUND('',#2544,.T.);
#2732=FACE_BOUND('',#2545,.T.);
#2733=FACE_BOUND('',#2546,.T.);
#2734=FACE_BOUND('',#2547,.T.);
#2735=FACE_BOUND('',#2548,.T.);
#2736=FACE_BOUND('',#2549,.T.);
#2737=FACE_BOUND('',#2550,.T.);
#2738=FACE_BOUND('',#2551,.T.);
#2739=FACE_BOUND('',#2552,.T.);
#2740=FACE_BOUND('',#2553,.T.);
#2741=FACE_BOUND('',#2554,.T.);
#2742=FACE_BOUND('',#2555,.T.);
#2743=FACE_BOUND('',#2556,.T.);
#2744=FACE_BOUND('',#2557,.T.);
#2745=FACE_BOUND('',#2558,.T.);
#2746=FACE_BOUND('',#2559,.T.);
#2747=FACE_BOUND('',#2560,.T.);
#2748=FACE_BOUND('',#2561,.T.);
#2749=FACE_BOUND('',#2562,.T.);
#2750=FACE_BOUND('',#2563,.T.);
#2751=FACE_BOUND('',#2564,.T.);
#2752=FACE_BOUND('',#2565,.T.);
#2753=FACE_BOUND('',#2566,.T.);
#2754=FACE_BOUND('',#2567,.T.);
#2755=FACE_BOUND('',#2568,.T.);
#2756=FACE_BOUND('',#2569,.T.);
#2757=FACE_BOUND('',#2570,.T.);
#2758=FACE_BOUND('',#2571,.T.);
#2759=FACE_BOUND('',#2572,.T.);
#2760=FACE_BOUND('',#2573,.T.);
#2761=FACE_BOUND('',#2574,.T.);
#2762=FACE_BOUND('',#2575,.T.);
#2763=FACE_BOUND('',#2576,.T.);
#2764=FACE_BOUND('',#2577,.T.);
#2765=FACE_BOUND('',#2578,.T.);
#2766=FACE_BOUND('',#2579,.T.);
#2767=FACE_BOUND('',#2580,.T.);
#2768=FACE_BOUND('',#2581,.T.);
#2769=FACE_BOUND('',#2582,.T.);
#2770=FACE_BOUND('',#2583,.T.);
#2771=FACE_BOUND('',#2584,.T.);
#2772=FACE_BOUND('',#2585,.T.);
#2773=FACE_BOUND('',#2586,.T.);
#2774=FACE_BOUND('',#2587,.T.);
#2775=FACE_BOUND('',#2588,.T.);
#2776=FACE_BOUND('',#2589,.T.);
#2777=FACE_BOUND('',#2590,.T.);
#2778=FACE_BOUND('',#2591,.T.);
#2779=FACE_BOUND('',#2592,.T.);
#2780=FACE_BOUND('',#2593,.T.);
#2781=FACE_BOUND('',#2594,.T.);
#2782=FACE_BOUND('',#2595,.T.);
#2783=FACE_BOUND('',#2596,.T.);
#2784=FACE_BOUND('',#2597,.T.);
#2785=FACE_BOUND('',#2598,.T.);
#2786=FACE_BOUND('',#2599,.T.);
#2787=FACE_BOUND('',#2600,.T.);
#2788=FACE_BOUND('',#2601,.T.);
#2789=FACE_BOUND('',#2602,.T.);
#2790=FACE_BOUND('',#2603,.T.);
#2791=FACE_BOUND('',#2604,.T.);
#2792=FACE_BOUND('',#2605,.T.);
#2793=FACE_BOUND('',#2606,.T.);
#2794=FACE_BOUND('',#2607,.T.);
#2795=FACE_BOUND('',#2608,.T.);
#2796=FACE_BOUND('',#2609,.T.);
#2797=FACE_BOUND('',#2610,.T.);
#2798=FACE_BOUND('',#2611,.T.);
#2799=FACE_BOUND('',#2612,.T.);
#2800=FACE_BOUND('',#2613,.T.);
#2801=FACE_BOUND('',#2614,.T.);
#2802=FACE_BOUND('',#2615,.T.);
#2803=FACE_BOUND('',#2616,.T.);
#2804=FACE_BOUND('',#2617,.T.);
#2805=FACE_BOUND('',#2618,.T.);
#2806=FACE_BOUND('',#2619,.T.);
#2807=FACE_BOUND('',#2620,.T.);
#2808=FACE_BOUND('',#2621,.T.);
#2809=FACE_BOUND('',#2622,.T.);
#2810=FACE_BOUND('',#2623,.T.);
#2811=FACE_BOUND('',#2624,.T.);
#2812=FACE_BOUND('',#2625,.T.);
#2813=FACE_BOUND('',#2626,.T.);
#2814=FACE_BOUND('',#2627,.T.);
#2815=FACE_BOUND('',#2628,.T.);
#2816=FACE_BOUND('',#2629,.T.);
#2817=FACE_BOUND('',#2630,.T.);
#2818=FACE_BOUND('',#2631,.T.);
#2819=FACE_BOUND('',#2632,.T.);
#2820=FACE_BOUND('',#2633,.T.);
#2821=FACE_BOUND('',#2634,.T.);
#2822=FACE_BOUND('',#2635,.T.);
#2823=FACE_BOUND('',#2636,.T.);
#2824=FACE_BOUND('',#2637,.T.);
#2825=FACE_BOUND('',#2638,.T.);
#2826=FACE_BOUND('',#2639,.T.);
#2827=FACE_BOUND('',#2640,.T.);
#2828=FACE_BOUND('',#2641,.T.);
#2829=FACE_BOUND('',#2642,.T.);
#2830=FACE_BOUND('',#2643,.T.);
#2831=FACE_BOUND('',#2644,.T.);
#2832=FACE_BOUND('',#2645,.T.);
#2833=FACE_BOUND('',#2646,.T.);
#2834=FACE_BOUND('',#2647,.T.);
#2835=FACE_BOUND('',#2648,.T.);
#2836=FACE_BOUND('',#2649,.T.);
#2837=FACE_BOUND('',#2650,.T.);
#2838=FACE_BOUND('',#2651,.T.);
#2839=FACE_BOUND('',#2652,.T.);
#2840=FACE_BOUND('',#2653,.T.);
#2841=FACE_BOUND('',#2654,.T.);
#2842=FACE_BOUND('',#2655,.T.);
#2843=FACE_BOUND('',#2656,.T.);
#2844=FACE_BOUND('',#2657,.T.);
#2845=FACE_BOUND('',#2658,.T.);
#2846=FACE_BOUND('',#2659,.T.);
#2847=FACE_BOUND('',#2660,.T.);
#2848=FACE_BOUND('',#2661,.T.);
#2849=FACE_BOUND('',#2662,.T.);
#2850=FACE_BOUND('',#2663,.T.);
#2851=FACE_BOUND('',#2664,.T.);
#2852=FACE_BOUND('',#2665,.T.);
#2853=FACE_BOUND('',#2666,.T.);
#2854=PLANE('',#3142);
#2855=PLANE('',#3145);
#2856=PLANE('',#3155);
#2857=PLANE('',#3156);
#2858=PLANE('',#3164);
#2859=PLANE('',#3166);
#2860=PLANE('',#3168);
#2861=PLANE('',#3171);
#2862=PLANE('',#3174);
#2863=PLANE('',#3176);
#2864=PLANE('',#3178);
#2865=PLANE('',#3180);
#2866=PLANE('',#3229);
#2867=PLANE('',#3246);
#2868=PLANE('',#3247);
#2869=PLANE('',#3248);
#2870=PLANE('',#3251);
#2871=PLANE('',#3252);
#2872=PLANE('',#3253);
#2873=PLANE('',#3256);
#2874=PLANE('',#3257);
#2875=PLANE('',#3258);
#2876=PLANE('',#3261);
#2877=PLANE('',#3262);
#2878=PLANE('',#3263);
#2879=PLANE('',#3266);
#2880=PLANE('',#3267);
#2881=PLANE('',#3270);
#2882=PLANE('',#3271);
#2883=PLANE('',#3272);
#2884=PLANE('',#3273);
#2885=PLANE('',#3276);
#2886=PLANE('',#3277);
#2887=PLANE('',#3280);
#2888=PLANE('',#3281);
#2889=PLANE('',#3282);
#2890=PLANE('',#3283);
#2891=PLANE('',#3284);
#2892=PLANE('',#3285);
#2893=PLANE('',#3290);
#2894=PLANE('',#3291);
#2895=PLANE('',#3292);
#2896=PLANE('',#3293);
#2897=PLANE('',#3294);
#2898=PLANE('',#3295);
#2899=PLANE('',#3298);
#2900=PLANE('',#3299);
#2901=PLANE('',#3302);
#2902=PLANE('',#3303);
#2903=PLANE('',#3304);
#2904=PLANE('',#3305);
#2905=PLANE('',#3308);
#2906=PLANE('',#3309);
#2907=PLANE('',#3312);
#2908=PLANE('',#3313);
#2909=PLANE('',#3314);
#2910=PLANE('',#3315);
#2911=PLANE('',#3316);
#2912=PLANE('',#3317);
#2913=PLANE('',#3322);
#2914=PLANE('',#3323);
#2915=PLANE('',#3324);
#2916=PLANE('',#3325);
#2917=PLANE('',#3326);
#2918=PLANE('',#3327);
#2919=PLANE('',#3330);
#2920=PLANE('',#3331);
#2921=PLANE('',#3332);
#2922=PLANE('',#3333);
#2923=PLANE('',#3334);
#2924=PLANE('',#3335);
#2925=PLANE('',#3336);
#2926=PLANE('',#3337);
#2927=PLANE('',#3338);
#2928=PLANE('',#3339);
#2929=PLANE('',#3340);
#2930=PLANE('',#3341);
#2931=PLANE('',#3342);
#2932=PLANE('',#3343);
#2933=PLANE('',#3344);
#2934=PLANE('',#3345);
#2935=PLANE('',#3346);
#2936=PLANE('',#3347);
#2937=PLANE('',#3348);
#2938=PLANE('',#3349);
#2939=PLANE('',#3350);
#2940=PLANE('',#3351);
#2941=PLANE('',#3352);
#2942=PLANE('',#3353);
#2943=PLANE('',#3354);
#2944=PLANE('',#3355);
#2945=PLANE('',#3356);
#2946=PLANE('',#3357);
#2947=PLANE('',#3361);
#2948=PLANE('',#3365);
#2949=PLANE('',#3369);
#2950=PLANE('',#3376);
#2951=PLANE('',#3380);
#2952=PLANE('',#3384);
#2953=PLANE('',#3391);
#2954=PLANE('',#3395);
#2955=PLANE('',#3399);
#2956=PLANE('',#3406);
#2957=PLANE('',#3410);
#2958=PLANE('',#3414);
#2959=PLANE('',#3418);
#2960=PLANE('',#3419);
#2961=PLANE('',#3420);
#2962=PLANE('',#3421);
#2963=PLANE('',#3422);
#2964=PLANE('',#3423);
#2965=PLANE('',#3424);
#2966=PLANE('',#3425);
#2967=PLANE('',#3426);
#2968=ADVANCED_FACE('',(#2667,#2668,#2669),#2854,.T.);
#2969=ADVANCED_FACE('',(#2670,#2671,#2672),#2855,.T.);
#2970=ADVANCED_FACE('',(#2673),#24,.T.);
#2971=ADVANCED_FACE('',(#2674),#2856,.F.);
#2972=ADVANCED_FACE('',(#2675),#2857,.F.);
#2973=ADVANCED_FACE('',(#2676),#25,.T.);
#2974=ADVANCED_FACE('',(#2677),#2858,.T.);
#2975=ADVANCED_FACE('',(#2678),#2859,.F.);
#2976=ADVANCED_FACE('',(#2679,#2680,#2681),#2860,.T.);
#2977=ADVANCED_FACE('',(#2682,#2683,#2684),#2861,.T.);
#2978=ADVANCED_FACE('',(#2685),#2862,.F.);
#2979=ADVANCED_FACE('',(#2686),#2863,.T.);
#2980=ADVANCED_FACE('',(#2687),#2864,.T.);
#2981=ADVANCED_FACE('',(#2688),#2865,.F.);
#2982=ADVANCED_FACE('',(#2689),#26,.F.);
#2983=ADVANCED_FACE('',(#2690),#27,.F.);
#2984=ADVANCED_FACE('',(#2691),#28,.F.);
#2985=ADVANCED_FACE('',(#2692,#2693),#29,.F.);
#2986=ADVANCED_FACE('',(#2694,#2695),#30,.F.);
#2987=ADVANCED_FACE('',(#2696,#2697),#31,.F.);
#2988=ADVANCED_FACE('',(#2698,#2699),#32,.F.);
#2989=ADVANCED_FACE('',(#2700,#2701),#33,.F.);
#2990=ADVANCED_FACE('',(#2702,#2703),#34,.F.);
#2991=ADVANCED_FACE('',(#2704,#2705),#35,.F.);
#2992=ADVANCED_FACE('',(#2706,#2707),#36,.F.);
#2993=ADVANCED_FACE('',(#2708,#2709,#2710,#2711,#2712),#2866,.T.);
#2994=ADVANCED_FACE('',(#2713),#2867,.T.);
#2995=ADVANCED_FACE('',(#2714),#2868,.T.);
#2996=ADVANCED_FACE('',(#2715),#2869,.T.);
#2997=ADVANCED_FACE('',(#2716),#37,.T.);
#2998=ADVANCED_FACE('',(#2717),#2870,.T.);
#2999=ADVANCED_FACE('',(#2718),#2871,.T.);
#3000=ADVANCED_FACE('',(#2719),#2872,.T.);
#3001=ADVANCED_FACE('',(#2720),#38,.T.);
#3002=ADVANCED_FACE('',(#2721),#2873,.T.);
#3003=ADVANCED_FACE('',(#2722),#2874,.T.);
#3004=ADVANCED_FACE('',(#2723),#2875,.T.);
#3005=ADVANCED_FACE('',(#2724),#39,.T.);
#3006=ADVANCED_FACE('',(#2725),#2876,.T.);
#3007=ADVANCED_FACE('',(#2726),#2877,.T.);
#3008=ADVANCED_FACE('',(#2727),#2878,.T.);
#3009=ADVANCED_FACE('',(#2728),#40,.T.);
#3010=ADVANCED_FACE('',(#2729),#2879,.T.);
#3011=ADVANCED_FACE('',(#2730),#2880,.T.);
#3012=ADVANCED_FACE('',(#2731),#41,.T.);
#3013=ADVANCED_FACE('',(#2732),#2881,.T.);
#3014=ADVANCED_FACE('',(#2733),#2882,.T.);
#3015=ADVANCED_FACE('',(#2734),#2883,.T.);
#3016=ADVANCED_FACE('',(#2735),#2884,.T.);
#3017=ADVANCED_FACE('',(#2736),#42,.T.);
#3018=ADVANCED_FACE('',(#2737),#2885,.T.);
#3019=ADVANCED_FACE('',(#2738),#2886,.T.);
#3020=ADVANCED_FACE('',(#2739),#43,.T.);
#3021=ADVANCED_FACE('',(#2740),#2887,.T.);
#3022=ADVANCED_FACE('',(#2741),#2888,.T.);
#3023=ADVANCED_FACE('',(#2742),#2889,.T.);
#3024=ADVANCED_FACE('',(#2743),#2890,.T.);
#3025=ADVANCED_FACE('',(#2744),#2891,.T.);
#3026=ADVANCED_FACE('',(#2745),#2892,.T.);
#3027=ADVANCED_FACE('',(#2746),#44,.T.);
#3028=ADVANCED_FACE('',(#2747),#45,.T.);
#3029=ADVANCED_FACE('',(#2748),#2893,.T.);
#3030=ADVANCED_FACE('',(#2749),#2894,.T.);
#3031=ADVANCED_FACE('',(#2750),#2895,.T.);
#3032=ADVANCED_FACE('',(#2751),#2896,.T.);
#3033=ADVANCED_FACE('',(#2752),#2897,.T.);
#3034=ADVANCED_FACE('',(#2753),#2898,.T.);
#3035=ADVANCED_FACE('',(#2754),#46,.T.);
#3036=ADVANCED_FACE('',(#2755),#2899,.T.);
#3037=ADVANCED_FACE('',(#2756),#2900,.T.);
#3038=ADVANCED_FACE('',(#2757),#47,.T.);
#3039=ADVANCED_FACE('',(#2758),#2901,.T.);
#3040=ADVANCED_FACE('',(#2759),#2902,.T.);
#3041=ADVANCED_FACE('',(#2760),#2903,.T.);
#3042=ADVANCED_FACE('',(#2761),#2904,.T.);
#3043=ADVANCED_FACE('',(#2762),#48,.T.);
#3044=ADVANCED_FACE('',(#2763),#2905,.T.);
#3045=ADVANCED_FACE('',(#2764),#2906,.T.);
#3046=ADVANCED_FACE('',(#2765),#49,.T.);
#3047=ADVANCED_FACE('',(#2766),#2907,.T.);
#3048=ADVANCED_FACE('',(#2767),#2908,.T.);
#3049=ADVANCED_FACE('',(#2768),#2909,.T.);
#3050=ADVANCED_FACE('',(#2769),#2910,.T.);
#3051=ADVANCED_FACE('',(#2770),#2911,.T.);
#3052=ADVANCED_FACE('',(#2771),#2912,.T.);
#3053=ADVANCED_FACE('',(#2772),#50,.T.);
#3054=ADVANCED_FACE('',(#2773),#51,.T.);
#3055=ADVANCED_FACE('',(#2774),#2913,.T.);
#3056=ADVANCED_FACE('',(#2775),#2914,.T.);
#3057=ADVANCED_FACE('',(#2776),#2915,.T.);
#3058=ADVANCED_FACE('',(#2777),#2916,.T.);
#3059=ADVANCED_FACE('',(#2778),#2917,.T.);
#3060=ADVANCED_FACE('',(#2779),#2918,.T.);
#3061=ADVANCED_FACE('',(#2780),#52,.T.);
#3062=ADVANCED_FACE('',(#2781),#2919,.T.);
#3063=ADVANCED_FACE('',(#2782),#2920,.T.);
#3064=ADVANCED_FACE('',(#2783),#2921,.T.);
#3065=ADVANCED_FACE('',(#2784),#2922,.T.);
#3066=ADVANCED_FACE('',(#2785),#2923,.T.);
#3067=ADVANCED_FACE('',(#2786),#2924,.T.);
#3068=ADVANCED_FACE('',(#2787),#2925,.T.);
#3069=ADVANCED_FACE('',(#2788),#2926,.T.);
#3070=ADVANCED_FACE('',(#2789),#2927,.T.);
#3071=ADVANCED_FACE('',(#2790),#2928,.T.);
#3072=ADVANCED_FACE('',(#2791),#2929,.T.);
#3073=ADVANCED_FACE('',(#2792),#2930,.T.);
#3074=ADVANCED_FACE('',(#2793),#2931,.F.);
#3075=ADVANCED_FACE('',(#2794),#2932,.F.);
#3076=ADVANCED_FACE('',(#2795),#2933,.F.);
#3077=ADVANCED_FACE('',(#2796),#2934,.F.);
#3078=ADVANCED_FACE('',(#2797),#2935,.F.);
#3079=ADVANCED_FACE('',(#2798),#2936,.F.);
#3080=ADVANCED_FACE('',(#2799),#2937,.F.);
#3081=ADVANCED_FACE('',(#2800),#2938,.F.);
#3082=ADVANCED_FACE('',(#2801),#2939,.F.);
#3083=ADVANCED_FACE('',(#2802),#2940,.F.);
#3084=ADVANCED_FACE('',(#2803),#2941,.F.);
#3085=ADVANCED_FACE('',(#2804),#2942,.F.);
#3086=ADVANCED_FACE('',(#2805),#2943,.F.);
#3087=ADVANCED_FACE('',(#2806),#2944,.F.);
#3088=ADVANCED_FACE('',(#2807),#2945,.F.);
#3089=ADVANCED_FACE('',(#2808),#2946,.F.);
#3090=ADVANCED_FACE('',(#2809),#53,.T.);
#3091=ADVANCED_FACE('',(#2810),#2947,.T.);
#3092=ADVANCED_FACE('',(#2811),#54,.T.);
#3093=ADVANCED_FACE('',(#2812),#2948,.T.);
#3094=ADVANCED_FACE('',(#2813),#55,.T.);
#3095=ADVANCED_FACE('',(#2814),#2949,.T.);
#3096=ADVANCED_FACE('',(#2815),#56,.T.);
#3097=ADVANCED_FACE('',(#2816),#57,.T.);
#3098=ADVANCED_FACE('',(#2817),#2950,.T.);
#3099=ADVANCED_FACE('',(#2818),#58,.T.);
#3100=ADVANCED_FACE('',(#2819),#2951,.T.);
#3101=ADVANCED_FACE('',(#2820),#59,.T.);
#3102=ADVANCED_FACE('',(#2821),#2952,.T.);
#3103=ADVANCED_FACE('',(#2822),#60,.T.);
#3104=ADVANCED_FACE('',(#2823),#61,.T.);
#3105=ADVANCED_FACE('',(#2824),#2953,.T.);
#3106=ADVANCED_FACE('',(#2825),#62,.T.);
#3107=ADVANCED_FACE('',(#2826),#2954,.T.);
#3108=ADVANCED_FACE('',(#2827),#63,.T.);
#3109=ADVANCED_FACE('',(#2828),#2955,.T.);
#3110=ADVANCED_FACE('',(#2829),#64,.T.);
#3111=ADVANCED_FACE('',(#2830),#65,.T.);
#3112=ADVANCED_FACE('',(#2831),#2956,.T.);
#3113=ADVANCED_FACE('',(#2832),#66,.T.);
#3114=ADVANCED_FACE('',(#2833),#2957,.T.);
#3115=ADVANCED_FACE('',(#2834),#67,.T.);
#3116=ADVANCED_FACE('',(#2835),#2958,.T.);
#3117=ADVANCED_FACE('',(#2836),#68,.T.);
#3118=ADVANCED_FACE('',(#2837),#2959,.T.);
#3119=ADVANCED_FACE('',(#2838),#2960,.T.);
#3120=ADVANCED_FACE('',(#2839),#2961,.T.);
#3121=ADVANCED_FACE('',(#2840),#2962,.T.);
#3122=ADVANCED_FACE('',(#2841,#2842,#2843,#2844,#2845,#2846,#2847,#2848,
#2849),#2963,.F.);
#3123=ADVANCED_FACE('',(#2850),#2964,.F.);
#3124=ADVANCED_FACE('',(#2851),#2965,.F.);
#3125=ADVANCED_FACE('',(#2852),#2966,.F.);
#3126=ADVANCED_FACE('',(#2853),#2967,.F.);
#3127=CLOSED_SHELL('',(#2968,#2969,#2970,#2971,#2972,#2973,#2974,#2975,
#2976,#2977,#2978,#2979,#2980,#2981,#2982,#2983,#2984,#2985,#2986,#2987,
#2988,#2989,#2990,#2991,#2992,#2993,#2994,#2995,#2996,#2997,#2998,#2999,
#3000,#3001,#3002,#3003,#3004,#3005,#3006,#3007,#3008,#3009,#3010,#3011,
#3012,#3013,#3014,#3015,#3016,#3017,#3018,#3019,#3020,#3021,#3022,#3023,
#3024,#3025,#3026,#3027,#3028,#3029,#3030,#3031,#3032,#3033,#3034,#3035,
#3036,#3037,#3038,#3039,#3040,#3041,#3042,#3043,#3044,#3045,#3046,#3047,
#3048,#3049,#3050,#3051,#3052,#3053,#3054,#3055,#3056,#3057,#3058,#3059,
#3060,#3061,#3062,#3063,#3064,#3065,#3066,#3067,#3068,#3069,#3070,#3071,
#3072,#3073,#3074,#3075,#3076,#3077,#3078,#3079,#3080,#3081,#3082,#3083,
#3084,#3085,#3086,#3087,#3088,#3089,#3090,#3091,#3092,#3093,#3094,#3095,
#3096,#3097,#3098,#3099,#3100,#3101,#3102,#3103,#3104,#3105,#3106,#3107,
#3108,#3109,#3110,#3111,#3112,#3113,#3114,#3115,#3116,#3117,#3118,#3119,
#3120,#3121,#3122,#3123,#3124,#3125,#3126));
#3128=STYLED_ITEM('',(#3129),#3136);
#3129=PRESENTATION_STYLE_ASSIGNMENT((#3130));
#3130=SURFACE_STYLE_USAGE(.BOTH.,#3131);
#3131=SURFACE_SIDE_STYLE('',(#3132));
#3132=SURFACE_STYLE_FILL_AREA(#3133);
#3133=FILL_AREA_STYLE('',(#3134));
#3134=FILL_AREA_STYLE_COLOUR('',#3135);
#3135=COLOUR_RGB('',0.689999997615814,0.689999997615814,0.689999997615814);
#3136=MANIFOLD_SOLID_BREP('HBLFSDW5h5',#3127);
#3137=SHAPE_DEFINITION_REPRESENTATION(#5241,#3139);
#3138=SHAPE_DEFINITION_REPRESENTATION(#5242,#3140);
#3139=SHAPE_REPRESENTATION('HBLFSDW5',(#3141,#3427),#5234);
#3140=SHAPE_REPRESENTATION('HBLFSDW5h5',(#3141),#5235);
#3141=AXIS2_PLACEMENT_3D('',#4323,#3428,#3429);
#3142=AXIS2_PLACEMENT_3D('',#4324,#3430,#3431);
#3143=AXIS2_PLACEMENT_3D('',#4325,#3432,#3433);
#3144=AXIS2_PLACEMENT_3D('',#4327,#3434,#3435);
#3145=AXIS2_PLACEMENT_3D('',#4337,#3440,#3441);
#3146=AXIS2_PLACEMENT_3D('',#4338,#3442,#3443);
#3147=AXIS2_PLACEMENT_3D('',#4340,#3444,#3445);
#3148=AXIS2_PLACEMENT_3D('',#4347,#3449,#3450);
#3149=AXIS2_PLACEMENT_3D('',#4351,#3452,#3453);
#3150=AXIS2_PLACEMENT_3D('',#4355,#3455,#3456);
#3151=AXIS2_PLACEMENT_3D('',#4356,#3457,#3458);
#3152=AXIS2_PLACEMENT_3D('',#4360,#3460,#3461);
#3153=AXIS2_PLACEMENT_3D('',#4364,#3463,#3464);
#3154=AXIS2_PLACEMENT_3D('',#4368,#3466,#3467);
#3155=AXIS2_PLACEMENT_3D('',#4369,#3468,#3469);
#3156=AXIS2_PLACEMENT_3D('',#4375,#3473,#3474);
#3157=AXIS2_PLACEMENT_3D('',#4384,#3479,#3480);
#3158=AXIS2_PLACEMENT_3D('',#4385,#3481,#3482);
#3159=AXIS2_PLACEMENT_3D('',#4389,#3484,#3485);
#3160=AXIS2_PLACEMENT_3D('',#4390,#3486,#3487);
#3161=AXIS2_PLACEMENT_3D('',#4394,#3489,#3490);
#3162=AXIS2_PLACEMENT_3D('',#4398,#3492,#3493);
#3163=AXIS2_PLACEMENT_3D('',#4402,#3495,#3496);
#3164=AXIS2_PLACEMENT_3D('',#4403,#3497,#3498);
#3165=AXIS2_PLACEMENT_3D('',#4406,#3500,#3501);
#3166=AXIS2_PLACEMENT_3D('',#4408,#3503,#3504);
#3167=AXIS2_PLACEMENT_3D('',#4412,#3507,#3508);
#3168=AXIS2_PLACEMENT_3D('',#4413,#3509,#3510);
#3169=AXIS2_PLACEMENT_3D('',#4414,#3511,#3512);
#3170=AXIS2_PLACEMENT_3D('',#4416,#3513,#3514);
#3171=AXIS2_PLACEMENT_3D('',#4423,#3518,#3519);
#3172=AXIS2_PLACEMENT_3D('',#4424,#3520,#3521);
#3173=AXIS2_PLACEMENT_3D('',#4426,#3522,#3523);
#3174=AXIS2_PLACEMENT_3D('',#4430,#3526,#3527);
#3175=AXIS2_PLACEMENT_3D('',#4431,#3528,#3529);
#3176=AXIS2_PLACEMENT_3D('',#4432,#3530,#3531);
#3177=AXIS2_PLACEMENT_3D('',#4433,#3532,#3533);
#3178=AXIS2_PLACEMENT_3D('',#4434,#3534,#3535);
#3179=AXIS2_PLACEMENT_3D('',#4435,#3536,#3537);
#3180=AXIS2_PLACEMENT_3D('',#4436,#3538,#3539);
#3181=AXIS2_PLACEMENT_3D('',#4437,#3540,#3541);
#3182=AXIS2_PLACEMENT_3D('',#4438,#3542,#3543);
#3183=AXIS2_PLACEMENT_3D('',#4439,#3544,#3545);
#3184=AXIS2_PLACEMENT_3D('',#4440,#3546,#3547);
#3185=AXIS2_PLACEMENT_3D('',#4441,#3548,#3549);
#3186=AXIS2_PLACEMENT_3D('',#4442,#3550,#3551);
#3187=AXIS2_PLACEMENT_3D('',#4447,#3553,#3554);
#3188=AXIS2_PLACEMENT_3D('',#4451,#3556,#3557);
#3189=AXIS2_PLACEMENT_3D('',#4455,#3559,#3560);
#3190=AXIS2_PLACEMENT_3D('',#4459,#3562,#3563);
#3191=AXIS2_PLACEMENT_3D('',#4463,#3565,#3566);
#3192=AXIS2_PLACEMENT_3D('',#4467,#3568,#3569);
#3193=AXIS2_PLACEMENT_3D('',#4471,#3571,#3572);
#3194=AXIS2_PLACEMENT_3D('',#4474,#3574,#3575);
#3195=AXIS2_PLACEMENT_3D('',#4475,#3576,#3577);
#3196=AXIS2_PLACEMENT_3D('',#4480,#3579,#3580);
#3197=AXIS2_PLACEMENT_3D('',#4484,#3582,#3583);
#3198=AXIS2_PLACEMENT_3D('',#4488,#3585,#3586);
#3199=AXIS2_PLACEMENT_3D('',#4492,#3588,#3589);
#3200=AXIS2_PLACEMENT_3D('',#4496,#3591,#3592);
#3201=AXIS2_PLACEMENT_3D('',#4500,#3594,#3595);
#3202=AXIS2_PLACEMENT_3D('',#4504,#3597,#3598);
#3203=AXIS2_PLACEMENT_3D('',#4507,#3600,#3601);
#3204=AXIS2_PLACEMENT_3D('',#4508,#3602,#3603);
#3205=AXIS2_PLACEMENT_3D('',#4513,#3605,#3606);
#3206=AXIS2_PLACEMENT_3D('',#4517,#3608,#3609);
#3207=AXIS2_PLACEMENT_3D('',#4521,#3611,#3612);
#3208=AXIS2_PLACEMENT_3D('',#4525,#3614,#3615);
#3209=AXIS2_PLACEMENT_3D('',#4529,#3617,#3618);
#3210=AXIS2_PLACEMENT_3D('',#4533,#3620,#3621);
#3211=AXIS2_PLACEMENT_3D('',#4537,#3623,#3624);
#3212=AXIS2_PLACEMENT_3D('',#4540,#3626,#3627);
#3213=AXIS2_PLACEMENT_3D('',#4541,#3628,#3629);
#3214=AXIS2_PLACEMENT_3D('',#4546,#3631,#3632);
#3215=AXIS2_PLACEMENT_3D('',#4550,#3634,#3635);
#3216=AXIS2_PLACEMENT_3D('',#4554,#3637,#3638);
#3217=AXIS2_PLACEMENT_3D('',#4558,#3640,#3641);
#3218=AXIS2_PLACEMENT_3D('',#4562,#3643,#3644);
#3219=AXIS2_PLACEMENT_3D('',#4566,#3646,#3647);
#3220=AXIS2_PLACEMENT_3D('',#4570,#3649,#3650);
#3221=AXIS2_PLACEMENT_3D('',#4573,#3652,#3653);
#3222=AXIS2_PLACEMENT_3D('',#4574,#3654,#3655);
#3223=AXIS2_PLACEMENT_3D('',#4576,#3656,#3657);
#3224=AXIS2_PLACEMENT_3D('',#4577,#3658,#3659);
#3225=AXIS2_PLACEMENT_3D('',#4579,#3660,#3661);
#3226=AXIS2_PLACEMENT_3D('',#4580,#3662,#3663);
#3227=AXIS2_PLACEMENT_3D('',#4582,#3664,#3665);
#3228=AXIS2_PLACEMENT_3D('',#4583,#3666,#3667);
#3229=AXIS2_PLACEMENT_3D('',#4585,#3668,#3669);
#3230=AXIS2_PLACEMENT_3D('',#4591,#3673,#3674);
#3231=AXIS2_PLACEMENT_3D('',#4600,#3679,#3680);
#3232=AXIS2_PLACEMENT_3D('',#4609,#3685,#3686);
#3233=AXIS2_PLACEMENT_3D('',#4618,#3691,#3692);
#3234=AXIS2_PLACEMENT_3D('',#4627,#3697,#3698);
#3235=AXIS2_PLACEMENT_3D('',#4636,#3703,#3704);
#3236=AXIS2_PLACEMENT_3D('',#4645,#3709,#3710);
#3237=AXIS2_PLACEMENT_3D('',#4654,#3715,#3716);
#3238=AXIS2_PLACEMENT_3D('',#4663,#3721,#3722);
#3239=AXIS2_PLACEMENT_3D('',#4672,#3727,#3728);
#3240=AXIS2_PLACEMENT_3D('',#4681,#3733,#3734);
#3241=AXIS2_PLACEMENT_3D('',#4690,#3739,#3740);
#3242=AXIS2_PLACEMENT_3D('',#4699,#3745,#3746);
#3243=AXIS2_PLACEMENT_3D('',#4708,#3751,#3752);
#3244=AXIS2_PLACEMENT_3D('',#4717,#3757,#3758);
#3245=AXIS2_PLACEMENT_3D('',#4726,#3763,#3764);
#3246=AXIS2_PLACEMENT_3D('',#4731,#3767,#3768);
#3247=AXIS2_PLACEMENT_3D('',#4735,#3771,#3772);
#3248=AXIS2_PLACEMENT_3D('',#4739,#3775,#3776);
#3249=AXIS2_PLACEMENT_3D('',#4743,#3779,#3780);
#3250=AXIS2_PLACEMENT_3D('',#4746,#3782,#3783);
#3251=AXIS2_PLACEMENT_3D('',#4747,#3784,#3785);
#3252=AXIS2_PLACEMENT_3D('',#4751,#3788,#3789);
#3253=AXIS2_PLACEMENT_3D('',#4755,#3792,#3793);
#3254=AXIS2_PLACEMENT_3D('',#4759,#3796,#3797);
#3255=AXIS2_PLACEMENT_3D('',#4762,#3799,#3800);
#3256=AXIS2_PLACEMENT_3D('',#4763,#3801,#3802);
#3257=AXIS2_PLACEMENT_3D('',#4767,#3805,#3806);
#3258=AXIS2_PLACEMENT_3D('',#4771,#3809,#3810);
#3259=AXIS2_PLACEMENT_3D('',#4775,#3813,#3814);
#3260=AXIS2_PLACEMENT_3D('',#4778,#3816,#3817);
#3261=AXIS2_PLACEMENT_3D('',#4779,#3818,#3819);
#3262=AXIS2_PLACEMENT_3D('',#4783,#3822,#3823);
#3263=AXIS2_PLACEMENT_3D('',#4787,#3826,#3827);
#3264=AXIS2_PLACEMENT_3D('',#4791,#3830,#3831);
#3265=AXIS2_PLACEMENT_3D('',#4794,#3833,#3834);
#3266=AXIS2_PLACEMENT_3D('',#4795,#3835,#3836);
#3267=AXIS2_PLACEMENT_3D('',#4799,#3839,#3840);
#3268=AXIS2_PLACEMENT_3D('',#4803,#3843,#3844);
#3269=AXIS2_PLACEMENT_3D('',#4806,#3846,#3847);
#3270=AXIS2_PLACEMENT_3D('',#4807,#3848,#3849);
#3271=AXIS2_PLACEMENT_3D('',#4811,#3852,#3853);
#3272=AXIS2_PLACEMENT_3D('',#4813,#3855,#3856);
#3273=AXIS2_PLACEMENT_3D('',#4817,#3859,#3860);
#3274=AXIS2_PLACEMENT_3D('',#4821,#3863,#3864);
#3275=AXIS2_PLACEMENT_3D('',#4824,#3866,#3867);
#3276=AXIS2_PLACEMENT_3D('',#4825,#3868,#3869);
#3277=AXIS2_PLACEMENT_3D('',#4829,#3872,#3873);
#3278=AXIS2_PLACEMENT_3D('',#4831,#3875,#3876);
#3279=AXIS2_PLACEMENT_3D('',#4834,#3878,#3879);
#3280=AXIS2_PLACEMENT_3D('',#4837,#3881,#3882);
#3281=AXIS2_PLACEMENT_3D('',#4841,#3885,#3886);
#3282=AXIS2_PLACEMENT_3D('',#4843,#3888,#3889);
#3283=AXIS2_PLACEMENT_3D('',#4847,#3892,#3893);
#3284=AXIS2_PLACEMENT_3D('',#4851,#3896,#3897);
#3285=AXIS2_PLACEMENT_3D('',#4855,#3900,#3901);
#3286=AXIS2_PLACEMENT_3D('',#4859,#3904,#3905);
#3287=AXIS2_PLACEMENT_3D('',#4862,#3907,#3908);
#3288=AXIS2_PLACEMENT_3D('',#4863,#3909,#3910);
#3289=AXIS2_PLACEMENT_3D('',#4866,#3912,#3913);
#3290=AXIS2_PLACEMENT_3D('',#4869,#3915,#3916);
#3291=AXIS2_PLACEMENT_3D('',#4873,#3919,#3920);
#3292=AXIS2_PLACEMENT_3D('',#4875,#3922,#3923);
#3293=AXIS2_PLACEMENT_3D('',#4879,#3926,#3927);
#3294=AXIS2_PLACEMENT_3D('',#4883,#3930,#3931);
#3295=AXIS2_PLACEMENT_3D('',#4887,#3934,#3935);
#3296=AXIS2_PLACEMENT_3D('',#4891,#3938,#3939);
#3297=AXIS2_PLACEMENT_3D('',#4894,#3941,#3942);
#3298=AXIS2_PLACEMENT_3D('',#4895,#3943,#3944);
#3299=AXIS2_PLACEMENT_3D('',#4899,#3947,#3948);
#3300=AXIS2_PLACEMENT_3D('',#4903,#3951,#3952);
#3301=AXIS2_PLACEMENT_3D('',#4906,#3954,#3955);
#3302=AXIS2_PLACEMENT_3D('',#4907,#3956,#3957);
#3303=AXIS2_PLACEMENT_3D('',#4911,#3960,#3961);
#3304=AXIS2_PLACEMENT_3D('',#4913,#3963,#3964);
#3305=AXIS2_PLACEMENT_3D('',#4917,#3967,#3968);
#3306=AXIS2_PLACEMENT_3D('',#4921,#3971,#3972);
#3307=AXIS2_PLACEMENT_3D('',#4924,#3974,#3975);
#3308=AXIS2_PLACEMENT_3D('',#4925,#3976,#3977);
#3309=AXIS2_PLACEMENT_3D('',#4929,#3980,#3981);
#3310=AXIS2_PLACEMENT_3D('',#4931,#3983,#3984);
#3311=AXIS2_PLACEMENT_3D('',#4934,#3986,#3987);
#3312=AXIS2_PLACEMENT_3D('',#4937,#3989,#3990);
#3313=AXIS2_PLACEMENT_3D('',#4941,#3993,#3994);
#3314=AXIS2_PLACEMENT_3D('',#4943,#3996,#3997);
#3315=AXIS2_PLACEMENT_3D('',#4947,#4000,#4001);
#3316=AXIS2_PLACEMENT_3D('',#4951,#4004,#4005);
#3317=AXIS2_PLACEMENT_3D('',#4955,#4008,#4009);
#3318=AXIS2_PLACEMENT_3D('',#4959,#4012,#4013);
#3319=AXIS2_PLACEMENT_3D('',#4962,#4015,#4016);
#3320=AXIS2_PLACEMENT_3D('',#4963,#4017,#4018);
#3321=AXIS2_PLACEMENT_3D('',#4966,#4020,#4021);
#3322=AXIS2_PLACEMENT_3D('',#4969,#4023,#4024);
#3323=AXIS2_PLACEMENT_3D('',#4973,#4027,#4028);
#3324=AXIS2_PLACEMENT_3D('',#4975,#4030,#4031);
#3325=AXIS2_PLACEMENT_3D('',#4979,#4034,#4035);
#3326=AXIS2_PLACEMENT_3D('',#4983,#4038,#4039);
#3327=AXIS2_PLACEMENT_3D('',#4987,#4042,#4043);
#3328=AXIS2_PLACEMENT_3D('',#4991,#4046,#4047);
#3329=AXIS2_PLACEMENT_3D('',#4994,#4049,#4050);
#3330=AXIS2_PLACEMENT_3D('',#4995,#4051,#4052);
#3331=AXIS2_PLACEMENT_3D('',#4997,#4054,#4055);
#3332=AXIS2_PLACEMENT_3D('',#4999,#4057,#4058);
#3333=AXIS2_PLACEMENT_3D('',#5001,#4060,#4061);
#3334=AXIS2_PLACEMENT_3D('',#5003,#4063,#4064);
#3335=AXIS2_PLACEMENT_3D('',#5005,#4066,#4067);
#3336=AXIS2_PLACEMENT_3D('',#5007,#4069,#4070);
#3337=AXIS2_PLACEMENT_3D('',#5009,#4072,#4073);
#3338=AXIS2_PLACEMENT_3D('',#5011,#4075,#4076);
#3339=AXIS2_PLACEMENT_3D('',#5013,#4078,#4079);
#3340=AXIS2_PLACEMENT_3D('',#5015,#4081,#4082);
#3341=AXIS2_PLACEMENT_3D('',#5017,#4084,#4085);
#3342=AXIS2_PLACEMENT_3D('',#5019,#4087,#4088);
#3343=AXIS2_PLACEMENT_3D('',#5020,#4089,#4090);
#3344=AXIS2_PLACEMENT_3D('',#5021,#4091,#4092);
#3345=AXIS2_PLACEMENT_3D('',#5022,#4093,#4094);
#3346=AXIS2_PLACEMENT_3D('',#5023,#4095,#4096);
#3347=AXIS2_PLACEMENT_3D('',#5024,#4097,#4098);
#3348=AXIS2_PLACEMENT_3D('',#5025,#4099,#4100);
#3349=AXIS2_PLACEMENT_3D('',#5026,#4101,#4102);
#3350=AXIS2_PLACEMENT_3D('',#5027,#4103,#4104);
#3351=AXIS2_PLACEMENT_3D('',#5028,#4105,#4106);
#3352=AXIS2_PLACEMENT_3D('',#5029,#4107,#4108);
#3353=AXIS2_PLACEMENT_3D('',#5030,#4109,#4110);
#3354=AXIS2_PLACEMENT_3D('',#5031,#4111,#4112);
#3355=AXIS2_PLACEMENT_3D('',#5032,#4113,#4114);
#3356=AXIS2_PLACEMENT_3D('',#5033,#4115,#4116);
#3357=AXIS2_PLACEMENT_3D('',#5034,#4117,#4118);
#3358=AXIS2_PLACEMENT_3D('',#5035,#4119,#4120);
#3359=AXIS2_PLACEMENT_3D('',#5036,#4121,#4122);
#3360=AXIS2_PLACEMENT_3D('',#5041,#4124,#4125);
#3361=AXIS2_PLACEMENT_3D('',#5044,#4127,#4128);
#3362=AXIS2_PLACEMENT_3D('',#5050,#4132,#4133);
#3363=AXIS2_PLACEMENT_3D('',#5051,#4134,#4135);
#3364=AXIS2_PLACEMENT_3D('',#5053,#4136,#4137);
#3365=AXIS2_PLACEMENT_3D('',#5056,#4139,#4140);
#3366=AXIS2_PLACEMENT_3D('',#5062,#4144,#4145);
#3367=AXIS2_PLACEMENT_3D('',#5063,#4146,#4147);
#3368=AXIS2_PLACEMENT_3D('',#5065,#4148,#4149);
#3369=AXIS2_PLACEMENT_3D('',#5068,#4151,#4152);
#3370=AXIS2_PLACEMENT_3D('',#5074,#4156,#4157);
#3371=AXIS2_PLACEMENT_3D('',#5075,#4158,#4159);
#3372=AXIS2_PLACEMENT_3D('',#5077,#4160,#4161);
#3373=AXIS2_PLACEMENT_3D('',#5080,#4163,#4164);
#3374=AXIS2_PLACEMENT_3D('',#5081,#4165,#4166);
#3375=AXIS2_PLACEMENT_3D('',#5086,#4168,#4169);
#3376=AXIS2_PLACEMENT_3D('',#5089,#4171,#4172);
#3377=AXIS2_PLACEMENT_3D('',#5095,#4176,#4177);
#3378=AXIS2_PLACEMENT_3D('',#5096,#4178,#4179);
#3379=AXIS2_PLACEMENT_3D('',#5098,#4180,#4181);
#3380=AXIS2_PLACEMENT_3D('',#5101,#4183,#4184);
#3381=AXIS2_PLACEMENT_3D('',#5107,#4188,#4189);
#3382=AXIS2_PLACEMENT_3D('',#5108,#4190,#4191);
#3383=AXIS2_PLACEMENT_3D('',#5110,#4192,#4193);
#3384=AXIS2_PLACEMENT_3D('',#5113,#4195,#4196);
#3385=AXIS2_PLACEMENT_3D('',#5119,#4200,#4201);
#3386=AXIS2_PLACEMENT_3D('',#5120,#4202,#4203);
#3387=AXIS2_PLACEMENT_3D('',#5122,#4204,#4205);
#3388=AXIS2_PLACEMENT_3D('',#5125,#4207,#4208);
#3389=AXIS2_PLACEMENT_3D('',#5126,#4209,#4210);
#3390=AXIS2_PLACEMENT_3D('',#5131,#4212,#4213);
#3391=AXIS2_PLACEMENT_3D('',#5134,#4215,#4216);
#3392=AXIS2_PLACEMENT_3D('',#5140,#4220,#4221);
#3393=AXIS2_PLACEMENT_3D('',#5141,#4222,#4223);
#3394=AXIS2_PLACEMENT_3D('',#5143,#4224,#4225);
#3395=AXIS2_PLACEMENT_3D('',#5146,#4227,#4228);
#3396=AXIS2_PLACEMENT_3D('',#5152,#4232,#4233);
#3397=AXIS2_PLACEMENT_3D('',#5153,#4234,#4235);
#3398=AXIS2_PLACEMENT_3D('',#5155,#4236,#4237);
#3399=AXIS2_PLACEMENT_3D('',#5158,#4239,#4240);
#3400=AXIS2_PLACEMENT_3D('',#5164,#4244,#4245);
#3401=AXIS2_PLACEMENT_3D('',#5165,#4246,#4247);
#3402=AXIS2_PLACEMENT_3D('',#5167,#4248,#4249);
#3403=AXIS2_PLACEMENT_3D('',#5170,#4251,#4252);
#3404=AXIS2_PLACEMENT_3D('',#5171,#4253,#4254);
#3405=AXIS2_PLACEMENT_3D('',#5176,#4256,#4257);
#3406=AXIS2_PLACEMENT_3D('',#5179,#4259,#4260);
#3407=AXIS2_PLACEMENT_3D('',#5185,#4264,#4265);
#3408=AXIS2_PLACEMENT_3D('',#5186,#4266,#4267);
#3409=AXIS2_PLACEMENT_3D('',#5188,#4268,#4269);
#3410=AXIS2_PLACEMENT_3D('',#5191,#4271,#4272);
#3411=AXIS2_PLACEMENT_3D('',#5197,#4276,#4277);
#3412=AXIS2_PLACEMENT_3D('',#5198,#4278,#4279);
#3413=AXIS2_PLACEMENT_3D('',#5200,#4280,#4281);
#3414=AXIS2_PLACEMENT_3D('',#5203,#4283,#4284);
#3415=AXIS2_PLACEMENT_3D('',#5209,#4288,#4289);
#3416=AXIS2_PLACEMENT_3D('',#5210,#4290,#4291);
#3417=AXIS2_PLACEMENT_3D('',#5212,#4292,#4293);
#3418=AXIS2_PLACEMENT_3D('',#5215,#4295,#4296);
#3419=AXIS2_PLACEMENT_3D('',#5218,#4299,#4300);
#3420=AXIS2_PLACEMENT_3D('',#5221,#4303,#4304);
#3421=AXIS2_PLACEMENT_3D('',#5224,#4307,#4308);
#3422=AXIS2_PLACEMENT_3D('',#5227,#4311,#4312);
#3423=AXIS2_PLACEMENT_3D('',#5228,#4313,#4314);
#3424=AXIS2_PLACEMENT_3D('',#5229,#4315,#4316);
#3425=AXIS2_PLACEMENT_3D('',#5230,#4317,#4318);
#3426=AXIS2_PLACEMENT_3D('',#5231,#4319,#4320);
#3427=AXIS2_PLACEMENT_3D('',#5232,#4321,#4322);
#3428=DIRECTION('',(0.,0.,1.));
#3429=DIRECTION('',(1.,0.,0.));
#3430=DIRECTION('',(0.,1.,0.));
#3431=DIRECTION('',(0.,0.,1.));
#3432=DIRECTION('',(0.,1.,0.));
#3433=DIRECTION('',(1.,0.,0.));
#3434=DIRECTION('',(0.,1.,0.));
#3435=DIRECTION('',(1.,0.,0.));
#3436=DIRECTION('',(-1.,0.,0.));
#3437=DIRECTION('',(0.,0.,-1.));
#3438=DIRECTION('',(-1.,0.,0.));
#3439=DIRECTION('',(0.,0.,-1.));
#3440=DIRECTION('',(0.,0.,1.));
#3441=DIRECTION('',(1.,0.,0.));
#3442=DIRECTION('',(0.,0.,1.));
#3443=DIRECTION('',(1.,0.,0.));
#3444=DIRECTION('',(0.,0.,1.));
#3445=DIRECTION('',(1.,0.,0.));
#3446=DIRECTION('',(0.,1.,0.));
#3447=DIRECTION('',(-1.,0.,0.));
#3448=DIRECTION('',(0.,1.,0.));
#3449=DIRECTION('',(-1.,0.,0.));
#3450=DIRECTION('',(0.,0.,1.));
#3451=DIRECTION('',(-1.,0.,0.));
#3452=DIRECTION('',(1.,0.,0.));
#3453=DIRECTION('',(0.,0.,-1.));
#3454=DIRECTION('',(-1.,0.,0.));
#3455=DIRECTION('',(1.,0.,0.));
#3456=DIRECTION('',(0.,0.,-1.));
#3457=DIRECTION('',(1.,0.,0.));
#3458=DIRECTION('',(0.,0.,-1.));
#3459=DIRECTION('',(-1.,0.,0.));
#3460=DIRECTION('',(1.,0.,0.));
#3461=DIRECTION('',(0.,0.,-1.));
#3462=DIRECTION('',(-1.,0.,0.));
#3463=DIRECTION('',(1.,0.,0.));
#3464=DIRECTION('',(0.,0.,-1.));
#3465=DIRECTION('',(-1.,0.,0.));
#3466=DIRECTION('',(1.,0.,0.));
#3467=DIRECTION('',(0.,0.,-1.));
#3468=DIRECTION('',(0.,0.,-1.));
#3469=DIRECTION('',(-1.,0.,0.));
#3470=DIRECTION('',(0.,-1.,0.));
#3471=DIRECTION('',(1.,0.,0.));
#3472=DIRECTION('',(0.,-1.,0.));
#3473=DIRECTION('',(0.,-1.,0.));
#3474=DIRECTION('',(0.,0.,-1.));
#3475=DIRECTION('',(0.,0.,1.));
#3476=DIRECTION('',(-1.,0.,0.));
#3477=DIRECTION('',(0.,0.,1.));
#3478=DIRECTION('',(-1.,0.,0.));
#3479=DIRECTION('',(-1.,0.,0.));
#3480=DIRECTION('',(0.,0.,1.));
#3481=DIRECTION('',(1.,0.,0.));
#3482=DIRECTION('',(0.,0.,-1.));
#3483=DIRECTION('',(-1.,0.,0.));
#3484=DIRECTION('',(1.,0.,0.));
#3485=DIRECTION('',(0.,0.,-1.));
#3486=DIRECTION('',(1.,0.,0.));
#3487=DIRECTION('',(0.,0.,-1.));
#3488=DIRECTION('',(-1.,0.,0.));
#3489=DIRECTION('',(1.,0.,0.));
#3490=DIRECTION('',(0.,0.,-1.));
#3491=DIRECTION('',(-1.,0.,0.));
#3492=DIRECTION('',(1.,0.,0.));
#3493=DIRECTION('',(0.,0.,-1.));
#3494=DIRECTION('',(-1.,0.,0.));
#3495=DIRECTION('',(1.,0.,0.));
#3496=DIRECTION('',(0.,0.,-1.));
#3497=DIRECTION('',(1.,0.,0.));
#3498=DIRECTION('',(0.,0.,-1.));
#3499=DIRECTION('',(0.,1.,0.));
#3500=DIRECTION('',(1.,0.,0.));
#3501=DIRECTION('',(0.,0.,-1.));
#3502=DIRECTION('',(0.,0.,1.));
#3503=DIRECTION('',(1.,0.,0.));
#3504=DIRECTION('',(0.,0.,-1.));
#3505=DIRECTION('',(0.,-1.,0.));
#3506=DIRECTION('',(0.,0.,1.));
#3507=DIRECTION('',(1.,0.,0.));
#3508=DIRECTION('',(0.,0.,-1.));
#3509=DIRECTION('',(0.,1.,0.));
#3510=DIRECTION('',(0.,0.,1.));
#3511=DIRECTION('',(0.,1.,0.));
#3512=DIRECTION('',(1.,0.,0.));
#3513=DIRECTION('',(0.,1.,0.));
#3514=DIRECTION('',(1.,0.,0.));
#3515=DIRECTION('',(0.,0.,-1.));
#3516=DIRECTION('',(0.,0.,-1.));
#3517=DIRECTION('',(-1.,0.,0.));
#3518=DIRECTION('',(0.,0.,1.));
#3519=DIRECTION('',(1.,0.,0.));
#3520=DIRECTION('',(0.,0.,1.));
#3521=DIRECTION('',(1.,0.,0.));
#3522=DIRECTION('',(0.,0.,1.));
#3523=DIRECTION('',(1.,0.,0.));
#3524=DIRECTION('',(0.,1.,0.));
#3525=DIRECTION('',(0.,1.,0.));
#3526=DIRECTION('',(1.,0.,0.));
#3527=DIRECTION('',(0.,0.,-1.));
#3528=DIRECTION('',(1.,0.,0.));
#3529=DIRECTION('',(0.,0.,-1.));
#3530=DIRECTION('',(1.,0.,0.));
#3531=DIRECTION('',(0.,0.,-1.));
#3532=DIRECTION('',(1.,0.,0.));
#3533=DIRECTION('',(0.,0.,-1.));
#3534=DIRECTION('',(1.,0.,0.));
#3535=DIRECTION('',(0.,0.,-1.));
#3536=DIRECTION('',(1.,0.,0.));
#3537=DIRECTION('',(0.,0.,-1.));
#3538=DIRECTION('',(1.,0.,0.));
#3539=DIRECTION('',(0.,0.,-1.));
#3540=DIRECTION('',(1.,0.,0.));
#3541=DIRECTION('',(0.,0.,-1.));
#3542=DIRECTION('',(-1.,0.,0.));
#3543=DIRECTION('',(0.,0.,1.));
#3544=DIRECTION('',(-1.,0.,0.));
#3545=DIRECTION('',(0.,0.,1.));
#3546=DIRECTION('',(-1.,0.,0.));
#3547=DIRECTION('',(0.,0.,1.));
#3548=DIRECTION('',(0.,-1.,0.));
#3549=DIRECTION('',(0.,0.,-1.));
#3550=DIRECTION('',(0.,1.,0.));
#3551=DIRECTION('',(1.,0.,0.));
#3552=DIRECTION('',(0.,1.,0.));
#3553=DIRECTION('',(0.,1.,0.));
#3554=DIRECTION('',(1.,0.,0.));
#3555=DIRECTION('',(0.,1.,0.));
#3556=DIRECTION('',(0.,1.,0.));
#3557=DIRECTION('',(1.,0.,0.));
#3558=DIRECTION('',(0.,1.,0.));
#3559=DIRECTION('',(0.,1.,0.));
#3560=DIRECTION('',(1.,0.,0.));
#3561=DIRECTION('',(0.,1.,0.));
#3562=DIRECTION('',(0.,1.,0.));
#3563=DIRECTION('',(1.,0.,0.));
#3564=DIRECTION('',(0.,1.,0.));
#3565=DIRECTION('',(0.,1.,0.));
#3566=DIRECTION('',(1.,0.,0.));
#3567=DIRECTION('',(0.,1.,0.));
#3568=DIRECTION('',(0.,1.,0.));
#3569=DIRECTION('',(1.,0.,0.));
#3570=DIRECTION('',(0.,1.,0.));
#3571=DIRECTION('',(0.,1.,0.));
#3572=DIRECTION('',(1.,0.,0.));
#3573=DIRECTION('',(0.,1.,0.));
#3574=DIRECTION('',(0.,-1.,0.));
#3575=DIRECTION('',(0.,0.,-1.));
#3576=DIRECTION('',(0.,1.,0.));
#3577=DIRECTION('',(1.,0.,0.));
#3578=DIRECTION('',(0.,1.,0.));
#3579=DIRECTION('',(0.,1.,0.));
#3580=DIRECTION('',(1.,0.,0.));
#3581=DIRECTION('',(0.,1.,0.));
#3582=DIRECTION('',(0.,1.,0.));
#3583=DIRECTION('',(1.,0.,0.));
#3584=DIRECTION('',(0.,1.,0.));
#3585=DIRECTION('',(0.,1.,0.));
#3586=DIRECTION('',(1.,0.,0.));
#3587=DIRECTION('',(0.,1.,0.));
#3588=DIRECTION('',(0.,1.,0.));
#3589=DIRECTION('',(1.,0.,0.));
#3590=DIRECTION('',(0.,1.,0.));
#3591=DIRECTION('',(0.,1.,0.));
#3592=DIRECTION('',(1.,0.,0.));
#3593=DIRECTION('',(0.,1.,0.));
#3594=DIRECTION('',(0.,1.,0.));
#3595=DIRECTION('',(1.,0.,0.));
#3596=DIRECTION('',(0.,1.,0.));
#3597=DIRECTION('',(0.,1.,0.));
#3598=DIRECTION('',(1.,0.,0.));
#3599=DIRECTION('',(0.,1.,0.));
#3600=DIRECTION('',(0.,-1.,0.));
#3601=DIRECTION('',(0.,0.,-1.));
#3602=DIRECTION('',(0.,1.,0.));
#3603=DIRECTION('',(1.,0.,0.));
#3604=DIRECTION('',(0.,1.,0.));
#3605=DIRECTION('',(0.,1.,0.));
#3606=DIRECTION('',(1.,0.,0.));
#3607=DIRECTION('',(0.,1.,0.));
#3608=DIRECTION('',(0.,1.,0.));
#3609=DIRECTION('',(1.,0.,0.));
#3610=DIRECTION('',(0.,1.,0.));
#3611=DIRECTION('',(0.,1.,0.));
#3612=DIRECTION('',(1.,0.,0.));
#3613=DIRECTION('',(0.,1.,0.));
#3614=DIRECTION('',(0.,1.,0.));
#3615=DIRECTION('',(1.,0.,0.));
#3616=DIRECTION('',(0.,1.,0.));
#3617=DIRECTION('',(0.,1.,0.));
#3618=DIRECTION('',(1.,0.,0.));
#3619=DIRECTION('',(0.,1.,0.));
#3620=DIRECTION('',(0.,1.,0.));
#3621=DIRECTION('',(1.,0.,0.));
#3622=DIRECTION('',(0.,1.,0.));
#3623=DIRECTION('',(0.,1.,0.));
#3624=DIRECTION('',(1.,0.,0.));
#3625=DIRECTION('',(0.,1.,0.));
#3626=DIRECTION('',(0.,-1.,0.));
#3627=DIRECTION('',(0.,0.,-1.));
#3628=DIRECTION('',(0.,1.,0.));
#3629=DIRECTION('',(1.,0.,0.));
#3630=DIRECTION('',(0.,1.,0.));
#3631=DIRECTION('',(0.,1.,0.));
#3632=DIRECTION('',(1.,0.,0.));
#3633=DIRECTION('',(0.,1.,0.));
#3634=DIRECTION('',(0.,1.,0.));
#3635=DIRECTION('',(1.,0.,0.));
#3636=DIRECTION('',(0.,1.,0.));
#3637=DIRECTION('',(0.,1.,0.));
#3638=DIRECTION('',(1.,0.,0.));
#3639=DIRECTION('',(0.,1.,0.));
#3640=DIRECTION('',(0.,1.,0.));
#3641=DIRECTION('',(1.,0.,0.));
#3642=DIRECTION('',(0.,1.,0.));
#3643=DIRECTION('',(0.,1.,0.));
#3644=DIRECTION('',(1.,0.,0.));
#3645=DIRECTION('',(0.,1.,0.));
#3646=DIRECTION('',(0.,1.,0.));
#3647=DIRECTION('',(1.,0.,0.));
#3648=DIRECTION('',(0.,1.,0.));
#3649=DIRECTION('',(0.,1.,0.));
#3650=DIRECTION('',(1.,0.,0.));
#3651=DIRECTION('',(0.,1.,0.));
#3652=DIRECTION('',(0.,0.,-1.));
#3653=DIRECTION('',(-1.,0.,0.));
#3654=DIRECTION('',(0.,0.,1.));
#3655=DIRECTION('',(1.,0.,0.));
#3656=DIRECTION('',(0.,0.,-1.));
#3657=DIRECTION('',(-1.,0.,0.));
#3658=DIRECTION('',(0.,0.,1.));
#3659=DIRECTION('',(1.,0.,0.));
#3660=DIRECTION('',(0.,0.,-1.));
#3661=DIRECTION('',(-1.,0.,0.));
#3662=DIRECTION('',(0.,0.,1.));
#3663=DIRECTION('',(1.,0.,0.));
#3664=DIRECTION('',(0.,0.,-1.));
#3665=DIRECTION('',(-1.,0.,0.));
#3666=DIRECTION('',(0.,0.,1.));
#3667=DIRECTION('',(1.,0.,0.));
#3668=DIRECTION('',(0.,-1.,0.));
#3669=DIRECTION('',(0.,0.,-1.));
#3670=DIRECTION('',(1.,0.,0.));
#3671=DIRECTION('',(1.,0.,0.));
#3672=DIRECTION('',(0.,0.,-1.));
#3673=DIRECTION('',(0.,1.,0.));
#3674=DIRECTION('',(1.,0.,0.));
#3675=DIRECTION('',(-1.,0.,0.));
#3676=DIRECTION('',(0.,0.,1.));
#3677=DIRECTION('',(0.,0.,-1.));
#3678=DIRECTION('',(-1.,0.,0.));
#3679=DIRECTION('',(0.,1.,0.));
#3680=DIRECTION('',(1.,0.,0.));
#3681=DIRECTION('',(0.,0.,1.));
#3682=DIRECTION('',(1.,0.,0.));
#3683=DIRECTION('',(-1.,0.,0.));
#3684=DIRECTION('',(0.,0.,1.));
#3685=DIRECTION('',(0.,1.,0.));
#3686=DIRECTION('',(1.,0.,0.));
#3687=DIRECTION('',(1.,0.,0.));
#3688=DIRECTION('',(0.,0.,-1.));
#3689=DIRECTION('',(0.,0.,1.));
#3690=DIRECTION('',(1.,0.,0.));
#3691=DIRECTION('',(0.,1.,0.));
#3692=DIRECTION('',(1.,0.,0.));
#3693=DIRECTION('',(0.,0.,-1.));
#3694=DIRECTION('',(-1.,0.,0.));
#3695=DIRECTION('',(1.,0.,0.));
#3696=DIRECTION('',(0.,0.,-1.));
#3697=DIRECTION('',(0.,1.,0.));
#3698=DIRECTION('',(1.,0.,0.));
#3699=DIRECTION('',(-1.,0.,0.));
#3700=DIRECTION('',(0.,0.,1.));
#3701=DIRECTION('',(0.,0.,-1.));
#3702=DIRECTION('',(-1.,0.,0.));
#3703=DIRECTION('',(0.,1.,0.));
#3704=DIRECTION('',(1.,0.,0.));
#3705=DIRECTION('',(0.,0.,1.));
#3706=DIRECTION('',(1.,0.,0.));
#3707=DIRECTION('',(-1.,0.,0.));
#3708=DIRECTION('',(0.,0.,1.));
#3709=DIRECTION('',(0.,1.,0.));
#3710=DIRECTION('',(1.,0.,0.));
#3711=DIRECTION('',(1.,0.,0.));
#3712=DIRECTION('',(0.,0.,-1.));
#3713=DIRECTION('',(0.,0.,1.));
#3714=DIRECTION('',(1.,0.,0.));
#3715=DIRECTION('',(0.,1.,0.));
#3716=DIRECTION('',(1.,0.,0.));
#3717=DIRECTION('',(0.,0.,-1.));
#3718=DIRECTION('',(-1.,0.,0.));
#3719=DIRECTION('',(1.,0.,0.));
#3720=DIRECTION('',(0.,0.,-1.));
#3721=DIRECTION('',(0.,1.,0.));
#3722=DIRECTION('',(1.,0.,0.));
#3723=DIRECTION('',(-1.,0.,0.));
#3724=DIRECTION('',(0.,0.,1.));
#3725=DIRECTION('',(0.,0.,-1.));
#3726=DIRECTION('',(-1.,0.,0.));
#3727=DIRECTION('',(0.,1.,0.));
#3728=DIRECTION('',(1.,0.,0.));
#3729=DIRECTION('',(0.,0.,1.));
#3730=DIRECTION('',(1.,0.,0.));
#3731=DIRECTION('',(-1.,0.,0.));
#3732=DIRECTION('',(0.,0.,1.));
#3733=DIRECTION('',(0.,1.,0.));
#3734=DIRECTION('',(1.,0.,0.));
#3735=DIRECTION('',(1.,0.,0.));
#3736=DIRECTION('',(0.,0.,-1.));
#3737=DIRECTION('',(0.,0.,1.));
#3738=DIRECTION('',(1.,0.,0.));
#3739=DIRECTION('',(0.,1.,0.));
#3740=DIRECTION('',(1.,0.,0.));
#3741=DIRECTION('',(0.,0.,-1.));
#3742=DIRECTION('',(-1.,0.,0.));
#3743=DIRECTION('',(1.,0.,0.));
#3744=DIRECTION('',(0.,0.,-1.));
#3745=DIRECTION('',(0.,1.,0.));
#3746=DIRECTION('',(1.,0.,0.));
#3747=DIRECTION('',(-1.,0.,0.));
#3748=DIRECTION('',(0.,0.,1.));
#3749=DIRECTION('',(0.,0.,-1.));
#3750=DIRECTION('',(-1.,0.,0.));
#3751=DIRECTION('',(0.,1.,0.));
#3752=DIRECTION('',(1.,0.,0.));
#3753=DIRECTION('',(0.,0.,1.));
#3754=DIRECTION('',(1.,0.,0.));
#3755=DIRECTION('',(-1.,0.,0.));
#3756=DIRECTION('',(0.,0.,1.));
#3757=DIRECTION('',(0.,1.,0.));
#3758=DIRECTION('',(1.,0.,0.));
#3759=DIRECTION('',(1.,0.,0.));
#3760=DIRECTION('',(0.,0.,-1.));
#3761=DIRECTION('',(0.,0.,1.));
#3762=DIRECTION('',(1.,0.,0.));
#3763=DIRECTION('',(0.,1.,0.));
#3764=DIRECTION('',(1.,0.,0.));
#3765=DIRECTION('',(0.,0.,-1.));
#3766=DIRECTION('',(-1.,0.,0.));
#3767=DIRECTION('',(-1.,0.,0.));
#3768=DIRECTION('',(0.,0.,1.));
#3769=DIRECTION('',(0.,0.,1.));
#3770=DIRECTION('',(0.,1.,0.));
#3771=DIRECTION('',(0.,0.,-1.));
#3772=DIRECTION('',(-1.,0.,0.));
#3773=DIRECTION('',(0.,1.,0.));
#3774=DIRECTION('',(-1.,0.,0.));
#3775=DIRECTION('',(1.,0.,0.));
#3776=DIRECTION('',(0.,0.,-1.));
#3777=DIRECTION('',(0.,1.,0.));
#3778=DIRECTION('',(0.,0.,-1.));
#3779=DIRECTION('',(0.,1.,0.));
#3780=DIRECTION('',(0.,0.,1.));
#3781=DIRECTION('',(0.,1.,0.));
#3782=DIRECTION('',(0.,1.,0.));
#3783=DIRECTION('',(1.,0.,0.));
#3784=DIRECTION('',(-1.,0.,0.));
#3785=DIRECTION('',(0.,0.,1.));
#3786=DIRECTION('',(0.,0.,1.));
#3787=DIRECTION('',(0.,1.,0.));
#3788=DIRECTION('',(0.,0.,-1.));
#3789=DIRECTION('',(-1.,0.,0.));
#3790=DIRECTION('',(0.,1.,0.));
#3791=DIRECTION('',(-1.,0.,0.));
#3792=DIRECTION('',(1.,0.,0.));
#3793=DIRECTION('',(0.,0.,-1.));
#3794=DIRECTION('',(0.,1.,0.));
#3795=DIRECTION('',(0.,0.,-1.));
#3796=DIRECTION('',(0.,1.,0.));
#3797=DIRECTION('',(0.,0.,1.));
#3798=DIRECTION('',(0.,1.,0.));
#3799=DIRECTION('',(0.,1.,0.));
#3800=DIRECTION('',(1.,0.,0.));
#3801=DIRECTION('',(-1.,0.,0.));
#3802=DIRECTION('',(0.,0.,1.));
#3803=DIRECTION('',(0.,0.,1.));
#3804=DIRECTION('',(0.,1.,0.));
#3805=DIRECTION('',(0.,0.,-1.));
#3806=DIRECTION('',(-1.,0.,0.));
#3807=DIRECTION('',(0.,1.,0.));
#3808=DIRECTION('',(-1.,0.,0.));
#3809=DIRECTION('',(1.,0.,0.));
#3810=DIRECTION('',(0.,0.,-1.));
#3811=DIRECTION('',(0.,1.,0.));
#3812=DIRECTION('',(0.,0.,-1.));
#3813=DIRECTION('',(0.,1.,0.));
#3814=DIRECTION('',(0.,0.,1.));
#3815=DIRECTION('',(0.,1.,0.));
#3816=DIRECTION('',(0.,1.,0.));
#3817=DIRECTION('',(1.,0.,0.));
#3818=DIRECTION('',(-1.,0.,0.));
#3819=DIRECTION('',(0.,0.,1.));
#3820=DIRECTION('',(0.,0.,1.));
#3821=DIRECTION('',(0.,1.,0.));
#3822=DIRECTION('',(0.,0.,-1.));
#3823=DIRECTION('',(-1.,0.,0.));
#3824=DIRECTION('',(0.,1.,0.));
#3825=DIRECTION('',(-1.,0.,0.));
#3826=DIRECTION('',(1.,0.,0.));
#3827=DIRECTION('',(0.,0.,-1.));
#3828=DIRECTION('',(0.,1.,0.));
#3829=DIRECTION('',(0.,0.,-1.));
#3830=DIRECTION('',(0.,1.,0.));
#3831=DIRECTION('',(0.,0.,1.));
#3832=DIRECTION('',(0.,1.,0.));
#3833=DIRECTION('',(0.,1.,0.));
#3834=DIRECTION('',(1.,0.,0.));
#3835=DIRECTION('',(-1.,0.,0.));
#3836=DIRECTION('',(0.,0.,1.));
#3837=DIRECTION('',(0.,1.,0.));
#3838=DIRECTION('',(0.,0.,1.));
#3839=DIRECTION('',(0.,0.,-1.));
#3840=DIRECTION('',(-1.,0.,0.));
#3841=DIRECTION('',(0.,1.,0.));
#3842=DIRECTION('',(-1.,0.,0.));
#3843=DIRECTION('',(0.,1.,0.));
#3844=DIRECTION('',(0.,0.,1.));
#3845=DIRECTION('',(0.,1.,0.));
#3846=DIRECTION('',(0.,1.,0.));
#3847=DIRECTION('',(1.,0.,0.));
#3848=DIRECTION('',(1.,0.,0.));
#3849=DIRECTION('',(0.,0.,-1.));
#3850=DIRECTION('',(0.,1.,0.));
#3851=DIRECTION('',(0.,0.,-1.));
#3852=DIRECTION('',(0.,0.,1.));
#3853=DIRECTION('',(1.,0.,0.));
#3854=DIRECTION('',(1.,0.,0.));
#3855=DIRECTION('',(-1.,0.,0.));
#3856=DIRECTION('',(0.,0.,1.));
#3857=DIRECTION('',(0.,1.,0.));
#3858=DIRECTION('',(0.,0.,1.));
#3859=DIRECTION('',(0.,0.,-1.));
#3860=DIRECTION('',(-1.,0.,0.));
#3861=DIRECTION('',(0.,1.,0.));
#3862=DIRECTION('',(-1.,0.,0.));
#3863=DIRECTION('',(0.,1.,0.));
#3864=DIRECTION('',(0.,0.,1.));
#3865=DIRECTION('',(0.,1.,0.));
#3866=DIRECTION('',(0.,1.,0.));
#3867=DIRECTION('',(1.,0.,0.));
#3868=DIRECTION('',(1.,0.,0.));
#3869=DIRECTION('',(0.,0.,-1.));
#3870=DIRECTION('',(0.,1.,0.));
#3871=DIRECTION('',(0.,0.,-1.));
#3872=DIRECTION('',(0.,0.,1.));
#3873=DIRECTION('',(1.,0.,0.));
#3874=DIRECTION('',(1.,0.,0.));
#3875=DIRECTION('',(0.,1.,0.));
#3876=DIRECTION('',(0.,0.,1.));
#3877=DIRECTION('',(0.,1.,0.));
#3878=DIRECTION('',(0.,1.,0.));
#3879=DIRECTION('',(1.,0.,0.));
#3880=DIRECTION('',(0.,1.,0.));
#3881=DIRECTION('',(0.,0.,-1.));
#3882=DIRECTION('',(-1.,0.,0.));
#3883=DIRECTION('',(0.,1.,0.));
#3884=DIRECTION('',(-1.,0.,0.));
#3885=DIRECTION('',(1.,0.,0.));
#3886=DIRECTION('',(0.,0.,-1.));
#3887=DIRECTION('',(0.,0.,-1.));
#3888=DIRECTION('',(0.,0.,1.));
#3889=DIRECTION('',(1.,0.,0.));
#3890=DIRECTION('',(0.,1.,0.));
#3891=DIRECTION('',(1.,0.,0.));
#3892=DIRECTION('',(0.,0.,-1.));
#3893=DIRECTION('',(-1.,0.,0.));
#3894=DIRECTION('',(-1.,0.,0.));
#3895=DIRECTION('',(0.,1.,0.));
#3896=DIRECTION('',(1.,0.,0.));
#3897=DIRECTION('',(0.,0.,-1.));
#3898=DIRECTION('',(0.,1.,0.));
#3899=DIRECTION('',(0.,0.,-1.));
#3900=DIRECTION('',(0.,0.,1.));
#3901=DIRECTION('',(1.,0.,0.));
#3902=DIRECTION('',(0.,1.,0.));
#3903=DIRECTION('',(1.,0.,0.));
#3904=DIRECTION('',(0.,1.,0.));
#3905=DIRECTION('',(0.,0.,1.));
#3906=DIRECTION('',(0.,1.,0.));
#3907=DIRECTION('',(0.,1.,0.));
#3908=DIRECTION('',(1.,0.,0.));
#3909=DIRECTION('',(0.,1.,0.));
#3910=DIRECTION('',(0.,0.,1.));
#3911=DIRECTION('',(0.,1.,0.));
#3912=DIRECTION('',(0.,1.,0.));
#3913=DIRECTION('',(1.,0.,0.));
#3914=DIRECTION('',(0.,1.,0.));
#3915=DIRECTION('',(0.,0.,-1.));
#3916=DIRECTION('',(-1.,0.,0.));
#3917=DIRECTION('',(0.,1.,0.));
#3918=DIRECTION('',(-1.,0.,0.));
#3919=DIRECTION('',(1.,0.,0.));
#3920=DIRECTION('',(0.,0.,-1.));
#3921=DIRECTION('',(0.,0.,-1.));
#3922=DIRECTION('',(0.,0.,1.));
#3923=DIRECTION('',(1.,0.,0.));
#3924=DIRECTION('',(0.,1.,0.));
#3925=DIRECTION('',(1.,0.,0.));
#3926=DIRECTION('',(0.,0.,-1.));
#3927=DIRECTION('',(-1.,0.,0.));
#3928=DIRECTION('',(-1.,0.,0.));
#3929=DIRECTION('',(0.,1.,0.));
#3930=DIRECTION('',(1.,0.,0.));
#3931=DIRECTION('',(0.,0.,-1.));
#3932=DIRECTION('',(0.,1.,0.));
#3933=DIRECTION('',(0.,0.,-1.));
#3934=DIRECTION('',(0.,0.,1.));
#3935=DIRECTION('',(1.,0.,0.));
#3936=DIRECTION('',(0.,1.,0.));
#3937=DIRECTION('',(1.,0.,0.));
#3938=DIRECTION('',(0.,1.,0.));
#3939=DIRECTION('',(0.,0.,1.));
#3940=DIRECTION('',(0.,1.,0.));
#3941=DIRECTION('',(0.,1.,0.));
#3942=DIRECTION('',(1.,0.,0.));
#3943=DIRECTION('',(-1.,0.,0.));
#3944=DIRECTION('',(0.,0.,1.));
#3945=DIRECTION('',(0.,1.,0.));
#3946=DIRECTION('',(0.,0.,1.));
#3947=DIRECTION('',(0.,0.,-1.));
#3948=DIRECTION('',(-1.,0.,0.));
#3949=DIRECTION('',(0.,1.,0.));
#3950=DIRECTION('',(-1.,0.,0.));
#3951=DIRECTION('',(0.,1.,0.));
#3952=DIRECTION('',(0.,0.,1.));
#3953=DIRECTION('',(0.,1.,0.));
#3954=DIRECTION('',(0.,1.,0.));
#3955=DIRECTION('',(1.,0.,0.));
#3956=DIRECTION('',(1.,0.,0.));
#3957=DIRECTION('',(0.,0.,-1.));
#3958=DIRECTION('',(0.,1.,0.));
#3959=DIRECTION('',(0.,0.,-1.));
#3960=DIRECTION('',(0.,0.,1.));
#3961=DIRECTION('',(1.,0.,0.));
#3962=DIRECTION('',(1.,0.,0.));
#3963=DIRECTION('',(-1.,0.,0.));
#3964=DIRECTION('',(0.,0.,1.));
#3965=DIRECTION('',(0.,1.,0.));
#3966=DIRECTION('',(0.,0.,1.));
#3967=DIRECTION('',(0.,0.,-1.));
#3968=DIRECTION('',(-1.,0.,0.));
#3969=DIRECTION('',(0.,1.,0.));
#3970=DIRECTION('',(-1.,0.,0.));
#3971=DIRECTION('',(0.,1.,0.));
#3972=DIRECTION('',(0.,0.,1.));
#3973=DIRECTION('',(0.,1.,0.));
#3974=DIRECTION('',(0.,1.,0.));
#3975=DIRECTION('',(1.,0.,0.));
#3976=DIRECTION('',(1.,0.,0.));
#3977=DIRECTION('',(0.,0.,-1.));
#3978=DIRECTION('',(0.,1.,0.));
#3979=DIRECTION('',(0.,0.,-1.));
#3980=DIRECTION('',(0.,0.,1.));
#3981=DIRECTION('',(1.,0.,0.));
#3982=DIRECTION('',(1.,0.,0.));
#3983=DIRECTION('',(0.,1.,0.));
#3984=DIRECTION('',(0.,0.,1.));
#3985=DIRECTION('',(0.,1.,0.));
#3986=DIRECTION('',(0.,1.,0.));
#3987=DIRECTION('',(1.,0.,0.));
#3988=DIRECTION('',(0.,1.,0.));
#3989=DIRECTION('',(0.,0.,-1.));
#3990=DIRECTION('',(-1.,0.,0.));
#3991=DIRECTION('',(0.,1.,0.));
#3992=DIRECTION('',(-1.,0.,0.));
#3993=DIRECTION('',(1.,0.,0.));
#3994=DIRECTION('',(0.,0.,-1.));
#3995=DIRECTION('',(0.,0.,-1.));
#3996=DIRECTION('',(0.,0.,1.));
#3997=DIRECTION('',(1.,0.,0.));
#3998=DIRECTION('',(0.,1.,0.));
#3999=DIRECTION('',(1.,0.,0.));
#4000=DIRECTION('',(0.,0.,-1.));
#4001=DIRECTION('',(-1.,0.,0.));
#4002=DIRECTION('',(-1.,0.,0.));
#4003=DIRECTION('',(0.,1.,0.));
#4004=DIRECTION('',(1.,0.,0.));
#4005=DIRECTION('',(0.,0.,-1.));
#4006=DIRECTION('',(0.,1.,0.));
#4007=DIRECTION('',(0.,0.,-1.));
#4008=DIRECTION('',(0.,0.,1.));
#4009=DIRECTION('',(1.,0.,0.));
#4010=DIRECTION('',(0.,1.,0.));
#4011=DIRECTION('',(1.,0.,0.));
#4012=DIRECTION('',(0.,1.,0.));
#4013=DIRECTION('',(0.,0.,1.));
#4014=DIRECTION('',(0.,1.,0.));
#4015=DIRECTION('',(0.,1.,0.));
#4016=DIRECTION('',(1.,0.,0.));
#4017=DIRECTION('',(0.,1.,0.));
#4018=DIRECTION('',(0.,0.,1.));
#4019=DIRECTION('',(0.,1.,0.));
#4020=DIRECTION('',(0.,1.,0.));
#4021=DIRECTION('',(1.,0.,0.));
#4022=DIRECTION('',(0.,1.,0.));
#4023=DIRECTION('',(0.,0.,-1.));
#4024=DIRECTION('',(-1.,0.,0.));
#4025=DIRECTION('',(0.,1.,0.));
#4026=DIRECTION('',(-1.,0.,0.));
#4027=DIRECTION('',(1.,0.,0.));
#4028=DIRECTION('',(0.,0.,-1.));
#4029=DIRECTION('',(0.,0.,-1.));
#4030=DIRECTION('',(0.,0.,1.));
#4031=DIRECTION('',(1.,0.,0.));
#4032=DIRECTION('',(0.,1.,0.));
#4033=DIRECTION('',(1.,0.,0.));
#4034=DIRECTION('',(0.,0.,-1.));
#4035=DIRECTION('',(-1.,0.,0.));
#4036=DIRECTION('',(-1.,0.,0.));
#4037=DIRECTION('',(0.,1.,0.));
#4038=DIRECTION('',(1.,0.,0.));
#4039=DIRECTION('',(0.,0.,-1.));
#4040=DIRECTION('',(0.,1.,0.));
#4041=DIRECTION('',(0.,0.,-1.));
#4042=DIRECTION('',(0.,0.,1.));
#4043=DIRECTION('',(1.,0.,0.));
#4044=DIRECTION('',(0.,1.,0.));
#4045=DIRECTION('',(1.,0.,0.));
#4046=DIRECTION('',(0.,1.,0.));
#4047=DIRECTION('',(0.,0.,1.));
#4048=DIRECTION('',(0.,1.,0.));
#4049=DIRECTION('',(0.,1.,0.));
#4050=DIRECTION('',(1.,0.,0.));
#4051=DIRECTION('',(0.,0.,1.));
#4052=DIRECTION('',(1.,0.,0.));
#4053=DIRECTION('',(1.,0.,0.));
#4054=DIRECTION('',(0.,0.,1.));
#4055=DIRECTION('',(1.,0.,0.));
#4056=DIRECTION('',(1.,0.,0.));
#4057=DIRECTION('',(0.,0.,1.));
#4058=DIRECTION('',(1.,0.,0.));
#4059=DIRECTION('',(1.,0.,0.));
#4060=DIRECTION('',(-1.,0.,0.));
#4061=DIRECTION('',(0.,0.,1.));
#4062=DIRECTION('',(0.,0.,1.));
#4063=DIRECTION('',(-1.,0.,0.));
#4064=DIRECTION('',(0.,0.,1.));
#4065=DIRECTION('',(0.,0.,1.));
#4066=DIRECTION('',(-1.,0.,0.));
#4067=DIRECTION('',(0.,0.,1.));
#4068=DIRECTION('',(0.,0.,1.));
#4069=DIRECTION('',(-1.,0.,0.));
#4070=DIRECTION('',(0.,0.,1.));
#4071=DIRECTION('',(0.,0.,1.));
#4072=DIRECTION('',(-1.,0.,0.));
#4073=DIRECTION('',(0.,0.,1.));
#4074=DIRECTION('',(0.,0.,1.));
#4075=DIRECTION('',(-1.,0.,0.));
#4076=DIRECTION('',(0.,0.,1.));
#4077=DIRECTION('',(0.,0.,1.));
#4078=DIRECTION('',(-1.,0.,0.));
#4079=DIRECTION('',(0.,0.,1.));
#4080=DIRECTION('',(0.,0.,1.));
#4081=DIRECTION('',(-1.,0.,0.));
#4082=DIRECTION('',(0.,0.,1.));
#4083=DIRECTION('',(0.,0.,1.));
#4084=DIRECTION('',(0.,0.,1.));
#4085=DIRECTION('',(1.,0.,0.));
#4086=DIRECTION('',(1.,0.,0.));
#4087=DIRECTION('',(0.,1.,0.));
#4088=DIRECTION('',(0.,0.,1.));
#4089=DIRECTION('',(0.,1.,0.));
#4090=DIRECTION('',(0.,0.,1.));
#4091=DIRECTION('',(0.,1.,0.));
#4092=DIRECTION('',(0.,0.,1.));
#4093=DIRECTION('',(0.,1.,0.));
#4094=DIRECTION('',(0.,0.,1.));
#4095=DIRECTION('',(0.,1.,0.));
#4096=DIRECTION('',(0.,0.,1.));
#4097=DIRECTION('',(0.,1.,0.));
#4098=DIRECTION('',(0.,0.,1.));
#4099=DIRECTION('',(0.,1.,0.));
#4100=DIRECTION('',(0.,0.,1.));
#4101=DIRECTION('',(0.,1.,0.));
#4102=DIRECTION('',(0.,0.,1.));
#4103=DIRECTION('',(0.,1.,0.));
#4104=DIRECTION('',(0.,0.,1.));
#4105=DIRECTION('',(0.,1.,0.));
#4106=DIRECTION('',(0.,0.,1.));
#4107=DIRECTION('',(0.,1.,0.));
#4108=DIRECTION('',(0.,0.,1.));
#4109=DIRECTION('',(0.,1.,0.));
#4110=DIRECTION('',(0.,0.,1.));
#4111=DIRECTION('',(0.,1.,0.));
#4112=DIRECTION('',(0.,0.,1.));
#4113=DIRECTION('',(0.,1.,0.));
#4114=DIRECTION('',(0.,0.,1.));
#4115=DIRECTION('',(0.,1.,0.));
#4116=DIRECTION('',(0.,0.,1.));
#4117=DIRECTION('',(0.,1.,0.));
#4118=DIRECTION('',(0.,0.,1.));
#4119=DIRECTION('',(0.,0.,1.));
#4120=DIRECTION('',(1.,0.,0.));
#4121=DIRECTION('',(0.,0.,1.));
#4122=DIRECTION('',(1.,0.,0.));
#4123=DIRECTION('',(0.,0.,1.));
#4124=DIRECTION('',(0.,0.,1.));
#4125=DIRECTION('',(1.,0.,0.));
#4126=DIRECTION('',(0.,0.,1.));
#4127=DIRECTION('',(0.,1.,0.));
#4128=DIRECTION('',(0.,0.,1.));
#4129=DIRECTION('',(-1.,0.,0.));
#4130=DIRECTION('',(-1.,0.,0.));
#4131=DIRECTION('',(0.,0.,1.));
#4132=DIRECTION('',(0.,0.,1.));
#4133=DIRECTION('',(1.,0.,0.));
#4134=DIRECTION('',(0.,0.,1.));
#4135=DIRECTION('',(1.,0.,0.));
#4136=DIRECTION('',(0.,0.,1.));
#4137=DIRECTION('',(1.,0.,0.));
#4138=DIRECTION('',(0.,0.,1.));
#4139=DIRECTION('',(1.,0.,0.));
#4140=DIRECTION('',(0.,0.,-1.));
#4141=DIRECTION('',(0.,1.,0.));
#4142=DIRECTION('',(0.,1.,0.));
#4143=DIRECTION('',(0.,0.,1.));
#4144=DIRECTION('',(0.,0.,1.));
#4145=DIRECTION('',(1.,0.,0.));
#4146=DIRECTION('',(0.,0.,1.));
#4147=DIRECTION('',(1.,0.,0.));
#4148=DIRECTION('',(0.,0.,1.));
#4149=DIRECTION('',(1.,0.,0.));
#4150=DIRECTION('',(0.,0.,1.));
#4151=DIRECTION('',(0.,-1.,0.));
#4152=DIRECTION('',(0.,0.,-1.));
#4153=DIRECTION('',(1.,0.,0.));
#4154=DIRECTION('',(1.,0.,0.));
#4155=DIRECTION('',(0.,0.,1.));
#4156=DIRECTION('',(0.,0.,1.));
#4157=DIRECTION('',(1.,0.,0.));
#4158=DIRECTION('',(0.,0.,1.));
#4159=DIRECTION('',(1.,0.,0.));
#4160=DIRECTION('',(0.,0.,1.));
#4161=DIRECTION('',(1.,0.,0.));
#4162=DIRECTION('',(0.,0.,1.));
#4163=DIRECTION('',(0.,0.,1.));
#4164=DIRECTION('',(1.,0.,0.));
#4165=DIRECTION('',(0.,0.,1.));
#4166=DIRECTION('',(1.,0.,0.));
#4167=DIRECTION('',(0.,0.,1.));
#4168=DIRECTION('',(0.,0.,1.));
#4169=DIRECTION('',(1.,0.,0.));
#4170=DIRECTION('',(0.,0.,1.));
#4171=DIRECTION('',(0.,1.,0.));
#4172=DIRECTION('',(0.,0.,1.));
#4173=DIRECTION('',(-1.,0.,0.));
#4174=DIRECTION('',(-1.,0.,0.));
#4175=DIRECTION('',(0.,0.,1.));
#4176=DIRECTION('',(0.,0.,1.));
#4177=DIRECTION('',(1.,0.,0.));
#4178=DIRECTION('',(0.,0.,1.));
#4179=DIRECTION('',(1.,0.,0.));
#4180=DIRECTION('',(0.,0.,1.));
#4181=DIRECTION('',(1.,0.,0.));
#4182=DIRECTION('',(0.,0.,1.));
#4183=DIRECTION('',(1.,0.,0.));
#4184=DIRECTION('',(0.,0.,-1.));
#4185=DIRECTION('',(0.,1.,0.));
#4186=DIRECTION('',(0.,1.,0.));
#4187=DIRECTION('',(0.,0.,1.));
#4188=DIRECTION('',(0.,0.,1.));
#4189=DIRECTION('',(1.,0.,0.));
#4190=DIRECTION('',(0.,0.,1.));
#4191=DIRECTION('',(1.,0.,0.));
#4192=DIRECTION('',(0.,0.,1.));
#4193=DIRECTION('',(1.,0.,0.));
#4194=DIRECTION('',(0.,0.,1.));
#4195=DIRECTION('',(0.,-1.,0.));
#4196=DIRECTION('',(0.,0.,-1.));
#4197=DIRECTION('',(1.,0.,0.));
#4198=DIRECTION('',(1.,0.,0.));
#4199=DIRECTION('',(0.,0.,1.));
#4200=DIRECTION('',(0.,0.,1.));
#4201=DIRECTION('',(1.,0.,0.));
#4202=DIRECTION('',(0.,0.,1.));
#4203=DIRECTION('',(1.,0.,0.));
#4204=DIRECTION('',(0.,0.,1.));
#4205=DIRECTION('',(1.,0.,0.));
#4206=DIRECTION('',(0.,0.,1.));
#4207=DIRECTION('',(0.,0.,1.));
#4208=DIRECTION('',(1.,0.,0.));
#4209=DIRECTION('',(0.,0.,1.));
#4210=DIRECTION('',(1.,0.,0.));
#4211=DIRECTION('',(0.,0.,1.));
#4212=DIRECTION('',(0.,0.,1.));
#4213=DIRECTION('',(1.,0.,0.));
#4214=DIRECTION('',(0.,0.,1.));
#4215=DIRECTION('',(0.,1.,0.));
#4216=DIRECTION('',(0.,0.,1.));
#4217=DIRECTION('',(-1.,0.,0.));
#4218=DIRECTION('',(-1.,0.,0.));
#4219=DIRECTION('',(0.,0.,1.));
#4220=DIRECTION('',(0.,0.,1.));
#4221=DIRECTION('',(1.,0.,0.));
#4222=DIRECTION('',(0.,0.,1.));
#4223=DIRECTION('',(1.,0.,0.));
#4224=DIRECTION('',(0.,0.,1.));
#4225=DIRECTION('',(1.,0.,0.));
#4226=DIRECTION('',(0.,0.,1.));
#4227=DIRECTION('',(1.,0.,0.));
#4228=DIRECTION('',(0.,0.,-1.));
#4229=DIRECTION('',(0.,1.,0.));
#4230=DIRECTION('',(0.,1.,0.));
#4231=DIRECTION('',(0.,0.,1.));
#4232=DIRECTION('',(0.,0.,1.));
#4233=DIRECTION('',(1.,0.,0.));
#4234=DIRECTION('',(0.,0.,1.));
#4235=DIRECTION('',(1.,0.,0.));
#4236=DIRECTION('',(0.,0.,1.));
#4237=DIRECTION('',(1.,0.,0.));
#4238=DIRECTION('',(0.,0.,1.));
#4239=DIRECTION('',(0.,-1.,0.));
#4240=DIRECTION('',(0.,0.,-1.));
#4241=DIRECTION('',(1.,0.,0.));
#4242=DIRECTION('',(1.,0.,0.));
#4243=DIRECTION('',(0.,0.,1.));
#4244=DIRECTION('',(0.,0.,1.));
#4245=DIRECTION('',(1.,0.,0.));
#4246=DIRECTION('',(0.,0.,1.));
#4247=DIRECTION('',(1.,0.,0.));
#4248=DIRECTION('',(0.,0.,1.));
#4249=DIRECTION('',(1.,0.,0.));
#4250=DIRECTION('',(0.,0.,1.));
#4251=DIRECTION('',(0.,0.,1.));
#4252=DIRECTION('',(1.,0.,0.));
#4253=DIRECTION('',(0.,0.,1.));
#4254=DIRECTION('',(1.,0.,0.));
#4255=DIRECTION('',(0.,0.,1.));
#4256=DIRECTION('',(0.,0.,1.));
#4257=DIRECTION('',(1.,0.,0.));
#4258=DIRECTION('',(0.,0.,1.));
#4259=DIRECTION('',(0.,1.,0.));
#4260=DIRECTION('',(0.,0.,1.));
#4261=DIRECTION('',(-1.,0.,0.));
#4262=DIRECTION('',(-1.,0.,0.));
#4263=DIRECTION('',(0.,0.,1.));
#4264=DIRECTION('',(0.,0.,1.));
#4265=DIRECTION('',(1.,0.,0.));
#4266=DIRECTION('',(0.,0.,1.));
#4267=DIRECTION('',(1.,0.,0.));
#4268=DIRECTION('',(0.,0.,1.));
#4269=DIRECTION('',(1.,0.,0.));
#4270=DIRECTION('',(0.,0.,1.));
#4271=DIRECTION('',(1.,0.,0.));
#4272=DIRECTION('',(0.,0.,-1.));
#4273=DIRECTION('',(0.,1.,0.));
#4274=DIRECTION('',(0.,1.,0.));
#4275=DIRECTION('',(0.,0.,1.));
#4276=DIRECTION('',(0.,0.,1.));
#4277=DIRECTION('',(1.,0.,0.));
#4278=DIRECTION('',(0.,0.,1.));
#4279=DIRECTION('',(1.,0.,0.));
#4280=DIRECTION('',(0.,0.,1.));
#4281=DIRECTION('',(1.,0.,0.));
#4282=DIRECTION('',(0.,0.,1.));
#4283=DIRECTION('',(0.,-1.,0.));
#4284=DIRECTION('',(0.,0.,-1.));
#4285=DIRECTION('',(1.,0.,0.));
#4286=DIRECTION('',(1.,0.,0.));
#4287=DIRECTION('',(0.,0.,1.));
#4288=DIRECTION('',(0.,0.,1.));
#4289=DIRECTION('',(1.,0.,0.));
#4290=DIRECTION('',(0.,0.,1.));
#4291=DIRECTION('',(1.,0.,0.));
#4292=DIRECTION('',(0.,0.,1.));
#4293=DIRECTION('',(1.,0.,0.));
#4294=DIRECTION('',(0.,0.,1.));
#4295=DIRECTION('',(-1.,0.,0.));
#4296=DIRECTION('',(0.,0.,1.));
#4297=DIRECTION('',(0.,-1.,0.));
#4298=DIRECTION('',(0.,-1.,0.));
#4299=DIRECTION('',(-1.,0.,0.));
#4300=DIRECTION('',(0.,0.,1.));
#4301=DIRECTION('',(0.,-1.,0.));
#4302=DIRECTION('',(0.,-1.,0.));
#4303=DIRECTION('',(-1.,0.,0.));
#4304=DIRECTION('',(0.,0.,1.));
#4305=DIRECTION('',(0.,-1.,0.));
#4306=DIRECTION('',(0.,-1.,0.));
#4307=DIRECTION('',(-1.,0.,0.));
#4308=DIRECTION('',(0.,0.,1.));
#4309=DIRECTION('',(0.,-1.,0.));
#4310=DIRECTION('',(0.,-1.,0.));
#4311=DIRECTION('',(0.,0.,1.));
#4312=DIRECTION('',(1.,0.,0.));
#4313=DIRECTION('',(0.,0.,1.));
#4314=DIRECTION('',(1.,0.,0.));
#4315=DIRECTION('',(0.,0.,1.));
#4316=DIRECTION('',(1.,0.,0.));
#4317=DIRECTION('',(0.,0.,1.));
#4318=DIRECTION('',(1.,0.,0.));
#4319=DIRECTION('',(0.,0.,1.));
#4320=DIRECTION('',(1.,0.,0.));
#4321=DIRECTION('',(0.,0.,1.));
#4322=DIRECTION('',(1.,0.,0.));
#4323=CARTESIAN_POINT('',(0.,0.,0.));
#4324=CARTESIAN_POINT('',(17.5,5.,43.));
#4325=CARTESIAN_POINT('',(-10.,5.,30.));
#4326=CARTESIAN_POINT('',(-7.4,5.,30.));
#4327=CARTESIAN_POINT('',(-10.,5.,10.));
#4328=CARTESIAN_POINT('',(-7.4,5.,10.));
#4329=CARTESIAN_POINT('',(20.,5.,37.9332376436526));
#4330=CARTESIAN_POINT('',(-17.5,5.,37.9332376436526));
#4331=CARTESIAN_POINT('',(-1.25,5.,37.9332376436526));
#4332=CARTESIAN_POINT('',(-1.25,5.,43.));
#4333=CARTESIAN_POINT('',(-1.25,5.,5.));
#4334=CARTESIAN_POINT('',(17.5,5.,5.));
#4335=CARTESIAN_POINT('',(-17.5,5.,5.));
#4336=CARTESIAN_POINT('',(-17.5,5.,43.));
#4337=CARTESIAN_POINT('',(17.5,5.,5.));
#4338=CARTESIAN_POINT('',(-10.,37.,5.));
#4339=CARTESIAN_POINT('',(-7.4,37.,5.));
#4340=CARTESIAN_POINT('',(-10.,22.,5.));
#4341=CARTESIAN_POINT('',(-7.4,22.,5.));
#4342=CARTESIAN_POINT('',(-1.25,5.,5.));
#4343=CARTESIAN_POINT('',(-1.25,44.8819252841407,5.));
#4344=CARTESIAN_POINT('',(20.,44.8819252841407,5.));
#4345=CARTESIAN_POINT('',(-17.5,44.8819252841407,5.));
#4346=CARTESIAN_POINT('',(-17.5,5.,5.));
#4347=CARTESIAN_POINT('',(20.,4.64074034394376,37.0000000000001));
#4348=CARTESIAN_POINT('',(20.,5.,37.9332376436526));
#4349=CARTESIAN_POINT('',(1.25,5.,37.9332376436526));
#4350=CARTESIAN_POINT('',(17.5,5.,37.9332376436526));
#4351=CARTESIAN_POINT('',(1.25,4.64074034394376,37.0000000000001));
#4352=CARTESIAN_POINT('',(1.25,5.27712329873929,37.7713732785401));
#4353=CARTESIAN_POINT('',(1.25,5.27712329873931,37.7713732785401));
#4354=CARTESIAN_POINT('',(-1.25,5.27712329873929,37.7713732785401));
#4355=CARTESIAN_POINT('',(-1.25,4.64074034394376,37.0000000000001));
#4356=CARTESIAN_POINT('',(-17.5,4.64074034394376,37.0000000000001));
#4357=CARTESIAN_POINT('',(-17.5,5.27712329873931,37.7713732785401));
#4358=CARTESIAN_POINT('',(20.,5.27712329873931,37.7713732785401));
#4359=CARTESIAN_POINT('',(-20.,5.27712329873929,37.7713732785401));
#4360=CARTESIAN_POINT('',(-20.,4.64074034394376,37.0000000000001));
#4361=CARTESIAN_POINT('',(-20.,4.64074034394375,38.));
#4362=CARTESIAN_POINT('',(20.,4.64074034394375,38.));
#4363=CARTESIAN_POINT('',(20.,4.64074034394375,38.));
#4364=CARTESIAN_POINT('',(20.,4.64074034394376,37.0000000000001));
#4365=CARTESIAN_POINT('',(20.,5.27712329873929,37.7713732785401));
#4366=CARTESIAN_POINT('',(20.,5.27712329873931,37.7713732785401));
#4367=CARTESIAN_POINT('',(17.5,5.27712329873929,37.7713732785401));
#4368=CARTESIAN_POINT('',(17.5,4.64074034394376,37.0000000000001));
#4369=CARTESIAN_POINT('',(20.,4.64074034394375,38.));
#4370=CARTESIAN_POINT('',(-20.,4.64074034394375,38.));
#4371=CARTESIAN_POINT('',(-20.,0.,38.));
#4372=CARTESIAN_POINT('',(-20.,0.,38.));
#4373=CARTESIAN_POINT('',(20.,0.,38.));
#4374=CARTESIAN_POINT('',(20.,4.64074034394375,38.));
#4375=CARTESIAN_POINT('',(20.,45.,0.));
#4376=CARTESIAN_POINT('',(20.,45.,0.));
#4377=CARTESIAN_POINT('',(20.,45.,0.));
#4378=CARTESIAN_POINT('',(20.,45.,4.52861078375359));
#4379=CARTESIAN_POINT('',(20.,45.,0.));
#4380=CARTESIAN_POINT('',(-20.,45.,0.));
#4381=CARTESIAN_POINT('',(-20.,45.,0.));
#4382=CARTESIAN_POINT('',(-20.,45.,4.52861078375359));
#4383=CARTESIAN_POINT('',(20.,45.,4.52861078375359));
#4384=CARTESIAN_POINT('',(20.,44.,4.52861078375361));
#4385=CARTESIAN_POINT('',(-20.,44.,4.52861078375361));
#4386=CARTESIAN_POINT('',(-20.,44.6363829547956,5.29998406229366));
#4387=CARTESIAN_POINT('',(20.,44.6363829547956,5.29998406229368));
#4388=CARTESIAN_POINT('',(-17.5,44.6363829547956,5.29998406229366));
#4389=CARTESIAN_POINT('',(-17.5,44.,4.52861078375361));
#4390=CARTESIAN_POINT('',(-1.25,44.,4.52861078375361));
#4391=CARTESIAN_POINT('',(-1.25,44.6363829547956,5.29998406229368));
#4392=CARTESIAN_POINT('',(1.25,44.6363829547956,5.29998406229368));
#4393=CARTESIAN_POINT('',(1.25,44.6363829547956,5.29998406229366));
#4394=CARTESIAN_POINT('',(1.25,44.,4.52861078375361));
#4395=CARTESIAN_POINT('',(1.25,44.8819252841407,5.));
#4396=CARTESIAN_POINT('',(20.,44.8819252841407,5.));
#4397=CARTESIAN_POINT('',(17.5,44.8819252841407,5.));
#4398=CARTESIAN_POINT('',(17.5,44.,4.52861078375361));
#4399=CARTESIAN_POINT('',(17.5,44.6363829547956,5.29998406229368));
#4400=CARTESIAN_POINT('',(20.,44.6363829547956,5.29998406229368));
#4401=CARTESIAN_POINT('',(20.,44.6363829547956,5.29998406229366));
#4402=CARTESIAN_POINT('',(20.,44.,4.52861078375361));
#4403=CARTESIAN_POINT('',(20.,4.64074034394376,37.0000000000001));
#4404=CARTESIAN_POINT('',(20.,0.,0.));
#4405=CARTESIAN_POINT('',(20.,0.,0.));
#4406=CARTESIAN_POINT('',(20.,64.7870464853963,69.8148221354216));
#4407=CARTESIAN_POINT('',(20.,0.,-0.8));
#4408=CARTESIAN_POINT('',(-20.,4.64074034394376,37.0000000000001));
#4409=CARTESIAN_POINT('',(-20.,45.,0.));
#4410=CARTESIAN_POINT('',(-20.,0.,0.));
#4411=CARTESIAN_POINT('',(-20.,6.93889390390723E-15,-0.8));
#4412=CARTESIAN_POINT('',(-20.,64.7870464853963,69.8148221354216));
#4413=CARTESIAN_POINT('',(17.5,5.,43.));
#4414=CARTESIAN_POINT('',(10.,5.,10.));
#4415=CARTESIAN_POINT('',(12.6,5.,10.));
#4416=CARTESIAN_POINT('',(10.,5.,30.));
#4417=CARTESIAN_POINT('',(12.6,5.,30.));
#4418=CARTESIAN_POINT('',(1.25,5.,43.));
#4419=CARTESIAN_POINT('',(1.25,5.,5.));
#4420=CARTESIAN_POINT('',(17.5,5.,43.));
#4421=CARTESIAN_POINT('',(17.5,5.,5.));
#4422=CARTESIAN_POINT('',(17.5,5.,5.));
#4423=CARTESIAN_POINT('',(17.5,5.,5.));
#4424=CARTESIAN_POINT('',(10.,22.,5.));
#4425=CARTESIAN_POINT('',(12.6,22.,5.));
#4426=CARTESIAN_POINT('',(10.,37.,5.));
#4427=CARTESIAN_POINT('',(12.6,37.,5.));
#4428=CARTESIAN_POINT('',(1.25,5.,5.));
#4429=CARTESIAN_POINT('',(17.5,5.,5.));
#4430=CARTESIAN_POINT('',(17.5,0.,0.));
#4431=CARTESIAN_POINT('',(17.5,64.7870464853963,69.8148221354216));
#4432=CARTESIAN_POINT('',(-17.5,0.,0.));
#4433=CARTESIAN_POINT('',(-17.5,64.7870464853963,69.8148221354216));
#4434=CARTESIAN_POINT('',(1.25,4.64074034394376,37.0000000000001));
#4435=CARTESIAN_POINT('',(1.25,64.7870464853963,69.8148221354216));
#4436=CARTESIAN_POINT('',(-1.25,4.64074034394376,37.0000000000001));
#4437=CARTESIAN_POINT('',(-1.25,64.7870464853963,69.8148221354216));
#4438=CARTESIAN_POINT('',(20.,64.7870464853963,69.8148221354216));
#4439=CARTESIAN_POINT('',(20.,64.7870464853963,69.8148221354216));
#4440=CARTESIAN_POINT('',(20.,64.7870464853963,69.8148221354216));
#4441=CARTESIAN_POINT('',(-10.,5.,10.));
#4442=CARTESIAN_POINT('',(-10.,0.,10.));
#4443=CARTESIAN_POINT('',(-9.5,0.,7.44852983556538));
#4444=CARTESIAN_POINT('',(-10.5,0.,7.44852983556538));
#4445=CARTESIAN_POINT('',(-9.5,-0.8,7.44852983556538));
#4446=CARTESIAN_POINT('',(-9.5,-0.8,7.44852983556538));
#4447=CARTESIAN_POINT('',(-10.,-0.8,10.));
#4448=CARTESIAN_POINT('',(-7.44852983556538,-0.8,9.5));
#4449=CARTESIAN_POINT('',(-7.44852983556538,-0.8,9.5));
#4450=CARTESIAN_POINT('',(-7.44852983556538,0.,9.5));
#4451=CARTESIAN_POINT('',(-10.,0.,10.));
#4452=CARTESIAN_POINT('',(-7.44852983556538,0.,10.5));
#4453=CARTESIAN_POINT('',(-7.44852983556538,-0.8,10.5));
#4454=CARTESIAN_POINT('',(-7.44852983556538,-0.8,10.5));
#4455=CARTESIAN_POINT('',(-10.,-0.8,10.));
#4456=CARTESIAN_POINT('',(-9.5,-0.8,12.5514701644346));
#4457=CARTESIAN_POINT('',(-9.5,-0.8,12.5514701644346));
#4458=CARTESIAN_POINT('',(-9.5,0.,12.5514701644346));
#4459=CARTESIAN_POINT('',(-10.,0.,10.));
#4460=CARTESIAN_POINT('',(-10.5,0.,12.5514701644346));
#4461=CARTESIAN_POINT('',(-10.5,-0.8,12.5514701644346));
#4462=CARTESIAN_POINT('',(-10.5,-0.8,12.5514701644346));
#4463=CARTESIAN_POINT('',(-10.,-0.8,10.));
#4464=CARTESIAN_POINT('',(-12.5514701644346,-0.8,10.5));
#4465=CARTESIAN_POINT('',(-12.5514701644346,-0.8,10.5));
#4466=CARTESIAN_POINT('',(-12.5514701644346,0.,10.5));
#4467=CARTESIAN_POINT('',(-10.,0.,10.));
#4468=CARTESIAN_POINT('',(-12.5514701644346,0.,9.5));
#4469=CARTESIAN_POINT('',(-12.5514701644346,-0.8,9.5));
#4470=CARTESIAN_POINT('',(-12.5514701644346,-0.8,9.5));
#4471=CARTESIAN_POINT('',(-10.,-0.8,10.));
#4472=CARTESIAN_POINT('',(-10.5,-0.8,7.44852983556538));
#4473=CARTESIAN_POINT('',(-10.5,-0.8,7.44852983556538));
#4474=CARTESIAN_POINT('',(10.,5.,30.));
#4475=CARTESIAN_POINT('',(10.,0.,30.));
#4476=CARTESIAN_POINT('',(10.5,0.,27.4485298355654));
#4477=CARTESIAN_POINT('',(9.5,0.,27.4485298355654));
#4478=CARTESIAN_POINT('',(10.5,-0.8,27.4485298355654));
#4479=CARTESIAN_POINT('',(10.5,-0.8,27.4485298355654));
#4480=CARTESIAN_POINT('',(10.,-0.8,30.));
#4481=CARTESIAN_POINT('',(12.5514701644346,-0.8,29.5));
#4482=CARTESIAN_POINT('',(12.5514701644346,-0.8,29.5));
#4483=CARTESIAN_POINT('',(12.5514701644346,0.,29.5));
#4484=CARTESIAN_POINT('',(10.,0.,30.));
#4485=CARTESIAN_POINT('',(12.5514701644346,0.,30.5));
#4486=CARTESIAN_POINT('',(12.5514701644346,-0.8,30.5));
#4487=CARTESIAN_POINT('',(12.5514701644346,-0.8,30.5));
#4488=CARTESIAN_POINT('',(10.,-0.8,30.));
#4489=CARTESIAN_POINT('',(10.5,-0.8,32.5514701644346));
#4490=CARTESIAN_POINT('',(10.5,-0.8,32.5514701644346));
#4491=CARTESIAN_POINT('',(10.5,0.,32.5514701644346));
#4492=CARTESIAN_POINT('',(10.,0.,30.));
#4493=CARTESIAN_POINT('',(9.5,0.,32.5514701644346));
#4494=CARTESIAN_POINT('',(9.5,-0.8,32.5514701644346));
#4495=CARTESIAN_POINT('',(9.5,-0.8,32.5514701644346));
#4496=CARTESIAN_POINT('',(9.99999999999999,-0.8,30.));
#4497=CARTESIAN_POINT('',(7.44852983556539,-0.8,30.5));
#4498=CARTESIAN_POINT('',(7.44852983556539,-0.8,30.5));
#4499=CARTESIAN_POINT('',(7.44852983556539,0.,30.5));
#4500=CARTESIAN_POINT('',(10.,0.,30.));
#4501=CARTESIAN_POINT('',(7.44852983556538,0.,29.5));
#4502=CARTESIAN_POINT('',(7.44852983556538,-0.8,29.5));
#4503=CARTESIAN_POINT('',(7.44852983556538,-0.8,29.5));
#4504=CARTESIAN_POINT('',(10.,-0.8,30.));
#4505=CARTESIAN_POINT('',(9.5,-0.8,27.4485298355654));
#4506=CARTESIAN_POINT('',(9.5,-0.8,27.4485298355654));
#4507=CARTESIAN_POINT('',(10.,5.,10.));
#4508=CARTESIAN_POINT('',(10.,0.,10.));
#4509=CARTESIAN_POINT('',(10.5,0.,7.44852983556538));
#4510=CARTESIAN_POINT('',(9.5,0.,7.44852983556538));
#4511=CARTESIAN_POINT('',(10.5,-0.8,7.44852983556538));
#4512=CARTESIAN_POINT('',(10.5,-0.8,7.44852983556538));
#4513=CARTESIAN_POINT('',(10.,-0.8,10.));
#4514=CARTESIAN_POINT('',(12.5514701644346,-0.8,9.5));
#4515=CARTESIAN_POINT('',(12.5514701644346,-0.8,9.5));
#4516=CARTESIAN_POINT('',(12.5514701644346,0.,9.5));
#4517=CARTESIAN_POINT('',(10.,0.,10.));
#4518=CARTESIAN_POINT('',(12.5514701644346,0.,10.5));
#4519=CARTESIAN_POINT('',(12.5514701644346,-0.8,10.5));
#4520=CARTESIAN_POINT('',(12.5514701644346,-0.8,10.5));
#4521=CARTESIAN_POINT('',(10.,-0.8,10.));
#4522=CARTESIAN_POINT('',(10.5,-0.8,12.5514701644346));
#4523=CARTESIAN_POINT('',(10.5,-0.8,12.5514701644346));
#4524=CARTESIAN_POINT('',(10.5,0.,12.5514701644346));
#4525=CARTESIAN_POINT('',(10.,0.,10.));
#4526=CARTESIAN_POINT('',(9.5,0.,12.5514701644346));
#4527=CARTESIAN_POINT('',(9.5,-0.8,12.5514701644346));
#4528=CARTESIAN_POINT('',(9.5,-0.8,12.5514701644346));
#4529=CARTESIAN_POINT('',(10.,-0.8,10.));
#4530=CARTESIAN_POINT('',(7.44852983556538,-0.8,10.5));
#4531=CARTESIAN_POINT('',(7.44852983556538,-0.8,10.5));
#4532=CARTESIAN_POINT('',(7.44852983556538,0.,10.5));
#4533=CARTESIAN_POINT('',(10.,0.,10.));
#4534=CARTESIAN_POINT('',(7.44852983556538,0.,9.5));
#4535=CARTESIAN_POINT('',(7.44852983556538,-0.8,9.5));
#4536=CARTESIAN_POINT('',(7.44852983556538,-0.8,9.5));
#4537=CARTESIAN_POINT('',(10.,-0.8,10.));
#4538=CARTESIAN_POINT('',(9.5,-0.8,7.44852983556538));
#4539=CARTESIAN_POINT('',(9.5,-0.8,7.44852983556538));
#4540=CARTESIAN_POINT('',(-10.,5.,30.));
#4541=CARTESIAN_POINT('',(-10.,0.,30.));
#4542=CARTESIAN_POINT('',(-9.5,0.,27.4485298355654));
#4543=CARTESIAN_POINT('',(-10.5,0.,27.4485298355654));
#4544=CARTESIAN_POINT('',(-9.5,-0.8,27.4485298355654));
#4545=CARTESIAN_POINT('',(-9.5,-0.8,27.4485298355654));
#4546=CARTESIAN_POINT('',(-10.,-0.8,30.));
#4547=CARTESIAN_POINT('',(-7.44852983556539,-0.8,29.5));
#4548=CARTESIAN_POINT('',(-7.44852983556539,-0.8,29.5));
#4549=CARTESIAN_POINT('',(-7.44852983556538,0.,29.5));
#4550=CARTESIAN_POINT('',(-10.,0.,30.));
#4551=CARTESIAN_POINT('',(-7.44852983556538,0.,30.5));
#4552=CARTESIAN_POINT('',(-7.44852983556538,-0.8,30.5));
#4553=CARTESIAN_POINT('',(-7.44852983556538,-0.8,30.5));
#4554=CARTESIAN_POINT('',(-9.99999999999999,-0.8,30.));
#4555=CARTESIAN_POINT('',(-9.5,-0.8,32.5514701644346));
#4556=CARTESIAN_POINT('',(-9.5,-0.8,32.5514701644346));
#4557=CARTESIAN_POINT('',(-9.5,0.,32.5514701644346));
#4558=CARTESIAN_POINT('',(-10.,0.,30.));
#4559=CARTESIAN_POINT('',(-10.5,0.,32.5514701644346));
#4560=CARTESIAN_POINT('',(-10.5,-0.8,32.5514701644346));
#4561=CARTESIAN_POINT('',(-10.5,-0.8,32.5514701644346));
#4562=CARTESIAN_POINT('',(-10.,-0.8,30.));
#4563=CARTESIAN_POINT('',(-12.5514701644346,-0.8,30.5));
#4564=CARTESIAN_POINT('',(-12.5514701644346,-0.8,30.5));
#4565=CARTESIAN_POINT('',(-12.5514701644346,0.,30.5));
#4566=CARTESIAN_POINT('',(-10.,0.,30.));
#4567=CARTESIAN_POINT('',(-12.5514701644346,0.,29.5));
#4568=CARTESIAN_POINT('',(-12.5514701644346,-0.8,29.5));
#4569=CARTESIAN_POINT('',(-12.5514701644346,-0.8,29.5));
#4570=CARTESIAN_POINT('',(-10.,-0.8,30.));
#4571=CARTESIAN_POINT('',(-10.5,-0.8,27.4485298355654));
#4572=CARTESIAN_POINT('',(-10.5,-0.8,27.4485298355654));
#4573=CARTESIAN_POINT('',(-10.,22.,5.));
#4574=CARTESIAN_POINT('',(-10.,22.,0.));
#4575=CARTESIAN_POINT('',(-7.4,22.,0.));
#4576=CARTESIAN_POINT('',(10.,37.,5.));
#4577=CARTESIAN_POINT('',(10.,37.,0.));
#4578=CARTESIAN_POINT('',(12.6,37.,0.));
#4579=CARTESIAN_POINT('',(10.,22.,5.));
#4580=CARTESIAN_POINT('',(10.,22.,0.));
#4581=CARTESIAN_POINT('',(12.6,22.,0.));
#4582=CARTESIAN_POINT('',(-10.,37.,5.));
#4583=CARTESIAN_POINT('',(-10.,37.,0.));
#4584=CARTESIAN_POINT('',(-7.4,37.,0.));
#4585=CARTESIAN_POINT('',(-20.,0.,-0.8));
#4586=CARTESIAN_POINT('',(-20.,0.,0.));
#4587=CARTESIAN_POINT('',(-7.44852983556538,0.,9.5));
#4588=CARTESIAN_POINT('',(-7.,0.,9.5));
#4589=CARTESIAN_POINT('',(-7.,0.,9.5));
#4590=CARTESIAN_POINT('',(-7.,0.,8.));
#4591=CARTESIAN_POINT('',(-8.,0.,8.));
#4592=CARTESIAN_POINT('',(-8.,0.,7.));
#4593=CARTESIAN_POINT('',(-8.,0.,7.));
#4594=CARTESIAN_POINT('',(-9.5,0.,7.));
#4595=CARTESIAN_POINT('',(-9.5,0.,7.));
#4596=CARTESIAN_POINT('',(-10.5,0.,7.44852983556538));
#4597=CARTESIAN_POINT('',(-10.5,0.,7.));
#4598=CARTESIAN_POINT('',(-10.5,0.,7.));
#4599=CARTESIAN_POINT('',(-12.,0.,7.));
#4600=CARTESIAN_POINT('',(-12.,0.,8.));
#4601=CARTESIAN_POINT('',(-13.,0.,8.));
#4602=CARTESIAN_POINT('',(-13.,0.,8.));
#4603=CARTESIAN_POINT('',(-13.,0.,9.5));
#4604=CARTESIAN_POINT('',(-13.,0.,9.5));
#4605=CARTESIAN_POINT('',(-12.5514701644346,0.,10.5));
#4606=CARTESIAN_POINT('',(-13.,0.,10.5));
#4607=CARTESIAN_POINT('',(-13.,0.,10.5));
#4608=CARTESIAN_POINT('',(-13.,0.,12.));
#4609=CARTESIAN_POINT('',(-12.,0.,12.));
#4610=CARTESIAN_POINT('',(-12.,0.,13.));
#4611=CARTESIAN_POINT('',(-12.,0.,13.));
#4612=CARTESIAN_POINT('',(-10.5,0.,13.));
#4613=CARTESIAN_POINT('',(-10.5,0.,13.));
#4614=CARTESIAN_POINT('',(-9.5,0.,12.5514701644346));
#4615=CARTESIAN_POINT('',(-9.5,0.,13.));
#4616=CARTESIAN_POINT('',(-9.5,0.,13.));
#4617=CARTESIAN_POINT('',(-8.,0.,13.));
#4618=CARTESIAN_POINT('',(-8.,0.,12.));
#4619=CARTESIAN_POINT('',(-7.,0.,12.));
#4620=CARTESIAN_POINT('',(-7.,0.,12.));
#4621=CARTESIAN_POINT('',(-7.,0.,10.5));
#4622=CARTESIAN_POINT('',(-7.,0.,10.5));
#4623=CARTESIAN_POINT('',(12.5514701644346,0.,29.5));
#4624=CARTESIAN_POINT('',(13.,0.,29.5));
#4625=CARTESIAN_POINT('',(13.,0.,29.5));
#4626=CARTESIAN_POINT('',(13.,0.,28.));
#4627=CARTESIAN_POINT('',(12.,0.,28.));
#4628=CARTESIAN_POINT('',(12.,0.,27.));
#4629=CARTESIAN_POINT('',(12.,0.,27.));
#4630=CARTESIAN_POINT('',(10.5,0.,27.));
#4631=CARTESIAN_POINT('',(10.5,0.,27.));
#4632=CARTESIAN_POINT('',(9.5,0.,27.4485298355654));
#4633=CARTESIAN_POINT('',(9.5,0.,27.));
#4634=CARTESIAN_POINT('',(9.5,0.,27.));
#4635=CARTESIAN_POINT('',(8.,0.,27.));
#4636=CARTESIAN_POINT('',(8.00000000000001,0.,28.));
#4637=CARTESIAN_POINT('',(7.,0.,28.));
#4638=CARTESIAN_POINT('',(7.,0.,28.));
#4639=CARTESIAN_POINT('',(7.,0.,29.5));
#4640=CARTESIAN_POINT('',(7.,0.,29.5));
#4641=CARTESIAN_POINT('',(7.44852983556538,0.,30.5));
#4642=CARTESIAN_POINT('',(7.,0.,30.5));
#4643=CARTESIAN_POINT('',(7.,0.,30.5));
#4644=CARTESIAN_POINT('',(7.,0.,32.));
#4645=CARTESIAN_POINT('',(8.00000000000001,0.,32.));
#4646=CARTESIAN_POINT('',(8.,0.,33.));
#4647=CARTESIAN_POINT('',(8.,0.,33.));
#4648=CARTESIAN_POINT('',(9.5,0.,33.));
#4649=CARTESIAN_POINT('',(9.5,0.,33.));
#4650=CARTESIAN_POINT('',(10.5,0.,32.5514701644346));
#4651=CARTESIAN_POINT('',(10.5,0.,33.));
#4652=CARTESIAN_POINT('',(10.5,0.,33.));
#4653=CARTESIAN_POINT('',(12.,0.,33.));
#4654=CARTESIAN_POINT('',(12.,0.,32.));
#4655=CARTESIAN_POINT('',(13.,0.,32.));
#4656=CARTESIAN_POINT('',(13.,0.,32.));
#4657=CARTESIAN_POINT('',(13.,0.,30.5));
#4658=CARTESIAN_POINT('',(13.,0.,30.5));
#4659=CARTESIAN_POINT('',(12.5514701644346,0.,9.5));
#4660=CARTESIAN_POINT('',(13.,0.,9.5));
#4661=CARTESIAN_POINT('',(13.,0.,9.5));
#4662=CARTESIAN_POINT('',(13.,0.,8.));
#4663=CARTESIAN_POINT('',(12.,0.,8.));
#4664=CARTESIAN_POINT('',(12.,0.,7.));
#4665=CARTESIAN_POINT('',(12.,0.,7.));
#4666=CARTESIAN_POINT('',(10.5,0.,7.));
#4667=CARTESIAN_POINT('',(10.5,0.,7.));
#4668=CARTESIAN_POINT('',(9.5,0.,7.44852983556538));
#4669=CARTESIAN_POINT('',(9.5,0.,7.));
#4670=CARTESIAN_POINT('',(9.5,0.,7.));
#4671=CARTESIAN_POINT('',(8.,0.,7.));
#4672=CARTESIAN_POINT('',(8.,0.,8.));
#4673=CARTESIAN_POINT('',(7.,0.,8.));
#4674=CARTESIAN_POINT('',(7.,0.,8.));
#4675=CARTESIAN_POINT('',(7.,0.,9.5));
#4676=CARTESIAN_POINT('',(7.,0.,9.5));
#4677=CARTESIAN_POINT('',(7.44852983556538,0.,10.5));
#4678=CARTESIAN_POINT('',(7.,0.,10.5));
#4679=CARTESIAN_POINT('',(7.,0.,10.5));
#4680=CARTESIAN_POINT('',(7.,0.,12.));
#4681=CARTESIAN_POINT('',(8.,0.,12.));
#4682=CARTESIAN_POINT('',(8.,0.,13.));
#4683=CARTESIAN_POINT('',(8.,0.,13.));
#4684=CARTESIAN_POINT('',(9.5,0.,13.));
#4685=CARTESIAN_POINT('',(9.5,0.,13.));
#4686=CARTESIAN_POINT('',(10.5,0.,12.5514701644346));
#4687=CARTESIAN_POINT('',(10.5,0.,13.));
#4688=CARTESIAN_POINT('',(10.5,0.,13.));
#4689=CARTESIAN_POINT('',(12.,0.,13.));
#4690=CARTESIAN_POINT('',(12.,0.,12.));
#4691=CARTESIAN_POINT('',(13.,0.,12.));
#4692=CARTESIAN_POINT('',(13.,0.,12.));
#4693=CARTESIAN_POINT('',(13.,0.,10.5));
#4694=CARTESIAN_POINT('',(13.,0.,10.5));
#4695=CARTESIAN_POINT('',(-7.44852983556538,0.,29.5));
#4696=CARTESIAN_POINT('',(-7.,0.,29.5));
#4697=CARTESIAN_POINT('',(-7.,0.,29.5));
#4698=CARTESIAN_POINT('',(-7.,0.,28.));
#4699=CARTESIAN_POINT('',(-8.,0.,28.));
#4700=CARTESIAN_POINT('',(-8.,0.,27.));
#4701=CARTESIAN_POINT('',(-8.,0.,27.));
#4702=CARTESIAN_POINT('',(-9.5,0.,27.));
#4703=CARTESIAN_POINT('',(-9.5,0.,27.));
#4704=CARTESIAN_POINT('',(-10.5,0.,27.4485298355654));
#4705=CARTESIAN_POINT('',(-10.5,0.,27.));
#4706=CARTESIAN_POINT('',(-10.5,0.,27.));
#4707=CARTESIAN_POINT('',(-12.,0.,27.));
#4708=CARTESIAN_POINT('',(-12.,0.,28.));
#4709=CARTESIAN_POINT('',(-13.,0.,28.));
#4710=CARTESIAN_POINT('',(-13.,0.,28.));
#4711=CARTESIAN_POINT('',(-13.,0.,29.5));
#4712=CARTESIAN_POINT('',(-13.,0.,29.5));
#4713=CARTESIAN_POINT('',(-12.5514701644346,0.,30.5));
#4714=CARTESIAN_POINT('',(-13.,0.,30.5));
#4715=CARTESIAN_POINT('',(-13.,0.,30.5));
#4716=CARTESIAN_POINT('',(-13.,0.,32.));
#4717=CARTESIAN_POINT('',(-12.,0.,32.));
#4718=CARTESIAN_POINT('',(-12.,0.,33.));
#4719=CARTESIAN_POINT('',(-12.,0.,33.));
#4720=CARTESIAN_POINT('',(-10.5,0.,33.));
#4721=CARTESIAN_POINT('',(-10.5,0.,33.));
#4722=CARTESIAN_POINT('',(-9.5,0.,32.5514701644346));
#4723=CARTESIAN_POINT('',(-9.5,0.,33.));
#4724=CARTESIAN_POINT('',(-9.5,0.,33.));
#4725=CARTESIAN_POINT('',(-8.,0.,33.));
#4726=CARTESIAN_POINT('',(-8.00000000000001,0.,32.));
#4727=CARTESIAN_POINT('',(-7.,0.,32.));
#4728=CARTESIAN_POINT('',(-7.,0.,32.));
#4729=CARTESIAN_POINT('',(-7.,0.,30.5));
#4730=CARTESIAN_POINT('',(-7.,0.,30.5));
#4731=CARTESIAN_POINT('',(-9.5,-0.8,32.5514701644346));
#4732=CARTESIAN_POINT('',(-9.5,-0.8,32.5514701644346));
#4733=CARTESIAN_POINT('',(-9.5,-0.8,33.));
#4734=CARTESIAN_POINT('',(-9.5,-0.8,33.));
#4735=CARTESIAN_POINT('',(-7.,-0.8,30.5));
#4736=CARTESIAN_POINT('',(-7.,-0.8,30.5));
#4737=CARTESIAN_POINT('',(-7.,-0.8,30.5));
#4738=CARTESIAN_POINT('',(-7.,-0.8,30.5));
#4739=CARTESIAN_POINT('',(-7.,-0.8,32.));
#4740=CARTESIAN_POINT('',(-7.,-0.8,32.));
#4741=CARTESIAN_POINT('',(-7.,-0.8,32.));
#4742=CARTESIAN_POINT('',(-7.,-0.8,32.));
#4743=CARTESIAN_POINT('',(-8.00000000000001,-0.8,32.));
#4744=CARTESIAN_POINT('',(-8.,-0.8,33.));
#4745=CARTESIAN_POINT('',(-8.,-0.8,33.));
#4746=CARTESIAN_POINT('',(-8.00000000000001,-0.8,32.));
#4747=CARTESIAN_POINT('',(-9.5,-0.8,12.5514701644346));
#4748=CARTESIAN_POINT('',(-9.5,-0.8,12.5514701644346));
#4749=CARTESIAN_POINT('',(-9.5,-0.8,13.));
#4750=CARTESIAN_POINT('',(-9.5,-0.8,13.));
#4751=CARTESIAN_POINT('',(-7.,-0.8,10.5));
#4752=CARTESIAN_POINT('',(-7.,-0.8,10.5));
#4753=CARTESIAN_POINT('',(-7.,-0.8,10.5));
#4754=CARTESIAN_POINT('',(-7.,-0.8,10.5));
#4755=CARTESIAN_POINT('',(-7.,-0.8,12.));
#4756=CARTESIAN_POINT('',(-7.,-0.8,12.));
#4757=CARTESIAN_POINT('',(-7.,-0.8,12.));
#4758=CARTESIAN_POINT('',(-7.,-0.8,12.));
#4759=CARTESIAN_POINT('',(-8.,-0.8,12.));
#4760=CARTESIAN_POINT('',(-8.,-0.8,13.));
#4761=CARTESIAN_POINT('',(-8.,-0.8,13.));
#4762=CARTESIAN_POINT('',(-8.,-0.8,12.));
#4763=CARTESIAN_POINT('',(10.5,-0.8,32.5514701644346));
#4764=CARTESIAN_POINT('',(10.5,-0.8,32.5514701644346));
#4765=CARTESIAN_POINT('',(10.5,-0.8,33.));
#4766=CARTESIAN_POINT('',(10.5,-0.8,33.));
#4767=CARTESIAN_POINT('',(13.,-0.8,30.5));
#4768=CARTESIAN_POINT('',(13.,-0.8,30.5));
#4769=CARTESIAN_POINT('',(13.,-0.8,30.5));
#4770=CARTESIAN_POINT('',(13.,-0.8,30.5));
#4771=CARTESIAN_POINT('',(13.,-0.8,32.));
#4772=CARTESIAN_POINT('',(13.,-0.8,32.));
#4773=CARTESIAN_POINT('',(13.,-0.8,32.));
#4774=CARTESIAN_POINT('',(13.,-0.8,32.));
#4775=CARTESIAN_POINT('',(12.,-0.8,32.));
#4776=CARTESIAN_POINT('',(12.,-0.8,33.));
#4777=CARTESIAN_POINT('',(12.,-0.8,33.));
#4778=CARTESIAN_POINT('',(12.,-0.8,32.));
#4779=CARTESIAN_POINT('',(10.5,-0.8,12.5514701644346));
#4780=CARTESIAN_POINT('',(10.5,-0.8,12.5514701644346));
#4781=CARTESIAN_POINT('',(10.5,-0.8,13.));
#4782=CARTESIAN_POINT('',(10.5,-0.8,13.));
#4783=CARTESIAN_POINT('',(13.,-0.8,10.5));
#4784=CARTESIAN_POINT('',(13.,-0.8,10.5));
#4785=CARTESIAN_POINT('',(13.,-0.8,10.5));
#4786=CARTESIAN_POINT('',(13.,-0.8,10.5));
#4787=CARTESIAN_POINT('',(13.,-0.8,12.));
#4788=CARTESIAN_POINT('',(13.,-0.8,12.));
#4789=CARTESIAN_POINT('',(13.,-0.8,12.));
#4790=CARTESIAN_POINT('',(13.,-0.8,12.));
#4791=CARTESIAN_POINT('',(12.,-0.8,12.));
#4792=CARTESIAN_POINT('',(12.,-0.8,13.));
#4793=CARTESIAN_POINT('',(12.,-0.8,13.));
#4794=CARTESIAN_POINT('',(12.,-0.8,12.));
#4795=CARTESIAN_POINT('',(10.5,-0.8,7.));
#4796=CARTESIAN_POINT('',(10.5,-0.8,7.));
#4797=CARTESIAN_POINT('',(10.5,-0.8,7.));
#4798=CARTESIAN_POINT('',(10.5,-0.8,7.));
#4799=CARTESIAN_POINT('',(12.,-0.8,7.));
#4800=CARTESIAN_POINT('',(12.,-0.8,7.));
#4801=CARTESIAN_POINT('',(12.,-0.8,7.));
#4802=CARTESIAN_POINT('',(12.,-0.8,7.));
#4803=CARTESIAN_POINT('',(12.,-0.8,8.));
#4804=CARTESIAN_POINT('',(13.,-0.8,8.));
#4805=CARTESIAN_POINT('',(13.,-0.8,8.));
#4806=CARTESIAN_POINT('',(12.,-0.8,8.));
#4807=CARTESIAN_POINT('',(13.,-0.8,9.5));
#4808=CARTESIAN_POINT('',(13.,-0.8,9.5));
#4809=CARTESIAN_POINT('',(13.,-0.8,9.5));
#4810=CARTESIAN_POINT('',(13.,-0.8,9.5));
#4811=CARTESIAN_POINT('',(12.5514701644346,-0.8,9.5));
#4812=CARTESIAN_POINT('',(12.5514701644346,-0.8,9.5));
#4813=CARTESIAN_POINT('',(10.5,-0.8,27.));
#4814=CARTESIAN_POINT('',(10.5,-0.8,27.));
#4815=CARTESIAN_POINT('',(10.5,-0.8,27.));
#4816=CARTESIAN_POINT('',(10.5,-0.8,27.));
#4817=CARTESIAN_POINT('',(12.,-0.8,27.));
#4818=CARTESIAN_POINT('',(12.,-0.8,27.));
#4819=CARTESIAN_POINT('',(12.,-0.8,27.));
#4820=CARTESIAN_POINT('',(12.,-0.8,27.));
#4821=CARTESIAN_POINT('',(12.,-0.8,28.));
#4822=CARTESIAN_POINT('',(13.,-0.8,28.));
#4823=CARTESIAN_POINT('',(13.,-0.8,28.));
#4824=CARTESIAN_POINT('',(12.,-0.8,28.));
#4825=CARTESIAN_POINT('',(13.,-0.8,29.5));
#4826=CARTESIAN_POINT('',(13.,-0.8,29.5));
#4827=CARTESIAN_POINT('',(13.,-0.8,29.5));
#4828=CARTESIAN_POINT('',(13.,-0.8,29.5));
#4829=CARTESIAN_POINT('',(12.5514701644346,-0.8,29.5));
#4830=CARTESIAN_POINT('',(12.5514701644346,-0.8,29.5));
#4831=CARTESIAN_POINT('',(8.,-0.8,8.));
#4832=CARTESIAN_POINT('',(8.,-0.8,7.));
#4833=CARTESIAN_POINT('',(8.,-0.8,7.));
#4834=CARTESIAN_POINT('',(8.,-0.8,8.));
#4835=CARTESIAN_POINT('',(7.,-0.8,8.));
#4836=CARTESIAN_POINT('',(7.,-0.8,8.));
#4837=CARTESIAN_POINT('',(9.5,-0.8,7.));
#4838=CARTESIAN_POINT('',(9.5,-0.8,7.));
#4839=CARTESIAN_POINT('',(9.5,-0.8,7.));
#4840=CARTESIAN_POINT('',(9.5,-0.8,7.));
#4841=CARTESIAN_POINT('',(9.5,-0.8,7.44852983556538));
#4842=CARTESIAN_POINT('',(9.5,-0.8,7.44852983556538));
#4843=CARTESIAN_POINT('',(7.,-0.8,9.5));
#4844=CARTESIAN_POINT('',(7.,-0.8,9.5));
#4845=CARTESIAN_POINT('',(7.,-0.8,9.5));
#4846=CARTESIAN_POINT('',(7.,-0.8,9.5));
#4847=CARTESIAN_POINT('',(7.44852983556538,-0.8,10.5));
#4848=CARTESIAN_POINT('',(7.44852983556538,-0.8,10.5));
#4849=CARTESIAN_POINT('',(7.,-0.8,10.5));
#4850=CARTESIAN_POINT('',(7.,-0.8,10.5));
#4851=CARTESIAN_POINT('',(9.5,-0.8,13.));
#4852=CARTESIAN_POINT('',(9.5,-0.8,13.));
#4853=CARTESIAN_POINT('',(9.5,-0.8,13.));
#4854=CARTESIAN_POINT('',(9.5,-0.8,13.));
#4855=CARTESIAN_POINT('',(8.,-0.8,13.));
#4856=CARTESIAN_POINT('',(8.,-0.8,13.));
#4857=CARTESIAN_POINT('',(8.,-0.8,13.));
#4858=CARTESIAN_POINT('',(8.,-0.8,13.));
#4859=CARTESIAN_POINT('',(8.,-0.8,12.));
#4860=CARTESIAN_POINT('',(7.,-0.8,12.));
#4861=CARTESIAN_POINT('',(7.,-0.8,12.));
#4862=CARTESIAN_POINT('',(8.,-0.8,12.));
#4863=CARTESIAN_POINT('',(8.00000000000001,-0.8,28.));
#4864=CARTESIAN_POINT('',(8.,-0.8,27.));
#4865=CARTESIAN_POINT('',(8.,-0.8,27.));
#4866=CARTESIAN_POINT('',(8.00000000000001,-0.8,28.));
#4867=CARTESIAN_POINT('',(7.,-0.8,28.));
#4868=CARTESIAN_POINT('',(7.,-0.8,28.));
#4869=CARTESIAN_POINT('',(9.5,-0.8,27.));
#4870=CARTESIAN_POINT('',(9.5,-0.8,27.));
#4871=CARTESIAN_POINT('',(9.5,-0.8,27.));
#4872=CARTESIAN_POINT('',(9.5,-0.8,27.));
#4873=CARTESIAN_POINT('',(9.5,-0.8,27.4485298355654));
#4874=CARTESIAN_POINT('',(9.5,-0.8,27.4485298355654));
#4875=CARTESIAN_POINT('',(7.,-0.8,29.5));
#4876=CARTESIAN_POINT('',(7.,-0.8,29.5));
#4877=CARTESIAN_POINT('',(7.,-0.8,29.5));
#4878=CARTESIAN_POINT('',(7.,-0.8,29.5));
#4879=CARTESIAN_POINT('',(7.44852983556538,-0.8,30.5));
#4880=CARTESIAN_POINT('',(7.44852983556538,-0.8,30.5));
#4881=CARTESIAN_POINT('',(7.,-0.8,30.5));
#4882=CARTESIAN_POINT('',(7.,-0.8,30.5));
#4883=CARTESIAN_POINT('',(9.5,-0.8,33.));
#4884=CARTESIAN_POINT('',(9.5,-0.8,33.));
#4885=CARTESIAN_POINT('',(9.5,-0.8,33.));
#4886=CARTESIAN_POINT('',(9.5,-0.8,33.));
#4887=CARTESIAN_POINT('',(8.,-0.8,33.));
#4888=CARTESIAN_POINT('',(8.,-0.8,33.));
#4889=CARTESIAN_POINT('',(8.,-0.8,33.));
#4890=CARTESIAN_POINT('',(8.,-0.8,33.));
#4891=CARTESIAN_POINT('',(8.00000000000001,-0.8,32.));
#4892=CARTESIAN_POINT('',(7.,-0.8,32.));
#4893=CARTESIAN_POINT('',(7.,-0.8,32.));
#4894=CARTESIAN_POINT('',(8.00000000000001,-0.8,32.));
#4895=CARTESIAN_POINT('',(-9.5,-0.8,7.));
#4896=CARTESIAN_POINT('',(-9.5,-0.8,7.));
#4897=CARTESIAN_POINT('',(-9.5,-0.8,7.));
#4898=CARTESIAN_POINT('',(-9.5,-0.8,7.));
#4899=CARTESIAN_POINT('',(-8.,-0.8,7.));
#4900=CARTESIAN_POINT('',(-8.,-0.8,7.));
#4901=CARTESIAN_POINT('',(-8.,-0.8,7.));
#4902=CARTESIAN_POINT('',(-8.,-0.8,7.));
#4903=CARTESIAN_POINT('',(-8.,-0.8,8.));
#4904=CARTESIAN_POINT('',(-7.,-0.8,8.));
#4905=CARTESIAN_POINT('',(-7.,-0.8,8.));
#4906=CARTESIAN_POINT('',(-8.,-0.8,8.));
#4907=CARTESIAN_POINT('',(-7.,-0.8,9.5));
#4908=CARTESIAN_POINT('',(-7.,-0.8,9.5));
#4909=CARTESIAN_POINT('',(-7.,-0.8,9.5));
#4910=CARTESIAN_POINT('',(-7.,-0.8,9.5));
#4911=CARTESIAN_POINT('',(-7.44852983556538,-0.8,9.5));
#4912=CARTESIAN_POINT('',(-7.44852983556538,-0.8,9.5));
#4913=CARTESIAN_POINT('',(-9.5,-0.8,27.));
#4914=CARTESIAN_POINT('',(-9.5,-0.8,27.));
#4915=CARTESIAN_POINT('',(-9.5,-0.8,27.));
#4916=CARTESIAN_POINT('',(-9.5,-0.8,27.));
#4917=CARTESIAN_POINT('',(-8.,-0.8,27.));
#4918=CARTESIAN_POINT('',(-8.,-0.8,27.));
#4919=CARTESIAN_POINT('',(-8.,-0.8,27.));
#4920=CARTESIAN_POINT('',(-8.,-0.8,27.));
#4921=CARTESIAN_POINT('',(-8.,-0.8,28.));
#4922=CARTESIAN_POINT('',(-7.,-0.8,28.));
#4923=CARTESIAN_POINT('',(-7.,-0.8,28.));
#4924=CARTESIAN_POINT('',(-8.,-0.8,28.));
#4925=CARTESIAN_POINT('',(-7.,-0.8,29.5));
#4926=CARTESIAN_POINT('',(-7.,-0.8,29.5));
#4927=CARTESIAN_POINT('',(-7.,-0.8,29.5));
#4928=CARTESIAN_POINT('',(-7.,-0.8,29.5));
#4929=CARTESIAN_POINT('',(-7.44852983556538,-0.8,29.5));
#4930=CARTESIAN_POINT('',(-7.44852983556538,-0.8,29.5));
#4931=CARTESIAN_POINT('',(-12.,-0.8,8.));
#4932=CARTESIAN_POINT('',(-12.,-0.8,7.));
#4933=CARTESIAN_POINT('',(-12.,-0.8,7.));
#4934=CARTESIAN_POINT('',(-12.,-0.8,8.));
#4935=CARTESIAN_POINT('',(-13.,-0.8,8.));
#4936=CARTESIAN_POINT('',(-13.,-0.8,8.));
#4937=CARTESIAN_POINT('',(-10.5,-0.8,7.));
#4938=CARTESIAN_POINT('',(-10.5,-0.8,7.));
#4939=CARTESIAN_POINT('',(-10.5,-0.8,7.));
#4940=CARTESIAN_POINT('',(-10.5,-0.8,7.));
#4941=CARTESIAN_POINT('',(-10.5,-0.8,7.44852983556538));
#4942=CARTESIAN_POINT('',(-10.5,-0.8,7.44852983556538));
#4943=CARTESIAN_POINT('',(-13.,-0.8,9.5));
#4944=CARTESIAN_POINT('',(-13.,-0.8,9.5));
#4945=CARTESIAN_POINT('',(-13.,-0.8,9.5));
#4946=CARTESIAN_POINT('',(-13.,-0.8,9.5));
#4947=CARTESIAN_POINT('',(-12.5514701644346,-0.8,10.5));
#4948=CARTESIAN_POINT('',(-12.5514701644346,-0.8,10.5));
#4949=CARTESIAN_POINT('',(-13.,-0.8,10.5));
#4950=CARTESIAN_POINT('',(-13.,-0.8,10.5));
#4951=CARTESIAN_POINT('',(-10.5,-0.8,13.));
#4952=CARTESIAN_POINT('',(-10.5,-0.8,13.));
#4953=CARTESIAN_POINT('',(-10.5,-0.8,13.));
#4954=CARTESIAN_POINT('',(-10.5,-0.8,13.));
#4955=CARTESIAN_POINT('',(-12.,-0.8,13.));
#4956=CARTESIAN_POINT('',(-12.,-0.8,13.));
#4957=CARTESIAN_POINT('',(-12.,-0.8,13.));
#4958=CARTESIAN_POINT('',(-12.,-0.8,13.));
#4959=CARTESIAN_POINT('',(-12.,-0.8,12.));
#4960=CARTESIAN_POINT('',(-13.,-0.8,12.));
#4961=CARTESIAN_POINT('',(-13.,-0.8,12.));
#4962=CARTESIAN_POINT('',(-12.,-0.8,12.));
#4963=CARTESIAN_POINT('',(-12.,-0.8,28.));
#4964=CARTESIAN_POINT('',(-12.,-0.8,27.));
#4965=CARTESIAN_POINT('',(-12.,-0.8,27.));
#4966=CARTESIAN_POINT('',(-12.,-0.8,28.));
#4967=CARTESIAN_POINT('',(-13.,-0.8,28.));
#4968=CARTESIAN_POINT('',(-13.,-0.8,28.));
#4969=CARTESIAN_POINT('',(-10.5,-0.8,27.));
#4970=CARTESIAN_POINT('',(-10.5,-0.8,27.));
#4971=CARTESIAN_POINT('',(-10.5,-0.8,27.));
#4972=CARTESIAN_POINT('',(-10.5,-0.8,27.));
#4973=CARTESIAN_POINT('',(-10.5,-0.8,27.4485298355654));
#4974=CARTESIAN_POINT('',(-10.5,-0.8,27.4485298355654));
#4975=CARTESIAN_POINT('',(-13.,-0.8,29.5));
#4976=CARTESIAN_POINT('',(-13.,-0.8,29.5));
#4977=CARTESIAN_POINT('',(-13.,-0.8,29.5));
#4978=CARTESIAN_POINT('',(-13.,-0.8,29.5));
#4979=CARTESIAN_POINT('',(-12.5514701644346,-0.8,30.5));
#4980=CARTESIAN_POINT('',(-12.5514701644346,-0.8,30.5));
#4981=CARTESIAN_POINT('',(-13.,-0.8,30.5));
#4982=CARTESIAN_POINT('',(-13.,-0.8,30.5));
#4983=CARTESIAN_POINT('',(-10.5,-0.8,33.));
#4984=CARTESIAN_POINT('',(-10.5,-0.8,33.));
#4985=CARTESIAN_POINT('',(-10.5,-0.8,33.));
#4986=CARTESIAN_POINT('',(-10.5,-0.8,33.));
#4987=CARTESIAN_POINT('',(-12.,-0.8,33.));
#4988=CARTESIAN_POINT('',(-12.,-0.8,33.));
#4989=CARTESIAN_POINT('',(-12.,-0.8,33.));
#4990=CARTESIAN_POINT('',(-12.,-0.8,33.));
#4991=CARTESIAN_POINT('',(-12.,-0.8,32.));
#4992=CARTESIAN_POINT('',(-13.,-0.8,32.));
#4993=CARTESIAN_POINT('',(-13.,-0.8,32.));
#4994=CARTESIAN_POINT('',(-12.,-0.8,32.));
#4995=CARTESIAN_POINT('',(-9.5,-0.8,13.));
#4996=CARTESIAN_POINT('',(-9.5,-0.8,13.));
#4997=CARTESIAN_POINT('',(10.5,-0.8,33.));
#4998=CARTESIAN_POINT('',(10.5,-0.8,33.));
#4999=CARTESIAN_POINT('',(10.5,-0.8,13.));
#5000=CARTESIAN_POINT('',(10.5,-0.8,13.));
#5001=CARTESIAN_POINT('',(7.,-0.8,8.));
#5002=CARTESIAN_POINT('',(7.,-0.8,8.));
#5003=CARTESIAN_POINT('',(7.,-0.8,10.5));
#5004=CARTESIAN_POINT('',(7.,-0.8,10.5));
#5005=CARTESIAN_POINT('',(7.,-0.8,28.));
#5006=CARTESIAN_POINT('',(7.,-0.8,28.));
#5007=CARTESIAN_POINT('',(7.,-0.8,30.5));
#5008=CARTESIAN_POINT('',(7.,-0.8,30.5));
#5009=CARTESIAN_POINT('',(-13.,-0.8,8.));
#5010=CARTESIAN_POINT('',(-13.,-0.8,8.));
#5011=CARTESIAN_POINT('',(-13.,-0.8,10.5));
#5012=CARTESIAN_POINT('',(-13.,-0.8,10.5));
#5013=CARTESIAN_POINT('',(-13.,-0.8,28.));
#5014=CARTESIAN_POINT('',(-13.,-0.8,28.));
#5015=CARTESIAN_POINT('',(-13.,-0.8,30.5));
#5016=CARTESIAN_POINT('',(-13.,-0.8,30.5));
#5017=CARTESIAN_POINT('',(-9.5,-0.8,33.));
#5018=CARTESIAN_POINT('',(-9.5,-0.8,33.));
#5019=CARTESIAN_POINT('',(0.,-0.8,0.));
#5020=CARTESIAN_POINT('',(0.,-0.8,0.));
#5021=CARTESIAN_POINT('',(0.,-0.8,0.));
#5022=CARTESIAN_POINT('',(0.,-0.8,0.));
#5023=CARTESIAN_POINT('',(0.,-0.8,0.));
#5024=CARTESIAN_POINT('',(0.,-0.8,0.));
#5025=CARTESIAN_POINT('',(0.,-0.8,0.));
#5026=CARTESIAN_POINT('',(0.,-0.8,0.));
#5027=CARTESIAN_POINT('',(0.,-0.8,0.));
#5028=CARTESIAN_POINT('',(0.,-0.8,0.));
#5029=CARTESIAN_POINT('',(0.,-0.8,0.));
#5030=CARTESIAN_POINT('',(0.,-0.8,0.));
#5031=CARTESIAN_POINT('',(0.,-0.8,0.));
#5032=CARTESIAN_POINT('',(0.,-0.8,0.));
#5033=CARTESIAN_POINT('',(0.,-0.8,0.));
#5034=CARTESIAN_POINT('',(0.,-0.8,0.));
#5035=CARTESIAN_POINT('',(7.3,7.7,-1.25));
#5036=CARTESIAN_POINT('',(7.3,7.7,-0.8));
#5037=CARTESIAN_POINT('',(7.3,8.,-0.8));
#5038=CARTESIAN_POINT('',(7.,7.7,-0.8));
#5039=CARTESIAN_POINT('',(7.,7.7,-1.25));
#5040=CARTESIAN_POINT('',(7.,7.7,0.));
#5041=CARTESIAN_POINT('',(7.3,7.7,0.));
#5042=CARTESIAN_POINT('',(7.3,8.,0.));
#5043=CARTESIAN_POINT('',(7.3,8.,-1.25));
#5044=CARTESIAN_POINT('',(12.7,8.,-1.25));
#5045=CARTESIAN_POINT('',(0.,8.,-0.8));
#5046=CARTESIAN_POINT('',(12.7,8.,-0.8));
#5047=CARTESIAN_POINT('',(12.7,8.,0.));
#5048=CARTESIAN_POINT('',(12.7,8.,0.));
#5049=CARTESIAN_POINT('',(12.7,8.,-1.25));
#5050=CARTESIAN_POINT('',(12.7,7.7,-1.25));
#5051=CARTESIAN_POINT('',(12.7,7.7,-0.8));
#5052=CARTESIAN_POINT('',(13.,7.7,-0.8));
#5053=CARTESIAN_POINT('',(12.7,7.7,0.));
#5054=CARTESIAN_POINT('',(13.,7.7,0.));
#5055=CARTESIAN_POINT('',(13.,7.7,-1.25));
#5056=CARTESIAN_POINT('',(13.,3.3,-1.25));
#5057=CARTESIAN_POINT('',(13.,0.,-0.8));
#5058=CARTESIAN_POINT('',(13.,3.3,-0.8));
#5059=CARTESIAN_POINT('',(13.,3.3,0.));
#5060=CARTESIAN_POINT('',(13.,3.3,0.));
#5061=CARTESIAN_POINT('',(13.,3.3,-1.25));
#5062=CARTESIAN_POINT('',(12.7,3.3,-1.25));
#5063=CARTESIAN_POINT('',(12.7,3.3,-0.8));
#5064=CARTESIAN_POINT('',(12.7,3.,-0.8));
#5065=CARTESIAN_POINT('',(12.7,3.3,0.));
#5066=CARTESIAN_POINT('',(12.7,3.,0.));
#5067=CARTESIAN_POINT('',(12.7,3.,-1.25));
#5068=CARTESIAN_POINT('',(7.3,3.,-1.25));
#5069=CARTESIAN_POINT('',(0.,3.,-0.8));
#5070=CARTESIAN_POINT('',(7.3,3.,-0.8));
#5071=CARTESIAN_POINT('',(7.3,3.,0.));
#5072=CARTESIAN_POINT('',(7.3,3.,0.));
#5073=CARTESIAN_POINT('',(7.3,3.,-1.25));
#5074=CARTESIAN_POINT('',(7.3,3.3,-1.25));
#5075=CARTESIAN_POINT('',(7.3,3.3,-0.8));
#5076=CARTESIAN_POINT('',(7.,3.3,-0.8));
#5077=CARTESIAN_POINT('',(7.3,3.3,0.));
#5078=CARTESIAN_POINT('',(7.,3.3,0.));
#5079=CARTESIAN_POINT('',(7.,3.3,-1.25));
#5080=CARTESIAN_POINT('',(7.29999999999999,32.7,-1.25));
#5081=CARTESIAN_POINT('',(7.29999999999999,32.7,-0.8));
#5082=CARTESIAN_POINT('',(7.3,33.,-0.8));
#5083=CARTESIAN_POINT('',(7.,32.7,-0.8));
#5084=CARTESIAN_POINT('',(7.,32.7,-1.25));
#5085=CARTESIAN_POINT('',(7.,32.7,0.));
#5086=CARTESIAN_POINT('',(7.29999999999999,32.7,0.));
#5087=CARTESIAN_POINT('',(7.3,33.,0.));
#5088=CARTESIAN_POINT('',(7.3,33.,-1.25));
#5089=CARTESIAN_POINT('',(12.7,33.,-1.25));
#5090=CARTESIAN_POINT('',(0.,33.,-0.8));
#5091=CARTESIAN_POINT('',(12.7,33.,-0.8));
#5092=CARTESIAN_POINT('',(12.7,33.,0.));
#5093=CARTESIAN_POINT('',(12.7,33.,0.));
#5094=CARTESIAN_POINT('',(12.7,33.,-1.25));
#5095=CARTESIAN_POINT('',(12.7,32.7,-1.25));
#5096=CARTESIAN_POINT('',(12.7,32.7,-0.8));
#5097=CARTESIAN_POINT('',(13.,32.7,-0.8));
#5098=CARTESIAN_POINT('',(12.7,32.7,0.));
#5099=CARTESIAN_POINT('',(13.,32.7,0.));
#5100=CARTESIAN_POINT('',(13.,32.7,-1.25));
#5101=CARTESIAN_POINT('',(13.,27.3,-1.25));
#5102=CARTESIAN_POINT('',(13.,0.,-0.8));
#5103=CARTESIAN_POINT('',(13.,27.3,-0.8));
#5104=CARTESIAN_POINT('',(13.,27.3,0.));
#5105=CARTESIAN_POINT('',(13.,27.3,0.));
#5106=CARTESIAN_POINT('',(13.,27.3,-1.25));
#5107=CARTESIAN_POINT('',(12.7,27.3,-1.25));
#5108=CARTESIAN_POINT('',(12.7,27.3,-0.8));
#5109=CARTESIAN_POINT('',(12.7,27.,-0.8));
#5110=CARTESIAN_POINT('',(12.7,27.3,0.));
#5111=CARTESIAN_POINT('',(12.7,27.,0.));
#5112=CARTESIAN_POINT('',(12.7,27.,-1.25));
#5113=CARTESIAN_POINT('',(7.3,27.,-1.25));
#5114=CARTESIAN_POINT('',(0.,27.,-0.8));
#5115=CARTESIAN_POINT('',(7.3,27.,-0.8));
#5116=CARTESIAN_POINT('',(7.3,27.,0.));
#5117=CARTESIAN_POINT('',(7.3,27.,0.));
#5118=CARTESIAN_POINT('',(7.3,27.,-1.25));
#5119=CARTESIAN_POINT('',(7.3,27.3,-1.25));
#5120=CARTESIAN_POINT('',(7.3,27.3,-0.8));
#5121=CARTESIAN_POINT('',(7.,27.3,-0.8));
#5122=CARTESIAN_POINT('',(7.3,27.3,0.));
#5123=CARTESIAN_POINT('',(7.,27.3,0.));
#5124=CARTESIAN_POINT('',(7.,27.3,-1.25));
#5125=CARTESIAN_POINT('',(-12.7,7.7,-1.25));
#5126=CARTESIAN_POINT('',(-12.7,7.7,-0.8));
#5127=CARTESIAN_POINT('',(-12.7,8.,-0.8));
#5128=CARTESIAN_POINT('',(-13.,7.7,-0.8));
#5129=CARTESIAN_POINT('',(-13.,7.7,-1.25));
#5130=CARTESIAN_POINT('',(-13.,7.7,0.));
#5131=CARTESIAN_POINT('',(-12.7,7.7,0.));
#5132=CARTESIAN_POINT('',(-12.7,8.,0.));
#5133=CARTESIAN_POINT('',(-12.7,8.,-1.25));
#5134=CARTESIAN_POINT('',(-7.3,8.,-1.25));
#5135=CARTESIAN_POINT('',(0.,8.,-0.8));
#5136=CARTESIAN_POINT('',(-7.3,8.,-0.8));
#5137=CARTESIAN_POINT('',(-7.3,8.,0.));
#5138=CARTESIAN_POINT('',(-7.3,8.,0.));
#5139=CARTESIAN_POINT('',(-7.3,8.,-1.25));
#5140=CARTESIAN_POINT('',(-7.3,7.7,-1.25));
#5141=CARTESIAN_POINT('',(-7.3,7.7,-0.8));
#5142=CARTESIAN_POINT('',(-7.,7.7,-0.8));
#5143=CARTESIAN_POINT('',(-7.3,7.7,0.));
#5144=CARTESIAN_POINT('',(-7.,7.7,0.));
#5145=CARTESIAN_POINT('',(-7.,7.7,-1.25));
#5146=CARTESIAN_POINT('',(-7.,3.3,-1.25));
#5147=CARTESIAN_POINT('',(-7.,0.,-0.8));
#5148=CARTESIAN_POINT('',(-7.,3.3,-0.8));
#5149=CARTESIAN_POINT('',(-7.,3.3,0.));
#5150=CARTESIAN_POINT('',(-7.,3.3,0.));
#5151=CARTESIAN_POINT('',(-7.,3.3,-1.25));
#5152=CARTESIAN_POINT('',(-7.3,3.3,-1.25));
#5153=CARTESIAN_POINT('',(-7.3,3.3,-0.8));
#5154=CARTESIAN_POINT('',(-7.3,3.,-0.8));
#5155=CARTESIAN_POINT('',(-7.3,3.3,0.));
#5156=CARTESIAN_POINT('',(-7.3,3.,0.));
#5157=CARTESIAN_POINT('',(-7.3,3.,-1.25));
#5158=CARTESIAN_POINT('',(-12.7,3.,-1.25));
#5159=CARTESIAN_POINT('',(0.,3.,-0.8));
#5160=CARTESIAN_POINT('',(-12.7,3.,-0.8));
#5161=CARTESIAN_POINT('',(-12.7,3.,0.));
#5162=CARTESIAN_POINT('',(-12.7,3.,0.));
#5163=CARTESIAN_POINT('',(-12.7,3.,-1.25));
#5164=CARTESIAN_POINT('',(-12.7,3.3,-1.25));
#5165=CARTESIAN_POINT('',(-12.7,3.3,-0.8));
#5166=CARTESIAN_POINT('',(-13.,3.3,-0.8));
#5167=CARTESIAN_POINT('',(-12.7,3.3,0.));
#5168=CARTESIAN_POINT('',(-13.,3.3,0.));
#5169=CARTESIAN_POINT('',(-13.,3.3,-1.25));
#5170=CARTESIAN_POINT('',(-12.7,32.7,-1.25));
#5171=CARTESIAN_POINT('',(-12.7,32.7,-0.8));
#5172=CARTESIAN_POINT('',(-12.7,33.,-0.8));
#5173=CARTESIAN_POINT('',(-13.,32.7,-0.8));
#5174=CARTESIAN_POINT('',(-13.,32.7,-1.25));
#5175=CARTESIAN_POINT('',(-13.,32.7,0.));
#5176=CARTESIAN_POINT('',(-12.7,32.7,0.));
#5177=CARTESIAN_POINT('',(-12.7,33.,0.));
#5178=CARTESIAN_POINT('',(-12.7,33.,-1.25));
#5179=CARTESIAN_POINT('',(-7.3,33.,-1.25));
#5180=CARTESIAN_POINT('',(0.,33.,-0.8));
#5181=CARTESIAN_POINT('',(-7.3,33.,-0.8));
#5182=CARTESIAN_POINT('',(-7.3,33.,0.));
#5183=CARTESIAN_POINT('',(-7.3,33.,0.));
#5184=CARTESIAN_POINT('',(-7.3,33.,-1.25));
#5185=CARTESIAN_POINT('',(-7.29999999999999,32.7,-1.25));
#5186=CARTESIAN_POINT('',(-7.29999999999999,32.7,-0.8));
#5187=CARTESIAN_POINT('',(-7.,32.7,-0.8));
#5188=CARTESIAN_POINT('',(-7.29999999999999,32.7,0.));
#5189=CARTESIAN_POINT('',(-7.,32.7,0.));
#5190=CARTESIAN_POINT('',(-7.,32.7,-1.25));
#5191=CARTESIAN_POINT('',(-7.,27.3,-1.25));
#5192=CARTESIAN_POINT('',(-7.,0.,-0.8));
#5193=CARTESIAN_POINT('',(-7.,27.3,-0.8));
#5194=CARTESIAN_POINT('',(-7.,27.3,0.));
#5195=CARTESIAN_POINT('',(-7.,27.3,0.));
#5196=CARTESIAN_POINT('',(-7.,27.3,-1.25));
#5197=CARTESIAN_POINT('',(-7.3,27.3,-1.25));
#5198=CARTESIAN_POINT('',(-7.3,27.3,-0.8));
#5199=CARTESIAN_POINT('',(-7.3,27.,-0.8));
#5200=CARTESIAN_POINT('',(-7.3,27.3,0.));
#5201=CARTESIAN_POINT('',(-7.3,27.,0.));
#5202=CARTESIAN_POINT('',(-7.3,27.,-1.25));
#5203=CARTESIAN_POINT('',(-12.7,27.,-1.25));
#5204=CARTESIAN_POINT('',(0.,27.,-0.8));
#5205=CARTESIAN_POINT('',(-12.7,27.,-0.8));
#5206=CARTESIAN_POINT('',(-12.7,27.,0.));
#5207=CARTESIAN_POINT('',(-12.7,27.,0.));
#5208=CARTESIAN_POINT('',(-12.7,27.,-1.25));
#5209=CARTESIAN_POINT('',(-12.7,27.3,-1.25));
#5210=CARTESIAN_POINT('',(-12.7,27.3,-0.8));
#5211=CARTESIAN_POINT('',(-13.,27.3,-0.8));
#5212=CARTESIAN_POINT('',(-12.7,27.3,0.));
#5213=CARTESIAN_POINT('',(-13.,27.3,0.));
#5214=CARTESIAN_POINT('',(-13.,27.3,-1.25));
#5215=CARTESIAN_POINT('',(7.,7.7,-1.25));
#5216=CARTESIAN_POINT('',(7.,0.,-0.8));
#5217=CARTESIAN_POINT('',(7.,7.7,0.));
#5218=CARTESIAN_POINT('',(7.,32.7,-1.25));
#5219=CARTESIAN_POINT('',(7.,0.,-0.8));
#5220=CARTESIAN_POINT('',(7.,32.7,0.));
#5221=CARTESIAN_POINT('',(-13.,7.7,-1.25));
#5222=CARTESIAN_POINT('',(-13.,0.,-0.8));
#5223=CARTESIAN_POINT('',(-13.,7.7,0.));
#5224=CARTESIAN_POINT('',(-13.,32.7,-1.25));
#5225=CARTESIAN_POINT('',(-13.,0.,-0.8));
#5226=CARTESIAN_POINT('',(-13.,32.7,0.));
#5227=CARTESIAN_POINT('',(0.,0.,0.));
#5228=CARTESIAN_POINT('',(0.,0.,-0.8));
#5229=CARTESIAN_POINT('',(0.,0.,-0.8));
#5230=CARTESIAN_POINT('',(0.,0.,-0.8));
#5231=CARTESIAN_POINT('',(0.,0.,-0.8));
#5232=CARTESIAN_POINT('',(0.,0.,0.));
#5233=MECHANICAL_DESIGN_GEOMETRIC_PRESENTATION_REPRESENTATION('',(#3128),
#5234);
#5234=(
GEOMETRIC_REPRESENTATION_CONTEXT(3)
GLOBAL_UNCERTAINTY_ASSIGNED_CONTEXT((#5236))
GLOBAL_UNIT_ASSIGNED_CONTEXT((#5240,#5239,#5238))
REPRESENTATION_CONTEXT('HBLFSDW5','TOP_LEVEL_ASSEMBLY_PART')
);
#5235=(
GEOMETRIC_REPRESENTATION_CONTEXT(3)
GLOBAL_UNCERTAINTY_ASSIGNED_CONTEXT((#5237))
GLOBAL_UNIT_ASSIGNED_CONTEXT((#5240,#5239,#5238))
REPRESENTATION_CONTEXT('HBLFSDW5h5','COMPONENT_PART')
);
#5236=UNCERTAINTY_MEASURE_WITH_UNIT(LENGTH_MEASURE(0.005),#5240,
'DISTANCE_ACCURACY_VALUE','Maximum Tolerance applied to model');
#5237=UNCERTAINTY_MEASURE_WITH_UNIT(LENGTH_MEASURE(0.005),#5240,
'DISTANCE_ACCURACY_VALUE','Maximum Tolerance applied to model');
#5238=(
NAMED_UNIT(*)
SI_UNIT($,.STERADIAN.)
SOLID_ANGLE_UNIT()
);
#5239=(
NAMED_UNIT(*)
PLANE_ANGLE_UNIT()
SI_UNIT($,.RADIAN.)
);
#5240=(
LENGTH_UNIT()
NAMED_UNIT(*)
SI_UNIT(.MILLI.,.METRE.)
);
#5241=PRODUCT_DEFINITION_SHAPE('','',#5244);
#5242=PRODUCT_DEFINITION_SHAPE('','',#5245);
#5243=PRODUCT_DEFINITION_SHAPE(' ','NAUO PRDDFN',#19);
#5244=PRODUCT_DEFINITION('','',#5248,#5246);
#5245=PRODUCT_DEFINITION('','',#5249,#5247);
#5246=DESIGN_CONTEXT('',#5259,'design');
#5247=DESIGN_CONTEXT('',#5259,'design');
#5248=PRODUCT_DEFINITION_FORMATION_WITH_SPECIFIED_SOURCE('','',#5252,
 .NOT_KNOWN.);
#5249=PRODUCT_DEFINITION_FORMATION_WITH_SPECIFIED_SOURCE('','',#5253,
 .NOT_KNOWN.);
#5250=PRODUCT_RELATED_PRODUCT_CATEGORY('','',(#5252));
#5251=PRODUCT_RELATED_PRODUCT_CATEGORY('','',(#5253));
#5252=PRODUCT('HBLFSDW5','HBLFSDW5','HBLFSDW5',(#5256));
#5253=PRODUCT('HBLFSDW5h5','HBLFSDW5h5','HBLFSDW5h5',(#5257));
#5254=PRODUCT_CATEGORY('','');
#5255=PRODUCT_CATEGORY('','');
#5256=MECHANICAL_CONTEXT('',#5259,'mechanical');
#5257=MECHANICAL_CONTEXT('',#5259,'mechanical');
#5258=APPLICATION_PROTOCOL_DEFINITION('international standard',
'config_control_design',2010,#5259);
#5259=APPLICATION_CONTEXT(
'configuration controlled 3D designs of mechanical parts and assemblie
s');
ENDSEC;
END-ISO-10303-21;
