ISO-10303-21;
HEADER;
/* Generated by software containing ST-Developer
 * from STEP Tools, Inc. (www.steptools.com) 
 */
/* OPTION: using custom renumber hook */

FILE_DESCRIPTION(
/* description */ ('STEP AP203'),
/* implementation_level */ '2;1');

FILE_NAME(
/* name */ 'HFSB5-2040-740-AH290-BH450',
/* time_stamp */ '2025-08-14T06:32:27+02:00',
/* author */ ('License CC BY-ND 4.0'),
/* organization */ ('CADENAS'),
/* preprocessor_version */ 'ST-DEVELOPER v19.3',
/* originating_system */ 'PARTsolutions',
/* authorisation */ '  ');

FILE_SCHEMA (('CONFIG_CONTROL_DESIGN'));
ENDSEC;

DATA;
#10=PROPERTY_DEFINITION_REPRESENTATION(#14,#12);
#11=PROPERTY_DEFINITION_REPRESENTATION(#15,#13);
#12=REPRESENTATION('',(#16),#6367);
#13=REPRESENTATION('',(#17),#6367);
#14=PROPERTY_DEFINITION('pmi validation property','',#6372);
#15=PROPERTY_DEFINITION('pmi validation property','',#6372);
#16=VALUE_REPRESENTATION_ITEM('number of annotations',COUNT_MEASURE(0.));
#17=VALUE_REPRESENTATION_ITEM('number of views',COUNT_MEASURE(0.));
#18=SHAPE_REPRESENTATION_RELATIONSHIP('','',#3757,#19);
#19=ADVANCED_BREP_SHAPE_REPRESENTATION('',(#3755),#6367);
#20=B_SPLINE_CURVE_WITH_KNOTS('',3,(#5232,#5233,#5234,#5235,#5236,#5237,
#5238,#5239,#5240,#5241,#5242,#5243,#5244,#5245,#5246,#5247,#5248,#5249,
#5250),.UNSPECIFIED.,.T.,.F.,(1,1,1,1,1,1,1,1,1,1,1,1,1,1,1,1,1,1,1,1,1,
1,1),(-0.00251686794391504,-0.00167791196261003,-0.000838955981305014,0.,
0.000838955981305013,0.00167791196261003,0.00251686794391504,0.00335582392522005,
0.00419477990652507,0.00503373588783008,0.00587269186913509,0.00671164785044011,
0.00755060383174512,0.00838955981305013,0.00922851579435515,0.0100674717756602,
0.0109064277569652,0.0117453837382702,0.0125843397195752,0.0134232957008802,
0.0142622516821852,0.0151012076634902,0.0159401636447953),.UNSPECIFIED.);
#21=B_SPLINE_CURVE_WITH_KNOTS('',3,(#5252,#5253,#5254,#5255,#5256,#5257,
#5258,#5259,#5260,#5261,#5262,#5263,#5264,#5265,#5266,#5267,#5268,#5269,
#5270),.UNSPECIFIED.,.T.,.F.,(1,1,1,1,1,1,1,1,1,1,1,1,1,1,1,1,1,1,1,1,1,
1,1),(-0.00251686794391505,-0.00167791196261003,-0.000838955981305017,0.,
0.000838955981305017,0.00167791196261003,0.00251686794391505,0.00335582392522007,
0.00419477990652508,0.0050337358878301,0.00587269186913512,0.00671164785044014,
0.00755060383174515,0.00838955981305017,0.00922851579435519,0.0100674717756602,
0.0109064277569652,0.0117453837382702,0.0125843397195753,0.0134232957008803,
0.0142622516821853,0.0151012076634903,0.0159401636447953),.UNSPECIFIED.);
#22=B_SPLINE_CURVE_WITH_KNOTS('',3,(#5275,#5276,#5277,#5278,#5279,#5280,
#5281,#5282,#5283,#5284,#5285,#5286,#5287,#5288,#5289,#5290,#5291,#5292,
#5293),.UNSPECIFIED.,.T.,.F.,(1,1,1,1,1,1,1,1,1,1,1,1,1,1,1,1,1,1,1,1,1,
1,1),(-0.00251686794391504,-0.00167791196261003,-0.000838955981305014,0.,
0.000838955981305013,0.00167791196261003,0.00251686794391504,0.00335582392522005,
0.00419477990652507,0.00503373588783008,0.00587269186913509,0.00671164785044011,
0.00755060383174512,0.00838955981305013,0.00922851579435515,0.0100674717756602,
0.0109064277569652,0.0117453837382702,0.0125843397195752,0.0134232957008802,
0.0142622516821852,0.0151012076634902,0.0159401636447953),.UNSPECIFIED.);
#23=B_SPLINE_CURVE_WITH_KNOTS('',3,(#5434,#5435,#5436,#5437,#5438,#5439,
#5440,#5441,#5442,#5443,#5444,#5445,#5446,#5447,#5448,#5449,#5450,#5451,
#5452),.UNSPECIFIED.,.T.,.F.,(1,1,1,1,1,1,1,1,1,1,1,1,1,1,1,1,1,1,1,1,1,
1,1),(-0.00251686794391504,-0.00167791196261003,-0.000838955981305014,0.,
0.000838955981305013,0.00167791196261003,0.00251686794391504,0.00335582392522005,
0.00419477990652507,0.00503373588783008,0.00587269186913509,0.00671164785044011,
0.00755060383174512,0.00838955981305013,0.00922851579435515,0.0100674717756602,
0.0109064277569652,0.0117453837382702,0.0125843397195752,0.0134232957008802,
0.0142622516821852,0.0151012076634902,0.0159401636447953),.UNSPECIFIED.);
#24=B_SPLINE_CURVE_WITH_KNOTS('',3,(#5454,#5455,#5456,#5457,#5458,#5459,
#5460,#5461,#5462,#5463,#5464,#5465,#5466,#5467,#5468,#5469,#5470,#5471,
#5472),.UNSPECIFIED.,.T.,.F.,(1,1,1,1,1,1,1,1,1,1,1,1,1,1,1,1,1,1,1,1,1,
1,1),(-0.00251686794391505,-0.00167791196261003,-0.000838955981305017,0.,
0.000838955981305017,0.00167791196261003,0.00251686794391505,0.00335582392522007,
0.00419477990652508,0.0050337358878301,0.00587269186913512,0.00671164785044014,
0.00755060383174515,0.00838955981305017,0.00922851579435519,0.0100674717756602,
0.0109064277569652,0.0117453837382702,0.0125843397195753,0.0134232957008803,
0.0142622516821853,0.0151012076634903,0.0159401636447953),.UNSPECIFIED.);
#25=B_SPLINE_CURVE_WITH_KNOTS('',3,(#5477,#5478,#5479,#5480,#5481,#5482,
#5483,#5484,#5485,#5486,#5487,#5488,#5489,#5490,#5491,#5492,#5493,#5494,
#5495),.UNSPECIFIED.,.T.,.F.,(1,1,1,1,1,1,1,1,1,1,1,1,1,1,1,1,1,1,1,1,1,
1,1),(-0.00251686794391504,-0.00167791196261003,-0.000838955981305014,0.,
0.000838955981305013,0.00167791196261003,0.00251686794391504,0.00335582392522005,
0.00419477990652507,0.00503373588783008,0.00587269186913509,0.00671164785044011,
0.00755060383174512,0.00838955981305013,0.00922851579435515,0.0100674717756602,
0.0109064277569652,0.0117453837382702,0.0125843397195752,0.0134232957008802,
0.0142622516821852,0.0151012076634902,0.0159401636447953),.UNSPECIFIED.);
#26=B_SPLINE_CURVE_WITH_KNOTS('',3,(#5621,#5622,#5623,#5624,#5625,#5626,
#5627,#5628,#5629,#5630,#5631,#5632,#5633,#5634,#5635,#5636,#5637,#5638,
#5639),.UNSPECIFIED.,.T.,.F.,(1,1,1,1,1,1,1,1,1,1,1,1,1,1,1,1,1,1,1,1,1,
1,1),(-0.00251686794391505,-0.00167791196261003,-0.000838955981305017,0.,
0.000838955981305017,0.00167791196261003,0.00251686794391505,0.00335582392522007,
0.00419477990652508,0.0050337358878301,0.00587269186913512,0.00671164785044014,
0.00755060383174515,0.00838955981305017,0.00922851579435519,0.0100674717756602,
0.0109064277569652,0.0117453837382702,0.0125843397195753,0.0134232957008803,
0.0142622516821853,0.0151012076634903,0.0159401636447953),.UNSPECIFIED.);
#27=B_SPLINE_CURVE_WITH_KNOTS('',3,(#5734,#5735,#5736,#5737,#5738,#5739,
#5740,#5741,#5742,#5743,#5744,#5745,#5746,#5747,#5748,#5749,#5750,#5751,
#5752),.UNSPECIFIED.,.T.,.F.,(1,1,1,1,1,1,1,1,1,1,1,1,1,1,1,1,1,1,1,1,1,
1,1),(-0.00251686794391505,-0.00167791196261003,-0.000838955981305017,0.,
0.000838955981305017,0.00167791196261003,0.00251686794391505,0.00335582392522007,
0.00419477990652508,0.0050337358878301,0.00587269186913512,0.00671164785044014,
0.00755060383174515,0.00838955981305017,0.00922851579435519,0.0100674717756602,
0.0109064277569652,0.0117453837382702,0.0125843397195753,0.0134232957008803,
0.0142622516821853,0.0151012076634903,0.0159401636447953),.UNSPECIFIED.);
#28=CYLINDRICAL_SURFACE('',#3775,2.1);
#29=CYLINDRICAL_SURFACE('',#3776,2.1);
#30=CYLINDRICAL_SURFACE('',#3806,2.1);
#31=CYLINDRICAL_SURFACE('',#3807,2.1);
#32=CYLINDRICAL_SURFACE('',#3845,2.1);
#33=CYLINDRICAL_SURFACE('',#3871,2.1);
#34=CYLINDRICAL_SURFACE('',#3903,1.);
#35=CYLINDRICAL_SURFACE('',#3920,0.999999999999997);
#36=CYLINDRICAL_SURFACE('',#3978,1.);
#37=CYLINDRICAL_SURFACE('',#3995,0.999999999999997);
#38=CYLINDRICAL_SURFACE('',#4023,0.3);
#39=CYLINDRICAL_SURFACE('',#4027,0.299999999999994);
#40=CYLINDRICAL_SURFACE('',#4033,0.300000000000012);
#41=CYLINDRICAL_SURFACE('',#4037,0.3);
#42=CYLINDRICAL_SURFACE('',#4041,0.299999999999998);
#43=CYLINDRICAL_SURFACE('',#4045,0.299999999999996);
#44=CYLINDRICAL_SURFACE('',#4051,0.299999999999993);
#45=CYLINDRICAL_SURFACE('',#4055,0.300000000000001);
#46=CYLINDRICAL_SURFACE('',#4061,3.67500000000004);
#47=CYLINDRICAL_SURFACE('',#4062,3.67500000000004);
#48=CYLINDRICAL_SURFACE('',#4063,3.67500000000004);
#49=CYLINDRICAL_SURFACE('',#4064,3.67500000000004);
#50=CYLINDRICAL_SURFACE('',#4065,3.67500000000004);
#51=CYLINDRICAL_SURFACE('',#4066,3.67500000000004);
#52=CYLINDRICAL_SURFACE('',#4067,3.67500000000004);
#53=CYLINDRICAL_SURFACE('',#4068,3.67500000000004);
#54=CYLINDRICAL_SURFACE('',#4069,3.67500000000004);
#55=CYLINDRICAL_SURFACE('',#4070,3.67500000000004);
#56=CYLINDRICAL_SURFACE('',#4071,3.67499999999998);
#57=CYLINDRICAL_SURFACE('',#4072,3.67499999999998);
#58=CYLINDRICAL_SURFACE('',#4073,3.67499999999998);
#59=CYLINDRICAL_SURFACE('',#4074,3.67499999999998);
#60=CYLINDRICAL_SURFACE('',#4075,3.67499999999998);
#61=CYLINDRICAL_SURFACE('',#4076,3.67499999999998);
#62=CYLINDRICAL_SURFACE('',#4077,3.67499999999998);
#63=CYLINDRICAL_SURFACE('',#4078,3.67499999999998);
#64=CYLINDRICAL_SURFACE('',#4079,3.67499999999998);
#65=CYLINDRICAL_SURFACE('',#4080,3.67499999999998);
#66=ELLIPSE('',#3764,4.24352447854372,3.67499999999998);
#67=ELLIPSE('',#3772,4.24352447854374,3.67499999999998);
#68=ELLIPSE('',#3779,4.24352447854374,3.67499999999998);
#69=ELLIPSE('',#3780,4.2435244785438,3.67500000000004);
#70=ELLIPSE('',#3785,4.24352447854372,3.67499999999998);
#71=ELLIPSE('',#3786,4.24352447854378,3.67500000000004);
#72=ELLIPSE('',#3795,4.24352447854374,3.67499999999998);
#73=ELLIPSE('',#3803,4.24352447854371,3.67499999999998);
#74=ELLIPSE('',#3810,4.24352447854372,3.67499999999998);
#75=ELLIPSE('',#3811,4.24352447854378,3.67500000000004);
#76=ELLIPSE('',#3816,4.24352447854373,3.67499999999998);
#77=ELLIPSE('',#3817,4.2435244785438,3.67500000000004);
#78=ELLIPSE('',#3826,4.24352447854372,3.67499999999998);
#79=ELLIPSE('',#3827,4.24352447854378,3.67500000000004);
#80=ELLIPSE('',#3829,4.2435244785438,3.67500000000004);
#81=ELLIPSE('',#3838,4.24352447854378,3.67500000000004);
#82=ELLIPSE('',#3840,4.24352447854374,3.67499999999998);
#83=ELLIPSE('',#3841,4.2435244785438,3.67500000000004);
#84=ELLIPSE('',#3852,4.24352447854378,3.67500000000004);
#85=ELLIPSE('',#3854,4.24352447854374,3.67499999999998);
#86=ELLIPSE('',#3855,4.2435244785438,3.67500000000004);
#87=ELLIPSE('',#3864,4.24352447854371,3.67499999999998);
#88=ELLIPSE('',#3865,4.24352447854378,3.67500000000004);
#89=ELLIPSE('',#3867,4.2435244785438,3.67500000000004);
#90=ELLIPSE('',#3883,5.19723484172109,3.67499999999998);
#91=ELLIPSE('',#3884,5.19723484172117,3.67500000000004);
#92=ELLIPSE('',#3888,4.24352447854378,3.67500000000004);
#93=ELLIPSE('',#3890,4.24352447854374,3.67499999999998);
#94=ELLIPSE('',#3894,5.1972348417211,3.67499999999998);
#95=ELLIPSE('',#3895,5.19723484172118,3.67500000000004);
#96=ELLIPSE('',#3931,5.19723484172109,3.67499999999998);
#97=ELLIPSE('',#3932,5.19723484172117,3.67500000000004);
#98=ELLIPSE('',#3936,4.24352447854372,3.67499999999998);
#99=ELLIPSE('',#3938,4.2435244785438,3.67500000000004);
#100=ELLIPSE('',#3942,5.1972348417211,3.67499999999998);
#101=ELLIPSE('',#3943,5.19723484172118,3.67500000000004);
#102=ELLIPSE('',#3958,5.19723484172109,3.67499999999998);
#103=ELLIPSE('',#3959,5.19723484172117,3.67500000000004);
#104=ELLIPSE('',#3963,4.24352447854372,3.67499999999998);
#105=ELLIPSE('',#3965,4.2435244785438,3.67500000000004);
#106=ELLIPSE('',#3969,5.1972348417211,3.67499999999998);
#107=ELLIPSE('',#3970,5.19723484172118,3.67500000000004);
#108=ELLIPSE('',#4006,5.1972348417211,3.67499999999998);
#109=ELLIPSE('',#4007,5.19723484172117,3.67500000000004);
#110=ELLIPSE('',#4011,4.24352447854378,3.67500000000004);
#111=ELLIPSE('',#4013,4.24352447854373,3.67499999999998);
#112=ELLIPSE('',#4017,5.1972348417211,3.67499999999998);
#113=ELLIPSE('',#4018,5.19723484172118,3.67500000000004);
#114=CIRCLE('',#3762,3.67499999999998);
#115=CIRCLE('',#3770,3.67499999999998);
#116=CIRCLE('',#3777,2.1);
#117=CIRCLE('',#3782,3.67499999999998);
#118=CIRCLE('',#3783,3.67500000000004);
#119=CIRCLE('',#3788,3.67499999999998);
#120=CIRCLE('',#3789,3.67500000000004);
#121=CIRCLE('',#3793,3.67499999999998);
#122=CIRCLE('',#3801,3.67499999999998);
#123=CIRCLE('',#3808,2.1);
#124=CIRCLE('',#3813,3.67499999999998);
#125=CIRCLE('',#3814,3.67500000000004);
#126=CIRCLE('',#3819,3.67499999999998);
#127=CIRCLE('',#3820,3.67500000000004);
#128=CIRCLE('',#3823,3.67499999999998);
#129=CIRCLE('',#3824,3.67500000000004);
#130=CIRCLE('',#3831,3.67500000000004);
#131=CIRCLE('',#3835,3.67499999999998);
#132=CIRCLE('',#3836,3.67500000000004);
#133=CIRCLE('',#3843,3.67500000000004);
#134=CIRCLE('',#3846,2.1);
#135=CIRCLE('',#3849,3.67499999999998);
#136=CIRCLE('',#3850,3.67500000000004);
#137=CIRCLE('',#3857,3.67500000000004);
#138=CIRCLE('',#3861,3.67499999999998);
#139=CIRCLE('',#3862,3.67500000000004);
#140=CIRCLE('',#3869,3.67500000000004);
#141=CIRCLE('',#3872,2.1);
#142=CIRCLE('',#3874,3.67499999999998);
#143=CIRCLE('',#3875,3.67500000000004);
#144=CIRCLE('',#3876,3.67500000000004);
#145=CIRCLE('',#3877,3.67499999999998);
#146=CIRCLE('',#3879,3.67499999999998);
#147=CIRCLE('',#3880,3.67500000000004);
#148=CIRCLE('',#3886,3.67500000000004);
#149=CIRCLE('',#3892,3.67499999999998);
#150=CIRCLE('',#3898,3.67499999999998);
#151=CIRCLE('',#3899,3.67500000000004);
#152=CIRCLE('',#3901,3.67499999999998);
#153=CIRCLE('',#3902,3.67500000000004);
#154=CIRCLE('',#3904,1.);
#155=CIRCLE('',#3905,1.);
#156=CIRCLE('',#3921,0.999999999999997);
#157=CIRCLE('',#3922,0.999999999999997);
#158=CIRCLE('',#3924,3.67499999999998);
#159=CIRCLE('',#3925,3.67500000000004);
#160=CIRCLE('',#3927,3.67499999999998);
#161=CIRCLE('',#3928,3.67500000000004);
#162=CIRCLE('',#3934,3.67500000000004);
#163=CIRCLE('',#3940,3.67499999999998);
#164=CIRCLE('',#3946,3.67499999999998);
#165=CIRCLE('',#3947,3.67500000000004);
#166=CIRCLE('',#3949,3.67499999999998);
#167=CIRCLE('',#3950,3.67499999999998);
#168=CIRCLE('',#3951,3.67500000000004);
#169=CIRCLE('',#3952,3.67500000000004);
#170=CIRCLE('',#3954,3.67499999999998);
#171=CIRCLE('',#3955,3.67500000000004);
#172=CIRCLE('',#3961,3.67500000000004);
#173=CIRCLE('',#3967,3.67499999999998);
#174=CIRCLE('',#3973,3.67499999999998);
#175=CIRCLE('',#3974,3.67500000000004);
#176=CIRCLE('',#3976,3.67499999999998);
#177=CIRCLE('',#3977,3.67500000000004);
#178=CIRCLE('',#3979,1.);
#179=CIRCLE('',#3980,1.);
#180=CIRCLE('',#3996,0.999999999999997);
#181=CIRCLE('',#3997,0.999999999999997);
#182=CIRCLE('',#3999,3.67499999999998);
#183=CIRCLE('',#4000,3.67500000000004);
#184=CIRCLE('',#4002,3.67499999999998);
#185=CIRCLE('',#4003,3.67500000000004);
#186=CIRCLE('',#4009,3.67500000000004);
#187=CIRCLE('',#4015,3.67499999999998);
#188=CIRCLE('',#4021,3.67499999999998);
#189=CIRCLE('',#4022,3.67500000000004);
#190=CIRCLE('',#4024,0.3);
#191=CIRCLE('',#4025,0.3);
#192=CIRCLE('',#4028,0.299999999999994);
#193=CIRCLE('',#4029,0.299999999999994);
#194=CIRCLE('',#4034,0.300000000000012);
#195=CIRCLE('',#4035,0.300000000000012);
#196=CIRCLE('',#4038,0.3);
#197=CIRCLE('',#4039,0.3);
#198=CIRCLE('',#4042,0.299999999999998);
#199=CIRCLE('',#4043,0.299999999999998);
#200=CIRCLE('',#4046,0.299999999999996);
#201=CIRCLE('',#4047,0.299999999999996);
#202=CIRCLE('',#4052,0.299999999999993);
#203=CIRCLE('',#4053,0.299999999999993);
#204=CIRCLE('',#4056,0.300000000000001);
#205=CIRCLE('',#4057,0.300000000000001);
#206=ORIENTED_EDGE('',*,*,#1298,.T.);
#207=ORIENTED_EDGE('',*,*,#1299,.T.);
#208=ORIENTED_EDGE('',*,*,#1300,.F.);
#209=ORIENTED_EDGE('',*,*,#1301,.T.);
#210=ORIENTED_EDGE('',*,*,#1302,.F.);
#211=ORIENTED_EDGE('',*,*,#1303,.T.);
#212=ORIENTED_EDGE('',*,*,#1304,.T.);
#213=ORIENTED_EDGE('',*,*,#1305,.T.);
#214=ORIENTED_EDGE('',*,*,#1306,.T.);
#215=ORIENTED_EDGE('',*,*,#1307,.T.);
#216=ORIENTED_EDGE('',*,*,#1308,.F.);
#217=ORIENTED_EDGE('',*,*,#1309,.T.);
#218=ORIENTED_EDGE('',*,*,#1310,.T.);
#219=ORIENTED_EDGE('',*,*,#1311,.T.);
#220=ORIENTED_EDGE('',*,*,#1306,.F.);
#221=ORIENTED_EDGE('',*,*,#1312,.T.);
#222=ORIENTED_EDGE('',*,*,#1313,.F.);
#223=ORIENTED_EDGE('',*,*,#1314,.T.);
#224=ORIENTED_EDGE('',*,*,#1315,.T.);
#225=ORIENTED_EDGE('',*,*,#1316,.T.);
#226=ORIENTED_EDGE('',*,*,#1317,.T.);
#227=ORIENTED_EDGE('',*,*,#1318,.T.);
#228=ORIENTED_EDGE('',*,*,#1319,.F.);
#229=ORIENTED_EDGE('',*,*,#1320,.T.);
#230=ORIENTED_EDGE('',*,*,#1321,.F.);
#231=ORIENTED_EDGE('',*,*,#1322,.T.);
#232=ORIENTED_EDGE('',*,*,#1323,.T.);
#233=ORIENTED_EDGE('',*,*,#1324,.T.);
#234=ORIENTED_EDGE('',*,*,#1325,.T.);
#235=ORIENTED_EDGE('',*,*,#1326,.T.);
#236=ORIENTED_EDGE('',*,*,#1327,.F.);
#237=ORIENTED_EDGE('',*,*,#1328,.T.);
#238=ORIENTED_EDGE('',*,*,#1329,.T.);
#239=ORIENTED_EDGE('',*,*,#1330,.T.);
#240=ORIENTED_EDGE('',*,*,#1331,.F.);
#241=ORIENTED_EDGE('',*,*,#1332,.T.);
#242=ORIENTED_EDGE('',*,*,#1333,.T.);
#243=ORIENTED_EDGE('',*,*,#1334,.T.);
#244=ORIENTED_EDGE('',*,*,#1335,.F.);
#245=ORIENTED_EDGE('',*,*,#1336,.T.);
#246=ORIENTED_EDGE('',*,*,#1337,.T.);
#247=ORIENTED_EDGE('',*,*,#1338,.T.);
#248=ORIENTED_EDGE('',*,*,#1339,.F.);
#249=ORIENTED_EDGE('',*,*,#1340,.T.);
#250=ORIENTED_EDGE('',*,*,#1341,.F.);
#251=ORIENTED_EDGE('',*,*,#1342,.T.);
#252=ORIENTED_EDGE('',*,*,#1343,.T.);
#253=ORIENTED_EDGE('',*,*,#1344,.T.);
#254=ORIENTED_EDGE('',*,*,#1345,.T.);
#255=ORIENTED_EDGE('',*,*,#1346,.T.);
#256=ORIENTED_EDGE('',*,*,#1347,.T.);
#257=ORIENTED_EDGE('',*,*,#1348,.T.);
#258=ORIENTED_EDGE('',*,*,#1349,.F.);
#259=ORIENTED_EDGE('',*,*,#1350,.T.);
#260=ORIENTED_EDGE('',*,*,#1351,.T.);
#261=ORIENTED_EDGE('',*,*,#1352,.T.);
#262=ORIENTED_EDGE('',*,*,#1351,.F.);
#263=ORIENTED_EDGE('',*,*,#1353,.T.);
#264=ORIENTED_EDGE('',*,*,#1354,.T.);
#265=ORIENTED_EDGE('',*,*,#1355,.T.);
#266=ORIENTED_EDGE('',*,*,#1356,.F.);
#267=ORIENTED_EDGE('',*,*,#1357,.T.);
#268=ORIENTED_EDGE('',*,*,#1358,.T.);
#269=ORIENTED_EDGE('',*,*,#1359,.T.);
#270=ORIENTED_EDGE('',*,*,#1360,.F.);
#271=ORIENTED_EDGE('',*,*,#1361,.T.);
#272=ORIENTED_EDGE('',*,*,#1362,.T.);
#273=ORIENTED_EDGE('',*,*,#1363,.T.);
#274=ORIENTED_EDGE('',*,*,#1364,.F.);
#275=ORIENTED_EDGE('',*,*,#1365,.T.);
#276=ORIENTED_EDGE('',*,*,#1366,.T.);
#277=ORIENTED_EDGE('',*,*,#1367,.T.);
#278=ORIENTED_EDGE('',*,*,#1368,.T.);
#279=ORIENTED_EDGE('',*,*,#1369,.T.);
#280=ORIENTED_EDGE('',*,*,#1370,.F.);
#281=ORIENTED_EDGE('',*,*,#1371,.T.);
#282=ORIENTED_EDGE('',*,*,#1372,.T.);
#283=ORIENTED_EDGE('',*,*,#1373,.T.);
#284=ORIENTED_EDGE('',*,*,#1374,.F.);
#285=ORIENTED_EDGE('',*,*,#1375,.T.);
#286=ORIENTED_EDGE('',*,*,#1376,.T.);
#287=ORIENTED_EDGE('',*,*,#1377,.T.);
#288=ORIENTED_EDGE('',*,*,#1378,.F.);
#289=ORIENTED_EDGE('',*,*,#1379,.T.);
#290=ORIENTED_EDGE('',*,*,#1380,.T.);
#291=ORIENTED_EDGE('',*,*,#1381,.T.);
#292=ORIENTED_EDGE('',*,*,#1382,.F.);
#293=ORIENTED_EDGE('',*,*,#1383,.T.);
#294=ORIENTED_EDGE('',*,*,#1384,.F.);
#295=ORIENTED_EDGE('',*,*,#1385,.T.);
#296=ORIENTED_EDGE('',*,*,#1386,.T.);
#297=ORIENTED_EDGE('',*,*,#1387,.T.);
#298=ORIENTED_EDGE('',*,*,#1388,.T.);
#299=ORIENTED_EDGE('',*,*,#1389,.T.);
#300=ORIENTED_EDGE('',*,*,#1390,.F.);
#301=ORIENTED_EDGE('',*,*,#1391,.T.);
#302=ORIENTED_EDGE('',*,*,#1392,.F.);
#303=ORIENTED_EDGE('',*,*,#1393,.T.);
#304=ORIENTED_EDGE('',*,*,#1394,.T.);
#305=ORIENTED_EDGE('',*,*,#1395,.T.);
#306=ORIENTED_EDGE('',*,*,#1396,.T.);
#307=ORIENTED_EDGE('',*,*,#1397,.T.);
#308=ORIENTED_EDGE('',*,*,#1398,.F.);
#309=ORIENTED_EDGE('',*,*,#1399,.T.);
#310=ORIENTED_EDGE('',*,*,#1400,.T.);
#311=ORIENTED_EDGE('',*,*,#1401,.T.);
#312=ORIENTED_EDGE('',*,*,#1396,.F.);
#313=ORIENTED_EDGE('',*,*,#1402,.T.);
#314=ORIENTED_EDGE('',*,*,#1403,.F.);
#315=ORIENTED_EDGE('',*,*,#1404,.T.);
#316=ORIENTED_EDGE('',*,*,#1405,.T.);
#317=ORIENTED_EDGE('',*,*,#1406,.T.);
#318=ORIENTED_EDGE('',*,*,#1407,.T.);
#319=ORIENTED_EDGE('',*,*,#1408,.T.);
#320=ORIENTED_EDGE('',*,*,#1409,.F.);
#321=ORIENTED_EDGE('',*,*,#1410,.T.);
#322=ORIENTED_EDGE('',*,*,#1411,.T.);
#323=ORIENTED_EDGE('',*,*,#1412,.T.);
#324=ORIENTED_EDGE('',*,*,#1413,.T.);
#325=ORIENTED_EDGE('',*,*,#1414,.T.);
#326=ORIENTED_EDGE('',*,*,#1415,.F.);
#327=ORIENTED_EDGE('',*,*,#1416,.T.);
#328=ORIENTED_EDGE('',*,*,#1417,.T.);
#329=ORIENTED_EDGE('',*,*,#1418,.T.);
#330=ORIENTED_EDGE('',*,*,#1419,.F.);
#331=ORIENTED_EDGE('',*,*,#1420,.T.);
#332=ORIENTED_EDGE('',*,*,#1421,.T.);
#333=ORIENTED_EDGE('',*,*,#1422,.T.);
#334=ORIENTED_EDGE('',*,*,#1423,.F.);
#335=ORIENTED_EDGE('',*,*,#1424,.T.);
#336=ORIENTED_EDGE('',*,*,#1425,.T.);
#337=ORIENTED_EDGE('',*,*,#1426,.T.);
#338=ORIENTED_EDGE('',*,*,#1425,.F.);
#339=ORIENTED_EDGE('',*,*,#1427,.T.);
#340=ORIENTED_EDGE('',*,*,#1428,.T.);
#341=ORIENTED_EDGE('',*,*,#1429,.T.);
#342=ORIENTED_EDGE('',*,*,#1430,.F.);
#343=ORIENTED_EDGE('',*,*,#1431,.T.);
#344=ORIENTED_EDGE('',*,*,#1432,.T.);
#345=ORIENTED_EDGE('',*,*,#1433,.F.);
#346=ORIENTED_EDGE('',*,*,#1434,.F.);
#347=ORIENTED_EDGE('',*,*,#1435,.T.);
#348=ORIENTED_EDGE('',*,*,#1436,.T.);
#349=ORIENTED_EDGE('',*,*,#1437,.T.);
#350=ORIENTED_EDGE('',*,*,#1436,.F.);
#351=ORIENTED_EDGE('',*,*,#1438,.T.);
#352=ORIENTED_EDGE('',*,*,#1349,.T.);
#353=ORIENTED_EDGE('',*,*,#1439,.T.);
#354=ORIENTED_EDGE('',*,*,#1440,.F.);
#355=ORIENTED_EDGE('',*,*,#1441,.T.);
#356=ORIENTED_EDGE('',*,*,#1442,.T.);
#357=ORIENTED_EDGE('',*,*,#1443,.F.);
#358=ORIENTED_EDGE('',*,*,#1442,.F.);
#359=ORIENTED_EDGE('',*,*,#1444,.T.);
#360=ORIENTED_EDGE('',*,*,#1445,.T.);
#361=ORIENTED_EDGE('',*,*,#1446,.F.);
#362=ORIENTED_EDGE('',*,*,#1447,.F.);
#363=ORIENTED_EDGE('',*,*,#1448,.T.);
#364=ORIENTED_EDGE('',*,*,#1449,.T.);
#365=ORIENTED_EDGE('',*,*,#1450,.F.);
#366=ORIENTED_EDGE('',*,*,#1451,.F.);
#367=ORIENTED_EDGE('',*,*,#1452,.T.);
#368=ORIENTED_EDGE('',*,*,#1453,.T.);
#369=ORIENTED_EDGE('',*,*,#1454,.F.);
#370=ORIENTED_EDGE('',*,*,#1455,.F.);
#371=ORIENTED_EDGE('',*,*,#1456,.T.);
#372=ORIENTED_EDGE('',*,*,#1356,.T.);
#373=ORIENTED_EDGE('',*,*,#1457,.T.);
#374=ORIENTED_EDGE('',*,*,#1458,.F.);
#375=ORIENTED_EDGE('',*,*,#1459,.T.);
#376=ORIENTED_EDGE('',*,*,#1460,.T.);
#377=ORIENTED_EDGE('',*,*,#1461,.F.);
#378=ORIENTED_EDGE('',*,*,#1358,.F.);
#379=ORIENTED_EDGE('',*,*,#1462,.T.);
#380=ORIENTED_EDGE('',*,*,#1360,.T.);
#381=ORIENTED_EDGE('',*,*,#1463,.T.);
#382=ORIENTED_EDGE('',*,*,#1464,.F.);
#383=ORIENTED_EDGE('',*,*,#1465,.T.);
#384=ORIENTED_EDGE('',*,*,#1466,.T.);
#385=ORIENTED_EDGE('',*,*,#1467,.F.);
#386=ORIENTED_EDGE('',*,*,#1468,.F.);
#387=ORIENTED_EDGE('',*,*,#1469,.T.);
#388=ORIENTED_EDGE('',*,*,#1470,.T.);
#389=ORIENTED_EDGE('',*,*,#1471,.F.);
#390=ORIENTED_EDGE('',*,*,#1472,.T.);
#391=ORIENTED_EDGE('',*,*,#1473,.F.);
#392=ORIENTED_EDGE('',*,*,#1474,.F.);
#393=ORIENTED_EDGE('',*,*,#1475,.T.);
#394=ORIENTED_EDGE('',*,*,#1476,.T.);
#395=ORIENTED_EDGE('',*,*,#1477,.F.);
#396=ORIENTED_EDGE('',*,*,#1478,.F.);
#397=ORIENTED_EDGE('',*,*,#1479,.T.);
#398=ORIENTED_EDGE('',*,*,#1415,.T.);
#399=ORIENTED_EDGE('',*,*,#1480,.T.);
#400=ORIENTED_EDGE('',*,*,#1481,.F.);
#401=ORIENTED_EDGE('',*,*,#1482,.T.);
#402=ORIENTED_EDGE('',*,*,#1483,.T.);
#403=ORIENTED_EDGE('',*,*,#1484,.F.);
#404=ORIENTED_EDGE('',*,*,#1417,.F.);
#405=ORIENTED_EDGE('',*,*,#1485,.T.);
#406=ORIENTED_EDGE('',*,*,#1419,.T.);
#407=ORIENTED_EDGE('',*,*,#1486,.T.);
#408=ORIENTED_EDGE('',*,*,#1487,.F.);
#409=ORIENTED_EDGE('',*,*,#1488,.T.);
#410=ORIENTED_EDGE('',*,*,#1489,.T.);
#411=ORIENTED_EDGE('',*,*,#1490,.F.);
#412=ORIENTED_EDGE('',*,*,#1491,.F.);
#413=ORIENTED_EDGE('',*,*,#1492,.T.);
#414=ORIENTED_EDGE('',*,*,#1493,.T.);
#415=ORIENTED_EDGE('',*,*,#1494,.F.);
#416=ORIENTED_EDGE('',*,*,#1495,.F.);
#417=ORIENTED_EDGE('',*,*,#1496,.T.);
#418=ORIENTED_EDGE('',*,*,#1497,.T.);
#419=ORIENTED_EDGE('',*,*,#1498,.F.);
#420=ORIENTED_EDGE('',*,*,#1499,.F.);
#421=ORIENTED_EDGE('',*,*,#1500,.T.);
#422=ORIENTED_EDGE('',*,*,#1501,.T.);
#423=ORIENTED_EDGE('',*,*,#1502,.T.);
#424=ORIENTED_EDGE('',*,*,#1501,.F.);
#425=ORIENTED_EDGE('',*,*,#1503,.T.);
#426=ORIENTED_EDGE('',*,*,#1423,.T.);
#427=ORIENTED_EDGE('',*,*,#1504,.T.);
#428=ORIENTED_EDGE('',*,*,#1505,.F.);
#429=ORIENTED_EDGE('',*,*,#1506,.T.);
#430=ORIENTED_EDGE('',*,*,#1507,.T.);
#431=ORIENTED_EDGE('',*,*,#1508,.F.);
#432=ORIENTED_EDGE('',*,*,#1507,.F.);
#433=ORIENTED_EDGE('',*,*,#1509,.T.);
#434=ORIENTED_EDGE('',*,*,#1510,.T.);
#435=ORIENTED_EDGE('',*,*,#1511,.F.);
#436=ORIENTED_EDGE('',*,*,#1512,.F.);
#437=ORIENTED_EDGE('',*,*,#1513,.T.);
#438=ORIENTED_EDGE('',*,*,#1514,.T.);
#439=ORIENTED_EDGE('',*,*,#1515,.F.);
#440=ORIENTED_EDGE('',*,*,#1516,.T.);
#441=ORIENTED_EDGE('',*,*,#1517,.F.);
#442=ORIENTED_EDGE('',*,*,#1300,.T.);
#443=ORIENTED_EDGE('',*,*,#1518,.T.);
#444=ORIENTED_EDGE('',*,*,#1302,.T.);
#445=ORIENTED_EDGE('',*,*,#1519,.T.);
#446=ORIENTED_EDGE('',*,*,#1430,.T.);
#447=ORIENTED_EDGE('',*,*,#1520,.F.);
#448=ORIENTED_EDGE('',*,*,#1514,.F.);
#449=ORIENTED_EDGE('',*,*,#1521,.T.);
#450=ORIENTED_EDGE('',*,*,#1405,.F.);
#451=ORIENTED_EDGE('',*,*,#1522,.T.);
#452=ORIENTED_EDGE('',*,*,#1407,.F.);
#453=ORIENTED_EDGE('',*,*,#1523,.T.);
#454=ORIENTED_EDGE('',*,*,#1304,.F.);
#455=ORIENTED_EDGE('',*,*,#1524,.T.);
#456=ORIENTED_EDGE('',*,*,#1298,.F.);
#457=ORIENTED_EDGE('',*,*,#1525,.T.);
#458=ORIENTED_EDGE('',*,*,#1526,.T.);
#459=ORIENTED_EDGE('',*,*,#1527,.F.);
#460=ORIENTED_EDGE('',*,*,#1432,.F.);
#461=ORIENTED_EDGE('',*,*,#1528,.T.);
#462=ORIENTED_EDGE('',*,*,#1529,.F.);
#463=ORIENTED_EDGE('',*,*,#1526,.F.);
#464=ORIENTED_EDGE('',*,*,#1530,.T.);
#465=ORIENTED_EDGE('',*,*,#1531,.T.);
#466=ORIENTED_EDGE('',*,*,#1308,.T.);
#467=ORIENTED_EDGE('',*,*,#1532,.T.);
#468=ORIENTED_EDGE('',*,*,#1434,.T.);
#469=ORIENTED_EDGE('',*,*,#1533,.T.);
#470=ORIENTED_EDGE('',*,*,#1534,.T.);
#471=ORIENTED_EDGE('',*,*,#1535,.F.);
#472=ORIENTED_EDGE('',*,*,#1531,.F.);
#473=ORIENTED_EDGE('',*,*,#1536,.T.);
#474=ORIENTED_EDGE('',*,*,#1534,.F.);
#475=ORIENTED_EDGE('',*,*,#1537,.T.);
#476=ORIENTED_EDGE('',*,*,#1538,.T.);
#477=ORIENTED_EDGE('',*,*,#1539,.F.);
#478=ORIENTED_EDGE('',*,*,#1538,.F.);
#479=ORIENTED_EDGE('',*,*,#1540,.T.);
#480=ORIENTED_EDGE('',*,*,#1440,.T.);
#481=ORIENTED_EDGE('',*,*,#1541,.F.);
#482=ORIENTED_EDGE('',*,*,#1542,.T.);
#483=ORIENTED_EDGE('',*,*,#1543,.T.);
#484=ORIENTED_EDGE('',*,*,#1310,.F.);
#485=ORIENTED_EDGE('',*,*,#1544,.T.);
#486=ORIENTED_EDGE('',*,*,#1545,.T.);
#487=ORIENTED_EDGE('',*,*,#1546,.T.);
#488=ORIENTED_EDGE('',*,*,#1542,.F.);
#489=ORIENTED_EDGE('',*,*,#1547,.T.);
#490=ORIENTED_EDGE('',*,*,#1354,.F.);
#491=ORIENTED_EDGE('',*,*,#1548,.T.);
#492=ORIENTED_EDGE('',*,*,#1545,.F.);
#493=ORIENTED_EDGE('',*,*,#1549,.T.);
#494=ORIENTED_EDGE('',*,*,#1550,.T.);
#495=ORIENTED_EDGE('',*,*,#1551,.F.);
#496=ORIENTED_EDGE('',*,*,#1445,.F.);
#497=ORIENTED_EDGE('',*,*,#1552,.T.);
#498=ORIENTED_EDGE('',*,*,#1553,.F.);
#499=ORIENTED_EDGE('',*,*,#1550,.F.);
#500=ORIENTED_EDGE('',*,*,#1554,.T.);
#501=ORIENTED_EDGE('',*,*,#1555,.T.);
#502=ORIENTED_EDGE('',*,*,#1319,.T.);
#503=ORIENTED_EDGE('',*,*,#1556,.T.);
#504=ORIENTED_EDGE('',*,*,#1313,.T.);
#505=ORIENTED_EDGE('',*,*,#1557,.T.);
#506=ORIENTED_EDGE('',*,*,#1447,.T.);
#507=ORIENTED_EDGE('',*,*,#1558,.F.);
#508=ORIENTED_EDGE('',*,*,#1555,.F.);
#509=ORIENTED_EDGE('',*,*,#1559,.T.);
#510=ORIENTED_EDGE('',*,*,#1315,.F.);
#511=ORIENTED_EDGE('',*,*,#1560,.T.);
#512=ORIENTED_EDGE('',*,*,#1317,.F.);
#513=ORIENTED_EDGE('',*,*,#1561,.T.);
#514=ORIENTED_EDGE('',*,*,#1562,.T.);
#515=ORIENTED_EDGE('',*,*,#1563,.F.);
#516=ORIENTED_EDGE('',*,*,#1449,.F.);
#517=ORIENTED_EDGE('',*,*,#1564,.T.);
#518=ORIENTED_EDGE('',*,*,#1565,.F.);
#519=ORIENTED_EDGE('',*,*,#1562,.F.);
#520=ORIENTED_EDGE('',*,*,#1566,.T.);
#521=ORIENTED_EDGE('',*,*,#1567,.T.);
#522=ORIENTED_EDGE('',*,*,#1568,.F.);
#523=ORIENTED_EDGE('',*,*,#1567,.F.);
#524=ORIENTED_EDGE('',*,*,#1569,.T.);
#525=ORIENTED_EDGE('',*,*,#1570,.T.);
#526=ORIENTED_EDGE('',*,*,#1571,.F.);
#527=ORIENTED_EDGE('',*,*,#1570,.F.);
#528=ORIENTED_EDGE('',*,*,#1572,.T.);
#529=ORIENTED_EDGE('',*,*,#1573,.T.);
#530=ORIENTED_EDGE('',*,*,#1574,.F.);
#531=ORIENTED_EDGE('',*,*,#1573,.F.);
#532=ORIENTED_EDGE('',*,*,#1575,.T.);
#533=ORIENTED_EDGE('',*,*,#1576,.T.);
#534=ORIENTED_EDGE('',*,*,#1577,.F.);
#535=ORIENTED_EDGE('',*,*,#1576,.F.);
#536=ORIENTED_EDGE('',*,*,#1578,.T.);
#537=ORIENTED_EDGE('',*,*,#1579,.T.);
#538=ORIENTED_EDGE('',*,*,#1580,.F.);
#539=ORIENTED_EDGE('',*,*,#1579,.F.);
#540=ORIENTED_EDGE('',*,*,#1581,.T.);
#541=ORIENTED_EDGE('',*,*,#1582,.T.);
#542=ORIENTED_EDGE('',*,*,#1583,.F.);
#543=ORIENTED_EDGE('',*,*,#1582,.F.);
#544=ORIENTED_EDGE('',*,*,#1584,.T.);
#545=ORIENTED_EDGE('',*,*,#1585,.T.);
#546=ORIENTED_EDGE('',*,*,#1586,.F.);
#547=ORIENTED_EDGE('',*,*,#1585,.F.);
#548=ORIENTED_EDGE('',*,*,#1587,.T.);
#549=ORIENTED_EDGE('',*,*,#1588,.T.);
#550=ORIENTED_EDGE('',*,*,#1589,.F.);
#551=ORIENTED_EDGE('',*,*,#1588,.F.);
#552=ORIENTED_EDGE('',*,*,#1590,.T.);
#553=ORIENTED_EDGE('',*,*,#1591,.T.);
#554=ORIENTED_EDGE('',*,*,#1592,.F.);
#555=ORIENTED_EDGE('',*,*,#1591,.F.);
#556=ORIENTED_EDGE('',*,*,#1593,.T.);
#557=ORIENTED_EDGE('',*,*,#1594,.T.);
#558=ORIENTED_EDGE('',*,*,#1595,.F.);
#559=ORIENTED_EDGE('',*,*,#1594,.F.);
#560=ORIENTED_EDGE('',*,*,#1596,.T.);
#561=ORIENTED_EDGE('',*,*,#1597,.T.);
#562=ORIENTED_EDGE('',*,*,#1598,.F.);
#563=ORIENTED_EDGE('',*,*,#1597,.F.);
#564=ORIENTED_EDGE('',*,*,#1599,.T.);
#565=ORIENTED_EDGE('',*,*,#1600,.T.);
#566=ORIENTED_EDGE('',*,*,#1601,.F.);
#567=ORIENTED_EDGE('',*,*,#1600,.F.);
#568=ORIENTED_EDGE('',*,*,#1602,.T.);
#569=ORIENTED_EDGE('',*,*,#1603,.T.);
#570=ORIENTED_EDGE('',*,*,#1604,.F.);
#571=ORIENTED_EDGE('',*,*,#1603,.F.);
#572=ORIENTED_EDGE('',*,*,#1605,.T.);
#573=ORIENTED_EDGE('',*,*,#1606,.T.);
#574=ORIENTED_EDGE('',*,*,#1607,.F.);
#575=ORIENTED_EDGE('',*,*,#1606,.F.);
#576=ORIENTED_EDGE('',*,*,#1608,.T.);
#577=ORIENTED_EDGE('',*,*,#1609,.T.);
#578=ORIENTED_EDGE('',*,*,#1610,.F.);
#579=ORIENTED_EDGE('',*,*,#1609,.F.);
#580=ORIENTED_EDGE('',*,*,#1611,.T.);
#581=ORIENTED_EDGE('',*,*,#1612,.T.);
#582=ORIENTED_EDGE('',*,*,#1327,.T.);
#583=ORIENTED_EDGE('',*,*,#1613,.F.);
#584=ORIENTED_EDGE('',*,*,#1321,.T.);
#585=ORIENTED_EDGE('',*,*,#1614,.F.);
#586=ORIENTED_EDGE('',*,*,#1451,.T.);
#587=ORIENTED_EDGE('',*,*,#1615,.F.);
#588=ORIENTED_EDGE('',*,*,#1612,.F.);
#589=ORIENTED_EDGE('',*,*,#1616,.T.);
#590=ORIENTED_EDGE('',*,*,#1323,.F.);
#591=ORIENTED_EDGE('',*,*,#1617,.T.);
#592=ORIENTED_EDGE('',*,*,#1325,.F.);
#593=ORIENTED_EDGE('',*,*,#1618,.T.);
#594=ORIENTED_EDGE('',*,*,#1619,.T.);
#595=ORIENTED_EDGE('',*,*,#1620,.F.);
#596=ORIENTED_EDGE('',*,*,#1453,.F.);
#597=ORIENTED_EDGE('',*,*,#1621,.T.);
#598=ORIENTED_EDGE('',*,*,#1622,.F.);
#599=ORIENTED_EDGE('',*,*,#1619,.F.);
#600=ORIENTED_EDGE('',*,*,#1623,.T.);
#601=ORIENTED_EDGE('',*,*,#1624,.T.);
#602=ORIENTED_EDGE('',*,*,#1331,.T.);
#603=ORIENTED_EDGE('',*,*,#1625,.T.);
#604=ORIENTED_EDGE('',*,*,#1455,.T.);
#605=ORIENTED_EDGE('',*,*,#1626,.T.);
#606=ORIENTED_EDGE('',*,*,#1627,.T.);
#607=ORIENTED_EDGE('',*,*,#1628,.F.);
#608=ORIENTED_EDGE('',*,*,#1624,.F.);
#609=ORIENTED_EDGE('',*,*,#1629,.T.);
#610=ORIENTED_EDGE('',*,*,#1627,.F.);
#611=ORIENTED_EDGE('',*,*,#1630,.T.);
#612=ORIENTED_EDGE('',*,*,#1458,.T.);
#613=ORIENTED_EDGE('',*,*,#1631,.F.);
#614=ORIENTED_EDGE('',*,*,#1335,.T.);
#615=ORIENTED_EDGE('',*,*,#1632,.T.);
#616=ORIENTED_EDGE('',*,*,#1329,.F.);
#617=ORIENTED_EDGE('',*,*,#1633,.T.);
#618=ORIENTED_EDGE('',*,*,#1460,.F.);
#619=ORIENTED_EDGE('',*,*,#1634,.T.);
#620=ORIENTED_EDGE('',*,*,#1464,.T.);
#621=ORIENTED_EDGE('',*,*,#1635,.F.);
#622=ORIENTED_EDGE('',*,*,#1636,.T.);
#623=ORIENTED_EDGE('',*,*,#1637,.T.);
#624=ORIENTED_EDGE('',*,*,#1333,.F.);
#625=ORIENTED_EDGE('',*,*,#1638,.T.);
#626=ORIENTED_EDGE('',*,*,#1362,.F.);
#627=ORIENTED_EDGE('',*,*,#1639,.T.);
#628=ORIENTED_EDGE('',*,*,#1636,.F.);
#629=ORIENTED_EDGE('',*,*,#1640,.T.);
#630=ORIENTED_EDGE('',*,*,#1641,.T.);
#631=ORIENTED_EDGE('',*,*,#1642,.F.);
#632=ORIENTED_EDGE('',*,*,#1466,.F.);
#633=ORIENTED_EDGE('',*,*,#1643,.T.);
#634=ORIENTED_EDGE('',*,*,#1644,.F.);
#635=ORIENTED_EDGE('',*,*,#1641,.F.);
#636=ORIENTED_EDGE('',*,*,#1645,.T.);
#637=ORIENTED_EDGE('',*,*,#1646,.T.);
#638=ORIENTED_EDGE('',*,*,#1339,.T.);
#639=ORIENTED_EDGE('',*,*,#1647,.T.);
#640=ORIENTED_EDGE('',*,*,#1341,.T.);
#641=ORIENTED_EDGE('',*,*,#1648,.T.);
#642=ORIENTED_EDGE('',*,*,#1468,.T.);
#643=ORIENTED_EDGE('',*,*,#1649,.F.);
#644=ORIENTED_EDGE('',*,*,#1646,.F.);
#645=ORIENTED_EDGE('',*,*,#1650,.T.);
#646=ORIENTED_EDGE('',*,*,#1343,.F.);
#647=ORIENTED_EDGE('',*,*,#1651,.T.);
#648=ORIENTED_EDGE('',*,*,#1337,.F.);
#649=ORIENTED_EDGE('',*,*,#1652,.T.);
#650=ORIENTED_EDGE('',*,*,#1370,.T.);
#651=ORIENTED_EDGE('',*,*,#1653,.F.);
#652=ORIENTED_EDGE('',*,*,#1364,.T.);
#653=ORIENTED_EDGE('',*,*,#1654,.F.);
#654=ORIENTED_EDGE('',*,*,#1474,.T.);
#655=ORIENTED_EDGE('',*,*,#1655,.F.);
#656=ORIENTED_EDGE('',*,*,#1470,.F.);
#657=ORIENTED_EDGE('',*,*,#1656,.F.);
#658=ORIENTED_EDGE('',*,*,#1366,.F.);
#659=ORIENTED_EDGE('',*,*,#1657,.T.);
#660=ORIENTED_EDGE('',*,*,#1368,.F.);
#661=ORIENTED_EDGE('',*,*,#1658,.T.);
#662=ORIENTED_EDGE('',*,*,#1659,.T.);
#663=ORIENTED_EDGE('',*,*,#1660,.F.);
#664=ORIENTED_EDGE('',*,*,#1476,.F.);
#665=ORIENTED_EDGE('',*,*,#1661,.T.);
#666=ORIENTED_EDGE('',*,*,#1662,.F.);
#667=ORIENTED_EDGE('',*,*,#1659,.F.);
#668=ORIENTED_EDGE('',*,*,#1663,.T.);
#669=ORIENTED_EDGE('',*,*,#1664,.T.);
#670=ORIENTED_EDGE('',*,*,#1374,.T.);
#671=ORIENTED_EDGE('',*,*,#1665,.T.);
#672=ORIENTED_EDGE('',*,*,#1478,.T.);
#673=ORIENTED_EDGE('',*,*,#1666,.T.);
#674=ORIENTED_EDGE('',*,*,#1667,.T.);
#675=ORIENTED_EDGE('',*,*,#1668,.F.);
#676=ORIENTED_EDGE('',*,*,#1664,.F.);
#677=ORIENTED_EDGE('',*,*,#1669,.T.);
#678=ORIENTED_EDGE('',*,*,#1667,.F.);
#679=ORIENTED_EDGE('',*,*,#1670,.T.);
#680=ORIENTED_EDGE('',*,*,#1481,.T.);
#681=ORIENTED_EDGE('',*,*,#1671,.F.);
#682=ORIENTED_EDGE('',*,*,#1378,.T.);
#683=ORIENTED_EDGE('',*,*,#1672,.T.);
#684=ORIENTED_EDGE('',*,*,#1372,.F.);
#685=ORIENTED_EDGE('',*,*,#1673,.T.);
#686=ORIENTED_EDGE('',*,*,#1483,.F.);
#687=ORIENTED_EDGE('',*,*,#1674,.T.);
#688=ORIENTED_EDGE('',*,*,#1487,.T.);
#689=ORIENTED_EDGE('',*,*,#1675,.F.);
#690=ORIENTED_EDGE('',*,*,#1676,.T.);
#691=ORIENTED_EDGE('',*,*,#1677,.T.);
#692=ORIENTED_EDGE('',*,*,#1376,.F.);
#693=ORIENTED_EDGE('',*,*,#1678,.T.);
#694=ORIENTED_EDGE('',*,*,#1421,.F.);
#695=ORIENTED_EDGE('',*,*,#1679,.T.);
#696=ORIENTED_EDGE('',*,*,#1676,.F.);
#697=ORIENTED_EDGE('',*,*,#1680,.T.);
#698=ORIENTED_EDGE('',*,*,#1681,.T.);
#699=ORIENTED_EDGE('',*,*,#1682,.F.);
#700=ORIENTED_EDGE('',*,*,#1489,.F.);
#701=ORIENTED_EDGE('',*,*,#1683,.T.);
#702=ORIENTED_EDGE('',*,*,#1684,.F.);
#703=ORIENTED_EDGE('',*,*,#1681,.F.);
#704=ORIENTED_EDGE('',*,*,#1685,.T.);
#705=ORIENTED_EDGE('',*,*,#1686,.T.);
#706=ORIENTED_EDGE('',*,*,#1382,.T.);
#707=ORIENTED_EDGE('',*,*,#1687,.T.);
#708=ORIENTED_EDGE('',*,*,#1384,.T.);
#709=ORIENTED_EDGE('',*,*,#1688,.T.);
#710=ORIENTED_EDGE('',*,*,#1491,.T.);
#711=ORIENTED_EDGE('',*,*,#1689,.F.);
#712=ORIENTED_EDGE('',*,*,#1686,.F.);
#713=ORIENTED_EDGE('',*,*,#1690,.T.);
#714=ORIENTED_EDGE('',*,*,#1386,.F.);
#715=ORIENTED_EDGE('',*,*,#1691,.F.);
#716=ORIENTED_EDGE('',*,*,#1380,.F.);
#717=ORIENTED_EDGE('',*,*,#1692,.T.);
#718=ORIENTED_EDGE('',*,*,#1693,.T.);
#719=ORIENTED_EDGE('',*,*,#1694,.F.);
#720=ORIENTED_EDGE('',*,*,#1493,.F.);
#721=ORIENTED_EDGE('',*,*,#1695,.F.);
#722=ORIENTED_EDGE('',*,*,#1696,.F.);
#723=ORIENTED_EDGE('',*,*,#1693,.F.);
#724=ORIENTED_EDGE('',*,*,#1697,.T.);
#725=ORIENTED_EDGE('',*,*,#1698,.T.);
#726=ORIENTED_EDGE('',*,*,#1699,.F.);
#727=ORIENTED_EDGE('',*,*,#1698,.F.);
#728=ORIENTED_EDGE('',*,*,#1700,.T.);
#729=ORIENTED_EDGE('',*,*,#1701,.T.);
#730=ORIENTED_EDGE('',*,*,#1702,.F.);
#731=ORIENTED_EDGE('',*,*,#1701,.F.);
#732=ORIENTED_EDGE('',*,*,#1703,.T.);
#733=ORIENTED_EDGE('',*,*,#1704,.T.);
#734=ORIENTED_EDGE('',*,*,#1705,.F.);
#735=ORIENTED_EDGE('',*,*,#1704,.F.);
#736=ORIENTED_EDGE('',*,*,#1706,.T.);
#737=ORIENTED_EDGE('',*,*,#1707,.T.);
#738=ORIENTED_EDGE('',*,*,#1708,.F.);
#739=ORIENTED_EDGE('',*,*,#1707,.F.);
#740=ORIENTED_EDGE('',*,*,#1709,.T.);
#741=ORIENTED_EDGE('',*,*,#1710,.T.);
#742=ORIENTED_EDGE('',*,*,#1711,.F.);
#743=ORIENTED_EDGE('',*,*,#1710,.F.);
#744=ORIENTED_EDGE('',*,*,#1712,.T.);
#745=ORIENTED_EDGE('',*,*,#1713,.T.);
#746=ORIENTED_EDGE('',*,*,#1714,.F.);
#747=ORIENTED_EDGE('',*,*,#1713,.F.);
#748=ORIENTED_EDGE('',*,*,#1715,.T.);
#749=ORIENTED_EDGE('',*,*,#1716,.T.);
#750=ORIENTED_EDGE('',*,*,#1717,.F.);
#751=ORIENTED_EDGE('',*,*,#1716,.F.);
#752=ORIENTED_EDGE('',*,*,#1718,.T.);
#753=ORIENTED_EDGE('',*,*,#1719,.T.);
#754=ORIENTED_EDGE('',*,*,#1720,.F.);
#755=ORIENTED_EDGE('',*,*,#1719,.F.);
#756=ORIENTED_EDGE('',*,*,#1721,.T.);
#757=ORIENTED_EDGE('',*,*,#1722,.T.);
#758=ORIENTED_EDGE('',*,*,#1723,.F.);
#759=ORIENTED_EDGE('',*,*,#1722,.F.);
#760=ORIENTED_EDGE('',*,*,#1724,.T.);
#761=ORIENTED_EDGE('',*,*,#1725,.T.);
#762=ORIENTED_EDGE('',*,*,#1726,.F.);
#763=ORIENTED_EDGE('',*,*,#1725,.F.);
#764=ORIENTED_EDGE('',*,*,#1727,.T.);
#765=ORIENTED_EDGE('',*,*,#1728,.T.);
#766=ORIENTED_EDGE('',*,*,#1729,.F.);
#767=ORIENTED_EDGE('',*,*,#1728,.F.);
#768=ORIENTED_EDGE('',*,*,#1730,.T.);
#769=ORIENTED_EDGE('',*,*,#1731,.T.);
#770=ORIENTED_EDGE('',*,*,#1732,.F.);
#771=ORIENTED_EDGE('',*,*,#1731,.F.);
#772=ORIENTED_EDGE('',*,*,#1733,.T.);
#773=ORIENTED_EDGE('',*,*,#1734,.T.);
#774=ORIENTED_EDGE('',*,*,#1735,.F.);
#775=ORIENTED_EDGE('',*,*,#1734,.F.);
#776=ORIENTED_EDGE('',*,*,#1736,.T.);
#777=ORIENTED_EDGE('',*,*,#1737,.T.);
#778=ORIENTED_EDGE('',*,*,#1738,.F.);
#779=ORIENTED_EDGE('',*,*,#1737,.F.);
#780=ORIENTED_EDGE('',*,*,#1739,.T.);
#781=ORIENTED_EDGE('',*,*,#1740,.T.);
#782=ORIENTED_EDGE('',*,*,#1741,.F.);
#783=ORIENTED_EDGE('',*,*,#1740,.F.);
#784=ORIENTED_EDGE('',*,*,#1742,.T.);
#785=ORIENTED_EDGE('',*,*,#1743,.T.);
#786=ORIENTED_EDGE('',*,*,#1390,.T.);
#787=ORIENTED_EDGE('',*,*,#1744,.T.);
#788=ORIENTED_EDGE('',*,*,#1392,.T.);
#789=ORIENTED_EDGE('',*,*,#1745,.T.);
#790=ORIENTED_EDGE('',*,*,#1495,.T.);
#791=ORIENTED_EDGE('',*,*,#1746,.F.);
#792=ORIENTED_EDGE('',*,*,#1743,.F.);
#793=ORIENTED_EDGE('',*,*,#1747,.T.);
#794=ORIENTED_EDGE('',*,*,#1394,.F.);
#795=ORIENTED_EDGE('',*,*,#1748,.T.);
#796=ORIENTED_EDGE('',*,*,#1388,.F.);
#797=ORIENTED_EDGE('',*,*,#1749,.T.);
#798=ORIENTED_EDGE('',*,*,#1750,.T.);
#799=ORIENTED_EDGE('',*,*,#1751,.F.);
#800=ORIENTED_EDGE('',*,*,#1497,.F.);
#801=ORIENTED_EDGE('',*,*,#1752,.T.);
#802=ORIENTED_EDGE('',*,*,#1753,.F.);
#803=ORIENTED_EDGE('',*,*,#1750,.F.);
#804=ORIENTED_EDGE('',*,*,#1754,.T.);
#805=ORIENTED_EDGE('',*,*,#1755,.T.);
#806=ORIENTED_EDGE('',*,*,#1398,.T.);
#807=ORIENTED_EDGE('',*,*,#1756,.T.);
#808=ORIENTED_EDGE('',*,*,#1499,.T.);
#809=ORIENTED_EDGE('',*,*,#1757,.T.);
#810=ORIENTED_EDGE('',*,*,#1758,.T.);
#811=ORIENTED_EDGE('',*,*,#1759,.F.);
#812=ORIENTED_EDGE('',*,*,#1755,.F.);
#813=ORIENTED_EDGE('',*,*,#1760,.T.);
#814=ORIENTED_EDGE('',*,*,#1758,.F.);
#815=ORIENTED_EDGE('',*,*,#1761,.T.);
#816=ORIENTED_EDGE('',*,*,#1762,.T.);
#817=ORIENTED_EDGE('',*,*,#1763,.F.);
#818=ORIENTED_EDGE('',*,*,#1762,.F.);
#819=ORIENTED_EDGE('',*,*,#1764,.T.);
#820=ORIENTED_EDGE('',*,*,#1505,.T.);
#821=ORIENTED_EDGE('',*,*,#1765,.F.);
#822=ORIENTED_EDGE('',*,*,#1766,.T.);
#823=ORIENTED_EDGE('',*,*,#1767,.T.);
#824=ORIENTED_EDGE('',*,*,#1400,.F.);
#825=ORIENTED_EDGE('',*,*,#1768,.T.);
#826=ORIENTED_EDGE('',*,*,#1769,.T.);
#827=ORIENTED_EDGE('',*,*,#1770,.T.);
#828=ORIENTED_EDGE('',*,*,#1766,.F.);
#829=ORIENTED_EDGE('',*,*,#1771,.T.);
#830=ORIENTED_EDGE('',*,*,#1428,.F.);
#831=ORIENTED_EDGE('',*,*,#1772,.T.);
#832=ORIENTED_EDGE('',*,*,#1769,.F.);
#833=ORIENTED_EDGE('',*,*,#1773,.T.);
#834=ORIENTED_EDGE('',*,*,#1774,.T.);
#835=ORIENTED_EDGE('',*,*,#1775,.F.);
#836=ORIENTED_EDGE('',*,*,#1510,.F.);
#837=ORIENTED_EDGE('',*,*,#1776,.T.);
#838=ORIENTED_EDGE('',*,*,#1777,.F.);
#839=ORIENTED_EDGE('',*,*,#1774,.F.);
#840=ORIENTED_EDGE('',*,*,#1778,.T.);
#841=ORIENTED_EDGE('',*,*,#1779,.T.);
#842=ORIENTED_EDGE('',*,*,#1409,.T.);
#843=ORIENTED_EDGE('',*,*,#1780,.T.);
#844=ORIENTED_EDGE('',*,*,#1403,.T.);
#845=ORIENTED_EDGE('',*,*,#1781,.T.);
#846=ORIENTED_EDGE('',*,*,#1512,.T.);
#847=ORIENTED_EDGE('',*,*,#1782,.F.);
#848=ORIENTED_EDGE('',*,*,#1779,.F.);
#849=ORIENTED_EDGE('',*,*,#1783,.T.);
#850=ORIENTED_EDGE('',*,*,#1784,.T.);
#851=ORIENTED_EDGE('',*,*,#1785,.F.);
#852=ORIENTED_EDGE('',*,*,#1786,.F.);
#853=ORIENTED_EDGE('',*,*,#1787,.T.);
#854=ORIENTED_EDGE('',*,*,#1788,.T.);
#855=ORIENTED_EDGE('',*,*,#1787,.F.);
#856=ORIENTED_EDGE('',*,*,#1789,.F.);
#857=ORIENTED_EDGE('',*,*,#1790,.T.);
#858=ORIENTED_EDGE('',*,*,#1791,.F.);
#859=ORIENTED_EDGE('',*,*,#1790,.F.);
#860=ORIENTED_EDGE('',*,*,#1792,.T.);
#861=ORIENTED_EDGE('',*,*,#1793,.T.);
#862=ORIENTED_EDGE('',*,*,#1794,.T.);
#863=ORIENTED_EDGE('',*,*,#1793,.F.);
#864=ORIENTED_EDGE('',*,*,#1795,.F.);
#865=ORIENTED_EDGE('',*,*,#1796,.T.);
#866=ORIENTED_EDGE('',*,*,#1797,.T.);
#867=ORIENTED_EDGE('',*,*,#1796,.F.);
#868=ORIENTED_EDGE('',*,*,#1798,.F.);
#869=ORIENTED_EDGE('',*,*,#1799,.T.);
#870=ORIENTED_EDGE('',*,*,#1800,.T.);
#871=ORIENTED_EDGE('',*,*,#1799,.F.);
#872=ORIENTED_EDGE('',*,*,#1801,.F.);
#873=ORIENTED_EDGE('',*,*,#1802,.T.);
#874=ORIENTED_EDGE('',*,*,#1803,.F.);
#875=ORIENTED_EDGE('',*,*,#1802,.F.);
#876=ORIENTED_EDGE('',*,*,#1804,.T.);
#877=ORIENTED_EDGE('',*,*,#1805,.T.);
#878=ORIENTED_EDGE('',*,*,#1806,.T.);
#879=ORIENTED_EDGE('',*,*,#1805,.F.);
#880=ORIENTED_EDGE('',*,*,#1807,.F.);
#881=ORIENTED_EDGE('',*,*,#1808,.T.);
#882=ORIENTED_EDGE('',*,*,#1809,.T.);
#883=ORIENTED_EDGE('',*,*,#1808,.F.);
#884=ORIENTED_EDGE('',*,*,#1810,.F.);
#885=ORIENTED_EDGE('',*,*,#1811,.T.);
#886=ORIENTED_EDGE('',*,*,#1812,.T.);
#887=ORIENTED_EDGE('',*,*,#1811,.F.);
#888=ORIENTED_EDGE('',*,*,#1813,.F.);
#889=ORIENTED_EDGE('',*,*,#1814,.T.);
#890=ORIENTED_EDGE('',*,*,#1815,.T.);
#891=ORIENTED_EDGE('',*,*,#1814,.F.);
#892=ORIENTED_EDGE('',*,*,#1816,.F.);
#893=ORIENTED_EDGE('',*,*,#1817,.T.);
#894=ORIENTED_EDGE('',*,*,#1818,.T.);
#895=ORIENTED_EDGE('',*,*,#1817,.F.);
#896=ORIENTED_EDGE('',*,*,#1819,.F.);
#897=ORIENTED_EDGE('',*,*,#1820,.T.);
#898=ORIENTED_EDGE('',*,*,#1821,.F.);
#899=ORIENTED_EDGE('',*,*,#1820,.F.);
#900=ORIENTED_EDGE('',*,*,#1822,.T.);
#901=ORIENTED_EDGE('',*,*,#1823,.T.);
#902=ORIENTED_EDGE('',*,*,#1824,.T.);
#903=ORIENTED_EDGE('',*,*,#1823,.F.);
#904=ORIENTED_EDGE('',*,*,#1825,.F.);
#905=ORIENTED_EDGE('',*,*,#1826,.T.);
#906=ORIENTED_EDGE('',*,*,#1827,.T.);
#907=ORIENTED_EDGE('',*,*,#1826,.F.);
#908=ORIENTED_EDGE('',*,*,#1828,.F.);
#909=ORIENTED_EDGE('',*,*,#1829,.T.);
#910=ORIENTED_EDGE('',*,*,#1830,.T.);
#911=ORIENTED_EDGE('',*,*,#1829,.F.);
#912=ORIENTED_EDGE('',*,*,#1831,.F.);
#913=ORIENTED_EDGE('',*,*,#1832,.T.);
#914=ORIENTED_EDGE('',*,*,#1833,.F.);
#915=ORIENTED_EDGE('',*,*,#1832,.F.);
#916=ORIENTED_EDGE('',*,*,#1834,.T.);
#917=ORIENTED_EDGE('',*,*,#1835,.T.);
#918=ORIENTED_EDGE('',*,*,#1836,.T.);
#919=ORIENTED_EDGE('',*,*,#1835,.F.);
#920=ORIENTED_EDGE('',*,*,#1837,.F.);
#921=ORIENTED_EDGE('',*,*,#1838,.T.);
#922=ORIENTED_EDGE('',*,*,#1839,.T.);
#923=ORIENTED_EDGE('',*,*,#1838,.F.);
#924=ORIENTED_EDGE('',*,*,#1840,.F.);
#925=ORIENTED_EDGE('',*,*,#1841,.T.);
#926=ORIENTED_EDGE('',*,*,#1842,.T.);
#927=ORIENTED_EDGE('',*,*,#1841,.F.);
#928=ORIENTED_EDGE('',*,*,#1843,.F.);
#929=ORIENTED_EDGE('',*,*,#1785,.T.);
#930=ORIENTED_EDGE('',*,*,#1347,.F.);
#931=ORIENTED_EDGE('',*,*,#1413,.F.);
#932=ORIENTED_EDGE('',*,*,#1786,.T.);
#933=ORIENTED_EDGE('',*,*,#1843,.T.);
#934=ORIENTED_EDGE('',*,*,#1840,.T.);
#935=ORIENTED_EDGE('',*,*,#1837,.T.);
#936=ORIENTED_EDGE('',*,*,#1834,.F.);
#937=ORIENTED_EDGE('',*,*,#1831,.T.);
#938=ORIENTED_EDGE('',*,*,#1828,.T.);
#939=ORIENTED_EDGE('',*,*,#1825,.T.);
#940=ORIENTED_EDGE('',*,*,#1822,.F.);
#941=ORIENTED_EDGE('',*,*,#1819,.T.);
#942=ORIENTED_EDGE('',*,*,#1816,.T.);
#943=ORIENTED_EDGE('',*,*,#1813,.T.);
#944=ORIENTED_EDGE('',*,*,#1810,.T.);
#945=ORIENTED_EDGE('',*,*,#1807,.T.);
#946=ORIENTED_EDGE('',*,*,#1804,.F.);
#947=ORIENTED_EDGE('',*,*,#1801,.T.);
#948=ORIENTED_EDGE('',*,*,#1798,.T.);
#949=ORIENTED_EDGE('',*,*,#1795,.T.);
#950=ORIENTED_EDGE('',*,*,#1792,.F.);
#951=ORIENTED_EDGE('',*,*,#1789,.T.);
#952=ORIENTED_EDGE('',*,*,#1523,.F.);
#953=ORIENTED_EDGE('',*,*,#1410,.F.);
#954=ORIENTED_EDGE('',*,*,#1783,.F.);
#955=ORIENTED_EDGE('',*,*,#1778,.F.);
#956=ORIENTED_EDGE('',*,*,#1773,.F.);
#957=ORIENTED_EDGE('',*,*,#1771,.F.);
#958=ORIENTED_EDGE('',*,*,#1768,.F.);
#959=ORIENTED_EDGE('',*,*,#1402,.F.);
#960=ORIENTED_EDGE('',*,*,#1399,.F.);
#961=ORIENTED_EDGE('',*,*,#1760,.F.);
#962=ORIENTED_EDGE('',*,*,#1754,.F.);
#963=ORIENTED_EDGE('',*,*,#1749,.F.);
#964=ORIENTED_EDGE('',*,*,#1391,.F.);
#965=ORIENTED_EDGE('',*,*,#1747,.F.);
#966=ORIENTED_EDGE('',*,*,#1742,.F.);
#967=ORIENTED_EDGE('',*,*,#1739,.F.);
#968=ORIENTED_EDGE('',*,*,#1736,.F.);
#969=ORIENTED_EDGE('',*,*,#1733,.F.);
#970=ORIENTED_EDGE('',*,*,#1730,.F.);
#971=ORIENTED_EDGE('',*,*,#1727,.F.);
#972=ORIENTED_EDGE('',*,*,#1724,.F.);
#973=ORIENTED_EDGE('',*,*,#1721,.F.);
#974=ORIENTED_EDGE('',*,*,#1718,.F.);
#975=ORIENTED_EDGE('',*,*,#1715,.F.);
#976=ORIENTED_EDGE('',*,*,#1712,.F.);
#977=ORIENTED_EDGE('',*,*,#1709,.F.);
#978=ORIENTED_EDGE('',*,*,#1706,.F.);
#979=ORIENTED_EDGE('',*,*,#1703,.F.);
#980=ORIENTED_EDGE('',*,*,#1700,.F.);
#981=ORIENTED_EDGE('',*,*,#1697,.F.);
#982=ORIENTED_EDGE('',*,*,#1692,.F.);
#983=ORIENTED_EDGE('',*,*,#1383,.F.);
#984=ORIENTED_EDGE('',*,*,#1690,.F.);
#985=ORIENTED_EDGE('',*,*,#1685,.F.);
#986=ORIENTED_EDGE('',*,*,#1680,.F.);
#987=ORIENTED_EDGE('',*,*,#1678,.F.);
#988=ORIENTED_EDGE('',*,*,#1379,.F.);
#989=ORIENTED_EDGE('',*,*,#1673,.F.);
#990=ORIENTED_EDGE('',*,*,#1375,.F.);
#991=ORIENTED_EDGE('',*,*,#1669,.F.);
#992=ORIENTED_EDGE('',*,*,#1663,.F.);
#993=ORIENTED_EDGE('',*,*,#1658,.F.);
#994=ORIENTED_EDGE('',*,*,#1371,.F.);
#995=ORIENTED_EDGE('',*,*,#1652,.F.);
#996=ORIENTED_EDGE('',*,*,#1340,.F.);
#997=ORIENTED_EDGE('',*,*,#1650,.F.);
#998=ORIENTED_EDGE('',*,*,#1645,.F.);
#999=ORIENTED_EDGE('',*,*,#1640,.F.);
#1000=ORIENTED_EDGE('',*,*,#1638,.F.);
#1001=ORIENTED_EDGE('',*,*,#1336,.F.);
#1002=ORIENTED_EDGE('',*,*,#1633,.F.);
#1003=ORIENTED_EDGE('',*,*,#1332,.F.);
#1004=ORIENTED_EDGE('',*,*,#1629,.F.);
#1005=ORIENTED_EDGE('',*,*,#1623,.F.);
#1006=ORIENTED_EDGE('',*,*,#1618,.F.);
#1007=ORIENTED_EDGE('',*,*,#1328,.F.);
#1008=ORIENTED_EDGE('',*,*,#1616,.F.);
#1009=ORIENTED_EDGE('',*,*,#1611,.F.);
#1010=ORIENTED_EDGE('',*,*,#1608,.F.);
#1011=ORIENTED_EDGE('',*,*,#1605,.F.);
#1012=ORIENTED_EDGE('',*,*,#1602,.F.);
#1013=ORIENTED_EDGE('',*,*,#1599,.F.);
#1014=ORIENTED_EDGE('',*,*,#1596,.F.);
#1015=ORIENTED_EDGE('',*,*,#1593,.F.);
#1016=ORIENTED_EDGE('',*,*,#1590,.F.);
#1017=ORIENTED_EDGE('',*,*,#1587,.F.);
#1018=ORIENTED_EDGE('',*,*,#1584,.F.);
#1019=ORIENTED_EDGE('',*,*,#1581,.F.);
#1020=ORIENTED_EDGE('',*,*,#1578,.F.);
#1021=ORIENTED_EDGE('',*,*,#1575,.F.);
#1022=ORIENTED_EDGE('',*,*,#1572,.F.);
#1023=ORIENTED_EDGE('',*,*,#1569,.F.);
#1024=ORIENTED_EDGE('',*,*,#1566,.F.);
#1025=ORIENTED_EDGE('',*,*,#1561,.F.);
#1026=ORIENTED_EDGE('',*,*,#1320,.F.);
#1027=ORIENTED_EDGE('',*,*,#1559,.F.);
#1028=ORIENTED_EDGE('',*,*,#1554,.F.);
#1029=ORIENTED_EDGE('',*,*,#1549,.F.);
#1030=ORIENTED_EDGE('',*,*,#1547,.F.);
#1031=ORIENTED_EDGE('',*,*,#1544,.F.);
#1032=ORIENTED_EDGE('',*,*,#1312,.F.);
#1033=ORIENTED_EDGE('',*,*,#1309,.F.);
#1034=ORIENTED_EDGE('',*,*,#1536,.F.);
#1035=ORIENTED_EDGE('',*,*,#1530,.F.);
#1036=ORIENTED_EDGE('',*,*,#1525,.F.);
#1037=ORIENTED_EDGE('',*,*,#1301,.F.);
#1038=ORIENTED_EDGE('',*,*,#1473,.T.);
#1039=ORIENTED_EDGE('',*,*,#1517,.T.);
#1040=ORIENTED_EDGE('',*,*,#1784,.F.);
#1041=ORIENTED_EDGE('',*,*,#1788,.F.);
#1042=ORIENTED_EDGE('',*,*,#1791,.T.);
#1043=ORIENTED_EDGE('',*,*,#1794,.F.);
#1044=ORIENTED_EDGE('',*,*,#1797,.F.);
#1045=ORIENTED_EDGE('',*,*,#1800,.F.);
#1046=ORIENTED_EDGE('',*,*,#1803,.T.);
#1047=ORIENTED_EDGE('',*,*,#1806,.F.);
#1048=ORIENTED_EDGE('',*,*,#1809,.F.);
#1049=ORIENTED_EDGE('',*,*,#1812,.F.);
#1050=ORIENTED_EDGE('',*,*,#1815,.F.);
#1051=ORIENTED_EDGE('',*,*,#1818,.F.);
#1052=ORIENTED_EDGE('',*,*,#1821,.T.);
#1053=ORIENTED_EDGE('',*,*,#1824,.F.);
#1054=ORIENTED_EDGE('',*,*,#1827,.F.);
#1055=ORIENTED_EDGE('',*,*,#1830,.F.);
#1056=ORIENTED_EDGE('',*,*,#1833,.T.);
#1057=ORIENTED_EDGE('',*,*,#1836,.F.);
#1058=ORIENTED_EDGE('',*,*,#1839,.F.);
#1059=ORIENTED_EDGE('',*,*,#1842,.F.);
#1060=ORIENTED_EDGE('',*,*,#1520,.T.);
#1061=ORIENTED_EDGE('',*,*,#1433,.T.);
#1062=ORIENTED_EDGE('',*,*,#1527,.T.);
#1063=ORIENTED_EDGE('',*,*,#1529,.T.);
#1064=ORIENTED_EDGE('',*,*,#1535,.T.);
#1065=ORIENTED_EDGE('',*,*,#1539,.T.);
#1066=ORIENTED_EDGE('',*,*,#1541,.T.);
#1067=ORIENTED_EDGE('',*,*,#1443,.T.);
#1068=ORIENTED_EDGE('',*,*,#1446,.T.);
#1069=ORIENTED_EDGE('',*,*,#1551,.T.);
#1070=ORIENTED_EDGE('',*,*,#1553,.T.);
#1071=ORIENTED_EDGE('',*,*,#1558,.T.);
#1072=ORIENTED_EDGE('',*,*,#1450,.T.);
#1073=ORIENTED_EDGE('',*,*,#1563,.T.);
#1074=ORIENTED_EDGE('',*,*,#1565,.T.);
#1075=ORIENTED_EDGE('',*,*,#1568,.T.);
#1076=ORIENTED_EDGE('',*,*,#1571,.T.);
#1077=ORIENTED_EDGE('',*,*,#1574,.T.);
#1078=ORIENTED_EDGE('',*,*,#1577,.T.);
#1079=ORIENTED_EDGE('',*,*,#1580,.T.);
#1080=ORIENTED_EDGE('',*,*,#1583,.T.);
#1081=ORIENTED_EDGE('',*,*,#1586,.T.);
#1082=ORIENTED_EDGE('',*,*,#1589,.T.);
#1083=ORIENTED_EDGE('',*,*,#1592,.T.);
#1084=ORIENTED_EDGE('',*,*,#1595,.T.);
#1085=ORIENTED_EDGE('',*,*,#1598,.T.);
#1086=ORIENTED_EDGE('',*,*,#1601,.T.);
#1087=ORIENTED_EDGE('',*,*,#1604,.T.);
#1088=ORIENTED_EDGE('',*,*,#1607,.T.);
#1089=ORIENTED_EDGE('',*,*,#1610,.T.);
#1090=ORIENTED_EDGE('',*,*,#1615,.T.);
#1091=ORIENTED_EDGE('',*,*,#1454,.T.);
#1092=ORIENTED_EDGE('',*,*,#1620,.T.);
#1093=ORIENTED_EDGE('',*,*,#1622,.T.);
#1094=ORIENTED_EDGE('',*,*,#1628,.T.);
#1095=ORIENTED_EDGE('',*,*,#1631,.T.);
#1096=ORIENTED_EDGE('',*,*,#1461,.T.);
#1097=ORIENTED_EDGE('',*,*,#1635,.T.);
#1098=ORIENTED_EDGE('',*,*,#1467,.T.);
#1099=ORIENTED_EDGE('',*,*,#1642,.T.);
#1100=ORIENTED_EDGE('',*,*,#1644,.T.);
#1101=ORIENTED_EDGE('',*,*,#1649,.T.);
#1102=ORIENTED_EDGE('',*,*,#1471,.T.);
#1103=ORIENTED_EDGE('',*,*,#1655,.T.);
#1104=ORIENTED_EDGE('',*,*,#1477,.T.);
#1105=ORIENTED_EDGE('',*,*,#1660,.T.);
#1106=ORIENTED_EDGE('',*,*,#1662,.T.);
#1107=ORIENTED_EDGE('',*,*,#1668,.T.);
#1108=ORIENTED_EDGE('',*,*,#1671,.T.);
#1109=ORIENTED_EDGE('',*,*,#1484,.T.);
#1110=ORIENTED_EDGE('',*,*,#1675,.T.);
#1111=ORIENTED_EDGE('',*,*,#1490,.T.);
#1112=ORIENTED_EDGE('',*,*,#1682,.T.);
#1113=ORIENTED_EDGE('',*,*,#1684,.T.);
#1114=ORIENTED_EDGE('',*,*,#1689,.T.);
#1115=ORIENTED_EDGE('',*,*,#1494,.T.);
#1116=ORIENTED_EDGE('',*,*,#1694,.T.);
#1117=ORIENTED_EDGE('',*,*,#1696,.T.);
#1118=ORIENTED_EDGE('',*,*,#1699,.T.);
#1119=ORIENTED_EDGE('',*,*,#1702,.T.);
#1120=ORIENTED_EDGE('',*,*,#1705,.T.);
#1121=ORIENTED_EDGE('',*,*,#1708,.T.);
#1122=ORIENTED_EDGE('',*,*,#1711,.T.);
#1123=ORIENTED_EDGE('',*,*,#1714,.T.);
#1124=ORIENTED_EDGE('',*,*,#1717,.T.);
#1125=ORIENTED_EDGE('',*,*,#1720,.T.);
#1126=ORIENTED_EDGE('',*,*,#1723,.T.);
#1127=ORIENTED_EDGE('',*,*,#1726,.T.);
#1128=ORIENTED_EDGE('',*,*,#1729,.T.);
#1129=ORIENTED_EDGE('',*,*,#1732,.T.);
#1130=ORIENTED_EDGE('',*,*,#1735,.T.);
#1131=ORIENTED_EDGE('',*,*,#1738,.T.);
#1132=ORIENTED_EDGE('',*,*,#1741,.T.);
#1133=ORIENTED_EDGE('',*,*,#1746,.T.);
#1134=ORIENTED_EDGE('',*,*,#1498,.T.);
#1135=ORIENTED_EDGE('',*,*,#1751,.T.);
#1136=ORIENTED_EDGE('',*,*,#1753,.T.);
#1137=ORIENTED_EDGE('',*,*,#1759,.T.);
#1138=ORIENTED_EDGE('',*,*,#1763,.T.);
#1139=ORIENTED_EDGE('',*,*,#1765,.T.);
#1140=ORIENTED_EDGE('',*,*,#1508,.T.);
#1141=ORIENTED_EDGE('',*,*,#1511,.T.);
#1142=ORIENTED_EDGE('',*,*,#1775,.T.);
#1143=ORIENTED_EDGE('',*,*,#1777,.T.);
#1144=ORIENTED_EDGE('',*,*,#1782,.T.);
#1145=ORIENTED_EDGE('',*,*,#1515,.T.);
#1146=ORIENTED_EDGE('',*,*,#1418,.F.);
#1147=ORIENTED_EDGE('',*,*,#1486,.F.);
#1148=ORIENTED_EDGE('',*,*,#1422,.F.);
#1149=ORIENTED_EDGE('',*,*,#1683,.F.);
#1150=ORIENTED_EDGE('',*,*,#1488,.F.);
#1151=ORIENTED_EDGE('',*,*,#1674,.F.);
#1152=ORIENTED_EDGE('',*,*,#1482,.F.);
#1153=ORIENTED_EDGE('',*,*,#1670,.F.);
#1154=ORIENTED_EDGE('',*,*,#1666,.F.);
#1155=ORIENTED_EDGE('',*,*,#1480,.F.);
#1156=ORIENTED_EDGE('',*,*,#1412,.F.);
#1157=ORIENTED_EDGE('',*,*,#1504,.F.);
#1158=ORIENTED_EDGE('',*,*,#1426,.F.);
#1159=ORIENTED_EDGE('',*,*,#1429,.F.);
#1160=ORIENTED_EDGE('',*,*,#1776,.F.);
#1161=ORIENTED_EDGE('',*,*,#1509,.F.);
#1162=ORIENTED_EDGE('',*,*,#1506,.F.);
#1163=ORIENTED_EDGE('',*,*,#1764,.F.);
#1164=ORIENTED_EDGE('',*,*,#1761,.F.);
#1165=ORIENTED_EDGE('',*,*,#1757,.F.);
#1166=ORIENTED_EDGE('',*,*,#1502,.F.);
#1167=ORIENTED_EDGE('',*,*,#1516,.F.);
#1168=ORIENTED_EDGE('',*,*,#1781,.F.);
#1169=ORIENTED_EDGE('',*,*,#1406,.F.);
#1170=ORIENTED_EDGE('',*,*,#1521,.F.);
#1171=ORIENTED_EDGE('',*,*,#1513,.F.);
#1172=ORIENTED_EDGE('',*,*,#1752,.F.);
#1173=ORIENTED_EDGE('',*,*,#1496,.F.);
#1174=ORIENTED_EDGE('',*,*,#1745,.F.);
#1175=ORIENTED_EDGE('',*,*,#1395,.F.);
#1176=ORIENTED_EDGE('',*,*,#1695,.T.);
#1177=ORIENTED_EDGE('',*,*,#1492,.F.);
#1178=ORIENTED_EDGE('',*,*,#1688,.F.);
#1179=ORIENTED_EDGE('',*,*,#1387,.F.);
#1180=ORIENTED_EDGE('',*,*,#1654,.T.);
#1181=ORIENTED_EDGE('',*,*,#1367,.F.);
#1182=ORIENTED_EDGE('',*,*,#1661,.F.);
#1183=ORIENTED_EDGE('',*,*,#1475,.F.);
#1184=ORIENTED_EDGE('',*,*,#1359,.F.);
#1185=ORIENTED_EDGE('',*,*,#1463,.F.);
#1186=ORIENTED_EDGE('',*,*,#1363,.F.);
#1187=ORIENTED_EDGE('',*,*,#1643,.F.);
#1188=ORIENTED_EDGE('',*,*,#1465,.F.);
#1189=ORIENTED_EDGE('',*,*,#1634,.F.);
#1190=ORIENTED_EDGE('',*,*,#1459,.F.);
#1191=ORIENTED_EDGE('',*,*,#1630,.F.);
#1192=ORIENTED_EDGE('',*,*,#1626,.F.);
#1193=ORIENTED_EDGE('',*,*,#1457,.F.);
#1194=ORIENTED_EDGE('',*,*,#1346,.F.);
#1195=ORIENTED_EDGE('',*,*,#1437,.F.);
#1196=ORIENTED_EDGE('',*,*,#1439,.F.);
#1197=ORIENTED_EDGE('',*,*,#1352,.F.);
#1198=ORIENTED_EDGE('',*,*,#1355,.F.);
#1199=ORIENTED_EDGE('',*,*,#1552,.F.);
#1200=ORIENTED_EDGE('',*,*,#1444,.F.);
#1201=ORIENTED_EDGE('',*,*,#1441,.F.);
#1202=ORIENTED_EDGE('',*,*,#1540,.F.);
#1203=ORIENTED_EDGE('',*,*,#1537,.F.);
#1204=ORIENTED_EDGE('',*,*,#1533,.F.);
#1205=ORIENTED_EDGE('',*,*,#1472,.F.);
#1206=ORIENTED_EDGE('',*,*,#1656,.T.);
#1207=ORIENTED_EDGE('',*,*,#1469,.F.);
#1208=ORIENTED_EDGE('',*,*,#1648,.F.);
#1209=ORIENTED_EDGE('',*,*,#1344,.F.);
#1210=ORIENTED_EDGE('',*,*,#1614,.T.);
#1211=ORIENTED_EDGE('',*,*,#1324,.F.);
#1212=ORIENTED_EDGE('',*,*,#1621,.F.);
#1213=ORIENTED_EDGE('',*,*,#1452,.F.);
#1214=ORIENTED_EDGE('',*,*,#1557,.F.);
#1215=ORIENTED_EDGE('',*,*,#1316,.F.);
#1216=ORIENTED_EDGE('',*,*,#1564,.F.);
#1217=ORIENTED_EDGE('',*,*,#1448,.F.);
#1218=ORIENTED_EDGE('',*,*,#1528,.F.);
#1219=ORIENTED_EDGE('',*,*,#1431,.F.);
#1220=ORIENTED_EDGE('',*,*,#1519,.F.);
#1221=ORIENTED_EDGE('',*,*,#1305,.F.);
#1222=ORIENTED_EDGE('',*,*,#1780,.F.);
#1223=ORIENTED_EDGE('',*,*,#1408,.F.);
#1224=ORIENTED_EDGE('',*,*,#1522,.F.);
#1225=ORIENTED_EDGE('',*,*,#1404,.F.);
#1226=ORIENTED_EDGE('',*,*,#1672,.F.);
#1227=ORIENTED_EDGE('',*,*,#1377,.F.);
#1228=ORIENTED_EDGE('',*,*,#1677,.F.);
#1229=ORIENTED_EDGE('',*,*,#1679,.F.);
#1230=ORIENTED_EDGE('',*,*,#1420,.F.);
#1231=ORIENTED_EDGE('',*,*,#1485,.F.);
#1232=ORIENTED_EDGE('',*,*,#1416,.F.);
#1233=ORIENTED_EDGE('',*,*,#1479,.F.);
#1234=ORIENTED_EDGE('',*,*,#1665,.F.);
#1235=ORIENTED_EDGE('',*,*,#1373,.F.);
#1236=ORIENTED_EDGE('',*,*,#1414,.F.);
#1237=ORIENTED_EDGE('',*,*,#1411,.F.);
#1238=ORIENTED_EDGE('',*,*,#1401,.F.);
#1239=ORIENTED_EDGE('',*,*,#1767,.F.);
#1240=ORIENTED_EDGE('',*,*,#1770,.F.);
#1241=ORIENTED_EDGE('',*,*,#1772,.F.);
#1242=ORIENTED_EDGE('',*,*,#1427,.F.);
#1243=ORIENTED_EDGE('',*,*,#1424,.F.);
#1244=ORIENTED_EDGE('',*,*,#1503,.F.);
#1245=ORIENTED_EDGE('',*,*,#1500,.F.);
#1246=ORIENTED_EDGE('',*,*,#1756,.F.);
#1247=ORIENTED_EDGE('',*,*,#1397,.F.);
#1248=ORIENTED_EDGE('',*,*,#1748,.F.);
#1249=ORIENTED_EDGE('',*,*,#1393,.F.);
#1250=ORIENTED_EDGE('',*,*,#1744,.F.);
#1251=ORIENTED_EDGE('',*,*,#1389,.F.);
#1252=ORIENTED_EDGE('',*,*,#1691,.T.);
#1253=ORIENTED_EDGE('',*,*,#1385,.F.);
#1254=ORIENTED_EDGE('',*,*,#1687,.F.);
#1255=ORIENTED_EDGE('',*,*,#1381,.F.);
#1256=ORIENTED_EDGE('',*,*,#1653,.T.);
#1257=ORIENTED_EDGE('',*,*,#1369,.F.);
#1258=ORIENTED_EDGE('',*,*,#1657,.F.);
#1259=ORIENTED_EDGE('',*,*,#1365,.F.);
#1260=ORIENTED_EDGE('',*,*,#1651,.F.);
#1261=ORIENTED_EDGE('',*,*,#1342,.F.);
#1262=ORIENTED_EDGE('',*,*,#1647,.F.);
#1263=ORIENTED_EDGE('',*,*,#1338,.F.);
#1264=ORIENTED_EDGE('',*,*,#1632,.F.);
#1265=ORIENTED_EDGE('',*,*,#1334,.F.);
#1266=ORIENTED_EDGE('',*,*,#1637,.F.);
#1267=ORIENTED_EDGE('',*,*,#1639,.F.);
#1268=ORIENTED_EDGE('',*,*,#1361,.F.);
#1269=ORIENTED_EDGE('',*,*,#1462,.F.);
#1270=ORIENTED_EDGE('',*,*,#1357,.F.);
#1271=ORIENTED_EDGE('',*,*,#1456,.F.);
#1272=ORIENTED_EDGE('',*,*,#1625,.F.);
#1273=ORIENTED_EDGE('',*,*,#1330,.F.);
#1274=ORIENTED_EDGE('',*,*,#1348,.F.);
#1275=ORIENTED_EDGE('',*,*,#1345,.F.);
#1276=ORIENTED_EDGE('',*,*,#1311,.F.);
#1277=ORIENTED_EDGE('',*,*,#1543,.F.);
#1278=ORIENTED_EDGE('',*,*,#1546,.F.);
#1279=ORIENTED_EDGE('',*,*,#1548,.F.);
#1280=ORIENTED_EDGE('',*,*,#1353,.F.);
#1281=ORIENTED_EDGE('',*,*,#1350,.F.);
#1282=ORIENTED_EDGE('',*,*,#1438,.F.);
#1283=ORIENTED_EDGE('',*,*,#1435,.F.);
#1284=ORIENTED_EDGE('',*,*,#1532,.F.);
#1285=ORIENTED_EDGE('',*,*,#1307,.F.);
#1286=ORIENTED_EDGE('',*,*,#1613,.T.);
#1287=ORIENTED_EDGE('',*,*,#1326,.F.);
#1288=ORIENTED_EDGE('',*,*,#1617,.F.);
#1289=ORIENTED_EDGE('',*,*,#1322,.F.);
#1290=ORIENTED_EDGE('',*,*,#1556,.F.);
#1291=ORIENTED_EDGE('',*,*,#1318,.F.);
#1292=ORIENTED_EDGE('',*,*,#1560,.F.);
#1293=ORIENTED_EDGE('',*,*,#1314,.F.);
#1294=ORIENTED_EDGE('',*,*,#1524,.F.);
#1295=ORIENTED_EDGE('',*,*,#1303,.F.);
#1296=ORIENTED_EDGE('',*,*,#1518,.F.);
#1297=ORIENTED_EDGE('',*,*,#1299,.F.);
#1298=EDGE_CURVE('',#1844,#1845,#2212,.T.);
#1299=EDGE_CURVE('',#1845,#1846,#2213,.F.);
#1300=EDGE_CURVE('',#1847,#1846,#2214,.T.);
#1301=EDGE_CURVE('',#1847,#1844,#2215,.T.);
#1302=EDGE_CURVE('',#1848,#1849,#2216,.T.);
#1303=EDGE_CURVE('',#1848,#1850,#2217,.T.);
#1304=EDGE_CURVE('',#1850,#1851,#2218,.T.);
#1305=EDGE_CURVE('',#1851,#1849,#2219,.F.);
#1306=EDGE_CURVE('',#1852,#1853,#2220,.T.);
#1307=EDGE_CURVE('',#1853,#1854,#114,.F.);
#1308=EDGE_CURVE('',#1855,#1854,#2221,.T.);
#1309=EDGE_CURVE('',#1855,#1852,#2222,.T.);
#1310=EDGE_CURVE('',#1856,#1857,#2223,.T.);
#1311=EDGE_CURVE('',#1857,#1853,#66,.F.);
#1312=EDGE_CURVE('',#1852,#1856,#2224,.T.);
#1313=EDGE_CURVE('',#1858,#1859,#2225,.T.);
#1314=EDGE_CURVE('',#1858,#1860,#2226,.F.);
#1315=EDGE_CURVE('',#1860,#1861,#2227,.T.);
#1316=EDGE_CURVE('',#1861,#1859,#2228,.T.);
#1317=EDGE_CURVE('',#1862,#1863,#2229,.T.);
#1318=EDGE_CURVE('',#1863,#1864,#2230,.T.);
#1319=EDGE_CURVE('',#1865,#1864,#2231,.T.);
#1320=EDGE_CURVE('',#1865,#1862,#2232,.T.);
#1321=EDGE_CURVE('',#1866,#1867,#2233,.T.);
#1322=EDGE_CURVE('',#1866,#1868,#2234,.F.);
#1323=EDGE_CURVE('',#1868,#1869,#2235,.T.);
#1324=EDGE_CURVE('',#1869,#1867,#2236,.T.);
#1325=EDGE_CURVE('',#1870,#1871,#2237,.T.);
#1326=EDGE_CURVE('',#1871,#1872,#2238,.T.);
#1327=EDGE_CURVE('',#1873,#1872,#2239,.T.);
#1328=EDGE_CURVE('',#1873,#1870,#2240,.T.);
#1329=EDGE_CURVE('',#1874,#1875,#2241,.T.);
#1330=EDGE_CURVE('',#1875,#1876,#115,.F.);
#1331=EDGE_CURVE('',#1877,#1876,#2242,.T.);
#1332=EDGE_CURVE('',#1877,#1874,#2243,.T.);
#1333=EDGE_CURVE('',#1878,#1879,#2244,.T.);
#1334=EDGE_CURVE('',#1879,#1880,#67,.F.);
#1335=EDGE_CURVE('',#1881,#1880,#2245,.T.);
#1336=EDGE_CURVE('',#1881,#1878,#2246,.T.);
#1337=EDGE_CURVE('',#1882,#1883,#2247,.T.);
#1338=EDGE_CURVE('',#1883,#1884,#2248,.F.);
#1339=EDGE_CURVE('',#1885,#1884,#2249,.T.);
#1340=EDGE_CURVE('',#1885,#1882,#2250,.T.);
#1341=EDGE_CURVE('',#1886,#1887,#2251,.T.);
#1342=EDGE_CURVE('',#1886,#1888,#2252,.T.);
#1343=EDGE_CURVE('',#1888,#1889,#2253,.T.);
#1344=EDGE_CURVE('',#1889,#1887,#2254,.F.);
#1345=EDGE_CURVE('',#1890,#1890,#20,.T.);
#1346=EDGE_CURVE('',#1891,#1891,#21,.T.);
#1347=EDGE_CURVE('',#1892,#1892,#116,.T.);
#1348=EDGE_CURVE('',#1893,#1893,#22,.T.);
#1349=EDGE_CURVE('',#1894,#1895,#2255,.T.);
#1350=EDGE_CURVE('',#1894,#1896,#68,.F.);
#1351=EDGE_CURVE('',#1896,#1897,#2256,.T.);
#1352=EDGE_CURVE('',#1897,#1895,#69,.F.);
#1353=EDGE_CURVE('',#1896,#1898,#117,.F.);
#1354=EDGE_CURVE('',#1898,#1899,#2257,.T.);
#1355=EDGE_CURVE('',#1899,#1897,#118,.F.);
#1356=EDGE_CURVE('',#1900,#1901,#2258,.T.);
#1357=EDGE_CURVE('',#1900,#1902,#70,.F.);
#1358=EDGE_CURVE('',#1902,#1903,#2259,.T.);
#1359=EDGE_CURVE('',#1903,#1901,#71,.F.);
#1360=EDGE_CURVE('',#1904,#1905,#2260,.T.);
#1361=EDGE_CURVE('',#1904,#1906,#119,.F.);
#1362=EDGE_CURVE('',#1906,#1907,#2261,.T.);
#1363=EDGE_CURVE('',#1907,#1905,#120,.F.);
#1364=EDGE_CURVE('',#1908,#1909,#2262,.T.);
#1365=EDGE_CURVE('',#1908,#1910,#2263,.F.);
#1366=EDGE_CURVE('',#1910,#1911,#2264,.T.);
#1367=EDGE_CURVE('',#1911,#1909,#2265,.T.);
#1368=EDGE_CURVE('',#1912,#1913,#2266,.T.);
#1369=EDGE_CURVE('',#1913,#1914,#2267,.T.);
#1370=EDGE_CURVE('',#1915,#1914,#2268,.T.);
#1371=EDGE_CURVE('',#1915,#1912,#2269,.T.);
#1372=EDGE_CURVE('',#1916,#1917,#2270,.T.);
#1373=EDGE_CURVE('',#1917,#1918,#121,.F.);
#1374=EDGE_CURVE('',#1919,#1918,#2271,.T.);
#1375=EDGE_CURVE('',#1919,#1916,#2272,.T.);
#1376=EDGE_CURVE('',#1920,#1921,#2273,.T.);
#1377=EDGE_CURVE('',#1921,#1922,#72,.F.);
#1378=EDGE_CURVE('',#1923,#1922,#2274,.T.);
#1379=EDGE_CURVE('',#1923,#1920,#2275,.T.);
#1380=EDGE_CURVE('',#1924,#1925,#2276,.T.);
#1381=EDGE_CURVE('',#1925,#1926,#2277,.F.);
#1382=EDGE_CURVE('',#1927,#1926,#2278,.T.);
#1383=EDGE_CURVE('',#1927,#1924,#2279,.T.);
#1384=EDGE_CURVE('',#1928,#1929,#2280,.T.);
#1385=EDGE_CURVE('',#1928,#1930,#2281,.T.);
#1386=EDGE_CURVE('',#1930,#1931,#2282,.T.);
#1387=EDGE_CURVE('',#1931,#1929,#2283,.F.);
#1388=EDGE_CURVE('',#1932,#1933,#2284,.T.);
#1389=EDGE_CURVE('',#1933,#1934,#2285,.F.);
#1390=EDGE_CURVE('',#1935,#1934,#2286,.T.);
#1391=EDGE_CURVE('',#1935,#1932,#2287,.T.);
#1392=EDGE_CURVE('',#1936,#1937,#2288,.T.);
#1393=EDGE_CURVE('',#1936,#1938,#2289,.T.);
#1394=EDGE_CURVE('',#1938,#1939,#2290,.T.);
#1395=EDGE_CURVE('',#1939,#1937,#2291,.F.);
#1396=EDGE_CURVE('',#1940,#1941,#2292,.T.);
#1397=EDGE_CURVE('',#1941,#1942,#122,.F.);
#1398=EDGE_CURVE('',#1943,#1942,#2293,.T.);
#1399=EDGE_CURVE('',#1943,#1940,#2294,.T.);
#1400=EDGE_CURVE('',#1944,#1945,#2295,.T.);
#1401=EDGE_CURVE('',#1945,#1941,#73,.F.);
#1402=EDGE_CURVE('',#1940,#1944,#2296,.T.);
#1403=EDGE_CURVE('',#1946,#1947,#2297,.T.);
#1404=EDGE_CURVE('',#1946,#1948,#2298,.F.);
#1405=EDGE_CURVE('',#1948,#1949,#2299,.T.);
#1406=EDGE_CURVE('',#1949,#1947,#2300,.T.);
#1407=EDGE_CURVE('',#1950,#1951,#2301,.T.);
#1408=EDGE_CURVE('',#1951,#1952,#2302,.T.);
#1409=EDGE_CURVE('',#1953,#1952,#2303,.T.);
#1410=EDGE_CURVE('',#1953,#1950,#2304,.T.);
#1411=EDGE_CURVE('',#1954,#1954,#23,.T.);
#1412=EDGE_CURVE('',#1955,#1955,#24,.T.);
#1413=EDGE_CURVE('',#1956,#1956,#123,.T.);
#1414=EDGE_CURVE('',#1957,#1957,#25,.T.);
#1415=EDGE_CURVE('',#1958,#1959,#2305,.T.);
#1416=EDGE_CURVE('',#1958,#1960,#74,.F.);
#1417=EDGE_CURVE('',#1960,#1961,#2306,.T.);
#1418=EDGE_CURVE('',#1961,#1959,#75,.F.);
#1419=EDGE_CURVE('',#1962,#1963,#2307,.T.);
#1420=EDGE_CURVE('',#1962,#1964,#124,.F.);
#1421=EDGE_CURVE('',#1964,#1965,#2308,.T.);
#1422=EDGE_CURVE('',#1965,#1963,#125,.F.);
#1423=EDGE_CURVE('',#1966,#1967,#2309,.T.);
#1424=EDGE_CURVE('',#1966,#1968,#76,.F.);
#1425=EDGE_CURVE('',#1968,#1969,#2310,.T.);
#1426=EDGE_CURVE('',#1969,#1967,#77,.F.);
#1427=EDGE_CURVE('',#1968,#1970,#126,.F.);
#1428=EDGE_CURVE('',#1970,#1971,#2311,.T.);
#1429=EDGE_CURVE('',#1971,#1969,#127,.F.);
#1430=EDGE_CURVE('',#1972,#1973,#2312,.T.);
#1431=EDGE_CURVE('',#1972,#1974,#2313,.T.);
#1432=EDGE_CURVE('',#1974,#1975,#2314,.T.);
#1433=EDGE_CURVE('',#1973,#1975,#2315,.T.);
#1434=EDGE_CURVE('',#1976,#1977,#2316,.T.);
#1435=EDGE_CURVE('',#1976,#1978,#128,.F.);
#1436=EDGE_CURVE('',#1978,#1979,#2317,.T.);
#1437=EDGE_CURVE('',#1979,#1977,#129,.F.);
#1438=EDGE_CURVE('',#1978,#1894,#78,.F.);
#1439=EDGE_CURVE('',#1895,#1979,#79,.F.);
#1440=EDGE_CURVE('',#1980,#1981,#2318,.T.);
#1441=EDGE_CURVE('',#1980,#1982,#80,.F.);
#1442=EDGE_CURVE('',#1982,#1983,#2319,.T.);
#1443=EDGE_CURVE('',#1981,#1983,#2320,.T.);
#1444=EDGE_CURVE('',#1982,#1984,#130,.F.);
#1445=EDGE_CURVE('',#1984,#1985,#2321,.T.);
#1446=EDGE_CURVE('',#1983,#1985,#2322,.T.);
#1447=EDGE_CURVE('',#1986,#1987,#2323,.T.);
#1448=EDGE_CURVE('',#1986,#1988,#2324,.F.);
#1449=EDGE_CURVE('',#1988,#1989,#2325,.T.);
#1450=EDGE_CURVE('',#1987,#1989,#2326,.T.);
#1451=EDGE_CURVE('',#1990,#1991,#2327,.T.);
#1452=EDGE_CURVE('',#1990,#1992,#2328,.F.);
#1453=EDGE_CURVE('',#1992,#1993,#2329,.T.);
#1454=EDGE_CURVE('',#1991,#1993,#2330,.T.);
#1455=EDGE_CURVE('',#1994,#1995,#2331,.T.);
#1456=EDGE_CURVE('',#1994,#1900,#131,.F.);
#1457=EDGE_CURVE('',#1901,#1995,#132,.F.);
#1458=EDGE_CURVE('',#1996,#1997,#2332,.T.);
#1459=EDGE_CURVE('',#1996,#1998,#81,.F.);
#1460=EDGE_CURVE('',#1998,#1999,#2333,.T.);
#1461=EDGE_CURVE('',#1997,#1999,#2334,.T.);
#1462=EDGE_CURVE('',#1902,#1904,#82,.F.);
#1463=EDGE_CURVE('',#1905,#1903,#83,.F.);
#1464=EDGE_CURVE('',#2000,#2001,#2335,.T.);
#1465=EDGE_CURVE('',#2000,#2002,#133,.F.);
#1466=EDGE_CURVE('',#2002,#2003,#2336,.T.);
#1467=EDGE_CURVE('',#2001,#2003,#2337,.T.);
#1468=EDGE_CURVE('',#2004,#2005,#2338,.T.);
#1469=EDGE_CURVE('',#2004,#2006,#2339,.T.);
#1470=EDGE_CURVE('',#2006,#2007,#2340,.T.);
#1471=EDGE_CURVE('',#2005,#2007,#2341,.T.);
#1472=EDGE_CURVE('',#2008,#2008,#26,.T.);
#1473=EDGE_CURVE('',#2009,#2009,#134,.T.);
#1474=EDGE_CURVE('',#2010,#2011,#2342,.T.);
#1475=EDGE_CURVE('',#2010,#2012,#2343,.F.);
#1476=EDGE_CURVE('',#2012,#2013,#2344,.T.);
#1477=EDGE_CURVE('',#2011,#2013,#2345,.T.);
#1478=EDGE_CURVE('',#2014,#2015,#2346,.T.);
#1479=EDGE_CURVE('',#2014,#1958,#135,.F.);
#1480=EDGE_CURVE('',#1959,#2015,#136,.F.);
#1481=EDGE_CURVE('',#2016,#2017,#2347,.T.);
#1482=EDGE_CURVE('',#2016,#2018,#84,.F.);
#1483=EDGE_CURVE('',#2018,#2019,#2348,.T.);
#1484=EDGE_CURVE('',#2017,#2019,#2349,.T.);
#1485=EDGE_CURVE('',#1960,#1962,#85,.F.);
#1486=EDGE_CURVE('',#1963,#1961,#86,.F.);
#1487=EDGE_CURVE('',#2020,#2021,#2350,.T.);
#1488=EDGE_CURVE('',#2020,#2022,#137,.F.);
#1489=EDGE_CURVE('',#2022,#2023,#2351,.T.);
#1490=EDGE_CURVE('',#2021,#2023,#2352,.T.);
#1491=EDGE_CURVE('',#2024,#2025,#2353,.T.);
#1492=EDGE_CURVE('',#2024,#2026,#2354,.T.);
#1493=EDGE_CURVE('',#2026,#2027,#2355,.T.);
#1494=EDGE_CURVE('',#2025,#2027,#2356,.T.);
#1495=EDGE_CURVE('',#2028,#2029,#2357,.T.);
#1496=EDGE_CURVE('',#2028,#2030,#2358,.T.);
#1497=EDGE_CURVE('',#2030,#2031,#2359,.T.);
#1498=EDGE_CURVE('',#2029,#2031,#2360,.T.);
#1499=EDGE_CURVE('',#2032,#2033,#2361,.T.);
#1500=EDGE_CURVE('',#2032,#2034,#138,.F.);
#1501=EDGE_CURVE('',#2034,#2035,#2362,.T.);
#1502=EDGE_CURVE('',#2035,#2033,#139,.F.);
#1503=EDGE_CURVE('',#2034,#1966,#87,.F.);
#1504=EDGE_CURVE('',#1967,#2035,#88,.F.);
#1505=EDGE_CURVE('',#2036,#2037,#2363,.T.);
#1506=EDGE_CURVE('',#2036,#2038,#89,.F.);
#1507=EDGE_CURVE('',#2038,#2039,#2364,.T.);
#1508=EDGE_CURVE('',#2037,#2039,#2365,.T.);
#1509=EDGE_CURVE('',#2038,#2040,#140,.F.);
#1510=EDGE_CURVE('',#2040,#2041,#2366,.T.);
#1511=EDGE_CURVE('',#2039,#2041,#2367,.T.);
#1512=EDGE_CURVE('',#2042,#2043,#2368,.T.);
#1513=EDGE_CURVE('',#2042,#2044,#2369,.F.);
#1514=EDGE_CURVE('',#2044,#2045,#2370,.T.);
#1515=EDGE_CURVE('',#2043,#2045,#2371,.T.);
#1516=EDGE_CURVE('',#2046,#2046,#27,.T.);
#1517=EDGE_CURVE('',#2047,#2047,#141,.T.);
#1518=EDGE_CURVE('',#1846,#1848,#142,.T.);
#1519=EDGE_CURVE('',#1849,#1972,#143,.T.);
#1520=EDGE_CURVE('',#2045,#1973,#2372,.T.);
#1521=EDGE_CURVE('',#2044,#1949,#144,.T.);
#1522=EDGE_CURVE('',#1948,#1951,#145,.T.);
#1523=EDGE_CURVE('',#1950,#1847,#2373,.T.);
#1524=EDGE_CURVE('',#1850,#1845,#146,.F.);
#1525=EDGE_CURVE('',#1844,#2048,#2374,.T.);
#1526=EDGE_CURVE('',#2048,#2049,#2375,.T.);
#1527=EDGE_CURVE('',#1975,#2049,#2376,.T.);
#1528=EDGE_CURVE('',#1974,#1851,#147,.F.);
#1529=EDGE_CURVE('',#2049,#2050,#2377,.T.);
#1530=EDGE_CURVE('',#2048,#2051,#2378,.T.);
#1531=EDGE_CURVE('',#2051,#2050,#2379,.T.);
#1532=EDGE_CURVE('',#1854,#1976,#90,.F.);
#1533=EDGE_CURVE('',#1977,#2052,#91,.F.);
#1534=EDGE_CURVE('',#2052,#2053,#2380,.T.);
#1535=EDGE_CURVE('',#2050,#2053,#2381,.T.);
#1536=EDGE_CURVE('',#2051,#1855,#2382,.T.);
#1537=EDGE_CURVE('',#2052,#2054,#148,.F.);
#1538=EDGE_CURVE('',#2054,#2055,#2383,.T.);
#1539=EDGE_CURVE('',#2053,#2055,#2384,.T.);
#1540=EDGE_CURVE('',#2054,#1980,#92,.F.);
#1541=EDGE_CURVE('',#2055,#1981,#2385,.T.);
#1542=EDGE_CURVE('',#2056,#2057,#2386,.T.);
#1543=EDGE_CURVE('',#2057,#1857,#93,.F.);
#1544=EDGE_CURVE('',#1856,#2056,#2387,.T.);
#1545=EDGE_CURVE('',#2058,#2059,#2388,.T.);
#1546=EDGE_CURVE('',#2059,#2057,#149,.F.);
#1547=EDGE_CURVE('',#2056,#2058,#2389,.T.);
#1548=EDGE_CURVE('',#1898,#2059,#94,.F.);
#1549=EDGE_CURVE('',#2058,#2060,#2390,.T.);
#1550=EDGE_CURVE('',#2060,#2061,#2391,.T.);
#1551=EDGE_CURVE('',#1985,#2061,#2392,.T.);
#1552=EDGE_CURVE('',#1984,#1899,#95,.F.);
#1553=EDGE_CURVE('',#2061,#2062,#2393,.T.);
#1554=EDGE_CURVE('',#2060,#2063,#2394,.T.);
#1555=EDGE_CURVE('',#2063,#2062,#2395,.T.);
#1556=EDGE_CURVE('',#1864,#1858,#150,.F.);
#1557=EDGE_CURVE('',#1859,#1986,#151,.F.);
#1558=EDGE_CURVE('',#2062,#1987,#2396,.T.);
#1559=EDGE_CURVE('',#2063,#1865,#2397,.T.);
#1560=EDGE_CURVE('',#1860,#1863,#152,.T.);
#1561=EDGE_CURVE('',#1862,#2064,#2398,.T.);
#1562=EDGE_CURVE('',#2064,#2065,#2399,.T.);
#1563=EDGE_CURVE('',#1989,#2065,#2400,.T.);
#1564=EDGE_CURVE('',#1988,#1861,#153,.T.);
#1565=EDGE_CURVE('',#2065,#2066,#154,.T.);
#1566=EDGE_CURVE('',#2064,#2067,#155,.T.);
#1567=EDGE_CURVE('',#2067,#2066,#2401,.T.);
#1568=EDGE_CURVE('',#2066,#2068,#2402,.T.);
#1569=EDGE_CURVE('',#2067,#2069,#2403,.T.);
#1570=EDGE_CURVE('',#2069,#2068,#2404,.T.);
#1571=EDGE_CURVE('',#2068,#2070,#2405,.T.);
#1572=EDGE_CURVE('',#2069,#2071,#2406,.T.);
#1573=EDGE_CURVE('',#2071,#2070,#2407,.T.);
#1574=EDGE_CURVE('',#2070,#2072,#2408,.T.);
#1575=EDGE_CURVE('',#2071,#2073,#2409,.T.);
#1576=EDGE_CURVE('',#2073,#2072,#2410,.T.);
#1577=EDGE_CURVE('',#2072,#2074,#2411,.T.);
#1578=EDGE_CURVE('',#2073,#2075,#2412,.T.);
#1579=EDGE_CURVE('',#2075,#2074,#2413,.T.);
#1580=EDGE_CURVE('',#2074,#2076,#2414,.T.);
#1581=EDGE_CURVE('',#2075,#2077,#2415,.T.);
#1582=EDGE_CURVE('',#2077,#2076,#2416,.T.);
#1583=EDGE_CURVE('',#2076,#2078,#2417,.T.);
#1584=EDGE_CURVE('',#2077,#2079,#2418,.T.);
#1585=EDGE_CURVE('',#2079,#2078,#2419,.T.);
#1586=EDGE_CURVE('',#2078,#2080,#2420,.T.);
#1587=EDGE_CURVE('',#2079,#2081,#2421,.T.);
#1588=EDGE_CURVE('',#2081,#2080,#2422,.T.);
#1589=EDGE_CURVE('',#2080,#2082,#2423,.T.);
#1590=EDGE_CURVE('',#2081,#2083,#2424,.T.);
#1591=EDGE_CURVE('',#2083,#2082,#2425,.T.);
#1592=EDGE_CURVE('',#2082,#2084,#2426,.T.);
#1593=EDGE_CURVE('',#2083,#2085,#2427,.T.);
#1594=EDGE_CURVE('',#2085,#2084,#2428,.T.);
#1595=EDGE_CURVE('',#2084,#2086,#2429,.T.);
#1596=EDGE_CURVE('',#2085,#2087,#2430,.T.);
#1597=EDGE_CURVE('',#2087,#2086,#2431,.T.);
#1598=EDGE_CURVE('',#2086,#2088,#2432,.T.);
#1599=EDGE_CURVE('',#2087,#2089,#2433,.T.);
#1600=EDGE_CURVE('',#2089,#2088,#2434,.T.);
#1601=EDGE_CURVE('',#2088,#2090,#2435,.T.);
#1602=EDGE_CURVE('',#2089,#2091,#2436,.T.);
#1603=EDGE_CURVE('',#2091,#2090,#2437,.T.);
#1604=EDGE_CURVE('',#2090,#2092,#2438,.T.);
#1605=EDGE_CURVE('',#2091,#2093,#2439,.T.);
#1606=EDGE_CURVE('',#2093,#2092,#2440,.T.);
#1607=EDGE_CURVE('',#2092,#2094,#2441,.T.);
#1608=EDGE_CURVE('',#2093,#2095,#2442,.T.);
#1609=EDGE_CURVE('',#2095,#2094,#2443,.T.);
#1610=EDGE_CURVE('',#2094,#2096,#156,.T.);
#1611=EDGE_CURVE('',#2095,#2097,#157,.T.);
#1612=EDGE_CURVE('',#2097,#2096,#2444,.T.);
#1613=EDGE_CURVE('',#1866,#1872,#158,.T.);
#1614=EDGE_CURVE('',#1990,#1867,#159,.T.);
#1615=EDGE_CURVE('',#2096,#1991,#2445,.T.);
#1616=EDGE_CURVE('',#2097,#1873,#2446,.T.);
#1617=EDGE_CURVE('',#1868,#1871,#160,.F.);
#1618=EDGE_CURVE('',#1870,#2098,#2447,.T.);
#1619=EDGE_CURVE('',#2098,#2099,#2448,.T.);
#1620=EDGE_CURVE('',#1993,#2099,#2449,.T.);
#1621=EDGE_CURVE('',#1992,#1869,#161,.F.);
#1622=EDGE_CURVE('',#2099,#2100,#2450,.T.);
#1623=EDGE_CURVE('',#2098,#2101,#2451,.T.);
#1624=EDGE_CURVE('',#2101,#2100,#2452,.T.);
#1625=EDGE_CURVE('',#1876,#1994,#96,.F.);
#1626=EDGE_CURVE('',#1995,#2102,#97,.F.);
#1627=EDGE_CURVE('',#2102,#2103,#2453,.T.);
#1628=EDGE_CURVE('',#2100,#2103,#2454,.T.);
#1629=EDGE_CURVE('',#2101,#1877,#2455,.T.);
#1630=EDGE_CURVE('',#2102,#1996,#162,.F.);
#1631=EDGE_CURVE('',#2103,#1997,#2456,.T.);
#1632=EDGE_CURVE('',#1880,#1875,#98,.F.);
#1633=EDGE_CURVE('',#1874,#1881,#2457,.T.);
#1634=EDGE_CURVE('',#1998,#2000,#99,.F.);
#1635=EDGE_CURVE('',#1999,#2001,#2458,.T.);
#1636=EDGE_CURVE('',#2104,#2105,#2459,.T.);
#1637=EDGE_CURVE('',#2105,#1879,#163,.F.);
#1638=EDGE_CURVE('',#1878,#2104,#2460,.T.);
#1639=EDGE_CURVE('',#1906,#2105,#100,.F.);
#1640=EDGE_CURVE('',#2104,#2106,#2461,.T.);
#1641=EDGE_CURVE('',#2106,#2107,#2462,.T.);
#1642=EDGE_CURVE('',#2003,#2107,#2463,.T.);
#1643=EDGE_CURVE('',#2002,#1907,#101,.F.);
#1644=EDGE_CURVE('',#2107,#2108,#2464,.T.);
#1645=EDGE_CURVE('',#2106,#2109,#2465,.T.);
#1646=EDGE_CURVE('',#2109,#2108,#2466,.T.);
#1647=EDGE_CURVE('',#1884,#1886,#164,.F.);
#1648=EDGE_CURVE('',#1887,#2004,#165,.F.);
#1649=EDGE_CURVE('',#2108,#2005,#2467,.T.);
#1650=EDGE_CURVE('',#2109,#1885,#2468,.T.);
#1651=EDGE_CURVE('',#1888,#1883,#166,.F.);
#1652=EDGE_CURVE('',#1882,#1915,#2469,.T.);
#1653=EDGE_CURVE('',#1908,#1914,#167,.T.);
#1654=EDGE_CURVE('',#2010,#1909,#168,.T.);
#1655=EDGE_CURVE('',#2007,#2011,#2470,.T.);
#1656=EDGE_CURVE('',#1889,#2006,#169,.T.);
#1657=EDGE_CURVE('',#1910,#1913,#170,.F.);
#1658=EDGE_CURVE('',#1912,#2110,#2471,.T.);
#1659=EDGE_CURVE('',#2110,#2111,#2472,.T.);
#1660=EDGE_CURVE('',#2013,#2111,#2473,.T.);
#1661=EDGE_CURVE('',#2012,#1911,#171,.F.);
#1662=EDGE_CURVE('',#2111,#2112,#2474,.T.);
#1663=EDGE_CURVE('',#2110,#2113,#2475,.T.);
#1664=EDGE_CURVE('',#2113,#2112,#2476,.T.);
#1665=EDGE_CURVE('',#1918,#2014,#102,.F.);
#1666=EDGE_CURVE('',#2015,#2114,#103,.F.);
#1667=EDGE_CURVE('',#2114,#2115,#2477,.T.);
#1668=EDGE_CURVE('',#2112,#2115,#2478,.T.);
#1669=EDGE_CURVE('',#2113,#1919,#2479,.T.);
#1670=EDGE_CURVE('',#2114,#2016,#172,.F.);
#1671=EDGE_CURVE('',#2115,#2017,#2480,.T.);
#1672=EDGE_CURVE('',#1922,#1917,#104,.F.);
#1673=EDGE_CURVE('',#1916,#1923,#2481,.T.);
#1674=EDGE_CURVE('',#2018,#2020,#105,.F.);
#1675=EDGE_CURVE('',#2019,#2021,#2482,.T.);
#1676=EDGE_CURVE('',#2116,#2117,#2483,.T.);
#1677=EDGE_CURVE('',#2117,#1921,#173,.F.);
#1678=EDGE_CURVE('',#1920,#2116,#2484,.T.);
#1679=EDGE_CURVE('',#1964,#2117,#106,.F.);
#1680=EDGE_CURVE('',#2116,#2118,#2485,.T.);
#1681=EDGE_CURVE('',#2118,#2119,#2486,.T.);
#1682=EDGE_CURVE('',#2023,#2119,#2487,.T.);
#1683=EDGE_CURVE('',#2022,#1965,#107,.F.);
#1684=EDGE_CURVE('',#2119,#2120,#2488,.T.);
#1685=EDGE_CURVE('',#2118,#2121,#2489,.T.);
#1686=EDGE_CURVE('',#2121,#2120,#2490,.T.);
#1687=EDGE_CURVE('',#1926,#1928,#174,.F.);
#1688=EDGE_CURVE('',#1929,#2024,#175,.F.);
#1689=EDGE_CURVE('',#2120,#2025,#2491,.T.);
#1690=EDGE_CURVE('',#2121,#1927,#2492,.T.);
#1691=EDGE_CURVE('',#1925,#1930,#176,.T.);
#1692=EDGE_CURVE('',#1924,#2122,#2493,.T.);
#1693=EDGE_CURVE('',#2122,#2123,#2494,.T.);
#1694=EDGE_CURVE('',#2027,#2123,#2495,.T.);
#1695=EDGE_CURVE('',#1931,#2026,#177,.T.);
#1696=EDGE_CURVE('',#2123,#2124,#178,.T.);
#1697=EDGE_CURVE('',#2122,#2125,#179,.T.);
#1698=EDGE_CURVE('',#2125,#2124,#2496,.T.);
#1699=EDGE_CURVE('',#2124,#2126,#2497,.T.);
#1700=EDGE_CURVE('',#2125,#2127,#2498,.T.);
#1701=EDGE_CURVE('',#2127,#2126,#2499,.T.);
#1702=EDGE_CURVE('',#2126,#2128,#2500,.T.);
#1703=EDGE_CURVE('',#2127,#2129,#2501,.T.);
#1704=EDGE_CURVE('',#2129,#2128,#2502,.T.);
#1705=EDGE_CURVE('',#2128,#2130,#2503,.T.);
#1706=EDGE_CURVE('',#2129,#2131,#2504,.T.);
#1707=EDGE_CURVE('',#2131,#2130,#2505,.T.);
#1708=EDGE_CURVE('',#2130,#2132,#2506,.T.);
#1709=EDGE_CURVE('',#2131,#2133,#2507,.T.);
#1710=EDGE_CURVE('',#2133,#2132,#2508,.T.);
#1711=EDGE_CURVE('',#2132,#2134,#2509,.T.);
#1712=EDGE_CURVE('',#2133,#2135,#2510,.T.);
#1713=EDGE_CURVE('',#2135,#2134,#2511,.T.);
#1714=EDGE_CURVE('',#2134,#2136,#2512,.T.);
#1715=EDGE_CURVE('',#2135,#2137,#2513,.T.);
#1716=EDGE_CURVE('',#2137,#2136,#2514,.T.);
#1717=EDGE_CURVE('',#2136,#2138,#2515,.T.);
#1718=EDGE_CURVE('',#2137,#2139,#2516,.T.);
#1719=EDGE_CURVE('',#2139,#2138,#2517,.T.);
#1720=EDGE_CURVE('',#2138,#2140,#2518,.T.);
#1721=EDGE_CURVE('',#2139,#2141,#2519,.T.);
#1722=EDGE_CURVE('',#2141,#2140,#2520,.T.);
#1723=EDGE_CURVE('',#2140,#2142,#2521,.T.);
#1724=EDGE_CURVE('',#2141,#2143,#2522,.T.);
#1725=EDGE_CURVE('',#2143,#2142,#2523,.T.);
#1726=EDGE_CURVE('',#2142,#2144,#2524,.T.);
#1727=EDGE_CURVE('',#2143,#2145,#2525,.T.);
#1728=EDGE_CURVE('',#2145,#2144,#2526,.T.);
#1729=EDGE_CURVE('',#2144,#2146,#2527,.T.);
#1730=EDGE_CURVE('',#2145,#2147,#2528,.T.);
#1731=EDGE_CURVE('',#2147,#2146,#2529,.T.);
#1732=EDGE_CURVE('',#2146,#2148,#2530,.T.);
#1733=EDGE_CURVE('',#2147,#2149,#2531,.T.);
#1734=EDGE_CURVE('',#2149,#2148,#2532,.T.);
#1735=EDGE_CURVE('',#2148,#2150,#2533,.T.);
#1736=EDGE_CURVE('',#2149,#2151,#2534,.T.);
#1737=EDGE_CURVE('',#2151,#2150,#2535,.T.);
#1738=EDGE_CURVE('',#2150,#2152,#2536,.T.);
#1739=EDGE_CURVE('',#2151,#2153,#2537,.T.);
#1740=EDGE_CURVE('',#2153,#2152,#2538,.T.);
#1741=EDGE_CURVE('',#2152,#2154,#180,.T.);
#1742=EDGE_CURVE('',#2153,#2155,#181,.T.);
#1743=EDGE_CURVE('',#2155,#2154,#2539,.T.);
#1744=EDGE_CURVE('',#1934,#1936,#182,.T.);
#1745=EDGE_CURVE('',#1937,#2028,#183,.T.);
#1746=EDGE_CURVE('',#2154,#2029,#2540,.T.);
#1747=EDGE_CURVE('',#2155,#1935,#2541,.T.);
#1748=EDGE_CURVE('',#1938,#1933,#184,.F.);
#1749=EDGE_CURVE('',#1932,#2156,#2542,.T.);
#1750=EDGE_CURVE('',#2156,#2157,#2543,.T.);
#1751=EDGE_CURVE('',#2031,#2157,#2544,.T.);
#1752=EDGE_CURVE('',#2030,#1939,#185,.F.);
#1753=EDGE_CURVE('',#2157,#2158,#2545,.T.);
#1754=EDGE_CURVE('',#2156,#2159,#2546,.T.);
#1755=EDGE_CURVE('',#2159,#2158,#2547,.T.);
#1756=EDGE_CURVE('',#1942,#2032,#108,.F.);
#1757=EDGE_CURVE('',#2033,#2160,#109,.F.);
#1758=EDGE_CURVE('',#2160,#2161,#2548,.T.);
#1759=EDGE_CURVE('',#2158,#2161,#2549,.T.);
#1760=EDGE_CURVE('',#2159,#1943,#2550,.T.);
#1761=EDGE_CURVE('',#2160,#2162,#186,.F.);
#1762=EDGE_CURVE('',#2162,#2163,#2551,.T.);
#1763=EDGE_CURVE('',#2161,#2163,#2552,.T.);
#1764=EDGE_CURVE('',#2162,#2036,#110,.F.);
#1765=EDGE_CURVE('',#2163,#2037,#2553,.T.);
#1766=EDGE_CURVE('',#2164,#2165,#2554,.T.);
#1767=EDGE_CURVE('',#2165,#1945,#111,.F.);
#1768=EDGE_CURVE('',#1944,#2164,#2555,.T.);
#1769=EDGE_CURVE('',#2166,#2167,#2556,.T.);
#1770=EDGE_CURVE('',#2167,#2165,#187,.F.);
#1771=EDGE_CURVE('',#2164,#2166,#2557,.T.);
#1772=EDGE_CURVE('',#1970,#2167,#112,.F.);
#1773=EDGE_CURVE('',#2166,#2168,#2558,.T.);
#1774=EDGE_CURVE('',#2168,#2169,#2559,.T.);
#1775=EDGE_CURVE('',#2041,#2169,#2560,.T.);
#1776=EDGE_CURVE('',#2040,#1971,#113,.F.);
#1777=EDGE_CURVE('',#2169,#2170,#2561,.T.);
#1778=EDGE_CURVE('',#2168,#2171,#2562,.T.);
#1779=EDGE_CURVE('',#2171,#2170,#2563,.T.);
#1780=EDGE_CURVE('',#1952,#1946,#188,.F.);
#1781=EDGE_CURVE('',#1947,#2042,#189,.F.);
#1782=EDGE_CURVE('',#2170,#2043,#2564,.T.);
#1783=EDGE_CURVE('',#2171,#1953,#2565,.T.);
#1784=EDGE_CURVE('',#2172,#2173,#190,.T.);
#1785=EDGE_CURVE('',#2174,#2173,#2566,.T.);
#1786=EDGE_CURVE('',#2175,#2174,#191,.T.);
#1787=EDGE_CURVE('',#2175,#2172,#2567,.T.);
#1788=EDGE_CURVE('',#2176,#2172,#2568,.T.);
#1789=EDGE_CURVE('',#2177,#2175,#2569,.T.);
#1790=EDGE_CURVE('',#2177,#2176,#2570,.T.);
#1791=EDGE_CURVE('',#2176,#2178,#192,.T.);
#1792=EDGE_CURVE('',#2177,#2179,#193,.T.);
#1793=EDGE_CURVE('',#2179,#2178,#2571,.T.);
#1794=EDGE_CURVE('',#2180,#2178,#2572,.T.);
#1795=EDGE_CURVE('',#2181,#2179,#2573,.T.);
#1796=EDGE_CURVE('',#2181,#2180,#2574,.T.);
#1797=EDGE_CURVE('',#2182,#2180,#2575,.T.);
#1798=EDGE_CURVE('',#2183,#2181,#2576,.T.);
#1799=EDGE_CURVE('',#2183,#2182,#2577,.T.);
#1800=EDGE_CURVE('',#2184,#2182,#2578,.T.);
#1801=EDGE_CURVE('',#2185,#2183,#2579,.T.);
#1802=EDGE_CURVE('',#2185,#2184,#2580,.T.);
#1803=EDGE_CURVE('',#2184,#2186,#194,.T.);
#1804=EDGE_CURVE('',#2185,#2187,#195,.T.);
#1805=EDGE_CURVE('',#2187,#2186,#2581,.T.);
#1806=EDGE_CURVE('',#2188,#2186,#2582,.T.);
#1807=EDGE_CURVE('',#2189,#2187,#2583,.T.);
#1808=EDGE_CURVE('',#2189,#2188,#2584,.T.);
#1809=EDGE_CURVE('',#2190,#2188,#196,.T.);
#1810=EDGE_CURVE('',#2191,#2189,#197,.T.);
#1811=EDGE_CURVE('',#2191,#2190,#2585,.T.);
#1812=EDGE_CURVE('',#2192,#2190,#2586,.T.);
#1813=EDGE_CURVE('',#2193,#2191,#2587,.T.);
#1814=EDGE_CURVE('',#2193,#2192,#2588,.T.);
#1815=EDGE_CURVE('',#2194,#2192,#198,.T.);
#1816=EDGE_CURVE('',#2195,#2193,#199,.T.);
#1817=EDGE_CURVE('',#2195,#2194,#2589,.T.);
#1818=EDGE_CURVE('',#2196,#2194,#2590,.T.);
#1819=EDGE_CURVE('',#2197,#2195,#2591,.T.);
#1820=EDGE_CURVE('',#2197,#2196,#2592,.T.);
#1821=EDGE_CURVE('',#2196,#2198,#200,.T.);
#1822=EDGE_CURVE('',#2197,#2199,#201,.T.);
#1823=EDGE_CURVE('',#2199,#2198,#2593,.T.);
#1824=EDGE_CURVE('',#2200,#2198,#2594,.T.);
#1825=EDGE_CURVE('',#2201,#2199,#2595,.T.);
#1826=EDGE_CURVE('',#2201,#2200,#2596,.T.);
#1827=EDGE_CURVE('',#2202,#2200,#2597,.T.);
#1828=EDGE_CURVE('',#2203,#2201,#2598,.T.);
#1829=EDGE_CURVE('',#2203,#2202,#2599,.T.);
#1830=EDGE_CURVE('',#2204,#2202,#2600,.T.);
#1831=EDGE_CURVE('',#2205,#2203,#2601,.T.);
#1832=EDGE_CURVE('',#2205,#2204,#2602,.T.);
#1833=EDGE_CURVE('',#2204,#2206,#202,.T.);
#1834=EDGE_CURVE('',#2205,#2207,#203,.T.);
#1835=EDGE_CURVE('',#2207,#2206,#2603,.T.);
#1836=EDGE_CURVE('',#2208,#2206,#2604,.T.);
#1837=EDGE_CURVE('',#2209,#2207,#2605,.T.);
#1838=EDGE_CURVE('',#2209,#2208,#2606,.T.);
#1839=EDGE_CURVE('',#2210,#2208,#204,.T.);
#1840=EDGE_CURVE('',#2211,#2209,#205,.T.);
#1841=EDGE_CURVE('',#2211,#2210,#2607,.T.);
#1842=EDGE_CURVE('',#2173,#2210,#2608,.T.);
#1843=EDGE_CURVE('',#2174,#2211,#2609,.T.);
#1844=VERTEX_POINT('',#5128);
#1845=VERTEX_POINT('',#5129);
#1846=VERTEX_POINT('',#5131);
#1847=VERTEX_POINT('',#5133);
#1848=VERTEX_POINT('',#5137);
#1849=VERTEX_POINT('',#5138);
#1850=VERTEX_POINT('',#5140);
#1851=VERTEX_POINT('',#5142);
#1852=VERTEX_POINT('',#5146);
#1853=VERTEX_POINT('',#5147);
#1854=VERTEX_POINT('',#5149);
#1855=VERTEX_POINT('',#5151);
#1856=VERTEX_POINT('',#5155);
#1857=VERTEX_POINT('',#5156);
#1858=VERTEX_POINT('',#5161);
#1859=VERTEX_POINT('',#5162);
#1860=VERTEX_POINT('',#5164);
#1861=VERTEX_POINT('',#5166);
#1862=VERTEX_POINT('',#5170);
#1863=VERTEX_POINT('',#5171);
#1864=VERTEX_POINT('',#5173);
#1865=VERTEX_POINT('',#5175);
#1866=VERTEX_POINT('',#5179);
#1867=VERTEX_POINT('',#5180);
#1868=VERTEX_POINT('',#5182);
#1869=VERTEX_POINT('',#5184);
#1870=VERTEX_POINT('',#5188);
#1871=VERTEX_POINT('',#5189);
#1872=VERTEX_POINT('',#5191);
#1873=VERTEX_POINT('',#5193);
#1874=VERTEX_POINT('',#5197);
#1875=VERTEX_POINT('',#5198);
#1876=VERTEX_POINT('',#5200);
#1877=VERTEX_POINT('',#5202);
#1878=VERTEX_POINT('',#5206);
#1879=VERTEX_POINT('',#5207);
#1880=VERTEX_POINT('',#5209);
#1881=VERTEX_POINT('',#5211);
#1882=VERTEX_POINT('',#5215);
#1883=VERTEX_POINT('',#5216);
#1884=VERTEX_POINT('',#5218);
#1885=VERTEX_POINT('',#5220);
#1886=VERTEX_POINT('',#5224);
#1887=VERTEX_POINT('',#5225);
#1888=VERTEX_POINT('',#5227);
#1889=VERTEX_POINT('',#5229);
#1890=VERTEX_POINT('',#5251);
#1891=VERTEX_POINT('',#5271);
#1892=VERTEX_POINT('',#5274);
#1893=VERTEX_POINT('',#5294);
#1894=VERTEX_POINT('',#5297);
#1895=VERTEX_POINT('',#5298);
#1896=VERTEX_POINT('',#5300);
#1897=VERTEX_POINT('',#5302);
#1898=VERTEX_POINT('',#5306);
#1899=VERTEX_POINT('',#5308);
#1900=VERTEX_POINT('',#5312);
#1901=VERTEX_POINT('',#5313);
#1902=VERTEX_POINT('',#5315);
#1903=VERTEX_POINT('',#5317);
#1904=VERTEX_POINT('',#5321);
#1905=VERTEX_POINT('',#5322);
#1906=VERTEX_POINT('',#5324);
#1907=VERTEX_POINT('',#5326);
#1908=VERTEX_POINT('',#5330);
#1909=VERTEX_POINT('',#5331);
#1910=VERTEX_POINT('',#5333);
#1911=VERTEX_POINT('',#5335);
#1912=VERTEX_POINT('',#5339);
#1913=VERTEX_POINT('',#5340);
#1914=VERTEX_POINT('',#5342);
#1915=VERTEX_POINT('',#5344);
#1916=VERTEX_POINT('',#5348);
#1917=VERTEX_POINT('',#5349);
#1918=VERTEX_POINT('',#5351);
#1919=VERTEX_POINT('',#5353);
#1920=VERTEX_POINT('',#5357);
#1921=VERTEX_POINT('',#5358);
#1922=VERTEX_POINT('',#5360);
#1923=VERTEX_POINT('',#5362);
#1924=VERTEX_POINT('',#5366);
#1925=VERTEX_POINT('',#5367);
#1926=VERTEX_POINT('',#5369);
#1927=VERTEX_POINT('',#5371);
#1928=VERTEX_POINT('',#5375);
#1929=VERTEX_POINT('',#5376);
#1930=VERTEX_POINT('',#5378);
#1931=VERTEX_POINT('',#5380);
#1932=VERTEX_POINT('',#5384);
#1933=VERTEX_POINT('',#5385);
#1934=VERTEX_POINT('',#5387);
#1935=VERTEX_POINT('',#5389);
#1936=VERTEX_POINT('',#5393);
#1937=VERTEX_POINT('',#5394);
#1938=VERTEX_POINT('',#5396);
#1939=VERTEX_POINT('',#5398);
#1940=VERTEX_POINT('',#5402);
#1941=VERTEX_POINT('',#5403);
#1942=VERTEX_POINT('',#5405);
#1943=VERTEX_POINT('',#5407);
#1944=VERTEX_POINT('',#5411);
#1945=VERTEX_POINT('',#5412);
#1946=VERTEX_POINT('',#5417);
#1947=VERTEX_POINT('',#5418);
#1948=VERTEX_POINT('',#5420);
#1949=VERTEX_POINT('',#5422);
#1950=VERTEX_POINT('',#5426);
#1951=VERTEX_POINT('',#5427);
#1952=VERTEX_POINT('',#5429);
#1953=VERTEX_POINT('',#5431);
#1954=VERTEX_POINT('',#5453);
#1955=VERTEX_POINT('',#5473);
#1956=VERTEX_POINT('',#5476);
#1957=VERTEX_POINT('',#5496);
#1958=VERTEX_POINT('',#5499);
#1959=VERTEX_POINT('',#5500);
#1960=VERTEX_POINT('',#5502);
#1961=VERTEX_POINT('',#5504);
#1962=VERTEX_POINT('',#5508);
#1963=VERTEX_POINT('',#5509);
#1964=VERTEX_POINT('',#5511);
#1965=VERTEX_POINT('',#5513);
#1966=VERTEX_POINT('',#5517);
#1967=VERTEX_POINT('',#5518);
#1968=VERTEX_POINT('',#5520);
#1969=VERTEX_POINT('',#5522);
#1970=VERTEX_POINT('',#5526);
#1971=VERTEX_POINT('',#5528);
#1972=VERTEX_POINT('',#5532);
#1973=VERTEX_POINT('',#5533);
#1974=VERTEX_POINT('',#5535);
#1975=VERTEX_POINT('',#5537);
#1976=VERTEX_POINT('',#5541);
#1977=VERTEX_POINT('',#5542);
#1978=VERTEX_POINT('',#5544);
#1979=VERTEX_POINT('',#5546);
#1980=VERTEX_POINT('',#5553);
#1981=VERTEX_POINT('',#5554);
#1982=VERTEX_POINT('',#5556);
#1983=VERTEX_POINT('',#5558);
#1984=VERTEX_POINT('',#5562);
#1985=VERTEX_POINT('',#5564);
#1986=VERTEX_POINT('',#5568);
#1987=VERTEX_POINT('',#5569);
#1988=VERTEX_POINT('',#5571);
#1989=VERTEX_POINT('',#5573);
#1990=VERTEX_POINT('',#5577);
#1991=VERTEX_POINT('',#5578);
#1992=VERTEX_POINT('',#5580);
#1993=VERTEX_POINT('',#5582);
#1994=VERTEX_POINT('',#5586);
#1995=VERTEX_POINT('',#5587);
#1996=VERTEX_POINT('',#5592);
#1997=VERTEX_POINT('',#5593);
#1998=VERTEX_POINT('',#5595);
#1999=VERTEX_POINT('',#5597);
#2000=VERTEX_POINT('',#5604);
#2001=VERTEX_POINT('',#5605);
#2002=VERTEX_POINT('',#5607);
#2003=VERTEX_POINT('',#5609);
#2004=VERTEX_POINT('',#5613);
#2005=VERTEX_POINT('',#5614);
#2006=VERTEX_POINT('',#5616);
#2007=VERTEX_POINT('',#5618);
#2008=VERTEX_POINT('',#5640);
#2009=VERTEX_POINT('',#5642);
#2010=VERTEX_POINT('',#5645);
#2011=VERTEX_POINT('',#5646);
#2012=VERTEX_POINT('',#5648);
#2013=VERTEX_POINT('',#5650);
#2014=VERTEX_POINT('',#5654);
#2015=VERTEX_POINT('',#5655);
#2016=VERTEX_POINT('',#5660);
#2017=VERTEX_POINT('',#5661);
#2018=VERTEX_POINT('',#5663);
#2019=VERTEX_POINT('',#5665);
#2020=VERTEX_POINT('',#5672);
#2021=VERTEX_POINT('',#5673);
#2022=VERTEX_POINT('',#5675);
#2023=VERTEX_POINT('',#5677);
#2024=VERTEX_POINT('',#5681);
#2025=VERTEX_POINT('',#5682);
#2026=VERTEX_POINT('',#5684);
#2027=VERTEX_POINT('',#5686);
#2028=VERTEX_POINT('',#5690);
#2029=VERTEX_POINT('',#5691);
#2030=VERTEX_POINT('',#5693);
#2031=VERTEX_POINT('',#5695);
#2032=VERTEX_POINT('',#5699);
#2033=VERTEX_POINT('',#5700);
#2034=VERTEX_POINT('',#5702);
#2035=VERTEX_POINT('',#5704);
#2036=VERTEX_POINT('',#5711);
#2037=VERTEX_POINT('',#5712);
#2038=VERTEX_POINT('',#5714);
#2039=VERTEX_POINT('',#5716);
#2040=VERTEX_POINT('',#5720);
#2041=VERTEX_POINT('',#5722);
#2042=VERTEX_POINT('',#5726);
#2043=VERTEX_POINT('',#5727);
#2044=VERTEX_POINT('',#5729);
#2045=VERTEX_POINT('',#5731);
#2046=VERTEX_POINT('',#5753);
#2047=VERTEX_POINT('',#5755);
#2048=VERTEX_POINT('',#5766);
#2049=VERTEX_POINT('',#5768);
#2050=VERTEX_POINT('',#5773);
#2051=VERTEX_POINT('',#5775);
#2052=VERTEX_POINT('',#5780);
#2053=VERTEX_POINT('',#5782);
#2054=VERTEX_POINT('',#5787);
#2055=VERTEX_POINT('',#5789);
#2056=VERTEX_POINT('',#5796);
#2057=VERTEX_POINT('',#5797);
#2058=VERTEX_POINT('',#5802);
#2059=VERTEX_POINT('',#5803);
#2060=VERTEX_POINT('',#5809);
#2061=VERTEX_POINT('',#5811);
#2062=VERTEX_POINT('',#5816);
#2063=VERTEX_POINT('',#5818);
#2064=VERTEX_POINT('',#5828);
#2065=VERTEX_POINT('',#5830);
#2066=VERTEX_POINT('',#5835);
#2067=VERTEX_POINT('',#5837);
#2068=VERTEX_POINT('',#5841);
#2069=VERTEX_POINT('',#5843);
#2070=VERTEX_POINT('',#5847);
#2071=VERTEX_POINT('',#5849);
#2072=VERTEX_POINT('',#5853);
#2073=VERTEX_POINT('',#5855);
#2074=VERTEX_POINT('',#5859);
#2075=VERTEX_POINT('',#5861);
#2076=VERTEX_POINT('',#5865);
#2077=VERTEX_POINT('',#5867);
#2078=VERTEX_POINT('',#5871);
#2079=VERTEX_POINT('',#5873);
#2080=VERTEX_POINT('',#5877);
#2081=VERTEX_POINT('',#5879);
#2082=VERTEX_POINT('',#5883);
#2083=VERTEX_POINT('',#5885);
#2084=VERTEX_POINT('',#5889);
#2085=VERTEX_POINT('',#5891);
#2086=VERTEX_POINT('',#5895);
#2087=VERTEX_POINT('',#5897);
#2088=VERTEX_POINT('',#5901);
#2089=VERTEX_POINT('',#5903);
#2090=VERTEX_POINT('',#5907);
#2091=VERTEX_POINT('',#5909);
#2092=VERTEX_POINT('',#5913);
#2093=VERTEX_POINT('',#5915);
#2094=VERTEX_POINT('',#5919);
#2095=VERTEX_POINT('',#5921);
#2096=VERTEX_POINT('',#5925);
#2097=VERTEX_POINT('',#5927);
#2098=VERTEX_POINT('',#5937);
#2099=VERTEX_POINT('',#5939);
#2100=VERTEX_POINT('',#5944);
#2101=VERTEX_POINT('',#5946);
#2102=VERTEX_POINT('',#5951);
#2103=VERTEX_POINT('',#5953);
#2104=VERTEX_POINT('',#5967);
#2105=VERTEX_POINT('',#5968);
#2106=VERTEX_POINT('',#5974);
#2107=VERTEX_POINT('',#5976);
#2108=VERTEX_POINT('',#5981);
#2109=VERTEX_POINT('',#5983);
#2110=VERTEX_POINT('',#6000);
#2111=VERTEX_POINT('',#6002);
#2112=VERTEX_POINT('',#6007);
#2113=VERTEX_POINT('',#6009);
#2114=VERTEX_POINT('',#6014);
#2115=VERTEX_POINT('',#6016);
#2116=VERTEX_POINT('',#6030);
#2117=VERTEX_POINT('',#6031);
#2118=VERTEX_POINT('',#6037);
#2119=VERTEX_POINT('',#6039);
#2120=VERTEX_POINT('',#6044);
#2121=VERTEX_POINT('',#6046);
#2122=VERTEX_POINT('',#6056);
#2123=VERTEX_POINT('',#6058);
#2124=VERTEX_POINT('',#6063);
#2125=VERTEX_POINT('',#6065);
#2126=VERTEX_POINT('',#6069);
#2127=VERTEX_POINT('',#6071);
#2128=VERTEX_POINT('',#6075);
#2129=VERTEX_POINT('',#6077);
#2130=VERTEX_POINT('',#6081);
#2131=VERTEX_POINT('',#6083);
#2132=VERTEX_POINT('',#6087);
#2133=VERTEX_POINT('',#6089);
#2134=VERTEX_POINT('',#6093);
#2135=VERTEX_POINT('',#6095);
#2136=VERTEX_POINT('',#6099);
#2137=VERTEX_POINT('',#6101);
#2138=VERTEX_POINT('',#6105);
#2139=VERTEX_POINT('',#6107);
#2140=VERTEX_POINT('',#6111);
#2141=VERTEX_POINT('',#6113);
#2142=VERTEX_POINT('',#6117);
#2143=VERTEX_POINT('',#6119);
#2144=VERTEX_POINT('',#6123);
#2145=VERTEX_POINT('',#6125);
#2146=VERTEX_POINT('',#6129);
#2147=VERTEX_POINT('',#6131);
#2148=VERTEX_POINT('',#6135);
#2149=VERTEX_POINT('',#6137);
#2150=VERTEX_POINT('',#6141);
#2151=VERTEX_POINT('',#6143);
#2152=VERTEX_POINT('',#6147);
#2153=VERTEX_POINT('',#6149);
#2154=VERTEX_POINT('',#6153);
#2155=VERTEX_POINT('',#6155);
#2156=VERTEX_POINT('',#6165);
#2157=VERTEX_POINT('',#6167);
#2158=VERTEX_POINT('',#6172);
#2159=VERTEX_POINT('',#6174);
#2160=VERTEX_POINT('',#6179);
#2161=VERTEX_POINT('',#6181);
#2162=VERTEX_POINT('',#6186);
#2163=VERTEX_POINT('',#6188);
#2164=VERTEX_POINT('',#6195);
#2165=VERTEX_POINT('',#6196);
#2166=VERTEX_POINT('',#6201);
#2167=VERTEX_POINT('',#6202);
#2168=VERTEX_POINT('',#6208);
#2169=VERTEX_POINT('',#6210);
#2170=VERTEX_POINT('',#6215);
#2171=VERTEX_POINT('',#6217);
#2172=VERTEX_POINT('',#6226);
#2173=VERTEX_POINT('',#6227);
#2174=VERTEX_POINT('',#6229);
#2175=VERTEX_POINT('',#6231);
#2176=VERTEX_POINT('',#6235);
#2177=VERTEX_POINT('',#6237);
#2178=VERTEX_POINT('',#6241);
#2179=VERTEX_POINT('',#6243);
#2180=VERTEX_POINT('',#6247);
#2181=VERTEX_POINT('',#6249);
#2182=VERTEX_POINT('',#6253);
#2183=VERTEX_POINT('',#6255);
#2184=VERTEX_POINT('',#6259);
#2185=VERTEX_POINT('',#6261);
#2186=VERTEX_POINT('',#6265);
#2187=VERTEX_POINT('',#6267);
#2188=VERTEX_POINT('',#6271);
#2189=VERTEX_POINT('',#6273);
#2190=VERTEX_POINT('',#6277);
#2191=VERTEX_POINT('',#6279);
#2192=VERTEX_POINT('',#6283);
#2193=VERTEX_POINT('',#6285);
#2194=VERTEX_POINT('',#6289);
#2195=VERTEX_POINT('',#6291);
#2196=VERTEX_POINT('',#6295);
#2197=VERTEX_POINT('',#6297);
#2198=VERTEX_POINT('',#6301);
#2199=VERTEX_POINT('',#6303);
#2200=VERTEX_POINT('',#6307);
#2201=VERTEX_POINT('',#6309);
#2202=VERTEX_POINT('',#6313);
#2203=VERTEX_POINT('',#6315);
#2204=VERTEX_POINT('',#6319);
#2205=VERTEX_POINT('',#6321);
#2206=VERTEX_POINT('',#6325);
#2207=VERTEX_POINT('',#6327);
#2208=VERTEX_POINT('',#6331);
#2209=VERTEX_POINT('',#6333);
#2210=VERTEX_POINT('',#6337);
#2211=VERTEX_POINT('',#6339);
#2212=LINE('',#5127,#2610);
#2213=LINE('',#5130,#2611);
#2214=LINE('',#5132,#2612);
#2215=LINE('',#5134,#2613);
#2216=LINE('',#5136,#2614);
#2217=LINE('',#5139,#2615);
#2218=LINE('',#5141,#2616);
#2219=LINE('',#5143,#2617);
#2220=LINE('',#5145,#2618);
#2221=LINE('',#5150,#2619);
#2222=LINE('',#5152,#2620);
#2223=LINE('',#5154,#2621);
#2224=LINE('',#5158,#2622);
#2225=LINE('',#5160,#2623);
#2226=LINE('',#5163,#2624);
#2227=LINE('',#5165,#2625);
#2228=LINE('',#5167,#2626);
#2229=LINE('',#5169,#2627);
#2230=LINE('',#5172,#2628);
#2231=LINE('',#5174,#2629);
#2232=LINE('',#5176,#2630);
#2233=LINE('',#5178,#2631);
#2234=LINE('',#5181,#2632);
#2235=LINE('',#5183,#2633);
#2236=LINE('',#5185,#2634);
#2237=LINE('',#5187,#2635);
#2238=LINE('',#5190,#2636);
#2239=LINE('',#5192,#2637);
#2240=LINE('',#5194,#2638);
#2241=LINE('',#5196,#2639);
#2242=LINE('',#5201,#2640);
#2243=LINE('',#5203,#2641);
#2244=LINE('',#5205,#2642);
#2245=LINE('',#5210,#2643);
#2246=LINE('',#5212,#2644);
#2247=LINE('',#5214,#2645);
#2248=LINE('',#5217,#2646);
#2249=LINE('',#5219,#2647);
#2250=LINE('',#5221,#2648);
#2251=LINE('',#5223,#2649);
#2252=LINE('',#5226,#2650);
#2253=LINE('',#5228,#2651);
#2254=LINE('',#5230,#2652);
#2255=LINE('',#5296,#2653);
#2256=LINE('',#5301,#2654);
#2257=LINE('',#5307,#2655);
#2258=LINE('',#5311,#2656);
#2259=LINE('',#5316,#2657);
#2260=LINE('',#5320,#2658);
#2261=LINE('',#5325,#2659);
#2262=LINE('',#5329,#2660);
#2263=LINE('',#5332,#2661);
#2264=LINE('',#5334,#2662);
#2265=LINE('',#5336,#2663);
#2266=LINE('',#5338,#2664);
#2267=LINE('',#5341,#2665);
#2268=LINE('',#5343,#2666);
#2269=LINE('',#5345,#2667);
#2270=LINE('',#5347,#2668);
#2271=LINE('',#5352,#2669);
#2272=LINE('',#5354,#2670);
#2273=LINE('',#5356,#2671);
#2274=LINE('',#5361,#2672);
#2275=LINE('',#5363,#2673);
#2276=LINE('',#5365,#2674);
#2277=LINE('',#5368,#2675);
#2278=LINE('',#5370,#2676);
#2279=LINE('',#5372,#2677);
#2280=LINE('',#5374,#2678);
#2281=LINE('',#5377,#2679);
#2282=LINE('',#5379,#2680);
#2283=LINE('',#5381,#2681);
#2284=LINE('',#5383,#2682);
#2285=LINE('',#5386,#2683);
#2286=LINE('',#5388,#2684);
#2287=LINE('',#5390,#2685);
#2288=LINE('',#5392,#2686);
#2289=LINE('',#5395,#2687);
#2290=LINE('',#5397,#2688);
#2291=LINE('',#5399,#2689);
#2292=LINE('',#5401,#2690);
#2293=LINE('',#5406,#2691);
#2294=LINE('',#5408,#2692);
#2295=LINE('',#5410,#2693);
#2296=LINE('',#5414,#2694);
#2297=LINE('',#5416,#2695);
#2298=LINE('',#5419,#2696);
#2299=LINE('',#5421,#2697);
#2300=LINE('',#5423,#2698);
#2301=LINE('',#5425,#2699);
#2302=LINE('',#5428,#2700);
#2303=LINE('',#5430,#2701);
#2304=LINE('',#5432,#2702);
#2305=LINE('',#5498,#2703);
#2306=LINE('',#5503,#2704);
#2307=LINE('',#5507,#2705);
#2308=LINE('',#5512,#2706);
#2309=LINE('',#5516,#2707);
#2310=LINE('',#5521,#2708);
#2311=LINE('',#5527,#2709);
#2312=LINE('',#5531,#2710);
#2313=LINE('',#5534,#2711);
#2314=LINE('',#5536,#2712);
#2315=LINE('',#5538,#2713);
#2316=LINE('',#5540,#2714);
#2317=LINE('',#5545,#2715);
#2318=LINE('',#5552,#2716);
#2319=LINE('',#5557,#2717);
#2320=LINE('',#5559,#2718);
#2321=LINE('',#5563,#2719);
#2322=LINE('',#5565,#2720);
#2323=LINE('',#5567,#2721);
#2324=LINE('',#5570,#2722);
#2325=LINE('',#5572,#2723);
#2326=LINE('',#5574,#2724);
#2327=LINE('',#5576,#2725);
#2328=LINE('',#5579,#2726);
#2329=LINE('',#5581,#2727);
#2330=LINE('',#5583,#2728);
#2331=LINE('',#5585,#2729);
#2332=LINE('',#5591,#2730);
#2333=LINE('',#5596,#2731);
#2334=LINE('',#5598,#2732);
#2335=LINE('',#5603,#2733);
#2336=LINE('',#5608,#2734);
#2337=LINE('',#5610,#2735);
#2338=LINE('',#5612,#2736);
#2339=LINE('',#5615,#2737);
#2340=LINE('',#5617,#2738);
#2341=LINE('',#5619,#2739);
#2342=LINE('',#5644,#2740);
#2343=LINE('',#5647,#2741);
#2344=LINE('',#5649,#2742);
#2345=LINE('',#5651,#2743);
#2346=LINE('',#5653,#2744);
#2347=LINE('',#5659,#2745);
#2348=LINE('',#5664,#2746);
#2349=LINE('',#5666,#2747);
#2350=LINE('',#5671,#2748);
#2351=LINE('',#5676,#2749);
#2352=LINE('',#5678,#2750);
#2353=LINE('',#5680,#2751);
#2354=LINE('',#5683,#2752);
#2355=LINE('',#5685,#2753);
#2356=LINE('',#5687,#2754);
#2357=LINE('',#5689,#2755);
#2358=LINE('',#5692,#2756);
#2359=LINE('',#5694,#2757);
#2360=LINE('',#5696,#2758);
#2361=LINE('',#5698,#2759);
#2362=LINE('',#5703,#2760);
#2363=LINE('',#5710,#2761);
#2364=LINE('',#5715,#2762);
#2365=LINE('',#5717,#2763);
#2366=LINE('',#5721,#2764);
#2367=LINE('',#5723,#2765);
#2368=LINE('',#5725,#2766);
#2369=LINE('',#5728,#2767);
#2370=LINE('',#5730,#2768);
#2371=LINE('',#5732,#2769);
#2372=LINE('',#5759,#2770);
#2373=LINE('',#5762,#2771);
#2374=LINE('',#5765,#2772);
#2375=LINE('',#5767,#2773);
#2376=LINE('',#5769,#2774);
#2377=LINE('',#5772,#2775);
#2378=LINE('',#5774,#2776);
#2379=LINE('',#5776,#2777);
#2380=LINE('',#5781,#2778);
#2381=LINE('',#5783,#2779);
#2382=LINE('',#5784,#2780);
#2383=LINE('',#5788,#2781);
#2384=LINE('',#5790,#2782);
#2385=LINE('',#5793,#2783);
#2386=LINE('',#5795,#2784);
#2387=LINE('',#5799,#2785);
#2388=LINE('',#5801,#2786);
#2389=LINE('',#5805,#2787);
#2390=LINE('',#5808,#2788);
#2391=LINE('',#5810,#2789);
#2392=LINE('',#5812,#2790);
#2393=LINE('',#5815,#2791);
#2394=LINE('',#5817,#2792);
#2395=LINE('',#5819,#2793);
#2396=LINE('',#5823,#2794);
#2397=LINE('',#5824,#2795);
#2398=LINE('',#5827,#2796);
#2399=LINE('',#5829,#2797);
#2400=LINE('',#5831,#2798);
#2401=LINE('',#5838,#2799);
#2402=LINE('',#5840,#2800);
#2403=LINE('',#5842,#2801);
#2404=LINE('',#5844,#2802);
#2405=LINE('',#5846,#2803);
#2406=LINE('',#5848,#2804);
#2407=LINE('',#5850,#2805);
#2408=LINE('',#5852,#2806);
#2409=LINE('',#5854,#2807);
#2410=LINE('',#5856,#2808);
#2411=LINE('',#5858,#2809);
#2412=LINE('',#5860,#2810);
#2413=LINE('',#5862,#2811);
#2414=LINE('',#5864,#2812);
#2415=LINE('',#5866,#2813);
#2416=LINE('',#5868,#2814);
#2417=LINE('',#5870,#2815);
#2418=LINE('',#5872,#2816);
#2419=LINE('',#5874,#2817);
#2420=LINE('',#5876,#2818);
#2421=LINE('',#5878,#2819);
#2422=LINE('',#5880,#2820);
#2423=LINE('',#5882,#2821);
#2424=LINE('',#5884,#2822);
#2425=LINE('',#5886,#2823);
#2426=LINE('',#5888,#2824);
#2427=LINE('',#5890,#2825);
#2428=LINE('',#5892,#2826);
#2429=LINE('',#5894,#2827);
#2430=LINE('',#5896,#2828);
#2431=LINE('',#5898,#2829);
#2432=LINE('',#5900,#2830);
#2433=LINE('',#5902,#2831);
#2434=LINE('',#5904,#2832);
#2435=LINE('',#5906,#2833);
#2436=LINE('',#5908,#2834);
#2437=LINE('',#5910,#2835);
#2438=LINE('',#5912,#2836);
#2439=LINE('',#5914,#2837);
#2440=LINE('',#5916,#2838);
#2441=LINE('',#5918,#2839);
#2442=LINE('',#5920,#2840);
#2443=LINE('',#5922,#2841);
#2444=LINE('',#5928,#2842);
#2445=LINE('',#5932,#2843);
#2446=LINE('',#5933,#2844);
#2447=LINE('',#5936,#2845);
#2448=LINE('',#5938,#2846);
#2449=LINE('',#5940,#2847);
#2450=LINE('',#5943,#2848);
#2451=LINE('',#5945,#2849);
#2452=LINE('',#5947,#2850);
#2453=LINE('',#5952,#2851);
#2454=LINE('',#5954,#2852);
#2455=LINE('',#5955,#2853);
#2456=LINE('',#5958,#2854);
#2457=LINE('',#5961,#2855);
#2458=LINE('',#5964,#2856);
#2459=LINE('',#5966,#2857);
#2460=LINE('',#5970,#2858);
#2461=LINE('',#5973,#2859);
#2462=LINE('',#5975,#2860);
#2463=LINE('',#5977,#2861);
#2464=LINE('',#5980,#2862);
#2465=LINE('',#5982,#2863);
#2466=LINE('',#5984,#2864);
#2467=LINE('',#5988,#2865);
#2468=LINE('',#5989,#2866);
#2469=LINE('',#5992,#2867);
#2470=LINE('',#5995,#2868);
#2471=LINE('',#5999,#2869);
#2472=LINE('',#6001,#2870);
#2473=LINE('',#6003,#2871);
#2474=LINE('',#6006,#2872);
#2475=LINE('',#6008,#2873);
#2476=LINE('',#6010,#2874);
#2477=LINE('',#6015,#2875);
#2478=LINE('',#6017,#2876);
#2479=LINE('',#6018,#2877);
#2480=LINE('',#6021,#2878);
#2481=LINE('',#6024,#2879);
#2482=LINE('',#6027,#2880);
#2483=LINE('',#6029,#2881);
#2484=LINE('',#6033,#2882);
#2485=LINE('',#6036,#2883);
#2486=LINE('',#6038,#2884);
#2487=LINE('',#6040,#2885);
#2488=LINE('',#6043,#2886);
#2489=LINE('',#6045,#2887);
#2490=LINE('',#6047,#2888);
#2491=LINE('',#6051,#2889);
#2492=LINE('',#6052,#2890);
#2493=LINE('',#6055,#2891);
#2494=LINE('',#6057,#2892);
#2495=LINE('',#6059,#2893);
#2496=LINE('',#6066,#2894);
#2497=LINE('',#6068,#2895);
#2498=LINE('',#6070,#2896);
#2499=LINE('',#6072,#2897);
#2500=LINE('',#6074,#2898);
#2501=LINE('',#6076,#2899);
#2502=LINE('',#6078,#2900);
#2503=LINE('',#6080,#2901);
#2504=LINE('',#6082,#2902);
#2505=LINE('',#6084,#2903);
#2506=LINE('',#6086,#2904);
#2507=LINE('',#6088,#2905);
#2508=LINE('',#6090,#2906);
#2509=LINE('',#6092,#2907);
#2510=LINE('',#6094,#2908);
#2511=LINE('',#6096,#2909);
#2512=LINE('',#6098,#2910);
#2513=LINE('',#6100,#2911);
#2514=LINE('',#6102,#2912);
#2515=LINE('',#6104,#2913);
#2516=LINE('',#6106,#2914);
#2517=LINE('',#6108,#2915);
#2518=LINE('',#6110,#2916);
#2519=LINE('',#6112,#2917);
#2520=LINE('',#6114,#2918);
#2521=LINE('',#6116,#2919);
#2522=LINE('',#6118,#2920);
#2523=LINE('',#6120,#2921);
#2524=LINE('',#6122,#2922);
#2525=LINE('',#6124,#2923);
#2526=LINE('',#6126,#2924);
#2527=LINE('',#6128,#2925);
#2528=LINE('',#6130,#2926);
#2529=LINE('',#6132,#2927);
#2530=LINE('',#6134,#2928);
#2531=LINE('',#6136,#2929);
#2532=LINE('',#6138,#2930);
#2533=LINE('',#6140,#2931);
#2534=LINE('',#6142,#2932);
#2535=LINE('',#6144,#2933);
#2536=LINE('',#6146,#2934);
#2537=LINE('',#6148,#2935);
#2538=LINE('',#6150,#2936);
#2539=LINE('',#6156,#2937);
#2540=LINE('',#6160,#2938);
#2541=LINE('',#6161,#2939);
#2542=LINE('',#6164,#2940);
#2543=LINE('',#6166,#2941);
#2544=LINE('',#6168,#2942);
#2545=LINE('',#6171,#2943);
#2546=LINE('',#6173,#2944);
#2547=LINE('',#6175,#2945);
#2548=LINE('',#6180,#2946);
#2549=LINE('',#6182,#2947);
#2550=LINE('',#6183,#2948);
#2551=LINE('',#6187,#2949);
#2552=LINE('',#6189,#2950);
#2553=LINE('',#6192,#2951);
#2554=LINE('',#6194,#2952);
#2555=LINE('',#6198,#2953);
#2556=LINE('',#6200,#2954);
#2557=LINE('',#6204,#2955);
#2558=LINE('',#6207,#2956);
#2559=LINE('',#6209,#2957);
#2560=LINE('',#6211,#2958);
#2561=LINE('',#6214,#2959);
#2562=LINE('',#6216,#2960);
#2563=LINE('',#6218,#2961);
#2564=LINE('',#6222,#2962);
#2565=LINE('',#6223,#2963);
#2566=LINE('',#6228,#2964);
#2567=LINE('',#6232,#2965);
#2568=LINE('',#6234,#2966);
#2569=LINE('',#6236,#2967);
#2570=LINE('',#6238,#2968);
#2571=LINE('',#6244,#2969);
#2572=LINE('',#6246,#2970);
#2573=LINE('',#6248,#2971);
#2574=LINE('',#6250,#2972);
#2575=LINE('',#6252,#2973);
#2576=LINE('',#6254,#2974);
#2577=LINE('',#6256,#2975);
#2578=LINE('',#6258,#2976);
#2579=LINE('',#6260,#2977);
#2580=LINE('',#6262,#2978);
#2581=LINE('',#6268,#2979);
#2582=LINE('',#6270,#2980);
#2583=LINE('',#6272,#2981);
#2584=LINE('',#6274,#2982);
#2585=LINE('',#6280,#2983);
#2586=LINE('',#6282,#2984);
#2587=LINE('',#6284,#2985);
#2588=LINE('',#6286,#2986);
#2589=LINE('',#6292,#2987);
#2590=LINE('',#6294,#2988);
#2591=LINE('',#6296,#2989);
#2592=LINE('',#6298,#2990);
#2593=LINE('',#6304,#2991);
#2594=LINE('',#6306,#2992);
#2595=LINE('',#6308,#2993);
#2596=LINE('',#6310,#2994);
#2597=LINE('',#6312,#2995);
#2598=LINE('',#6314,#2996);
#2599=LINE('',#6316,#2997);
#2600=LINE('',#6318,#2998);
#2601=LINE('',#6320,#2999);
#2602=LINE('',#6322,#3000);
#2603=LINE('',#6328,#3001);
#2604=LINE('',#6330,#3002);
#2605=LINE('',#6332,#3003);
#2606=LINE('',#6334,#3004);
#2607=LINE('',#6340,#3005);
#2608=LINE('',#6342,#3006);
#2609=LINE('',#6343,#3007);
#2610=VECTOR('',#4085,1000.);
#2611=VECTOR('',#4086,1000.);
#2612=VECTOR('',#4087,1000.);
#2613=VECTOR('',#4088,1000.);
#2614=VECTOR('',#4091,1000.);
#2615=VECTOR('',#4092,1000.);
#2616=VECTOR('',#4093,1000.);
#2617=VECTOR('',#4094,1000.);
#2618=VECTOR('',#4097,1000.);
#2619=VECTOR('',#4100,1000.);
#2620=VECTOR('',#4101,1000.);
#2621=VECTOR('',#4104,1000.);
#2622=VECTOR('',#4107,1000.);
#2623=VECTOR('',#4110,1000.);
#2624=VECTOR('',#4111,1000.);
#2625=VECTOR('',#4112,1000.);
#2626=VECTOR('',#4113,1000.);
#2627=VECTOR('',#4116,1000.);
#2628=VECTOR('',#4117,1000.);
#2629=VECTOR('',#4118,1000.);
#2630=VECTOR('',#4119,1000.);
#2631=VECTOR('',#4122,1000.);
#2632=VECTOR('',#4123,1000.);
#2633=VECTOR('',#4124,1000.);
#2634=VECTOR('',#4125,1000.);
#2635=VECTOR('',#4128,1000.);
#2636=VECTOR('',#4129,1000.);
#2637=VECTOR('',#4130,1000.);
#2638=VECTOR('',#4131,1000.);
#2639=VECTOR('',#4134,1000.);
#2640=VECTOR('',#4137,1000.);
#2641=VECTOR('',#4138,1000.);
#2642=VECTOR('',#4141,1000.);
#2643=VECTOR('',#4144,1000.);
#2644=VECTOR('',#4145,1000.);
#2645=VECTOR('',#4148,1000.);
#2646=VECTOR('',#4149,1000.);
#2647=VECTOR('',#4150,1000.);
#2648=VECTOR('',#4151,1000.);
#2649=VECTOR('',#4154,1000.);
#2650=VECTOR('',#4155,1000.);
#2651=VECTOR('',#4156,1000.);
#2652=VECTOR('',#4157,1000.);
#2653=VECTOR('',#4166,1000.);
#2654=VECTOR('',#4169,1000.);
#2655=VECTOR('',#4176,1000.);
#2656=VECTOR('',#4181,1000.);
#2657=VECTOR('',#4184,1000.);
#2658=VECTOR('',#4189,1000.);
#2659=VECTOR('',#4192,1000.);
#2660=VECTOR('',#4197,1000.);
#2661=VECTOR('',#4198,1000.);
#2662=VECTOR('',#4199,1000.);
#2663=VECTOR('',#4200,1000.);
#2664=VECTOR('',#4203,1000.);
#2665=VECTOR('',#4204,1000.);
#2666=VECTOR('',#4205,1000.);
#2667=VECTOR('',#4206,1000.);
#2668=VECTOR('',#4209,1000.);
#2669=VECTOR('',#4212,1000.);
#2670=VECTOR('',#4213,1000.);
#2671=VECTOR('',#4216,1000.);
#2672=VECTOR('',#4219,1000.);
#2673=VECTOR('',#4220,1000.);
#2674=VECTOR('',#4223,1000.);
#2675=VECTOR('',#4224,1000.);
#2676=VECTOR('',#4225,1000.);
#2677=VECTOR('',#4226,1000.);
#2678=VECTOR('',#4229,1000.);
#2679=VECTOR('',#4230,1000.);
#2680=VECTOR('',#4231,1000.);
#2681=VECTOR('',#4232,1000.);
#2682=VECTOR('',#4235,1000.);
#2683=VECTOR('',#4236,1000.);
#2684=VECTOR('',#4237,1000.);
#2685=VECTOR('',#4238,1000.);
#2686=VECTOR('',#4241,1000.);
#2687=VECTOR('',#4242,1000.);
#2688=VECTOR('',#4243,1000.);
#2689=VECTOR('',#4244,1000.);
#2690=VECTOR('',#4247,1000.);
#2691=VECTOR('',#4250,1000.);
#2692=VECTOR('',#4251,1000.);
#2693=VECTOR('',#4254,1000.);
#2694=VECTOR('',#4257,1000.);
#2695=VECTOR('',#4260,1000.);
#2696=VECTOR('',#4261,1000.);
#2697=VECTOR('',#4262,1000.);
#2698=VECTOR('',#4263,1000.);
#2699=VECTOR('',#4266,1000.);
#2700=VECTOR('',#4267,1000.);
#2701=VECTOR('',#4268,1000.);
#2702=VECTOR('',#4269,1000.);
#2703=VECTOR('',#4278,1000.);
#2704=VECTOR('',#4281,1000.);
#2705=VECTOR('',#4286,1000.);
#2706=VECTOR('',#4289,1000.);
#2707=VECTOR('',#4294,1000.);
#2708=VECTOR('',#4297,1000.);
#2709=VECTOR('',#4304,1000.);
#2710=VECTOR('',#4309,1000.);
#2711=VECTOR('',#4310,1000.);
#2712=VECTOR('',#4311,1000.);
#2713=VECTOR('',#4312,1000.);
#2714=VECTOR('',#4315,1000.);
#2715=VECTOR('',#4318,1000.);
#2716=VECTOR('',#4329,1000.);
#2717=VECTOR('',#4332,1000.);
#2718=VECTOR('',#4333,1000.);
#2719=VECTOR('',#4338,1000.);
#2720=VECTOR('',#4339,1000.);
#2721=VECTOR('',#4342,1000.);
#2722=VECTOR('',#4343,1000.);
#2723=VECTOR('',#4344,1000.);
#2724=VECTOR('',#4345,1000.);
#2725=VECTOR('',#4348,1000.);
#2726=VECTOR('',#4349,1000.);
#2727=VECTOR('',#4350,1000.);
#2728=VECTOR('',#4351,1000.);
#2729=VECTOR('',#4354,1000.);
#2730=VECTOR('',#4361,1000.);
#2731=VECTOR('',#4364,1000.);
#2732=VECTOR('',#4365,1000.);
#2733=VECTOR('',#4374,1000.);
#2734=VECTOR('',#4377,1000.);
#2735=VECTOR('',#4378,1000.);
#2736=VECTOR('',#4381,1000.);
#2737=VECTOR('',#4382,1000.);
#2738=VECTOR('',#4383,1000.);
#2739=VECTOR('',#4384,1000.);
#2740=VECTOR('',#4391,1000.);
#2741=VECTOR('',#4392,1000.);
#2742=VECTOR('',#4393,1000.);
#2743=VECTOR('',#4394,1000.);
#2744=VECTOR('',#4397,1000.);
#2745=VECTOR('',#4404,1000.);
#2746=VECTOR('',#4407,1000.);
#2747=VECTOR('',#4408,1000.);
#2748=VECTOR('',#4417,1000.);
#2749=VECTOR('',#4420,1000.);
#2750=VECTOR('',#4421,1000.);
#2751=VECTOR('',#4424,1000.);
#2752=VECTOR('',#4425,1000.);
#2753=VECTOR('',#4426,1000.);
#2754=VECTOR('',#4427,1000.);
#2755=VECTOR('',#4430,1000.);
#2756=VECTOR('',#4431,1000.);
#2757=VECTOR('',#4432,1000.);
#2758=VECTOR('',#4433,1000.);
#2759=VECTOR('',#4436,1000.);
#2760=VECTOR('',#4439,1000.);
#2761=VECTOR('',#4450,1000.);
#2762=VECTOR('',#4453,1000.);
#2763=VECTOR('',#4454,1000.);
#2764=VECTOR('',#4459,1000.);
#2765=VECTOR('',#4460,1000.);
#2766=VECTOR('',#4463,1000.);
#2767=VECTOR('',#4464,1000.);
#2768=VECTOR('',#4465,1000.);
#2769=VECTOR('',#4466,1000.);
#2770=VECTOR('',#4477,1000.);
#2771=VECTOR('',#4482,1000.);
#2772=VECTOR('',#4487,1000.);
#2773=VECTOR('',#4488,1000.);
#2774=VECTOR('',#4489,1000.);
#2775=VECTOR('',#4494,1000.);
#2776=VECTOR('',#4495,1000.);
#2777=VECTOR('',#4496,1000.);
#2778=VECTOR('',#4503,1000.);
#2779=VECTOR('',#4504,1000.);
#2780=VECTOR('',#4505,1000.);
#2781=VECTOR('',#4510,1000.);
#2782=VECTOR('',#4511,1000.);
#2783=VECTOR('',#4516,1000.);
#2784=VECTOR('',#4519,1000.);
#2785=VECTOR('',#4522,1000.);
#2786=VECTOR('',#4525,1000.);
#2787=VECTOR('',#4528,1000.);
#2788=VECTOR('',#4533,1000.);
#2789=VECTOR('',#4534,1000.);
#2790=VECTOR('',#4535,1000.);
#2791=VECTOR('',#4540,1000.);
#2792=VECTOR('',#4541,1000.);
#2793=VECTOR('',#4542,1000.);
#2794=VECTOR('',#4549,1000.);
#2795=VECTOR('',#4550,1000.);
#2796=VECTOR('',#4555,1000.);
#2797=VECTOR('',#4556,1000.);
#2798=VECTOR('',#4557,1000.);
#2799=VECTOR('',#4566,1000.);
#2800=VECTOR('',#4569,1000.);
#2801=VECTOR('',#4570,1000.);
#2802=VECTOR('',#4571,1000.);
#2803=VECTOR('',#4574,1000.);
#2804=VECTOR('',#4575,1000.);
#2805=VECTOR('',#4576,1000.);
#2806=VECTOR('',#4579,1000.);
#2807=VECTOR('',#4580,1000.);
#2808=VECTOR('',#4581,1000.);
#2809=VECTOR('',#4584,1000.);
#2810=VECTOR('',#4585,1000.);
#2811=VECTOR('',#4586,1000.);
#2812=VECTOR('',#4589,1000.);
#2813=VECTOR('',#4590,1000.);
#2814=VECTOR('',#4591,1000.);
#2815=VECTOR('',#4594,1000.);
#2816=VECTOR('',#4595,1000.);
#2817=VECTOR('',#4596,1000.);
#2818=VECTOR('',#4599,1000.);
#2819=VECTOR('',#4600,1000.);
#2820=VECTOR('',#4601,1000.);
#2821=VECTOR('',#4604,1000.);
#2822=VECTOR('',#4605,1000.);
#2823=VECTOR('',#4606,1000.);
#2824=VECTOR('',#4609,1000.);
#2825=VECTOR('',#4610,1000.);
#2826=VECTOR('',#4611,1000.);
#2827=VECTOR('',#4614,1000.);
#2828=VECTOR('',#4615,1000.);
#2829=VECTOR('',#4616,1000.);
#2830=VECTOR('',#4619,1000.);
#2831=VECTOR('',#4620,1000.);
#2832=VECTOR('',#4621,1000.);
#2833=VECTOR('',#4624,1000.);
#2834=VECTOR('',#4625,1000.);
#2835=VECTOR('',#4626,1000.);
#2836=VECTOR('',#4629,1000.);
#2837=VECTOR('',#4630,1000.);
#2838=VECTOR('',#4631,1000.);
#2839=VECTOR('',#4634,1000.);
#2840=VECTOR('',#4635,1000.);
#2841=VECTOR('',#4636,1000.);
#2842=VECTOR('',#4643,1000.);
#2843=VECTOR('',#4650,1000.);
#2844=VECTOR('',#4651,1000.);
#2845=VECTOR('',#4656,1000.);
#2846=VECTOR('',#4657,1000.);
#2847=VECTOR('',#4658,1000.);
#2848=VECTOR('',#4663,1000.);
#2849=VECTOR('',#4664,1000.);
#2850=VECTOR('',#4665,1000.);
#2851=VECTOR('',#4672,1000.);
#2852=VECTOR('',#4673,1000.);
#2853=VECTOR('',#4674,1000.);
#2854=VECTOR('',#4679,1000.);
#2855=VECTOR('',#4684,1000.);
#2856=VECTOR('',#4689,1000.);
#2857=VECTOR('',#4692,1000.);
#2858=VECTOR('',#4695,1000.);
#2859=VECTOR('',#4700,1000.);
#2860=VECTOR('',#4701,1000.);
#2861=VECTOR('',#4702,1000.);
#2862=VECTOR('',#4707,1000.);
#2863=VECTOR('',#4708,1000.);
#2864=VECTOR('',#4709,1000.);
#2865=VECTOR('',#4716,1000.);
#2866=VECTOR('',#4717,1000.);
#2867=VECTOR('',#4722,1000.);
#2868=VECTOR('',#4727,1000.);
#2869=VECTOR('',#4734,1000.);
#2870=VECTOR('',#4735,1000.);
#2871=VECTOR('',#4736,1000.);
#2872=VECTOR('',#4741,1000.);
#2873=VECTOR('',#4742,1000.);
#2874=VECTOR('',#4743,1000.);
#2875=VECTOR('',#4750,1000.);
#2876=VECTOR('',#4751,1000.);
#2877=VECTOR('',#4752,1000.);
#2878=VECTOR('',#4757,1000.);
#2879=VECTOR('',#4762,1000.);
#2880=VECTOR('',#4767,1000.);
#2881=VECTOR('',#4770,1000.);
#2882=VECTOR('',#4773,1000.);
#2883=VECTOR('',#4778,1000.);
#2884=VECTOR('',#4779,1000.);
#2885=VECTOR('',#4780,1000.);
#2886=VECTOR('',#4785,1000.);
#2887=VECTOR('',#4786,1000.);
#2888=VECTOR('',#4787,1000.);
#2889=VECTOR('',#4794,1000.);
#2890=VECTOR('',#4795,1000.);
#2891=VECTOR('',#4800,1000.);
#2892=VECTOR('',#4801,1000.);
#2893=VECTOR('',#4802,1000.);
#2894=VECTOR('',#4811,1000.);
#2895=VECTOR('',#4814,1000.);
#2896=VECTOR('',#4815,1000.);
#2897=VECTOR('',#4816,1000.);
#2898=VECTOR('',#4819,1000.);
#2899=VECTOR('',#4820,1000.);
#2900=VECTOR('',#4821,1000.);
#2901=VECTOR('',#4824,1000.);
#2902=VECTOR('',#4825,1000.);
#2903=VECTOR('',#4826,1000.);
#2904=VECTOR('',#4829,1000.);
#2905=VECTOR('',#4830,1000.);
#2906=VECTOR('',#4831,1000.);
#2907=VECTOR('',#4834,1000.);
#2908=VECTOR('',#4835,1000.);
#2909=VECTOR('',#4836,1000.);
#2910=VECTOR('',#4839,1000.);
#2911=VECTOR('',#4840,1000.);
#2912=VECTOR('',#4841,1000.);
#2913=VECTOR('',#4844,1000.);
#2914=VECTOR('',#4845,1000.);
#2915=VECTOR('',#4846,1000.);
#2916=VECTOR('',#4849,1000.);
#2917=VECTOR('',#4850,1000.);
#2918=VECTOR('',#4851,1000.);
#2919=VECTOR('',#4854,1000.);
#2920=VECTOR('',#4855,1000.);
#2921=VECTOR('',#4856,1000.);
#2922=VECTOR('',#4859,1000.);
#2923=VECTOR('',#4860,1000.);
#2924=VECTOR('',#4861,1000.);
#2925=VECTOR('',#4864,1000.);
#2926=VECTOR('',#4865,1000.);
#2927=VECTOR('',#4866,1000.);
#2928=VECTOR('',#4869,1000.);
#2929=VECTOR('',#4870,1000.);
#2930=VECTOR('',#4871,1000.);
#2931=VECTOR('',#4874,1000.);
#2932=VECTOR('',#4875,1000.);
#2933=VECTOR('',#4876,1000.);
#2934=VECTOR('',#4879,1000.);
#2935=VECTOR('',#4880,1000.);
#2936=VECTOR('',#4881,1000.);
#2937=VECTOR('',#4888,1000.);
#2938=VECTOR('',#4895,1000.);
#2939=VECTOR('',#4896,1000.);
#2940=VECTOR('',#4901,1000.);
#2941=VECTOR('',#4902,1000.);
#2942=VECTOR('',#4903,1000.);
#2943=VECTOR('',#4908,1000.);
#2944=VECTOR('',#4909,1000.);
#2945=VECTOR('',#4910,1000.);
#2946=VECTOR('',#4917,1000.);
#2947=VECTOR('',#4918,1000.);
#2948=VECTOR('',#4919,1000.);
#2949=VECTOR('',#4924,1000.);
#2950=VECTOR('',#4925,1000.);
#2951=VECTOR('',#4930,1000.);
#2952=VECTOR('',#4933,1000.);
#2953=VECTOR('',#4936,1000.);
#2954=VECTOR('',#4939,1000.);
#2955=VECTOR('',#4942,1000.);
#2956=VECTOR('',#4947,1000.);
#2957=VECTOR('',#4948,1000.);
#2958=VECTOR('',#4949,1000.);
#2959=VECTOR('',#4954,1000.);
#2960=VECTOR('',#4955,1000.);
#2961=VECTOR('',#4956,1000.);
#2962=VECTOR('',#4963,1000.);
#2963=VECTOR('',#4964,1000.);
#2964=VECTOR('',#4969,1000.);
#2965=VECTOR('',#4972,1000.);
#2966=VECTOR('',#4975,1000.);
#2967=VECTOR('',#4976,1000.);
#2968=VECTOR('',#4977,1000.);
#2969=VECTOR('',#4984,1000.);
#2970=VECTOR('',#4987,1000.);
#2971=VECTOR('',#4988,1000.);
#2972=VECTOR('',#4989,1000.);
#2973=VECTOR('',#4992,1000.);
#2974=VECTOR('',#4993,1000.);
#2975=VECTOR('',#4994,1000.);
#2976=VECTOR('',#4997,1000.);
#2977=VECTOR('',#4998,1000.);
#2978=VECTOR('',#4999,1000.);
#2979=VECTOR('',#5006,1000.);
#2980=VECTOR('',#5009,1000.);
#2981=VECTOR('',#5010,1000.);
#2982=VECTOR('',#5011,1000.);
#2983=VECTOR('',#5018,1000.);
#2984=VECTOR('',#5021,1000.);
#2985=VECTOR('',#5022,1000.);
#2986=VECTOR('',#5023,1000.);
#2987=VECTOR('',#5030,1000.);
#2988=VECTOR('',#5033,1000.);
#2989=VECTOR('',#5034,1000.);
#2990=VECTOR('',#5035,1000.);
#2991=VECTOR('',#5042,1000.);
#2992=VECTOR('',#5045,1000.);
#2993=VECTOR('',#5046,1000.);
#2994=VECTOR('',#5047,1000.);
#2995=VECTOR('',#5050,1000.);
#2996=VECTOR('',#5051,1000.);
#2997=VECTOR('',#5052,1000.);
#2998=VECTOR('',#5055,1000.);
#2999=VECTOR('',#5056,1000.);
#3000=VECTOR('',#5057,1000.);
#3001=VECTOR('',#5064,1000.);
#3002=VECTOR('',#5067,1000.);
#3003=VECTOR('',#5068,1000.);
#3004=VECTOR('',#5069,1000.);
#3005=VECTOR('',#5076,1000.);
#3006=VECTOR('',#5079,1000.);
#3007=VECTOR('',#5080,1000.);
#3008=EDGE_LOOP('',(#206,#207,#208,#209));
#3009=EDGE_LOOP('',(#210,#211,#212,#213));
#3010=EDGE_LOOP('',(#214,#215,#216,#217));
#3011=EDGE_LOOP('',(#218,#219,#220,#221));
#3012=EDGE_LOOP('',(#222,#223,#224,#225));
#3013=EDGE_LOOP('',(#226,#227,#228,#229));
#3014=EDGE_LOOP('',(#230,#231,#232,#233));
#3015=EDGE_LOOP('',(#234,#235,#236,#237));
#3016=EDGE_LOOP('',(#238,#239,#240,#241));
#3017=EDGE_LOOP('',(#242,#243,#244,#245));
#3018=EDGE_LOOP('',(#246,#247,#248,#249));
#3019=EDGE_LOOP('',(#250,#251,#252,#253));
#3020=EDGE_LOOP('',(#254));
#3021=EDGE_LOOP('',(#255));
#3022=EDGE_LOOP('',(#256));
#3023=EDGE_LOOP('',(#257));
#3024=EDGE_LOOP('',(#258,#259,#260,#261));
#3025=EDGE_LOOP('',(#262,#263,#264,#265));
#3026=EDGE_LOOP('',(#266,#267,#268,#269));
#3027=EDGE_LOOP('',(#270,#271,#272,#273));
#3028=EDGE_LOOP('',(#274,#275,#276,#277));
#3029=EDGE_LOOP('',(#278,#279,#280,#281));
#3030=EDGE_LOOP('',(#282,#283,#284,#285));
#3031=EDGE_LOOP('',(#286,#287,#288,#289));
#3032=EDGE_LOOP('',(#290,#291,#292,#293));
#3033=EDGE_LOOP('',(#294,#295,#296,#297));
#3034=EDGE_LOOP('',(#298,#299,#300,#301));
#3035=EDGE_LOOP('',(#302,#303,#304,#305));
#3036=EDGE_LOOP('',(#306,#307,#308,#309));
#3037=EDGE_LOOP('',(#310,#311,#312,#313));
#3038=EDGE_LOOP('',(#314,#315,#316,#317));
#3039=EDGE_LOOP('',(#318,#319,#320,#321));
#3040=EDGE_LOOP('',(#322));
#3041=EDGE_LOOP('',(#323));
#3042=EDGE_LOOP('',(#324));
#3043=EDGE_LOOP('',(#325));
#3044=EDGE_LOOP('',(#326,#327,#328,#329));
#3045=EDGE_LOOP('',(#330,#331,#332,#333));
#3046=EDGE_LOOP('',(#334,#335,#336,#337));
#3047=EDGE_LOOP('',(#338,#339,#340,#341));
#3048=EDGE_LOOP('',(#342,#343,#344,#345));
#3049=EDGE_LOOP('',(#346,#347,#348,#349));
#3050=EDGE_LOOP('',(#350,#351,#352,#353));
#3051=EDGE_LOOP('',(#354,#355,#356,#357));
#3052=EDGE_LOOP('',(#358,#359,#360,#361));
#3053=EDGE_LOOP('',(#362,#363,#364,#365));
#3054=EDGE_LOOP('',(#366,#367,#368,#369));
#3055=EDGE_LOOP('',(#370,#371,#372,#373));
#3056=EDGE_LOOP('',(#374,#375,#376,#377));
#3057=EDGE_LOOP('',(#378,#379,#380,#381));
#3058=EDGE_LOOP('',(#382,#383,#384,#385));
#3059=EDGE_LOOP('',(#386,#387,#388,#389));
#3060=EDGE_LOOP('',(#390));
#3061=EDGE_LOOP('',(#391));
#3062=EDGE_LOOP('',(#392,#393,#394,#395));
#3063=EDGE_LOOP('',(#396,#397,#398,#399));
#3064=EDGE_LOOP('',(#400,#401,#402,#403));
#3065=EDGE_LOOP('',(#404,#405,#406,#407));
#3066=EDGE_LOOP('',(#408,#409,#410,#411));
#3067=EDGE_LOOP('',(#412,#413,#414,#415));
#3068=EDGE_LOOP('',(#416,#417,#418,#419));
#3069=EDGE_LOOP('',(#420,#421,#422,#423));
#3070=EDGE_LOOP('',(#424,#425,#426,#427));
#3071=EDGE_LOOP('',(#428,#429,#430,#431));
#3072=EDGE_LOOP('',(#432,#433,#434,#435));
#3073=EDGE_LOOP('',(#436,#437,#438,#439));
#3074=EDGE_LOOP('',(#440));
#3075=EDGE_LOOP('',(#441));
#3076=EDGE_LOOP('',(#442,#443,#444,#445,#446,#447,#448,#449,#450,#451,#452,
#453));
#3077=EDGE_LOOP('',(#454,#455,#456,#457,#458,#459,#460,#461));
#3078=EDGE_LOOP('',(#462,#463,#464,#465));
#3079=EDGE_LOOP('',(#466,#467,#468,#469,#470,#471,#472,#473));
#3080=EDGE_LOOP('',(#474,#475,#476,#477));
#3081=EDGE_LOOP('',(#478,#479,#480,#481));
#3082=EDGE_LOOP('',(#482,#483,#484,#485));
#3083=EDGE_LOOP('',(#486,#487,#488,#489));
#3084=EDGE_LOOP('',(#490,#491,#492,#493,#494,#495,#496,#497));
#3085=EDGE_LOOP('',(#498,#499,#500,#501));
#3086=EDGE_LOOP('',(#502,#503,#504,#505,#506,#507,#508,#509));
#3087=EDGE_LOOP('',(#510,#511,#512,#513,#514,#515,#516,#517));
#3088=EDGE_LOOP('',(#518,#519,#520,#521));
#3089=EDGE_LOOP('',(#522,#523,#524,#525));
#3090=EDGE_LOOP('',(#526,#527,#528,#529));
#3091=EDGE_LOOP('',(#530,#531,#532,#533));
#3092=EDGE_LOOP('',(#534,#535,#536,#537));
#3093=EDGE_LOOP('',(#538,#539,#540,#541));
#3094=EDGE_LOOP('',(#542,#543,#544,#545));
#3095=EDGE_LOOP('',(#546,#547,#548,#549));
#3096=EDGE_LOOP('',(#550,#551,#552,#553));
#3097=EDGE_LOOP('',(#554,#555,#556,#557));
#3098=EDGE_LOOP('',(#558,#559,#560,#561));
#3099=EDGE_LOOP('',(#562,#563,#564,#565));
#3100=EDGE_LOOP('',(#566,#567,#568,#569));
#3101=EDGE_LOOP('',(#570,#571,#572,#573));
#3102=EDGE_LOOP('',(#574,#575,#576,#577));
#3103=EDGE_LOOP('',(#578,#579,#580,#581));
#3104=EDGE_LOOP('',(#582,#583,#584,#585,#586,#587,#588,#589));
#3105=EDGE_LOOP('',(#590,#591,#592,#593,#594,#595,#596,#597));
#3106=EDGE_LOOP('',(#598,#599,#600,#601));
#3107=EDGE_LOOP('',(#602,#603,#604,#605,#606,#607,#608,#609));
#3108=EDGE_LOOP('',(#610,#611,#612,#613));
#3109=EDGE_LOOP('',(#614,#615,#616,#617));
#3110=EDGE_LOOP('',(#618,#619,#620,#621));
#3111=EDGE_LOOP('',(#622,#623,#624,#625));
#3112=EDGE_LOOP('',(#626,#627,#628,#629,#630,#631,#632,#633));
#3113=EDGE_LOOP('',(#634,#635,#636,#637));
#3114=EDGE_LOOP('',(#638,#639,#640,#641,#642,#643,#644,#645));
#3115=EDGE_LOOP('',(#646,#647,#648,#649,#650,#651,#652,#653,#654,#655,#656,
#657));
#3116=EDGE_LOOP('',(#658,#659,#660,#661,#662,#663,#664,#665));
#3117=EDGE_LOOP('',(#666,#667,#668,#669));
#3118=EDGE_LOOP('',(#670,#671,#672,#673,#674,#675,#676,#677));
#3119=EDGE_LOOP('',(#678,#679,#680,#681));
#3120=EDGE_LOOP('',(#682,#683,#684,#685));
#3121=EDGE_LOOP('',(#686,#687,#688,#689));
#3122=EDGE_LOOP('',(#690,#691,#692,#693));
#3123=EDGE_LOOP('',(#694,#695,#696,#697,#698,#699,#700,#701));
#3124=EDGE_LOOP('',(#702,#703,#704,#705));
#3125=EDGE_LOOP('',(#706,#707,#708,#709,#710,#711,#712,#713));
#3126=EDGE_LOOP('',(#714,#715,#716,#717,#718,#719,#720,#721));
#3127=EDGE_LOOP('',(#722,#723,#724,#725));
#3128=EDGE_LOOP('',(#726,#727,#728,#729));
#3129=EDGE_LOOP('',(#730,#731,#732,#733));
#3130=EDGE_LOOP('',(#734,#735,#736,#737));
#3131=EDGE_LOOP('',(#738,#739,#740,#741));
#3132=EDGE_LOOP('',(#742,#743,#744,#745));
#3133=EDGE_LOOP('',(#746,#747,#748,#749));
#3134=EDGE_LOOP('',(#750,#751,#752,#753));
#3135=EDGE_LOOP('',(#754,#755,#756,#757));
#3136=EDGE_LOOP('',(#758,#759,#760,#761));
#3137=EDGE_LOOP('',(#762,#763,#764,#765));
#3138=EDGE_LOOP('',(#766,#767,#768,#769));
#3139=EDGE_LOOP('',(#770,#771,#772,#773));
#3140=EDGE_LOOP('',(#774,#775,#776,#777));
#3141=EDGE_LOOP('',(#778,#779,#780,#781));
#3142=EDGE_LOOP('',(#782,#783,#784,#785));
#3143=EDGE_LOOP('',(#786,#787,#788,#789,#790,#791,#792,#793));
#3144=EDGE_LOOP('',(#794,#795,#796,#797,#798,#799,#800,#801));
#3145=EDGE_LOOP('',(#802,#803,#804,#805));
#3146=EDGE_LOOP('',(#806,#807,#808,#809,#810,#811,#812,#813));
#3147=EDGE_LOOP('',(#814,#815,#816,#817));
#3148=EDGE_LOOP('',(#818,#819,#820,#821));
#3149=EDGE_LOOP('',(#822,#823,#824,#825));
#3150=EDGE_LOOP('',(#826,#827,#828,#829));
#3151=EDGE_LOOP('',(#830,#831,#832,#833,#834,#835,#836,#837));
#3152=EDGE_LOOP('',(#838,#839,#840,#841));
#3153=EDGE_LOOP('',(#842,#843,#844,#845,#846,#847,#848,#849));
#3154=EDGE_LOOP('',(#850,#851,#852,#853));
#3155=EDGE_LOOP('',(#854,#855,#856,#857));
#3156=EDGE_LOOP('',(#858,#859,#860,#861));
#3157=EDGE_LOOP('',(#862,#863,#864,#865));
#3158=EDGE_LOOP('',(#866,#867,#868,#869));
#3159=EDGE_LOOP('',(#870,#871,#872,#873));
#3160=EDGE_LOOP('',(#874,#875,#876,#877));
#3161=EDGE_LOOP('',(#878,#879,#880,#881));
#3162=EDGE_LOOP('',(#882,#883,#884,#885));
#3163=EDGE_LOOP('',(#886,#887,#888,#889));
#3164=EDGE_LOOP('',(#890,#891,#892,#893));
#3165=EDGE_LOOP('',(#894,#895,#896,#897));
#3166=EDGE_LOOP('',(#898,#899,#900,#901));
#3167=EDGE_LOOP('',(#902,#903,#904,#905));
#3168=EDGE_LOOP('',(#906,#907,#908,#909));
#3169=EDGE_LOOP('',(#910,#911,#912,#913));
#3170=EDGE_LOOP('',(#914,#915,#916,#917));
#3171=EDGE_LOOP('',(#918,#919,#920,#921));
#3172=EDGE_LOOP('',(#922,#923,#924,#925));
#3173=EDGE_LOOP('',(#926,#927,#928,#929));
#3174=EDGE_LOOP('',(#930));
#3175=EDGE_LOOP('',(#931));
#3176=EDGE_LOOP('',(#932,#933,#934,#935,#936,#937,#938,#939,#940,#941,#942,
#943,#944,#945,#946,#947,#948,#949,#950,#951));
#3177=EDGE_LOOP('',(#952,#953,#954,#955,#956,#957,#958,#959,#960,#961,#962,
#963,#964,#965,#966,#967,#968,#969,#970,#971,#972,#973,#974,#975,#976,#977,
#978,#979,#980,#981,#982,#983,#984,#985,#986,#987,#988,#989,#990,#991,#992,
#993,#994,#995,#996,#997,#998,#999,#1000,#1001,#1002,#1003,#1004,#1005,
#1006,#1007,#1008,#1009,#1010,#1011,#1012,#1013,#1014,#1015,#1016,#1017,
#1018,#1019,#1020,#1021,#1022,#1023,#1024,#1025,#1026,#1027,#1028,#1029,
#1030,#1031,#1032,#1033,#1034,#1035,#1036,#1037));
#3178=EDGE_LOOP('',(#1038));
#3179=EDGE_LOOP('',(#1039));
#3180=EDGE_LOOP('',(#1040,#1041,#1042,#1043,#1044,#1045,#1046,#1047,#1048,
#1049,#1050,#1051,#1052,#1053,#1054,#1055,#1056,#1057,#1058,#1059));
#3181=EDGE_LOOP('',(#1060,#1061,#1062,#1063,#1064,#1065,#1066,#1067,#1068,
#1069,#1070,#1071,#1072,#1073,#1074,#1075,#1076,#1077,#1078,#1079,#1080,
#1081,#1082,#1083,#1084,#1085,#1086,#1087,#1088,#1089,#1090,#1091,#1092,
#1093,#1094,#1095,#1096,#1097,#1098,#1099,#1100,#1101,#1102,#1103,#1104,
#1105,#1106,#1107,#1108,#1109,#1110,#1111,#1112,#1113,#1114,#1115,#1116,
#1117,#1118,#1119,#1120,#1121,#1122,#1123,#1124,#1125,#1126,#1127,#1128,
#1129,#1130,#1131,#1132,#1133,#1134,#1135,#1136,#1137,#1138,#1139,#1140,
#1141,#1142,#1143,#1144,#1145));
#3182=EDGE_LOOP('',(#1146,#1147,#1148,#1149,#1150,#1151,#1152,#1153,#1154,
#1155));
#3183=EDGE_LOOP('',(#1156));
#3184=EDGE_LOOP('',(#1157,#1158,#1159,#1160,#1161,#1162,#1163,#1164,#1165,
#1166));
#3185=EDGE_LOOP('',(#1167));
#3186=EDGE_LOOP('',(#1168,#1169,#1170,#1171));
#3187=EDGE_LOOP('',(#1172,#1173,#1174,#1175));
#3188=EDGE_LOOP('',(#1176,#1177,#1178,#1179));
#3189=EDGE_LOOP('',(#1180,#1181,#1182,#1183));
#3190=EDGE_LOOP('',(#1184,#1185,#1186,#1187,#1188,#1189,#1190,#1191,#1192,
#1193));
#3191=EDGE_LOOP('',(#1194));
#3192=EDGE_LOOP('',(#1195,#1196,#1197,#1198,#1199,#1200,#1201,#1202,#1203,
#1204));
#3193=EDGE_LOOP('',(#1205));
#3194=EDGE_LOOP('',(#1206,#1207,#1208,#1209));
#3195=EDGE_LOOP('',(#1210,#1211,#1212,#1213));
#3196=EDGE_LOOP('',(#1214,#1215,#1216,#1217));
#3197=EDGE_LOOP('',(#1218,#1219,#1220,#1221));
#3198=EDGE_LOOP('',(#1222,#1223,#1224,#1225));
#3199=EDGE_LOOP('',(#1226,#1227,#1228,#1229,#1230,#1231,#1232,#1233,#1234,
#1235));
#3200=EDGE_LOOP('',(#1236));
#3201=EDGE_LOOP('',(#1237));
#3202=EDGE_LOOP('',(#1238,#1239,#1240,#1241,#1242,#1243,#1244,#1245,#1246,
#1247));
#3203=EDGE_LOOP('',(#1248,#1249,#1250,#1251));
#3204=EDGE_LOOP('',(#1252,#1253,#1254,#1255));
#3205=EDGE_LOOP('',(#1256,#1257,#1258,#1259));
#3206=EDGE_LOOP('',(#1260,#1261,#1262,#1263));
#3207=EDGE_LOOP('',(#1264,#1265,#1266,#1267,#1268,#1269,#1270,#1271,#1272,
#1273));
#3208=EDGE_LOOP('',(#1274));
#3209=EDGE_LOOP('',(#1275));
#3210=EDGE_LOOP('',(#1276,#1277,#1278,#1279,#1280,#1281,#1282,#1283,#1284,
#1285));
#3211=EDGE_LOOP('',(#1286,#1287,#1288,#1289));
#3212=EDGE_LOOP('',(#1290,#1291,#1292,#1293));
#3213=EDGE_LOOP('',(#1294,#1295,#1296,#1297));
#3214=FACE_BOUND('',#3008,.T.);
#3215=FACE_BOUND('',#3009,.T.);
#3216=FACE_BOUND('',#3010,.T.);
#3217=FACE_BOUND('',#3011,.T.);
#3218=FACE_BOUND('',#3012,.T.);
#3219=FACE_BOUND('',#3013,.T.);
#3220=FACE_BOUND('',#3014,.T.);
#3221=FACE_BOUND('',#3015,.T.);
#3222=FACE_BOUND('',#3016,.T.);
#3223=FACE_BOUND('',#3017,.T.);
#3224=FACE_BOUND('',#3018,.T.);
#3225=FACE_BOUND('',#3019,.T.);
#3226=FACE_BOUND('',#3020,.T.);
#3227=FACE_BOUND('',#3021,.T.);
#3228=FACE_BOUND('',#3022,.T.);
#3229=FACE_BOUND('',#3023,.T.);
#3230=FACE_BOUND('',#3024,.T.);
#3231=FACE_BOUND('',#3025,.T.);
#3232=FACE_BOUND('',#3026,.T.);
#3233=FACE_BOUND('',#3027,.T.);
#3234=FACE_BOUND('',#3028,.T.);
#3235=FACE_BOUND('',#3029,.T.);
#3236=FACE_BOUND('',#3030,.T.);
#3237=FACE_BOUND('',#3031,.T.);
#3238=FACE_BOUND('',#3032,.T.);
#3239=FACE_BOUND('',#3033,.T.);
#3240=FACE_BOUND('',#3034,.T.);
#3241=FACE_BOUND('',#3035,.T.);
#3242=FACE_BOUND('',#3036,.T.);
#3243=FACE_BOUND('',#3037,.T.);
#3244=FACE_BOUND('',#3038,.T.);
#3245=FACE_BOUND('',#3039,.T.);
#3246=FACE_BOUND('',#3040,.T.);
#3247=FACE_BOUND('',#3041,.T.);
#3248=FACE_BOUND('',#3042,.T.);
#3249=FACE_BOUND('',#3043,.T.);
#3250=FACE_BOUND('',#3044,.T.);
#3251=FACE_BOUND('',#3045,.T.);
#3252=FACE_BOUND('',#3046,.T.);
#3253=FACE_BOUND('',#3047,.T.);
#3254=FACE_BOUND('',#3048,.T.);
#3255=FACE_BOUND('',#3049,.T.);
#3256=FACE_BOUND('',#3050,.T.);
#3257=FACE_BOUND('',#3051,.T.);
#3258=FACE_BOUND('',#3052,.T.);
#3259=FACE_BOUND('',#3053,.T.);
#3260=FACE_BOUND('',#3054,.T.);
#3261=FACE_BOUND('',#3055,.T.);
#3262=FACE_BOUND('',#3056,.T.);
#3263=FACE_BOUND('',#3057,.T.);
#3264=FACE_BOUND('',#3058,.T.);
#3265=FACE_BOUND('',#3059,.T.);
#3266=FACE_BOUND('',#3060,.T.);
#3267=FACE_BOUND('',#3061,.T.);
#3268=FACE_BOUND('',#3062,.T.);
#3269=FACE_BOUND('',#3063,.T.);
#3270=FACE_BOUND('',#3064,.T.);
#3271=FACE_BOUND('',#3065,.T.);
#3272=FACE_BOUND('',#3066,.T.);
#3273=FACE_BOUND('',#3067,.T.);
#3274=FACE_BOUND('',#3068,.T.);
#3275=FACE_BOUND('',#3069,.T.);
#3276=FACE_BOUND('',#3070,.T.);
#3277=FACE_BOUND('',#3071,.T.);
#3278=FACE_BOUND('',#3072,.T.);
#3279=FACE_BOUND('',#3073,.T.);
#3280=FACE_BOUND('',#3074,.T.);
#3281=FACE_BOUND('',#3075,.T.);
#3282=FACE_BOUND('',#3076,.T.);
#3283=FACE_BOUND('',#3077,.T.);
#3284=FACE_BOUND('',#3078,.T.);
#3285=FACE_BOUND('',#3079,.T.);
#3286=FACE_BOUND('',#3080,.T.);
#3287=FACE_BOUND('',#3081,.T.);
#3288=FACE_BOUND('',#3082,.T.);
#3289=FACE_BOUND('',#3083,.T.);
#3290=FACE_BOUND('',#3084,.T.);
#3291=FACE_BOUND('',#3085,.T.);
#3292=FACE_BOUND('',#3086,.T.);
#3293=FACE_BOUND('',#3087,.T.);
#3294=FACE_BOUND('',#3088,.T.);
#3295=FACE_BOUND('',#3089,.T.);
#3296=FACE_BOUND('',#3090,.T.);
#3297=FACE_BOUND('',#3091,.T.);
#3298=FACE_BOUND('',#3092,.T.);
#3299=FACE_BOUND('',#3093,.T.);
#3300=FACE_BOUND('',#3094,.T.);
#3301=FACE_BOUND('',#3095,.T.);
#3302=FACE_BOUND('',#3096,.T.);
#3303=FACE_BOUND('',#3097,.T.);
#3304=FACE_BOUND('',#3098,.T.);
#3305=FACE_BOUND('',#3099,.T.);
#3306=FACE_BOUND('',#3100,.T.);
#3307=FACE_BOUND('',#3101,.T.);
#3308=FACE_BOUND('',#3102,.T.);
#3309=FACE_BOUND('',#3103,.T.);
#3310=FACE_BOUND('',#3104,.T.);
#3311=FACE_BOUND('',#3105,.T.);
#3312=FACE_BOUND('',#3106,.T.);
#3313=FACE_BOUND('',#3107,.T.);
#3314=FACE_BOUND('',#3108,.T.);
#3315=FACE_BOUND('',#3109,.T.);
#3316=FACE_BOUND('',#3110,.T.);
#3317=FACE_BOUND('',#3111,.T.);
#3318=FACE_BOUND('',#3112,.T.);
#3319=FACE_BOUND('',#3113,.T.);
#3320=FACE_BOUND('',#3114,.T.);
#3321=FACE_BOUND('',#3115,.T.);
#3322=FACE_BOUND('',#3116,.T.);
#3323=FACE_BOUND('',#3117,.T.);
#3324=FACE_BOUND('',#3118,.T.);
#3325=FACE_BOUND('',#3119,.T.);
#3326=FACE_BOUND('',#3120,.T.);
#3327=FACE_BOUND('',#3121,.T.);
#3328=FACE_BOUND('',#3122,.T.);
#3329=FACE_BOUND('',#3123,.T.);
#3330=FACE_BOUND('',#3124,.T.);
#3331=FACE_BOUND('',#3125,.T.);
#3332=FACE_BOUND('',#3126,.T.);
#3333=FACE_BOUND('',#3127,.T.);
#3334=FACE_BOUND('',#3128,.T.);
#3335=FACE_BOUND('',#3129,.T.);
#3336=FACE_BOUND('',#3130,.T.);
#3337=FACE_BOUND('',#3131,.T.);
#3338=FACE_BOUND('',#3132,.T.);
#3339=FACE_BOUND('',#3133,.T.);
#3340=FACE_BOUND('',#3134,.T.);
#3341=FACE_BOUND('',#3135,.T.);
#3342=FACE_BOUND('',#3136,.T.);
#3343=FACE_BOUND('',#3137,.T.);
#3344=FACE_BOUND('',#3138,.T.);
#3345=FACE_BOUND('',#3139,.T.);
#3346=FACE_BOUND('',#3140,.T.);
#3347=FACE_BOUND('',#3141,.T.);
#3348=FACE_BOUND('',#3142,.T.);
#3349=FACE_BOUND('',#3143,.T.);
#3350=FACE_BOUND('',#3144,.T.);
#3351=FACE_BOUND('',#3145,.T.);
#3352=FACE_BOUND('',#3146,.T.);
#3353=FACE_BOUND('',#3147,.T.);
#3354=FACE_BOUND('',#3148,.T.);
#3355=FACE_BOUND('',#3149,.T.);
#3356=FACE_BOUND('',#3150,.T.);
#3357=FACE_BOUND('',#3151,.T.);
#3358=FACE_BOUND('',#3152,.T.);
#3359=FACE_BOUND('',#3153,.T.);
#3360=FACE_BOUND('',#3154,.T.);
#3361=FACE_BOUND('',#3155,.T.);
#3362=FACE_BOUND('',#3156,.T.);
#3363=FACE_BOUND('',#3157,.T.);
#3364=FACE_BOUND('',#3158,.T.);
#3365=FACE_BOUND('',#3159,.T.);
#3366=FACE_BOUND('',#3160,.T.);
#3367=FACE_BOUND('',#3161,.T.);
#3368=FACE_BOUND('',#3162,.T.);
#3369=FACE_BOUND('',#3163,.T.);
#3370=FACE_BOUND('',#3164,.T.);
#3371=FACE_BOUND('',#3165,.T.);
#3372=FACE_BOUND('',#3166,.T.);
#3373=FACE_BOUND('',#3167,.T.);
#3374=FACE_BOUND('',#3168,.T.);
#3375=FACE_BOUND('',#3169,.T.);
#3376=FACE_BOUND('',#3170,.T.);
#3377=FACE_BOUND('',#3171,.T.);
#3378=FACE_BOUND('',#3172,.T.);
#3379=FACE_BOUND('',#3173,.T.);
#3380=FACE_BOUND('',#3174,.T.);
#3381=FACE_BOUND('',#3175,.T.);
#3382=FACE_BOUND('',#3176,.T.);
#3383=FACE_BOUND('',#3177,.T.);
#3384=FACE_BOUND('',#3178,.T.);
#3385=FACE_BOUND('',#3179,.T.);
#3386=FACE_BOUND('',#3180,.T.);
#3387=FACE_BOUND('',#3181,.T.);
#3388=FACE_BOUND('',#3182,.T.);
#3389=FACE_BOUND('',#3183,.T.);
#3390=FACE_BOUND('',#3184,.T.);
#3391=FACE_BOUND('',#3185,.T.);
#3392=FACE_BOUND('',#3186,.T.);
#3393=FACE_BOUND('',#3187,.T.);
#3394=FACE_BOUND('',#3188,.T.);
#3395=FACE_BOUND('',#3189,.T.);
#3396=FACE_BOUND('',#3190,.T.);
#3397=FACE_BOUND('',#3191,.T.);
#3398=FACE_BOUND('',#3192,.T.);
#3399=FACE_BOUND('',#3193,.T.);
#3400=FACE_BOUND('',#3194,.T.);
#3401=FACE_BOUND('',#3195,.T.);
#3402=FACE_BOUND('',#3196,.T.);
#3403=FACE_BOUND('',#3197,.T.);
#3404=FACE_BOUND('',#3198,.T.);
#3405=FACE_BOUND('',#3199,.T.);
#3406=FACE_BOUND('',#3200,.T.);
#3407=FACE_BOUND('',#3201,.T.);
#3408=FACE_BOUND('',#3202,.T.);
#3409=FACE_BOUND('',#3203,.T.);
#3410=FACE_BOUND('',#3204,.T.);
#3411=FACE_BOUND('',#3205,.T.);
#3412=FACE_BOUND('',#3206,.T.);
#3413=FACE_BOUND('',#3207,.T.);
#3414=FACE_BOUND('',#3208,.T.);
#3415=FACE_BOUND('',#3209,.T.);
#3416=FACE_BOUND('',#3210,.T.);
#3417=FACE_BOUND('',#3211,.T.);
#3418=FACE_BOUND('',#3212,.T.);
#3419=FACE_BOUND('',#3213,.T.);
#3420=PLANE('',#3759);
#3421=PLANE('',#3760);
#3422=PLANE('',#3761);
#3423=PLANE('',#3763);
#3424=PLANE('',#3765);
#3425=PLANE('',#3766);
#3426=PLANE('',#3767);
#3427=PLANE('',#3768);
#3428=PLANE('',#3769);
#3429=PLANE('',#3771);
#3430=PLANE('',#3773);
#3431=PLANE('',#3774);
#3432=PLANE('',#3778);
#3433=PLANE('',#3781);
#3434=PLANE('',#3784);
#3435=PLANE('',#3787);
#3436=PLANE('',#3790);
#3437=PLANE('',#3791);
#3438=PLANE('',#3792);
#3439=PLANE('',#3794);
#3440=PLANE('',#3796);
#3441=PLANE('',#3797);
#3442=PLANE('',#3798);
#3443=PLANE('',#3799);
#3444=PLANE('',#3800);
#3445=PLANE('',#3802);
#3446=PLANE('',#3804);
#3447=PLANE('',#3805);
#3448=PLANE('',#3809);
#3449=PLANE('',#3812);
#3450=PLANE('',#3815);
#3451=PLANE('',#3818);
#3452=PLANE('',#3821);
#3453=PLANE('',#3822);
#3454=PLANE('',#3825);
#3455=PLANE('',#3828);
#3456=PLANE('',#3830);
#3457=PLANE('',#3832);
#3458=PLANE('',#3833);
#3459=PLANE('',#3834);
#3460=PLANE('',#3837);
#3461=PLANE('',#3839);
#3462=PLANE('',#3842);
#3463=PLANE('',#3844);
#3464=PLANE('',#3847);
#3465=PLANE('',#3848);
#3466=PLANE('',#3851);
#3467=PLANE('',#3853);
#3468=PLANE('',#3856);
#3469=PLANE('',#3858);
#3470=PLANE('',#3859);
#3471=PLANE('',#3860);
#3472=PLANE('',#3863);
#3473=PLANE('',#3866);
#3474=PLANE('',#3868);
#3475=PLANE('',#3870);
#3476=PLANE('',#3873);
#3477=PLANE('',#3878);
#3478=PLANE('',#3881);
#3479=PLANE('',#3882);
#3480=PLANE('',#3885);
#3481=PLANE('',#3887);
#3482=PLANE('',#3889);
#3483=PLANE('',#3891);
#3484=PLANE('',#3893);
#3485=PLANE('',#3896);
#3486=PLANE('',#3897);
#3487=PLANE('',#3900);
#3488=PLANE('',#3906);
#3489=PLANE('',#3907);
#3490=PLANE('',#3908);
#3491=PLANE('',#3909);
#3492=PLANE('',#3910);
#3493=PLANE('',#3911);
#3494=PLANE('',#3912);
#3495=PLANE('',#3913);
#3496=PLANE('',#3914);
#3497=PLANE('',#3915);
#3498=PLANE('',#3916);
#3499=PLANE('',#3917);
#3500=PLANE('',#3918);
#3501=PLANE('',#3919);
#3502=PLANE('',#3923);
#3503=PLANE('',#3926);
#3504=PLANE('',#3929);
#3505=PLANE('',#3930);
#3506=PLANE('',#3933);
#3507=PLANE('',#3935);
#3508=PLANE('',#3937);
#3509=PLANE('',#3939);
#3510=PLANE('',#3941);
#3511=PLANE('',#3944);
#3512=PLANE('',#3945);
#3513=PLANE('',#3948);
#3514=PLANE('',#3953);
#3515=PLANE('',#3956);
#3516=PLANE('',#3957);
#3517=PLANE('',#3960);
#3518=PLANE('',#3962);
#3519=PLANE('',#3964);
#3520=PLANE('',#3966);
#3521=PLANE('',#3968);
#3522=PLANE('',#3971);
#3523=PLANE('',#3972);
#3524=PLANE('',#3975);
#3525=PLANE('',#3981);
#3526=PLANE('',#3982);
#3527=PLANE('',#3983);
#3528=PLANE('',#3984);
#3529=PLANE('',#3985);
#3530=PLANE('',#3986);
#3531=PLANE('',#3987);
#3532=PLANE('',#3988);
#3533=PLANE('',#3989);
#3534=PLANE('',#3990);
#3535=PLANE('',#3991);
#3536=PLANE('',#3992);
#3537=PLANE('',#3993);
#3538=PLANE('',#3994);
#3539=PLANE('',#3998);
#3540=PLANE('',#4001);
#3541=PLANE('',#4004);
#3542=PLANE('',#4005);
#3543=PLANE('',#4008);
#3544=PLANE('',#4010);
#3545=PLANE('',#4012);
#3546=PLANE('',#4014);
#3547=PLANE('',#4016);
#3548=PLANE('',#4019);
#3549=PLANE('',#4020);
#3550=PLANE('',#4026);
#3551=PLANE('',#4030);
#3552=PLANE('',#4031);
#3553=PLANE('',#4032);
#3554=PLANE('',#4036);
#3555=PLANE('',#4040);
#3556=PLANE('',#4044);
#3557=PLANE('',#4048);
#3558=PLANE('',#4049);
#3559=PLANE('',#4050);
#3560=PLANE('',#4054);
#3561=PLANE('',#4058);
#3562=PLANE('',#4059);
#3563=PLANE('',#4060);
#3564=ADVANCED_FACE('',(#3214),#3420,.T.);
#3565=ADVANCED_FACE('',(#3215),#3421,.T.);
#3566=ADVANCED_FACE('',(#3216),#3422,.T.);
#3567=ADVANCED_FACE('',(#3217),#3423,.T.);
#3568=ADVANCED_FACE('',(#3218),#3424,.T.);
#3569=ADVANCED_FACE('',(#3219),#3425,.T.);
#3570=ADVANCED_FACE('',(#3220),#3426,.T.);
#3571=ADVANCED_FACE('',(#3221),#3427,.T.);
#3572=ADVANCED_FACE('',(#3222),#3428,.T.);
#3573=ADVANCED_FACE('',(#3223),#3429,.T.);
#3574=ADVANCED_FACE('',(#3224),#3430,.T.);
#3575=ADVANCED_FACE('',(#3225),#3431,.T.);
#3576=ADVANCED_FACE('',(#3226,#3227),#28,.F.);
#3577=ADVANCED_FACE('',(#3228,#3229),#29,.F.);
#3578=ADVANCED_FACE('',(#3230),#3432,.T.);
#3579=ADVANCED_FACE('',(#3231),#3433,.T.);
#3580=ADVANCED_FACE('',(#3232),#3434,.T.);
#3581=ADVANCED_FACE('',(#3233),#3435,.T.);
#3582=ADVANCED_FACE('',(#3234),#3436,.T.);
#3583=ADVANCED_FACE('',(#3235),#3437,.T.);
#3584=ADVANCED_FACE('',(#3236),#3438,.T.);
#3585=ADVANCED_FACE('',(#3237),#3439,.T.);
#3586=ADVANCED_FACE('',(#3238),#3440,.T.);
#3587=ADVANCED_FACE('',(#3239),#3441,.T.);
#3588=ADVANCED_FACE('',(#3240),#3442,.T.);
#3589=ADVANCED_FACE('',(#3241),#3443,.T.);
#3590=ADVANCED_FACE('',(#3242),#3444,.T.);
#3591=ADVANCED_FACE('',(#3243),#3445,.T.);
#3592=ADVANCED_FACE('',(#3244),#3446,.T.);
#3593=ADVANCED_FACE('',(#3245),#3447,.T.);
#3594=ADVANCED_FACE('',(#3246,#3247),#30,.F.);
#3595=ADVANCED_FACE('',(#3248,#3249),#31,.F.);
#3596=ADVANCED_FACE('',(#3250),#3448,.T.);
#3597=ADVANCED_FACE('',(#3251),#3449,.T.);
#3598=ADVANCED_FACE('',(#3252),#3450,.T.);
#3599=ADVANCED_FACE('',(#3253),#3451,.T.);
#3600=ADVANCED_FACE('',(#3254),#3452,.T.);
#3601=ADVANCED_FACE('',(#3255),#3453,.T.);
#3602=ADVANCED_FACE('',(#3256),#3454,.T.);
#3603=ADVANCED_FACE('',(#3257),#3455,.T.);
#3604=ADVANCED_FACE('',(#3258),#3456,.T.);
#3605=ADVANCED_FACE('',(#3259),#3457,.T.);
#3606=ADVANCED_FACE('',(#3260),#3458,.T.);
#3607=ADVANCED_FACE('',(#3261),#3459,.T.);
#3608=ADVANCED_FACE('',(#3262),#3460,.T.);
#3609=ADVANCED_FACE('',(#3263),#3461,.T.);
#3610=ADVANCED_FACE('',(#3264),#3462,.T.);
#3611=ADVANCED_FACE('',(#3265),#3463,.T.);
#3612=ADVANCED_FACE('',(#3266,#3267),#32,.F.);
#3613=ADVANCED_FACE('',(#3268),#3464,.T.);
#3614=ADVANCED_FACE('',(#3269),#3465,.T.);
#3615=ADVANCED_FACE('',(#3270),#3466,.T.);
#3616=ADVANCED_FACE('',(#3271),#3467,.T.);
#3617=ADVANCED_FACE('',(#3272),#3468,.T.);
#3618=ADVANCED_FACE('',(#3273),#3469,.T.);
#3619=ADVANCED_FACE('',(#3274),#3470,.T.);
#3620=ADVANCED_FACE('',(#3275),#3471,.T.);
#3621=ADVANCED_FACE('',(#3276),#3472,.T.);
#3622=ADVANCED_FACE('',(#3277),#3473,.T.);
#3623=ADVANCED_FACE('',(#3278),#3474,.T.);
#3624=ADVANCED_FACE('',(#3279),#3475,.T.);
#3625=ADVANCED_FACE('',(#3280,#3281),#33,.F.);
#3626=ADVANCED_FACE('',(#3282),#3476,.T.);
#3627=ADVANCED_FACE('',(#3283),#3477,.T.);
#3628=ADVANCED_FACE('',(#3284),#3478,.T.);
#3629=ADVANCED_FACE('',(#3285),#3479,.T.);
#3630=ADVANCED_FACE('',(#3286),#3480,.T.);
#3631=ADVANCED_FACE('',(#3287),#3481,.T.);
#3632=ADVANCED_FACE('',(#3288),#3482,.T.);
#3633=ADVANCED_FACE('',(#3289),#3483,.T.);
#3634=ADVANCED_FACE('',(#3290),#3484,.T.);
#3635=ADVANCED_FACE('',(#3291),#3485,.T.);
#3636=ADVANCED_FACE('',(#3292),#3486,.T.);
#3637=ADVANCED_FACE('',(#3293),#3487,.T.);
#3638=ADVANCED_FACE('',(#3294),#34,.T.);
#3639=ADVANCED_FACE('',(#3295),#3488,.T.);
#3640=ADVANCED_FACE('',(#3296),#3489,.T.);
#3641=ADVANCED_FACE('',(#3297),#3490,.T.);
#3642=ADVANCED_FACE('',(#3298),#3491,.T.);
#3643=ADVANCED_FACE('',(#3299),#3492,.T.);
#3644=ADVANCED_FACE('',(#3300),#3493,.T.);
#3645=ADVANCED_FACE('',(#3301),#3494,.T.);
#3646=ADVANCED_FACE('',(#3302),#3495,.T.);
#3647=ADVANCED_FACE('',(#3303),#3496,.T.);
#3648=ADVANCED_FACE('',(#3304),#3497,.T.);
#3649=ADVANCED_FACE('',(#3305),#3498,.T.);
#3650=ADVANCED_FACE('',(#3306),#3499,.T.);
#3651=ADVANCED_FACE('',(#3307),#3500,.T.);
#3652=ADVANCED_FACE('',(#3308),#3501,.T.);
#3653=ADVANCED_FACE('',(#3309),#35,.T.);
#3654=ADVANCED_FACE('',(#3310),#3502,.T.);
#3655=ADVANCED_FACE('',(#3311),#3503,.T.);
#3656=ADVANCED_FACE('',(#3312),#3504,.T.);
#3657=ADVANCED_FACE('',(#3313),#3505,.T.);
#3658=ADVANCED_FACE('',(#3314),#3506,.T.);
#3659=ADVANCED_FACE('',(#3315),#3507,.T.);
#3660=ADVANCED_FACE('',(#3316),#3508,.T.);
#3661=ADVANCED_FACE('',(#3317),#3509,.T.);
#3662=ADVANCED_FACE('',(#3318),#3510,.T.);
#3663=ADVANCED_FACE('',(#3319),#3511,.T.);
#3664=ADVANCED_FACE('',(#3320),#3512,.T.);
#3665=ADVANCED_FACE('',(#3321),#3513,.T.);
#3666=ADVANCED_FACE('',(#3322),#3514,.T.);
#3667=ADVANCED_FACE('',(#3323),#3515,.T.);
#3668=ADVANCED_FACE('',(#3324),#3516,.T.);
#3669=ADVANCED_FACE('',(#3325),#3517,.T.);
#3670=ADVANCED_FACE('',(#3326),#3518,.T.);
#3671=ADVANCED_FACE('',(#3327),#3519,.T.);
#3672=ADVANCED_FACE('',(#3328),#3520,.T.);
#3673=ADVANCED_FACE('',(#3329),#3521,.T.);
#3674=ADVANCED_FACE('',(#3330),#3522,.T.);
#3675=ADVANCED_FACE('',(#3331),#3523,.T.);
#3676=ADVANCED_FACE('',(#3332),#3524,.T.);
#3677=ADVANCED_FACE('',(#3333),#36,.T.);
#3678=ADVANCED_FACE('',(#3334),#3525,.T.);
#3679=ADVANCED_FACE('',(#3335),#3526,.T.);
#3680=ADVANCED_FACE('',(#3336),#3527,.T.);
#3681=ADVANCED_FACE('',(#3337),#3528,.T.);
#3682=ADVANCED_FACE('',(#3338),#3529,.T.);
#3683=ADVANCED_FACE('',(#3339),#3530,.T.);
#3684=ADVANCED_FACE('',(#3340),#3531,.T.);
#3685=ADVANCED_FACE('',(#3341),#3532,.T.);
#3686=ADVANCED_FACE('',(#3342),#3533,.T.);
#3687=ADVANCED_FACE('',(#3343),#3534,.T.);
#3688=ADVANCED_FACE('',(#3344),#3535,.T.);
#3689=ADVANCED_FACE('',(#3345),#3536,.T.);
#3690=ADVANCED_FACE('',(#3346),#3537,.T.);
#3691=ADVANCED_FACE('',(#3347),#3538,.T.);
#3692=ADVANCED_FACE('',(#3348),#37,.T.);
#3693=ADVANCED_FACE('',(#3349),#3539,.T.);
#3694=ADVANCED_FACE('',(#3350),#3540,.T.);
#3695=ADVANCED_FACE('',(#3351),#3541,.T.);
#3696=ADVANCED_FACE('',(#3352),#3542,.T.);
#3697=ADVANCED_FACE('',(#3353),#3543,.T.);
#3698=ADVANCED_FACE('',(#3354),#3544,.T.);
#3699=ADVANCED_FACE('',(#3355),#3545,.T.);
#3700=ADVANCED_FACE('',(#3356),#3546,.T.);
#3701=ADVANCED_FACE('',(#3357),#3547,.T.);
#3702=ADVANCED_FACE('',(#3358),#3548,.T.);
#3703=ADVANCED_FACE('',(#3359),#3549,.T.);
#3704=ADVANCED_FACE('',(#3360),#38,.F.);
#3705=ADVANCED_FACE('',(#3361),#3550,.F.);
#3706=ADVANCED_FACE('',(#3362),#39,.T.);
#3707=ADVANCED_FACE('',(#3363),#3551,.F.);
#3708=ADVANCED_FACE('',(#3364),#3552,.F.);
#3709=ADVANCED_FACE('',(#3365),#3553,.F.);
#3710=ADVANCED_FACE('',(#3366),#40,.T.);
#3711=ADVANCED_FACE('',(#3367),#3554,.F.);
#3712=ADVANCED_FACE('',(#3368),#41,.F.);
#3713=ADVANCED_FACE('',(#3369),#3555,.F.);
#3714=ADVANCED_FACE('',(#3370),#42,.F.);
#3715=ADVANCED_FACE('',(#3371),#3556,.F.);
#3716=ADVANCED_FACE('',(#3372),#43,.T.);
#3717=ADVANCED_FACE('',(#3373),#3557,.F.);
#3718=ADVANCED_FACE('',(#3374),#3558,.F.);
#3719=ADVANCED_FACE('',(#3375),#3559,.F.);
#3720=ADVANCED_FACE('',(#3376),#44,.T.);
#3721=ADVANCED_FACE('',(#3377),#3560,.F.);
#3722=ADVANCED_FACE('',(#3378),#45,.F.);
#3723=ADVANCED_FACE('',(#3379),#3561,.F.);
#3724=ADVANCED_FACE('',(#3380,#3381,#3382,#3383),#3562,.F.);
#3725=ADVANCED_FACE('',(#3384,#3385,#3386,#3387),#3563,.T.);
#3726=ADVANCED_FACE('',(#3388,#3389,#3390,#3391),#46,.F.);
#3727=ADVANCED_FACE('',(#3392),#47,.F.);
#3728=ADVANCED_FACE('',(#3393),#48,.F.);
#3729=ADVANCED_FACE('',(#3394),#49,.F.);
#3730=ADVANCED_FACE('',(#3395),#50,.F.);
#3731=ADVANCED_FACE('',(#3396,#3397,#3398,#3399),#51,.F.);
#3732=ADVANCED_FACE('',(#3400),#52,.F.);
#3733=ADVANCED_FACE('',(#3401),#53,.F.);
#3734=ADVANCED_FACE('',(#3402),#54,.F.);
#3735=ADVANCED_FACE('',(#3403),#55,.F.);
#3736=ADVANCED_FACE('',(#3404),#56,.F.);
#3737=ADVANCED_FACE('',(#3405,#3406,#3407,#3408),#57,.F.);
#3738=ADVANCED_FACE('',(#3409),#58,.F.);
#3739=ADVANCED_FACE('',(#3410),#59,.F.);
#3740=ADVANCED_FACE('',(#3411),#60,.F.);
#3741=ADVANCED_FACE('',(#3412),#61,.F.);
#3742=ADVANCED_FACE('',(#3413,#3414,#3415,#3416),#62,.F.);
#3743=ADVANCED_FACE('',(#3417),#63,.F.);
#3744=ADVANCED_FACE('',(#3418),#64,.F.);
#3745=ADVANCED_FACE('',(#3419),#65,.F.);
#3746=CLOSED_SHELL('',(#3564,#3565,#3566,#3567,#3568,#3569,#3570,#3571,
#3572,#3573,#3574,#3575,#3576,#3577,#3578,#3579,#3580,#3581,#3582,#3583,
#3584,#3585,#3586,#3587,#3588,#3589,#3590,#3591,#3592,#3593,#3594,#3595,
#3596,#3597,#3598,#3599,#3600,#3601,#3602,#3603,#3604,#3605,#3606,#3607,
#3608,#3609,#3610,#3611,#3612,#3613,#3614,#3615,#3616,#3617,#3618,#3619,
#3620,#3621,#3622,#3623,#3624,#3625,#3626,#3627,#3628,#3629,#3630,#3631,
#3632,#3633,#3634,#3635,#3636,#3637,#3638,#3639,#3640,#3641,#3642,#3643,
#3644,#3645,#3646,#3647,#3648,#3649,#3650,#3651,#3652,#3653,#3654,#3655,
#3656,#3657,#3658,#3659,#3660,#3661,#3662,#3663,#3664,#3665,#3666,#3667,
#3668,#3669,#3670,#3671,#3672,#3673,#3674,#3675,#3676,#3677,#3678,#3679,
#3680,#3681,#3682,#3683,#3684,#3685,#3686,#3687,#3688,#3689,#3690,#3691,
#3692,#3693,#3694,#3695,#3696,#3697,#3698,#3699,#3700,#3701,#3702,#3703,
#3704,#3705,#3706,#3707,#3708,#3709,#3710,#3711,#3712,#3713,#3714,#3715,
#3716,#3717,#3718,#3719,#3720,#3721,#3722,#3723,#3724,#3725,#3726,#3727,
#3728,#3729,#3730,#3731,#3732,#3733,#3734,#3735,#3736,#3737,#3738,#3739,
#3740,#3741,#3742,#3743,#3744,#3745));
#3747=STYLED_ITEM('',(#3748),#3755);
#3748=PRESENTATION_STYLE_ASSIGNMENT((#3749));
#3749=SURFACE_STYLE_USAGE(.BOTH.,#3750);
#3750=SURFACE_SIDE_STYLE('',(#3751));
#3751=SURFACE_STYLE_FILL_AREA(#3752);
#3752=FILL_AREA_STYLE('',(#3753));
#3753=FILL_AREA_STYLE_COLOUR('',#3754);
#3754=COLOUR_RGB('',0.689999997615814,0.689999997615814,0.689999997615814);
#3755=MANIFOLD_SOLID_BREP('HFSB5-2040-740-AH290-BH450',#3746);
#3756=SHAPE_DEFINITION_REPRESENTATION(#6372,#3757);
#3757=SHAPE_REPRESENTATION('HFSB5-2040-740-AH290-BH450',(#3758),#6367);
#3758=AXIS2_PLACEMENT_3D('',#5125,#4081,#4082);
#3759=AXIS2_PLACEMENT_3D('',#5126,#4083,#4084);
#3760=AXIS2_PLACEMENT_3D('',#5135,#4089,#4090);
#3761=AXIS2_PLACEMENT_3D('',#5144,#4095,#4096);
#3762=AXIS2_PLACEMENT_3D('',#5148,#4098,#4099);
#3763=AXIS2_PLACEMENT_3D('',#5153,#4102,#4103);
#3764=AXIS2_PLACEMENT_3D('',#5157,#4105,#4106);
#3765=AXIS2_PLACEMENT_3D('',#5159,#4108,#4109);
#3766=AXIS2_PLACEMENT_3D('',#5168,#4114,#4115);
#3767=AXIS2_PLACEMENT_3D('',#5177,#4120,#4121);
#3768=AXIS2_PLACEMENT_3D('',#5186,#4126,#4127);
#3769=AXIS2_PLACEMENT_3D('',#5195,#4132,#4133);
#3770=AXIS2_PLACEMENT_3D('',#5199,#4135,#4136);
#3771=AXIS2_PLACEMENT_3D('',#5204,#4139,#4140);
#3772=AXIS2_PLACEMENT_3D('',#5208,#4142,#4143);
#3773=AXIS2_PLACEMENT_3D('',#5213,#4146,#4147);
#3774=AXIS2_PLACEMENT_3D('',#5222,#4152,#4153);
#3775=AXIS2_PLACEMENT_3D('',#5231,#4158,#4159);
#3776=AXIS2_PLACEMENT_3D('',#5272,#4160,#4161);
#3777=AXIS2_PLACEMENT_3D('',#5273,#4162,#4163);
#3778=AXIS2_PLACEMENT_3D('',#5295,#4164,#4165);
#3779=AXIS2_PLACEMENT_3D('',#5299,#4167,#4168);
#3780=AXIS2_PLACEMENT_3D('',#5303,#4170,#4171);
#3781=AXIS2_PLACEMENT_3D('',#5304,#4172,#4173);
#3782=AXIS2_PLACEMENT_3D('',#5305,#4174,#4175);
#3783=AXIS2_PLACEMENT_3D('',#5309,#4177,#4178);
#3784=AXIS2_PLACEMENT_3D('',#5310,#4179,#4180);
#3785=AXIS2_PLACEMENT_3D('',#5314,#4182,#4183);
#3786=AXIS2_PLACEMENT_3D('',#5318,#4185,#4186);
#3787=AXIS2_PLACEMENT_3D('',#5319,#4187,#4188);
#3788=AXIS2_PLACEMENT_3D('',#5323,#4190,#4191);
#3789=AXIS2_PLACEMENT_3D('',#5327,#4193,#4194);
#3790=AXIS2_PLACEMENT_3D('',#5328,#4195,#4196);
#3791=AXIS2_PLACEMENT_3D('',#5337,#4201,#4202);
#3792=AXIS2_PLACEMENT_3D('',#5346,#4207,#4208);
#3793=AXIS2_PLACEMENT_3D('',#5350,#4210,#4211);
#3794=AXIS2_PLACEMENT_3D('',#5355,#4214,#4215);
#3795=AXIS2_PLACEMENT_3D('',#5359,#4217,#4218);
#3796=AXIS2_PLACEMENT_3D('',#5364,#4221,#4222);
#3797=AXIS2_PLACEMENT_3D('',#5373,#4227,#4228);
#3798=AXIS2_PLACEMENT_3D('',#5382,#4233,#4234);
#3799=AXIS2_PLACEMENT_3D('',#5391,#4239,#4240);
#3800=AXIS2_PLACEMENT_3D('',#5400,#4245,#4246);
#3801=AXIS2_PLACEMENT_3D('',#5404,#4248,#4249);
#3802=AXIS2_PLACEMENT_3D('',#5409,#4252,#4253);
#3803=AXIS2_PLACEMENT_3D('',#5413,#4255,#4256);
#3804=AXIS2_PLACEMENT_3D('',#5415,#4258,#4259);
#3805=AXIS2_PLACEMENT_3D('',#5424,#4264,#4265);
#3806=AXIS2_PLACEMENT_3D('',#5433,#4270,#4271);
#3807=AXIS2_PLACEMENT_3D('',#5474,#4272,#4273);
#3808=AXIS2_PLACEMENT_3D('',#5475,#4274,#4275);
#3809=AXIS2_PLACEMENT_3D('',#5497,#4276,#4277);
#3810=AXIS2_PLACEMENT_3D('',#5501,#4279,#4280);
#3811=AXIS2_PLACEMENT_3D('',#5505,#4282,#4283);
#3812=AXIS2_PLACEMENT_3D('',#5506,#4284,#4285);
#3813=AXIS2_PLACEMENT_3D('',#5510,#4287,#4288);
#3814=AXIS2_PLACEMENT_3D('',#5514,#4290,#4291);
#3815=AXIS2_PLACEMENT_3D('',#5515,#4292,#4293);
#3816=AXIS2_PLACEMENT_3D('',#5519,#4295,#4296);
#3817=AXIS2_PLACEMENT_3D('',#5523,#4298,#4299);
#3818=AXIS2_PLACEMENT_3D('',#5524,#4300,#4301);
#3819=AXIS2_PLACEMENT_3D('',#5525,#4302,#4303);
#3820=AXIS2_PLACEMENT_3D('',#5529,#4305,#4306);
#3821=AXIS2_PLACEMENT_3D('',#5530,#4307,#4308);
#3822=AXIS2_PLACEMENT_3D('',#5539,#4313,#4314);
#3823=AXIS2_PLACEMENT_3D('',#5543,#4316,#4317);
#3824=AXIS2_PLACEMENT_3D('',#5547,#4319,#4320);
#3825=AXIS2_PLACEMENT_3D('',#5548,#4321,#4322);
#3826=AXIS2_PLACEMENT_3D('',#5549,#4323,#4324);
#3827=AXIS2_PLACEMENT_3D('',#5550,#4325,#4326);
#3828=AXIS2_PLACEMENT_3D('',#5551,#4327,#4328);
#3829=AXIS2_PLACEMENT_3D('',#5555,#4330,#4331);
#3830=AXIS2_PLACEMENT_3D('',#5560,#4334,#4335);
#3831=AXIS2_PLACEMENT_3D('',#5561,#4336,#4337);
#3832=AXIS2_PLACEMENT_3D('',#5566,#4340,#4341);
#3833=AXIS2_PLACEMENT_3D('',#5575,#4346,#4347);
#3834=AXIS2_PLACEMENT_3D('',#5584,#4352,#4353);
#3835=AXIS2_PLACEMENT_3D('',#5588,#4355,#4356);
#3836=AXIS2_PLACEMENT_3D('',#5589,#4357,#4358);
#3837=AXIS2_PLACEMENT_3D('',#5590,#4359,#4360);
#3838=AXIS2_PLACEMENT_3D('',#5594,#4362,#4363);
#3839=AXIS2_PLACEMENT_3D('',#5599,#4366,#4367);
#3840=AXIS2_PLACEMENT_3D('',#5600,#4368,#4369);
#3841=AXIS2_PLACEMENT_3D('',#5601,#4370,#4371);
#3842=AXIS2_PLACEMENT_3D('',#5602,#4372,#4373);
#3843=AXIS2_PLACEMENT_3D('',#5606,#4375,#4376);
#3844=AXIS2_PLACEMENT_3D('',#5611,#4379,#4380);
#3845=AXIS2_PLACEMENT_3D('',#5620,#4385,#4386);
#3846=AXIS2_PLACEMENT_3D('',#5641,#4387,#4388);
#3847=AXIS2_PLACEMENT_3D('',#5643,#4389,#4390);
#3848=AXIS2_PLACEMENT_3D('',#5652,#4395,#4396);
#3849=AXIS2_PLACEMENT_3D('',#5656,#4398,#4399);
#3850=AXIS2_PLACEMENT_3D('',#5657,#4400,#4401);
#3851=AXIS2_PLACEMENT_3D('',#5658,#4402,#4403);
#3852=AXIS2_PLACEMENT_3D('',#5662,#4405,#4406);
#3853=AXIS2_PLACEMENT_3D('',#5667,#4409,#4410);
#3854=AXIS2_PLACEMENT_3D('',#5668,#4411,#4412);
#3855=AXIS2_PLACEMENT_3D('',#5669,#4413,#4414);
#3856=AXIS2_PLACEMENT_3D('',#5670,#4415,#4416);
#3857=AXIS2_PLACEMENT_3D('',#5674,#4418,#4419);
#3858=AXIS2_PLACEMENT_3D('',#5679,#4422,#4423);
#3859=AXIS2_PLACEMENT_3D('',#5688,#4428,#4429);
#3860=AXIS2_PLACEMENT_3D('',#5697,#4434,#4435);
#3861=AXIS2_PLACEMENT_3D('',#5701,#4437,#4438);
#3862=AXIS2_PLACEMENT_3D('',#5705,#4440,#4441);
#3863=AXIS2_PLACEMENT_3D('',#5706,#4442,#4443);
#3864=AXIS2_PLACEMENT_3D('',#5707,#4444,#4445);
#3865=AXIS2_PLACEMENT_3D('',#5708,#4446,#4447);
#3866=AXIS2_PLACEMENT_3D('',#5709,#4448,#4449);
#3867=AXIS2_PLACEMENT_3D('',#5713,#4451,#4452);
#3868=AXIS2_PLACEMENT_3D('',#5718,#4455,#4456);
#3869=AXIS2_PLACEMENT_3D('',#5719,#4457,#4458);
#3870=AXIS2_PLACEMENT_3D('',#5724,#4461,#4462);
#3871=AXIS2_PLACEMENT_3D('',#5733,#4467,#4468);
#3872=AXIS2_PLACEMENT_3D('',#5754,#4469,#4470);
#3873=AXIS2_PLACEMENT_3D('',#5756,#4471,#4472);
#3874=AXIS2_PLACEMENT_3D('',#5757,#4473,#4474);
#3875=AXIS2_PLACEMENT_3D('',#5758,#4475,#4476);
#3876=AXIS2_PLACEMENT_3D('',#5760,#4478,#4479);
#3877=AXIS2_PLACEMENT_3D('',#5761,#4480,#4481);
#3878=AXIS2_PLACEMENT_3D('',#5763,#4483,#4484);
#3879=AXIS2_PLACEMENT_3D('',#5764,#4485,#4486);
#3880=AXIS2_PLACEMENT_3D('',#5770,#4490,#4491);
#3881=AXIS2_PLACEMENT_3D('',#5771,#4492,#4493);
#3882=AXIS2_PLACEMENT_3D('',#5777,#4497,#4498);
#3883=AXIS2_PLACEMENT_3D('',#5778,#4499,#4500);
#3884=AXIS2_PLACEMENT_3D('',#5779,#4501,#4502);
#3885=AXIS2_PLACEMENT_3D('',#5785,#4506,#4507);
#3886=AXIS2_PLACEMENT_3D('',#5786,#4508,#4509);
#3887=AXIS2_PLACEMENT_3D('',#5791,#4512,#4513);
#3888=AXIS2_PLACEMENT_3D('',#5792,#4514,#4515);
#3889=AXIS2_PLACEMENT_3D('',#5794,#4517,#4518);
#3890=AXIS2_PLACEMENT_3D('',#5798,#4520,#4521);
#3891=AXIS2_PLACEMENT_3D('',#5800,#4523,#4524);
#3892=AXIS2_PLACEMENT_3D('',#5804,#4526,#4527);
#3893=AXIS2_PLACEMENT_3D('',#5806,#4529,#4530);
#3894=AXIS2_PLACEMENT_3D('',#5807,#4531,#4532);
#3895=AXIS2_PLACEMENT_3D('',#5813,#4536,#4537);
#3896=AXIS2_PLACEMENT_3D('',#5814,#4538,#4539);
#3897=AXIS2_PLACEMENT_3D('',#5820,#4543,#4544);
#3898=AXIS2_PLACEMENT_3D('',#5821,#4545,#4546);
#3899=AXIS2_PLACEMENT_3D('',#5822,#4547,#4548);
#3900=AXIS2_PLACEMENT_3D('',#5825,#4551,#4552);
#3901=AXIS2_PLACEMENT_3D('',#5826,#4553,#4554);
#3902=AXIS2_PLACEMENT_3D('',#5832,#4558,#4559);
#3903=AXIS2_PLACEMENT_3D('',#5833,#4560,#4561);
#3904=AXIS2_PLACEMENT_3D('',#5834,#4562,#4563);
#3905=AXIS2_PLACEMENT_3D('',#5836,#4564,#4565);
#3906=AXIS2_PLACEMENT_3D('',#5839,#4567,#4568);
#3907=AXIS2_PLACEMENT_3D('',#5845,#4572,#4573);
#3908=AXIS2_PLACEMENT_3D('',#5851,#4577,#4578);
#3909=AXIS2_PLACEMENT_3D('',#5857,#4582,#4583);
#3910=AXIS2_PLACEMENT_3D('',#5863,#4587,#4588);
#3911=AXIS2_PLACEMENT_3D('',#5869,#4592,#4593);
#3912=AXIS2_PLACEMENT_3D('',#5875,#4597,#4598);
#3913=AXIS2_PLACEMENT_3D('',#5881,#4602,#4603);
#3914=AXIS2_PLACEMENT_3D('',#5887,#4607,#4608);
#3915=AXIS2_PLACEMENT_3D('',#5893,#4612,#4613);
#3916=AXIS2_PLACEMENT_3D('',#5899,#4617,#4618);
#3917=AXIS2_PLACEMENT_3D('',#5905,#4622,#4623);
#3918=AXIS2_PLACEMENT_3D('',#5911,#4627,#4628);
#3919=AXIS2_PLACEMENT_3D('',#5917,#4632,#4633);
#3920=AXIS2_PLACEMENT_3D('',#5923,#4637,#4638);
#3921=AXIS2_PLACEMENT_3D('',#5924,#4639,#4640);
#3922=AXIS2_PLACEMENT_3D('',#5926,#4641,#4642);
#3923=AXIS2_PLACEMENT_3D('',#5929,#4644,#4645);
#3924=AXIS2_PLACEMENT_3D('',#5930,#4646,#4647);
#3925=AXIS2_PLACEMENT_3D('',#5931,#4648,#4649);
#3926=AXIS2_PLACEMENT_3D('',#5934,#4652,#4653);
#3927=AXIS2_PLACEMENT_3D('',#5935,#4654,#4655);
#3928=AXIS2_PLACEMENT_3D('',#5941,#4659,#4660);
#3929=AXIS2_PLACEMENT_3D('',#5942,#4661,#4662);
#3930=AXIS2_PLACEMENT_3D('',#5948,#4666,#4667);
#3931=AXIS2_PLACEMENT_3D('',#5949,#4668,#4669);
#3932=AXIS2_PLACEMENT_3D('',#5950,#4670,#4671);
#3933=AXIS2_PLACEMENT_3D('',#5956,#4675,#4676);
#3934=AXIS2_PLACEMENT_3D('',#5957,#4677,#4678);
#3935=AXIS2_PLACEMENT_3D('',#5959,#4680,#4681);
#3936=AXIS2_PLACEMENT_3D('',#5960,#4682,#4683);
#3937=AXIS2_PLACEMENT_3D('',#5962,#4685,#4686);
#3938=AXIS2_PLACEMENT_3D('',#5963,#4687,#4688);
#3939=AXIS2_PLACEMENT_3D('',#5965,#4690,#4691);
#3940=AXIS2_PLACEMENT_3D('',#5969,#4693,#4694);
#3941=AXIS2_PLACEMENT_3D('',#5971,#4696,#4697);
#3942=AXIS2_PLACEMENT_3D('',#5972,#4698,#4699);
#3943=AXIS2_PLACEMENT_3D('',#5978,#4703,#4704);
#3944=AXIS2_PLACEMENT_3D('',#5979,#4705,#4706);
#3945=AXIS2_PLACEMENT_3D('',#5985,#4710,#4711);
#3946=AXIS2_PLACEMENT_3D('',#5986,#4712,#4713);
#3947=AXIS2_PLACEMENT_3D('',#5987,#4714,#4715);
#3948=AXIS2_PLACEMENT_3D('',#5990,#4718,#4719);
#3949=AXIS2_PLACEMENT_3D('',#5991,#4720,#4721);
#3950=AXIS2_PLACEMENT_3D('',#5993,#4723,#4724);
#3951=AXIS2_PLACEMENT_3D('',#5994,#4725,#4726);
#3952=AXIS2_PLACEMENT_3D('',#5996,#4728,#4729);
#3953=AXIS2_PLACEMENT_3D('',#5997,#4730,#4731);
#3954=AXIS2_PLACEMENT_3D('',#5998,#4732,#4733);
#3955=AXIS2_PLACEMENT_3D('',#6004,#4737,#4738);
#3956=AXIS2_PLACEMENT_3D('',#6005,#4739,#4740);
#3957=AXIS2_PLACEMENT_3D('',#6011,#4744,#4745);
#3958=AXIS2_PLACEMENT_3D('',#6012,#4746,#4747);
#3959=AXIS2_PLACEMENT_3D('',#6013,#4748,#4749);
#3960=AXIS2_PLACEMENT_3D('',#6019,#4753,#4754);
#3961=AXIS2_PLACEMENT_3D('',#6020,#4755,#4756);
#3962=AXIS2_PLACEMENT_3D('',#6022,#4758,#4759);
#3963=AXIS2_PLACEMENT_3D('',#6023,#4760,#4761);
#3964=AXIS2_PLACEMENT_3D('',#6025,#4763,#4764);
#3965=AXIS2_PLACEMENT_3D('',#6026,#4765,#4766);
#3966=AXIS2_PLACEMENT_3D('',#6028,#4768,#4769);
#3967=AXIS2_PLACEMENT_3D('',#6032,#4771,#4772);
#3968=AXIS2_PLACEMENT_3D('',#6034,#4774,#4775);
#3969=AXIS2_PLACEMENT_3D('',#6035,#4776,#4777);
#3970=AXIS2_PLACEMENT_3D('',#6041,#4781,#4782);
#3971=AXIS2_PLACEMENT_3D('',#6042,#4783,#4784);
#3972=AXIS2_PLACEMENT_3D('',#6048,#4788,#4789);
#3973=AXIS2_PLACEMENT_3D('',#6049,#4790,#4791);
#3974=AXIS2_PLACEMENT_3D('',#6050,#4792,#4793);
#3975=AXIS2_PLACEMENT_3D('',#6053,#4796,#4797);
#3976=AXIS2_PLACEMENT_3D('',#6054,#4798,#4799);
#3977=AXIS2_PLACEMENT_3D('',#6060,#4803,#4804);
#3978=AXIS2_PLACEMENT_3D('',#6061,#4805,#4806);
#3979=AXIS2_PLACEMENT_3D('',#6062,#4807,#4808);
#3980=AXIS2_PLACEMENT_3D('',#6064,#4809,#4810);
#3981=AXIS2_PLACEMENT_3D('',#6067,#4812,#4813);
#3982=AXIS2_PLACEMENT_3D('',#6073,#4817,#4818);
#3983=AXIS2_PLACEMENT_3D('',#6079,#4822,#4823);
#3984=AXIS2_PLACEMENT_3D('',#6085,#4827,#4828);
#3985=AXIS2_PLACEMENT_3D('',#6091,#4832,#4833);
#3986=AXIS2_PLACEMENT_3D('',#6097,#4837,#4838);
#3987=AXIS2_PLACEMENT_3D('',#6103,#4842,#4843);
#3988=AXIS2_PLACEMENT_3D('',#6109,#4847,#4848);
#3989=AXIS2_PLACEMENT_3D('',#6115,#4852,#4853);
#3990=AXIS2_PLACEMENT_3D('',#6121,#4857,#4858);
#3991=AXIS2_PLACEMENT_3D('',#6127,#4862,#4863);
#3992=AXIS2_PLACEMENT_3D('',#6133,#4867,#4868);
#3993=AXIS2_PLACEMENT_3D('',#6139,#4872,#4873);
#3994=AXIS2_PLACEMENT_3D('',#6145,#4877,#4878);
#3995=AXIS2_PLACEMENT_3D('',#6151,#4882,#4883);
#3996=AXIS2_PLACEMENT_3D('',#6152,#4884,#4885);
#3997=AXIS2_PLACEMENT_3D('',#6154,#4886,#4887);
#3998=AXIS2_PLACEMENT_3D('',#6157,#4889,#4890);
#3999=AXIS2_PLACEMENT_3D('',#6158,#4891,#4892);
#4000=AXIS2_PLACEMENT_3D('',#6159,#4893,#4894);
#4001=AXIS2_PLACEMENT_3D('',#6162,#4897,#4898);
#4002=AXIS2_PLACEMENT_3D('',#6163,#4899,#4900);
#4003=AXIS2_PLACEMENT_3D('',#6169,#4904,#4905);
#4004=AXIS2_PLACEMENT_3D('',#6170,#4906,#4907);
#4005=AXIS2_PLACEMENT_3D('',#6176,#4911,#4912);
#4006=AXIS2_PLACEMENT_3D('',#6177,#4913,#4914);
#4007=AXIS2_PLACEMENT_3D('',#6178,#4915,#4916);
#4008=AXIS2_PLACEMENT_3D('',#6184,#4920,#4921);
#4009=AXIS2_PLACEMENT_3D('',#6185,#4922,#4923);
#4010=AXIS2_PLACEMENT_3D('',#6190,#4926,#4927);
#4011=AXIS2_PLACEMENT_3D('',#6191,#4928,#4929);
#4012=AXIS2_PLACEMENT_3D('',#6193,#4931,#4932);
#4013=AXIS2_PLACEMENT_3D('',#6197,#4934,#4935);
#4014=AXIS2_PLACEMENT_3D('',#6199,#4937,#4938);
#4015=AXIS2_PLACEMENT_3D('',#6203,#4940,#4941);
#4016=AXIS2_PLACEMENT_3D('',#6205,#4943,#4944);
#4017=AXIS2_PLACEMENT_3D('',#6206,#4945,#4946);
#4018=AXIS2_PLACEMENT_3D('',#6212,#4950,#4951);
#4019=AXIS2_PLACEMENT_3D('',#6213,#4952,#4953);
#4020=AXIS2_PLACEMENT_3D('',#6219,#4957,#4958);
#4021=AXIS2_PLACEMENT_3D('',#6220,#4959,#4960);
#4022=AXIS2_PLACEMENT_3D('',#6221,#4961,#4962);
#4023=AXIS2_PLACEMENT_3D('',#6224,#4965,#4966);
#4024=AXIS2_PLACEMENT_3D('',#6225,#4967,#4968);
#4025=AXIS2_PLACEMENT_3D('',#6230,#4970,#4971);
#4026=AXIS2_PLACEMENT_3D('',#6233,#4973,#4974);
#4027=AXIS2_PLACEMENT_3D('',#6239,#4978,#4979);
#4028=AXIS2_PLACEMENT_3D('',#6240,#4980,#4981);
#4029=AXIS2_PLACEMENT_3D('',#6242,#4982,#4983);
#4030=AXIS2_PLACEMENT_3D('',#6245,#4985,#4986);
#4031=AXIS2_PLACEMENT_3D('',#6251,#4990,#4991);
#4032=AXIS2_PLACEMENT_3D('',#6257,#4995,#4996);
#4033=AXIS2_PLACEMENT_3D('',#6263,#5000,#5001);
#4034=AXIS2_PLACEMENT_3D('',#6264,#5002,#5003);
#4035=AXIS2_PLACEMENT_3D('',#6266,#5004,#5005);
#4036=AXIS2_PLACEMENT_3D('',#6269,#5007,#5008);
#4037=AXIS2_PLACEMENT_3D('',#6275,#5012,#5013);
#4038=AXIS2_PLACEMENT_3D('',#6276,#5014,#5015);
#4039=AXIS2_PLACEMENT_3D('',#6278,#5016,#5017);
#4040=AXIS2_PLACEMENT_3D('',#6281,#5019,#5020);
#4041=AXIS2_PLACEMENT_3D('',#6287,#5024,#5025);
#4042=AXIS2_PLACEMENT_3D('',#6288,#5026,#5027);
#4043=AXIS2_PLACEMENT_3D('',#6290,#5028,#5029);
#4044=AXIS2_PLACEMENT_3D('',#6293,#5031,#5032);
#4045=AXIS2_PLACEMENT_3D('',#6299,#5036,#5037);
#4046=AXIS2_PLACEMENT_3D('',#6300,#5038,#5039);
#4047=AXIS2_PLACEMENT_3D('',#6302,#5040,#5041);
#4048=AXIS2_PLACEMENT_3D('',#6305,#5043,#5044);
#4049=AXIS2_PLACEMENT_3D('',#6311,#5048,#5049);
#4050=AXIS2_PLACEMENT_3D('',#6317,#5053,#5054);
#4051=AXIS2_PLACEMENT_3D('',#6323,#5058,#5059);
#4052=AXIS2_PLACEMENT_3D('',#6324,#5060,#5061);
#4053=AXIS2_PLACEMENT_3D('',#6326,#5062,#5063);
#4054=AXIS2_PLACEMENT_3D('',#6329,#5065,#5066);
#4055=AXIS2_PLACEMENT_3D('',#6335,#5070,#5071);
#4056=AXIS2_PLACEMENT_3D('',#6336,#5072,#5073);
#4057=AXIS2_PLACEMENT_3D('',#6338,#5074,#5075);
#4058=AXIS2_PLACEMENT_3D('',#6341,#5077,#5078);
#4059=AXIS2_PLACEMENT_3D('',#6344,#5081,#5082);
#4060=AXIS2_PLACEMENT_3D('',#6345,#5083,#5084);
#4061=AXIS2_PLACEMENT_3D('',#6346,#5085,#5086);
#4062=AXIS2_PLACEMENT_3D('',#6347,#5087,#5088);
#4063=AXIS2_PLACEMENT_3D('',#6348,#5089,#5090);
#4064=AXIS2_PLACEMENT_3D('',#6349,#5091,#5092);
#4065=AXIS2_PLACEMENT_3D('',#6350,#5093,#5094);
#4066=AXIS2_PLACEMENT_3D('',#6351,#5095,#5096);
#4067=AXIS2_PLACEMENT_3D('',#6352,#5097,#5098);
#4068=AXIS2_PLACEMENT_3D('',#6353,#5099,#5100);
#4069=AXIS2_PLACEMENT_3D('',#6354,#5101,#5102);
#4070=AXIS2_PLACEMENT_3D('',#6355,#5103,#5104);
#4071=AXIS2_PLACEMENT_3D('',#6356,#5105,#5106);
#4072=AXIS2_PLACEMENT_3D('',#6357,#5107,#5108);
#4073=AXIS2_PLACEMENT_3D('',#6358,#5109,#5110);
#4074=AXIS2_PLACEMENT_3D('',#6359,#5111,#5112);
#4075=AXIS2_PLACEMENT_3D('',#6360,#5113,#5114);
#4076=AXIS2_PLACEMENT_3D('',#6361,#5115,#5116);
#4077=AXIS2_PLACEMENT_3D('',#6362,#5117,#5118);
#4078=AXIS2_PLACEMENT_3D('',#6363,#5119,#5120);
#4079=AXIS2_PLACEMENT_3D('',#6364,#5121,#5122);
#4080=AXIS2_PLACEMENT_3D('',#6365,#5123,#5124);
#4081=DIRECTION('',(0.,0.,1.));
#4082=DIRECTION('',(1.,0.,0.));
#4083=DIRECTION('',(1.30104260698261E-15,-1.,0.));
#4084=DIRECTION('',(1.,1.30104260698261E-15,0.));
#4085=DIRECTION('',(0.,0.,1.));
#4086=DIRECTION('',(1.,0.,0.));
#4087=DIRECTION('',(0.,0.,1.));
#4088=DIRECTION('',(1.,1.30104260698261E-15,0.));
#4089=DIRECTION('',(1.30104260698261E-15,-1.,0.));
#4090=DIRECTION('',(1.,1.30104260698261E-15,0.));
#4091=DIRECTION('',(0.,0.,1.));
#4092=DIRECTION('',(1.,0.,0.));
#4093=DIRECTION('',(0.,0.,1.));
#4094=DIRECTION('',(1.,0.,0.));
#4095=DIRECTION('',(-1.,0.,0.));
#4096=DIRECTION('',(0.,0.,1.));
#4097=DIRECTION('',(0.,0.,1.));
#4098=DIRECTION('',(-1.,0.,0.));
#4099=DIRECTION('',(0.,0.,1.));
#4100=DIRECTION('',(0.,0.,1.));
#4101=DIRECTION('',(0.,-1.,0.));
#4102=DIRECTION('',(-0.866025403784441,-0.499999999999995,0.));
#4103=DIRECTION('',(0.499999999999995,-0.866025403784441,0.));
#4104=DIRECTION('',(0.,0.,1.));
#4105=DIRECTION('',(-0.866025403784441,-0.499999999999995,0.));
#4106=DIRECTION('',(0.499999999999995,-0.866025403784441,0.));
#4107=DIRECTION('',(0.499999999999995,-0.866025403784441,0.));
#4108=DIRECTION('',(0.,1.,0.));
#4109=DIRECTION('',(0.,0.,1.));
#4110=DIRECTION('',(0.,0.,1.));
#4111=DIRECTION('',(1.,0.,0.));
#4112=DIRECTION('',(0.,0.,1.));
#4113=DIRECTION('',(1.,0.,0.));
#4114=DIRECTION('',(0.,1.,0.));
#4115=DIRECTION('',(0.,0.,1.));
#4116=DIRECTION('',(0.,0.,1.));
#4117=DIRECTION('',(1.,0.,0.));
#4118=DIRECTION('',(0.,0.,1.));
#4119=DIRECTION('',(-1.,0.,0.));
#4120=DIRECTION('',(0.,1.,0.));
#4121=DIRECTION('',(0.,0.,1.));
#4122=DIRECTION('',(0.,0.,1.));
#4123=DIRECTION('',(1.,0.,0.));
#4124=DIRECTION('',(0.,0.,1.));
#4125=DIRECTION('',(1.,0.,0.));
#4126=DIRECTION('',(0.,1.,0.));
#4127=DIRECTION('',(0.,0.,1.));
#4128=DIRECTION('',(0.,0.,1.));
#4129=DIRECTION('',(1.,0.,0.));
#4130=DIRECTION('',(0.,0.,1.));
#4131=DIRECTION('',(-1.,0.,0.));
#4132=DIRECTION('',(1.,0.,0.));
#4133=DIRECTION('',(0.,0.,-1.));
#4134=DIRECTION('',(0.,0.,1.));
#4135=DIRECTION('',(1.,0.,0.));
#4136=DIRECTION('',(0.,0.,-1.));
#4137=DIRECTION('',(0.,0.,1.));
#4138=DIRECTION('',(0.,1.,0.));
#4139=DIRECTION('',(0.866025403784437,-0.500000000000002,0.));
#4140=DIRECTION('',(0.500000000000002,0.866025403784438,0.));
#4141=DIRECTION('',(0.,0.,1.));
#4142=DIRECTION('',(0.866025403784437,-0.500000000000002,0.));
#4143=DIRECTION('',(0.500000000000002,0.866025403784438,0.));
#4144=DIRECTION('',(0.,0.,1.));
#4145=DIRECTION('',(0.500000000000002,0.866025403784438,0.));
#4146=DIRECTION('',(0.,-1.,0.));
#4147=DIRECTION('',(0.,0.,-1.));
#4148=DIRECTION('',(0.,0.,1.));
#4149=DIRECTION('',(1.,0.,0.));
#4150=DIRECTION('',(0.,0.,1.));
#4151=DIRECTION('',(1.,0.,0.));
#4152=DIRECTION('',(0.,-1.,0.));
#4153=DIRECTION('',(0.,0.,-1.));
#4154=DIRECTION('',(0.,0.,1.));
#4155=DIRECTION('',(1.,0.,0.));
#4156=DIRECTION('',(0.,0.,1.));
#4157=DIRECTION('',(1.,0.,0.));
#4158=DIRECTION('',(0.,0.,-1.));
#4159=DIRECTION('',(-1.,0.,0.));
#4160=DIRECTION('',(0.,0.,-1.));
#4161=DIRECTION('',(-1.,0.,0.));
#4162=DIRECTION('',(0.,0.,-1.));
#4163=DIRECTION('',(-1.,0.,0.));
#4164=DIRECTION('',(-0.866025403784437,0.500000000000003,0.));
#4165=DIRECTION('',(-0.500000000000003,-0.866025403784437,0.));
#4166=DIRECTION('',(0.,0.,1.));
#4167=DIRECTION('',(-0.866025403784437,0.500000000000003,0.));
#4168=DIRECTION('',(0.500000000000003,0.866025403784437,0.));
#4169=DIRECTION('',(0.,0.,1.));
#4170=DIRECTION('',(-0.866025403784437,0.500000000000003,0.));
#4171=DIRECTION('',(0.500000000000003,0.866025403784437,0.));
#4172=DIRECTION('',(-1.,0.,0.));
#4173=DIRECTION('',(0.,0.,1.));
#4174=DIRECTION('',(-1.,0.,0.));
#4175=DIRECTION('',(0.,0.,1.));
#4176=DIRECTION('',(0.,0.,1.));
#4177=DIRECTION('',(-1.,0.,0.));
#4178=DIRECTION('',(0.,0.,1.));
#4179=DIRECTION('',(0.866025403784442,0.499999999999994,0.));
#4180=DIRECTION('',(-0.499999999999994,0.866025403784442,0.));
#4181=DIRECTION('',(0.,0.,1.));
#4182=DIRECTION('',(0.866025403784442,0.499999999999994,0.));
#4183=DIRECTION('',(0.499999999999994,-0.866025403784442,0.));
#4184=DIRECTION('',(0.,0.,1.));
#4185=DIRECTION('',(0.866025403784442,0.499999999999994,0.));
#4186=DIRECTION('',(0.499999999999994,-0.866025403784442,0.));
#4187=DIRECTION('',(1.,0.,0.));
#4188=DIRECTION('',(0.,0.,-1.));
#4189=DIRECTION('',(0.,0.,1.));
#4190=DIRECTION('',(1.,0.,0.));
#4191=DIRECTION('',(0.,0.,-1.));
#4192=DIRECTION('',(0.,0.,1.));
#4193=DIRECTION('',(1.,0.,0.));
#4194=DIRECTION('',(0.,0.,-1.));
#4195=DIRECTION('',(0.,1.,0.));
#4196=DIRECTION('',(0.,0.,1.));
#4197=DIRECTION('',(0.,0.,1.));
#4198=DIRECTION('',(1.,0.,0.));
#4199=DIRECTION('',(0.,0.,1.));
#4200=DIRECTION('',(1.,0.,0.));
#4201=DIRECTION('',(0.,1.,0.));
#4202=DIRECTION('',(0.,0.,1.));
#4203=DIRECTION('',(0.,0.,1.));
#4204=DIRECTION('',(1.,0.,0.));
#4205=DIRECTION('',(0.,0.,1.));
#4206=DIRECTION('',(-1.,0.,0.));
#4207=DIRECTION('',(1.,0.,0.));
#4208=DIRECTION('',(0.,0.,-1.));
#4209=DIRECTION('',(0.,0.,1.));
#4210=DIRECTION('',(1.,0.,0.));
#4211=DIRECTION('',(0.,0.,-1.));
#4212=DIRECTION('',(0.,0.,1.));
#4213=DIRECTION('',(0.,1.,0.));
#4214=DIRECTION('',(0.866025403784437,-0.500000000000002,0.));
#4215=DIRECTION('',(0.500000000000002,0.866025403784438,0.));
#4216=DIRECTION('',(0.,0.,1.));
#4217=DIRECTION('',(0.866025403784437,-0.500000000000002,0.));
#4218=DIRECTION('',(0.500000000000002,0.866025403784438,0.));
#4219=DIRECTION('',(0.,0.,1.));
#4220=DIRECTION('',(0.500000000000002,0.866025403784438,0.));
#4221=DIRECTION('',(0.,-1.,0.));
#4222=DIRECTION('',(0.,0.,-1.));
#4223=DIRECTION('',(0.,0.,1.));
#4224=DIRECTION('',(1.,0.,0.));
#4225=DIRECTION('',(0.,0.,1.));
#4226=DIRECTION('',(1.,0.,0.));
#4227=DIRECTION('',(0.,-1.,0.));
#4228=DIRECTION('',(0.,0.,-1.));
#4229=DIRECTION('',(0.,0.,1.));
#4230=DIRECTION('',(1.,0.,0.));
#4231=DIRECTION('',(0.,0.,1.));
#4232=DIRECTION('',(1.,0.,0.));
#4233=DIRECTION('',(0.,-1.,0.));
#4234=DIRECTION('',(0.,0.,-1.));
#4235=DIRECTION('',(0.,0.,1.));
#4236=DIRECTION('',(1.,0.,0.));
#4237=DIRECTION('',(0.,0.,1.));
#4238=DIRECTION('',(1.,0.,0.));
#4239=DIRECTION('',(0.,-1.,0.));
#4240=DIRECTION('',(0.,0.,-1.));
#4241=DIRECTION('',(0.,0.,1.));
#4242=DIRECTION('',(1.,0.,0.));
#4243=DIRECTION('',(0.,0.,1.));
#4244=DIRECTION('',(1.,0.,0.));
#4245=DIRECTION('',(-1.,0.,0.));
#4246=DIRECTION('',(0.,0.,1.));
#4247=DIRECTION('',(0.,0.,1.));
#4248=DIRECTION('',(-1.,0.,0.));
#4249=DIRECTION('',(0.,0.,1.));
#4250=DIRECTION('',(0.,0.,1.));
#4251=DIRECTION('',(0.,-1.,0.));
#4252=DIRECTION('',(-0.866025403784442,-0.499999999999993,0.));
#4253=DIRECTION('',(0.499999999999993,-0.866025403784443,0.));
#4254=DIRECTION('',(0.,0.,1.));
#4255=DIRECTION('',(-0.866025403784442,-0.499999999999993,0.));
#4256=DIRECTION('',(0.499999999999993,-0.866025403784443,0.));
#4257=DIRECTION('',(0.499999999999993,-0.866025403784442,0.));
#4258=DIRECTION('',(4.33680868994202E-16,1.,0.));
#4259=DIRECTION('',(-1.,4.33680868994202E-16,0.));
#4260=DIRECTION('',(0.,0.,1.));
#4261=DIRECTION('',(1.,0.,0.));
#4262=DIRECTION('',(0.,0.,1.));
#4263=DIRECTION('',(1.,0.,0.));
#4264=DIRECTION('',(4.33680868994202E-16,1.,0.));
#4265=DIRECTION('',(-1.,4.33680868994202E-16,0.));
#4266=DIRECTION('',(0.,0.,1.));
#4267=DIRECTION('',(1.,0.,0.));
#4268=DIRECTION('',(0.,0.,1.));
#4269=DIRECTION('',(-1.,4.33680868994202E-16,0.));
#4270=DIRECTION('',(0.,0.,-1.));
#4271=DIRECTION('',(-1.,0.,0.));
#4272=DIRECTION('',(0.,0.,-1.));
#4273=DIRECTION('',(-1.,0.,0.));
#4274=DIRECTION('',(0.,0.,-1.));
#4275=DIRECTION('',(-1.,0.,0.));
#4276=DIRECTION('',(0.866025403784442,0.499999999999994,0.));
#4277=DIRECTION('',(-0.499999999999994,0.866025403784442,0.));
#4278=DIRECTION('',(0.,0.,1.));
#4279=DIRECTION('',(0.866025403784442,0.499999999999994,0.));
#4280=DIRECTION('',(0.499999999999994,-0.866025403784442,0.));
#4281=DIRECTION('',(0.,0.,1.));
#4282=DIRECTION('',(0.866025403784442,0.499999999999994,0.));
#4283=DIRECTION('',(0.499999999999994,-0.866025403784442,0.));
#4284=DIRECTION('',(1.,0.,0.));
#4285=DIRECTION('',(0.,0.,-1.));
#4286=DIRECTION('',(0.,0.,1.));
#4287=DIRECTION('',(1.,0.,0.));
#4288=DIRECTION('',(0.,0.,-1.));
#4289=DIRECTION('',(0.,0.,1.));
#4290=DIRECTION('',(1.,0.,0.));
#4291=DIRECTION('',(0.,0.,-1.));
#4292=DIRECTION('',(-0.866025403784438,0.500000000000001,0.));
#4293=DIRECTION('',(-0.500000000000001,-0.866025403784438,0.));
#4294=DIRECTION('',(0.,0.,1.));
#4295=DIRECTION('',(-0.866025403784438,0.500000000000001,0.));
#4296=DIRECTION('',(0.500000000000001,0.866025403784438,0.));
#4297=DIRECTION('',(0.,0.,1.));
#4298=DIRECTION('',(-0.866025403784438,0.500000000000001,0.));
#4299=DIRECTION('',(0.500000000000001,0.866025403784438,0.));
#4300=DIRECTION('',(-1.,0.,0.));
#4301=DIRECTION('',(0.,0.,1.));
#4302=DIRECTION('',(-1.,0.,0.));
#4303=DIRECTION('',(0.,0.,1.));
#4304=DIRECTION('',(0.,0.,1.));
#4305=DIRECTION('',(-1.,0.,0.));
#4306=DIRECTION('',(0.,0.,1.));
#4307=DIRECTION('',(1.30104260698261E-15,-1.,0.));
#4308=DIRECTION('',(1.,1.30104260698261E-15,0.));
#4309=DIRECTION('',(0.,0.,1.));
#4310=DIRECTION('',(1.,0.,0.));
#4311=DIRECTION('',(0.,0.,1.));
#4312=DIRECTION('',(1.,1.30104260698261E-15,0.));
#4313=DIRECTION('',(-1.,0.,0.));
#4314=DIRECTION('',(0.,0.,1.));
#4315=DIRECTION('',(0.,0.,1.));
#4316=DIRECTION('',(-1.,0.,0.));
#4317=DIRECTION('',(0.,0.,1.));
#4318=DIRECTION('',(0.,0.,1.));
#4319=DIRECTION('',(-1.,0.,0.));
#4320=DIRECTION('',(0.,0.,1.));
#4321=DIRECTION('',(-0.866025403784441,-0.499999999999995,0.));
#4322=DIRECTION('',(0.499999999999995,-0.866025403784441,0.));
#4323=DIRECTION('',(-0.866025403784441,-0.499999999999995,0.));
#4324=DIRECTION('',(0.499999999999995,-0.866025403784441,0.));
#4325=DIRECTION('',(-0.866025403784441,-0.499999999999995,0.));
#4326=DIRECTION('',(0.499999999999995,-0.866025403784441,0.));
#4327=DIRECTION('',(-0.866025403784437,0.500000000000003,0.));
#4328=DIRECTION('',(-0.500000000000003,-0.866025403784437,0.));
#4329=DIRECTION('',(0.,0.,1.));
#4330=DIRECTION('',(-0.866025403784437,0.500000000000003,0.));
#4331=DIRECTION('',(0.500000000000003,0.866025403784437,0.));
#4332=DIRECTION('',(0.,0.,1.));
#4333=DIRECTION('',(-0.500000000000003,-0.866025403784437,0.));
#4334=DIRECTION('',(-1.,0.,0.));
#4335=DIRECTION('',(0.,0.,1.));
#4336=DIRECTION('',(-1.,0.,0.));
#4337=DIRECTION('',(0.,0.,1.));
#4338=DIRECTION('',(0.,0.,1.));
#4339=DIRECTION('',(0.,-1.,0.));
#4340=DIRECTION('',(0.,1.,0.));
#4341=DIRECTION('',(0.,0.,1.));
#4342=DIRECTION('',(0.,0.,1.));
#4343=DIRECTION('',(1.,0.,0.));
#4344=DIRECTION('',(0.,0.,1.));
#4345=DIRECTION('',(-1.,0.,0.));
#4346=DIRECTION('',(0.,1.,0.));
#4347=DIRECTION('',(0.,0.,1.));
#4348=DIRECTION('',(0.,0.,1.));
#4349=DIRECTION('',(1.,0.,0.));
#4350=DIRECTION('',(0.,0.,1.));
#4351=DIRECTION('',(-1.,0.,0.));
#4352=DIRECTION('',(1.,0.,0.));
#4353=DIRECTION('',(0.,0.,-1.));
#4354=DIRECTION('',(0.,0.,1.));
#4355=DIRECTION('',(1.,0.,0.));
#4356=DIRECTION('',(0.,0.,-1.));
#4357=DIRECTION('',(1.,0.,0.));
#4358=DIRECTION('',(0.,0.,-1.));
#4359=DIRECTION('',(0.866025403784442,0.499999999999994,0.));
#4360=DIRECTION('',(-0.499999999999994,0.866025403784442,0.));
#4361=DIRECTION('',(0.,0.,1.));
#4362=DIRECTION('',(0.866025403784442,0.499999999999994,0.));
#4363=DIRECTION('',(0.499999999999994,-0.866025403784442,0.));
#4364=DIRECTION('',(0.,0.,1.));
#4365=DIRECTION('',(-0.499999999999994,0.866025403784442,0.));
#4366=DIRECTION('',(0.866025403784437,-0.500000000000002,0.));
#4367=DIRECTION('',(0.500000000000002,0.866025403784438,0.));
#4368=DIRECTION('',(0.866025403784437,-0.500000000000002,0.));
#4369=DIRECTION('',(0.500000000000002,0.866025403784438,0.));
#4370=DIRECTION('',(0.866025403784437,-0.500000000000002,0.));
#4371=DIRECTION('',(0.500000000000002,0.866025403784438,0.));
#4372=DIRECTION('',(1.,0.,0.));
#4373=DIRECTION('',(0.,0.,-1.));
#4374=DIRECTION('',(0.,0.,1.));
#4375=DIRECTION('',(1.,0.,0.));
#4376=DIRECTION('',(0.,0.,-1.));
#4377=DIRECTION('',(0.,0.,1.));
#4378=DIRECTION('',(0.,1.,0.));
#4379=DIRECTION('',(0.,-1.,0.));
#4380=DIRECTION('',(0.,0.,-1.));
#4381=DIRECTION('',(0.,0.,1.));
#4382=DIRECTION('',(1.,0.,0.));
#4383=DIRECTION('',(0.,0.,1.));
#4384=DIRECTION('',(1.,0.,0.));
#4385=DIRECTION('',(0.,0.,-1.));
#4386=DIRECTION('',(-1.,0.,0.));
#4387=DIRECTION('',(0.,0.,-1.));
#4388=DIRECTION('',(-1.,0.,0.));
#4389=DIRECTION('',(0.,1.,0.));
#4390=DIRECTION('',(0.,0.,1.));
#4391=DIRECTION('',(0.,0.,1.));
#4392=DIRECTION('',(1.,0.,0.));
#4393=DIRECTION('',(0.,0.,1.));
#4394=DIRECTION('',(-1.,0.,0.));
#4395=DIRECTION('',(1.,0.,0.));
#4396=DIRECTION('',(0.,0.,-1.));
#4397=DIRECTION('',(0.,0.,1.));
#4398=DIRECTION('',(1.,0.,0.));
#4399=DIRECTION('',(0.,0.,-1.));
#4400=DIRECTION('',(1.,0.,0.));
#4401=DIRECTION('',(0.,0.,-1.));
#4402=DIRECTION('',(0.866025403784442,0.499999999999994,0.));
#4403=DIRECTION('',(-0.499999999999994,0.866025403784442,0.));
#4404=DIRECTION('',(0.,0.,1.));
#4405=DIRECTION('',(0.866025403784442,0.499999999999994,0.));
#4406=DIRECTION('',(0.499999999999994,-0.866025403784442,0.));
#4407=DIRECTION('',(0.,0.,1.));
#4408=DIRECTION('',(-0.499999999999994,0.866025403784442,0.));
#4409=DIRECTION('',(0.866025403784437,-0.500000000000002,0.));
#4410=DIRECTION('',(0.500000000000002,0.866025403784438,0.));
#4411=DIRECTION('',(0.866025403784437,-0.500000000000002,0.));
#4412=DIRECTION('',(0.500000000000002,0.866025403784438,0.));
#4413=DIRECTION('',(0.866025403784437,-0.500000000000002,0.));
#4414=DIRECTION('',(0.500000000000002,0.866025403784438,0.));
#4415=DIRECTION('',(1.,0.,0.));
#4416=DIRECTION('',(0.,0.,-1.));
#4417=DIRECTION('',(0.,0.,1.));
#4418=DIRECTION('',(1.,0.,0.));
#4419=DIRECTION('',(0.,0.,-1.));
#4420=DIRECTION('',(0.,0.,1.));
#4421=DIRECTION('',(0.,1.,0.));
#4422=DIRECTION('',(0.,-1.,0.));
#4423=DIRECTION('',(0.,0.,-1.));
#4424=DIRECTION('',(0.,0.,1.));
#4425=DIRECTION('',(1.,0.,0.));
#4426=DIRECTION('',(0.,0.,1.));
#4427=DIRECTION('',(1.,0.,0.));
#4428=DIRECTION('',(0.,-1.,0.));
#4429=DIRECTION('',(0.,0.,-1.));
#4430=DIRECTION('',(0.,0.,1.));
#4431=DIRECTION('',(1.,0.,0.));
#4432=DIRECTION('',(0.,0.,1.));
#4433=DIRECTION('',(1.,0.,0.));
#4434=DIRECTION('',(-1.,0.,0.));
#4435=DIRECTION('',(0.,0.,1.));
#4436=DIRECTION('',(0.,0.,1.));
#4437=DIRECTION('',(-1.,0.,0.));
#4438=DIRECTION('',(0.,0.,1.));
#4439=DIRECTION('',(0.,0.,1.));
#4440=DIRECTION('',(-1.,0.,0.));
#4441=DIRECTION('',(0.,0.,1.));
#4442=DIRECTION('',(-0.866025403784442,-0.499999999999993,0.));
#4443=DIRECTION('',(0.499999999999993,-0.866025403784443,0.));
#4444=DIRECTION('',(-0.866025403784442,-0.499999999999993,0.));
#4445=DIRECTION('',(0.499999999999993,-0.866025403784443,0.));
#4446=DIRECTION('',(-0.866025403784442,-0.499999999999993,0.));
#4447=DIRECTION('',(0.499999999999993,-0.866025403784443,0.));
#4448=DIRECTION('',(-0.866025403784438,0.500000000000001,0.));
#4449=DIRECTION('',(-0.500000000000001,-0.866025403784438,0.));
#4450=DIRECTION('',(0.,0.,1.));
#4451=DIRECTION('',(-0.866025403784438,0.500000000000001,0.));
#4452=DIRECTION('',(0.500000000000001,0.866025403784438,0.));
#4453=DIRECTION('',(0.,0.,1.));
#4454=DIRECTION('',(-0.500000000000001,-0.866025403784438,0.));
#4455=DIRECTION('',(-1.,0.,0.));
#4456=DIRECTION('',(0.,0.,1.));
#4457=DIRECTION('',(-1.,0.,0.));
#4458=DIRECTION('',(0.,0.,1.));
#4459=DIRECTION('',(0.,0.,1.));
#4460=DIRECTION('',(0.,-1.,0.));
#4461=DIRECTION('',(4.33680868994202E-16,1.,0.));
#4462=DIRECTION('',(-1.,4.33680868994202E-16,0.));
#4463=DIRECTION('',(0.,0.,1.));
#4464=DIRECTION('',(1.,0.,0.));
#4465=DIRECTION('',(0.,0.,1.));
#4466=DIRECTION('',(-1.,4.33680868994202E-16,0.));
#4467=DIRECTION('',(0.,0.,-1.));
#4468=DIRECTION('',(-1.,0.,0.));
#4469=DIRECTION('',(0.,0.,-1.));
#4470=DIRECTION('',(-1.,0.,0.));
#4471=DIRECTION('',(-1.,0.,0.));
#4472=DIRECTION('',(0.,0.,1.));
#4473=DIRECTION('',(1.,0.,0.));
#4474=DIRECTION('',(0.,0.,-1.));
#4475=DIRECTION('',(1.,0.,0.));
#4476=DIRECTION('',(0.,0.,-1.));
#4477=DIRECTION('',(0.,-1.,0.));
#4478=DIRECTION('',(1.,0.,0.));
#4479=DIRECTION('',(0.,0.,-1.));
#4480=DIRECTION('',(1.,0.,0.));
#4481=DIRECTION('',(0.,0.,-1.));
#4482=DIRECTION('',(0.,-1.,0.));
#4483=DIRECTION('',(1.,0.,0.));
#4484=DIRECTION('',(0.,0.,-1.));
#4485=DIRECTION('',(1.,0.,0.));
#4486=DIRECTION('',(0.,0.,-1.));
#4487=DIRECTION('',(0.,1.,0.));
#4488=DIRECTION('',(0.,0.,1.));
#4489=DIRECTION('',(0.,1.,0.));
#4490=DIRECTION('',(1.,0.,0.));
#4491=DIRECTION('',(0.,0.,-1.));
#4492=DIRECTION('',(0.,-1.,0.));
#4493=DIRECTION('',(0.,0.,-1.));
#4494=DIRECTION('',(1.,0.,0.));
#4495=DIRECTION('',(1.,0.,0.));
#4496=DIRECTION('',(0.,0.,1.));
#4497=DIRECTION('',(-0.707106781186549,-0.707106781186547,0.));
#4498=DIRECTION('',(0.707106781186547,-0.707106781186549,0.));
#4499=DIRECTION('',(-0.707106781186549,-0.707106781186547,0.));
#4500=DIRECTION('',(0.707106781186547,-0.707106781186549,0.));
#4501=DIRECTION('',(-0.707106781186549,-0.707106781186547,0.));
#4502=DIRECTION('',(0.707106781186547,-0.707106781186549,0.));
#4503=DIRECTION('',(0.,0.,1.));
#4504=DIRECTION('',(0.707106781186546,-0.707106781186548,0.));
#4505=DIRECTION('',(0.707106781186546,-0.707106781186548,0.));
#4506=DIRECTION('',(-1.,0.,0.));
#4507=DIRECTION('',(0.,0.,1.));
#4508=DIRECTION('',(-1.,0.,0.));
#4509=DIRECTION('',(0.,0.,1.));
#4510=DIRECTION('',(0.,0.,1.));
#4511=DIRECTION('',(0.,-1.,0.));
#4512=DIRECTION('',(-0.866025403784441,-0.499999999999995,0.));
#4513=DIRECTION('',(0.499999999999995,-0.866025403784441,0.));
#4514=DIRECTION('',(-0.866025403784441,-0.499999999999995,0.));
#4515=DIRECTION('',(0.499999999999995,-0.866025403784441,0.));
#4516=DIRECTION('',(0.499999999999995,-0.866025403784441,0.));
#4517=DIRECTION('',(-0.866025403784437,0.500000000000003,0.));
#4518=DIRECTION('',(-0.500000000000003,-0.866025403784437,0.));
#4519=DIRECTION('',(0.,0.,1.));
#4520=DIRECTION('',(-0.866025403784437,0.500000000000003,0.));
#4521=DIRECTION('',(0.500000000000003,0.866025403784437,0.));
#4522=DIRECTION('',(-0.500000000000003,-0.866025403784437,0.));
#4523=DIRECTION('',(-1.,0.,0.));
#4524=DIRECTION('',(0.,0.,1.));
#4525=DIRECTION('',(0.,0.,1.));
#4526=DIRECTION('',(-1.,0.,0.));
#4527=DIRECTION('',(0.,0.,1.));
#4528=DIRECTION('',(0.,-1.,0.));
#4529=DIRECTION('',(-0.707106781186547,0.707106781186547,0.));
#4530=DIRECTION('',(-0.707106781186548,-0.707106781186548,0.));
#4531=DIRECTION('',(-0.707106781186547,0.707106781186547,0.));
#4532=DIRECTION('',(0.707106781186548,0.707106781186548,0.));
#4533=DIRECTION('',(-0.707106781186548,-0.707106781186548,0.));
#4534=DIRECTION('',(0.,0.,1.));
#4535=DIRECTION('',(-0.707106781186548,-0.707106781186548,0.));
#4536=DIRECTION('',(-0.707106781186547,0.707106781186547,0.));
#4537=DIRECTION('',(0.707106781186548,0.707106781186548,0.));
#4538=DIRECTION('',(0.,1.,0.));
#4539=DIRECTION('',(0.,0.,1.));
#4540=DIRECTION('',(-1.,0.,0.));
#4541=DIRECTION('',(-1.,0.,0.));
#4542=DIRECTION('',(0.,0.,1.));
#4543=DIRECTION('',(1.,0.,0.));
#4544=DIRECTION('',(0.,0.,-1.));
#4545=DIRECTION('',(1.,0.,0.));
#4546=DIRECTION('',(0.,0.,-1.));
#4547=DIRECTION('',(1.,0.,0.));
#4548=DIRECTION('',(0.,0.,-1.));
#4549=DIRECTION('',(0.,1.,0.));
#4550=DIRECTION('',(0.,1.,0.));
#4551=DIRECTION('',(-1.,0.,0.));
#4552=DIRECTION('',(0.,0.,1.));
#4553=DIRECTION('',(1.,0.,0.));
#4554=DIRECTION('',(0.,0.,-1.));
#4555=DIRECTION('',(0.,-1.,0.));
#4556=DIRECTION('',(0.,0.,1.));
#4557=DIRECTION('',(0.,-1.,0.));
#4558=DIRECTION('',(1.,0.,0.));
#4559=DIRECTION('',(0.,0.,-1.));
#4560=DIRECTION('',(0.,0.,1.));
#4561=DIRECTION('',(1.,0.,0.));
#4562=DIRECTION('',(0.,0.,1.));
#4563=DIRECTION('',(1.,0.,0.));
#4564=DIRECTION('',(0.,0.,1.));
#4565=DIRECTION('',(1.,0.,0.));
#4566=DIRECTION('',(0.,0.,1.));
#4567=DIRECTION('',(0.,-1.,0.));
#4568=DIRECTION('',(0.,0.,-1.));
#4569=DIRECTION('',(1.,0.,0.));
#4570=DIRECTION('',(1.,0.,0.));
#4571=DIRECTION('',(0.,0.,1.));
#4572=DIRECTION('',(1.,0.,0.));
#4573=DIRECTION('',(0.,0.,-1.));
#4574=DIRECTION('',(0.,1.,0.));
#4575=DIRECTION('',(0.,1.,0.));
#4576=DIRECTION('',(0.,0.,1.));
#4577=DIRECTION('',(0.,1.,0.));
#4578=DIRECTION('',(0.,0.,1.));
#4579=DIRECTION('',(-1.,0.,0.));
#4580=DIRECTION('',(-1.,0.,0.));
#4581=DIRECTION('',(0.,0.,1.));
#4582=DIRECTION('',(1.,0.,0.));
#4583=DIRECTION('',(0.,0.,-1.));
#4584=DIRECTION('',(0.,1.,0.));
#4585=DIRECTION('',(0.,1.,0.));
#4586=DIRECTION('',(0.,0.,1.));
#4587=DIRECTION('',(0.707106781186548,-0.707106781186547,0.));
#4588=DIRECTION('',(0.707106781186547,0.707106781186548,0.));
#4589=DIRECTION('',(0.707106781186547,0.707106781186548,0.));
#4590=DIRECTION('',(0.707106781186547,0.707106781186548,0.));
#4591=DIRECTION('',(0.,0.,1.));
#4592=DIRECTION('',(0.,-1.,0.));
#4593=DIRECTION('',(0.,0.,-1.));
#4594=DIRECTION('',(1.,0.,0.));
#4595=DIRECTION('',(1.,0.,0.));
#4596=DIRECTION('',(0.,0.,1.));
#4597=DIRECTION('',(0.500000000000011,-0.866025403784432,0.));
#4598=DIRECTION('',(0.866025403784432,0.500000000000011,0.));
#4599=DIRECTION('',(0.866025403784432,0.500000000000011,0.));
#4600=DIRECTION('',(0.866025403784432,0.500000000000011,0.));
#4601=DIRECTION('',(0.,0.,1.));
#4602=DIRECTION('',(-0.500000000000004,-0.866025403784436,0.));
#4603=DIRECTION('',(0.866025403784436,-0.500000000000005,0.));
#4604=DIRECTION('',(0.866025403784436,-0.500000000000005,0.));
#4605=DIRECTION('',(0.866025403784436,-0.500000000000005,0.));
#4606=DIRECTION('',(0.,0.,1.));
#4607=DIRECTION('',(0.,-1.,0.));
#4608=DIRECTION('',(0.,0.,-1.));
#4609=DIRECTION('',(1.,0.,0.));
#4610=DIRECTION('',(1.,0.,0.));
#4611=DIRECTION('',(0.,0.,1.));
#4612=DIRECTION('',(-0.707106781186547,-0.707106781186547,0.));
#4613=DIRECTION('',(0.707106781186547,-0.707106781186548,0.));
#4614=DIRECTION('',(0.707106781186547,-0.707106781186547,0.));
#4615=DIRECTION('',(0.707106781186547,-0.707106781186547,0.));
#4616=DIRECTION('',(0.,0.,1.));
#4617=DIRECTION('',(-1.,0.,0.));
#4618=DIRECTION('',(0.,0.,1.));
#4619=DIRECTION('',(0.,-1.,0.));
#4620=DIRECTION('',(0.,-1.,0.));
#4621=DIRECTION('',(0.,0.,1.));
#4622=DIRECTION('',(0.,1.,0.));
#4623=DIRECTION('',(0.,0.,1.));
#4624=DIRECTION('',(-1.,0.,0.));
#4625=DIRECTION('',(-1.,0.,0.));
#4626=DIRECTION('',(0.,0.,1.));
#4627=DIRECTION('',(-1.,0.,0.));
#4628=DIRECTION('',(0.,0.,1.));
#4629=DIRECTION('',(0.,-1.,0.));
#4630=DIRECTION('',(0.,-1.,0.));
#4631=DIRECTION('',(0.,0.,1.));
#4632=DIRECTION('',(0.,-1.,0.));
#4633=DIRECTION('',(0.,0.,-1.));
#4634=DIRECTION('',(1.,0.,0.));
#4635=DIRECTION('',(1.,0.,0.));
#4636=DIRECTION('',(0.,0.,1.));
#4637=DIRECTION('',(0.,0.,1.));
#4638=DIRECTION('',(1.,0.,0.));
#4639=DIRECTION('',(0.,0.,1.));
#4640=DIRECTION('',(1.,0.,0.));
#4641=DIRECTION('',(0.,0.,1.));
#4642=DIRECTION('',(1.,0.,0.));
#4643=DIRECTION('',(0.,0.,1.));
#4644=DIRECTION('',(1.,0.,0.));
#4645=DIRECTION('',(0.,0.,-1.));
#4646=DIRECTION('',(1.,0.,0.));
#4647=DIRECTION('',(0.,0.,-1.));
#4648=DIRECTION('',(1.,0.,0.));
#4649=DIRECTION('',(0.,0.,-1.));
#4650=DIRECTION('',(0.,1.,0.));
#4651=DIRECTION('',(0.,1.,0.));
#4652=DIRECTION('',(-1.,0.,0.));
#4653=DIRECTION('',(0.,0.,1.));
#4654=DIRECTION('',(-1.,0.,0.));
#4655=DIRECTION('',(0.,0.,1.));
#4656=DIRECTION('',(0.,-1.,0.));
#4657=DIRECTION('',(0.,0.,1.));
#4658=DIRECTION('',(0.,-1.,0.));
#4659=DIRECTION('',(-1.,0.,0.));
#4660=DIRECTION('',(0.,0.,1.));
#4661=DIRECTION('',(0.,1.,0.));
#4662=DIRECTION('',(0.,0.,1.));
#4663=DIRECTION('',(-1.,0.,0.));
#4664=DIRECTION('',(-1.,0.,0.));
#4665=DIRECTION('',(0.,0.,1.));
#4666=DIRECTION('',(0.707106781186549,0.707106781186547,0.));
#4667=DIRECTION('',(-0.707106781186547,0.707106781186549,0.));
#4668=DIRECTION('',(0.707106781186549,0.707106781186547,0.));
#4669=DIRECTION('',(0.707106781186547,-0.707106781186549,0.));
#4670=DIRECTION('',(0.707106781186549,0.707106781186547,0.));
#4671=DIRECTION('',(0.707106781186547,-0.707106781186549,0.));
#4672=DIRECTION('',(0.,0.,1.));
#4673=DIRECTION('',(-0.707106781186546,0.707106781186548,0.));
#4674=DIRECTION('',(-0.707106781186546,0.707106781186548,0.));
#4675=DIRECTION('',(1.,0.,0.));
#4676=DIRECTION('',(0.,0.,-1.));
#4677=DIRECTION('',(1.,0.,0.));
#4678=DIRECTION('',(0.,0.,-1.));
#4679=DIRECTION('',(0.,1.,0.));
#4680=DIRECTION('',(0.866025403784442,0.499999999999994,0.));
#4681=DIRECTION('',(-0.499999999999994,0.866025403784442,0.));
#4682=DIRECTION('',(0.866025403784442,0.499999999999994,0.));
#4683=DIRECTION('',(0.499999999999994,-0.866025403784442,0.));
#4684=DIRECTION('',(-0.499999999999994,0.866025403784442,0.));
#4685=DIRECTION('',(0.866025403784437,-0.500000000000002,0.));
#4686=DIRECTION('',(0.500000000000002,0.866025403784438,0.));
#4687=DIRECTION('',(0.866025403784437,-0.500000000000002,0.));
#4688=DIRECTION('',(0.500000000000002,0.866025403784438,0.));
#4689=DIRECTION('',(0.500000000000002,0.866025403784438,0.));
#4690=DIRECTION('',(1.,0.,0.));
#4691=DIRECTION('',(0.,0.,-1.));
#4692=DIRECTION('',(0.,0.,1.));
#4693=DIRECTION('',(1.,0.,0.));
#4694=DIRECTION('',(0.,0.,-1.));
#4695=DIRECTION('',(0.,1.,0.));
#4696=DIRECTION('',(0.707106781186548,-0.707106781186547,0.));
#4697=DIRECTION('',(0.707106781186547,0.707106781186548,0.));
#4698=DIRECTION('',(0.707106781186548,-0.707106781186547,0.));
#4699=DIRECTION('',(0.707106781186547,0.707106781186548,0.));
#4700=DIRECTION('',(0.707106781186547,0.707106781186548,0.));
#4701=DIRECTION('',(0.,0.,1.));
#4702=DIRECTION('',(0.707106781186547,0.707106781186548,0.));
#4703=DIRECTION('',(0.707106781186548,-0.707106781186547,0.));
#4704=DIRECTION('',(0.707106781186547,0.707106781186548,0.));
#4705=DIRECTION('',(0.,-1.,0.));
#4706=DIRECTION('',(0.,0.,-1.));
#4707=DIRECTION('',(1.,0.,0.));
#4708=DIRECTION('',(1.,0.,0.));
#4709=DIRECTION('',(0.,0.,1.));
#4710=DIRECTION('',(-1.,0.,0.));
#4711=DIRECTION('',(0.,0.,1.));
#4712=DIRECTION('',(-1.,0.,0.));
#4713=DIRECTION('',(0.,0.,1.));
#4714=DIRECTION('',(-1.,0.,0.));
#4715=DIRECTION('',(0.,0.,1.));
#4716=DIRECTION('',(0.,-1.,0.));
#4717=DIRECTION('',(0.,-1.,0.));
#4718=DIRECTION('',(1.,0.,0.));
#4719=DIRECTION('',(0.,0.,-1.));
#4720=DIRECTION('',(1.,0.,0.));
#4721=DIRECTION('',(0.,0.,-1.));
#4722=DIRECTION('',(0.,1.,0.));
#4723=DIRECTION('',(1.,0.,0.));
#4724=DIRECTION('',(0.,0.,-1.));
#4725=DIRECTION('',(1.,0.,0.));
#4726=DIRECTION('',(0.,0.,-1.));
#4727=DIRECTION('',(0.,1.,0.));
#4728=DIRECTION('',(1.,0.,0.));
#4729=DIRECTION('',(0.,0.,-1.));
#4730=DIRECTION('',(-1.,0.,0.));
#4731=DIRECTION('',(0.,0.,1.));
#4732=DIRECTION('',(-1.,0.,0.));
#4733=DIRECTION('',(0.,0.,1.));
#4734=DIRECTION('',(0.,-1.,0.));
#4735=DIRECTION('',(0.,0.,1.));
#4736=DIRECTION('',(0.,-1.,0.));
#4737=DIRECTION('',(-1.,0.,0.));
#4738=DIRECTION('',(0.,0.,1.));
#4739=DIRECTION('',(0.,1.,0.));
#4740=DIRECTION('',(0.,0.,1.));
#4741=DIRECTION('',(-1.,0.,0.));
#4742=DIRECTION('',(-1.,0.,0.));
#4743=DIRECTION('',(0.,0.,1.));
#4744=DIRECTION('',(0.707106781186549,0.707106781186547,0.));
#4745=DIRECTION('',(-0.707106781186547,0.707106781186549,0.));
#4746=DIRECTION('',(0.707106781186549,0.707106781186547,0.));
#4747=DIRECTION('',(0.707106781186547,-0.707106781186549,0.));
#4748=DIRECTION('',(0.707106781186549,0.707106781186547,0.));
#4749=DIRECTION('',(0.707106781186547,-0.707106781186549,0.));
#4750=DIRECTION('',(0.,0.,1.));
#4751=DIRECTION('',(-0.707106781186546,0.707106781186548,0.));
#4752=DIRECTION('',(-0.707106781186546,0.707106781186548,0.));
#4753=DIRECTION('',(1.,0.,0.));
#4754=DIRECTION('',(0.,0.,-1.));
#4755=DIRECTION('',(1.,0.,0.));
#4756=DIRECTION('',(0.,0.,-1.));
#4757=DIRECTION('',(0.,1.,0.));
#4758=DIRECTION('',(0.866025403784442,0.499999999999994,0.));
#4759=DIRECTION('',(-0.499999999999994,0.866025403784442,0.));
#4760=DIRECTION('',(0.866025403784442,0.499999999999994,0.));
#4761=DIRECTION('',(0.499999999999994,-0.866025403784442,0.));
#4762=DIRECTION('',(-0.499999999999994,0.866025403784442,0.));
#4763=DIRECTION('',(0.866025403784437,-0.500000000000002,0.));
#4764=DIRECTION('',(0.500000000000002,0.866025403784438,0.));
#4765=DIRECTION('',(0.866025403784437,-0.500000000000002,0.));
#4766=DIRECTION('',(0.500000000000002,0.866025403784438,0.));
#4767=DIRECTION('',(0.500000000000002,0.866025403784438,0.));
#4768=DIRECTION('',(1.,0.,0.));
#4769=DIRECTION('',(0.,0.,-1.));
#4770=DIRECTION('',(0.,0.,1.));
#4771=DIRECTION('',(1.,0.,0.));
#4772=DIRECTION('',(0.,0.,-1.));
#4773=DIRECTION('',(0.,1.,0.));
#4774=DIRECTION('',(0.707106781186548,-0.707106781186547,0.));
#4775=DIRECTION('',(0.707106781186547,0.707106781186548,0.));
#4776=DIRECTION('',(0.707106781186548,-0.707106781186547,0.));
#4777=DIRECTION('',(0.707106781186547,0.707106781186548,0.));
#4778=DIRECTION('',(0.707106781186547,0.707106781186548,0.));
#4779=DIRECTION('',(0.,0.,1.));
#4780=DIRECTION('',(0.707106781186547,0.707106781186548,0.));
#4781=DIRECTION('',(0.707106781186548,-0.707106781186547,0.));
#4782=DIRECTION('',(0.707106781186547,0.707106781186548,0.));
#4783=DIRECTION('',(0.,-1.,0.));
#4784=DIRECTION('',(0.,0.,-1.));
#4785=DIRECTION('',(1.,0.,0.));
#4786=DIRECTION('',(1.,0.,0.));
#4787=DIRECTION('',(0.,0.,1.));
#4788=DIRECTION('',(-1.,0.,0.));
#4789=DIRECTION('',(0.,0.,1.));
#4790=DIRECTION('',(-1.,0.,0.));
#4791=DIRECTION('',(0.,0.,1.));
#4792=DIRECTION('',(-1.,0.,0.));
#4793=DIRECTION('',(0.,0.,1.));
#4794=DIRECTION('',(0.,-1.,0.));
#4795=DIRECTION('',(0.,-1.,0.));
#4796=DIRECTION('',(1.,0.,0.));
#4797=DIRECTION('',(0.,0.,-1.));
#4798=DIRECTION('',(1.,0.,0.));
#4799=DIRECTION('',(0.,0.,-1.));
#4800=DIRECTION('',(0.,1.,0.));
#4801=DIRECTION('',(0.,0.,1.));
#4802=DIRECTION('',(0.,1.,0.));
#4803=DIRECTION('',(1.,0.,0.));
#4804=DIRECTION('',(0.,0.,-1.));
#4805=DIRECTION('',(0.,0.,1.));
#4806=DIRECTION('',(1.,0.,0.));
#4807=DIRECTION('',(0.,0.,1.));
#4808=DIRECTION('',(1.,0.,0.));
#4809=DIRECTION('',(0.,0.,1.));
#4810=DIRECTION('',(1.,0.,0.));
#4811=DIRECTION('',(0.,0.,1.));
#4812=DIRECTION('',(0.,1.,0.));
#4813=DIRECTION('',(0.,0.,1.));
#4814=DIRECTION('',(-1.,0.,0.));
#4815=DIRECTION('',(-1.,0.,0.));
#4816=DIRECTION('',(0.,0.,1.));
#4817=DIRECTION('',(-1.,0.,0.));
#4818=DIRECTION('',(0.,0.,1.));
#4819=DIRECTION('',(0.,-1.,0.));
#4820=DIRECTION('',(0.,-1.,0.));
#4821=DIRECTION('',(0.,0.,1.));
#4822=DIRECTION('',(0.,-1.,0.));
#4823=DIRECTION('',(0.,0.,-1.));
#4824=DIRECTION('',(1.,0.,0.));
#4825=DIRECTION('',(1.,0.,0.));
#4826=DIRECTION('',(0.,0.,1.));
#4827=DIRECTION('',(-1.,0.,0.));
#4828=DIRECTION('',(0.,0.,1.));
#4829=DIRECTION('',(0.,-1.,0.));
#4830=DIRECTION('',(0.,-1.,0.));
#4831=DIRECTION('',(0.,0.,1.));
#4832=DIRECTION('',(-0.707106781186546,0.707106781186549,0.));
#4833=DIRECTION('',(-0.707106781186549,-0.707106781186546,0.));
#4834=DIRECTION('',(-0.707106781186549,-0.707106781186546,0.));
#4835=DIRECTION('',(-0.707106781186549,-0.707106781186546,0.));
#4836=DIRECTION('',(0.,0.,1.));
#4837=DIRECTION('',(0.,1.,0.));
#4838=DIRECTION('',(0.,0.,1.));
#4839=DIRECTION('',(-1.,0.,0.));
#4840=DIRECTION('',(-1.,0.,0.));
#4841=DIRECTION('',(0.,0.,1.));
#4842=DIRECTION('',(-0.499999999999994,0.866025403784442,0.));
#4843=DIRECTION('',(-0.866025403784442,-0.499999999999994,0.));
#4844=DIRECTION('',(-0.866025403784442,-0.499999999999994,0.));
#4845=DIRECTION('',(-0.866025403784442,-0.499999999999994,0.));
#4846=DIRECTION('',(0.,0.,1.));
#4847=DIRECTION('',(0.500000000000001,0.866025403784438,0.));
#4848=DIRECTION('',(-0.866025403784438,0.500000000000001,0.));
#4849=DIRECTION('',(-0.866025403784438,0.500000000000001,0.));
#4850=DIRECTION('',(-0.866025403784438,0.500000000000001,0.));
#4851=DIRECTION('',(0.,0.,1.));
#4852=DIRECTION('',(0.,1.,0.));
#4853=DIRECTION('',(0.,0.,1.));
#4854=DIRECTION('',(-1.,0.,0.));
#4855=DIRECTION('',(-1.,0.,0.));
#4856=DIRECTION('',(0.,0.,1.));
#4857=DIRECTION('',(0.707106781186547,0.707106781186548,0.));
#4858=DIRECTION('',(-0.707106781186548,0.707106781186547,0.));
#4859=DIRECTION('',(-0.707106781186548,0.707106781186547,0.));
#4860=DIRECTION('',(-0.707106781186548,0.707106781186547,0.));
#4861=DIRECTION('',(0.,0.,1.));
#4862=DIRECTION('',(1.,0.,0.));
#4863=DIRECTION('',(0.,0.,-1.));
#4864=DIRECTION('',(0.,1.,0.));
#4865=DIRECTION('',(0.,1.,0.));
#4866=DIRECTION('',(0.,0.,1.));
#4867=DIRECTION('',(0.,-1.,0.));
#4868=DIRECTION('',(0.,0.,-1.));
#4869=DIRECTION('',(1.,0.,0.));
#4870=DIRECTION('',(1.,0.,0.));
#4871=DIRECTION('',(0.,0.,1.));
#4872=DIRECTION('',(1.,0.,0.));
#4873=DIRECTION('',(0.,0.,-1.));
#4874=DIRECTION('',(0.,1.,0.));
#4875=DIRECTION('',(0.,1.,0.));
#4876=DIRECTION('',(0.,0.,1.));
#4877=DIRECTION('',(0.,1.,0.));
#4878=DIRECTION('',(0.,0.,1.));
#4879=DIRECTION('',(-1.,0.,0.));
#4880=DIRECTION('',(-1.,0.,0.));
#4881=DIRECTION('',(0.,0.,1.));
#4882=DIRECTION('',(0.,0.,1.));
#4883=DIRECTION('',(1.,0.,0.));
#4884=DIRECTION('',(0.,0.,1.));
#4885=DIRECTION('',(1.,0.,0.));
#4886=DIRECTION('',(0.,0.,1.));
#4887=DIRECTION('',(1.,0.,0.));
#4888=DIRECTION('',(0.,0.,1.));
#4889=DIRECTION('',(-1.,0.,0.));
#4890=DIRECTION('',(0.,0.,1.));
#4891=DIRECTION('',(1.,0.,0.));
#4892=DIRECTION('',(0.,0.,-1.));
#4893=DIRECTION('',(1.,0.,0.));
#4894=DIRECTION('',(0.,0.,-1.));
#4895=DIRECTION('',(0.,-1.,0.));
#4896=DIRECTION('',(0.,-1.,0.));
#4897=DIRECTION('',(1.,0.,0.));
#4898=DIRECTION('',(0.,0.,-1.));
#4899=DIRECTION('',(1.,0.,0.));
#4900=DIRECTION('',(0.,0.,-1.));
#4901=DIRECTION('',(0.,1.,0.));
#4902=DIRECTION('',(0.,0.,1.));
#4903=DIRECTION('',(0.,1.,0.));
#4904=DIRECTION('',(1.,0.,0.));
#4905=DIRECTION('',(0.,0.,-1.));
#4906=DIRECTION('',(0.,-1.,0.));
#4907=DIRECTION('',(0.,0.,-1.));
#4908=DIRECTION('',(1.,0.,0.));
#4909=DIRECTION('',(1.,0.,0.));
#4910=DIRECTION('',(0.,0.,1.));
#4911=DIRECTION('',(-0.707106781186548,-0.707106781186547,0.));
#4912=DIRECTION('',(0.707106781186547,-0.707106781186548,0.));
#4913=DIRECTION('',(-0.707106781186548,-0.707106781186547,0.));
#4914=DIRECTION('',(0.707106781186547,-0.707106781186548,0.));
#4915=DIRECTION('',(-0.707106781186548,-0.707106781186547,0.));
#4916=DIRECTION('',(0.707106781186547,-0.707106781186548,0.));
#4917=DIRECTION('',(0.,0.,1.));
#4918=DIRECTION('',(0.707106781186547,-0.707106781186548,0.));
#4919=DIRECTION('',(0.707106781186547,-0.707106781186548,0.));
#4920=DIRECTION('',(-1.,0.,0.));
#4921=DIRECTION('',(0.,0.,1.));
#4922=DIRECTION('',(-1.,0.,0.));
#4923=DIRECTION('',(0.,0.,1.));
#4924=DIRECTION('',(0.,0.,1.));
#4925=DIRECTION('',(0.,-1.,0.));
#4926=DIRECTION('',(-0.866025403784442,-0.499999999999993,0.));
#4927=DIRECTION('',(0.499999999999993,-0.866025403784443,0.));
#4928=DIRECTION('',(-0.866025403784442,-0.499999999999993,0.));
#4929=DIRECTION('',(0.499999999999993,-0.866025403784443,0.));
#4930=DIRECTION('',(0.499999999999993,-0.866025403784442,0.));
#4931=DIRECTION('',(-0.866025403784438,0.500000000000001,0.));
#4932=DIRECTION('',(-0.500000000000001,-0.866025403784438,0.));
#4933=DIRECTION('',(0.,0.,1.));
#4934=DIRECTION('',(-0.866025403784438,0.500000000000001,0.));
#4935=DIRECTION('',(0.500000000000001,0.866025403784438,0.));
#4936=DIRECTION('',(-0.500000000000001,-0.866025403784438,0.));
#4937=DIRECTION('',(-1.,0.,0.));
#4938=DIRECTION('',(0.,0.,1.));
#4939=DIRECTION('',(0.,0.,1.));
#4940=DIRECTION('',(-1.,0.,0.));
#4941=DIRECTION('',(0.,0.,1.));
#4942=DIRECTION('',(0.,-1.,0.));
#4943=DIRECTION('',(-0.707106781186548,0.707106781186547,0.));
#4944=DIRECTION('',(-0.707106781186547,-0.707106781186548,0.));
#4945=DIRECTION('',(-0.707106781186548,0.707106781186547,0.));
#4946=DIRECTION('',(0.707106781186547,0.707106781186548,0.));
#4947=DIRECTION('',(-0.707106781186547,-0.707106781186548,0.));
#4948=DIRECTION('',(0.,0.,1.));
#4949=DIRECTION('',(-0.707106781186547,-0.707106781186548,0.));
#4950=DIRECTION('',(-0.707106781186548,0.707106781186547,0.));
#4951=DIRECTION('',(0.707106781186547,0.707106781186548,0.));
#4952=DIRECTION('',(0.,1.,0.));
#4953=DIRECTION('',(0.,0.,1.));
#4954=DIRECTION('',(-1.,0.,0.));
#4955=DIRECTION('',(-1.,0.,0.));
#4956=DIRECTION('',(0.,0.,1.));
#4957=DIRECTION('',(1.,0.,0.));
#4958=DIRECTION('',(0.,0.,-1.));
#4959=DIRECTION('',(1.,0.,0.));
#4960=DIRECTION('',(0.,0.,-1.));
#4961=DIRECTION('',(1.,0.,0.));
#4962=DIRECTION('',(0.,0.,-1.));
#4963=DIRECTION('',(0.,1.,0.));
#4964=DIRECTION('',(0.,1.,0.));
#4965=DIRECTION('',(0.,0.,1.));
#4966=DIRECTION('',(1.,0.,0.));
#4967=DIRECTION('',(0.,0.,1.));
#4968=DIRECTION('',(1.,0.,0.));
#4969=DIRECTION('',(0.,0.,1.));
#4970=DIRECTION('',(0.,0.,1.));
#4971=DIRECTION('',(1.,0.,0.));
#4972=DIRECTION('',(0.,0.,1.));
#4973=DIRECTION('',(0.,1.,0.));
#4974=DIRECTION('',(0.,0.,1.));
#4975=DIRECTION('',(-1.,0.,0.));
#4976=DIRECTION('',(-1.,0.,0.));
#4977=DIRECTION('',(0.,0.,1.));
#4978=DIRECTION('',(0.,0.,1.));
#4979=DIRECTION('',(1.,0.,0.));
#4980=DIRECTION('',(0.,0.,1.));
#4981=DIRECTION('',(1.,0.,0.));
#4982=DIRECTION('',(0.,0.,1.));
#4983=DIRECTION('',(1.,0.,0.));
#4984=DIRECTION('',(0.,0.,1.));
#4985=DIRECTION('',(-0.707106781186547,0.707106781186548,0.));
#4986=DIRECTION('',(-0.707106781186548,-0.707106781186547,0.));
#4987=DIRECTION('',(-0.707106781186548,-0.707106781186547,0.));
#4988=DIRECTION('',(-0.707106781186548,-0.707106781186547,0.));
#4989=DIRECTION('',(0.,0.,1.));
#4990=DIRECTION('',(0.,1.,0.));
#4991=DIRECTION('',(0.,0.,1.));
#4992=DIRECTION('',(-1.,0.,0.));
#4993=DIRECTION('',(-1.,0.,0.));
#4994=DIRECTION('',(0.,0.,1.));
#4995=DIRECTION('',(0.707106781186547,0.707106781186548,0.));
#4996=DIRECTION('',(-0.707106781186548,0.707106781186547,0.));
#4997=DIRECTION('',(-0.707106781186548,0.707106781186547,0.));
#4998=DIRECTION('',(-0.707106781186548,0.707106781186547,0.));
#4999=DIRECTION('',(0.,0.,1.));
#5000=DIRECTION('',(0.,0.,1.));
#5001=DIRECTION('',(1.,0.,0.));
#5002=DIRECTION('',(0.,0.,1.));
#5003=DIRECTION('',(1.,0.,0.));
#5004=DIRECTION('',(0.,0.,1.));
#5005=DIRECTION('',(1.,0.,0.));
#5006=DIRECTION('',(0.,0.,1.));
#5007=DIRECTION('',(0.,1.,0.));
#5008=DIRECTION('',(0.,0.,1.));
#5009=DIRECTION('',(-1.,0.,0.));
#5010=DIRECTION('',(-1.,0.,0.));
#5011=DIRECTION('',(0.,0.,1.));
#5012=DIRECTION('',(0.,0.,1.));
#5013=DIRECTION('',(1.,0.,0.));
#5014=DIRECTION('',(0.,0.,1.));
#5015=DIRECTION('',(1.,0.,0.));
#5016=DIRECTION('',(0.,0.,1.));
#5017=DIRECTION('',(1.,0.,0.));
#5018=DIRECTION('',(0.,0.,1.));
#5019=DIRECTION('',(1.,0.,0.));
#5020=DIRECTION('',(0.,0.,-1.));
#5021=DIRECTION('',(0.,1.,0.));
#5022=DIRECTION('',(0.,1.,0.));
#5023=DIRECTION('',(0.,0.,1.));
#5024=DIRECTION('',(0.,0.,1.));
#5025=DIRECTION('',(1.,0.,0.));
#5026=DIRECTION('',(0.,0.,1.));
#5027=DIRECTION('',(1.,0.,0.));
#5028=DIRECTION('',(0.,0.,1.));
#5029=DIRECTION('',(1.,0.,0.));
#5030=DIRECTION('',(0.,0.,1.));
#5031=DIRECTION('',(0.,-1.,0.));
#5032=DIRECTION('',(0.,0.,-1.));
#5033=DIRECTION('',(1.,0.,0.));
#5034=DIRECTION('',(1.,0.,0.));
#5035=DIRECTION('',(0.,0.,1.));
#5036=DIRECTION('',(0.,0.,1.));
#5037=DIRECTION('',(1.,0.,0.));
#5038=DIRECTION('',(0.,0.,1.));
#5039=DIRECTION('',(1.,0.,0.));
#5040=DIRECTION('',(0.,0.,1.));
#5041=DIRECTION('',(1.,0.,0.));
#5042=DIRECTION('',(0.,0.,1.));
#5043=DIRECTION('',(0.707106781186548,-0.707106781186547,0.));
#5044=DIRECTION('',(0.707106781186547,0.707106781186548,0.));
#5045=DIRECTION('',(0.707106781186547,0.707106781186548,0.));
#5046=DIRECTION('',(0.707106781186547,0.707106781186548,0.));
#5047=DIRECTION('',(0.,0.,1.));
#5048=DIRECTION('',(0.,-1.,0.));
#5049=DIRECTION('',(0.,0.,-1.));
#5050=DIRECTION('',(1.,0.,0.));
#5051=DIRECTION('',(1.,0.,0.));
#5052=DIRECTION('',(0.,0.,1.));
#5053=DIRECTION('',(-0.707106781186548,-0.707106781186547,0.));
#5054=DIRECTION('',(0.707106781186547,-0.707106781186548,0.));
#5055=DIRECTION('',(0.707106781186547,-0.707106781186548,0.));
#5056=DIRECTION('',(0.707106781186547,-0.707106781186548,0.));
#5057=DIRECTION('',(0.,0.,1.));
#5058=DIRECTION('',(0.,0.,1.));
#5059=DIRECTION('',(1.,0.,0.));
#5060=DIRECTION('',(0.,0.,1.));
#5061=DIRECTION('',(1.,0.,0.));
#5062=DIRECTION('',(0.,0.,1.));
#5063=DIRECTION('',(1.,0.,0.));
#5064=DIRECTION('',(0.,0.,1.));
#5065=DIRECTION('',(0.,-1.,0.));
#5066=DIRECTION('',(0.,0.,-1.));
#5067=DIRECTION('',(1.,0.,0.));
#5068=DIRECTION('',(1.,0.,0.));
#5069=DIRECTION('',(0.,0.,1.));
#5070=DIRECTION('',(0.,0.,1.));
#5071=DIRECTION('',(1.,0.,0.));
#5072=DIRECTION('',(0.,0.,1.));
#5073=DIRECTION('',(1.,0.,0.));
#5074=DIRECTION('',(0.,0.,1.));
#5075=DIRECTION('',(1.,0.,0.));
#5076=DIRECTION('',(0.,0.,1.));
#5077=DIRECTION('',(-1.,0.,0.));
#5078=DIRECTION('',(0.,0.,1.));
#5079=DIRECTION('',(0.,-1.,0.));
#5080=DIRECTION('',(0.,-1.,0.));
#5081=DIRECTION('',(0.,0.,1.));
#5082=DIRECTION('',(1.,0.,0.));
#5083=DIRECTION('',(0.,0.,1.));
#5084=DIRECTION('',(1.,0.,0.));
#5085=DIRECTION('',(1.,0.,0.));
#5086=DIRECTION('',(0.,0.,-1.));
#5087=DIRECTION('',(1.,0.,0.));
#5088=DIRECTION('',(0.,0.,-1.));
#5089=DIRECTION('',(1.,0.,0.));
#5090=DIRECTION('',(0.,0.,-1.));
#5091=DIRECTION('',(1.,0.,0.));
#5092=DIRECTION('',(0.,0.,-1.));
#5093=DIRECTION('',(1.,0.,0.));
#5094=DIRECTION('',(0.,0.,-1.));
#5095=DIRECTION('',(1.,0.,0.));
#5096=DIRECTION('',(0.,0.,-1.));
#5097=DIRECTION('',(1.,0.,0.));
#5098=DIRECTION('',(0.,0.,-1.));
#5099=DIRECTION('',(1.,0.,0.));
#5100=DIRECTION('',(0.,0.,-1.));
#5101=DIRECTION('',(1.,0.,0.));
#5102=DIRECTION('',(0.,0.,-1.));
#5103=DIRECTION('',(1.,0.,0.));
#5104=DIRECTION('',(0.,0.,-1.));
#5105=DIRECTION('',(1.,0.,0.));
#5106=DIRECTION('',(0.,0.,-1.));
#5107=DIRECTION('',(1.,0.,0.));
#5108=DIRECTION('',(0.,0.,-1.));
#5109=DIRECTION('',(1.,0.,0.));
#5110=DIRECTION('',(0.,0.,-1.));
#5111=DIRECTION('',(1.,0.,0.));
#5112=DIRECTION('',(0.,0.,-1.));
#5113=DIRECTION('',(1.,0.,0.));
#5114=DIRECTION('',(0.,0.,-1.));
#5115=DIRECTION('',(1.,0.,0.));
#5116=DIRECTION('',(0.,0.,-1.));
#5117=DIRECTION('',(1.,0.,0.));
#5118=DIRECTION('',(0.,0.,-1.));
#5119=DIRECTION('',(1.,0.,0.));
#5120=DIRECTION('',(0.,0.,-1.));
#5121=DIRECTION('',(1.,0.,0.));
#5122=DIRECTION('',(0.,0.,-1.));
#5123=DIRECTION('',(1.,0.,0.));
#5124=DIRECTION('',(0.,0.,-1.));
#5125=CARTESIAN_POINT('',(0.,0.,0.));
#5126=CARTESIAN_POINT('',(-10.,-7.,-740.));
#5127=CARTESIAN_POINT('',(-8.,-7.,-740.));
#5128=CARTESIAN_POINT('',(-8.,-7.,-740.));
#5129=CARTESIAN_POINT('',(-8.,-7.,-452.122645754713));
#5130=CARTESIAN_POINT('',(10.,-6.99999999999998,-452.122645754713));
#5131=CARTESIAN_POINT('',(-10.,-7.00000000000001,-452.122645754713));
#5132=CARTESIAN_POINT('',(-10.,-7.,-740.));
#5133=CARTESIAN_POINT('',(-10.,-7.,-740.));
#5134=CARTESIAN_POINT('',(-10.,-7.,-740.));
#5135=CARTESIAN_POINT('',(-10.,-7.,-740.));
#5136=CARTESIAN_POINT('',(-10.,-7.,-740.));
#5137=CARTESIAN_POINT('',(-10.,-7.00000000000001,-447.877354245287));
#5138=CARTESIAN_POINT('',(-10.,-6.99999999999998,-292.122645754713));
#5139=CARTESIAN_POINT('',(10.,-6.99999999999998,-447.877354245287));
#5140=CARTESIAN_POINT('',(-8.,-7.,-447.877354245287));
#5141=CARTESIAN_POINT('',(-8.,-7.,-740.));
#5142=CARTESIAN_POINT('',(-8.,-7.,-292.122645754713));
#5143=CARTESIAN_POINT('',(10.,-6.99999999999998,-292.122645754713));
#5144=CARTESIAN_POINT('',(-4.,-7.06066017177982,-740.));
#5145=CARTESIAN_POINT('',(-4.,-9.48038475772934,-740.));
#5146=CARTESIAN_POINT('',(-4.,-9.48038475772934,-740.));
#5147=CARTESIAN_POINT('',(-4.,-9.48038475772934,-453.63807985069));
#5148=CARTESIAN_POINT('',(-4.,-10.,-450.));
#5149=CARTESIAN_POINT('',(-4.,-7.06066017177982,-452.20587995463));
#5150=CARTESIAN_POINT('',(-4.,-7.06066017177982,-740.));
#5151=CARTESIAN_POINT('',(-4.,-7.06066017177982,-740.));
#5152=CARTESIAN_POINT('',(-4.,-7.06066017177982,-740.));
#5153=CARTESIAN_POINT('',(-4.,-9.48038475772934,-740.));
#5154=CARTESIAN_POINT('',(-3.7,-10.,-740.));
#5155=CARTESIAN_POINT('',(-3.7,-10.,-740.));
#5156=CARTESIAN_POINT('',(-3.7,-10.,-453.675));
#5157=CARTESIAN_POINT('',(-3.70000000000001,-10.,-450.));
#5158=CARTESIAN_POINT('',(-4.,-9.48038475772934,-740.));
#5159=CARTESIAN_POINT('',(-8.,-13.,-740.));
#5160=CARTESIAN_POINT('',(-8.,-13.,-740.));
#5161=CARTESIAN_POINT('',(-8.,-13.,-447.877354245287));
#5162=CARTESIAN_POINT('',(-8.,-13.,-292.122645754713));
#5163=CARTESIAN_POINT('',(10.,-13.,-447.877354245287));
#5164=CARTESIAN_POINT('',(-10.,-13.,-447.877354245287));
#5165=CARTESIAN_POINT('',(-10.,-13.,-740.));
#5166=CARTESIAN_POINT('',(-10.,-13.,-292.122645754713));
#5167=CARTESIAN_POINT('',(10.,-13.,-292.122645754713));
#5168=CARTESIAN_POINT('',(-8.,-13.,-740.));
#5169=CARTESIAN_POINT('',(-10.,-13.,-740.));
#5170=CARTESIAN_POINT('',(-10.,-13.,-740.));
#5171=CARTESIAN_POINT('',(-10.,-13.,-452.122645754713));
#5172=CARTESIAN_POINT('',(10.,-13.,-452.122645754713));
#5173=CARTESIAN_POINT('',(-8.,-13.,-452.122645754713));
#5174=CARTESIAN_POINT('',(-8.,-13.,-740.));
#5175=CARTESIAN_POINT('',(-8.,-13.,-740.));
#5176=CARTESIAN_POINT('',(-8.,-13.,-740.));
#5177=CARTESIAN_POINT('',(10.,-13.,-740.));
#5178=CARTESIAN_POINT('',(10.,-13.,-740.));
#5179=CARTESIAN_POINT('',(10.,-13.,-447.877354245287));
#5180=CARTESIAN_POINT('',(10.,-13.,-292.122645754713));
#5181=CARTESIAN_POINT('',(10.,-13.,-447.877354245287));
#5182=CARTESIAN_POINT('',(8.,-13.,-447.877354245287));
#5183=CARTESIAN_POINT('',(8.,-13.,-740.));
#5184=CARTESIAN_POINT('',(8.,-13.,-292.122645754713));
#5185=CARTESIAN_POINT('',(10.,-13.,-292.122645754713));
#5186=CARTESIAN_POINT('',(10.,-13.,-740.));
#5187=CARTESIAN_POINT('',(8.,-13.,-740.));
#5188=CARTESIAN_POINT('',(8.,-13.,-740.));
#5189=CARTESIAN_POINT('',(8.,-13.,-452.122645754713));
#5190=CARTESIAN_POINT('',(10.,-13.,-452.122645754713));
#5191=CARTESIAN_POINT('',(10.,-13.,-452.122645754713));
#5192=CARTESIAN_POINT('',(10.,-13.,-740.));
#5193=CARTESIAN_POINT('',(10.,-13.,-740.));
#5194=CARTESIAN_POINT('',(10.,-13.,-740.));
#5195=CARTESIAN_POINT('',(4.,-12.9393398282202,-740.));
#5196=CARTESIAN_POINT('',(4.,-10.5196152422707,-740.));
#5197=CARTESIAN_POINT('',(4.,-10.5196152422707,-740.));
#5198=CARTESIAN_POINT('',(4.,-10.5196152422707,-453.63807985069));
#5199=CARTESIAN_POINT('',(4.,-10.,-450.));
#5200=CARTESIAN_POINT('',(4.,-12.9393398282202,-452.20587995463));
#5201=CARTESIAN_POINT('',(4.,-12.9393398282202,-740.));
#5202=CARTESIAN_POINT('',(4.,-12.9393398282202,-740.));
#5203=CARTESIAN_POINT('',(4.,-12.9393398282202,-740.));
#5204=CARTESIAN_POINT('',(3.7,-9.99999999999999,-740.));
#5205=CARTESIAN_POINT('',(4.,-9.48038475772934,-740.));
#5206=CARTESIAN_POINT('',(4.,-9.48038475772934,-740.));
#5207=CARTESIAN_POINT('',(4.,-9.48038475772934,-453.63807985069));
#5208=CARTESIAN_POINT('',(3.7,-10.,-450.));
#5209=CARTESIAN_POINT('',(3.70000000000001,-10.,-453.675));
#5210=CARTESIAN_POINT('',(3.7,-9.99999999999999,-740.));
#5211=CARTESIAN_POINT('',(3.7,-9.99999999999999,-740.));
#5212=CARTESIAN_POINT('',(3.7,-9.99999999999999,-740.));
#5213=CARTESIAN_POINT('',(8.,-7.,-740.));
#5214=CARTESIAN_POINT('',(10.,-7.,-740.));
#5215=CARTESIAN_POINT('',(10.,-7.,-740.));
#5216=CARTESIAN_POINT('',(10.,-7.,-452.122645754713));
#5217=CARTESIAN_POINT('',(10.,-7.,-452.122645754713));
#5218=CARTESIAN_POINT('',(8.,-7.,-452.122645754713));
#5219=CARTESIAN_POINT('',(8.,-7.,-740.));
#5220=CARTESIAN_POINT('',(8.,-7.,-740.));
#5221=CARTESIAN_POINT('',(8.,-7.,-740.));
#5222=CARTESIAN_POINT('',(8.,-7.,-740.));
#5223=CARTESIAN_POINT('',(8.,-7.,-740.));
#5224=CARTESIAN_POINT('',(8.,-7.,-447.877354245287));
#5225=CARTESIAN_POINT('',(8.,-7.,-292.122645754713));
#5226=CARTESIAN_POINT('',(10.,-7.,-447.877354245287));
#5227=CARTESIAN_POINT('',(10.,-7.,-447.877354245287));
#5228=CARTESIAN_POINT('',(10.,-7.,-740.));
#5229=CARTESIAN_POINT('',(10.,-7.,-292.122645754713));
#5230=CARTESIAN_POINT('',(10.,-7.,-292.122645754713));
#5231=CARTESIAN_POINT('',(0.,-10.,-740.));
#5232=CARTESIAN_POINT('',(-1.98183746287632,-10.8473507400824,-446.394280196278));
#5233=CARTESIAN_POINT('',(-2.15865338487697,-9.99865614777386,-446.290588908374));
#5234=CARTESIAN_POINT('',(-1.98354899761581,-9.15802466882212,-446.393364170227));
#5235=CARTESIAN_POINT('',(-1.5185441829617,-8.47684907336788,-446.635559987226));
#5236=CARTESIAN_POINT('',(-0.845818118555999,-8.01903603986213,-446.897204875339));
#5237=CARTESIAN_POINT('',(-0.00438374047551748,-7.8414392387088,-447.026932494865));
#5238=CARTESIAN_POINT('',(0.837831460024017,-8.0152328526748,-446.899674810833));
#5239=CARTESIAN_POINT('',(1.51551694434893,-8.4736673734639,-446.637079024715));
#5240=CARTESIAN_POINT('',(1.9806211726636,-9.15162142728357,-446.394972037359));
#5241=CARTESIAN_POINT('',(2.15829824496207,-9.9917814659377,-446.290786063213));
#5242=CARTESIAN_POINT('',(1.98610991495129,-10.8375092047367,-446.391927099722));
#5243=CARTESIAN_POINT('',(1.52135035895851,-11.5203388533737,-446.634252622596));
#5244=CARTESIAN_POINT('',(0.848599040024582,-11.980103334052,-446.896552022174));
#5245=CARTESIAN_POINT('',(0.00491325851907308,-12.1586920795784,-447.027062315076));
#5246=CARTESIAN_POINT('',(-0.837492666395853,-11.9850908022944,-446.899800237768));
#5247=CARTESIAN_POINT('',(-1.51655132041216,-11.5252623506121,-446.636668141912));
#5248=CARTESIAN_POINT('',(-1.98183746287632,-10.8473507400824,-446.394280196278));
#5249=CARTESIAN_POINT('',(-2.15865338487697,-9.99865614777386,-446.290588908374));
#5250=CARTESIAN_POINT('',(-1.98354899761581,-9.15802466882212,-446.393364170227));
#5251=CARTESIAN_POINT('',(-2.1,-10.,-446.325));
#5252=CARTESIAN_POINT('',(-1.98183746287632,-9.15264925991759,-293.605719803722));
#5253=CARTESIAN_POINT('',(-2.15865338487697,-10.0013438522261,-293.709411091626));
#5254=CARTESIAN_POINT('',(-1.98354899761581,-10.8419753311779,-293.606635829773));
#5255=CARTESIAN_POINT('',(-1.5185441829617,-11.5231509266321,-293.364440012774));
#5256=CARTESIAN_POINT('',(-0.845818118555981,-11.9809639601379,-293.102795124661));
#5257=CARTESIAN_POINT('',(-0.00438374047550681,-12.1585607612912,-292.973067505135));
#5258=CARTESIAN_POINT('',(0.837831460024024,-11.9847671473252,-293.100325189167));
#5259=CARTESIAN_POINT('',(1.51551694434894,-11.5263326265361,-293.362920975285));
#5260=CARTESIAN_POINT('',(1.98062117266362,-10.8483785727164,-293.605027962641));
#5261=CARTESIAN_POINT('',(2.15829824496207,-10.0082185340623,-293.709213936787));
#5262=CARTESIAN_POINT('',(1.98610991495129,-9.16249079526333,-293.608072900279));
#5263=CARTESIAN_POINT('',(1.52135035895848,-8.47966114662631,-293.365747377404));
#5264=CARTESIAN_POINT('',(0.848599040024587,-8.01989666594804,-293.103447977826));
#5265=CARTESIAN_POINT('',(0.00491325851904414,-7.84130792042164,-292.972937684925));
#5266=CARTESIAN_POINT('',(-0.837492666395875,-8.0149091977056,-293.100199762232));
#5267=CARTESIAN_POINT('',(-1.51655132041217,-8.47473764938794,-293.363331858088));
#5268=CARTESIAN_POINT('',(-1.98183746287632,-9.15264925991759,-293.605719803722));
#5269=CARTESIAN_POINT('',(-2.15865338487697,-10.0013438522261,-293.709411091626));
#5270=CARTESIAN_POINT('',(-1.98354899761581,-10.8419753311779,-293.606635829773));
#5271=CARTESIAN_POINT('',(-2.1,-10.,-293.675));
#5272=CARTESIAN_POINT('',(0.,-10.,-740.));
#5273=CARTESIAN_POINT('',(0.,-10.,-740.));
#5274=CARTESIAN_POINT('',(-2.1,-10.,-740.));
#5275=CARTESIAN_POINT('',(-1.98183746287632,-9.15264925991759,-453.605719803722));
#5276=CARTESIAN_POINT('',(-2.15865338487697,-10.0013438522261,-453.709411091626));
#5277=CARTESIAN_POINT('',(-1.98354899761581,-10.8419753311779,-453.606635829773));
#5278=CARTESIAN_POINT('',(-1.5185441829617,-11.5231509266321,-453.364440012775));
#5279=CARTESIAN_POINT('',(-0.845818118555999,-11.9809639601379,-453.102795124661));
#5280=CARTESIAN_POINT('',(-0.00438374047551791,-12.1585607612912,-452.973067505135));
#5281=CARTESIAN_POINT('',(0.837831460024017,-11.9847671473252,-453.100325189167));
#5282=CARTESIAN_POINT('',(1.51551694434893,-11.5263326265361,-453.362920975285));
#5283=CARTESIAN_POINT('',(1.9806211726636,-10.8483785727164,-453.605027962641));
#5284=CARTESIAN_POINT('',(2.15829824496207,-10.0082185340623,-453.709213936787));
#5285=CARTESIAN_POINT('',(1.98610991495129,-9.16249079526334,-453.608072900279));
#5286=CARTESIAN_POINT('',(1.52135035895851,-8.47966114662634,-453.365747377404));
#5287=CARTESIAN_POINT('',(0.848599040024582,-8.01989666594803,-453.103447977826));
#5288=CARTESIAN_POINT('',(0.00491325851907308,-7.84130792042164,-452.972937684924));
#5289=CARTESIAN_POINT('',(-0.837492666395853,-8.01490919770558,-453.100199762232));
#5290=CARTESIAN_POINT('',(-1.51655132041216,-8.47473764938793,-453.363331858088));
#5291=CARTESIAN_POINT('',(-1.98183746287632,-9.15264925991759,-453.605719803722));
#5292=CARTESIAN_POINT('',(-2.15865338487697,-10.0013438522261,-453.709411091626));
#5293=CARTESIAN_POINT('',(-1.98354899761581,-10.8419753311779,-453.606635829773));
#5294=CARTESIAN_POINT('',(-2.1,-10.,-453.675));
#5295=CARTESIAN_POINT('',(-3.7,-10.,-740.));
#5296=CARTESIAN_POINT('',(-3.7,-10.,-740.));
#5297=CARTESIAN_POINT('',(-3.7,-10.,-446.325));
#5298=CARTESIAN_POINT('',(-3.7,-10.,-293.675));
#5299=CARTESIAN_POINT('',(-3.7,-10.,-450.));
#5300=CARTESIAN_POINT('',(-4.,-10.5196152422707,-446.36192014931));
#5301=CARTESIAN_POINT('',(-4.,-10.5196152422707,-740.));
#5302=CARTESIAN_POINT('',(-4.,-10.5196152422707,-293.638079850691));
#5303=CARTESIAN_POINT('',(-3.7,-10.,-290.));
#5304=CARTESIAN_POINT('',(-4.,-10.5196152422707,-740.));
#5305=CARTESIAN_POINT('',(-4.,-10.,-450.));
#5306=CARTESIAN_POINT('',(-4.,-12.9393398282202,-447.79412004537));
#5307=CARTESIAN_POINT('',(-4.,-12.9393398282202,-740.));
#5308=CARTESIAN_POINT('',(-4.,-12.9393398282202,-292.20587995463));
#5309=CARTESIAN_POINT('',(-4.,-10.,-290.));
#5310=CARTESIAN_POINT('',(4.,-10.5196152422707,-740.));
#5311=CARTESIAN_POINT('',(4.,-10.5196152422707,-740.));
#5312=CARTESIAN_POINT('',(4.,-10.5196152422707,-446.36192014931));
#5313=CARTESIAN_POINT('',(4.,-10.5196152422707,-293.638079850691));
#5314=CARTESIAN_POINT('',(3.70000000000001,-10.,-450.));
#5315=CARTESIAN_POINT('',(3.7,-9.99999999999999,-446.325));
#5316=CARTESIAN_POINT('',(3.7,-9.99999999999999,-740.));
#5317=CARTESIAN_POINT('',(3.7,-10.,-293.675));
#5318=CARTESIAN_POINT('',(3.70000000000001,-10.,-290.));
#5319=CARTESIAN_POINT('',(4.,-9.48038475772934,-740.));
#5320=CARTESIAN_POINT('',(4.,-9.48038475772934,-740.));
#5321=CARTESIAN_POINT('',(4.,-9.48038475772934,-446.36192014931));
#5322=CARTESIAN_POINT('',(4.,-9.48038475772934,-293.638079850691));
#5323=CARTESIAN_POINT('',(4.,-10.,-450.));
#5324=CARTESIAN_POINT('',(4.,-7.06066017177982,-447.79412004537));
#5325=CARTESIAN_POINT('',(4.,-7.06066017177982,-740.));
#5326=CARTESIAN_POINT('',(4.,-7.06066017177982,-292.20587995463));
#5327=CARTESIAN_POINT('',(4.,-10.,-290.));
#5328=CARTESIAN_POINT('',(10.,7.,-740.));
#5329=CARTESIAN_POINT('',(10.,7.,-740.));
#5330=CARTESIAN_POINT('',(10.,7.,-447.877354245287));
#5331=CARTESIAN_POINT('',(10.,7.,-292.122645754713));
#5332=CARTESIAN_POINT('',(10.,7.,-447.877354245287));
#5333=CARTESIAN_POINT('',(8.,7.,-447.877354245287));
#5334=CARTESIAN_POINT('',(8.,7.,-740.));
#5335=CARTESIAN_POINT('',(8.,7.,-292.122645754713));
#5336=CARTESIAN_POINT('',(10.,7.,-292.122645754713));
#5337=CARTESIAN_POINT('',(10.,7.,-740.));
#5338=CARTESIAN_POINT('',(8.,7.,-740.));
#5339=CARTESIAN_POINT('',(8.,7.,-740.));
#5340=CARTESIAN_POINT('',(8.,7.,-452.122645754713));
#5341=CARTESIAN_POINT('',(10.,7.,-452.122645754713));
#5342=CARTESIAN_POINT('',(10.,7.,-452.122645754713));
#5343=CARTESIAN_POINT('',(10.,7.,-740.));
#5344=CARTESIAN_POINT('',(10.,7.,-740.));
#5345=CARTESIAN_POINT('',(10.,7.,-740.));
#5346=CARTESIAN_POINT('',(4.,7.06066017177982,-740.));
#5347=CARTESIAN_POINT('',(4.,9.48038475772934,-740.));
#5348=CARTESIAN_POINT('',(4.,9.48038475772934,-740.));
#5349=CARTESIAN_POINT('',(4.,9.48038475772934,-453.63807985069));
#5350=CARTESIAN_POINT('',(4.,10.,-450.));
#5351=CARTESIAN_POINT('',(4.,7.06066017177982,-452.20587995463));
#5352=CARTESIAN_POINT('',(4.,7.06066017177982,-740.));
#5353=CARTESIAN_POINT('',(4.,7.06066017177982,-740.));
#5354=CARTESIAN_POINT('',(4.,7.06066017177982,-740.));
#5355=CARTESIAN_POINT('',(3.7,10.,-740.));
#5356=CARTESIAN_POINT('',(4.,10.5196152422707,-740.));
#5357=CARTESIAN_POINT('',(4.,10.5196152422707,-740.));
#5358=CARTESIAN_POINT('',(4.,10.5196152422707,-453.63807985069));
#5359=CARTESIAN_POINT('',(3.7,10.,-450.));
#5360=CARTESIAN_POINT('',(3.70000000000001,10.,-453.675));
#5361=CARTESIAN_POINT('',(3.7,10.,-740.));
#5362=CARTESIAN_POINT('',(3.7,10.,-740.));
#5363=CARTESIAN_POINT('',(3.7,10.,-740.));
#5364=CARTESIAN_POINT('',(8.,13.,-740.));
#5365=CARTESIAN_POINT('',(10.,13.,-740.));
#5366=CARTESIAN_POINT('',(10.,13.,-740.));
#5367=CARTESIAN_POINT('',(10.,13.,-452.122645754713));
#5368=CARTESIAN_POINT('',(10.,13.,-452.122645754713));
#5369=CARTESIAN_POINT('',(8.,13.,-452.122645754713));
#5370=CARTESIAN_POINT('',(8.,13.,-740.));
#5371=CARTESIAN_POINT('',(8.,13.,-740.));
#5372=CARTESIAN_POINT('',(8.,13.,-740.));
#5373=CARTESIAN_POINT('',(8.,13.,-740.));
#5374=CARTESIAN_POINT('',(8.,13.,-740.));
#5375=CARTESIAN_POINT('',(8.,13.,-447.877354245287));
#5376=CARTESIAN_POINT('',(8.,13.,-292.122645754713));
#5377=CARTESIAN_POINT('',(10.,13.,-447.877354245287));
#5378=CARTESIAN_POINT('',(10.,13.,-447.877354245287));
#5379=CARTESIAN_POINT('',(10.,13.,-740.));
#5380=CARTESIAN_POINT('',(10.,13.,-292.122645754713));
#5381=CARTESIAN_POINT('',(10.,13.,-292.122645754713));
#5382=CARTESIAN_POINT('',(-10.,13.,-740.));
#5383=CARTESIAN_POINT('',(-8.,13.,-740.));
#5384=CARTESIAN_POINT('',(-8.,13.,-740.));
#5385=CARTESIAN_POINT('',(-8.,13.,-452.122645754713));
#5386=CARTESIAN_POINT('',(10.,13.,-452.122645754713));
#5387=CARTESIAN_POINT('',(-10.,13.,-452.122645754713));
#5388=CARTESIAN_POINT('',(-10.,13.,-740.));
#5389=CARTESIAN_POINT('',(-10.,13.,-740.));
#5390=CARTESIAN_POINT('',(-10.,13.,-740.));
#5391=CARTESIAN_POINT('',(-10.,13.,-740.));
#5392=CARTESIAN_POINT('',(-10.,13.,-740.));
#5393=CARTESIAN_POINT('',(-10.,13.,-447.877354245287));
#5394=CARTESIAN_POINT('',(-10.,13.,-292.122645754713));
#5395=CARTESIAN_POINT('',(10.,13.,-447.877354245287));
#5396=CARTESIAN_POINT('',(-8.,13.,-447.877354245287));
#5397=CARTESIAN_POINT('',(-8.,13.,-740.));
#5398=CARTESIAN_POINT('',(-8.,13.,-292.122645754713));
#5399=CARTESIAN_POINT('',(10.,13.,-292.122645754713));
#5400=CARTESIAN_POINT('',(-4.,12.9393398282202,-740.));
#5401=CARTESIAN_POINT('',(-4.,10.5196152422707,-740.));
#5402=CARTESIAN_POINT('',(-4.,10.5196152422707,-740.));
#5403=CARTESIAN_POINT('',(-4.,10.5196152422707,-453.638079850691));
#5404=CARTESIAN_POINT('',(-4.,10.,-450.));
#5405=CARTESIAN_POINT('',(-4.,12.9393398282202,-452.20587995463));
#5406=CARTESIAN_POINT('',(-4.,12.9393398282202,-740.));
#5407=CARTESIAN_POINT('',(-4.,12.9393398282202,-740.));
#5408=CARTESIAN_POINT('',(-4.,12.9393398282202,-740.));
#5409=CARTESIAN_POINT('',(-4.,10.5196152422707,-740.));
#5410=CARTESIAN_POINT('',(-3.7,9.99999999999999,-740.));
#5411=CARTESIAN_POINT('',(-3.7,9.99999999999999,-740.));
#5412=CARTESIAN_POINT('',(-3.7,10.,-453.675));
#5413=CARTESIAN_POINT('',(-3.70000000000001,10.,-450.));
#5414=CARTESIAN_POINT('',(-4.,10.5196152422707,-740.));
#5415=CARTESIAN_POINT('',(-8.,7.,-740.));
#5416=CARTESIAN_POINT('',(-8.,7.,-740.));
#5417=CARTESIAN_POINT('',(-8.,7.,-447.877354245287));
#5418=CARTESIAN_POINT('',(-8.,7.,-292.122645754713));
#5419=CARTESIAN_POINT('',(10.,6.99999999999999,-447.877354245287));
#5420=CARTESIAN_POINT('',(-10.,7.00000000000001,-447.877354245287));
#5421=CARTESIAN_POINT('',(-10.,7.,-740.));
#5422=CARTESIAN_POINT('',(-10.,6.99999999999998,-292.122645754713));
#5423=CARTESIAN_POINT('',(10.,6.99999999999999,-292.122645754713));
#5424=CARTESIAN_POINT('',(-8.,7.,-740.));
#5425=CARTESIAN_POINT('',(-10.,7.,-740.));
#5426=CARTESIAN_POINT('',(-10.,7.,-740.));
#5427=CARTESIAN_POINT('',(-10.,7.00000000000001,-452.122645754713));
#5428=CARTESIAN_POINT('',(10.,6.99999999999999,-452.122645754713));
#5429=CARTESIAN_POINT('',(-8.,7.,-452.122645754713));
#5430=CARTESIAN_POINT('',(-8.,7.,-740.));
#5431=CARTESIAN_POINT('',(-8.,7.,-740.));
#5432=CARTESIAN_POINT('',(-8.,7.,-740.));
#5433=CARTESIAN_POINT('',(0.,10.,-740.));
#5434=CARTESIAN_POINT('',(-1.98183746287632,9.15264925991759,-446.394280196278));
#5435=CARTESIAN_POINT('',(-2.15865338487697,10.0013438522261,-446.290588908374));
#5436=CARTESIAN_POINT('',(-1.98354899761581,10.8419753311779,-446.393364170227));
#5437=CARTESIAN_POINT('',(-1.5185441829617,11.5231509266321,-446.635559987226));
#5438=CARTESIAN_POINT('',(-0.845818118555999,11.9809639601379,-446.897204875339));
#5439=CARTESIAN_POINT('',(-0.00438374047551791,12.1585607612912,-447.026932494865));
#5440=CARTESIAN_POINT('',(0.837831460024017,11.9847671473252,-446.899674810833));
#5441=CARTESIAN_POINT('',(1.51551694434893,11.5263326265361,-446.637079024715));
#5442=CARTESIAN_POINT('',(1.9806211726636,10.8483785727164,-446.394972037359));
#5443=CARTESIAN_POINT('',(2.15829824496207,10.0082185340623,-446.290786063213));
#5444=CARTESIAN_POINT('',(1.98610991495129,9.16249079526334,-446.391927099722));
#5445=CARTESIAN_POINT('',(1.52135035895851,8.47966114662634,-446.634252622596));
#5446=CARTESIAN_POINT('',(0.848599040024582,8.01989666594803,-446.896552022174));
#5447=CARTESIAN_POINT('',(0.00491325851907308,7.84130792042164,-447.027062315076));
#5448=CARTESIAN_POINT('',(-0.837492666395853,8.01490919770558,-446.899800237768));
#5449=CARTESIAN_POINT('',(-1.51655132041216,8.47473764938793,-446.636668141912));
#5450=CARTESIAN_POINT('',(-1.98183746287632,9.15264925991759,-446.394280196278));
#5451=CARTESIAN_POINT('',(-2.15865338487697,10.0013438522261,-446.290588908374));
#5452=CARTESIAN_POINT('',(-1.98354899761581,10.8419753311779,-446.393364170227));
#5453=CARTESIAN_POINT('',(-2.1,10.,-446.325));
#5454=CARTESIAN_POINT('',(-1.98183746287632,10.8473507400824,-293.605719803722));
#5455=CARTESIAN_POINT('',(-2.15865338487697,9.99865614777387,-293.709411091626));
#5456=CARTESIAN_POINT('',(-1.98354899761581,9.15802466882212,-293.606635829773));
#5457=CARTESIAN_POINT('',(-1.5185441829617,8.47684907336787,-293.364440012774));
#5458=CARTESIAN_POINT('',(-0.845818118555981,8.01903603986212,-293.102795124661));
#5459=CARTESIAN_POINT('',(-0.00438374047550681,7.8414392387088,-292.973067505135));
#5460=CARTESIAN_POINT('',(0.837831460024024,8.01523285267481,-293.100325189167));
#5461=CARTESIAN_POINT('',(1.51551694434894,8.4736673734639,-293.362920975285));
#5462=CARTESIAN_POINT('',(1.98062117266362,9.15162142728361,-293.605027962641));
#5463=CARTESIAN_POINT('',(2.15829824496207,9.99178146593772,-293.709213936787));
#5464=CARTESIAN_POINT('',(1.98610991495129,10.8375092047367,-293.608072900279));
#5465=CARTESIAN_POINT('',(1.52135035895848,11.5203388533737,-293.365747377404));
#5466=CARTESIAN_POINT('',(0.848599040024587,11.980103334052,-293.103447977826));
#5467=CARTESIAN_POINT('',(0.00491325851904414,12.1586920795784,-292.972937684925));
#5468=CARTESIAN_POINT('',(-0.837492666395875,11.9850908022944,-293.100199762232));
#5469=CARTESIAN_POINT('',(-1.51655132041217,11.5252623506121,-293.363331858088));
#5470=CARTESIAN_POINT('',(-1.98183746287632,10.8473507400824,-293.605719803722));
#5471=CARTESIAN_POINT('',(-2.15865338487697,9.99865614777387,-293.709411091626));
#5472=CARTESIAN_POINT('',(-1.98354899761581,9.15802466882212,-293.606635829773));
#5473=CARTESIAN_POINT('',(-2.1,10.,-293.675));
#5474=CARTESIAN_POINT('',(0.,10.,-740.));
#5475=CARTESIAN_POINT('',(0.,10.,-740.));
#5476=CARTESIAN_POINT('',(-2.1,10.,-740.));
#5477=CARTESIAN_POINT('',(-1.98183746287632,10.8473507400824,-453.605719803722));
#5478=CARTESIAN_POINT('',(-2.15865338487697,9.99865614777386,-453.709411091626));
#5479=CARTESIAN_POINT('',(-1.98354899761581,9.15802466882212,-453.606635829773));
#5480=CARTESIAN_POINT('',(-1.5185441829617,8.47684907336788,-453.364440012775));
#5481=CARTESIAN_POINT('',(-0.845818118555999,8.01903603986213,-453.102795124661));
#5482=CARTESIAN_POINT('',(-0.00438374047551748,7.8414392387088,-452.973067505135));
#5483=CARTESIAN_POINT('',(0.837831460024017,8.0152328526748,-453.100325189167));
#5484=CARTESIAN_POINT('',(1.51551694434893,8.4736673734639,-453.362920975285));
#5485=CARTESIAN_POINT('',(1.9806211726636,9.15162142728357,-453.605027962641));
#5486=CARTESIAN_POINT('',(2.15829824496207,9.9917814659377,-453.709213936787));
#5487=CARTESIAN_POINT('',(1.98610991495129,10.8375092047367,-453.608072900279));
#5488=CARTESIAN_POINT('',(1.52135035895851,11.5203388533737,-453.365747377404));
#5489=CARTESIAN_POINT('',(0.848599040024582,11.980103334052,-453.103447977826));
#5490=CARTESIAN_POINT('',(0.00491325851907308,12.1586920795784,-452.972937684924));
#5491=CARTESIAN_POINT('',(-0.837492666395853,11.9850908022944,-453.100199762232));
#5492=CARTESIAN_POINT('',(-1.51655132041216,11.5252623506121,-453.363331858088));
#5493=CARTESIAN_POINT('',(-1.98183746287632,10.8473507400824,-453.605719803722));
#5494=CARTESIAN_POINT('',(-2.15865338487697,9.99865614777386,-453.709411091626));
#5495=CARTESIAN_POINT('',(-1.98354899761581,9.15802466882212,-453.606635829773));
#5496=CARTESIAN_POINT('',(-2.1,10.,-453.675));
#5497=CARTESIAN_POINT('',(4.,9.48038475772934,-740.));
#5498=CARTESIAN_POINT('',(4.,9.48038475772934,-740.));
#5499=CARTESIAN_POINT('',(4.,9.48038475772934,-446.36192014931));
#5500=CARTESIAN_POINT('',(4.,9.48038475772934,-293.638079850691));
#5501=CARTESIAN_POINT('',(3.70000000000001,10.,-450.));
#5502=CARTESIAN_POINT('',(3.7,10.,-446.325));
#5503=CARTESIAN_POINT('',(3.7,10.,-740.));
#5504=CARTESIAN_POINT('',(3.7,10.,-293.675));
#5505=CARTESIAN_POINT('',(3.70000000000001,10.,-290.));
#5506=CARTESIAN_POINT('',(4.,10.5196152422707,-740.));
#5507=CARTESIAN_POINT('',(4.,10.5196152422707,-740.));
#5508=CARTESIAN_POINT('',(4.,10.5196152422707,-446.36192014931));
#5509=CARTESIAN_POINT('',(4.,10.5196152422707,-293.638079850691));
#5510=CARTESIAN_POINT('',(4.,10.,-450.));
#5511=CARTESIAN_POINT('',(4.,12.9393398282202,-447.79412004537));
#5512=CARTESIAN_POINT('',(4.,12.9393398282202,-740.));
#5513=CARTESIAN_POINT('',(4.,12.9393398282202,-292.20587995463));
#5514=CARTESIAN_POINT('',(4.,10.,-290.));
#5515=CARTESIAN_POINT('',(-3.7,9.99999999999999,-740.));
#5516=CARTESIAN_POINT('',(-3.7,9.99999999999999,-740.));
#5517=CARTESIAN_POINT('',(-3.7,9.99999999999999,-446.325));
#5518=CARTESIAN_POINT('',(-3.7,10.,-293.675));
#5519=CARTESIAN_POINT('',(-3.7,10.,-450.));
#5520=CARTESIAN_POINT('',(-4.,9.48038475772934,-446.36192014931));
#5521=CARTESIAN_POINT('',(-4.,9.48038475772934,-740.));
#5522=CARTESIAN_POINT('',(-4.,9.48038475772934,-293.638079850691));
#5523=CARTESIAN_POINT('',(-3.7,10.,-290.));
#5524=CARTESIAN_POINT('',(-4.,9.48038475772934,-740.));
#5525=CARTESIAN_POINT('',(-4.,10.,-450.));
#5526=CARTESIAN_POINT('',(-4.,7.06066017177982,-447.79412004537));
#5527=CARTESIAN_POINT('',(-4.,7.06066017177982,-740.));
#5528=CARTESIAN_POINT('',(-4.,7.06066017177982,-292.20587995463));
#5529=CARTESIAN_POINT('',(-4.,10.,-290.));
#5530=CARTESIAN_POINT('',(-10.,-7.,-740.));
#5531=CARTESIAN_POINT('',(-10.,-7.,-740.));
#5532=CARTESIAN_POINT('',(-10.,-6.99999999999998,-287.877354245287));
#5533=CARTESIAN_POINT('',(-10.,-7.,0.));
#5534=CARTESIAN_POINT('',(10.,-6.99999999999998,-287.877354245287));
#5535=CARTESIAN_POINT('',(-8.,-7.,-287.877354245287));
#5536=CARTESIAN_POINT('',(-8.,-7.,-740.));
#5537=CARTESIAN_POINT('',(-8.,-7.,0.));
#5538=CARTESIAN_POINT('',(-10.,-7.,0.));
#5539=CARTESIAN_POINT('',(-4.,-7.06066017177982,-740.));
#5540=CARTESIAN_POINT('',(-4.,-7.06066017177982,-740.));
#5541=CARTESIAN_POINT('',(-4.,-7.06066017177982,-447.79412004537));
#5542=CARTESIAN_POINT('',(-4.,-7.06066017177982,-292.20587995463));
#5543=CARTESIAN_POINT('',(-4.,-10.,-450.));
#5544=CARTESIAN_POINT('',(-4.,-9.48038475772934,-446.36192014931));
#5545=CARTESIAN_POINT('',(-4.,-9.48038475772934,-740.));
#5546=CARTESIAN_POINT('',(-4.,-9.48038475772934,-293.638079850691));
#5547=CARTESIAN_POINT('',(-4.,-10.,-290.));
#5548=CARTESIAN_POINT('',(-4.,-9.48038475772934,-740.));
#5549=CARTESIAN_POINT('',(-3.70000000000001,-10.,-450.));
#5550=CARTESIAN_POINT('',(-3.70000000000001,-10.,-290.));
#5551=CARTESIAN_POINT('',(-3.7,-10.,-740.));
#5552=CARTESIAN_POINT('',(-3.7,-10.,-740.));
#5553=CARTESIAN_POINT('',(-3.7,-10.,-286.325));
#5554=CARTESIAN_POINT('',(-3.7,-10.,0.));
#5555=CARTESIAN_POINT('',(-3.7,-10.,-290.));
#5556=CARTESIAN_POINT('',(-4.,-10.5196152422707,-286.361920149309));
#5557=CARTESIAN_POINT('',(-4.,-10.5196152422707,-740.));
#5558=CARTESIAN_POINT('',(-4.,-10.5196152422707,0.));
#5559=CARTESIAN_POINT('',(-3.7,-10.,0.));
#5560=CARTESIAN_POINT('',(-4.,-10.5196152422707,-740.));
#5561=CARTESIAN_POINT('',(-4.,-10.,-290.));
#5562=CARTESIAN_POINT('',(-4.,-12.9393398282202,-287.79412004537));
#5563=CARTESIAN_POINT('',(-4.,-12.9393398282202,-740.));
#5564=CARTESIAN_POINT('',(-4.,-12.9393398282202,0.));
#5565=CARTESIAN_POINT('',(-4.,-10.5196152422707,0.));
#5566=CARTESIAN_POINT('',(-8.,-13.,-740.));
#5567=CARTESIAN_POINT('',(-8.,-13.,-740.));
#5568=CARTESIAN_POINT('',(-8.,-13.,-287.877354245287));
#5569=CARTESIAN_POINT('',(-8.,-13.,0.));
#5570=CARTESIAN_POINT('',(10.,-13.,-287.877354245287));
#5571=CARTESIAN_POINT('',(-10.,-13.,-287.877354245287));
#5572=CARTESIAN_POINT('',(-10.,-13.,-740.));
#5573=CARTESIAN_POINT('',(-10.,-13.,0.));
#5574=CARTESIAN_POINT('',(-8.,-13.,0.));
#5575=CARTESIAN_POINT('',(10.,-13.,-740.));
#5576=CARTESIAN_POINT('',(10.,-13.,-740.));
#5577=CARTESIAN_POINT('',(10.,-13.,-287.877354245287));
#5578=CARTESIAN_POINT('',(10.,-13.,0.));
#5579=CARTESIAN_POINT('',(10.,-13.,-287.877354245287));
#5580=CARTESIAN_POINT('',(8.,-13.,-287.877354245287));
#5581=CARTESIAN_POINT('',(8.,-13.,-740.));
#5582=CARTESIAN_POINT('',(8.,-13.,0.));
#5583=CARTESIAN_POINT('',(10.,-13.,0.));
#5584=CARTESIAN_POINT('',(4.,-12.9393398282202,-740.));
#5585=CARTESIAN_POINT('',(4.,-12.9393398282202,-740.));
#5586=CARTESIAN_POINT('',(4.,-12.9393398282202,-447.79412004537));
#5587=CARTESIAN_POINT('',(4.,-12.9393398282202,-292.20587995463));
#5588=CARTESIAN_POINT('',(4.,-10.,-450.));
#5589=CARTESIAN_POINT('',(4.,-10.,-290.));
#5590=CARTESIAN_POINT('',(4.,-10.5196152422707,-740.));
#5591=CARTESIAN_POINT('',(4.,-10.5196152422707,-740.));
#5592=CARTESIAN_POINT('',(4.,-10.5196152422707,-286.361920149309));
#5593=CARTESIAN_POINT('',(4.,-10.5196152422707,0.));
#5594=CARTESIAN_POINT('',(3.70000000000001,-10.,-290.));
#5595=CARTESIAN_POINT('',(3.7,-9.99999999999999,-286.325));
#5596=CARTESIAN_POINT('',(3.7,-9.99999999999999,-740.));
#5597=CARTESIAN_POINT('',(3.7,-9.99999999999999,0.));
#5598=CARTESIAN_POINT('',(4.,-10.5196152422707,0.));
#5599=CARTESIAN_POINT('',(3.7,-9.99999999999999,-740.));
#5600=CARTESIAN_POINT('',(3.7,-10.,-450.));
#5601=CARTESIAN_POINT('',(3.7,-10.,-290.));
#5602=CARTESIAN_POINT('',(4.,-9.48038475772934,-740.));
#5603=CARTESIAN_POINT('',(4.,-9.48038475772934,-740.));
#5604=CARTESIAN_POINT('',(4.,-9.48038475772934,-286.361920149309));
#5605=CARTESIAN_POINT('',(4.,-9.48038475772934,0.));
#5606=CARTESIAN_POINT('',(4.,-10.,-290.));
#5607=CARTESIAN_POINT('',(4.,-7.06066017177982,-287.79412004537));
#5608=CARTESIAN_POINT('',(4.,-7.06066017177982,-740.));
#5609=CARTESIAN_POINT('',(4.,-7.06066017177982,0.));
#5610=CARTESIAN_POINT('',(4.,-9.48038475772934,0.));
#5611=CARTESIAN_POINT('',(8.,-7.,-740.));
#5612=CARTESIAN_POINT('',(8.,-7.,-740.));
#5613=CARTESIAN_POINT('',(8.,-7.,-287.877354245287));
#5614=CARTESIAN_POINT('',(8.,-7.,0.));
#5615=CARTESIAN_POINT('',(10.,-7.,-287.877354245287));
#5616=CARTESIAN_POINT('',(10.,-7.00000000000002,-287.877354245287));
#5617=CARTESIAN_POINT('',(10.,-7.,-740.));
#5618=CARTESIAN_POINT('',(10.,-7.,0.));
#5619=CARTESIAN_POINT('',(8.,-7.,0.));
#5620=CARTESIAN_POINT('',(0.,-10.,-740.));
#5621=CARTESIAN_POINT('',(-1.98183746287632,-10.8473507400824,-286.394280196278));
#5622=CARTESIAN_POINT('',(-2.15865338487697,-9.99865614777387,-286.290588908374));
#5623=CARTESIAN_POINT('',(-1.98354899761581,-9.15802466882212,-286.393364170227));
#5624=CARTESIAN_POINT('',(-1.5185441829617,-8.47684907336787,-286.635559987225));
#5625=CARTESIAN_POINT('',(-0.845818118555981,-8.01903603986212,-286.897204875339));
#5626=CARTESIAN_POINT('',(-0.00438374047550681,-7.8414392387088,-287.026932494865));
#5627=CARTESIAN_POINT('',(0.837831460024024,-8.01523285267481,-286.899674810833));
#5628=CARTESIAN_POINT('',(1.51551694434894,-8.4736673734639,-286.637079024715));
#5629=CARTESIAN_POINT('',(1.98062117266362,-9.15162142728361,-286.394972037359));
#5630=CARTESIAN_POINT('',(2.15829824496207,-9.99178146593772,-286.290786063213));
#5631=CARTESIAN_POINT('',(1.98610991495129,-10.8375092047367,-286.391927099721));
#5632=CARTESIAN_POINT('',(1.52135035895848,-11.5203388533737,-286.634252622596));
#5633=CARTESIAN_POINT('',(0.848599040024587,-11.980103334052,-286.896552022174));
#5634=CARTESIAN_POINT('',(0.00491325851904414,-12.1586920795784,-287.027062315075));
#5635=CARTESIAN_POINT('',(-0.837492666395875,-11.9850908022944,-286.899800237768));
#5636=CARTESIAN_POINT('',(-1.51655132041217,-11.5252623506121,-286.636668141912));
#5637=CARTESIAN_POINT('',(-1.98183746287632,-10.8473507400824,-286.394280196278));
#5638=CARTESIAN_POINT('',(-2.15865338487697,-9.99865614777387,-286.290588908374));
#5639=CARTESIAN_POINT('',(-1.98354899761581,-9.15802466882212,-286.393364170227));
#5640=CARTESIAN_POINT('',(-2.1,-10.,-286.325));
#5641=CARTESIAN_POINT('',(0.,-10.,0.));
#5642=CARTESIAN_POINT('',(-2.1,-10.,0.));
#5643=CARTESIAN_POINT('',(10.,7.,-740.));
#5644=CARTESIAN_POINT('',(10.,7.,-740.));
#5645=CARTESIAN_POINT('',(10.,7.,-287.877354245287));
#5646=CARTESIAN_POINT('',(10.,7.,0.));
#5647=CARTESIAN_POINT('',(10.,7.,-287.877354245287));
#5648=CARTESIAN_POINT('',(8.,7.,-287.877354245287));
#5649=CARTESIAN_POINT('',(8.,7.,-740.));
#5650=CARTESIAN_POINT('',(8.,7.,0.));
#5651=CARTESIAN_POINT('',(10.,7.,0.));
#5652=CARTESIAN_POINT('',(4.,7.06066017177982,-740.));
#5653=CARTESIAN_POINT('',(4.,7.06066017177982,-740.));
#5654=CARTESIAN_POINT('',(4.,7.06066017177982,-447.79412004537));
#5655=CARTESIAN_POINT('',(4.,7.06066017177982,-292.20587995463));
#5656=CARTESIAN_POINT('',(4.,10.,-450.));
#5657=CARTESIAN_POINT('',(4.,10.,-290.));
#5658=CARTESIAN_POINT('',(4.,9.48038475772934,-740.));
#5659=CARTESIAN_POINT('',(4.,9.48038475772934,-740.));
#5660=CARTESIAN_POINT('',(4.,9.48038475772934,-286.361920149309));
#5661=CARTESIAN_POINT('',(4.,9.48038475772934,0.));
#5662=CARTESIAN_POINT('',(3.70000000000001,10.,-290.));
#5663=CARTESIAN_POINT('',(3.7,10.,-286.325));
#5664=CARTESIAN_POINT('',(3.7,10.,-740.));
#5665=CARTESIAN_POINT('',(3.7,10.,0.));
#5666=CARTESIAN_POINT('',(4.,9.48038475772934,0.));
#5667=CARTESIAN_POINT('',(3.7,10.,-740.));
#5668=CARTESIAN_POINT('',(3.7,10.,-450.));
#5669=CARTESIAN_POINT('',(3.7,10.,-290.));
#5670=CARTESIAN_POINT('',(4.,10.5196152422707,-740.));
#5671=CARTESIAN_POINT('',(4.,10.5196152422707,-740.));
#5672=CARTESIAN_POINT('',(4.,10.5196152422707,-286.361920149309));
#5673=CARTESIAN_POINT('',(4.,10.5196152422707,0.));
#5674=CARTESIAN_POINT('',(4.,10.,-290.));
#5675=CARTESIAN_POINT('',(4.,12.9393398282202,-287.79412004537));
#5676=CARTESIAN_POINT('',(4.,12.9393398282202,-740.));
#5677=CARTESIAN_POINT('',(4.,12.9393398282202,0.));
#5678=CARTESIAN_POINT('',(4.,10.5196152422707,0.));
#5679=CARTESIAN_POINT('',(8.,13.,-740.));
#5680=CARTESIAN_POINT('',(8.,13.,-740.));
#5681=CARTESIAN_POINT('',(8.,13.,-287.877354245287));
#5682=CARTESIAN_POINT('',(8.,13.,0.));
#5683=CARTESIAN_POINT('',(10.,13.,-287.877354245287));
#5684=CARTESIAN_POINT('',(10.,13.,-287.877354245287));
#5685=CARTESIAN_POINT('',(10.,13.,-740.));
#5686=CARTESIAN_POINT('',(10.,13.,0.));
#5687=CARTESIAN_POINT('',(8.,13.,0.));
#5688=CARTESIAN_POINT('',(-10.,13.,-740.));
#5689=CARTESIAN_POINT('',(-10.,13.,-740.));
#5690=CARTESIAN_POINT('',(-10.,13.,-287.877354245287));
#5691=CARTESIAN_POINT('',(-10.,13.,0.));
#5692=CARTESIAN_POINT('',(10.,13.,-287.877354245287));
#5693=CARTESIAN_POINT('',(-8.,13.,-287.877354245287));
#5694=CARTESIAN_POINT('',(-8.,13.,-740.));
#5695=CARTESIAN_POINT('',(-8.,13.,0.));
#5696=CARTESIAN_POINT('',(-10.,13.,0.));
#5697=CARTESIAN_POINT('',(-4.,12.9393398282202,-740.));
#5698=CARTESIAN_POINT('',(-4.,12.9393398282202,-740.));
#5699=CARTESIAN_POINT('',(-4.,12.9393398282202,-447.79412004537));
#5700=CARTESIAN_POINT('',(-4.,12.9393398282202,-292.20587995463));
#5701=CARTESIAN_POINT('',(-4.,10.,-450.));
#5702=CARTESIAN_POINT('',(-4.,10.5196152422707,-446.36192014931));
#5703=CARTESIAN_POINT('',(-4.,10.5196152422707,-740.));
#5704=CARTESIAN_POINT('',(-4.,10.5196152422707,-293.638079850691));
#5705=CARTESIAN_POINT('',(-4.,10.,-290.));
#5706=CARTESIAN_POINT('',(-4.,10.5196152422707,-740.));
#5707=CARTESIAN_POINT('',(-3.70000000000001,10.,-450.));
#5708=CARTESIAN_POINT('',(-3.70000000000001,10.,-290.));
#5709=CARTESIAN_POINT('',(-3.7,9.99999999999999,-740.));
#5710=CARTESIAN_POINT('',(-3.7,9.99999999999999,-740.));
#5711=CARTESIAN_POINT('',(-3.7,9.99999999999999,-286.325));
#5712=CARTESIAN_POINT('',(-3.7,9.99999999999999,0.));
#5713=CARTESIAN_POINT('',(-3.7,10.,-290.));
#5714=CARTESIAN_POINT('',(-4.,9.48038475772934,-286.361920149309));
#5715=CARTESIAN_POINT('',(-4.,9.48038475772934,-740.));
#5716=CARTESIAN_POINT('',(-4.,9.48038475772934,0.));
#5717=CARTESIAN_POINT('',(-3.7,9.99999999999999,0.));
#5718=CARTESIAN_POINT('',(-4.,9.48038475772934,-740.));
#5719=CARTESIAN_POINT('',(-4.,10.,-290.));
#5720=CARTESIAN_POINT('',(-4.,7.06066017177982,-287.79412004537));
#5721=CARTESIAN_POINT('',(-4.,7.06066017177982,-740.));
#5722=CARTESIAN_POINT('',(-4.,7.06066017177982,0.));
#5723=CARTESIAN_POINT('',(-4.,9.48038475772934,0.));
#5724=CARTESIAN_POINT('',(-8.,7.,-740.));
#5725=CARTESIAN_POINT('',(-8.,7.,-740.));
#5726=CARTESIAN_POINT('',(-8.,7.,-287.877354245287));
#5727=CARTESIAN_POINT('',(-8.,7.,0.));
#5728=CARTESIAN_POINT('',(10.,6.99999999999999,-287.877354245287));
#5729=CARTESIAN_POINT('',(-10.,6.99999999999998,-287.877354245287));
#5730=CARTESIAN_POINT('',(-10.,7.,-740.));
#5731=CARTESIAN_POINT('',(-10.,7.,0.));
#5732=CARTESIAN_POINT('',(-8.,7.,0.));
#5733=CARTESIAN_POINT('',(0.,10.,-740.));
#5734=CARTESIAN_POINT('',(-1.98183746287632,9.15264925991759,-286.394280196278));
#5735=CARTESIAN_POINT('',(-2.15865338487697,10.0013438522261,-286.290588908374));
#5736=CARTESIAN_POINT('',(-1.98354899761581,10.8419753311779,-286.393364170227));
#5737=CARTESIAN_POINT('',(-1.5185441829617,11.5231509266321,-286.635559987225));
#5738=CARTESIAN_POINT('',(-0.845818118555981,11.9809639601379,-286.897204875339));
#5739=CARTESIAN_POINT('',(-0.00438374047550681,12.1585607612912,-287.026932494865));
#5740=CARTESIAN_POINT('',(0.837831460024024,11.9847671473252,-286.899674810833));
#5741=CARTESIAN_POINT('',(1.51551694434894,11.5263326265361,-286.637079024715));
#5742=CARTESIAN_POINT('',(1.98062117266362,10.8483785727164,-286.394972037359));
#5743=CARTESIAN_POINT('',(2.15829824496207,10.0082185340623,-286.290786063213));
#5744=CARTESIAN_POINT('',(1.98610991495129,9.16249079526333,-286.391927099721));
#5745=CARTESIAN_POINT('',(1.52135035895848,8.47966114662631,-286.634252622596));
#5746=CARTESIAN_POINT('',(0.848599040024587,8.01989666594804,-286.896552022174));
#5747=CARTESIAN_POINT('',(0.00491325851904414,7.84130792042164,-287.027062315075));
#5748=CARTESIAN_POINT('',(-0.837492666395875,8.0149091977056,-286.899800237768));
#5749=CARTESIAN_POINT('',(-1.51655132041217,8.47473764938794,-286.636668141912));
#5750=CARTESIAN_POINT('',(-1.98183746287632,9.15264925991759,-286.394280196278));
#5751=CARTESIAN_POINT('',(-2.15865338487697,10.0013438522261,-286.290588908374));
#5752=CARTESIAN_POINT('',(-1.98354899761581,10.8419753311779,-286.393364170227));
#5753=CARTESIAN_POINT('',(-2.1,10.,-286.325));
#5754=CARTESIAN_POINT('',(0.,10.,0.));
#5755=CARTESIAN_POINT('',(-2.1,10.,0.));
#5756=CARTESIAN_POINT('',(-10.,7.,-740.));
#5757=CARTESIAN_POINT('',(-10.,-10.,-450.));
#5758=CARTESIAN_POINT('',(-10.,-10.,-290.));
#5759=CARTESIAN_POINT('',(-10.,7.,0.));
#5760=CARTESIAN_POINT('',(-10.,10.,-290.));
#5761=CARTESIAN_POINT('',(-10.,10.,-450.));
#5762=CARTESIAN_POINT('',(-10.,7.,-740.));
#5763=CARTESIAN_POINT('',(-8.,-7.,-740.));
#5764=CARTESIAN_POINT('',(-8.,-10.,-450.));
#5765=CARTESIAN_POINT('',(-8.,-7.,-740.));
#5766=CARTESIAN_POINT('',(-8.,-4.,-740.));
#5767=CARTESIAN_POINT('',(-8.,-4.,-740.));
#5768=CARTESIAN_POINT('',(-8.,-4.,0.));
#5769=CARTESIAN_POINT('',(-8.,-7.,0.));
#5770=CARTESIAN_POINT('',(-8.,-10.,-290.));
#5771=CARTESIAN_POINT('',(-8.,-4.,-740.));
#5772=CARTESIAN_POINT('',(-8.,-4.,0.));
#5773=CARTESIAN_POINT('',(-7.06066017177981,-4.,0.));
#5774=CARTESIAN_POINT('',(-8.,-4.,-740.));
#5775=CARTESIAN_POINT('',(-7.06066017177981,-4.,-740.));
#5776=CARTESIAN_POINT('',(-7.06066017177981,-4.,-740.));
#5777=CARTESIAN_POINT('',(-7.06066017177981,-4.,-740.));
#5778=CARTESIAN_POINT('',(-1.06066017177983,-10.,-450.));
#5779=CARTESIAN_POINT('',(-1.06066017177983,-10.,-290.));
#5780=CARTESIAN_POINT('',(-4.,-7.06066017177982,-287.79412004537));
#5781=CARTESIAN_POINT('',(-4.,-7.06066017177982,-740.));
#5782=CARTESIAN_POINT('',(-4.,-7.06066017177982,0.));
#5783=CARTESIAN_POINT('',(-7.06066017177981,-4.,0.));
#5784=CARTESIAN_POINT('',(-7.06066017177981,-4.,-740.));
#5785=CARTESIAN_POINT('',(-4.,-7.06066017177982,-740.));
#5786=CARTESIAN_POINT('',(-4.,-10.,-290.));
#5787=CARTESIAN_POINT('',(-4.,-9.48038475772934,-286.361920149309));
#5788=CARTESIAN_POINT('',(-4.,-9.48038475772934,-740.));
#5789=CARTESIAN_POINT('',(-4.,-9.48038475772934,0.));
#5790=CARTESIAN_POINT('',(-4.,-7.06066017177982,0.));
#5791=CARTESIAN_POINT('',(-4.,-9.48038475772934,-740.));
#5792=CARTESIAN_POINT('',(-3.70000000000001,-10.,-290.));
#5793=CARTESIAN_POINT('',(-4.,-9.48038475772934,0.));
#5794=CARTESIAN_POINT('',(-3.7,-10.,-740.));
#5795=CARTESIAN_POINT('',(-4.,-10.5196152422707,-740.));
#5796=CARTESIAN_POINT('',(-4.,-10.5196152422707,-740.));
#5797=CARTESIAN_POINT('',(-4.,-10.5196152422707,-453.63807985069));
#5798=CARTESIAN_POINT('',(-3.7,-10.,-450.));
#5799=CARTESIAN_POINT('',(-3.7,-10.,-740.));
#5800=CARTESIAN_POINT('',(-4.,-10.5196152422707,-740.));
#5801=CARTESIAN_POINT('',(-4.,-12.9393398282202,-740.));
#5802=CARTESIAN_POINT('',(-4.,-12.9393398282202,-740.));
#5803=CARTESIAN_POINT('',(-4.,-12.9393398282202,-452.20587995463));
#5804=CARTESIAN_POINT('',(-4.,-10.,-450.));
#5805=CARTESIAN_POINT('',(-4.,-10.5196152422707,-740.));
#5806=CARTESIAN_POINT('',(-4.,-12.9393398282202,-740.));
#5807=CARTESIAN_POINT('',(-1.06066017177982,-10.,-450.));
#5808=CARTESIAN_POINT('',(-4.,-12.9393398282202,-740.));
#5809=CARTESIAN_POINT('',(-7.06066017177982,-16.,-740.));
#5810=CARTESIAN_POINT('',(-7.06066017177982,-16.,-740.));
#5811=CARTESIAN_POINT('',(-7.06066017177982,-16.,0.));
#5812=CARTESIAN_POINT('',(-4.,-12.9393398282202,0.));
#5813=CARTESIAN_POINT('',(-1.06066017177982,-10.,-290.));
#5814=CARTESIAN_POINT('',(-7.06066017177982,-16.,-740.));
#5815=CARTESIAN_POINT('',(-7.06066017177982,-16.,0.));
#5816=CARTESIAN_POINT('',(-8.,-16.,0.));
#5817=CARTESIAN_POINT('',(-7.06066017177982,-16.,-740.));
#5818=CARTESIAN_POINT('',(-8.,-16.,-740.));
#5819=CARTESIAN_POINT('',(-8.,-16.,-740.));
#5820=CARTESIAN_POINT('',(-8.,-16.,-740.));
#5821=CARTESIAN_POINT('',(-8.,-10.,-450.));
#5822=CARTESIAN_POINT('',(-8.,-10.,-290.));
#5823=CARTESIAN_POINT('',(-8.,-16.,0.));
#5824=CARTESIAN_POINT('',(-8.,-16.,-740.));
#5825=CARTESIAN_POINT('',(-10.,-13.,-740.));
#5826=CARTESIAN_POINT('',(-10.,-10.,-450.));
#5827=CARTESIAN_POINT('',(-10.,-13.,-740.));
#5828=CARTESIAN_POINT('',(-10.,-19.,-740.));
#5829=CARTESIAN_POINT('',(-10.,-19.,-740.));
#5830=CARTESIAN_POINT('',(-10.,-19.,0.));
#5831=CARTESIAN_POINT('',(-10.,-13.,0.));
#5832=CARTESIAN_POINT('',(-10.,-10.,-290.));
#5833=CARTESIAN_POINT('',(-9.,-19.,-740.));
#5834=CARTESIAN_POINT('',(-9.,-19.,0.));
#5835=CARTESIAN_POINT('',(-9.,-20.,0.));
#5836=CARTESIAN_POINT('',(-9.,-19.,-740.));
#5837=CARTESIAN_POINT('',(-9.,-20.,-740.));
#5838=CARTESIAN_POINT('',(-9.,-20.,-740.));
#5839=CARTESIAN_POINT('',(-9.,-20.,-740.));
#5840=CARTESIAN_POINT('',(-9.,-20.,0.));
#5841=CARTESIAN_POINT('',(-3.,-20.,0.));
#5842=CARTESIAN_POINT('',(-9.,-20.,-740.));
#5843=CARTESIAN_POINT('',(-3.,-20.,-740.));
#5844=CARTESIAN_POINT('',(-3.,-20.,-740.));
#5845=CARTESIAN_POINT('',(-3.,-20.,-740.));
#5846=CARTESIAN_POINT('',(-3.,-20.,0.));
#5847=CARTESIAN_POINT('',(-3.,-18.,0.));
#5848=CARTESIAN_POINT('',(-3.,-20.,-740.));
#5849=CARTESIAN_POINT('',(-3.,-18.,-740.));
#5850=CARTESIAN_POINT('',(-3.,-18.,-740.));
#5851=CARTESIAN_POINT('',(-3.,-18.,-740.));
#5852=CARTESIAN_POINT('',(-3.,-18.,0.));
#5853=CARTESIAN_POINT('',(-6.,-18.,0.));
#5854=CARTESIAN_POINT('',(-3.,-18.,-740.));
#5855=CARTESIAN_POINT('',(-6.,-18.,-740.));
#5856=CARTESIAN_POINT('',(-6.,-18.,-740.));
#5857=CARTESIAN_POINT('',(-6.,-18.,-740.));
#5858=CARTESIAN_POINT('',(-6.,-18.,0.));
#5859=CARTESIAN_POINT('',(-6.,-17.0606601717798,0.));
#5860=CARTESIAN_POINT('',(-6.,-18.,-740.));
#5861=CARTESIAN_POINT('',(-6.,-17.0606601717798,-740.));
#5862=CARTESIAN_POINT('',(-6.,-17.0606601717798,-740.));
#5863=CARTESIAN_POINT('',(-6.,-17.0606601717798,-740.));
#5864=CARTESIAN_POINT('',(-6.,-17.0606601717798,0.));
#5865=CARTESIAN_POINT('',(-2.93933982822019,-14.,0.));
#5866=CARTESIAN_POINT('',(-6.,-17.0606601717798,-740.));
#5867=CARTESIAN_POINT('',(-2.93933982822019,-14.,-740.));
#5868=CARTESIAN_POINT('',(-2.93933982822019,-14.,-740.));
#5869=CARTESIAN_POINT('',(-2.93933982822019,-14.,-740.));
#5870=CARTESIAN_POINT('',(-2.93933982822019,-14.,0.));
#5871=CARTESIAN_POINT('',(-0.519615242270646,-14.,0.));
#5872=CARTESIAN_POINT('',(-2.93933982822019,-14.,-740.));
#5873=CARTESIAN_POINT('',(-0.519615242270646,-14.,-740.));
#5874=CARTESIAN_POINT('',(-0.519615242270646,-14.,-740.));
#5875=CARTESIAN_POINT('',(-0.519615242270646,-14.,-740.));
#5876=CARTESIAN_POINT('',(-0.519615242270646,-14.,0.));
#5877=CARTESIAN_POINT('',(-4.66206934168767E-15,-13.7,0.));
#5878=CARTESIAN_POINT('',(-0.519615242270646,-14.,-740.));
#5879=CARTESIAN_POINT('',(-4.66206934168767E-15,-13.7,-740.));
#5880=CARTESIAN_POINT('',(-4.66206934168767E-15,-13.7,-740.));
#5881=CARTESIAN_POINT('',(-4.66293670342566E-15,-13.7,-740.));
#5882=CARTESIAN_POINT('',(-4.66293670342566E-15,-13.7,0.));
#5883=CARTESIAN_POINT('',(0.519615242270646,-14.,0.));
#5884=CARTESIAN_POINT('',(-4.66293670342566E-15,-13.7,-740.));
#5885=CARTESIAN_POINT('',(0.519615242270646,-14.,-740.));
#5886=CARTESIAN_POINT('',(0.519615242270646,-14.,-740.));
#5887=CARTESIAN_POINT('',(0.519615242270646,-14.,-740.));
#5888=CARTESIAN_POINT('',(0.519615242270646,-14.,0.));
#5889=CARTESIAN_POINT('',(2.93933982822019,-14.,0.));
#5890=CARTESIAN_POINT('',(0.519615242270646,-14.,-740.));
#5891=CARTESIAN_POINT('',(2.93933982822019,-14.,-740.));
#5892=CARTESIAN_POINT('',(2.93933982822019,-14.,-740.));
#5893=CARTESIAN_POINT('',(2.93933982822019,-14.,-740.));
#5894=CARTESIAN_POINT('',(2.93933982822019,-14.,0.));
#5895=CARTESIAN_POINT('',(6.,-17.0606601717798,0.));
#5896=CARTESIAN_POINT('',(2.93933982822019,-14.,-740.));
#5897=CARTESIAN_POINT('',(6.,-17.0606601717798,-740.));
#5898=CARTESIAN_POINT('',(6.,-17.0606601717798,-740.));
#5899=CARTESIAN_POINT('',(6.,-17.0606601717798,-740.));
#5900=CARTESIAN_POINT('',(6.,-17.0606601717798,0.));
#5901=CARTESIAN_POINT('',(6.,-18.,0.));
#5902=CARTESIAN_POINT('',(6.,-17.0606601717798,-740.));
#5903=CARTESIAN_POINT('',(6.,-18.,-740.));
#5904=CARTESIAN_POINT('',(6.,-18.,-740.));
#5905=CARTESIAN_POINT('',(6.,-18.,-740.));
#5906=CARTESIAN_POINT('',(6.,-18.,0.));
#5907=CARTESIAN_POINT('',(3.,-18.,0.));
#5908=CARTESIAN_POINT('',(6.,-18.,-740.));
#5909=CARTESIAN_POINT('',(3.,-18.,-740.));
#5910=CARTESIAN_POINT('',(3.,-18.,-740.));
#5911=CARTESIAN_POINT('',(3.,-18.,-740.));
#5912=CARTESIAN_POINT('',(3.,-18.,0.));
#5913=CARTESIAN_POINT('',(3.,-20.,0.));
#5914=CARTESIAN_POINT('',(3.,-18.,-740.));
#5915=CARTESIAN_POINT('',(3.,-20.,-740.));
#5916=CARTESIAN_POINT('',(3.,-20.,-740.));
#5917=CARTESIAN_POINT('',(3.,-20.,-740.));
#5918=CARTESIAN_POINT('',(3.,-20.,0.));
#5919=CARTESIAN_POINT('',(9.,-20.,0.));
#5920=CARTESIAN_POINT('',(3.,-20.,-740.));
#5921=CARTESIAN_POINT('',(9.,-20.,-740.));
#5922=CARTESIAN_POINT('',(9.,-20.,-740.));
#5923=CARTESIAN_POINT('',(9.,-19.,-740.));
#5924=CARTESIAN_POINT('',(9.,-19.,0.));
#5925=CARTESIAN_POINT('',(9.99999999999999,-19.,0.));
#5926=CARTESIAN_POINT('',(9.,-19.,-740.));
#5927=CARTESIAN_POINT('',(9.99999999999999,-19.,-740.));
#5928=CARTESIAN_POINT('',(9.99999999999999,-19.,-740.));
#5929=CARTESIAN_POINT('',(10.,-19.,-740.));
#5930=CARTESIAN_POINT('',(10.,-10.,-450.));
#5931=CARTESIAN_POINT('',(10.,-10.,-290.));
#5932=CARTESIAN_POINT('',(10.,-19.,0.));
#5933=CARTESIAN_POINT('',(10.,-19.,-740.));
#5934=CARTESIAN_POINT('',(8.,-13.,-740.));
#5935=CARTESIAN_POINT('',(8.,-10.,-450.));
#5936=CARTESIAN_POINT('',(8.,-13.,-740.));
#5937=CARTESIAN_POINT('',(8.,-16.,-740.));
#5938=CARTESIAN_POINT('',(8.,-16.,-740.));
#5939=CARTESIAN_POINT('',(8.,-16.,0.));
#5940=CARTESIAN_POINT('',(8.,-13.,0.));
#5941=CARTESIAN_POINT('',(8.,-10.,-290.));
#5942=CARTESIAN_POINT('',(8.,-16.,-740.));
#5943=CARTESIAN_POINT('',(8.,-16.,0.));
#5944=CARTESIAN_POINT('',(7.06066017177981,-16.,0.));
#5945=CARTESIAN_POINT('',(8.,-16.,-740.));
#5946=CARTESIAN_POINT('',(7.06066017177981,-16.,-740.));
#5947=CARTESIAN_POINT('',(7.06066017177981,-16.,-740.));
#5948=CARTESIAN_POINT('',(7.06066017177981,-16.,-740.));
#5949=CARTESIAN_POINT('',(1.06066017177983,-10.,-450.));
#5950=CARTESIAN_POINT('',(1.06066017177983,-10.,-290.));
#5951=CARTESIAN_POINT('',(4.,-12.9393398282202,-287.79412004537));
#5952=CARTESIAN_POINT('',(4.,-12.9393398282202,-740.));
#5953=CARTESIAN_POINT('',(4.,-12.9393398282202,0.));
#5954=CARTESIAN_POINT('',(7.06066017177981,-16.,0.));
#5955=CARTESIAN_POINT('',(7.06066017177981,-16.,-740.));
#5956=CARTESIAN_POINT('',(4.,-12.9393398282202,-740.));
#5957=CARTESIAN_POINT('',(4.,-10.,-290.));
#5958=CARTESIAN_POINT('',(4.,-12.9393398282202,0.));
#5959=CARTESIAN_POINT('',(4.,-10.5196152422707,-740.));
#5960=CARTESIAN_POINT('',(3.70000000000001,-10.,-450.));
#5961=CARTESIAN_POINT('',(4.,-10.5196152422707,-740.));
#5962=CARTESIAN_POINT('',(3.7,-9.99999999999999,-740.));
#5963=CARTESIAN_POINT('',(3.7,-10.,-290.));
#5964=CARTESIAN_POINT('',(3.7,-9.99999999999999,0.));
#5965=CARTESIAN_POINT('',(4.,-9.48038475772934,-740.));
#5966=CARTESIAN_POINT('',(4.,-7.06066017177982,-740.));
#5967=CARTESIAN_POINT('',(4.,-7.06066017177982,-740.));
#5968=CARTESIAN_POINT('',(4.,-7.06066017177982,-452.20587995463));
#5969=CARTESIAN_POINT('',(4.,-10.,-450.));
#5970=CARTESIAN_POINT('',(4.,-9.48038475772934,-740.));
#5971=CARTESIAN_POINT('',(4.,-7.06066017177982,-740.));
#5972=CARTESIAN_POINT('',(1.06066017177982,-10.,-450.));
#5973=CARTESIAN_POINT('',(4.,-7.06066017177982,-740.));
#5974=CARTESIAN_POINT('',(7.06066017177982,-4.,-740.));
#5975=CARTESIAN_POINT('',(7.06066017177982,-4.,-740.));
#5976=CARTESIAN_POINT('',(7.06066017177982,-4.,0.));
#5977=CARTESIAN_POINT('',(4.,-7.06066017177982,0.));
#5978=CARTESIAN_POINT('',(1.06066017177982,-10.,-290.));
#5979=CARTESIAN_POINT('',(7.06066017177982,-4.,-740.));
#5980=CARTESIAN_POINT('',(7.06066017177982,-4.,0.));
#5981=CARTESIAN_POINT('',(8.,-4.,0.));
#5982=CARTESIAN_POINT('',(7.06066017177982,-4.,-740.));
#5983=CARTESIAN_POINT('',(8.,-4.,-740.));
#5984=CARTESIAN_POINT('',(8.,-4.,-740.));
#5985=CARTESIAN_POINT('',(8.,-4.,-740.));
#5986=CARTESIAN_POINT('',(8.,-10.,-450.));
#5987=CARTESIAN_POINT('',(8.,-10.,-290.));
#5988=CARTESIAN_POINT('',(8.,-4.,0.));
#5989=CARTESIAN_POINT('',(8.,-4.,-740.));
#5990=CARTESIAN_POINT('',(10.,-7.,-740.));
#5991=CARTESIAN_POINT('',(10.,-10.,-450.));
#5992=CARTESIAN_POINT('',(10.,-7.,-740.));
#5993=CARTESIAN_POINT('',(10.,10.,-450.));
#5994=CARTESIAN_POINT('',(10.,10.,-290.));
#5995=CARTESIAN_POINT('',(10.,-7.,0.));
#5996=CARTESIAN_POINT('',(10.,-10.,-290.));
#5997=CARTESIAN_POINT('',(8.,7.,-740.));
#5998=CARTESIAN_POINT('',(8.,10.,-450.));
#5999=CARTESIAN_POINT('',(8.,7.,-740.));
#6000=CARTESIAN_POINT('',(8.,4.,-740.));
#6001=CARTESIAN_POINT('',(8.,4.,-740.));
#6002=CARTESIAN_POINT('',(8.,4.,0.));
#6003=CARTESIAN_POINT('',(8.,7.,0.));
#6004=CARTESIAN_POINT('',(8.,10.,-290.));
#6005=CARTESIAN_POINT('',(8.,4.,-740.));
#6006=CARTESIAN_POINT('',(8.,4.,0.));
#6007=CARTESIAN_POINT('',(7.06066017177981,4.,0.));
#6008=CARTESIAN_POINT('',(8.,4.,-740.));
#6009=CARTESIAN_POINT('',(7.06066017177981,4.,-740.));
#6010=CARTESIAN_POINT('',(7.06066017177981,4.,-740.));
#6011=CARTESIAN_POINT('',(7.06066017177981,4.,-740.));
#6012=CARTESIAN_POINT('',(1.06066017177983,10.,-450.));
#6013=CARTESIAN_POINT('',(1.06066017177983,10.,-290.));
#6014=CARTESIAN_POINT('',(4.,7.06066017177982,-287.79412004537));
#6015=CARTESIAN_POINT('',(4.,7.06066017177982,-740.));
#6016=CARTESIAN_POINT('',(4.,7.06066017177982,0.));
#6017=CARTESIAN_POINT('',(7.06066017177981,4.,0.));
#6018=CARTESIAN_POINT('',(7.06066017177981,4.,-740.));
#6019=CARTESIAN_POINT('',(4.,7.06066017177982,-740.));
#6020=CARTESIAN_POINT('',(4.,10.,-290.));
#6021=CARTESIAN_POINT('',(4.,7.06066017177982,0.));
#6022=CARTESIAN_POINT('',(4.,9.48038475772934,-740.));
#6023=CARTESIAN_POINT('',(3.70000000000001,10.,-450.));
#6024=CARTESIAN_POINT('',(4.,9.48038475772934,-740.));
#6025=CARTESIAN_POINT('',(3.7,10.,-740.));
#6026=CARTESIAN_POINT('',(3.7,10.,-290.));
#6027=CARTESIAN_POINT('',(3.7,10.,0.));
#6028=CARTESIAN_POINT('',(4.,10.5196152422707,-740.));
#6029=CARTESIAN_POINT('',(4.,12.9393398282202,-740.));
#6030=CARTESIAN_POINT('',(4.,12.9393398282202,-740.));
#6031=CARTESIAN_POINT('',(4.,12.9393398282202,-452.20587995463));
#6032=CARTESIAN_POINT('',(4.,10.,-450.));
#6033=CARTESIAN_POINT('',(4.,10.5196152422707,-740.));
#6034=CARTESIAN_POINT('',(4.,12.9393398282202,-740.));
#6035=CARTESIAN_POINT('',(1.06066017177982,10.,-450.));
#6036=CARTESIAN_POINT('',(4.,12.9393398282202,-740.));
#6037=CARTESIAN_POINT('',(7.06066017177982,16.,-740.));
#6038=CARTESIAN_POINT('',(7.06066017177982,16.,-740.));
#6039=CARTESIAN_POINT('',(7.06066017177982,16.,0.));
#6040=CARTESIAN_POINT('',(4.,12.9393398282202,0.));
#6041=CARTESIAN_POINT('',(1.06066017177982,10.,-290.));
#6042=CARTESIAN_POINT('',(7.06066017177982,16.,-740.));
#6043=CARTESIAN_POINT('',(7.06066017177982,16.,0.));
#6044=CARTESIAN_POINT('',(8.,16.,0.));
#6045=CARTESIAN_POINT('',(7.06066017177982,16.,-740.));
#6046=CARTESIAN_POINT('',(8.,16.,-740.));
#6047=CARTESIAN_POINT('',(8.,16.,-740.));
#6048=CARTESIAN_POINT('',(8.,16.,-740.));
#6049=CARTESIAN_POINT('',(8.,10.,-450.));
#6050=CARTESIAN_POINT('',(8.,10.,-290.));
#6051=CARTESIAN_POINT('',(8.,16.,0.));
#6052=CARTESIAN_POINT('',(8.,16.,-740.));
#6053=CARTESIAN_POINT('',(10.,13.,-740.));
#6054=CARTESIAN_POINT('',(10.,10.,-450.));
#6055=CARTESIAN_POINT('',(10.,13.,-740.));
#6056=CARTESIAN_POINT('',(10.,19.,-740.));
#6057=CARTESIAN_POINT('',(10.,19.,-740.));
#6058=CARTESIAN_POINT('',(10.,19.,0.));
#6059=CARTESIAN_POINT('',(10.,13.,0.));
#6060=CARTESIAN_POINT('',(10.,10.,-290.));
#6061=CARTESIAN_POINT('',(9.,19.,-740.));
#6062=CARTESIAN_POINT('',(9.,19.,0.));
#6063=CARTESIAN_POINT('',(9.,20.,0.));
#6064=CARTESIAN_POINT('',(9.,19.,-740.));
#6065=CARTESIAN_POINT('',(9.,20.,-740.));
#6066=CARTESIAN_POINT('',(9.,20.,-740.));
#6067=CARTESIAN_POINT('',(9.,20.,-740.));
#6068=CARTESIAN_POINT('',(9.,20.,0.));
#6069=CARTESIAN_POINT('',(3.,20.,0.));
#6070=CARTESIAN_POINT('',(9.,20.,-740.));
#6071=CARTESIAN_POINT('',(3.,20.,-740.));
#6072=CARTESIAN_POINT('',(3.,20.,-740.));
#6073=CARTESIAN_POINT('',(3.,20.,-740.));
#6074=CARTESIAN_POINT('',(3.,20.,0.));
#6075=CARTESIAN_POINT('',(3.,18.,0.));
#6076=CARTESIAN_POINT('',(3.,20.,-740.));
#6077=CARTESIAN_POINT('',(3.,18.,-740.));
#6078=CARTESIAN_POINT('',(3.,18.,-740.));
#6079=CARTESIAN_POINT('',(3.,18.,-740.));
#6080=CARTESIAN_POINT('',(3.,18.,0.));
#6081=CARTESIAN_POINT('',(6.,18.,0.));
#6082=CARTESIAN_POINT('',(3.,18.,-740.));
#6083=CARTESIAN_POINT('',(6.,18.,-740.));
#6084=CARTESIAN_POINT('',(6.,18.,-740.));
#6085=CARTESIAN_POINT('',(6.,18.,-740.));
#6086=CARTESIAN_POINT('',(6.,18.,0.));
#6087=CARTESIAN_POINT('',(6.,17.0606601717798,0.));
#6088=CARTESIAN_POINT('',(6.,18.,-740.));
#6089=CARTESIAN_POINT('',(6.,17.0606601717798,-740.));
#6090=CARTESIAN_POINT('',(6.,17.0606601717798,-740.));
#6091=CARTESIAN_POINT('',(6.,17.0606601717798,-740.));
#6092=CARTESIAN_POINT('',(6.,17.0606601717798,0.));
#6093=CARTESIAN_POINT('',(2.93933982822018,14.,0.));
#6094=CARTESIAN_POINT('',(6.,17.0606601717798,-740.));
#6095=CARTESIAN_POINT('',(2.93933982822018,14.,-740.));
#6096=CARTESIAN_POINT('',(2.93933982822018,14.,-740.));
#6097=CARTESIAN_POINT('',(2.93933982822018,14.,-740.));
#6098=CARTESIAN_POINT('',(2.93933982822018,14.,0.));
#6099=CARTESIAN_POINT('',(0.51961524227066,14.,0.));
#6100=CARTESIAN_POINT('',(2.93933982822018,14.,-740.));
#6101=CARTESIAN_POINT('',(0.51961524227066,14.,-740.));
#6102=CARTESIAN_POINT('',(0.51961524227066,14.,-740.));
#6103=CARTESIAN_POINT('',(0.51961524227066,14.,-740.));
#6104=CARTESIAN_POINT('',(0.51961524227066,14.,0.));
#6105=CARTESIAN_POINT('',(-4.66206934168767E-15,13.7,0.));
#6106=CARTESIAN_POINT('',(0.51961524227066,14.,-740.));
#6107=CARTESIAN_POINT('',(-4.66206934168767E-15,13.7,-740.));
#6108=CARTESIAN_POINT('',(-4.66206934168767E-15,13.7,-740.));
#6109=CARTESIAN_POINT('',(-4.66293670342566E-15,13.7,-740.));
#6110=CARTESIAN_POINT('',(-4.66293670342566E-15,13.7,0.));
#6111=CARTESIAN_POINT('',(-0.51961524227066,14.,0.));
#6112=CARTESIAN_POINT('',(-4.66293670342566E-15,13.7,-740.));
#6113=CARTESIAN_POINT('',(-0.51961524227066,14.,-740.));
#6114=CARTESIAN_POINT('',(-0.51961524227066,14.,-740.));
#6115=CARTESIAN_POINT('',(-0.51961524227066,14.,-740.));
#6116=CARTESIAN_POINT('',(-0.51961524227066,14.,0.));
#6117=CARTESIAN_POINT('',(-2.93933982822018,14.,0.));
#6118=CARTESIAN_POINT('',(-0.51961524227066,14.,-740.));
#6119=CARTESIAN_POINT('',(-2.93933982822018,14.,-740.));
#6120=CARTESIAN_POINT('',(-2.93933982822018,14.,-740.));
#6121=CARTESIAN_POINT('',(-2.93933982822018,14.,-740.));
#6122=CARTESIAN_POINT('',(-2.93933982822018,14.,0.));
#6123=CARTESIAN_POINT('',(-6.,17.0606601717798,0.));
#6124=CARTESIAN_POINT('',(-2.93933982822018,14.,-740.));
#6125=CARTESIAN_POINT('',(-6.,17.0606601717798,-740.));
#6126=CARTESIAN_POINT('',(-6.,17.0606601717798,-740.));
#6127=CARTESIAN_POINT('',(-6.,17.0606601717798,-740.));
#6128=CARTESIAN_POINT('',(-6.,17.0606601717798,0.));
#6129=CARTESIAN_POINT('',(-6.,18.,0.));
#6130=CARTESIAN_POINT('',(-6.,17.0606601717798,-740.));
#6131=CARTESIAN_POINT('',(-6.,18.,-740.));
#6132=CARTESIAN_POINT('',(-6.,18.,-740.));
#6133=CARTESIAN_POINT('',(-6.,18.,-740.));
#6134=CARTESIAN_POINT('',(-6.,18.,0.));
#6135=CARTESIAN_POINT('',(-3.,18.,0.));
#6136=CARTESIAN_POINT('',(-6.,18.,-740.));
#6137=CARTESIAN_POINT('',(-3.,18.,-740.));
#6138=CARTESIAN_POINT('',(-3.,18.,-740.));
#6139=CARTESIAN_POINT('',(-3.,18.,-740.));
#6140=CARTESIAN_POINT('',(-3.,18.,0.));
#6141=CARTESIAN_POINT('',(-3.,20.,0.));
#6142=CARTESIAN_POINT('',(-3.,18.,-740.));
#6143=CARTESIAN_POINT('',(-3.,20.,-740.));
#6144=CARTESIAN_POINT('',(-3.,20.,-740.));
#6145=CARTESIAN_POINT('',(-3.,20.,-740.));
#6146=CARTESIAN_POINT('',(-3.,20.,0.));
#6147=CARTESIAN_POINT('',(-9.,20.,0.));
#6148=CARTESIAN_POINT('',(-3.,20.,-740.));
#6149=CARTESIAN_POINT('',(-9.,20.,-740.));
#6150=CARTESIAN_POINT('',(-9.,20.,-740.));
#6151=CARTESIAN_POINT('',(-9.,19.,-740.));
#6152=CARTESIAN_POINT('',(-9.,19.,0.));
#6153=CARTESIAN_POINT('',(-9.99999999999999,19.,0.));
#6154=CARTESIAN_POINT('',(-9.,19.,-740.));
#6155=CARTESIAN_POINT('',(-9.99999999999999,19.,-740.));
#6156=CARTESIAN_POINT('',(-9.99999999999999,19.,-740.));
#6157=CARTESIAN_POINT('',(-10.,19.,-740.));
#6158=CARTESIAN_POINT('',(-10.,10.,-450.));
#6159=CARTESIAN_POINT('',(-10.,10.,-290.));
#6160=CARTESIAN_POINT('',(-10.,19.,0.));
#6161=CARTESIAN_POINT('',(-10.,19.,-740.));
#6162=CARTESIAN_POINT('',(-8.,13.,-740.));
#6163=CARTESIAN_POINT('',(-8.,10.,-450.));
#6164=CARTESIAN_POINT('',(-8.,13.,-740.));
#6165=CARTESIAN_POINT('',(-8.,16.,-740.));
#6166=CARTESIAN_POINT('',(-8.,16.,-740.));
#6167=CARTESIAN_POINT('',(-8.,16.,0.));
#6168=CARTESIAN_POINT('',(-8.,13.,0.));
#6169=CARTESIAN_POINT('',(-8.,10.,-290.));
#6170=CARTESIAN_POINT('',(-8.,16.,-740.));
#6171=CARTESIAN_POINT('',(-8.,16.,0.));
#6172=CARTESIAN_POINT('',(-7.06066017177981,16.,0.));
#6173=CARTESIAN_POINT('',(-8.,16.,-740.));
#6174=CARTESIAN_POINT('',(-7.06066017177981,16.,-740.));
#6175=CARTESIAN_POINT('',(-7.06066017177981,16.,-740.));
#6176=CARTESIAN_POINT('',(-7.06066017177981,16.,-740.));
#6177=CARTESIAN_POINT('',(-1.06066017177983,10.,-450.));
#6178=CARTESIAN_POINT('',(-1.06066017177983,10.,-290.));
#6179=CARTESIAN_POINT('',(-4.,12.9393398282202,-287.79412004537));
#6180=CARTESIAN_POINT('',(-4.,12.9393398282202,-740.));
#6181=CARTESIAN_POINT('',(-4.,12.9393398282202,0.));
#6182=CARTESIAN_POINT('',(-7.06066017177981,16.,0.));
#6183=CARTESIAN_POINT('',(-7.06066017177981,16.,-740.));
#6184=CARTESIAN_POINT('',(-4.,12.9393398282202,-740.));
#6185=CARTESIAN_POINT('',(-4.,10.,-290.));
#6186=CARTESIAN_POINT('',(-4.,10.5196152422707,-286.36192014931));
#6187=CARTESIAN_POINT('',(-4.,10.5196152422707,-740.));
#6188=CARTESIAN_POINT('',(-4.,10.5196152422707,0.));
#6189=CARTESIAN_POINT('',(-4.,12.9393398282202,0.));
#6190=CARTESIAN_POINT('',(-4.,10.5196152422707,-740.));
#6191=CARTESIAN_POINT('',(-3.70000000000001,10.,-290.));
#6192=CARTESIAN_POINT('',(-4.,10.5196152422707,0.));
#6193=CARTESIAN_POINT('',(-3.7,9.99999999999999,-740.));
#6194=CARTESIAN_POINT('',(-4.,9.48038475772934,-740.));
#6195=CARTESIAN_POINT('',(-4.,9.48038475772934,-740.));
#6196=CARTESIAN_POINT('',(-4.,9.48038475772934,-453.63807985069));
#6197=CARTESIAN_POINT('',(-3.7,10.,-450.));
#6198=CARTESIAN_POINT('',(-3.7,9.99999999999999,-740.));
#6199=CARTESIAN_POINT('',(-4.,9.48038475772934,-740.));
#6200=CARTESIAN_POINT('',(-4.,7.06066017177982,-740.));
#6201=CARTESIAN_POINT('',(-4.,7.06066017177982,-740.));
#6202=CARTESIAN_POINT('',(-4.,7.06066017177982,-452.20587995463));
#6203=CARTESIAN_POINT('',(-4.,10.,-450.));
#6204=CARTESIAN_POINT('',(-4.,9.48038475772934,-740.));
#6205=CARTESIAN_POINT('',(-4.,7.06066017177982,-740.));
#6206=CARTESIAN_POINT('',(-1.06066017177982,10.,-450.));
#6207=CARTESIAN_POINT('',(-4.,7.06066017177982,-740.));
#6208=CARTESIAN_POINT('',(-7.06066017177982,4.,-740.));
#6209=CARTESIAN_POINT('',(-7.06066017177982,4.,-740.));
#6210=CARTESIAN_POINT('',(-7.06066017177982,4.,0.));
#6211=CARTESIAN_POINT('',(-4.,7.06066017177982,0.));
#6212=CARTESIAN_POINT('',(-1.06066017177982,10.,-290.));
#6213=CARTESIAN_POINT('',(-7.06066017177982,4.,-740.));
#6214=CARTESIAN_POINT('',(-7.06066017177982,4.,0.));
#6215=CARTESIAN_POINT('',(-8.,4.,0.));
#6216=CARTESIAN_POINT('',(-7.06066017177982,4.,-740.));
#6217=CARTESIAN_POINT('',(-8.,4.,-740.));
#6218=CARTESIAN_POINT('',(-8.,4.,-740.));
#6219=CARTESIAN_POINT('',(-8.,4.,-740.));
#6220=CARTESIAN_POINT('',(-8.,10.,-450.));
#6221=CARTESIAN_POINT('',(-8.,10.,-290.));
#6222=CARTESIAN_POINT('',(-8.,4.,0.));
#6223=CARTESIAN_POINT('',(-8.,4.,-740.));
#6224=CARTESIAN_POINT('',(-7.7,1.7,-740.));
#6225=CARTESIAN_POINT('',(-7.7,1.7,0.));
#6226=CARTESIAN_POINT('',(-7.7,2.,0.));
#6227=CARTESIAN_POINT('',(-8.,1.7,0.));
#6228=CARTESIAN_POINT('',(-8.,1.7,-740.));
#6229=CARTESIAN_POINT('',(-8.,1.7,-740.));
#6230=CARTESIAN_POINT('',(-7.7,1.7,-740.));
#6231=CARTESIAN_POINT('',(-7.7,2.,-740.));
#6232=CARTESIAN_POINT('',(-7.7,2.,-740.));
#6233=CARTESIAN_POINT('',(-7.06360389693211,2.,-740.));
#6234=CARTESIAN_POINT('',(-7.06360389693211,2.,0.));
#6235=CARTESIAN_POINT('',(-7.06360389693211,2.,0.));
#6236=CARTESIAN_POINT('',(-7.06360389693211,2.,-740.));
#6237=CARTESIAN_POINT('',(-7.06360389693211,2.,-740.));
#6238=CARTESIAN_POINT('',(-7.06360389693211,2.,-740.));
#6239=CARTESIAN_POINT('',(-7.06360389693211,2.29999999999999,-740.));
#6240=CARTESIAN_POINT('',(-7.06360389693211,2.29999999999999,0.));
#6241=CARTESIAN_POINT('',(-6.85147186257615,2.08786796564403,0.));
#6242=CARTESIAN_POINT('',(-7.06360389693211,2.29999999999999,-740.));
#6243=CARTESIAN_POINT('',(-6.85147186257615,2.08786796564403,-740.));
#6244=CARTESIAN_POINT('',(-6.85147186257615,2.08786796564403,-740.));
#6245=CARTESIAN_POINT('',(-2.93933982822018,6.,-740.));
#6246=CARTESIAN_POINT('',(-2.93933982822018,6.,0.));
#6247=CARTESIAN_POINT('',(-2.93933982822018,6.,0.));
#6248=CARTESIAN_POINT('',(-2.93933982822018,6.,-740.));
#6249=CARTESIAN_POINT('',(-2.93933982822018,6.,-740.));
#6250=CARTESIAN_POINT('',(-2.93933982822018,6.,-740.));
#6251=CARTESIAN_POINT('',(2.93933982822018,6.,-740.));
#6252=CARTESIAN_POINT('',(2.93933982822018,6.,0.));
#6253=CARTESIAN_POINT('',(2.93933982822018,6.,0.));
#6254=CARTESIAN_POINT('',(2.93933982822018,6.,-740.));
#6255=CARTESIAN_POINT('',(2.93933982822018,6.,-740.));
#6256=CARTESIAN_POINT('',(2.93933982822018,6.,-740.));
#6257=CARTESIAN_POINT('',(6.85147186257615,2.08786796564403,-740.));
#6258=CARTESIAN_POINT('',(6.85147186257615,2.08786796564403,0.));
#6259=CARTESIAN_POINT('',(6.85147186257615,2.08786796564403,0.));
#6260=CARTESIAN_POINT('',(6.85147186257615,2.08786796564403,-740.));
#6261=CARTESIAN_POINT('',(6.85147186257615,2.08786796564403,-740.));
#6262=CARTESIAN_POINT('',(6.85147186257615,2.08786796564403,-740.));
#6263=CARTESIAN_POINT('',(7.06360389693212,2.30000000000001,-740.));
#6264=CARTESIAN_POINT('',(7.06360389693212,2.30000000000001,0.));
#6265=CARTESIAN_POINT('',(7.06360389693211,2.,0.));
#6266=CARTESIAN_POINT('',(7.06360389693212,2.30000000000001,-740.));
#6267=CARTESIAN_POINT('',(7.06360389693211,2.,-740.));
#6268=CARTESIAN_POINT('',(7.06360389693211,2.,-740.));
#6269=CARTESIAN_POINT('',(7.7,2.,-740.));
#6270=CARTESIAN_POINT('',(7.7,2.,0.));
#6271=CARTESIAN_POINT('',(7.7,2.,0.));
#6272=CARTESIAN_POINT('',(7.7,2.,-740.));
#6273=CARTESIAN_POINT('',(7.7,2.,-740.));
#6274=CARTESIAN_POINT('',(7.7,2.,-740.));
#6275=CARTESIAN_POINT('',(7.7,1.7,-740.));
#6276=CARTESIAN_POINT('',(7.7,1.7,0.));
#6277=CARTESIAN_POINT('',(8.,1.7,0.));
#6278=CARTESIAN_POINT('',(7.7,1.7,-740.));
#6279=CARTESIAN_POINT('',(8.,1.7,-740.));
#6280=CARTESIAN_POINT('',(8.,1.7,-740.));
#6281=CARTESIAN_POINT('',(8.,-1.7,-740.));
#6282=CARTESIAN_POINT('',(8.,-1.7,0.));
#6283=CARTESIAN_POINT('',(8.,-1.7,0.));
#6284=CARTESIAN_POINT('',(8.,-1.7,-740.));
#6285=CARTESIAN_POINT('',(8.,-1.7,-740.));
#6286=CARTESIAN_POINT('',(8.,-1.7,-740.));
#6287=CARTESIAN_POINT('',(7.7,-1.7,-740.));
#6288=CARTESIAN_POINT('',(7.7,-1.7,0.));
#6289=CARTESIAN_POINT('',(7.70000000000001,-2.,0.));
#6290=CARTESIAN_POINT('',(7.7,-1.7,-740.));
#6291=CARTESIAN_POINT('',(7.70000000000001,-2.,-740.));
#6292=CARTESIAN_POINT('',(7.70000000000001,-2.,-740.));
#6293=CARTESIAN_POINT('',(7.06360389693211,-2.,-740.));
#6294=CARTESIAN_POINT('',(7.06360389693211,-2.,0.));
#6295=CARTESIAN_POINT('',(7.06360389693211,-2.,0.));
#6296=CARTESIAN_POINT('',(7.06360389693211,-2.,-740.));
#6297=CARTESIAN_POINT('',(7.06360389693211,-2.,-740.));
#6298=CARTESIAN_POINT('',(7.06360389693211,-2.,-740.));
#6299=CARTESIAN_POINT('',(7.06360389693211,-2.3,-740.));
#6300=CARTESIAN_POINT('',(7.06360389693211,-2.3,0.));
#6301=CARTESIAN_POINT('',(6.85147186257615,-2.08786796564403,0.));
#6302=CARTESIAN_POINT('',(7.06360389693211,-2.3,-740.));
#6303=CARTESIAN_POINT('',(6.85147186257615,-2.08786796564403,-740.));
#6304=CARTESIAN_POINT('',(6.85147186257615,-2.08786796564403,-740.));
#6305=CARTESIAN_POINT('',(2.93933982822019,-6.,-740.));
#6306=CARTESIAN_POINT('',(2.93933982822019,-6.,0.));
#6307=CARTESIAN_POINT('',(2.93933982822018,-6.,0.));
#6308=CARTESIAN_POINT('',(2.93933982822019,-6.,-740.));
#6309=CARTESIAN_POINT('',(2.93933982822018,-6.,-740.));
#6310=CARTESIAN_POINT('',(2.93933982822018,-6.,-740.));
#6311=CARTESIAN_POINT('',(-2.93933982822019,-6.,-740.));
#6312=CARTESIAN_POINT('',(-2.93933982822019,-6.,0.));
#6313=CARTESIAN_POINT('',(-2.93933982822019,-6.,0.));
#6314=CARTESIAN_POINT('',(-2.93933982822019,-6.,-740.));
#6315=CARTESIAN_POINT('',(-2.93933982822019,-6.,-740.));
#6316=CARTESIAN_POINT('',(-2.93933982822019,-6.,-740.));
#6317=CARTESIAN_POINT('',(-6.85147186257615,-2.08786796564403,-740.));
#6318=CARTESIAN_POINT('',(-6.85147186257615,-2.08786796564403,0.));
#6319=CARTESIAN_POINT('',(-6.85147186257615,-2.08786796564403,0.));
#6320=CARTESIAN_POINT('',(-6.85147186257615,-2.08786796564403,-740.));
#6321=CARTESIAN_POINT('',(-6.85147186257615,-2.08786796564403,-740.));
#6322=CARTESIAN_POINT('',(-6.85147186257615,-2.08786796564403,-740.));
#6323=CARTESIAN_POINT('',(-7.06360389693211,-2.29999999999999,-740.));
#6324=CARTESIAN_POINT('',(-7.06360389693211,-2.29999999999999,0.));
#6325=CARTESIAN_POINT('',(-7.06360389693211,-2.,0.));
#6326=CARTESIAN_POINT('',(-7.06360389693211,-2.29999999999999,-740.));
#6327=CARTESIAN_POINT('',(-7.06360389693211,-2.,-740.));
#6328=CARTESIAN_POINT('',(-7.06360389693211,-2.,-740.));
#6329=CARTESIAN_POINT('',(-7.70000000000001,-2.,-740.));
#6330=CARTESIAN_POINT('',(-7.70000000000001,-2.,0.));
#6331=CARTESIAN_POINT('',(-7.70000000000001,-2.,0.));
#6332=CARTESIAN_POINT('',(-7.70000000000001,-2.,-740.));
#6333=CARTESIAN_POINT('',(-7.70000000000001,-2.,-740.));
#6334=CARTESIAN_POINT('',(-7.70000000000001,-2.,-740.));
#6335=CARTESIAN_POINT('',(-7.7,-1.7,-740.));
#6336=CARTESIAN_POINT('',(-7.7,-1.7,0.));
#6337=CARTESIAN_POINT('',(-8.,-1.7,0.));
#6338=CARTESIAN_POINT('',(-7.7,-1.7,-740.));
#6339=CARTESIAN_POINT('',(-8.,-1.7,-740.));
#6340=CARTESIAN_POINT('',(-8.,-1.7,-740.));
#6341=CARTESIAN_POINT('',(-8.,1.7,-740.));
#6342=CARTESIAN_POINT('',(-8.,1.7,0.));
#6343=CARTESIAN_POINT('',(-8.,1.7,-740.));
#6344=CARTESIAN_POINT('',(-9.,-19.,-740.));
#6345=CARTESIAN_POINT('',(-9.,-19.,0.));
#6346=CARTESIAN_POINT('',(10.,10.,-290.));
#6347=CARTESIAN_POINT('',(10.,10.,-290.));
#6348=CARTESIAN_POINT('',(10.,10.,-290.));
#6349=CARTESIAN_POINT('',(10.,10.,-290.));
#6350=CARTESIAN_POINT('',(10.,10.,-290.));
#6351=CARTESIAN_POINT('',(10.,-10.,-290.));
#6352=CARTESIAN_POINT('',(10.,-10.,-290.));
#6353=CARTESIAN_POINT('',(10.,-10.,-290.));
#6354=CARTESIAN_POINT('',(10.,-10.,-290.));
#6355=CARTESIAN_POINT('',(10.,-10.,-290.));
#6356=CARTESIAN_POINT('',(10.,10.,-450.));
#6357=CARTESIAN_POINT('',(10.,10.,-450.));
#6358=CARTESIAN_POINT('',(10.,10.,-450.));
#6359=CARTESIAN_POINT('',(10.,10.,-450.));
#6360=CARTESIAN_POINT('',(10.,10.,-450.));
#6361=CARTESIAN_POINT('',(10.,-10.,-450.));
#6362=CARTESIAN_POINT('',(10.,-10.,-450.));
#6363=CARTESIAN_POINT('',(10.,-10.,-450.));
#6364=CARTESIAN_POINT('',(10.,-10.,-450.));
#6365=CARTESIAN_POINT('',(10.,-10.,-450.));
#6366=MECHANICAL_DESIGN_GEOMETRIC_PRESENTATION_REPRESENTATION('',(#3747),
#6367);
#6367=(
GEOMETRIC_REPRESENTATION_CONTEXT(3)
GLOBAL_UNCERTAINTY_ASSIGNED_CONTEXT((#6368))
GLOBAL_UNIT_ASSIGNED_CONTEXT((#6371,#6370,#6369))
REPRESENTATION_CONTEXT('HFSB5-2040-740-AH290-BH450',
'TOP_LEVEL_ASSEMBLY_PART')
);
#6368=UNCERTAINTY_MEASURE_WITH_UNIT(LENGTH_MEASURE(0.005),#6371,
'DISTANCE_ACCURACY_VALUE','Maximum Tolerance applied to model');
#6369=(
NAMED_UNIT(*)
SI_UNIT($,.STERADIAN.)
SOLID_ANGLE_UNIT()
);
#6370=(
NAMED_UNIT(*)
PLANE_ANGLE_UNIT()
SI_UNIT($,.RADIAN.)
);
#6371=(
LENGTH_UNIT()
NAMED_UNIT(*)
SI_UNIT(.MILLI.,.METRE.)
);
#6372=PRODUCT_DEFINITION_SHAPE('','',#6373);
#6373=PRODUCT_DEFINITION('','',#6375,#6374);
#6374=DESIGN_CONTEXT('',#6381,'design');
#6375=PRODUCT_DEFINITION_FORMATION_WITH_SPECIFIED_SOURCE('','',#6377,
 .NOT_KNOWN.);
#6376=PRODUCT_RELATED_PRODUCT_CATEGORY('','',(#6377));
#6377=PRODUCT('HFSB5-2040-740-AH290-BH450','HFSB5-2040-740-AH290-BH450',
'HFSB5-2040-740-AH290-BH450',(#6379));
#6378=PRODUCT_CATEGORY('','');
#6379=MECHANICAL_CONTEXT('',#6381,'mechanical');
#6380=APPLICATION_PROTOCOL_DEFINITION('international standard',
'config_control_design',2010,#6381);
#6381=APPLICATION_CONTEXT(
'configuration controlled 3D designs of mechanical parts and assemblie
s');
ENDSEC;
END-ISO-10303-21;
