ISO-10303-21;
HEADER;
/* Generated by software containing ST-Developer
 * from STEP Tools, Inc. (www.steptools.com) 
 */
/* OPTION: using custom renumber hook */

FILE_DESCRIPTION(
/* description */ ('STEP AP203'),
/* implementation_level */ '2;1');

FILE_NAME(
/* name */ 'HFSB5-2040-305-LBT45-RBT45',
/* time_stamp */ '2025-08-13T12:27:22+02:00',
/* author */ ('License CC BY-ND 4.0'),
/* organization */ ('CADENAS'),
/* preprocessor_version */ 'ST-DEVELOPER v19.3',
/* originating_system */ 'PARTsolutions',
/* authorisation */ '  ');

FILE_SCHEMA (('CONFIG_CONTROL_DESIGN','TECHNICAL_DATA_PACKAGING'));
ENDSEC;

DATA;
#10=PROPERTY_DEFINITION_REPRESENTATION(#14,#12);
#11=PROPERTY_DEFINITION_REPRESENTATION(#15,#13);
#12=REPRESENTATION('',(#16),#3647);
#13=REPRESENTATION('',(#17),#3647);
#14=PROPERTY_DEFINITION('pmi validation property','',#3652);
#15=PROPERTY_DEFINITION('pmi validation property','',#3652);
#16=VALUE_REPRESENTATION_ITEM('number of annotations',COUNT_MEASURE(0.));
#17=VALUE_REPRESENTATION_ITEM('number of views',COUNT_MEASURE(0.));
#18=SHAPE_REPRESENTATION_RELATIONSHIP('','',#2285,#19);
#19=ADVANCED_BREP_SHAPE_REPRESENTATION('',(#2283),#3647);
#20=ELLIPSE('',#2302,1.4142135623731,1.);
#21=ELLIPSE('',#2303,1.4142135623731,1.);
#22=ELLIPSE('',#2319,1.41421356237309,0.999999999999997);
#23=ELLIPSE('',#2320,1.41421356237309,0.999999999999997);
#24=ELLIPSE('',#2346,1.4142135623731,1.);
#25=ELLIPSE('',#2347,1.4142135623731,1.);
#26=ELLIPSE('',#2363,1.41421356237309,0.999999999999997);
#27=ELLIPSE('',#2364,1.41421356237309,0.999999999999997);
#28=ELLIPSE('',#2378,0.424264068711928,0.3);
#29=ELLIPSE('',#2379,0.424264068711929,0.3);
#30=ELLIPSE('',#2382,0.42426406871192,0.299999999999994);
#31=ELLIPSE('',#2383,0.42426406871192,0.299999999999994);
#32=ELLIPSE('',#2388,0.424264068711945,0.300000000000012);
#33=ELLIPSE('',#2389,0.424264068711945,0.300000000000012);
#34=ELLIPSE('',#2392,0.424264068711928,0.3);
#35=ELLIPSE('',#2393,0.424264068711928,0.3);
#36=ELLIPSE('',#2396,0.424264068711925,0.299999999999998);
#37=ELLIPSE('',#2397,0.424264068711926,0.299999999999998);
#38=ELLIPSE('',#2400,0.424264068711923,0.299999999999996);
#39=ELLIPSE('',#2401,0.424264068711923,0.299999999999996);
#40=ELLIPSE('',#2406,0.424264068711919,0.299999999999993);
#41=ELLIPSE('',#2407,0.424264068711919,0.299999999999993);
#42=ELLIPSE('',#2410,0.424264068711929,0.300000000000001);
#43=ELLIPSE('',#2411,0.42426406871193,0.300000000000001);
#44=ELLIPSE('',#2415,2.9698484809835,2.1);
#45=ELLIPSE('',#2416,2.9698484809835,2.1);
#46=ELLIPSE('',#2418,2.9698484809835,2.1);
#47=ELLIPSE('',#2419,2.9698484809835,2.1);
#48=CYLINDRICAL_SURFACE('',#2301,1.);
#49=CYLINDRICAL_SURFACE('',#2318,0.999999999999997);
#50=CYLINDRICAL_SURFACE('',#2345,1.);
#51=CYLINDRICAL_SURFACE('',#2362,0.999999999999997);
#52=CYLINDRICAL_SURFACE('',#2377,0.3);
#53=CYLINDRICAL_SURFACE('',#2381,0.299999999999994);
#54=CYLINDRICAL_SURFACE('',#2387,0.300000000000012);
#55=CYLINDRICAL_SURFACE('',#2391,0.3);
#56=CYLINDRICAL_SURFACE('',#2395,0.299999999999998);
#57=CYLINDRICAL_SURFACE('',#2399,0.299999999999996);
#58=CYLINDRICAL_SURFACE('',#2405,0.299999999999993);
#59=CYLINDRICAL_SURFACE('',#2409,0.300000000000001);
#60=CYLINDRICAL_SURFACE('',#2414,2.1);
#61=CYLINDRICAL_SURFACE('',#2417,2.1);
#62=ORIENTED_EDGE('',*,*,#706,.F.);
#63=ORIENTED_EDGE('',*,*,#707,.T.);
#64=ORIENTED_EDGE('',*,*,#708,.T.);
#65=ORIENTED_EDGE('',*,*,#709,.F.);
#66=ORIENTED_EDGE('',*,*,#708,.F.);
#67=ORIENTED_EDGE('',*,*,#710,.T.);
#68=ORIENTED_EDGE('',*,*,#711,.T.);
#69=ORIENTED_EDGE('',*,*,#712,.T.);
#70=ORIENTED_EDGE('',*,*,#711,.F.);
#71=ORIENTED_EDGE('',*,*,#713,.T.);
#72=ORIENTED_EDGE('',*,*,#714,.T.);
#73=ORIENTED_EDGE('',*,*,#715,.T.);
#74=ORIENTED_EDGE('',*,*,#714,.F.);
#75=ORIENTED_EDGE('',*,*,#716,.T.);
#76=ORIENTED_EDGE('',*,*,#717,.T.);
#77=ORIENTED_EDGE('',*,*,#718,.T.);
#78=ORIENTED_EDGE('',*,*,#717,.F.);
#79=ORIENTED_EDGE('',*,*,#719,.T.);
#80=ORIENTED_EDGE('',*,*,#720,.T.);
#81=ORIENTED_EDGE('',*,*,#721,.T.);
#82=ORIENTED_EDGE('',*,*,#720,.F.);
#83=ORIENTED_EDGE('',*,*,#722,.T.);
#84=ORIENTED_EDGE('',*,*,#723,.T.);
#85=ORIENTED_EDGE('',*,*,#724,.T.);
#86=ORIENTED_EDGE('',*,*,#723,.F.);
#87=ORIENTED_EDGE('',*,*,#725,.T.);
#88=ORIENTED_EDGE('',*,*,#726,.T.);
#89=ORIENTED_EDGE('',*,*,#727,.T.);
#90=ORIENTED_EDGE('',*,*,#726,.F.);
#91=ORIENTED_EDGE('',*,*,#728,.T.);
#92=ORIENTED_EDGE('',*,*,#729,.T.);
#93=ORIENTED_EDGE('',*,*,#730,.T.);
#94=ORIENTED_EDGE('',*,*,#729,.F.);
#95=ORIENTED_EDGE('',*,*,#731,.T.);
#96=ORIENTED_EDGE('',*,*,#732,.T.);
#97=ORIENTED_EDGE('',*,*,#733,.T.);
#98=ORIENTED_EDGE('',*,*,#732,.F.);
#99=ORIENTED_EDGE('',*,*,#734,.T.);
#100=ORIENTED_EDGE('',*,*,#735,.T.);
#101=ORIENTED_EDGE('',*,*,#736,.T.);
#102=ORIENTED_EDGE('',*,*,#735,.F.);
#103=ORIENTED_EDGE('',*,*,#737,.T.);
#104=ORIENTED_EDGE('',*,*,#738,.T.);
#105=ORIENTED_EDGE('',*,*,#739,.T.);
#106=ORIENTED_EDGE('',*,*,#738,.F.);
#107=ORIENTED_EDGE('',*,*,#740,.T.);
#108=ORIENTED_EDGE('',*,*,#741,.T.);
#109=ORIENTED_EDGE('',*,*,#742,.T.);
#110=ORIENTED_EDGE('',*,*,#741,.F.);
#111=ORIENTED_EDGE('',*,*,#743,.T.);
#112=ORIENTED_EDGE('',*,*,#744,.T.);
#113=ORIENTED_EDGE('',*,*,#745,.T.);
#114=ORIENTED_EDGE('',*,*,#744,.F.);
#115=ORIENTED_EDGE('',*,*,#746,.T.);
#116=ORIENTED_EDGE('',*,*,#747,.T.);
#117=ORIENTED_EDGE('',*,*,#748,.F.);
#118=ORIENTED_EDGE('',*,*,#747,.F.);
#119=ORIENTED_EDGE('',*,*,#749,.T.);
#120=ORIENTED_EDGE('',*,*,#750,.T.);
#121=ORIENTED_EDGE('',*,*,#751,.T.);
#122=ORIENTED_EDGE('',*,*,#750,.F.);
#123=ORIENTED_EDGE('',*,*,#752,.T.);
#124=ORIENTED_EDGE('',*,*,#753,.T.);
#125=ORIENTED_EDGE('',*,*,#754,.T.);
#126=ORIENTED_EDGE('',*,*,#753,.F.);
#127=ORIENTED_EDGE('',*,*,#755,.T.);
#128=ORIENTED_EDGE('',*,*,#756,.T.);
#129=ORIENTED_EDGE('',*,*,#757,.T.);
#130=ORIENTED_EDGE('',*,*,#756,.F.);
#131=ORIENTED_EDGE('',*,*,#758,.T.);
#132=ORIENTED_EDGE('',*,*,#759,.T.);
#133=ORIENTED_EDGE('',*,*,#760,.T.);
#134=ORIENTED_EDGE('',*,*,#759,.F.);
#135=ORIENTED_EDGE('',*,*,#761,.T.);
#136=ORIENTED_EDGE('',*,*,#762,.T.);
#137=ORIENTED_EDGE('',*,*,#763,.T.);
#138=ORIENTED_EDGE('',*,*,#762,.F.);
#139=ORIENTED_EDGE('',*,*,#764,.T.);
#140=ORIENTED_EDGE('',*,*,#765,.T.);
#141=ORIENTED_EDGE('',*,*,#766,.T.);
#142=ORIENTED_EDGE('',*,*,#765,.F.);
#143=ORIENTED_EDGE('',*,*,#767,.T.);
#144=ORIENTED_EDGE('',*,*,#768,.T.);
#145=ORIENTED_EDGE('',*,*,#769,.T.);
#146=ORIENTED_EDGE('',*,*,#768,.F.);
#147=ORIENTED_EDGE('',*,*,#770,.T.);
#148=ORIENTED_EDGE('',*,*,#771,.T.);
#149=ORIENTED_EDGE('',*,*,#772,.T.);
#150=ORIENTED_EDGE('',*,*,#771,.F.);
#151=ORIENTED_EDGE('',*,*,#773,.T.);
#152=ORIENTED_EDGE('',*,*,#774,.T.);
#153=ORIENTED_EDGE('',*,*,#775,.T.);
#154=ORIENTED_EDGE('',*,*,#774,.F.);
#155=ORIENTED_EDGE('',*,*,#776,.T.);
#156=ORIENTED_EDGE('',*,*,#777,.T.);
#157=ORIENTED_EDGE('',*,*,#778,.T.);
#158=ORIENTED_EDGE('',*,*,#777,.F.);
#159=ORIENTED_EDGE('',*,*,#779,.T.);
#160=ORIENTED_EDGE('',*,*,#780,.T.);
#161=ORIENTED_EDGE('',*,*,#781,.T.);
#162=ORIENTED_EDGE('',*,*,#780,.F.);
#163=ORIENTED_EDGE('',*,*,#782,.T.);
#164=ORIENTED_EDGE('',*,*,#783,.T.);
#165=ORIENTED_EDGE('',*,*,#784,.T.);
#166=ORIENTED_EDGE('',*,*,#783,.F.);
#167=ORIENTED_EDGE('',*,*,#785,.T.);
#168=ORIENTED_EDGE('',*,*,#786,.T.);
#169=ORIENTED_EDGE('',*,*,#787,.T.);
#170=ORIENTED_EDGE('',*,*,#786,.F.);
#171=ORIENTED_EDGE('',*,*,#788,.T.);
#172=ORIENTED_EDGE('',*,*,#789,.T.);
#173=ORIENTED_EDGE('',*,*,#790,.T.);
#174=ORIENTED_EDGE('',*,*,#789,.F.);
#175=ORIENTED_EDGE('',*,*,#791,.T.);
#176=ORIENTED_EDGE('',*,*,#792,.T.);
#177=ORIENTED_EDGE('',*,*,#793,.T.);
#178=ORIENTED_EDGE('',*,*,#792,.F.);
#179=ORIENTED_EDGE('',*,*,#794,.T.);
#180=ORIENTED_EDGE('',*,*,#795,.T.);
#181=ORIENTED_EDGE('',*,*,#796,.T.);
#182=ORIENTED_EDGE('',*,*,#797,.F.);
#183=ORIENTED_EDGE('',*,*,#798,.T.);
#184=ORIENTED_EDGE('',*,*,#799,.T.);
#185=ORIENTED_EDGE('',*,*,#800,.T.);
#186=ORIENTED_EDGE('',*,*,#799,.F.);
#187=ORIENTED_EDGE('',*,*,#801,.T.);
#188=ORIENTED_EDGE('',*,*,#802,.T.);
#189=ORIENTED_EDGE('',*,*,#803,.T.);
#190=ORIENTED_EDGE('',*,*,#802,.F.);
#191=ORIENTED_EDGE('',*,*,#804,.T.);
#192=ORIENTED_EDGE('',*,*,#805,.T.);
#193=ORIENTED_EDGE('',*,*,#806,.T.);
#194=ORIENTED_EDGE('',*,*,#805,.F.);
#195=ORIENTED_EDGE('',*,*,#807,.T.);
#196=ORIENTED_EDGE('',*,*,#808,.T.);
#197=ORIENTED_EDGE('',*,*,#809,.T.);
#198=ORIENTED_EDGE('',*,*,#808,.F.);
#199=ORIENTED_EDGE('',*,*,#810,.T.);
#200=ORIENTED_EDGE('',*,*,#811,.T.);
#201=ORIENTED_EDGE('',*,*,#812,.T.);
#202=ORIENTED_EDGE('',*,*,#811,.F.);
#203=ORIENTED_EDGE('',*,*,#813,.T.);
#204=ORIENTED_EDGE('',*,*,#814,.T.);
#205=ORIENTED_EDGE('',*,*,#815,.T.);
#206=ORIENTED_EDGE('',*,*,#814,.F.);
#207=ORIENTED_EDGE('',*,*,#816,.T.);
#208=ORIENTED_EDGE('',*,*,#817,.T.);
#209=ORIENTED_EDGE('',*,*,#818,.T.);
#210=ORIENTED_EDGE('',*,*,#817,.F.);
#211=ORIENTED_EDGE('',*,*,#819,.T.);
#212=ORIENTED_EDGE('',*,*,#820,.T.);
#213=ORIENTED_EDGE('',*,*,#821,.T.);
#214=ORIENTED_EDGE('',*,*,#820,.F.);
#215=ORIENTED_EDGE('',*,*,#822,.T.);
#216=ORIENTED_EDGE('',*,*,#823,.T.);
#217=ORIENTED_EDGE('',*,*,#824,.T.);
#218=ORIENTED_EDGE('',*,*,#823,.F.);
#219=ORIENTED_EDGE('',*,*,#825,.T.);
#220=ORIENTED_EDGE('',*,*,#826,.T.);
#221=ORIENTED_EDGE('',*,*,#827,.T.);
#222=ORIENTED_EDGE('',*,*,#826,.F.);
#223=ORIENTED_EDGE('',*,*,#828,.T.);
#224=ORIENTED_EDGE('',*,*,#829,.T.);
#225=ORIENTED_EDGE('',*,*,#830,.T.);
#226=ORIENTED_EDGE('',*,*,#829,.F.);
#227=ORIENTED_EDGE('',*,*,#831,.T.);
#228=ORIENTED_EDGE('',*,*,#832,.T.);
#229=ORIENTED_EDGE('',*,*,#833,.T.);
#230=ORIENTED_EDGE('',*,*,#834,.F.);
#231=ORIENTED_EDGE('',*,*,#835,.T.);
#232=ORIENTED_EDGE('',*,*,#836,.T.);
#233=ORIENTED_EDGE('',*,*,#837,.T.);
#234=ORIENTED_EDGE('',*,*,#836,.F.);
#235=ORIENTED_EDGE('',*,*,#838,.T.);
#236=ORIENTED_EDGE('',*,*,#839,.T.);
#237=ORIENTED_EDGE('',*,*,#840,.T.);
#238=ORIENTED_EDGE('',*,*,#839,.F.);
#239=ORIENTED_EDGE('',*,*,#841,.T.);
#240=ORIENTED_EDGE('',*,*,#842,.T.);
#241=ORIENTED_EDGE('',*,*,#843,.T.);
#242=ORIENTED_EDGE('',*,*,#842,.F.);
#243=ORIENTED_EDGE('',*,*,#844,.T.);
#244=ORIENTED_EDGE('',*,*,#845,.T.);
#245=ORIENTED_EDGE('',*,*,#846,.T.);
#246=ORIENTED_EDGE('',*,*,#845,.F.);
#247=ORIENTED_EDGE('',*,*,#847,.T.);
#248=ORIENTED_EDGE('',*,*,#848,.T.);
#249=ORIENTED_EDGE('',*,*,#849,.T.);
#250=ORIENTED_EDGE('',*,*,#848,.F.);
#251=ORIENTED_EDGE('',*,*,#850,.T.);
#252=ORIENTED_EDGE('',*,*,#851,.T.);
#253=ORIENTED_EDGE('',*,*,#852,.T.);
#254=ORIENTED_EDGE('',*,*,#851,.F.);
#255=ORIENTED_EDGE('',*,*,#853,.T.);
#256=ORIENTED_EDGE('',*,*,#854,.T.);
#257=ORIENTED_EDGE('',*,*,#855,.T.);
#258=ORIENTED_EDGE('',*,*,#854,.F.);
#259=ORIENTED_EDGE('',*,*,#856,.T.);
#260=ORIENTED_EDGE('',*,*,#857,.T.);
#261=ORIENTED_EDGE('',*,*,#858,.T.);
#262=ORIENTED_EDGE('',*,*,#857,.F.);
#263=ORIENTED_EDGE('',*,*,#859,.T.);
#264=ORIENTED_EDGE('',*,*,#860,.T.);
#265=ORIENTED_EDGE('',*,*,#861,.T.);
#266=ORIENTED_EDGE('',*,*,#860,.F.);
#267=ORIENTED_EDGE('',*,*,#862,.T.);
#268=ORIENTED_EDGE('',*,*,#863,.T.);
#269=ORIENTED_EDGE('',*,*,#864,.T.);
#270=ORIENTED_EDGE('',*,*,#863,.F.);
#271=ORIENTED_EDGE('',*,*,#865,.T.);
#272=ORIENTED_EDGE('',*,*,#866,.T.);
#273=ORIENTED_EDGE('',*,*,#867,.T.);
#274=ORIENTED_EDGE('',*,*,#866,.F.);
#275=ORIENTED_EDGE('',*,*,#868,.T.);
#276=ORIENTED_EDGE('',*,*,#869,.T.);
#277=ORIENTED_EDGE('',*,*,#870,.T.);
#278=ORIENTED_EDGE('',*,*,#871,.F.);
#279=ORIENTED_EDGE('',*,*,#872,.T.);
#280=ORIENTED_EDGE('',*,*,#873,.T.);
#281=ORIENTED_EDGE('',*,*,#874,.T.);
#282=ORIENTED_EDGE('',*,*,#873,.F.);
#283=ORIENTED_EDGE('',*,*,#875,.F.);
#284=ORIENTED_EDGE('',*,*,#876,.T.);
#285=ORIENTED_EDGE('',*,*,#877,.F.);
#286=ORIENTED_EDGE('',*,*,#876,.F.);
#287=ORIENTED_EDGE('',*,*,#878,.T.);
#288=ORIENTED_EDGE('',*,*,#879,.T.);
#289=ORIENTED_EDGE('',*,*,#880,.T.);
#290=ORIENTED_EDGE('',*,*,#879,.F.);
#291=ORIENTED_EDGE('',*,*,#881,.T.);
#292=ORIENTED_EDGE('',*,*,#882,.T.);
#293=ORIENTED_EDGE('',*,*,#883,.T.);
#294=ORIENTED_EDGE('',*,*,#882,.F.);
#295=ORIENTED_EDGE('',*,*,#884,.T.);
#296=ORIENTED_EDGE('',*,*,#885,.T.);
#297=ORIENTED_EDGE('',*,*,#886,.T.);
#298=ORIENTED_EDGE('',*,*,#885,.F.);
#299=ORIENTED_EDGE('',*,*,#887,.T.);
#300=ORIENTED_EDGE('',*,*,#888,.T.);
#301=ORIENTED_EDGE('',*,*,#889,.T.);
#302=ORIENTED_EDGE('',*,*,#888,.F.);
#303=ORIENTED_EDGE('',*,*,#890,.T.);
#304=ORIENTED_EDGE('',*,*,#891,.T.);
#305=ORIENTED_EDGE('',*,*,#892,.T.);
#306=ORIENTED_EDGE('',*,*,#891,.F.);
#307=ORIENTED_EDGE('',*,*,#893,.T.);
#308=ORIENTED_EDGE('',*,*,#894,.T.);
#309=ORIENTED_EDGE('',*,*,#895,.T.);
#310=ORIENTED_EDGE('',*,*,#894,.F.);
#311=ORIENTED_EDGE('',*,*,#896,.T.);
#312=ORIENTED_EDGE('',*,*,#897,.T.);
#313=ORIENTED_EDGE('',*,*,#898,.T.);
#314=ORIENTED_EDGE('',*,*,#897,.F.);
#315=ORIENTED_EDGE('',*,*,#899,.T.);
#316=ORIENTED_EDGE('',*,*,#900,.T.);
#317=ORIENTED_EDGE('',*,*,#901,.T.);
#318=ORIENTED_EDGE('',*,*,#900,.F.);
#319=ORIENTED_EDGE('',*,*,#902,.T.);
#320=ORIENTED_EDGE('',*,*,#903,.T.);
#321=ORIENTED_EDGE('',*,*,#904,.T.);
#322=ORIENTED_EDGE('',*,*,#903,.F.);
#323=ORIENTED_EDGE('',*,*,#905,.T.);
#324=ORIENTED_EDGE('',*,*,#906,.T.);
#325=ORIENTED_EDGE('',*,*,#907,.T.);
#326=ORIENTED_EDGE('',*,*,#906,.F.);
#327=ORIENTED_EDGE('',*,*,#908,.T.);
#328=ORIENTED_EDGE('',*,*,#909,.T.);
#329=ORIENTED_EDGE('',*,*,#910,.T.);
#330=ORIENTED_EDGE('',*,*,#909,.F.);
#331=ORIENTED_EDGE('',*,*,#911,.T.);
#332=ORIENTED_EDGE('',*,*,#912,.T.);
#333=ORIENTED_EDGE('',*,*,#913,.T.);
#334=ORIENTED_EDGE('',*,*,#912,.F.);
#335=ORIENTED_EDGE('',*,*,#914,.F.);
#336=ORIENTED_EDGE('',*,*,#915,.T.);
#337=ORIENTED_EDGE('',*,*,#916,.F.);
#338=ORIENTED_EDGE('',*,*,#915,.F.);
#339=ORIENTED_EDGE('',*,*,#917,.T.);
#340=ORIENTED_EDGE('',*,*,#918,.T.);
#341=ORIENTED_EDGE('',*,*,#919,.T.);
#342=ORIENTED_EDGE('',*,*,#918,.F.);
#343=ORIENTED_EDGE('',*,*,#920,.T.);
#344=ORIENTED_EDGE('',*,*,#921,.T.);
#345=ORIENTED_EDGE('',*,*,#922,.F.);
#346=ORIENTED_EDGE('',*,*,#921,.F.);
#347=ORIENTED_EDGE('',*,*,#923,.T.);
#348=ORIENTED_EDGE('',*,*,#924,.T.);
#349=ORIENTED_EDGE('',*,*,#925,.T.);
#350=ORIENTED_EDGE('',*,*,#924,.F.);
#351=ORIENTED_EDGE('',*,*,#926,.T.);
#352=ORIENTED_EDGE('',*,*,#927,.T.);
#353=ORIENTED_EDGE('',*,*,#928,.T.);
#354=ORIENTED_EDGE('',*,*,#927,.F.);
#355=ORIENTED_EDGE('',*,*,#929,.T.);
#356=ORIENTED_EDGE('',*,*,#930,.T.);
#357=ORIENTED_EDGE('',*,*,#931,.T.);
#358=ORIENTED_EDGE('',*,*,#930,.F.);
#359=ORIENTED_EDGE('',*,*,#932,.T.);
#360=ORIENTED_EDGE('',*,*,#933,.T.);
#361=ORIENTED_EDGE('',*,*,#934,.T.);
#362=ORIENTED_EDGE('',*,*,#933,.F.);
#363=ORIENTED_EDGE('',*,*,#935,.T.);
#364=ORIENTED_EDGE('',*,*,#936,.T.);
#365=ORIENTED_EDGE('',*,*,#937,.T.);
#366=ORIENTED_EDGE('',*,*,#936,.F.);
#367=ORIENTED_EDGE('',*,*,#938,.T.);
#368=ORIENTED_EDGE('',*,*,#939,.T.);
#369=ORIENTED_EDGE('',*,*,#940,.T.);
#370=ORIENTED_EDGE('',*,*,#939,.F.);
#371=ORIENTED_EDGE('',*,*,#941,.T.);
#372=ORIENTED_EDGE('',*,*,#942,.T.);
#373=ORIENTED_EDGE('',*,*,#943,.T.);
#374=ORIENTED_EDGE('',*,*,#942,.F.);
#375=ORIENTED_EDGE('',*,*,#944,.T.);
#376=ORIENTED_EDGE('',*,*,#945,.T.);
#377=ORIENTED_EDGE('',*,*,#946,.T.);
#378=ORIENTED_EDGE('',*,*,#945,.F.);
#379=ORIENTED_EDGE('',*,*,#947,.T.);
#380=ORIENTED_EDGE('',*,*,#948,.T.);
#381=ORIENTED_EDGE('',*,*,#949,.T.);
#382=ORIENTED_EDGE('',*,*,#948,.F.);
#383=ORIENTED_EDGE('',*,*,#950,.T.);
#384=ORIENTED_EDGE('',*,*,#951,.T.);
#385=ORIENTED_EDGE('',*,*,#952,.T.);
#386=ORIENTED_EDGE('',*,*,#951,.F.);
#387=ORIENTED_EDGE('',*,*,#953,.T.);
#388=ORIENTED_EDGE('',*,*,#954,.T.);
#389=ORIENTED_EDGE('',*,*,#955,.T.);
#390=ORIENTED_EDGE('',*,*,#956,.F.);
#391=ORIENTED_EDGE('',*,*,#957,.T.);
#392=ORIENTED_EDGE('',*,*,#958,.F.);
#393=ORIENTED_EDGE('',*,*,#959,.F.);
#394=ORIENTED_EDGE('',*,*,#960,.F.);
#395=ORIENTED_EDGE('',*,*,#961,.T.);
#396=ORIENTED_EDGE('',*,*,#962,.F.);
#397=ORIENTED_EDGE('',*,*,#957,.F.);
#398=ORIENTED_EDGE('',*,*,#961,.F.);
#399=ORIENTED_EDGE('',*,*,#963,.T.);
#400=ORIENTED_EDGE('',*,*,#964,.T.);
#401=ORIENTED_EDGE('',*,*,#965,.T.);
#402=ORIENTED_EDGE('',*,*,#966,.F.);
#403=ORIENTED_EDGE('',*,*,#967,.T.);
#404=ORIENTED_EDGE('',*,*,#968,.F.);
#405=ORIENTED_EDGE('',*,*,#964,.F.);
#406=ORIENTED_EDGE('',*,*,#969,.F.);
#407=ORIENTED_EDGE('',*,*,#970,.T.);
#408=ORIENTED_EDGE('',*,*,#971,.F.);
#409=ORIENTED_EDGE('',*,*,#967,.F.);
#410=ORIENTED_EDGE('',*,*,#972,.F.);
#411=ORIENTED_EDGE('',*,*,#973,.T.);
#412=ORIENTED_EDGE('',*,*,#974,.F.);
#413=ORIENTED_EDGE('',*,*,#970,.F.);
#414=ORIENTED_EDGE('',*,*,#973,.F.);
#415=ORIENTED_EDGE('',*,*,#975,.T.);
#416=ORIENTED_EDGE('',*,*,#976,.T.);
#417=ORIENTED_EDGE('',*,*,#977,.T.);
#418=ORIENTED_EDGE('',*,*,#978,.F.);
#419=ORIENTED_EDGE('',*,*,#979,.T.);
#420=ORIENTED_EDGE('',*,*,#980,.F.);
#421=ORIENTED_EDGE('',*,*,#976,.F.);
#422=ORIENTED_EDGE('',*,*,#981,.F.);
#423=ORIENTED_EDGE('',*,*,#982,.T.);
#424=ORIENTED_EDGE('',*,*,#983,.F.);
#425=ORIENTED_EDGE('',*,*,#979,.F.);
#426=ORIENTED_EDGE('',*,*,#984,.F.);
#427=ORIENTED_EDGE('',*,*,#985,.T.);
#428=ORIENTED_EDGE('',*,*,#986,.F.);
#429=ORIENTED_EDGE('',*,*,#982,.F.);
#430=ORIENTED_EDGE('',*,*,#987,.F.);
#431=ORIENTED_EDGE('',*,*,#988,.T.);
#432=ORIENTED_EDGE('',*,*,#989,.F.);
#433=ORIENTED_EDGE('',*,*,#985,.F.);
#434=ORIENTED_EDGE('',*,*,#990,.F.);
#435=ORIENTED_EDGE('',*,*,#991,.T.);
#436=ORIENTED_EDGE('',*,*,#992,.F.);
#437=ORIENTED_EDGE('',*,*,#988,.F.);
#438=ORIENTED_EDGE('',*,*,#991,.F.);
#439=ORIENTED_EDGE('',*,*,#993,.T.);
#440=ORIENTED_EDGE('',*,*,#994,.T.);
#441=ORIENTED_EDGE('',*,*,#995,.T.);
#442=ORIENTED_EDGE('',*,*,#996,.F.);
#443=ORIENTED_EDGE('',*,*,#997,.T.);
#444=ORIENTED_EDGE('',*,*,#998,.F.);
#445=ORIENTED_EDGE('',*,*,#994,.F.);
#446=ORIENTED_EDGE('',*,*,#999,.F.);
#447=ORIENTED_EDGE('',*,*,#1000,.T.);
#448=ORIENTED_EDGE('',*,*,#1001,.F.);
#449=ORIENTED_EDGE('',*,*,#997,.F.);
#450=ORIENTED_EDGE('',*,*,#1002,.F.);
#451=ORIENTED_EDGE('',*,*,#1003,.T.);
#452=ORIENTED_EDGE('',*,*,#1004,.F.);
#453=ORIENTED_EDGE('',*,*,#1000,.F.);
#454=ORIENTED_EDGE('',*,*,#1003,.F.);
#455=ORIENTED_EDGE('',*,*,#1005,.T.);
#456=ORIENTED_EDGE('',*,*,#1006,.T.);
#457=ORIENTED_EDGE('',*,*,#1007,.T.);
#458=ORIENTED_EDGE('',*,*,#1008,.F.);
#459=ORIENTED_EDGE('',*,*,#1009,.T.);
#460=ORIENTED_EDGE('',*,*,#1010,.F.);
#461=ORIENTED_EDGE('',*,*,#1006,.F.);
#462=ORIENTED_EDGE('',*,*,#1011,.F.);
#463=ORIENTED_EDGE('',*,*,#1012,.T.);
#464=ORIENTED_EDGE('',*,*,#1013,.F.);
#465=ORIENTED_EDGE('',*,*,#1009,.F.);
#466=ORIENTED_EDGE('',*,*,#1014,.F.);
#467=ORIENTED_EDGE('',*,*,#959,.T.);
#468=ORIENTED_EDGE('',*,*,#1015,.F.);
#469=ORIENTED_EDGE('',*,*,#1012,.F.);
#470=ORIENTED_EDGE('',*,*,#954,.F.);
#471=ORIENTED_EDGE('',*,*,#1016,.T.);
#472=ORIENTED_EDGE('',*,*,#706,.T.);
#473=ORIENTED_EDGE('',*,*,#1017,.T.);
#474=ORIENTED_EDGE('',*,*,#1018,.T.);
#475=ORIENTED_EDGE('',*,*,#1019,.T.);
#476=ORIENTED_EDGE('',*,*,#1020,.T.);
#477=ORIENTED_EDGE('',*,*,#1021,.T.);
#478=ORIENTED_EDGE('',*,*,#1022,.F.);
#479=ORIENTED_EDGE('',*,*,#795,.F.);
#480=ORIENTED_EDGE('',*,*,#1023,.T.);
#481=ORIENTED_EDGE('',*,*,#797,.T.);
#482=ORIENTED_EDGE('',*,*,#1024,.F.);
#483=ORIENTED_EDGE('',*,*,#832,.F.);
#484=ORIENTED_EDGE('',*,*,#1025,.T.);
#485=ORIENTED_EDGE('',*,*,#834,.T.);
#486=ORIENTED_EDGE('',*,*,#1026,.F.);
#487=ORIENTED_EDGE('',*,*,#869,.F.);
#488=ORIENTED_EDGE('',*,*,#1027,.T.);
#489=ORIENTED_EDGE('',*,*,#871,.T.);
#490=ORIENTED_EDGE('',*,*,#715,.F.);
#491=ORIENTED_EDGE('',*,*,#718,.F.);
#492=ORIENTED_EDGE('',*,*,#721,.F.);
#493=ORIENTED_EDGE('',*,*,#724,.F.);
#494=ORIENTED_EDGE('',*,*,#727,.F.);
#495=ORIENTED_EDGE('',*,*,#730,.F.);
#496=ORIENTED_EDGE('',*,*,#733,.F.);
#497=ORIENTED_EDGE('',*,*,#736,.F.);
#498=ORIENTED_EDGE('',*,*,#739,.F.);
#499=ORIENTED_EDGE('',*,*,#742,.F.);
#500=ORIENTED_EDGE('',*,*,#745,.F.);
#501=ORIENTED_EDGE('',*,*,#748,.T.);
#502=ORIENTED_EDGE('',*,*,#751,.F.);
#503=ORIENTED_EDGE('',*,*,#754,.F.);
#504=ORIENTED_EDGE('',*,*,#757,.F.);
#505=ORIENTED_EDGE('',*,*,#760,.F.);
#506=ORIENTED_EDGE('',*,*,#763,.F.);
#507=ORIENTED_EDGE('',*,*,#766,.F.);
#508=ORIENTED_EDGE('',*,*,#769,.F.);
#509=ORIENTED_EDGE('',*,*,#772,.F.);
#510=ORIENTED_EDGE('',*,*,#775,.F.);
#511=ORIENTED_EDGE('',*,*,#778,.F.);
#512=ORIENTED_EDGE('',*,*,#781,.F.);
#513=ORIENTED_EDGE('',*,*,#784,.F.);
#514=ORIENTED_EDGE('',*,*,#787,.F.);
#515=ORIENTED_EDGE('',*,*,#790,.F.);
#516=ORIENTED_EDGE('',*,*,#793,.F.);
#517=ORIENTED_EDGE('',*,*,#796,.F.);
#518=ORIENTED_EDGE('',*,*,#1022,.T.);
#519=ORIENTED_EDGE('',*,*,#800,.F.);
#520=ORIENTED_EDGE('',*,*,#803,.F.);
#521=ORIENTED_EDGE('',*,*,#806,.F.);
#522=ORIENTED_EDGE('',*,*,#809,.F.);
#523=ORIENTED_EDGE('',*,*,#812,.F.);
#524=ORIENTED_EDGE('',*,*,#815,.F.);
#525=ORIENTED_EDGE('',*,*,#818,.F.);
#526=ORIENTED_EDGE('',*,*,#821,.F.);
#527=ORIENTED_EDGE('',*,*,#824,.F.);
#528=ORIENTED_EDGE('',*,*,#827,.F.);
#529=ORIENTED_EDGE('',*,*,#830,.F.);
#530=ORIENTED_EDGE('',*,*,#833,.F.);
#531=ORIENTED_EDGE('',*,*,#1024,.T.);
#532=ORIENTED_EDGE('',*,*,#837,.F.);
#533=ORIENTED_EDGE('',*,*,#840,.F.);
#534=ORIENTED_EDGE('',*,*,#843,.F.);
#535=ORIENTED_EDGE('',*,*,#846,.F.);
#536=ORIENTED_EDGE('',*,*,#849,.F.);
#537=ORIENTED_EDGE('',*,*,#852,.F.);
#538=ORIENTED_EDGE('',*,*,#855,.F.);
#539=ORIENTED_EDGE('',*,*,#858,.F.);
#540=ORIENTED_EDGE('',*,*,#861,.F.);
#541=ORIENTED_EDGE('',*,*,#864,.F.);
#542=ORIENTED_EDGE('',*,*,#867,.F.);
#543=ORIENTED_EDGE('',*,*,#870,.F.);
#544=ORIENTED_EDGE('',*,*,#1026,.T.);
#545=ORIENTED_EDGE('',*,*,#874,.F.);
#546=ORIENTED_EDGE('',*,*,#877,.T.);
#547=ORIENTED_EDGE('',*,*,#880,.F.);
#548=ORIENTED_EDGE('',*,*,#883,.F.);
#549=ORIENTED_EDGE('',*,*,#886,.F.);
#550=ORIENTED_EDGE('',*,*,#889,.F.);
#551=ORIENTED_EDGE('',*,*,#892,.F.);
#552=ORIENTED_EDGE('',*,*,#895,.F.);
#553=ORIENTED_EDGE('',*,*,#898,.F.);
#554=ORIENTED_EDGE('',*,*,#901,.F.);
#555=ORIENTED_EDGE('',*,*,#904,.F.);
#556=ORIENTED_EDGE('',*,*,#907,.F.);
#557=ORIENTED_EDGE('',*,*,#910,.F.);
#558=ORIENTED_EDGE('',*,*,#913,.F.);
#559=ORIENTED_EDGE('',*,*,#916,.T.);
#560=ORIENTED_EDGE('',*,*,#919,.F.);
#561=ORIENTED_EDGE('',*,*,#922,.T.);
#562=ORIENTED_EDGE('',*,*,#925,.F.);
#563=ORIENTED_EDGE('',*,*,#928,.F.);
#564=ORIENTED_EDGE('',*,*,#931,.F.);
#565=ORIENTED_EDGE('',*,*,#934,.F.);
#566=ORIENTED_EDGE('',*,*,#937,.F.);
#567=ORIENTED_EDGE('',*,*,#940,.F.);
#568=ORIENTED_EDGE('',*,*,#943,.F.);
#569=ORIENTED_EDGE('',*,*,#946,.F.);
#570=ORIENTED_EDGE('',*,*,#949,.F.);
#571=ORIENTED_EDGE('',*,*,#952,.F.);
#572=ORIENTED_EDGE('',*,*,#955,.F.);
#573=ORIENTED_EDGE('',*,*,#1017,.F.);
#574=ORIENTED_EDGE('',*,*,#709,.T.);
#575=ORIENTED_EDGE('',*,*,#712,.F.);
#576=ORIENTED_EDGE('',*,*,#1021,.F.);
#577=ORIENTED_EDGE('',*,*,#1019,.F.);
#578=ORIENTED_EDGE('',*,*,#958,.T.);
#579=ORIENTED_EDGE('',*,*,#962,.T.);
#580=ORIENTED_EDGE('',*,*,#965,.F.);
#581=ORIENTED_EDGE('',*,*,#968,.T.);
#582=ORIENTED_EDGE('',*,*,#971,.T.);
#583=ORIENTED_EDGE('',*,*,#974,.T.);
#584=ORIENTED_EDGE('',*,*,#977,.F.);
#585=ORIENTED_EDGE('',*,*,#980,.T.);
#586=ORIENTED_EDGE('',*,*,#983,.T.);
#587=ORIENTED_EDGE('',*,*,#986,.T.);
#588=ORIENTED_EDGE('',*,*,#989,.T.);
#589=ORIENTED_EDGE('',*,*,#992,.T.);
#590=ORIENTED_EDGE('',*,*,#995,.F.);
#591=ORIENTED_EDGE('',*,*,#998,.T.);
#592=ORIENTED_EDGE('',*,*,#1001,.T.);
#593=ORIENTED_EDGE('',*,*,#1004,.T.);
#594=ORIENTED_EDGE('',*,*,#1007,.F.);
#595=ORIENTED_EDGE('',*,*,#1010,.T.);
#596=ORIENTED_EDGE('',*,*,#1013,.T.);
#597=ORIENTED_EDGE('',*,*,#1015,.T.);
#598=ORIENTED_EDGE('',*,*,#707,.F.);
#599=ORIENTED_EDGE('',*,*,#1016,.F.);
#600=ORIENTED_EDGE('',*,*,#953,.F.);
#601=ORIENTED_EDGE('',*,*,#950,.F.);
#602=ORIENTED_EDGE('',*,*,#947,.F.);
#603=ORIENTED_EDGE('',*,*,#944,.F.);
#604=ORIENTED_EDGE('',*,*,#941,.F.);
#605=ORIENTED_EDGE('',*,*,#938,.F.);
#606=ORIENTED_EDGE('',*,*,#935,.F.);
#607=ORIENTED_EDGE('',*,*,#932,.F.);
#608=ORIENTED_EDGE('',*,*,#929,.F.);
#609=ORIENTED_EDGE('',*,*,#926,.F.);
#610=ORIENTED_EDGE('',*,*,#923,.F.);
#611=ORIENTED_EDGE('',*,*,#920,.F.);
#612=ORIENTED_EDGE('',*,*,#917,.F.);
#613=ORIENTED_EDGE('',*,*,#914,.T.);
#614=ORIENTED_EDGE('',*,*,#911,.F.);
#615=ORIENTED_EDGE('',*,*,#908,.F.);
#616=ORIENTED_EDGE('',*,*,#905,.F.);
#617=ORIENTED_EDGE('',*,*,#902,.F.);
#618=ORIENTED_EDGE('',*,*,#899,.F.);
#619=ORIENTED_EDGE('',*,*,#896,.F.);
#620=ORIENTED_EDGE('',*,*,#893,.F.);
#621=ORIENTED_EDGE('',*,*,#890,.F.);
#622=ORIENTED_EDGE('',*,*,#887,.F.);
#623=ORIENTED_EDGE('',*,*,#884,.F.);
#624=ORIENTED_EDGE('',*,*,#881,.F.);
#625=ORIENTED_EDGE('',*,*,#878,.F.);
#626=ORIENTED_EDGE('',*,*,#875,.T.);
#627=ORIENTED_EDGE('',*,*,#872,.F.);
#628=ORIENTED_EDGE('',*,*,#1027,.F.);
#629=ORIENTED_EDGE('',*,*,#868,.F.);
#630=ORIENTED_EDGE('',*,*,#865,.F.);
#631=ORIENTED_EDGE('',*,*,#862,.F.);
#632=ORIENTED_EDGE('',*,*,#859,.F.);
#633=ORIENTED_EDGE('',*,*,#856,.F.);
#634=ORIENTED_EDGE('',*,*,#853,.F.);
#635=ORIENTED_EDGE('',*,*,#850,.F.);
#636=ORIENTED_EDGE('',*,*,#847,.F.);
#637=ORIENTED_EDGE('',*,*,#844,.F.);
#638=ORIENTED_EDGE('',*,*,#841,.F.);
#639=ORIENTED_EDGE('',*,*,#838,.F.);
#640=ORIENTED_EDGE('',*,*,#835,.F.);
#641=ORIENTED_EDGE('',*,*,#1025,.F.);
#642=ORIENTED_EDGE('',*,*,#831,.F.);
#643=ORIENTED_EDGE('',*,*,#828,.F.);
#644=ORIENTED_EDGE('',*,*,#825,.F.);
#645=ORIENTED_EDGE('',*,*,#822,.F.);
#646=ORIENTED_EDGE('',*,*,#819,.F.);
#647=ORIENTED_EDGE('',*,*,#816,.F.);
#648=ORIENTED_EDGE('',*,*,#813,.F.);
#649=ORIENTED_EDGE('',*,*,#810,.F.);
#650=ORIENTED_EDGE('',*,*,#807,.F.);
#651=ORIENTED_EDGE('',*,*,#804,.F.);
#652=ORIENTED_EDGE('',*,*,#801,.F.);
#653=ORIENTED_EDGE('',*,*,#798,.F.);
#654=ORIENTED_EDGE('',*,*,#1023,.F.);
#655=ORIENTED_EDGE('',*,*,#794,.F.);
#656=ORIENTED_EDGE('',*,*,#791,.F.);
#657=ORIENTED_EDGE('',*,*,#788,.F.);
#658=ORIENTED_EDGE('',*,*,#785,.F.);
#659=ORIENTED_EDGE('',*,*,#782,.F.);
#660=ORIENTED_EDGE('',*,*,#779,.F.);
#661=ORIENTED_EDGE('',*,*,#776,.F.);
#662=ORIENTED_EDGE('',*,*,#773,.F.);
#663=ORIENTED_EDGE('',*,*,#770,.F.);
#664=ORIENTED_EDGE('',*,*,#767,.F.);
#665=ORIENTED_EDGE('',*,*,#764,.F.);
#666=ORIENTED_EDGE('',*,*,#761,.F.);
#667=ORIENTED_EDGE('',*,*,#758,.F.);
#668=ORIENTED_EDGE('',*,*,#755,.F.);
#669=ORIENTED_EDGE('',*,*,#752,.F.);
#670=ORIENTED_EDGE('',*,*,#749,.F.);
#671=ORIENTED_EDGE('',*,*,#746,.F.);
#672=ORIENTED_EDGE('',*,*,#743,.F.);
#673=ORIENTED_EDGE('',*,*,#740,.F.);
#674=ORIENTED_EDGE('',*,*,#737,.F.);
#675=ORIENTED_EDGE('',*,*,#734,.F.);
#676=ORIENTED_EDGE('',*,*,#731,.F.);
#677=ORIENTED_EDGE('',*,*,#728,.F.);
#678=ORIENTED_EDGE('',*,*,#725,.F.);
#679=ORIENTED_EDGE('',*,*,#722,.F.);
#680=ORIENTED_EDGE('',*,*,#719,.F.);
#681=ORIENTED_EDGE('',*,*,#716,.F.);
#682=ORIENTED_EDGE('',*,*,#713,.F.);
#683=ORIENTED_EDGE('',*,*,#710,.F.);
#684=ORIENTED_EDGE('',*,*,#1020,.F.);
#685=ORIENTED_EDGE('',*,*,#1018,.F.);
#686=ORIENTED_EDGE('',*,*,#956,.T.);
#687=ORIENTED_EDGE('',*,*,#1014,.T.);
#688=ORIENTED_EDGE('',*,*,#1011,.T.);
#689=ORIENTED_EDGE('',*,*,#1008,.T.);
#690=ORIENTED_EDGE('',*,*,#1005,.F.);
#691=ORIENTED_EDGE('',*,*,#1002,.T.);
#692=ORIENTED_EDGE('',*,*,#999,.T.);
#693=ORIENTED_EDGE('',*,*,#996,.T.);
#694=ORIENTED_EDGE('',*,*,#993,.F.);
#695=ORIENTED_EDGE('',*,*,#990,.T.);
#696=ORIENTED_EDGE('',*,*,#987,.T.);
#697=ORIENTED_EDGE('',*,*,#984,.T.);
#698=ORIENTED_EDGE('',*,*,#981,.T.);
#699=ORIENTED_EDGE('',*,*,#978,.T.);
#700=ORIENTED_EDGE('',*,*,#975,.F.);
#701=ORIENTED_EDGE('',*,*,#972,.T.);
#702=ORIENTED_EDGE('',*,*,#969,.T.);
#703=ORIENTED_EDGE('',*,*,#966,.T.);
#704=ORIENTED_EDGE('',*,*,#963,.F.);
#705=ORIENTED_EDGE('',*,*,#960,.T.);
#706=EDGE_CURVE('',#1028,#1029,#1244,.T.);
#707=EDGE_CURVE('',#1028,#1030,#1245,.T.);
#708=EDGE_CURVE('',#1030,#1031,#1246,.T.);
#709=EDGE_CURVE('',#1029,#1031,#1247,.T.);
#710=EDGE_CURVE('',#1030,#1032,#1248,.T.);
#711=EDGE_CURVE('',#1032,#1033,#1249,.T.);
#712=EDGE_CURVE('',#1033,#1031,#1250,.T.);
#713=EDGE_CURVE('',#1032,#1034,#1251,.T.);
#714=EDGE_CURVE('',#1034,#1035,#1252,.T.);
#715=EDGE_CURVE('',#1035,#1033,#1253,.T.);
#716=EDGE_CURVE('',#1034,#1036,#1254,.T.);
#717=EDGE_CURVE('',#1036,#1037,#1255,.T.);
#718=EDGE_CURVE('',#1037,#1035,#1256,.T.);
#719=EDGE_CURVE('',#1036,#1038,#1257,.T.);
#720=EDGE_CURVE('',#1038,#1039,#1258,.T.);
#721=EDGE_CURVE('',#1039,#1037,#1259,.T.);
#722=EDGE_CURVE('',#1038,#1040,#1260,.T.);
#723=EDGE_CURVE('',#1040,#1041,#1261,.T.);
#724=EDGE_CURVE('',#1041,#1039,#1262,.T.);
#725=EDGE_CURVE('',#1040,#1042,#1263,.T.);
#726=EDGE_CURVE('',#1042,#1043,#1264,.T.);
#727=EDGE_CURVE('',#1043,#1041,#1265,.T.);
#728=EDGE_CURVE('',#1042,#1044,#1266,.T.);
#729=EDGE_CURVE('',#1044,#1045,#1267,.T.);
#730=EDGE_CURVE('',#1045,#1043,#1268,.T.);
#731=EDGE_CURVE('',#1044,#1046,#1269,.T.);
#732=EDGE_CURVE('',#1046,#1047,#1270,.T.);
#733=EDGE_CURVE('',#1047,#1045,#1271,.T.);
#734=EDGE_CURVE('',#1046,#1048,#1272,.T.);
#735=EDGE_CURVE('',#1048,#1049,#1273,.T.);
#736=EDGE_CURVE('',#1049,#1047,#1274,.T.);
#737=EDGE_CURVE('',#1048,#1050,#1275,.T.);
#738=EDGE_CURVE('',#1050,#1051,#1276,.T.);
#739=EDGE_CURVE('',#1051,#1049,#1277,.T.);
#740=EDGE_CURVE('',#1050,#1052,#1278,.T.);
#741=EDGE_CURVE('',#1052,#1053,#1279,.T.);
#742=EDGE_CURVE('',#1053,#1051,#1280,.T.);
#743=EDGE_CURVE('',#1052,#1054,#1281,.T.);
#744=EDGE_CURVE('',#1054,#1055,#1282,.T.);
#745=EDGE_CURVE('',#1055,#1053,#1283,.T.);
#746=EDGE_CURVE('',#1054,#1056,#1284,.T.);
#747=EDGE_CURVE('',#1056,#1057,#1285,.T.);
#748=EDGE_CURVE('',#1055,#1057,#1286,.T.);
#749=EDGE_CURVE('',#1056,#1058,#20,.F.);
#750=EDGE_CURVE('',#1058,#1059,#1287,.T.);
#751=EDGE_CURVE('',#1059,#1057,#21,.F.);
#752=EDGE_CURVE('',#1058,#1060,#1288,.T.);
#753=EDGE_CURVE('',#1060,#1061,#1289,.T.);
#754=EDGE_CURVE('',#1061,#1059,#1290,.T.);
#755=EDGE_CURVE('',#1060,#1062,#1291,.T.);
#756=EDGE_CURVE('',#1062,#1063,#1292,.T.);
#757=EDGE_CURVE('',#1063,#1061,#1293,.T.);
#758=EDGE_CURVE('',#1062,#1064,#1294,.T.);
#759=EDGE_CURVE('',#1064,#1065,#1295,.T.);
#760=EDGE_CURVE('',#1065,#1063,#1296,.T.);
#761=EDGE_CURVE('',#1064,#1066,#1297,.T.);
#762=EDGE_CURVE('',#1066,#1067,#1298,.T.);
#763=EDGE_CURVE('',#1067,#1065,#1299,.T.);
#764=EDGE_CURVE('',#1066,#1068,#1300,.T.);
#765=EDGE_CURVE('',#1068,#1069,#1301,.T.);
#766=EDGE_CURVE('',#1069,#1067,#1302,.T.);
#767=EDGE_CURVE('',#1068,#1070,#1303,.T.);
#768=EDGE_CURVE('',#1070,#1071,#1304,.T.);
#769=EDGE_CURVE('',#1071,#1069,#1305,.T.);
#770=EDGE_CURVE('',#1070,#1072,#1306,.T.);
#771=EDGE_CURVE('',#1072,#1073,#1307,.T.);
#772=EDGE_CURVE('',#1073,#1071,#1308,.T.);
#773=EDGE_CURVE('',#1072,#1074,#1309,.T.);
#774=EDGE_CURVE('',#1074,#1075,#1310,.T.);
#775=EDGE_CURVE('',#1075,#1073,#1311,.T.);
#776=EDGE_CURVE('',#1074,#1076,#1312,.T.);
#777=EDGE_CURVE('',#1076,#1077,#1313,.T.);
#778=EDGE_CURVE('',#1077,#1075,#1314,.T.);
#779=EDGE_CURVE('',#1076,#1078,#1315,.T.);
#780=EDGE_CURVE('',#1078,#1079,#1316,.T.);
#781=EDGE_CURVE('',#1079,#1077,#1317,.T.);
#782=EDGE_CURVE('',#1078,#1080,#1318,.T.);
#783=EDGE_CURVE('',#1080,#1081,#1319,.T.);
#784=EDGE_CURVE('',#1081,#1079,#1320,.T.);
#785=EDGE_CURVE('',#1080,#1082,#1321,.T.);
#786=EDGE_CURVE('',#1082,#1083,#1322,.T.);
#787=EDGE_CURVE('',#1083,#1081,#1323,.T.);
#788=EDGE_CURVE('',#1082,#1084,#1324,.T.);
#789=EDGE_CURVE('',#1084,#1085,#1325,.T.);
#790=EDGE_CURVE('',#1085,#1083,#1326,.T.);
#791=EDGE_CURVE('',#1084,#1086,#1327,.T.);
#792=EDGE_CURVE('',#1086,#1087,#1328,.T.);
#793=EDGE_CURVE('',#1087,#1085,#1329,.T.);
#794=EDGE_CURVE('',#1086,#1088,#22,.F.);
#795=EDGE_CURVE('',#1088,#1089,#1330,.T.);
#796=EDGE_CURVE('',#1089,#1087,#23,.F.);
#797=EDGE_CURVE('',#1090,#1091,#1331,.T.);
#798=EDGE_CURVE('',#1090,#1092,#1332,.T.);
#799=EDGE_CURVE('',#1092,#1093,#1333,.T.);
#800=EDGE_CURVE('',#1093,#1091,#1334,.T.);
#801=EDGE_CURVE('',#1092,#1094,#1335,.T.);
#802=EDGE_CURVE('',#1094,#1095,#1336,.T.);
#803=EDGE_CURVE('',#1095,#1093,#1337,.T.);
#804=EDGE_CURVE('',#1094,#1096,#1338,.T.);
#805=EDGE_CURVE('',#1096,#1097,#1339,.T.);
#806=EDGE_CURVE('',#1097,#1095,#1340,.T.);
#807=EDGE_CURVE('',#1096,#1098,#1341,.T.);
#808=EDGE_CURVE('',#1098,#1099,#1342,.T.);
#809=EDGE_CURVE('',#1099,#1097,#1343,.T.);
#810=EDGE_CURVE('',#1098,#1100,#1344,.T.);
#811=EDGE_CURVE('',#1100,#1101,#1345,.T.);
#812=EDGE_CURVE('',#1101,#1099,#1346,.T.);
#813=EDGE_CURVE('',#1100,#1102,#1347,.T.);
#814=EDGE_CURVE('',#1102,#1103,#1348,.T.);
#815=EDGE_CURVE('',#1103,#1101,#1349,.T.);
#816=EDGE_CURVE('',#1102,#1104,#1350,.T.);
#817=EDGE_CURVE('',#1104,#1105,#1351,.T.);
#818=EDGE_CURVE('',#1105,#1103,#1352,.T.);
#819=EDGE_CURVE('',#1104,#1106,#1353,.T.);
#820=EDGE_CURVE('',#1106,#1107,#1354,.T.);
#821=EDGE_CURVE('',#1107,#1105,#1355,.T.);
#822=EDGE_CURVE('',#1106,#1108,#1356,.T.);
#823=EDGE_CURVE('',#1108,#1109,#1357,.T.);
#824=EDGE_CURVE('',#1109,#1107,#1358,.T.);
#825=EDGE_CURVE('',#1108,#1110,#1359,.T.);
#826=EDGE_CURVE('',#1110,#1111,#1360,.T.);
#827=EDGE_CURVE('',#1111,#1109,#1361,.T.);
#828=EDGE_CURVE('',#1110,#1112,#1362,.T.);
#829=EDGE_CURVE('',#1112,#1113,#1363,.T.);
#830=EDGE_CURVE('',#1113,#1111,#1364,.T.);
#831=EDGE_CURVE('',#1112,#1114,#1365,.T.);
#832=EDGE_CURVE('',#1114,#1115,#1366,.T.);
#833=EDGE_CURVE('',#1115,#1113,#1367,.T.);
#834=EDGE_CURVE('',#1116,#1117,#1368,.T.);
#835=EDGE_CURVE('',#1116,#1118,#1369,.T.);
#836=EDGE_CURVE('',#1118,#1119,#1370,.T.);
#837=EDGE_CURVE('',#1119,#1117,#1371,.T.);
#838=EDGE_CURVE('',#1118,#1120,#1372,.T.);
#839=EDGE_CURVE('',#1120,#1121,#1373,.T.);
#840=EDGE_CURVE('',#1121,#1119,#1374,.T.);
#841=EDGE_CURVE('',#1120,#1122,#1375,.T.);
#842=EDGE_CURVE('',#1122,#1123,#1376,.T.);
#843=EDGE_CURVE('',#1123,#1121,#1377,.T.);
#844=EDGE_CURVE('',#1122,#1124,#1378,.T.);
#845=EDGE_CURVE('',#1124,#1125,#1379,.T.);
#846=EDGE_CURVE('',#1125,#1123,#1380,.T.);
#847=EDGE_CURVE('',#1124,#1126,#1381,.T.);
#848=EDGE_CURVE('',#1126,#1127,#1382,.T.);
#849=EDGE_CURVE('',#1127,#1125,#1383,.T.);
#850=EDGE_CURVE('',#1126,#1128,#1384,.T.);
#851=EDGE_CURVE('',#1128,#1129,#1385,.T.);
#852=EDGE_CURVE('',#1129,#1127,#1386,.T.);
#853=EDGE_CURVE('',#1128,#1130,#1387,.T.);
#854=EDGE_CURVE('',#1130,#1131,#1388,.T.);
#855=EDGE_CURVE('',#1131,#1129,#1389,.T.);
#856=EDGE_CURVE('',#1130,#1132,#1390,.T.);
#857=EDGE_CURVE('',#1132,#1133,#1391,.T.);
#858=EDGE_CURVE('',#1133,#1131,#1392,.T.);
#859=EDGE_CURVE('',#1132,#1134,#1393,.T.);
#860=EDGE_CURVE('',#1134,#1135,#1394,.T.);
#861=EDGE_CURVE('',#1135,#1133,#1395,.T.);
#862=EDGE_CURVE('',#1134,#1136,#1396,.T.);
#863=EDGE_CURVE('',#1136,#1137,#1397,.T.);
#864=EDGE_CURVE('',#1137,#1135,#1398,.T.);
#865=EDGE_CURVE('',#1136,#1138,#1399,.T.);
#866=EDGE_CURVE('',#1138,#1139,#1400,.T.);
#867=EDGE_CURVE('',#1139,#1137,#1401,.T.);
#868=EDGE_CURVE('',#1138,#1140,#1402,.T.);
#869=EDGE_CURVE('',#1140,#1141,#1403,.T.);
#870=EDGE_CURVE('',#1141,#1139,#1404,.T.);
#871=EDGE_CURVE('',#1142,#1143,#1405,.T.);
#872=EDGE_CURVE('',#1142,#1144,#24,.F.);
#873=EDGE_CURVE('',#1144,#1145,#1406,.T.);
#874=EDGE_CURVE('',#1145,#1143,#25,.F.);
#875=EDGE_CURVE('',#1146,#1144,#1407,.T.);
#876=EDGE_CURVE('',#1146,#1147,#1408,.T.);
#877=EDGE_CURVE('',#1145,#1147,#1409,.T.);
#878=EDGE_CURVE('',#1146,#1148,#1410,.T.);
#879=EDGE_CURVE('',#1148,#1149,#1411,.T.);
#880=EDGE_CURVE('',#1149,#1147,#1412,.T.);
#881=EDGE_CURVE('',#1148,#1150,#1413,.T.);
#882=EDGE_CURVE('',#1150,#1151,#1414,.T.);
#883=EDGE_CURVE('',#1151,#1149,#1415,.T.);
#884=EDGE_CURVE('',#1150,#1152,#1416,.T.);
#885=EDGE_CURVE('',#1152,#1153,#1417,.T.);
#886=EDGE_CURVE('',#1153,#1151,#1418,.T.);
#887=EDGE_CURVE('',#1152,#1154,#1419,.T.);
#888=EDGE_CURVE('',#1154,#1155,#1420,.T.);
#889=EDGE_CURVE('',#1155,#1153,#1421,.T.);
#890=EDGE_CURVE('',#1154,#1156,#1422,.T.);
#891=EDGE_CURVE('',#1156,#1157,#1423,.T.);
#892=EDGE_CURVE('',#1157,#1155,#1424,.T.);
#893=EDGE_CURVE('',#1156,#1158,#1425,.T.);
#894=EDGE_CURVE('',#1158,#1159,#1426,.T.);
#895=EDGE_CURVE('',#1159,#1157,#1427,.T.);
#896=EDGE_CURVE('',#1158,#1160,#1428,.T.);
#897=EDGE_CURVE('',#1160,#1161,#1429,.T.);
#898=EDGE_CURVE('',#1161,#1159,#1430,.T.);
#899=EDGE_CURVE('',#1160,#1162,#1431,.T.);
#900=EDGE_CURVE('',#1162,#1163,#1432,.T.);
#901=EDGE_CURVE('',#1163,#1161,#1433,.T.);
#902=EDGE_CURVE('',#1162,#1164,#1434,.T.);
#903=EDGE_CURVE('',#1164,#1165,#1435,.T.);
#904=EDGE_CURVE('',#1165,#1163,#1436,.T.);
#905=EDGE_CURVE('',#1164,#1166,#1437,.T.);
#906=EDGE_CURVE('',#1166,#1167,#1438,.T.);
#907=EDGE_CURVE('',#1167,#1165,#1439,.T.);
#908=EDGE_CURVE('',#1166,#1168,#1440,.T.);
#909=EDGE_CURVE('',#1168,#1169,#1441,.T.);
#910=EDGE_CURVE('',#1169,#1167,#1442,.T.);
#911=EDGE_CURVE('',#1168,#1170,#1443,.T.);
#912=EDGE_CURVE('',#1170,#1171,#1444,.T.);
#913=EDGE_CURVE('',#1171,#1169,#1445,.T.);
#914=EDGE_CURVE('',#1172,#1170,#1446,.T.);
#915=EDGE_CURVE('',#1172,#1173,#1447,.T.);
#916=EDGE_CURVE('',#1171,#1173,#1448,.T.);
#917=EDGE_CURVE('',#1172,#1174,#26,.F.);
#918=EDGE_CURVE('',#1174,#1175,#1449,.T.);
#919=EDGE_CURVE('',#1175,#1173,#27,.F.);
#920=EDGE_CURVE('',#1174,#1176,#1450,.T.);
#921=EDGE_CURVE('',#1176,#1177,#1451,.T.);
#922=EDGE_CURVE('',#1175,#1177,#1452,.T.);
#923=EDGE_CURVE('',#1176,#1178,#1453,.T.);
#924=EDGE_CURVE('',#1178,#1179,#1454,.T.);
#925=EDGE_CURVE('',#1179,#1177,#1455,.T.);
#926=EDGE_CURVE('',#1178,#1180,#1456,.T.);
#927=EDGE_CURVE('',#1180,#1181,#1457,.T.);
#928=EDGE_CURVE('',#1181,#1179,#1458,.T.);
#929=EDGE_CURVE('',#1180,#1182,#1459,.T.);
#930=EDGE_CURVE('',#1182,#1183,#1460,.T.);
#931=EDGE_CURVE('',#1183,#1181,#1461,.T.);
#932=EDGE_CURVE('',#1182,#1184,#1462,.T.);
#933=EDGE_CURVE('',#1184,#1185,#1463,.T.);
#934=EDGE_CURVE('',#1185,#1183,#1464,.T.);
#935=EDGE_CURVE('',#1184,#1186,#1465,.T.);
#936=EDGE_CURVE('',#1186,#1187,#1466,.T.);
#937=EDGE_CURVE('',#1187,#1185,#1467,.T.);
#938=EDGE_CURVE('',#1186,#1188,#1468,.T.);
#939=EDGE_CURVE('',#1188,#1189,#1469,.T.);
#940=EDGE_CURVE('',#1189,#1187,#1470,.T.);
#941=EDGE_CURVE('',#1188,#1190,#1471,.T.);
#942=EDGE_CURVE('',#1190,#1191,#1472,.T.);
#943=EDGE_CURVE('',#1191,#1189,#1473,.T.);
#944=EDGE_CURVE('',#1190,#1192,#1474,.T.);
#945=EDGE_CURVE('',#1192,#1193,#1475,.T.);
#946=EDGE_CURVE('',#1193,#1191,#1476,.T.);
#947=EDGE_CURVE('',#1192,#1194,#1477,.T.);
#948=EDGE_CURVE('',#1194,#1195,#1478,.T.);
#949=EDGE_CURVE('',#1195,#1193,#1479,.T.);
#950=EDGE_CURVE('',#1194,#1196,#1480,.T.);
#951=EDGE_CURVE('',#1196,#1197,#1481,.T.);
#952=EDGE_CURVE('',#1197,#1195,#1482,.T.);
#953=EDGE_CURVE('',#1196,#1198,#1483,.T.);
#954=EDGE_CURVE('',#1198,#1199,#1484,.T.);
#955=EDGE_CURVE('',#1199,#1197,#1485,.T.);
#956=EDGE_CURVE('',#1200,#1201,#28,.F.);
#957=EDGE_CURVE('',#1200,#1202,#1486,.T.);
#958=EDGE_CURVE('',#1203,#1202,#29,.F.);
#959=EDGE_CURVE('',#1201,#1203,#1487,.T.);
#960=EDGE_CURVE('',#1204,#1200,#1488,.T.);
#961=EDGE_CURVE('',#1204,#1205,#1489,.T.);
#962=EDGE_CURVE('',#1202,#1205,#1490,.T.);
#963=EDGE_CURVE('',#1204,#1206,#30,.F.);
#964=EDGE_CURVE('',#1206,#1207,#1491,.T.);
#965=EDGE_CURVE('',#1207,#1205,#31,.F.);
#966=EDGE_CURVE('',#1208,#1206,#1492,.T.);
#967=EDGE_CURVE('',#1208,#1209,#1493,.T.);
#968=EDGE_CURVE('',#1207,#1209,#1494,.T.);
#969=EDGE_CURVE('',#1210,#1208,#1495,.T.);
#970=EDGE_CURVE('',#1210,#1211,#1496,.T.);
#971=EDGE_CURVE('',#1209,#1211,#1497,.T.);
#972=EDGE_CURVE('',#1212,#1210,#1498,.T.);
#973=EDGE_CURVE('',#1212,#1213,#1499,.T.);
#974=EDGE_CURVE('',#1211,#1213,#1500,.T.);
#975=EDGE_CURVE('',#1212,#1214,#32,.F.);
#976=EDGE_CURVE('',#1214,#1215,#1501,.T.);
#977=EDGE_CURVE('',#1215,#1213,#33,.F.);
#978=EDGE_CURVE('',#1216,#1214,#1502,.T.);
#979=EDGE_CURVE('',#1216,#1217,#1503,.T.);
#980=EDGE_CURVE('',#1215,#1217,#1504,.T.);
#981=EDGE_CURVE('',#1218,#1216,#34,.F.);
#982=EDGE_CURVE('',#1218,#1219,#1505,.T.);
#983=EDGE_CURVE('',#1217,#1219,#35,.F.);
#984=EDGE_CURVE('',#1220,#1218,#1506,.T.);
#985=EDGE_CURVE('',#1220,#1221,#1507,.T.);
#986=EDGE_CURVE('',#1219,#1221,#1508,.T.);
#987=EDGE_CURVE('',#1222,#1220,#36,.F.);
#988=EDGE_CURVE('',#1222,#1223,#1509,.T.);
#989=EDGE_CURVE('',#1221,#1223,#37,.F.);
#990=EDGE_CURVE('',#1224,#1222,#1510,.T.);
#991=EDGE_CURVE('',#1224,#1225,#1511,.T.);
#992=EDGE_CURVE('',#1223,#1225,#1512,.T.);
#993=EDGE_CURVE('',#1224,#1226,#38,.F.);
#994=EDGE_CURVE('',#1226,#1227,#1513,.T.);
#995=EDGE_CURVE('',#1227,#1225,#39,.F.);
#996=EDGE_CURVE('',#1228,#1226,#1514,.T.);
#997=EDGE_CURVE('',#1228,#1229,#1515,.T.);
#998=EDGE_CURVE('',#1227,#1229,#1516,.T.);
#999=EDGE_CURVE('',#1230,#1228,#1517,.T.);
#1000=EDGE_CURVE('',#1230,#1231,#1518,.T.);
#1001=EDGE_CURVE('',#1229,#1231,#1519,.T.);
#1002=EDGE_CURVE('',#1232,#1230,#1520,.T.);
#1003=EDGE_CURVE('',#1232,#1233,#1521,.T.);
#1004=EDGE_CURVE('',#1231,#1233,#1522,.T.);
#1005=EDGE_CURVE('',#1232,#1234,#40,.F.);
#1006=EDGE_CURVE('',#1234,#1235,#1523,.T.);
#1007=EDGE_CURVE('',#1235,#1233,#41,.F.);
#1008=EDGE_CURVE('',#1236,#1234,#1524,.T.);
#1009=EDGE_CURVE('',#1236,#1237,#1525,.T.);
#1010=EDGE_CURVE('',#1235,#1237,#1526,.T.);
#1011=EDGE_CURVE('',#1238,#1236,#42,.F.);
#1012=EDGE_CURVE('',#1238,#1239,#1527,.T.);
#1013=EDGE_CURVE('',#1237,#1239,#43,.F.);
#1014=EDGE_CURVE('',#1201,#1238,#1528,.T.);
#1015=EDGE_CURVE('',#1239,#1203,#1529,.T.);
#1016=EDGE_CURVE('',#1198,#1028,#1530,.T.);
#1017=EDGE_CURVE('',#1029,#1199,#1531,.T.);
#1018=EDGE_CURVE('',#1240,#1240,#44,.T.);
#1019=EDGE_CURVE('',#1241,#1241,#45,.T.);
#1020=EDGE_CURVE('',#1242,#1242,#46,.T.);
#1021=EDGE_CURVE('',#1243,#1243,#47,.T.);
#1022=EDGE_CURVE('',#1089,#1091,#1532,.T.);
#1023=EDGE_CURVE('',#1088,#1090,#1533,.T.);
#1024=EDGE_CURVE('',#1115,#1117,#1534,.T.);
#1025=EDGE_CURVE('',#1114,#1116,#1535,.T.);
#1026=EDGE_CURVE('',#1141,#1143,#1536,.T.);
#1027=EDGE_CURVE('',#1140,#1142,#1537,.T.);
#1028=VERTEX_POINT('',#3000);
#1029=VERTEX_POINT('',#3001);
#1030=VERTEX_POINT('',#3003);
#1031=VERTEX_POINT('',#3005);
#1032=VERTEX_POINT('',#3009);
#1033=VERTEX_POINT('',#3011);
#1034=VERTEX_POINT('',#3015);
#1035=VERTEX_POINT('',#3017);
#1036=VERTEX_POINT('',#3021);
#1037=VERTEX_POINT('',#3023);
#1038=VERTEX_POINT('',#3027);
#1039=VERTEX_POINT('',#3029);
#1040=VERTEX_POINT('',#3033);
#1041=VERTEX_POINT('',#3035);
#1042=VERTEX_POINT('',#3039);
#1043=VERTEX_POINT('',#3041);
#1044=VERTEX_POINT('',#3045);
#1045=VERTEX_POINT('',#3047);
#1046=VERTEX_POINT('',#3051);
#1047=VERTEX_POINT('',#3053);
#1048=VERTEX_POINT('',#3057);
#1049=VERTEX_POINT('',#3059);
#1050=VERTEX_POINT('',#3063);
#1051=VERTEX_POINT('',#3065);
#1052=VERTEX_POINT('',#3069);
#1053=VERTEX_POINT('',#3071);
#1054=VERTEX_POINT('',#3075);
#1055=VERTEX_POINT('',#3077);
#1056=VERTEX_POINT('',#3081);
#1057=VERTEX_POINT('',#3083);
#1058=VERTEX_POINT('',#3087);
#1059=VERTEX_POINT('',#3089);
#1060=VERTEX_POINT('',#3093);
#1061=VERTEX_POINT('',#3095);
#1062=VERTEX_POINT('',#3099);
#1063=VERTEX_POINT('',#3101);
#1064=VERTEX_POINT('',#3105);
#1065=VERTEX_POINT('',#3107);
#1066=VERTEX_POINT('',#3111);
#1067=VERTEX_POINT('',#3113);
#1068=VERTEX_POINT('',#3117);
#1069=VERTEX_POINT('',#3119);
#1070=VERTEX_POINT('',#3123);
#1071=VERTEX_POINT('',#3125);
#1072=VERTEX_POINT('',#3129);
#1073=VERTEX_POINT('',#3131);
#1074=VERTEX_POINT('',#3135);
#1075=VERTEX_POINT('',#3137);
#1076=VERTEX_POINT('',#3141);
#1077=VERTEX_POINT('',#3143);
#1078=VERTEX_POINT('',#3147);
#1079=VERTEX_POINT('',#3149);
#1080=VERTEX_POINT('',#3153);
#1081=VERTEX_POINT('',#3155);
#1082=VERTEX_POINT('',#3159);
#1083=VERTEX_POINT('',#3161);
#1084=VERTEX_POINT('',#3165);
#1085=VERTEX_POINT('',#3167);
#1086=VERTEX_POINT('',#3171);
#1087=VERTEX_POINT('',#3173);
#1088=VERTEX_POINT('',#3177);
#1089=VERTEX_POINT('',#3179);
#1090=VERTEX_POINT('',#3183);
#1091=VERTEX_POINT('',#3184);
#1092=VERTEX_POINT('',#3186);
#1093=VERTEX_POINT('',#3188);
#1094=VERTEX_POINT('',#3192);
#1095=VERTEX_POINT('',#3194);
#1096=VERTEX_POINT('',#3198);
#1097=VERTEX_POINT('',#3200);
#1098=VERTEX_POINT('',#3204);
#1099=VERTEX_POINT('',#3206);
#1100=VERTEX_POINT('',#3210);
#1101=VERTEX_POINT('',#3212);
#1102=VERTEX_POINT('',#3216);
#1103=VERTEX_POINT('',#3218);
#1104=VERTEX_POINT('',#3222);
#1105=VERTEX_POINT('',#3224);
#1106=VERTEX_POINT('',#3228);
#1107=VERTEX_POINT('',#3230);
#1108=VERTEX_POINT('',#3234);
#1109=VERTEX_POINT('',#3236);
#1110=VERTEX_POINT('',#3240);
#1111=VERTEX_POINT('',#3242);
#1112=VERTEX_POINT('',#3246);
#1113=VERTEX_POINT('',#3248);
#1114=VERTEX_POINT('',#3252);
#1115=VERTEX_POINT('',#3254);
#1116=VERTEX_POINT('',#3258);
#1117=VERTEX_POINT('',#3259);
#1118=VERTEX_POINT('',#3261);
#1119=VERTEX_POINT('',#3263);
#1120=VERTEX_POINT('',#3267);
#1121=VERTEX_POINT('',#3269);
#1122=VERTEX_POINT('',#3273);
#1123=VERTEX_POINT('',#3275);
#1124=VERTEX_POINT('',#3279);
#1125=VERTEX_POINT('',#3281);
#1126=VERTEX_POINT('',#3285);
#1127=VERTEX_POINT('',#3287);
#1128=VERTEX_POINT('',#3291);
#1129=VERTEX_POINT('',#3293);
#1130=VERTEX_POINT('',#3297);
#1131=VERTEX_POINT('',#3299);
#1132=VERTEX_POINT('',#3303);
#1133=VERTEX_POINT('',#3305);
#1134=VERTEX_POINT('',#3309);
#1135=VERTEX_POINT('',#3311);
#1136=VERTEX_POINT('',#3315);
#1137=VERTEX_POINT('',#3317);
#1138=VERTEX_POINT('',#3321);
#1139=VERTEX_POINT('',#3323);
#1140=VERTEX_POINT('',#3327);
#1141=VERTEX_POINT('',#3329);
#1142=VERTEX_POINT('',#3333);
#1143=VERTEX_POINT('',#3334);
#1144=VERTEX_POINT('',#3336);
#1145=VERTEX_POINT('',#3338);
#1146=VERTEX_POINT('',#3342);
#1147=VERTEX_POINT('',#3344);
#1148=VERTEX_POINT('',#3348);
#1149=VERTEX_POINT('',#3350);
#1150=VERTEX_POINT('',#3354);
#1151=VERTEX_POINT('',#3356);
#1152=VERTEX_POINT('',#3360);
#1153=VERTEX_POINT('',#3362);
#1154=VERTEX_POINT('',#3366);
#1155=VERTEX_POINT('',#3368);
#1156=VERTEX_POINT('',#3372);
#1157=VERTEX_POINT('',#3374);
#1158=VERTEX_POINT('',#3378);
#1159=VERTEX_POINT('',#3380);
#1160=VERTEX_POINT('',#3384);
#1161=VERTEX_POINT('',#3386);
#1162=VERTEX_POINT('',#3390);
#1163=VERTEX_POINT('',#3392);
#1164=VERTEX_POINT('',#3396);
#1165=VERTEX_POINT('',#3398);
#1166=VERTEX_POINT('',#3402);
#1167=VERTEX_POINT('',#3404);
#1168=VERTEX_POINT('',#3408);
#1169=VERTEX_POINT('',#3410);
#1170=VERTEX_POINT('',#3414);
#1171=VERTEX_POINT('',#3416);
#1172=VERTEX_POINT('',#3420);
#1173=VERTEX_POINT('',#3422);
#1174=VERTEX_POINT('',#3426);
#1175=VERTEX_POINT('',#3428);
#1176=VERTEX_POINT('',#3432);
#1177=VERTEX_POINT('',#3434);
#1178=VERTEX_POINT('',#3438);
#1179=VERTEX_POINT('',#3440);
#1180=VERTEX_POINT('',#3444);
#1181=VERTEX_POINT('',#3446);
#1182=VERTEX_POINT('',#3450);
#1183=VERTEX_POINT('',#3452);
#1184=VERTEX_POINT('',#3456);
#1185=VERTEX_POINT('',#3458);
#1186=VERTEX_POINT('',#3462);
#1187=VERTEX_POINT('',#3464);
#1188=VERTEX_POINT('',#3468);
#1189=VERTEX_POINT('',#3470);
#1190=VERTEX_POINT('',#3474);
#1191=VERTEX_POINT('',#3476);
#1192=VERTEX_POINT('',#3480);
#1193=VERTEX_POINT('',#3482);
#1194=VERTEX_POINT('',#3486);
#1195=VERTEX_POINT('',#3488);
#1196=VERTEX_POINT('',#3492);
#1197=VERTEX_POINT('',#3494);
#1198=VERTEX_POINT('',#3498);
#1199=VERTEX_POINT('',#3500);
#1200=VERTEX_POINT('',#3504);
#1201=VERTEX_POINT('',#3505);
#1202=VERTEX_POINT('',#3507);
#1203=VERTEX_POINT('',#3509);
#1204=VERTEX_POINT('',#3513);
#1205=VERTEX_POINT('',#3515);
#1206=VERTEX_POINT('',#3519);
#1207=VERTEX_POINT('',#3521);
#1208=VERTEX_POINT('',#3525);
#1209=VERTEX_POINT('',#3527);
#1210=VERTEX_POINT('',#3531);
#1211=VERTEX_POINT('',#3533);
#1212=VERTEX_POINT('',#3537);
#1213=VERTEX_POINT('',#3539);
#1214=VERTEX_POINT('',#3543);
#1215=VERTEX_POINT('',#3545);
#1216=VERTEX_POINT('',#3549);
#1217=VERTEX_POINT('',#3551);
#1218=VERTEX_POINT('',#3555);
#1219=VERTEX_POINT('',#3557);
#1220=VERTEX_POINT('',#3561);
#1221=VERTEX_POINT('',#3563);
#1222=VERTEX_POINT('',#3567);
#1223=VERTEX_POINT('',#3569);
#1224=VERTEX_POINT('',#3573);
#1225=VERTEX_POINT('',#3575);
#1226=VERTEX_POINT('',#3579);
#1227=VERTEX_POINT('',#3581);
#1228=VERTEX_POINT('',#3585);
#1229=VERTEX_POINT('',#3587);
#1230=VERTEX_POINT('',#3591);
#1231=VERTEX_POINT('',#3593);
#1232=VERTEX_POINT('',#3597);
#1233=VERTEX_POINT('',#3599);
#1234=VERTEX_POINT('',#3603);
#1235=VERTEX_POINT('',#3605);
#1236=VERTEX_POINT('',#3609);
#1237=VERTEX_POINT('',#3611);
#1238=VERTEX_POINT('',#3615);
#1239=VERTEX_POINT('',#3617);
#1240=VERTEX_POINT('',#3627);
#1241=VERTEX_POINT('',#3629);
#1242=VERTEX_POINT('',#3632);
#1243=VERTEX_POINT('',#3634);
#1244=LINE('',#2999,#1538);
#1245=LINE('',#3002,#1539);
#1246=LINE('',#3004,#1540);
#1247=LINE('',#3006,#1541);
#1248=LINE('',#3008,#1542);
#1249=LINE('',#3010,#1543);
#1250=LINE('',#3012,#1544);
#1251=LINE('',#3014,#1545);
#1252=LINE('',#3016,#1546);
#1253=LINE('',#3018,#1547);
#1254=LINE('',#3020,#1548);
#1255=LINE('',#3022,#1549);
#1256=LINE('',#3024,#1550);
#1257=LINE('',#3026,#1551);
#1258=LINE('',#3028,#1552);
#1259=LINE('',#3030,#1553);
#1260=LINE('',#3032,#1554);
#1261=LINE('',#3034,#1555);
#1262=LINE('',#3036,#1556);
#1263=LINE('',#3038,#1557);
#1264=LINE('',#3040,#1558);
#1265=LINE('',#3042,#1559);
#1266=LINE('',#3044,#1560);
#1267=LINE('',#3046,#1561);
#1268=LINE('',#3048,#1562);
#1269=LINE('',#3050,#1563);
#1270=LINE('',#3052,#1564);
#1271=LINE('',#3054,#1565);
#1272=LINE('',#3056,#1566);
#1273=LINE('',#3058,#1567);
#1274=LINE('',#3060,#1568);
#1275=LINE('',#3062,#1569);
#1276=LINE('',#3064,#1570);
#1277=LINE('',#3066,#1571);
#1278=LINE('',#3068,#1572);
#1279=LINE('',#3070,#1573);
#1280=LINE('',#3072,#1574);
#1281=LINE('',#3074,#1575);
#1282=LINE('',#3076,#1576);
#1283=LINE('',#3078,#1577);
#1284=LINE('',#3080,#1578);
#1285=LINE('',#3082,#1579);
#1286=LINE('',#3084,#1580);
#1287=LINE('',#3088,#1581);
#1288=LINE('',#3092,#1582);
#1289=LINE('',#3094,#1583);
#1290=LINE('',#3096,#1584);
#1291=LINE('',#3098,#1585);
#1292=LINE('',#3100,#1586);
#1293=LINE('',#3102,#1587);
#1294=LINE('',#3104,#1588);
#1295=LINE('',#3106,#1589);
#1296=LINE('',#3108,#1590);
#1297=LINE('',#3110,#1591);
#1298=LINE('',#3112,#1592);
#1299=LINE('',#3114,#1593);
#1300=LINE('',#3116,#1594);
#1301=LINE('',#3118,#1595);
#1302=LINE('',#3120,#1596);
#1303=LINE('',#3122,#1597);
#1304=LINE('',#3124,#1598);
#1305=LINE('',#3126,#1599);
#1306=LINE('',#3128,#1600);
#1307=LINE('',#3130,#1601);
#1308=LINE('',#3132,#1602);
#1309=LINE('',#3134,#1603);
#1310=LINE('',#3136,#1604);
#1311=LINE('',#3138,#1605);
#1312=LINE('',#3140,#1606);
#1313=LINE('',#3142,#1607);
#1314=LINE('',#3144,#1608);
#1315=LINE('',#3146,#1609);
#1316=LINE('',#3148,#1610);
#1317=LINE('',#3150,#1611);
#1318=LINE('',#3152,#1612);
#1319=LINE('',#3154,#1613);
#1320=LINE('',#3156,#1614);
#1321=LINE('',#3158,#1615);
#1322=LINE('',#3160,#1616);
#1323=LINE('',#3162,#1617);
#1324=LINE('',#3164,#1618);
#1325=LINE('',#3166,#1619);
#1326=LINE('',#3168,#1620);
#1327=LINE('',#3170,#1621);
#1328=LINE('',#3172,#1622);
#1329=LINE('',#3174,#1623);
#1330=LINE('',#3178,#1624);
#1331=LINE('',#3182,#1625);
#1332=LINE('',#3185,#1626);
#1333=LINE('',#3187,#1627);
#1334=LINE('',#3189,#1628);
#1335=LINE('',#3191,#1629);
#1336=LINE('',#3193,#1630);
#1337=LINE('',#3195,#1631);
#1338=LINE('',#3197,#1632);
#1339=LINE('',#3199,#1633);
#1340=LINE('',#3201,#1634);
#1341=LINE('',#3203,#1635);
#1342=LINE('',#3205,#1636);
#1343=LINE('',#3207,#1637);
#1344=LINE('',#3209,#1638);
#1345=LINE('',#3211,#1639);
#1346=LINE('',#3213,#1640);
#1347=LINE('',#3215,#1641);
#1348=LINE('',#3217,#1642);
#1349=LINE('',#3219,#1643);
#1350=LINE('',#3221,#1644);
#1351=LINE('',#3223,#1645);
#1352=LINE('',#3225,#1646);
#1353=LINE('',#3227,#1647);
#1354=LINE('',#3229,#1648);
#1355=LINE('',#3231,#1649);
#1356=LINE('',#3233,#1650);
#1357=LINE('',#3235,#1651);
#1358=LINE('',#3237,#1652);
#1359=LINE('',#3239,#1653);
#1360=LINE('',#3241,#1654);
#1361=LINE('',#3243,#1655);
#1362=LINE('',#3245,#1656);
#1363=LINE('',#3247,#1657);
#1364=LINE('',#3249,#1658);
#1365=LINE('',#3251,#1659);
#1366=LINE('',#3253,#1660);
#1367=LINE('',#3255,#1661);
#1368=LINE('',#3257,#1662);
#1369=LINE('',#3260,#1663);
#1370=LINE('',#3262,#1664);
#1371=LINE('',#3264,#1665);
#1372=LINE('',#3266,#1666);
#1373=LINE('',#3268,#1667);
#1374=LINE('',#3270,#1668);
#1375=LINE('',#3272,#1669);
#1376=LINE('',#3274,#1670);
#1377=LINE('',#3276,#1671);
#1378=LINE('',#3278,#1672);
#1379=LINE('',#3280,#1673);
#1380=LINE('',#3282,#1674);
#1381=LINE('',#3284,#1675);
#1382=LINE('',#3286,#1676);
#1383=LINE('',#3288,#1677);
#1384=LINE('',#3290,#1678);
#1385=LINE('',#3292,#1679);
#1386=LINE('',#3294,#1680);
#1387=LINE('',#3296,#1681);
#1388=LINE('',#3298,#1682);
#1389=LINE('',#3300,#1683);
#1390=LINE('',#3302,#1684);
#1391=LINE('',#3304,#1685);
#1392=LINE('',#3306,#1686);
#1393=LINE('',#3308,#1687);
#1394=LINE('',#3310,#1688);
#1395=LINE('',#3312,#1689);
#1396=LINE('',#3314,#1690);
#1397=LINE('',#3316,#1691);
#1398=LINE('',#3318,#1692);
#1399=LINE('',#3320,#1693);
#1400=LINE('',#3322,#1694);
#1401=LINE('',#3324,#1695);
#1402=LINE('',#3326,#1696);
#1403=LINE('',#3328,#1697);
#1404=LINE('',#3330,#1698);
#1405=LINE('',#3332,#1699);
#1406=LINE('',#3337,#1700);
#1407=LINE('',#3341,#1701);
#1408=LINE('',#3343,#1702);
#1409=LINE('',#3345,#1703);
#1410=LINE('',#3347,#1704);
#1411=LINE('',#3349,#1705);
#1412=LINE('',#3351,#1706);
#1413=LINE('',#3353,#1707);
#1414=LINE('',#3355,#1708);
#1415=LINE('',#3357,#1709);
#1416=LINE('',#3359,#1710);
#1417=LINE('',#3361,#1711);
#1418=LINE('',#3363,#1712);
#1419=LINE('',#3365,#1713);
#1420=LINE('',#3367,#1714);
#1421=LINE('',#3369,#1715);
#1422=LINE('',#3371,#1716);
#1423=LINE('',#3373,#1717);
#1424=LINE('',#3375,#1718);
#1425=LINE('',#3377,#1719);
#1426=LINE('',#3379,#1720);
#1427=LINE('',#3381,#1721);
#1428=LINE('',#3383,#1722);
#1429=LINE('',#3385,#1723);
#1430=LINE('',#3387,#1724);
#1431=LINE('',#3389,#1725);
#1432=LINE('',#3391,#1726);
#1433=LINE('',#3393,#1727);
#1434=LINE('',#3395,#1728);
#1435=LINE('',#3397,#1729);
#1436=LINE('',#3399,#1730);
#1437=LINE('',#3401,#1731);
#1438=LINE('',#3403,#1732);
#1439=LINE('',#3405,#1733);
#1440=LINE('',#3407,#1734);
#1441=LINE('',#3409,#1735);
#1442=LINE('',#3411,#1736);
#1443=LINE('',#3413,#1737);
#1444=LINE('',#3415,#1738);
#1445=LINE('',#3417,#1739);
#1446=LINE('',#3419,#1740);
#1447=LINE('',#3421,#1741);
#1448=LINE('',#3423,#1742);
#1449=LINE('',#3427,#1743);
#1450=LINE('',#3431,#1744);
#1451=LINE('',#3433,#1745);
#1452=LINE('',#3435,#1746);
#1453=LINE('',#3437,#1747);
#1454=LINE('',#3439,#1748);
#1455=LINE('',#3441,#1749);
#1456=LINE('',#3443,#1750);
#1457=LINE('',#3445,#1751);
#1458=LINE('',#3447,#1752);
#1459=LINE('',#3449,#1753);
#1460=LINE('',#3451,#1754);
#1461=LINE('',#3453,#1755);
#1462=LINE('',#3455,#1756);
#1463=LINE('',#3457,#1757);
#1464=LINE('',#3459,#1758);
#1465=LINE('',#3461,#1759);
#1466=LINE('',#3463,#1760);
#1467=LINE('',#3465,#1761);
#1468=LINE('',#3467,#1762);
#1469=LINE('',#3469,#1763);
#1470=LINE('',#3471,#1764);
#1471=LINE('',#3473,#1765);
#1472=LINE('',#3475,#1766);
#1473=LINE('',#3477,#1767);
#1474=LINE('',#3479,#1768);
#1475=LINE('',#3481,#1769);
#1476=LINE('',#3483,#1770);
#1477=LINE('',#3485,#1771);
#1478=LINE('',#3487,#1772);
#1479=LINE('',#3489,#1773);
#1480=LINE('',#3491,#1774);
#1481=LINE('',#3493,#1775);
#1482=LINE('',#3495,#1776);
#1483=LINE('',#3497,#1777);
#1484=LINE('',#3499,#1778);
#1485=LINE('',#3501,#1779);
#1486=LINE('',#3506,#1780);
#1487=LINE('',#3510,#1781);
#1488=LINE('',#3512,#1782);
#1489=LINE('',#3514,#1783);
#1490=LINE('',#3516,#1784);
#1491=LINE('',#3520,#1785);
#1492=LINE('',#3524,#1786);
#1493=LINE('',#3526,#1787);
#1494=LINE('',#3528,#1788);
#1495=LINE('',#3530,#1789);
#1496=LINE('',#3532,#1790);
#1497=LINE('',#3534,#1791);
#1498=LINE('',#3536,#1792);
#1499=LINE('',#3538,#1793);
#1500=LINE('',#3540,#1794);
#1501=LINE('',#3544,#1795);
#1502=LINE('',#3548,#1796);
#1503=LINE('',#3550,#1797);
#1504=LINE('',#3552,#1798);
#1505=LINE('',#3556,#1799);
#1506=LINE('',#3560,#1800);
#1507=LINE('',#3562,#1801);
#1508=LINE('',#3564,#1802);
#1509=LINE('',#3568,#1803);
#1510=LINE('',#3572,#1804);
#1511=LINE('',#3574,#1805);
#1512=LINE('',#3576,#1806);
#1513=LINE('',#3580,#1807);
#1514=LINE('',#3584,#1808);
#1515=LINE('',#3586,#1809);
#1516=LINE('',#3588,#1810);
#1517=LINE('',#3590,#1811);
#1518=LINE('',#3592,#1812);
#1519=LINE('',#3594,#1813);
#1520=LINE('',#3596,#1814);
#1521=LINE('',#3598,#1815);
#1522=LINE('',#3600,#1816);
#1523=LINE('',#3604,#1817);
#1524=LINE('',#3608,#1818);
#1525=LINE('',#3610,#1819);
#1526=LINE('',#3612,#1820);
#1527=LINE('',#3616,#1821);
#1528=LINE('',#3620,#1822);
#1529=LINE('',#3621,#1823);
#1530=LINE('',#3623,#1824);
#1531=LINE('',#3624,#1825);
#1532=LINE('',#3636,#1826);
#1533=LINE('',#3637,#1827);
#1534=LINE('',#3639,#1828);
#1535=LINE('',#3640,#1829);
#1536=LINE('',#3642,#1830);
#1537=LINE('',#3643,#1831);
#1538=VECTOR('',#2429,1000.);
#1539=VECTOR('',#2430,1000.);
#1540=VECTOR('',#2431,1000.);
#1541=VECTOR('',#2432,1000.);
#1542=VECTOR('',#2435,1000.);
#1543=VECTOR('',#2436,1000.);
#1544=VECTOR('',#2437,1000.);
#1545=VECTOR('',#2440,1000.);
#1546=VECTOR('',#2441,1000.);
#1547=VECTOR('',#2442,1000.);
#1548=VECTOR('',#2445,1000.);
#1549=VECTOR('',#2446,1000.);
#1550=VECTOR('',#2447,1000.);
#1551=VECTOR('',#2450,1000.);
#1552=VECTOR('',#2451,1000.);
#1553=VECTOR('',#2452,1000.);
#1554=VECTOR('',#2455,1000.);
#1555=VECTOR('',#2456,1000.);
#1556=VECTOR('',#2457,1000.);
#1557=VECTOR('',#2460,1000.);
#1558=VECTOR('',#2461,1000.);
#1559=VECTOR('',#2462,1000.);
#1560=VECTOR('',#2465,1000.);
#1561=VECTOR('',#2466,1000.);
#1562=VECTOR('',#2467,1000.);
#1563=VECTOR('',#2470,1000.);
#1564=VECTOR('',#2471,1000.);
#1565=VECTOR('',#2472,1000.);
#1566=VECTOR('',#2475,1000.);
#1567=VECTOR('',#2476,1000.);
#1568=VECTOR('',#2477,1000.);
#1569=VECTOR('',#2480,1000.);
#1570=VECTOR('',#2481,1000.);
#1571=VECTOR('',#2482,1000.);
#1572=VECTOR('',#2485,1000.);
#1573=VECTOR('',#2486,1000.);
#1574=VECTOR('',#2487,1000.);
#1575=VECTOR('',#2490,1000.);
#1576=VECTOR('',#2491,1000.);
#1577=VECTOR('',#2492,1000.);
#1578=VECTOR('',#2495,1000.);
#1579=VECTOR('',#2496,1000.);
#1580=VECTOR('',#2497,1000.);
#1581=VECTOR('',#2502,1000.);
#1582=VECTOR('',#2507,1000.);
#1583=VECTOR('',#2508,1000.);
#1584=VECTOR('',#2509,1000.);
#1585=VECTOR('',#2512,1000.);
#1586=VECTOR('',#2513,1000.);
#1587=VECTOR('',#2514,1000.);
#1588=VECTOR('',#2517,1000.);
#1589=VECTOR('',#2518,1000.);
#1590=VECTOR('',#2519,1000.);
#1591=VECTOR('',#2522,1000.);
#1592=VECTOR('',#2523,1000.);
#1593=VECTOR('',#2524,1000.);
#1594=VECTOR('',#2527,1000.);
#1595=VECTOR('',#2528,1000.);
#1596=VECTOR('',#2529,1000.);
#1597=VECTOR('',#2532,1000.);
#1598=VECTOR('',#2533,1000.);
#1599=VECTOR('',#2534,1000.);
#1600=VECTOR('',#2537,1000.);
#1601=VECTOR('',#2538,1000.);
#1602=VECTOR('',#2539,1000.);
#1603=VECTOR('',#2542,1000.);
#1604=VECTOR('',#2543,1000.);
#1605=VECTOR('',#2544,1000.);
#1606=VECTOR('',#2547,1000.);
#1607=VECTOR('',#2548,1000.);
#1608=VECTOR('',#2549,1000.);
#1609=VECTOR('',#2552,1000.);
#1610=VECTOR('',#2553,1000.);
#1611=VECTOR('',#2554,1000.);
#1612=VECTOR('',#2557,1000.);
#1613=VECTOR('',#2558,1000.);
#1614=VECTOR('',#2559,1000.);
#1615=VECTOR('',#2562,1000.);
#1616=VECTOR('',#2563,1000.);
#1617=VECTOR('',#2564,1000.);
#1618=VECTOR('',#2567,1000.);
#1619=VECTOR('',#2568,1000.);
#1620=VECTOR('',#2569,1000.);
#1621=VECTOR('',#2572,1000.);
#1622=VECTOR('',#2573,1000.);
#1623=VECTOR('',#2574,1000.);
#1624=VECTOR('',#2579,1000.);
#1625=VECTOR('',#2584,1000.);
#1626=VECTOR('',#2585,1000.);
#1627=VECTOR('',#2586,1000.);
#1628=VECTOR('',#2587,1000.);
#1629=VECTOR('',#2590,1000.);
#1630=VECTOR('',#2591,1000.);
#1631=VECTOR('',#2592,1000.);
#1632=VECTOR('',#2595,1000.);
#1633=VECTOR('',#2596,1000.);
#1634=VECTOR('',#2597,1000.);
#1635=VECTOR('',#2600,1000.);
#1636=VECTOR('',#2601,1000.);
#1637=VECTOR('',#2602,1000.);
#1638=VECTOR('',#2605,1000.);
#1639=VECTOR('',#2606,1000.);
#1640=VECTOR('',#2607,1000.);
#1641=VECTOR('',#2610,1000.);
#1642=VECTOR('',#2611,1000.);
#1643=VECTOR('',#2612,1000.);
#1644=VECTOR('',#2615,1000.);
#1645=VECTOR('',#2616,1000.);
#1646=VECTOR('',#2617,1000.);
#1647=VECTOR('',#2620,1000.);
#1648=VECTOR('',#2621,1000.);
#1649=VECTOR('',#2622,1000.);
#1650=VECTOR('',#2625,1000.);
#1651=VECTOR('',#2626,1000.);
#1652=VECTOR('',#2627,1000.);
#1653=VECTOR('',#2630,1000.);
#1654=VECTOR('',#2631,1000.);
#1655=VECTOR('',#2632,1000.);
#1656=VECTOR('',#2635,1000.);
#1657=VECTOR('',#2636,1000.);
#1658=VECTOR('',#2637,1000.);
#1659=VECTOR('',#2640,1000.);
#1660=VECTOR('',#2641,1000.);
#1661=VECTOR('',#2642,1000.);
#1662=VECTOR('',#2645,1000.);
#1663=VECTOR('',#2646,1000.);
#1664=VECTOR('',#2647,1000.);
#1665=VECTOR('',#2648,1000.);
#1666=VECTOR('',#2651,1000.);
#1667=VECTOR('',#2652,1000.);
#1668=VECTOR('',#2653,1000.);
#1669=VECTOR('',#2656,1000.);
#1670=VECTOR('',#2657,1000.);
#1671=VECTOR('',#2658,1000.);
#1672=VECTOR('',#2661,1000.);
#1673=VECTOR('',#2662,1000.);
#1674=VECTOR('',#2663,1000.);
#1675=VECTOR('',#2666,1000.);
#1676=VECTOR('',#2667,1000.);
#1677=VECTOR('',#2668,1000.);
#1678=VECTOR('',#2671,1000.);
#1679=VECTOR('',#2672,1000.);
#1680=VECTOR('',#2673,1000.);
#1681=VECTOR('',#2676,1000.);
#1682=VECTOR('',#2677,1000.);
#1683=VECTOR('',#2678,1000.);
#1684=VECTOR('',#2681,1000.);
#1685=VECTOR('',#2682,1000.);
#1686=VECTOR('',#2683,1000.);
#1687=VECTOR('',#2686,1000.);
#1688=VECTOR('',#2687,1000.);
#1689=VECTOR('',#2688,1000.);
#1690=VECTOR('',#2691,1000.);
#1691=VECTOR('',#2692,1000.);
#1692=VECTOR('',#2693,1000.);
#1693=VECTOR('',#2696,1000.);
#1694=VECTOR('',#2697,1000.);
#1695=VECTOR('',#2698,1000.);
#1696=VECTOR('',#2701,1000.);
#1697=VECTOR('',#2702,1000.);
#1698=VECTOR('',#2703,1000.);
#1699=VECTOR('',#2706,1000.);
#1700=VECTOR('',#2709,1000.);
#1701=VECTOR('',#2714,1000.);
#1702=VECTOR('',#2715,1000.);
#1703=VECTOR('',#2716,1000.);
#1704=VECTOR('',#2719,1000.);
#1705=VECTOR('',#2720,1000.);
#1706=VECTOR('',#2721,1000.);
#1707=VECTOR('',#2724,1000.);
#1708=VECTOR('',#2725,1000.);
#1709=VECTOR('',#2726,1000.);
#1710=VECTOR('',#2729,1000.);
#1711=VECTOR('',#2730,1000.);
#1712=VECTOR('',#2731,1000.);
#1713=VECTOR('',#2734,1000.);
#1714=VECTOR('',#2735,1000.);
#1715=VECTOR('',#2736,1000.);
#1716=VECTOR('',#2739,1000.);
#1717=VECTOR('',#2740,1000.);
#1718=VECTOR('',#2741,1000.);
#1719=VECTOR('',#2744,1000.);
#1720=VECTOR('',#2745,1000.);
#1721=VECTOR('',#2746,1000.);
#1722=VECTOR('',#2749,1000.);
#1723=VECTOR('',#2750,1000.);
#1724=VECTOR('',#2751,1000.);
#1725=VECTOR('',#2754,1000.);
#1726=VECTOR('',#2755,1000.);
#1727=VECTOR('',#2756,1000.);
#1728=VECTOR('',#2759,1000.);
#1729=VECTOR('',#2760,1000.);
#1730=VECTOR('',#2761,1000.);
#1731=VECTOR('',#2764,1000.);
#1732=VECTOR('',#2765,1000.);
#1733=VECTOR('',#2766,1000.);
#1734=VECTOR('',#2769,1000.);
#1735=VECTOR('',#2770,1000.);
#1736=VECTOR('',#2771,1000.);
#1737=VECTOR('',#2774,1000.);
#1738=VECTOR('',#2775,1000.);
#1739=VECTOR('',#2776,1000.);
#1740=VECTOR('',#2779,1000.);
#1741=VECTOR('',#2780,1000.);
#1742=VECTOR('',#2781,1000.);
#1743=VECTOR('',#2786,1000.);
#1744=VECTOR('',#2791,1000.);
#1745=VECTOR('',#2792,1000.);
#1746=VECTOR('',#2793,1000.);
#1747=VECTOR('',#2796,1000.);
#1748=VECTOR('',#2797,1000.);
#1749=VECTOR('',#2798,1000.);
#1750=VECTOR('',#2801,1000.);
#1751=VECTOR('',#2802,1000.);
#1752=VECTOR('',#2803,1000.);
#1753=VECTOR('',#2806,1000.);
#1754=VECTOR('',#2807,1000.);
#1755=VECTOR('',#2808,1000.);
#1756=VECTOR('',#2811,1000.);
#1757=VECTOR('',#2812,1000.);
#1758=VECTOR('',#2813,1000.);
#1759=VECTOR('',#2816,1000.);
#1760=VECTOR('',#2817,1000.);
#1761=VECTOR('',#2818,1000.);
#1762=VECTOR('',#2821,1000.);
#1763=VECTOR('',#2822,1000.);
#1764=VECTOR('',#2823,1000.);
#1765=VECTOR('',#2826,1000.);
#1766=VECTOR('',#2827,1000.);
#1767=VECTOR('',#2828,1000.);
#1768=VECTOR('',#2831,1000.);
#1769=VECTOR('',#2832,1000.);
#1770=VECTOR('',#2833,1000.);
#1771=VECTOR('',#2836,1000.);
#1772=VECTOR('',#2837,1000.);
#1773=VECTOR('',#2838,1000.);
#1774=VECTOR('',#2841,1000.);
#1775=VECTOR('',#2842,1000.);
#1776=VECTOR('',#2843,1000.);
#1777=VECTOR('',#2846,1000.);
#1778=VECTOR('',#2847,1000.);
#1779=VECTOR('',#2848,1000.);
#1780=VECTOR('',#2853,1000.);
#1781=VECTOR('',#2856,1000.);
#1782=VECTOR('',#2859,1000.);
#1783=VECTOR('',#2860,1000.);
#1784=VECTOR('',#2861,1000.);
#1785=VECTOR('',#2866,1000.);
#1786=VECTOR('',#2871,1000.);
#1787=VECTOR('',#2872,1000.);
#1788=VECTOR('',#2873,1000.);
#1789=VECTOR('',#2876,1000.);
#1790=VECTOR('',#2877,1000.);
#1791=VECTOR('',#2878,1000.);
#1792=VECTOR('',#2881,1000.);
#1793=VECTOR('',#2882,1000.);
#1794=VECTOR('',#2883,1000.);
#1795=VECTOR('',#2888,1000.);
#1796=VECTOR('',#2893,1000.);
#1797=VECTOR('',#2894,1000.);
#1798=VECTOR('',#2895,1000.);
#1799=VECTOR('',#2900,1000.);
#1800=VECTOR('',#2905,1000.);
#1801=VECTOR('',#2906,1000.);
#1802=VECTOR('',#2907,1000.);
#1803=VECTOR('',#2912,1000.);
#1804=VECTOR('',#2917,1000.);
#1805=VECTOR('',#2918,1000.);
#1806=VECTOR('',#2919,1000.);
#1807=VECTOR('',#2924,1000.);
#1808=VECTOR('',#2929,1000.);
#1809=VECTOR('',#2930,1000.);
#1810=VECTOR('',#2931,1000.);
#1811=VECTOR('',#2934,1000.);
#1812=VECTOR('',#2935,1000.);
#1813=VECTOR('',#2936,1000.);
#1814=VECTOR('',#2939,1000.);
#1815=VECTOR('',#2940,1000.);
#1816=VECTOR('',#2941,1000.);
#1817=VECTOR('',#2946,1000.);
#1818=VECTOR('',#2951,1000.);
#1819=VECTOR('',#2952,1000.);
#1820=VECTOR('',#2953,1000.);
#1821=VECTOR('',#2958,1000.);
#1822=VECTOR('',#2963,1000.);
#1823=VECTOR('',#2964,1000.);
#1824=VECTOR('',#2967,1000.);
#1825=VECTOR('',#2968,1000.);
#1826=VECTOR('',#2983,1000.);
#1827=VECTOR('',#2984,1000.);
#1828=VECTOR('',#2987,1000.);
#1829=VECTOR('',#2988,1000.);
#1830=VECTOR('',#2991,1000.);
#1831=VECTOR('',#2992,1000.);
#1832=EDGE_LOOP('',(#62,#63,#64,#65));
#1833=EDGE_LOOP('',(#66,#67,#68,#69));
#1834=EDGE_LOOP('',(#70,#71,#72,#73));
#1835=EDGE_LOOP('',(#74,#75,#76,#77));
#1836=EDGE_LOOP('',(#78,#79,#80,#81));
#1837=EDGE_LOOP('',(#82,#83,#84,#85));
#1838=EDGE_LOOP('',(#86,#87,#88,#89));
#1839=EDGE_LOOP('',(#90,#91,#92,#93));
#1840=EDGE_LOOP('',(#94,#95,#96,#97));
#1841=EDGE_LOOP('',(#98,#99,#100,#101));
#1842=EDGE_LOOP('',(#102,#103,#104,#105));
#1843=EDGE_LOOP('',(#106,#107,#108,#109));
#1844=EDGE_LOOP('',(#110,#111,#112,#113));
#1845=EDGE_LOOP('',(#114,#115,#116,#117));
#1846=EDGE_LOOP('',(#118,#119,#120,#121));
#1847=EDGE_LOOP('',(#122,#123,#124,#125));
#1848=EDGE_LOOP('',(#126,#127,#128,#129));
#1849=EDGE_LOOP('',(#130,#131,#132,#133));
#1850=EDGE_LOOP('',(#134,#135,#136,#137));
#1851=EDGE_LOOP('',(#138,#139,#140,#141));
#1852=EDGE_LOOP('',(#142,#143,#144,#145));
#1853=EDGE_LOOP('',(#146,#147,#148,#149));
#1854=EDGE_LOOP('',(#150,#151,#152,#153));
#1855=EDGE_LOOP('',(#154,#155,#156,#157));
#1856=EDGE_LOOP('',(#158,#159,#160,#161));
#1857=EDGE_LOOP('',(#162,#163,#164,#165));
#1858=EDGE_LOOP('',(#166,#167,#168,#169));
#1859=EDGE_LOOP('',(#170,#171,#172,#173));
#1860=EDGE_LOOP('',(#174,#175,#176,#177));
#1861=EDGE_LOOP('',(#178,#179,#180,#181));
#1862=EDGE_LOOP('',(#182,#183,#184,#185));
#1863=EDGE_LOOP('',(#186,#187,#188,#189));
#1864=EDGE_LOOP('',(#190,#191,#192,#193));
#1865=EDGE_LOOP('',(#194,#195,#196,#197));
#1866=EDGE_LOOP('',(#198,#199,#200,#201));
#1867=EDGE_LOOP('',(#202,#203,#204,#205));
#1868=EDGE_LOOP('',(#206,#207,#208,#209));
#1869=EDGE_LOOP('',(#210,#211,#212,#213));
#1870=EDGE_LOOP('',(#214,#215,#216,#217));
#1871=EDGE_LOOP('',(#218,#219,#220,#221));
#1872=EDGE_LOOP('',(#222,#223,#224,#225));
#1873=EDGE_LOOP('',(#226,#227,#228,#229));
#1874=EDGE_LOOP('',(#230,#231,#232,#233));
#1875=EDGE_LOOP('',(#234,#235,#236,#237));
#1876=EDGE_LOOP('',(#238,#239,#240,#241));
#1877=EDGE_LOOP('',(#242,#243,#244,#245));
#1878=EDGE_LOOP('',(#246,#247,#248,#249));
#1879=EDGE_LOOP('',(#250,#251,#252,#253));
#1880=EDGE_LOOP('',(#254,#255,#256,#257));
#1881=EDGE_LOOP('',(#258,#259,#260,#261));
#1882=EDGE_LOOP('',(#262,#263,#264,#265));
#1883=EDGE_LOOP('',(#266,#267,#268,#269));
#1884=EDGE_LOOP('',(#270,#271,#272,#273));
#1885=EDGE_LOOP('',(#274,#275,#276,#277));
#1886=EDGE_LOOP('',(#278,#279,#280,#281));
#1887=EDGE_LOOP('',(#282,#283,#284,#285));
#1888=EDGE_LOOP('',(#286,#287,#288,#289));
#1889=EDGE_LOOP('',(#290,#291,#292,#293));
#1890=EDGE_LOOP('',(#294,#295,#296,#297));
#1891=EDGE_LOOP('',(#298,#299,#300,#301));
#1892=EDGE_LOOP('',(#302,#303,#304,#305));
#1893=EDGE_LOOP('',(#306,#307,#308,#309));
#1894=EDGE_LOOP('',(#310,#311,#312,#313));
#1895=EDGE_LOOP('',(#314,#315,#316,#317));
#1896=EDGE_LOOP('',(#318,#319,#320,#321));
#1897=EDGE_LOOP('',(#322,#323,#324,#325));
#1898=EDGE_LOOP('',(#326,#327,#328,#329));
#1899=EDGE_LOOP('',(#330,#331,#332,#333));
#1900=EDGE_LOOP('',(#334,#335,#336,#337));
#1901=EDGE_LOOP('',(#338,#339,#340,#341));
#1902=EDGE_LOOP('',(#342,#343,#344,#345));
#1903=EDGE_LOOP('',(#346,#347,#348,#349));
#1904=EDGE_LOOP('',(#350,#351,#352,#353));
#1905=EDGE_LOOP('',(#354,#355,#356,#357));
#1906=EDGE_LOOP('',(#358,#359,#360,#361));
#1907=EDGE_LOOP('',(#362,#363,#364,#365));
#1908=EDGE_LOOP('',(#366,#367,#368,#369));
#1909=EDGE_LOOP('',(#370,#371,#372,#373));
#1910=EDGE_LOOP('',(#374,#375,#376,#377));
#1911=EDGE_LOOP('',(#378,#379,#380,#381));
#1912=EDGE_LOOP('',(#382,#383,#384,#385));
#1913=EDGE_LOOP('',(#386,#387,#388,#389));
#1914=EDGE_LOOP('',(#390,#391,#392,#393));
#1915=EDGE_LOOP('',(#394,#395,#396,#397));
#1916=EDGE_LOOP('',(#398,#399,#400,#401));
#1917=EDGE_LOOP('',(#402,#403,#404,#405));
#1918=EDGE_LOOP('',(#406,#407,#408,#409));
#1919=EDGE_LOOP('',(#410,#411,#412,#413));
#1920=EDGE_LOOP('',(#414,#415,#416,#417));
#1921=EDGE_LOOP('',(#418,#419,#420,#421));
#1922=EDGE_LOOP('',(#422,#423,#424,#425));
#1923=EDGE_LOOP('',(#426,#427,#428,#429));
#1924=EDGE_LOOP('',(#430,#431,#432,#433));
#1925=EDGE_LOOP('',(#434,#435,#436,#437));
#1926=EDGE_LOOP('',(#438,#439,#440,#441));
#1927=EDGE_LOOP('',(#442,#443,#444,#445));
#1928=EDGE_LOOP('',(#446,#447,#448,#449));
#1929=EDGE_LOOP('',(#450,#451,#452,#453));
#1930=EDGE_LOOP('',(#454,#455,#456,#457));
#1931=EDGE_LOOP('',(#458,#459,#460,#461));
#1932=EDGE_LOOP('',(#462,#463,#464,#465));
#1933=EDGE_LOOP('',(#466,#467,#468,#469));
#1934=EDGE_LOOP('',(#470,#471,#472,#473));
#1935=EDGE_LOOP('',(#474));
#1936=EDGE_LOOP('',(#475));
#1937=EDGE_LOOP('',(#476));
#1938=EDGE_LOOP('',(#477));
#1939=EDGE_LOOP('',(#478,#479,#480,#481));
#1940=EDGE_LOOP('',(#482,#483,#484,#485));
#1941=EDGE_LOOP('',(#486,#487,#488,#489));
#1942=EDGE_LOOP('',(#490,#491,#492,#493,#494,#495,#496,#497,#498,#499,#500,
#501,#502,#503,#504,#505,#506,#507,#508,#509,#510,#511,#512,#513,#514,#515,
#516,#517,#518,#519,#520,#521,#522,#523,#524,#525,#526,#527,#528,#529,#530,
#531,#532,#533,#534,#535,#536,#537,#538,#539,#540,#541,#542,#543,#544,#545,
#546,#547,#548,#549,#550,#551,#552,#553,#554,#555,#556,#557,#558,#559,#560,
#561,#562,#563,#564,#565,#566,#567,#568,#569,#570,#571,#572,#573,#574,#575));
#1943=EDGE_LOOP('',(#576));
#1944=EDGE_LOOP('',(#577));
#1945=EDGE_LOOP('',(#578,#579,#580,#581,#582,#583,#584,#585,#586,#587,#588,
#589,#590,#591,#592,#593,#594,#595,#596,#597));
#1946=EDGE_LOOP('',(#598,#599,#600,#601,#602,#603,#604,#605,#606,#607,#608,
#609,#610,#611,#612,#613,#614,#615,#616,#617,#618,#619,#620,#621,#622,#623,
#624,#625,#626,#627,#628,#629,#630,#631,#632,#633,#634,#635,#636,#637,#638,
#639,#640,#641,#642,#643,#644,#645,#646,#647,#648,#649,#650,#651,#652,#653,
#654,#655,#656,#657,#658,#659,#660,#661,#662,#663,#664,#665,#666,#667,#668,
#669,#670,#671,#672,#673,#674,#675,#676,#677,#678,#679,#680,#681,#682,#683));
#1947=EDGE_LOOP('',(#684));
#1948=EDGE_LOOP('',(#685));
#1949=EDGE_LOOP('',(#686,#687,#688,#689,#690,#691,#692,#693,#694,#695,#696,
#697,#698,#699,#700,#701,#702,#703,#704,#705));
#1950=FACE_BOUND('',#1832,.T.);
#1951=FACE_BOUND('',#1833,.T.);
#1952=FACE_BOUND('',#1834,.T.);
#1953=FACE_BOUND('',#1835,.T.);
#1954=FACE_BOUND('',#1836,.T.);
#1955=FACE_BOUND('',#1837,.T.);
#1956=FACE_BOUND('',#1838,.T.);
#1957=FACE_BOUND('',#1839,.T.);
#1958=FACE_BOUND('',#1840,.T.);
#1959=FACE_BOUND('',#1841,.T.);
#1960=FACE_BOUND('',#1842,.T.);
#1961=FACE_BOUND('',#1843,.T.);
#1962=FACE_BOUND('',#1844,.T.);
#1963=FACE_BOUND('',#1845,.T.);
#1964=FACE_BOUND('',#1846,.T.);
#1965=FACE_BOUND('',#1847,.T.);
#1966=FACE_BOUND('',#1848,.T.);
#1967=FACE_BOUND('',#1849,.T.);
#1968=FACE_BOUND('',#1850,.T.);
#1969=FACE_BOUND('',#1851,.T.);
#1970=FACE_BOUND('',#1852,.T.);
#1971=FACE_BOUND('',#1853,.T.);
#1972=FACE_BOUND('',#1854,.T.);
#1973=FACE_BOUND('',#1855,.T.);
#1974=FACE_BOUND('',#1856,.T.);
#1975=FACE_BOUND('',#1857,.T.);
#1976=FACE_BOUND('',#1858,.T.);
#1977=FACE_BOUND('',#1859,.T.);
#1978=FACE_BOUND('',#1860,.T.);
#1979=FACE_BOUND('',#1861,.T.);
#1980=FACE_BOUND('',#1862,.T.);
#1981=FACE_BOUND('',#1863,.T.);
#1982=FACE_BOUND('',#1864,.T.);
#1983=FACE_BOUND('',#1865,.T.);
#1984=FACE_BOUND('',#1866,.T.);
#1985=FACE_BOUND('',#1867,.T.);
#1986=FACE_BOUND('',#1868,.T.);
#1987=FACE_BOUND('',#1869,.T.);
#1988=FACE_BOUND('',#1870,.T.);
#1989=FACE_BOUND('',#1871,.T.);
#1990=FACE_BOUND('',#1872,.T.);
#1991=FACE_BOUND('',#1873,.T.);
#1992=FACE_BOUND('',#1874,.T.);
#1993=FACE_BOUND('',#1875,.T.);
#1994=FACE_BOUND('',#1876,.T.);
#1995=FACE_BOUND('',#1877,.T.);
#1996=FACE_BOUND('',#1878,.T.);
#1997=FACE_BOUND('',#1879,.T.);
#1998=FACE_BOUND('',#1880,.T.);
#1999=FACE_BOUND('',#1881,.T.);
#2000=FACE_BOUND('',#1882,.T.);
#2001=FACE_BOUND('',#1883,.T.);
#2002=FACE_BOUND('',#1884,.T.);
#2003=FACE_BOUND('',#1885,.T.);
#2004=FACE_BOUND('',#1886,.T.);
#2005=FACE_BOUND('',#1887,.T.);
#2006=FACE_BOUND('',#1888,.T.);
#2007=FACE_BOUND('',#1889,.T.);
#2008=FACE_BOUND('',#1890,.T.);
#2009=FACE_BOUND('',#1891,.T.);
#2010=FACE_BOUND('',#1892,.T.);
#2011=FACE_BOUND('',#1893,.T.);
#2012=FACE_BOUND('',#1894,.T.);
#2013=FACE_BOUND('',#1895,.T.);
#2014=FACE_BOUND('',#1896,.T.);
#2015=FACE_BOUND('',#1897,.T.);
#2016=FACE_BOUND('',#1898,.T.);
#2017=FACE_BOUND('',#1899,.T.);
#2018=FACE_BOUND('',#1900,.T.);
#2019=FACE_BOUND('',#1901,.T.);
#2020=FACE_BOUND('',#1902,.T.);
#2021=FACE_BOUND('',#1903,.T.);
#2022=FACE_BOUND('',#1904,.T.);
#2023=FACE_BOUND('',#1905,.T.);
#2024=FACE_BOUND('',#1906,.T.);
#2025=FACE_BOUND('',#1907,.T.);
#2026=FACE_BOUND('',#1908,.T.);
#2027=FACE_BOUND('',#1909,.T.);
#2028=FACE_BOUND('',#1910,.T.);
#2029=FACE_BOUND('',#1911,.T.);
#2030=FACE_BOUND('',#1912,.T.);
#2031=FACE_BOUND('',#1913,.T.);
#2032=FACE_BOUND('',#1914,.T.);
#2033=FACE_BOUND('',#1915,.T.);
#2034=FACE_BOUND('',#1916,.T.);
#2035=FACE_BOUND('',#1917,.T.);
#2036=FACE_BOUND('',#1918,.T.);
#2037=FACE_BOUND('',#1919,.T.);
#2038=FACE_BOUND('',#1920,.T.);
#2039=FACE_BOUND('',#1921,.T.);
#2040=FACE_BOUND('',#1922,.T.);
#2041=FACE_BOUND('',#1923,.T.);
#2042=FACE_BOUND('',#1924,.T.);
#2043=FACE_BOUND('',#1925,.T.);
#2044=FACE_BOUND('',#1926,.T.);
#2045=FACE_BOUND('',#1927,.T.);
#2046=FACE_BOUND('',#1928,.T.);
#2047=FACE_BOUND('',#1929,.T.);
#2048=FACE_BOUND('',#1930,.T.);
#2049=FACE_BOUND('',#1931,.T.);
#2050=FACE_BOUND('',#1932,.T.);
#2051=FACE_BOUND('',#1933,.T.);
#2052=FACE_BOUND('',#1934,.T.);
#2053=FACE_BOUND('',#1935,.T.);
#2054=FACE_BOUND('',#1936,.T.);
#2055=FACE_BOUND('',#1937,.T.);
#2056=FACE_BOUND('',#1938,.T.);
#2057=FACE_BOUND('',#1939,.T.);
#2058=FACE_BOUND('',#1940,.T.);
#2059=FACE_BOUND('',#1941,.T.);
#2060=FACE_BOUND('',#1942,.T.);
#2061=FACE_BOUND('',#1943,.T.);
#2062=FACE_BOUND('',#1944,.T.);
#2063=FACE_BOUND('',#1945,.T.);
#2064=FACE_BOUND('',#1946,.T.);
#2065=FACE_BOUND('',#1947,.T.);
#2066=FACE_BOUND('',#1948,.T.);
#2067=FACE_BOUND('',#1949,.T.);
#2068=PLANE('',#2287);
#2069=PLANE('',#2288);
#2070=PLANE('',#2289);
#2071=PLANE('',#2290);
#2072=PLANE('',#2291);
#2073=PLANE('',#2292);
#2074=PLANE('',#2293);
#2075=PLANE('',#2294);
#2076=PLANE('',#2295);
#2077=PLANE('',#2296);
#2078=PLANE('',#2297);
#2079=PLANE('',#2298);
#2080=PLANE('',#2299);
#2081=PLANE('',#2300);
#2082=PLANE('',#2304);
#2083=PLANE('',#2305);
#2084=PLANE('',#2306);
#2085=PLANE('',#2307);
#2086=PLANE('',#2308);
#2087=PLANE('',#2309);
#2088=PLANE('',#2310);
#2089=PLANE('',#2311);
#2090=PLANE('',#2312);
#2091=PLANE('',#2313);
#2092=PLANE('',#2314);
#2093=PLANE('',#2315);
#2094=PLANE('',#2316);
#2095=PLANE('',#2317);
#2096=PLANE('',#2321);
#2097=PLANE('',#2322);
#2098=PLANE('',#2323);
#2099=PLANE('',#2324);
#2100=PLANE('',#2325);
#2101=PLANE('',#2326);
#2102=PLANE('',#2327);
#2103=PLANE('',#2328);
#2104=PLANE('',#2329);
#2105=PLANE('',#2330);
#2106=PLANE('',#2331);
#2107=PLANE('',#2332);
#2108=PLANE('',#2333);
#2109=PLANE('',#2334);
#2110=PLANE('',#2335);
#2111=PLANE('',#2336);
#2112=PLANE('',#2337);
#2113=PLANE('',#2338);
#2114=PLANE('',#2339);
#2115=PLANE('',#2340);
#2116=PLANE('',#2341);
#2117=PLANE('',#2342);
#2118=PLANE('',#2343);
#2119=PLANE('',#2344);
#2120=PLANE('',#2348);
#2121=PLANE('',#2349);
#2122=PLANE('',#2350);
#2123=PLANE('',#2351);
#2124=PLANE('',#2352);
#2125=PLANE('',#2353);
#2126=PLANE('',#2354);
#2127=PLANE('',#2355);
#2128=PLANE('',#2356);
#2129=PLANE('',#2357);
#2130=PLANE('',#2358);
#2131=PLANE('',#2359);
#2132=PLANE('',#2360);
#2133=PLANE('',#2361);
#2134=PLANE('',#2365);
#2135=PLANE('',#2366);
#2136=PLANE('',#2367);
#2137=PLANE('',#2368);
#2138=PLANE('',#2369);
#2139=PLANE('',#2370);
#2140=PLANE('',#2371);
#2141=PLANE('',#2372);
#2142=PLANE('',#2373);
#2143=PLANE('',#2374);
#2144=PLANE('',#2375);
#2145=PLANE('',#2376);
#2146=PLANE('',#2380);
#2147=PLANE('',#2384);
#2148=PLANE('',#2385);
#2149=PLANE('',#2386);
#2150=PLANE('',#2390);
#2151=PLANE('',#2394);
#2152=PLANE('',#2398);
#2153=PLANE('',#2402);
#2154=PLANE('',#2403);
#2155=PLANE('',#2404);
#2156=PLANE('',#2408);
#2157=PLANE('',#2412);
#2158=PLANE('',#2413);
#2159=PLANE('',#2420);
#2160=PLANE('',#2421);
#2161=PLANE('',#2422);
#2162=PLANE('',#2423);
#2163=PLANE('',#2424);
#2164=ADVANCED_FACE('',(#1950),#2068,.T.);
#2165=ADVANCED_FACE('',(#1951),#2069,.T.);
#2166=ADVANCED_FACE('',(#1952),#2070,.T.);
#2167=ADVANCED_FACE('',(#1953),#2071,.T.);
#2168=ADVANCED_FACE('',(#1954),#2072,.T.);
#2169=ADVANCED_FACE('',(#1955),#2073,.T.);
#2170=ADVANCED_FACE('',(#1956),#2074,.T.);
#2171=ADVANCED_FACE('',(#1957),#2075,.T.);
#2172=ADVANCED_FACE('',(#1958),#2076,.T.);
#2173=ADVANCED_FACE('',(#1959),#2077,.T.);
#2174=ADVANCED_FACE('',(#1960),#2078,.T.);
#2175=ADVANCED_FACE('',(#1961),#2079,.T.);
#2176=ADVANCED_FACE('',(#1962),#2080,.T.);
#2177=ADVANCED_FACE('',(#1963),#2081,.T.);
#2178=ADVANCED_FACE('',(#1964),#48,.T.);
#2179=ADVANCED_FACE('',(#1965),#2082,.T.);
#2180=ADVANCED_FACE('',(#1966),#2083,.T.);
#2181=ADVANCED_FACE('',(#1967),#2084,.T.);
#2182=ADVANCED_FACE('',(#1968),#2085,.T.);
#2183=ADVANCED_FACE('',(#1969),#2086,.T.);
#2184=ADVANCED_FACE('',(#1970),#2087,.T.);
#2185=ADVANCED_FACE('',(#1971),#2088,.T.);
#2186=ADVANCED_FACE('',(#1972),#2089,.T.);
#2187=ADVANCED_FACE('',(#1973),#2090,.T.);
#2188=ADVANCED_FACE('',(#1974),#2091,.T.);
#2189=ADVANCED_FACE('',(#1975),#2092,.T.);
#2190=ADVANCED_FACE('',(#1976),#2093,.T.);
#2191=ADVANCED_FACE('',(#1977),#2094,.T.);
#2192=ADVANCED_FACE('',(#1978),#2095,.T.);
#2193=ADVANCED_FACE('',(#1979),#49,.T.);
#2194=ADVANCED_FACE('',(#1980),#2096,.T.);
#2195=ADVANCED_FACE('',(#1981),#2097,.T.);
#2196=ADVANCED_FACE('',(#1982),#2098,.T.);
#2197=ADVANCED_FACE('',(#1983),#2099,.T.);
#2198=ADVANCED_FACE('',(#1984),#2100,.T.);
#2199=ADVANCED_FACE('',(#1985),#2101,.T.);
#2200=ADVANCED_FACE('',(#1986),#2102,.T.);
#2201=ADVANCED_FACE('',(#1987),#2103,.T.);
#2202=ADVANCED_FACE('',(#1988),#2104,.T.);
#2203=ADVANCED_FACE('',(#1989),#2105,.T.);
#2204=ADVANCED_FACE('',(#1990),#2106,.T.);
#2205=ADVANCED_FACE('',(#1991),#2107,.T.);
#2206=ADVANCED_FACE('',(#1992),#2108,.T.);
#2207=ADVANCED_FACE('',(#1993),#2109,.T.);
#2208=ADVANCED_FACE('',(#1994),#2110,.T.);
#2209=ADVANCED_FACE('',(#1995),#2111,.T.);
#2210=ADVANCED_FACE('',(#1996),#2112,.T.);
#2211=ADVANCED_FACE('',(#1997),#2113,.T.);
#2212=ADVANCED_FACE('',(#1998),#2114,.T.);
#2213=ADVANCED_FACE('',(#1999),#2115,.T.);
#2214=ADVANCED_FACE('',(#2000),#2116,.T.);
#2215=ADVANCED_FACE('',(#2001),#2117,.T.);
#2216=ADVANCED_FACE('',(#2002),#2118,.T.);
#2217=ADVANCED_FACE('',(#2003),#2119,.T.);
#2218=ADVANCED_FACE('',(#2004),#50,.T.);
#2219=ADVANCED_FACE('',(#2005),#2120,.T.);
#2220=ADVANCED_FACE('',(#2006),#2121,.T.);
#2221=ADVANCED_FACE('',(#2007),#2122,.T.);
#2222=ADVANCED_FACE('',(#2008),#2123,.T.);
#2223=ADVANCED_FACE('',(#2009),#2124,.T.);
#2224=ADVANCED_FACE('',(#2010),#2125,.T.);
#2225=ADVANCED_FACE('',(#2011),#2126,.T.);
#2226=ADVANCED_FACE('',(#2012),#2127,.T.);
#2227=ADVANCED_FACE('',(#2013),#2128,.T.);
#2228=ADVANCED_FACE('',(#2014),#2129,.T.);
#2229=ADVANCED_FACE('',(#2015),#2130,.T.);
#2230=ADVANCED_FACE('',(#2016),#2131,.T.);
#2231=ADVANCED_FACE('',(#2017),#2132,.T.);
#2232=ADVANCED_FACE('',(#2018),#2133,.T.);
#2233=ADVANCED_FACE('',(#2019),#51,.T.);
#2234=ADVANCED_FACE('',(#2020),#2134,.T.);
#2235=ADVANCED_FACE('',(#2021),#2135,.T.);
#2236=ADVANCED_FACE('',(#2022),#2136,.T.);
#2237=ADVANCED_FACE('',(#2023),#2137,.T.);
#2238=ADVANCED_FACE('',(#2024),#2138,.T.);
#2239=ADVANCED_FACE('',(#2025),#2139,.T.);
#2240=ADVANCED_FACE('',(#2026),#2140,.T.);
#2241=ADVANCED_FACE('',(#2027),#2141,.T.);
#2242=ADVANCED_FACE('',(#2028),#2142,.T.);
#2243=ADVANCED_FACE('',(#2029),#2143,.T.);
#2244=ADVANCED_FACE('',(#2030),#2144,.T.);
#2245=ADVANCED_FACE('',(#2031),#2145,.T.);
#2246=ADVANCED_FACE('',(#2032),#52,.F.);
#2247=ADVANCED_FACE('',(#2033),#2146,.F.);
#2248=ADVANCED_FACE('',(#2034),#53,.T.);
#2249=ADVANCED_FACE('',(#2035),#2147,.F.);
#2250=ADVANCED_FACE('',(#2036),#2148,.F.);
#2251=ADVANCED_FACE('',(#2037),#2149,.F.);
#2252=ADVANCED_FACE('',(#2038),#54,.T.);
#2253=ADVANCED_FACE('',(#2039),#2150,.F.);
#2254=ADVANCED_FACE('',(#2040),#55,.F.);
#2255=ADVANCED_FACE('',(#2041),#2151,.F.);
#2256=ADVANCED_FACE('',(#2042),#56,.F.);
#2257=ADVANCED_FACE('',(#2043),#2152,.F.);
#2258=ADVANCED_FACE('',(#2044),#57,.T.);
#2259=ADVANCED_FACE('',(#2045),#2153,.F.);
#2260=ADVANCED_FACE('',(#2046),#2154,.F.);
#2261=ADVANCED_FACE('',(#2047),#2155,.F.);
#2262=ADVANCED_FACE('',(#2048),#58,.T.);
#2263=ADVANCED_FACE('',(#2049),#2156,.F.);
#2264=ADVANCED_FACE('',(#2050),#59,.F.);
#2265=ADVANCED_FACE('',(#2051),#2157,.F.);
#2266=ADVANCED_FACE('',(#2052),#2158,.T.);
#2267=ADVANCED_FACE('',(#2053,#2054),#60,.F.);
#2268=ADVANCED_FACE('',(#2055,#2056),#61,.F.);
#2269=ADVANCED_FACE('',(#2057),#2159,.T.);
#2270=ADVANCED_FACE('',(#2058),#2160,.T.);
#2271=ADVANCED_FACE('',(#2059),#2161,.T.);
#2272=ADVANCED_FACE('',(#2060,#2061,#2062,#2063),#2162,.T.);
#2273=ADVANCED_FACE('',(#2064,#2065,#2066,#2067),#2163,.T.);
#2274=CLOSED_SHELL('',(#2164,#2165,#2166,#2167,#2168,#2169,#2170,#2171,
#2172,#2173,#2174,#2175,#2176,#2177,#2178,#2179,#2180,#2181,#2182,#2183,
#2184,#2185,#2186,#2187,#2188,#2189,#2190,#2191,#2192,#2193,#2194,#2195,
#2196,#2197,#2198,#2199,#2200,#2201,#2202,#2203,#2204,#2205,#2206,#2207,
#2208,#2209,#2210,#2211,#2212,#2213,#2214,#2215,#2216,#2217,#2218,#2219,
#2220,#2221,#2222,#2223,#2224,#2225,#2226,#2227,#2228,#2229,#2230,#2231,
#2232,#2233,#2234,#2235,#2236,#2237,#2238,#2239,#2240,#2241,#2242,#2243,
#2244,#2245,#2246,#2247,#2248,#2249,#2250,#2251,#2252,#2253,#2254,#2255,
#2256,#2257,#2258,#2259,#2260,#2261,#2262,#2263,#2264,#2265,#2266,#2267,
#2268,#2269,#2270,#2271,#2272,#2273));
#2275=STYLED_ITEM('',(#2276),#2283);
#2276=PRESENTATION_STYLE_ASSIGNMENT((#2277));
#2277=SURFACE_STYLE_USAGE(.BOTH.,#2278);
#2278=SURFACE_SIDE_STYLE('',(#2279));
#2279=SURFACE_STYLE_FILL_AREA(#2280);
#2280=FILL_AREA_STYLE('',(#2281));
#2281=FILL_AREA_STYLE_COLOUR('',#2282);
#2282=COLOUR_RGB('',0.689999997615814,0.689999997615814,0.689999997615814);
#2283=MANIFOLD_SOLID_BREP('HFSB5-2040-305-LBT45-RBT45',#2274);
#2284=SHAPE_DEFINITION_REPRESENTATION(#3652,#2285);
#2285=SHAPE_REPRESENTATION('HFSB5-2040-305-LBT45-RBT45',(#2286),#3647);
#2286=AXIS2_PLACEMENT_3D('',#2997,#2425,#2426);
#2287=AXIS2_PLACEMENT_3D('',#2998,#2427,#2428);
#2288=AXIS2_PLACEMENT_3D('',#3007,#2433,#2434);
#2289=AXIS2_PLACEMENT_3D('',#3013,#2438,#2439);
#2290=AXIS2_PLACEMENT_3D('',#3019,#2443,#2444);
#2291=AXIS2_PLACEMENT_3D('',#3025,#2448,#2449);
#2292=AXIS2_PLACEMENT_3D('',#3031,#2453,#2454);
#2293=AXIS2_PLACEMENT_3D('',#3037,#2458,#2459);
#2294=AXIS2_PLACEMENT_3D('',#3043,#2463,#2464);
#2295=AXIS2_PLACEMENT_3D('',#3049,#2468,#2469);
#2296=AXIS2_PLACEMENT_3D('',#3055,#2473,#2474);
#2297=AXIS2_PLACEMENT_3D('',#3061,#2478,#2479);
#2298=AXIS2_PLACEMENT_3D('',#3067,#2483,#2484);
#2299=AXIS2_PLACEMENT_3D('',#3073,#2488,#2489);
#2300=AXIS2_PLACEMENT_3D('',#3079,#2493,#2494);
#2301=AXIS2_PLACEMENT_3D('',#3085,#2498,#2499);
#2302=AXIS2_PLACEMENT_3D('',#3086,#2500,#2501);
#2303=AXIS2_PLACEMENT_3D('',#3090,#2503,#2504);
#2304=AXIS2_PLACEMENT_3D('',#3091,#2505,#2506);
#2305=AXIS2_PLACEMENT_3D('',#3097,#2510,#2511);
#2306=AXIS2_PLACEMENT_3D('',#3103,#2515,#2516);
#2307=AXIS2_PLACEMENT_3D('',#3109,#2520,#2521);
#2308=AXIS2_PLACEMENT_3D('',#3115,#2525,#2526);
#2309=AXIS2_PLACEMENT_3D('',#3121,#2530,#2531);
#2310=AXIS2_PLACEMENT_3D('',#3127,#2535,#2536);
#2311=AXIS2_PLACEMENT_3D('',#3133,#2540,#2541);
#2312=AXIS2_PLACEMENT_3D('',#3139,#2545,#2546);
#2313=AXIS2_PLACEMENT_3D('',#3145,#2550,#2551);
#2314=AXIS2_PLACEMENT_3D('',#3151,#2555,#2556);
#2315=AXIS2_PLACEMENT_3D('',#3157,#2560,#2561);
#2316=AXIS2_PLACEMENT_3D('',#3163,#2565,#2566);
#2317=AXIS2_PLACEMENT_3D('',#3169,#2570,#2571);
#2318=AXIS2_PLACEMENT_3D('',#3175,#2575,#2576);
#2319=AXIS2_PLACEMENT_3D('',#3176,#2577,#2578);
#2320=AXIS2_PLACEMENT_3D('',#3180,#2580,#2581);
#2321=AXIS2_PLACEMENT_3D('',#3181,#2582,#2583);
#2322=AXIS2_PLACEMENT_3D('',#3190,#2588,#2589);
#2323=AXIS2_PLACEMENT_3D('',#3196,#2593,#2594);
#2324=AXIS2_PLACEMENT_3D('',#3202,#2598,#2599);
#2325=AXIS2_PLACEMENT_3D('',#3208,#2603,#2604);
#2326=AXIS2_PLACEMENT_3D('',#3214,#2608,#2609);
#2327=AXIS2_PLACEMENT_3D('',#3220,#2613,#2614);
#2328=AXIS2_PLACEMENT_3D('',#3226,#2618,#2619);
#2329=AXIS2_PLACEMENT_3D('',#3232,#2623,#2624);
#2330=AXIS2_PLACEMENT_3D('',#3238,#2628,#2629);
#2331=AXIS2_PLACEMENT_3D('',#3244,#2633,#2634);
#2332=AXIS2_PLACEMENT_3D('',#3250,#2638,#2639);
#2333=AXIS2_PLACEMENT_3D('',#3256,#2643,#2644);
#2334=AXIS2_PLACEMENT_3D('',#3265,#2649,#2650);
#2335=AXIS2_PLACEMENT_3D('',#3271,#2654,#2655);
#2336=AXIS2_PLACEMENT_3D('',#3277,#2659,#2660);
#2337=AXIS2_PLACEMENT_3D('',#3283,#2664,#2665);
#2338=AXIS2_PLACEMENT_3D('',#3289,#2669,#2670);
#2339=AXIS2_PLACEMENT_3D('',#3295,#2674,#2675);
#2340=AXIS2_PLACEMENT_3D('',#3301,#2679,#2680);
#2341=AXIS2_PLACEMENT_3D('',#3307,#2684,#2685);
#2342=AXIS2_PLACEMENT_3D('',#3313,#2689,#2690);
#2343=AXIS2_PLACEMENT_3D('',#3319,#2694,#2695);
#2344=AXIS2_PLACEMENT_3D('',#3325,#2699,#2700);
#2345=AXIS2_PLACEMENT_3D('',#3331,#2704,#2705);
#2346=AXIS2_PLACEMENT_3D('',#3335,#2707,#2708);
#2347=AXIS2_PLACEMENT_3D('',#3339,#2710,#2711);
#2348=AXIS2_PLACEMENT_3D('',#3340,#2712,#2713);
#2349=AXIS2_PLACEMENT_3D('',#3346,#2717,#2718);
#2350=AXIS2_PLACEMENT_3D('',#3352,#2722,#2723);
#2351=AXIS2_PLACEMENT_3D('',#3358,#2727,#2728);
#2352=AXIS2_PLACEMENT_3D('',#3364,#2732,#2733);
#2353=AXIS2_PLACEMENT_3D('',#3370,#2737,#2738);
#2354=AXIS2_PLACEMENT_3D('',#3376,#2742,#2743);
#2355=AXIS2_PLACEMENT_3D('',#3382,#2747,#2748);
#2356=AXIS2_PLACEMENT_3D('',#3388,#2752,#2753);
#2357=AXIS2_PLACEMENT_3D('',#3394,#2757,#2758);
#2358=AXIS2_PLACEMENT_3D('',#3400,#2762,#2763);
#2359=AXIS2_PLACEMENT_3D('',#3406,#2767,#2768);
#2360=AXIS2_PLACEMENT_3D('',#3412,#2772,#2773);
#2361=AXIS2_PLACEMENT_3D('',#3418,#2777,#2778);
#2362=AXIS2_PLACEMENT_3D('',#3424,#2782,#2783);
#2363=AXIS2_PLACEMENT_3D('',#3425,#2784,#2785);
#2364=AXIS2_PLACEMENT_3D('',#3429,#2787,#2788);
#2365=AXIS2_PLACEMENT_3D('',#3430,#2789,#2790);
#2366=AXIS2_PLACEMENT_3D('',#3436,#2794,#2795);
#2367=AXIS2_PLACEMENT_3D('',#3442,#2799,#2800);
#2368=AXIS2_PLACEMENT_3D('',#3448,#2804,#2805);
#2369=AXIS2_PLACEMENT_3D('',#3454,#2809,#2810);
#2370=AXIS2_PLACEMENT_3D('',#3460,#2814,#2815);
#2371=AXIS2_PLACEMENT_3D('',#3466,#2819,#2820);
#2372=AXIS2_PLACEMENT_3D('',#3472,#2824,#2825);
#2373=AXIS2_PLACEMENT_3D('',#3478,#2829,#2830);
#2374=AXIS2_PLACEMENT_3D('',#3484,#2834,#2835);
#2375=AXIS2_PLACEMENT_3D('',#3490,#2839,#2840);
#2376=AXIS2_PLACEMENT_3D('',#3496,#2844,#2845);
#2377=AXIS2_PLACEMENT_3D('',#3502,#2849,#2850);
#2378=AXIS2_PLACEMENT_3D('',#3503,#2851,#2852);
#2379=AXIS2_PLACEMENT_3D('',#3508,#2854,#2855);
#2380=AXIS2_PLACEMENT_3D('',#3511,#2857,#2858);
#2381=AXIS2_PLACEMENT_3D('',#3517,#2862,#2863);
#2382=AXIS2_PLACEMENT_3D('',#3518,#2864,#2865);
#2383=AXIS2_PLACEMENT_3D('',#3522,#2867,#2868);
#2384=AXIS2_PLACEMENT_3D('',#3523,#2869,#2870);
#2385=AXIS2_PLACEMENT_3D('',#3529,#2874,#2875);
#2386=AXIS2_PLACEMENT_3D('',#3535,#2879,#2880);
#2387=AXIS2_PLACEMENT_3D('',#3541,#2884,#2885);
#2388=AXIS2_PLACEMENT_3D('',#3542,#2886,#2887);
#2389=AXIS2_PLACEMENT_3D('',#3546,#2889,#2890);
#2390=AXIS2_PLACEMENT_3D('',#3547,#2891,#2892);
#2391=AXIS2_PLACEMENT_3D('',#3553,#2896,#2897);
#2392=AXIS2_PLACEMENT_3D('',#3554,#2898,#2899);
#2393=AXIS2_PLACEMENT_3D('',#3558,#2901,#2902);
#2394=AXIS2_PLACEMENT_3D('',#3559,#2903,#2904);
#2395=AXIS2_PLACEMENT_3D('',#3565,#2908,#2909);
#2396=AXIS2_PLACEMENT_3D('',#3566,#2910,#2911);
#2397=AXIS2_PLACEMENT_3D('',#3570,#2913,#2914);
#2398=AXIS2_PLACEMENT_3D('',#3571,#2915,#2916);
#2399=AXIS2_PLACEMENT_3D('',#3577,#2920,#2921);
#2400=AXIS2_PLACEMENT_3D('',#3578,#2922,#2923);
#2401=AXIS2_PLACEMENT_3D('',#3582,#2925,#2926);
#2402=AXIS2_PLACEMENT_3D('',#3583,#2927,#2928);
#2403=AXIS2_PLACEMENT_3D('',#3589,#2932,#2933);
#2404=AXIS2_PLACEMENT_3D('',#3595,#2937,#2938);
#2405=AXIS2_PLACEMENT_3D('',#3601,#2942,#2943);
#2406=AXIS2_PLACEMENT_3D('',#3602,#2944,#2945);
#2407=AXIS2_PLACEMENT_3D('',#3606,#2947,#2948);
#2408=AXIS2_PLACEMENT_3D('',#3607,#2949,#2950);
#2409=AXIS2_PLACEMENT_3D('',#3613,#2954,#2955);
#2410=AXIS2_PLACEMENT_3D('',#3614,#2956,#2957);
#2411=AXIS2_PLACEMENT_3D('',#3618,#2959,#2960);
#2412=AXIS2_PLACEMENT_3D('',#3619,#2961,#2962);
#2413=AXIS2_PLACEMENT_3D('',#3622,#2965,#2966);
#2414=AXIS2_PLACEMENT_3D('',#3625,#2969,#2970);
#2415=AXIS2_PLACEMENT_3D('',#3626,#2971,#2972);
#2416=AXIS2_PLACEMENT_3D('',#3628,#2973,#2974);
#2417=AXIS2_PLACEMENT_3D('',#3630,#2975,#2976);
#2418=AXIS2_PLACEMENT_3D('',#3631,#2977,#2978);
#2419=AXIS2_PLACEMENT_3D('',#3633,#2979,#2980);
#2420=AXIS2_PLACEMENT_3D('',#3635,#2981,#2982);
#2421=AXIS2_PLACEMENT_3D('',#3638,#2985,#2986);
#2422=AXIS2_PLACEMENT_3D('',#3641,#2989,#2990);
#2423=AXIS2_PLACEMENT_3D('',#3644,#2993,#2994);
#2424=AXIS2_PLACEMENT_3D('',#3645,#2995,#2996);
#2425=DIRECTION('',(0.,0.,1.));
#2426=DIRECTION('',(1.,0.,0.));
#2427=DIRECTION('',(-1.,0.,0.));
#2428=DIRECTION('',(0.,0.,1.));
#2429=DIRECTION('',(0.,0.,1.));
#2430=DIRECTION('',(0.,-1.,0.));
#2431=DIRECTION('',(0.,0.,1.));
#2432=DIRECTION('',(0.,-1.,0.));
#2433=DIRECTION('',(1.30104260698261E-15,-1.,0.));
#2434=DIRECTION('',(1.,1.30104260698261E-15,0.));
#2435=DIRECTION('',(0.707106781186548,9.19976050010025E-16,-0.707106781186547));
#2436=DIRECTION('',(0.,0.,1.));
#2437=DIRECTION('',(-0.707106781186548,-9.19976050010025E-16,-0.707106781186548));
#2438=DIRECTION('',(1.,0.,0.));
#2439=DIRECTION('',(0.,0.,-1.));
#2440=DIRECTION('',(0.,1.,0.));
#2441=DIRECTION('',(0.,0.,1.));
#2442=DIRECTION('',(0.,-1.,0.));
#2443=DIRECTION('',(0.,-1.,0.));
#2444=DIRECTION('',(0.,0.,-1.));
#2445=DIRECTION('',(0.707106781186548,0.,-0.707106781186547));
#2446=DIRECTION('',(0.,0.,1.));
#2447=DIRECTION('',(-0.707106781186548,0.,-0.707106781186548));
#2448=DIRECTION('',(-0.707106781186548,-0.707106781186546,0.));
#2449=DIRECTION('',(0.707106781186547,-0.707106781186549,0.));
#2450=DIRECTION('',(0.577350269189626,-0.577350269189627,-0.577350269189625));
#2451=DIRECTION('',(0.,0.,1.));
#2452=DIRECTION('',(-0.577350269189625,0.577350269189627,-0.577350269189625));
#2453=DIRECTION('',(-1.,0.,0.));
#2454=DIRECTION('',(0.,0.,1.));
#2455=DIRECTION('',(0.,-1.,0.));
#2456=DIRECTION('',(0.,0.,1.));
#2457=DIRECTION('',(0.,1.,0.));
#2458=DIRECTION('',(-0.866025403784441,-0.499999999999995,0.));
#2459=DIRECTION('',(0.499999999999995,-0.866025403784441,0.));
#2460=DIRECTION('',(0.447213595499955,-0.774596669241488,-0.447213595499954));
#2461=DIRECTION('',(0.,0.,1.));
#2462=DIRECTION('',(-0.447213595499955,0.774596669241487,-0.447213595499955));
#2463=DIRECTION('',(-0.866025403784437,0.500000000000003,0.));
#2464=DIRECTION('',(-0.500000000000003,-0.866025403784437,0.));
#2465=DIRECTION('',(-0.44721359549996,-0.774596669241481,0.447213595499959));
#2466=DIRECTION('',(0.,0.,1.));
#2467=DIRECTION('',(0.44721359549996,0.774596669241481,0.44721359549996));
#2468=DIRECTION('',(-1.,0.,0.));
#2469=DIRECTION('',(0.,0.,1.));
#2470=DIRECTION('',(0.,-1.,0.));
#2471=DIRECTION('',(0.,0.,1.));
#2472=DIRECTION('',(0.,1.,0.));
#2473=DIRECTION('',(-0.707106781186548,0.707106781186548,0.));
#2474=DIRECTION('',(-0.707106781186548,-0.707106781186548,0.));
#2475=DIRECTION('',(-0.577350269189626,-0.577350269189626,0.577350269189625));
#2476=DIRECTION('',(0.,0.,1.));
#2477=DIRECTION('',(0.577350269189626,0.577350269189626,0.577350269189626));
#2478=DIRECTION('',(0.,1.,0.));
#2479=DIRECTION('',(0.,0.,1.));
#2480=DIRECTION('',(-0.707106781186548,0.,0.707106781186547));
#2481=DIRECTION('',(0.,0.,1.));
#2482=DIRECTION('',(0.707106781186548,0.,0.707106781186548));
#2483=DIRECTION('',(1.,0.,0.));
#2484=DIRECTION('',(0.,0.,-1.));
#2485=DIRECTION('',(0.,1.,0.));
#2486=DIRECTION('',(0.,0.,1.));
#2487=DIRECTION('',(0.,-1.,0.));
#2488=DIRECTION('',(0.,1.,0.));
#2489=DIRECTION('',(0.,0.,1.));
#2490=DIRECTION('',(-0.707106781186548,0.,0.707106781186547));
#2491=DIRECTION('',(0.,0.,1.));
#2492=DIRECTION('',(0.707106781186548,0.,0.707106781186548));
#2493=DIRECTION('',(-1.,0.,0.));
#2494=DIRECTION('',(0.,0.,1.));
#2495=DIRECTION('',(0.,-1.,0.));
#2496=DIRECTION('',(0.,0.,1.));
#2497=DIRECTION('',(0.,-1.,0.));
#2498=DIRECTION('',(0.,0.,1.));
#2499=DIRECTION('',(1.,0.,0.));
#2500=DIRECTION('',(-0.707106781186547,0.,-0.707106781186548));
#2501=DIRECTION('',(-0.707106781186548,0.,0.707106781186547));
#2502=DIRECTION('',(0.,0.,1.));
#2503=DIRECTION('',(-0.707106781186548,0.,0.707106781186548));
#2504=DIRECTION('',(0.707106781186548,0.,0.707106781186548));
#2505=DIRECTION('',(0.,-1.,0.));
#2506=DIRECTION('',(0.,0.,-1.));
#2507=DIRECTION('',(0.707106781186548,0.,-0.707106781186547));
#2508=DIRECTION('',(0.,0.,1.));
#2509=DIRECTION('',(-0.707106781186548,0.,-0.707106781186548));
#2510=DIRECTION('',(1.,0.,0.));
#2511=DIRECTION('',(0.,0.,-1.));
#2512=DIRECTION('',(0.,1.,0.));
#2513=DIRECTION('',(0.,0.,1.));
#2514=DIRECTION('',(0.,-1.,0.));
#2515=DIRECTION('',(0.,1.,0.));
#2516=DIRECTION('',(0.,0.,1.));
#2517=DIRECTION('',(-0.707106781186548,0.,0.707106781186547));
#2518=DIRECTION('',(0.,0.,1.));
#2519=DIRECTION('',(0.707106781186548,0.,0.707106781186548));
#2520=DIRECTION('',(1.,0.,0.));
#2521=DIRECTION('',(0.,0.,-1.));
#2522=DIRECTION('',(0.,1.,0.));
#2523=DIRECTION('',(0.,0.,1.));
#2524=DIRECTION('',(0.,-1.,0.));
#2525=DIRECTION('',(0.707106781186548,-0.707106781186547,0.));
#2526=DIRECTION('',(0.707106781186547,0.707106781186548,0.));
#2527=DIRECTION('',(0.577350269189626,0.577350269189627,-0.577350269189625));
#2528=DIRECTION('',(0.,0.,1.));
#2529=DIRECTION('',(-0.577350269189625,-0.577350269189627,-0.577350269189625));
#2530=DIRECTION('',(0.,-1.,0.));
#2531=DIRECTION('',(0.,0.,-1.));
#2532=DIRECTION('',(0.707106781186548,0.,-0.707106781186547));
#2533=DIRECTION('',(0.,0.,1.));
#2534=DIRECTION('',(-0.707106781186548,0.,-0.707106781186548));
#2535=DIRECTION('',(0.500000000000011,-0.866025403784432,0.));
#2536=DIRECTION('',(0.866025403784432,0.500000000000011,0.));
#2537=DIRECTION('',(0.654653670707975,0.377964473009237,-0.654653670707974));
#2538=DIRECTION('',(0.,0.,1.));
#2539=DIRECTION('',(-0.654653670707974,-0.377964473009237,-0.654653670707974));
#2540=DIRECTION('',(-0.500000000000005,-0.866025403784436,0.));
#2541=DIRECTION('',(0.866025403784436,-0.500000000000005,0.));
#2542=DIRECTION('',(0.654653670707976,-0.377964473009231,-0.654653670707975));
#2543=DIRECTION('',(0.,0.,1.));
#2544=DIRECTION('',(-0.654653670707976,0.377964473009231,-0.654653670707976));
#2545=DIRECTION('',(0.,-1.,0.));
#2546=DIRECTION('',(0.,0.,-1.));
#2547=DIRECTION('',(0.707106781186548,0.,-0.707106781186547));
#2548=DIRECTION('',(0.,0.,1.));
#2549=DIRECTION('',(-0.707106781186548,0.,-0.707106781186548));
#2550=DIRECTION('',(-0.707106781186548,-0.707106781186547,0.));
#2551=DIRECTION('',(0.707106781186547,-0.707106781186548,0.));
#2552=DIRECTION('',(0.577350269189626,-0.577350269189626,-0.577350269189625));
#2553=DIRECTION('',(0.,0.,1.));
#2554=DIRECTION('',(-0.577350269189626,0.577350269189626,-0.577350269189626));
#2555=DIRECTION('',(-1.,0.,0.));
#2556=DIRECTION('',(0.,0.,1.));
#2557=DIRECTION('',(0.,-1.,0.));
#2558=DIRECTION('',(0.,0.,1.));
#2559=DIRECTION('',(0.,1.,0.));
#2560=DIRECTION('',(0.,1.,0.));
#2561=DIRECTION('',(0.,0.,1.));
#2562=DIRECTION('',(-0.707106781186548,0.,0.707106781186547));
#2563=DIRECTION('',(0.,0.,1.));
#2564=DIRECTION('',(0.707106781186548,0.,0.707106781186548));
#2565=DIRECTION('',(-1.,0.,0.));
#2566=DIRECTION('',(0.,0.,1.));
#2567=DIRECTION('',(0.,-1.,0.));
#2568=DIRECTION('',(0.,0.,1.));
#2569=DIRECTION('',(0.,1.,0.));
#2570=DIRECTION('',(0.,-1.,0.));
#2571=DIRECTION('',(0.,0.,-1.));
#2572=DIRECTION('',(0.707106781186548,0.,-0.707106781186547));
#2573=DIRECTION('',(0.,0.,1.));
#2574=DIRECTION('',(-0.707106781186548,0.,-0.707106781186548));
#2575=DIRECTION('',(0.,0.,1.));
#2576=DIRECTION('',(1.,0.,0.));
#2577=DIRECTION('',(-0.707106781186547,0.,-0.707106781186548));
#2578=DIRECTION('',(-0.707106781186548,0.,0.707106781186547));
#2579=DIRECTION('',(0.,0.,1.));
#2580=DIRECTION('',(-0.707106781186548,0.,0.707106781186548));
#2581=DIRECTION('',(0.707106781186548,0.,0.707106781186548));
#2582=DIRECTION('',(0.,1.,0.));
#2583=DIRECTION('',(0.,0.,1.));
#2584=DIRECTION('',(0.,0.,1.));
#2585=DIRECTION('',(-0.707106781186548,0.,0.707106781186547));
#2586=DIRECTION('',(0.,0.,1.));
#2587=DIRECTION('',(0.707106781186548,0.,0.707106781186548));
#2588=DIRECTION('',(-1.,0.,0.));
#2589=DIRECTION('',(0.,0.,1.));
#2590=DIRECTION('',(0.,-1.,0.));
#2591=DIRECTION('',(0.,0.,1.));
#2592=DIRECTION('',(0.,1.,0.));
#2593=DIRECTION('',(0.,1.,0.));
#2594=DIRECTION('',(0.,0.,1.));
#2595=DIRECTION('',(-0.707106781186548,0.,0.707106781186547));
#2596=DIRECTION('',(0.,0.,1.));
#2597=DIRECTION('',(0.707106781186548,0.,0.707106781186548));
#2598=DIRECTION('',(0.707106781186548,0.707106781186546,0.));
#2599=DIRECTION('',(-0.707106781186547,0.707106781186549,0.));
#2600=DIRECTION('',(-0.577350269189626,0.577350269189627,0.577350269189625));
#2601=DIRECTION('',(0.,0.,1.));
#2602=DIRECTION('',(0.577350269189625,-0.577350269189627,0.577350269189625));
#2603=DIRECTION('',(1.,0.,0.));
#2604=DIRECTION('',(0.,0.,-1.));
#2605=DIRECTION('',(0.,1.,0.));
#2606=DIRECTION('',(0.,0.,1.));
#2607=DIRECTION('',(0.,-1.,0.));
#2608=DIRECTION('',(0.866025403784442,0.499999999999994,0.));
#2609=DIRECTION('',(-0.499999999999994,0.866025403784442,0.));
#2610=DIRECTION('',(-0.447213595499954,0.774596669241488,0.447213595499953));
#2611=DIRECTION('',(0.,0.,1.));
#2612=DIRECTION('',(0.447213595499954,-0.774596669241488,0.447213595499954));
#2613=DIRECTION('',(0.866025403784438,-0.500000000000002,0.));
#2614=DIRECTION('',(0.500000000000002,0.866025403784438,0.));
#2615=DIRECTION('',(0.447213595499959,0.774596669241482,-0.447213595499959));
#2616=DIRECTION('',(0.,0.,1.));
#2617=DIRECTION('',(-0.447213595499959,-0.774596669241482,-0.447213595499959));
#2618=DIRECTION('',(1.,0.,0.));
#2619=DIRECTION('',(0.,0.,-1.));
#2620=DIRECTION('',(0.,1.,0.));
#2621=DIRECTION('',(0.,0.,1.));
#2622=DIRECTION('',(0.,-1.,0.));
#2623=DIRECTION('',(0.707106781186548,-0.707106781186547,0.));
#2624=DIRECTION('',(0.707106781186547,0.707106781186548,0.));
#2625=DIRECTION('',(0.577350269189626,0.577350269189626,-0.577350269189625));
#2626=DIRECTION('',(0.,0.,1.));
#2627=DIRECTION('',(-0.577350269189626,-0.577350269189626,-0.577350269189626));
#2628=DIRECTION('',(0.,-1.,0.));
#2629=DIRECTION('',(0.,0.,-1.));
#2630=DIRECTION('',(0.707106781186548,0.,-0.707106781186547));
#2631=DIRECTION('',(0.,0.,1.));
#2632=DIRECTION('',(-0.707106781186548,0.,-0.707106781186548));
#2633=DIRECTION('',(-1.,0.,0.));
#2634=DIRECTION('',(0.,0.,1.));
#2635=DIRECTION('',(0.,-1.,0.));
#2636=DIRECTION('',(0.,0.,1.));
#2637=DIRECTION('',(0.,1.,0.));
#2638=DIRECTION('',(0.,-1.,0.));
#2639=DIRECTION('',(0.,0.,-1.));
#2640=DIRECTION('',(0.707106781186548,0.,-0.707106781186547));
#2641=DIRECTION('',(0.,0.,1.));
#2642=DIRECTION('',(-0.707106781186548,0.,-0.707106781186548));
#2643=DIRECTION('',(0.,1.,0.));
#2644=DIRECTION('',(0.,0.,1.));
#2645=DIRECTION('',(0.,0.,1.));
#2646=DIRECTION('',(-0.707106781186548,0.,0.707106781186547));
#2647=DIRECTION('',(0.,0.,1.));
#2648=DIRECTION('',(0.707106781186548,0.,0.707106781186548));
#2649=DIRECTION('',(-1.,0.,0.));
#2650=DIRECTION('',(0.,0.,1.));
#2651=DIRECTION('',(0.,-1.,0.));
#2652=DIRECTION('',(0.,0.,1.));
#2653=DIRECTION('',(0.,1.,0.));
#2654=DIRECTION('',(0.,1.,0.));
#2655=DIRECTION('',(0.,0.,1.));
#2656=DIRECTION('',(-0.707106781186548,0.,0.707106781186547));
#2657=DIRECTION('',(0.,0.,1.));
#2658=DIRECTION('',(0.707106781186548,0.,0.707106781186548));
#2659=DIRECTION('',(0.707106781186548,0.707106781186546,0.));
#2660=DIRECTION('',(-0.707106781186547,0.707106781186549,0.));
#2661=DIRECTION('',(-0.577350269189626,0.577350269189627,0.577350269189625));
#2662=DIRECTION('',(0.,0.,1.));
#2663=DIRECTION('',(0.577350269189625,-0.577350269189627,0.577350269189625));
#2664=DIRECTION('',(1.,0.,0.));
#2665=DIRECTION('',(0.,0.,-1.));
#2666=DIRECTION('',(0.,1.,0.));
#2667=DIRECTION('',(0.,0.,1.));
#2668=DIRECTION('',(0.,-1.,0.));
#2669=DIRECTION('',(0.866025403784442,0.499999999999994,0.));
#2670=DIRECTION('',(-0.499999999999994,0.866025403784442,0.));
#2671=DIRECTION('',(-0.447213595499954,0.774596669241488,0.447213595499953));
#2672=DIRECTION('',(0.,0.,1.));
#2673=DIRECTION('',(0.447213595499954,-0.774596669241488,0.447213595499954));
#2674=DIRECTION('',(0.866025403784438,-0.500000000000002,0.));
#2675=DIRECTION('',(0.500000000000002,0.866025403784438,0.));
#2676=DIRECTION('',(0.447213595499959,0.774596669241482,-0.447213595499959));
#2677=DIRECTION('',(0.,0.,1.));
#2678=DIRECTION('',(-0.447213595499959,-0.774596669241482,-0.447213595499959));
#2679=DIRECTION('',(1.,0.,0.));
#2680=DIRECTION('',(0.,0.,-1.));
#2681=DIRECTION('',(0.,1.,0.));
#2682=DIRECTION('',(0.,0.,1.));
#2683=DIRECTION('',(0.,-1.,0.));
#2684=DIRECTION('',(0.707106781186548,-0.707106781186547,0.));
#2685=DIRECTION('',(0.707106781186547,0.707106781186548,0.));
#2686=DIRECTION('',(0.577350269189626,0.577350269189626,-0.577350269189625));
#2687=DIRECTION('',(0.,0.,1.));
#2688=DIRECTION('',(-0.577350269189626,-0.577350269189626,-0.577350269189626));
#2689=DIRECTION('',(0.,-1.,0.));
#2690=DIRECTION('',(0.,0.,-1.));
#2691=DIRECTION('',(0.707106781186548,0.,-0.707106781186547));
#2692=DIRECTION('',(0.,0.,1.));
#2693=DIRECTION('',(-0.707106781186548,0.,-0.707106781186548));
#2694=DIRECTION('',(-1.,0.,0.));
#2695=DIRECTION('',(0.,0.,1.));
#2696=DIRECTION('',(0.,-1.,0.));
#2697=DIRECTION('',(0.,0.,1.));
#2698=DIRECTION('',(0.,1.,0.));
#2699=DIRECTION('',(0.,-1.,0.));
#2700=DIRECTION('',(0.,0.,-1.));
#2701=DIRECTION('',(0.707106781186548,0.,-0.707106781186547));
#2702=DIRECTION('',(0.,0.,1.));
#2703=DIRECTION('',(-0.707106781186548,0.,-0.707106781186548));
#2704=DIRECTION('',(0.,0.,1.));
#2705=DIRECTION('',(1.,0.,0.));
#2706=DIRECTION('',(0.,0.,1.));
#2707=DIRECTION('',(-0.707106781186547,0.,-0.707106781186548));
#2708=DIRECTION('',(-0.707106781186548,0.,0.707106781186547));
#2709=DIRECTION('',(0.,0.,1.));
#2710=DIRECTION('',(-0.707106781186548,0.,0.707106781186548));
#2711=DIRECTION('',(0.707106781186548,0.,0.707106781186548));
#2712=DIRECTION('',(0.,1.,0.));
#2713=DIRECTION('',(0.,0.,1.));
#2714=DIRECTION('',(0.707106781186548,0.,-0.707106781186547));
#2715=DIRECTION('',(0.,0.,1.));
#2716=DIRECTION('',(-0.707106781186548,0.,-0.707106781186548));
#2717=DIRECTION('',(-1.,0.,0.));
#2718=DIRECTION('',(0.,0.,1.));
#2719=DIRECTION('',(0.,-1.,0.));
#2720=DIRECTION('',(0.,0.,1.));
#2721=DIRECTION('',(0.,1.,0.));
#2722=DIRECTION('',(0.,-1.,0.));
#2723=DIRECTION('',(0.,0.,-1.));
#2724=DIRECTION('',(0.707106781186548,0.,-0.707106781186547));
#2725=DIRECTION('',(0.,0.,1.));
#2726=DIRECTION('',(-0.707106781186548,0.,-0.707106781186548));
#2727=DIRECTION('',(-1.,0.,0.));
#2728=DIRECTION('',(0.,0.,1.));
#2729=DIRECTION('',(0.,-1.,0.));
#2730=DIRECTION('',(0.,0.,1.));
#2731=DIRECTION('',(0.,1.,0.));
#2732=DIRECTION('',(-0.707106781186546,0.707106781186549,0.));
#2733=DIRECTION('',(-0.707106781186549,-0.707106781186546,0.));
#2734=DIRECTION('',(-0.577350269189627,-0.577350269189625,0.577350269189626));
#2735=DIRECTION('',(0.,0.,1.));
#2736=DIRECTION('',(0.577350269189626,0.577350269189625,0.577350269189626));
#2737=DIRECTION('',(0.,1.,0.));
#2738=DIRECTION('',(0.,0.,1.));
#2739=DIRECTION('',(-0.707106781186548,0.,0.707106781186547));
#2740=DIRECTION('',(0.,0.,1.));
#2741=DIRECTION('',(0.707106781186548,0.,0.707106781186548));
#2742=DIRECTION('',(-0.499999999999994,0.866025403784442,0.));
#2743=DIRECTION('',(-0.866025403784442,-0.499999999999994,0.));
#2744=DIRECTION('',(-0.654653670707979,-0.377964473009223,0.654653670707978));
#2745=DIRECTION('',(0.,0.,1.));
#2746=DIRECTION('',(0.654653670707979,0.377964473009222,0.654653670707979));
#2747=DIRECTION('',(0.500000000000001,0.866025403784438,0.));
#2748=DIRECTION('',(-0.866025403784438,0.500000000000001,0.));
#2749=DIRECTION('',(-0.654653670707977,0.377964473009228,0.654653670707976));
#2750=DIRECTION('',(0.,0.,1.));
#2751=DIRECTION('',(0.654653670707977,-0.377964473009228,0.654653670707977));
#2752=DIRECTION('',(0.,1.,0.));
#2753=DIRECTION('',(0.,0.,1.));
#2754=DIRECTION('',(-0.707106781186548,0.,0.707106781186547));
#2755=DIRECTION('',(0.,0.,1.));
#2756=DIRECTION('',(0.707106781186548,0.,0.707106781186548));
#2757=DIRECTION('',(0.707106781186547,0.707106781186548,0.));
#2758=DIRECTION('',(-0.707106781186548,0.707106781186547,0.));
#2759=DIRECTION('',(-0.577350269189626,0.577350269189626,0.577350269189625));
#2760=DIRECTION('',(0.,0.,1.));
#2761=DIRECTION('',(0.577350269189626,-0.577350269189625,0.577350269189626));
#2762=DIRECTION('',(1.,0.,0.));
#2763=DIRECTION('',(0.,0.,-1.));
#2764=DIRECTION('',(0.,1.,0.));
#2765=DIRECTION('',(0.,0.,1.));
#2766=DIRECTION('',(0.,-1.,0.));
#2767=DIRECTION('',(0.,-1.,0.));
#2768=DIRECTION('',(0.,0.,-1.));
#2769=DIRECTION('',(0.707106781186548,0.,-0.707106781186547));
#2770=DIRECTION('',(0.,0.,1.));
#2771=DIRECTION('',(-0.707106781186548,0.,-0.707106781186548));
#2772=DIRECTION('',(1.,0.,0.));
#2773=DIRECTION('',(0.,0.,-1.));
#2774=DIRECTION('',(0.,1.,0.));
#2775=DIRECTION('',(0.,0.,1.));
#2776=DIRECTION('',(0.,-1.,0.));
#2777=DIRECTION('',(0.,1.,0.));
#2778=DIRECTION('',(0.,0.,1.));
#2779=DIRECTION('',(0.707106781186548,0.,-0.707106781186547));
#2780=DIRECTION('',(0.,0.,1.));
#2781=DIRECTION('',(-0.707106781186548,0.,-0.707106781186548));
#2782=DIRECTION('',(0.,0.,1.));
#2783=DIRECTION('',(1.,0.,0.));
#2784=DIRECTION('',(-0.707106781186547,0.,-0.707106781186548));
#2785=DIRECTION('',(-0.707106781186548,0.,0.707106781186547));
#2786=DIRECTION('',(0.,0.,1.));
#2787=DIRECTION('',(-0.707106781186548,0.,0.707106781186548));
#2788=DIRECTION('',(0.707106781186548,0.,0.707106781186548));
#2789=DIRECTION('',(-1.,0.,0.));
#2790=DIRECTION('',(0.,0.,1.));
#2791=DIRECTION('',(0.,-1.,0.));
#2792=DIRECTION('',(0.,0.,1.));
#2793=DIRECTION('',(0.,-1.,0.));
#2794=DIRECTION('',(0.,-1.,0.));
#2795=DIRECTION('',(0.,0.,-1.));
#2796=DIRECTION('',(0.707106781186548,0.,-0.707106781186547));
#2797=DIRECTION('',(0.,0.,1.));
#2798=DIRECTION('',(-0.707106781186548,0.,-0.707106781186548));
#2799=DIRECTION('',(1.,0.,0.));
#2800=DIRECTION('',(0.,0.,-1.));
#2801=DIRECTION('',(0.,1.,0.));
#2802=DIRECTION('',(0.,0.,1.));
#2803=DIRECTION('',(0.,-1.,0.));
#2804=DIRECTION('',(0.,-1.,0.));
#2805=DIRECTION('',(0.,0.,-1.));
#2806=DIRECTION('',(0.707106781186548,0.,-0.707106781186547));
#2807=DIRECTION('',(0.,0.,1.));
#2808=DIRECTION('',(-0.707106781186548,0.,-0.707106781186548));
#2809=DIRECTION('',(-0.707106781186548,-0.707106781186547,0.));
#2810=DIRECTION('',(0.707106781186547,-0.707106781186548,0.));
#2811=DIRECTION('',(0.577350269189626,-0.577350269189627,-0.577350269189625));
#2812=DIRECTION('',(0.,0.,1.));
#2813=DIRECTION('',(-0.577350269189625,0.577350269189627,-0.577350269189625));
#2814=DIRECTION('',(-1.,0.,0.));
#2815=DIRECTION('',(0.,0.,1.));
#2816=DIRECTION('',(0.,-1.,0.));
#2817=DIRECTION('',(0.,0.,1.));
#2818=DIRECTION('',(0.,1.,0.));
#2819=DIRECTION('',(-0.866025403784442,-0.499999999999993,0.));
#2820=DIRECTION('',(0.499999999999993,-0.866025403784442,0.));
#2821=DIRECTION('',(0.447213595499953,-0.774596669241489,-0.447213595499952));
#2822=DIRECTION('',(0.,0.,1.));
#2823=DIRECTION('',(-0.447213595499953,0.774596669241489,-0.447213595499953));
#2824=DIRECTION('',(-0.866025403784438,0.500000000000001,0.));
#2825=DIRECTION('',(-0.500000000000001,-0.866025403784438,0.));
#2826=DIRECTION('',(-0.447213595499959,-0.774596669241483,0.447213595499958));
#2827=DIRECTION('',(0.,0.,1.));
#2828=DIRECTION('',(0.447213595499958,0.774596669241483,0.447213595499958));
#2829=DIRECTION('',(-1.,0.,0.));
#2830=DIRECTION('',(0.,0.,1.));
#2831=DIRECTION('',(0.,-1.,0.));
#2832=DIRECTION('',(0.,0.,1.));
#2833=DIRECTION('',(0.,1.,0.));
#2834=DIRECTION('',(-0.707106781186548,0.707106781186547,0.));
#2835=DIRECTION('',(-0.707106781186547,-0.707106781186548,0.));
#2836=DIRECTION('',(-0.577350269189626,-0.577350269189626,0.577350269189625));
#2837=DIRECTION('',(0.,0.,1.));
#2838=DIRECTION('',(0.577350269189626,0.577350269189626,0.577350269189626));
#2839=DIRECTION('',(0.,1.,0.));
#2840=DIRECTION('',(0.,0.,1.));
#2841=DIRECTION('',(-0.707106781186548,0.,0.707106781186547));
#2842=DIRECTION('',(0.,0.,1.));
#2843=DIRECTION('',(0.707106781186548,0.,0.707106781186548));
#2844=DIRECTION('',(1.,0.,0.));
#2845=DIRECTION('',(0.,0.,-1.));
#2846=DIRECTION('',(0.,1.,0.));
#2847=DIRECTION('',(0.,0.,1.));
#2848=DIRECTION('',(0.,-1.,0.));
#2849=DIRECTION('',(0.,0.,1.));
#2850=DIRECTION('',(1.,0.,0.));
#2851=DIRECTION('',(-0.707106781186547,0.,-0.707106781186548));
#2852=DIRECTION('',(-0.707106781186548,0.,0.707106781186547));
#2853=DIRECTION('',(0.,0.,1.));
#2854=DIRECTION('',(-0.707106781186548,0.,0.707106781186548));
#2855=DIRECTION('',(0.707106781186548,0.,0.707106781186548));
#2856=DIRECTION('',(0.,0.,1.));
#2857=DIRECTION('',(0.,1.,0.));
#2858=DIRECTION('',(0.,0.,1.));
#2859=DIRECTION('',(-0.707106781186548,0.,0.707106781186547));
#2860=DIRECTION('',(0.,0.,1.));
#2861=DIRECTION('',(0.707106781186548,0.,0.707106781186548));
#2862=DIRECTION('',(0.,0.,1.));
#2863=DIRECTION('',(1.,0.,0.));
#2864=DIRECTION('',(-0.707106781186547,0.,-0.707106781186548));
#2865=DIRECTION('',(-0.707106781186548,0.,0.707106781186547));
#2866=DIRECTION('',(0.,0.,1.));
#2867=DIRECTION('',(-0.707106781186548,0.,0.707106781186548));
#2868=DIRECTION('',(0.707106781186548,0.,0.707106781186548));
#2869=DIRECTION('',(-0.707106781186547,0.707106781186548,0.));
#2870=DIRECTION('',(-0.707106781186548,-0.707106781186547,0.));
#2871=DIRECTION('',(-0.577350269189626,-0.577350269189626,0.577350269189625));
#2872=DIRECTION('',(0.,0.,1.));
#2873=DIRECTION('',(0.577350269189626,0.577350269189626,0.577350269189626));
#2874=DIRECTION('',(0.,1.,0.));
#2875=DIRECTION('',(0.,0.,1.));
#2876=DIRECTION('',(-0.707106781186548,0.,0.707106781186547));
#2877=DIRECTION('',(0.,0.,1.));
#2878=DIRECTION('',(0.707106781186548,0.,0.707106781186548));
#2879=DIRECTION('',(0.707106781186547,0.707106781186548,0.));
#2880=DIRECTION('',(-0.707106781186548,0.707106781186547,0.));
#2881=DIRECTION('',(-0.577350269189626,0.577350269189626,0.577350269189625));
#2882=DIRECTION('',(0.,0.,1.));
#2883=DIRECTION('',(0.577350269189626,-0.577350269189626,0.577350269189626));
#2884=DIRECTION('',(0.,0.,1.));
#2885=DIRECTION('',(1.,0.,0.));
#2886=DIRECTION('',(-0.707106781186547,0.,-0.707106781186548));
#2887=DIRECTION('',(-0.707106781186548,0.,0.707106781186547));
#2888=DIRECTION('',(0.,0.,1.));
#2889=DIRECTION('',(-0.707106781186548,0.,0.707106781186548));
#2890=DIRECTION('',(0.707106781186548,0.,0.707106781186548));
#2891=DIRECTION('',(0.,1.,0.));
#2892=DIRECTION('',(0.,0.,1.));
#2893=DIRECTION('',(-0.707106781186548,0.,0.707106781186547));
#2894=DIRECTION('',(0.,0.,1.));
#2895=DIRECTION('',(0.707106781186548,0.,0.707106781186548));
#2896=DIRECTION('',(0.,0.,1.));
#2897=DIRECTION('',(1.,0.,0.));
#2898=DIRECTION('',(-0.707106781186547,0.,-0.707106781186548));
#2899=DIRECTION('',(-0.707106781186548,0.,0.707106781186547));
#2900=DIRECTION('',(0.,0.,1.));
#2901=DIRECTION('',(-0.707106781186548,0.,0.707106781186548));
#2902=DIRECTION('',(0.707106781186548,0.,0.707106781186548));
#2903=DIRECTION('',(1.,0.,0.));
#2904=DIRECTION('',(0.,0.,-1.));
#2905=DIRECTION('',(0.,1.,0.));
#2906=DIRECTION('',(0.,0.,1.));
#2907=DIRECTION('',(0.,-1.,0.));
#2908=DIRECTION('',(0.,0.,1.));
#2909=DIRECTION('',(1.,0.,0.));
#2910=DIRECTION('',(-0.707106781186547,0.,-0.707106781186548));
#2911=DIRECTION('',(-0.707106781186548,0.,0.707106781186547));
#2912=DIRECTION('',(0.,0.,1.));
#2913=DIRECTION('',(-0.707106781186548,0.,0.707106781186548));
#2914=DIRECTION('',(0.707106781186548,0.,0.707106781186548));
#2915=DIRECTION('',(0.,-1.,0.));
#2916=DIRECTION('',(0.,0.,-1.));
#2917=DIRECTION('',(0.707106781186548,0.,-0.707106781186547));
#2918=DIRECTION('',(0.,0.,1.));
#2919=DIRECTION('',(-0.707106781186548,0.,-0.707106781186548));
#2920=DIRECTION('',(0.,0.,1.));
#2921=DIRECTION('',(1.,0.,0.));
#2922=DIRECTION('',(-0.707106781186547,0.,-0.707106781186548));
#2923=DIRECTION('',(-0.707106781186548,0.,0.707106781186547));
#2924=DIRECTION('',(0.,0.,1.));
#2925=DIRECTION('',(-0.707106781186548,0.,0.707106781186548));
#2926=DIRECTION('',(0.707106781186548,0.,0.707106781186548));
#2927=DIRECTION('',(0.707106781186548,-0.707106781186547,0.));
#2928=DIRECTION('',(0.707106781186547,0.707106781186548,0.));
#2929=DIRECTION('',(0.577350269189626,0.577350269189626,-0.577350269189625));
#2930=DIRECTION('',(0.,0.,1.));
#2931=DIRECTION('',(-0.577350269189626,-0.577350269189626,-0.577350269189626));
#2932=DIRECTION('',(0.,-1.,0.));
#2933=DIRECTION('',(0.,0.,-1.));
#2934=DIRECTION('',(0.707106781186548,0.,-0.707106781186547));
#2935=DIRECTION('',(0.,0.,1.));
#2936=DIRECTION('',(-0.707106781186548,0.,-0.707106781186548));
#2937=DIRECTION('',(-0.707106781186548,-0.707106781186547,0.));
#2938=DIRECTION('',(0.707106781186547,-0.707106781186548,0.));
#2939=DIRECTION('',(0.577350269189626,-0.577350269189626,-0.577350269189625));
#2940=DIRECTION('',(0.,0.,1.));
#2941=DIRECTION('',(-0.577350269189626,0.577350269189626,-0.577350269189626));
#2942=DIRECTION('',(0.,0.,1.));
#2943=DIRECTION('',(1.,0.,0.));
#2944=DIRECTION('',(-0.707106781186547,0.,-0.707106781186548));
#2945=DIRECTION('',(-0.707106781186548,0.,0.707106781186547));
#2946=DIRECTION('',(0.,0.,1.));
#2947=DIRECTION('',(-0.707106781186548,0.,0.707106781186548));
#2948=DIRECTION('',(0.707106781186548,0.,0.707106781186548));
#2949=DIRECTION('',(0.,-1.,0.));
#2950=DIRECTION('',(0.,0.,-1.));
#2951=DIRECTION('',(0.707106781186548,0.,-0.707106781186547));
#2952=DIRECTION('',(0.,0.,1.));
#2953=DIRECTION('',(-0.707106781186548,0.,-0.707106781186548));
#2954=DIRECTION('',(0.,0.,1.));
#2955=DIRECTION('',(1.,0.,0.));
#2956=DIRECTION('',(-0.707106781186547,0.,-0.707106781186548));
#2957=DIRECTION('',(-0.707106781186548,0.,0.707106781186547));
#2958=DIRECTION('',(0.,0.,1.));
#2959=DIRECTION('',(-0.707106781186548,0.,0.707106781186548));
#2960=DIRECTION('',(0.707106781186548,0.,0.707106781186548));
#2961=DIRECTION('',(-1.,0.,0.));
#2962=DIRECTION('',(0.,0.,1.));
#2963=DIRECTION('',(0.,-1.,0.));
#2964=DIRECTION('',(0.,1.,0.));
#2965=DIRECTION('',(4.33680868994202E-16,1.,0.));
#2966=DIRECTION('',(-1.,4.33680868994202E-16,0.));
#2967=DIRECTION('',(-0.707106781186548,3.06658683336675E-16,0.707106781186547));
#2968=DIRECTION('',(0.707106781186548,-3.06658683336675E-16,0.707106781186548));
#2969=DIRECTION('',(0.,0.,-1.));
#2970=DIRECTION('',(-1.,0.,0.));
#2971=DIRECTION('',(-0.707106781186547,0.,-0.707106781186548));
#2972=DIRECTION('',(0.707106781186548,0.,-0.707106781186547));
#2973=DIRECTION('',(-0.707106781186548,0.,0.707106781186548));
#2974=DIRECTION('',(-0.707106781186548,0.,-0.707106781186548));
#2975=DIRECTION('',(0.,0.,-1.));
#2976=DIRECTION('',(-1.,0.,0.));
#2977=DIRECTION('',(-0.707106781186547,0.,-0.707106781186548));
#2978=DIRECTION('',(0.707106781186548,0.,-0.707106781186547));
#2979=DIRECTION('',(-0.707106781186548,0.,0.707106781186548));
#2980=DIRECTION('',(-0.707106781186548,0.,-0.707106781186548));
#2981=DIRECTION('',(1.,0.,0.));
#2982=DIRECTION('',(0.,0.,-1.));
#2983=DIRECTION('',(0.,1.,0.));
#2984=DIRECTION('',(0.,1.,0.));
#2985=DIRECTION('',(1.,0.,0.));
#2986=DIRECTION('',(0.,0.,-1.));
#2987=DIRECTION('',(0.,1.,0.));
#2988=DIRECTION('',(0.,1.,0.));
#2989=DIRECTION('',(1.,0.,0.));
#2990=DIRECTION('',(0.,0.,-1.));
#2991=DIRECTION('',(0.,1.,0.));
#2992=DIRECTION('',(0.,1.,0.));
#2993=DIRECTION('',(-0.707106781186548,0.,0.707106781186548));
#2994=DIRECTION('',(0.707106781186548,0.,0.707106781186548));
#2995=DIRECTION('',(-0.707106781186547,0.,-0.707106781186548));
#2996=DIRECTION('',(-0.707106781186548,0.,0.707106781186547));
#2997=CARTESIAN_POINT('',(0.,0.,0.));
#2998=CARTESIAN_POINT('',(-10.,7.,-305.));
#2999=CARTESIAN_POINT('',(-10.,7.,-305.));
#3000=CARTESIAN_POINT('',(-10.,7.,-285.));
#3001=CARTESIAN_POINT('',(-10.,7.,-20.));
#3002=CARTESIAN_POINT('',(-10.,20.,-285.));
#3003=CARTESIAN_POINT('',(-10.,-7.,-285.));
#3004=CARTESIAN_POINT('',(-10.,-7.,-305.));
#3005=CARTESIAN_POINT('',(-10.,-7.,-20.));
#3006=CARTESIAN_POINT('',(-10.,20.,-20.));
#3007=CARTESIAN_POINT('',(-10.,-7.,-305.));
#3008=CARTESIAN_POINT('',(-1.73472347597681E-14,-6.99999999999999,-295.));
#3009=CARTESIAN_POINT('',(-8.,-7.,-287.));
#3010=CARTESIAN_POINT('',(-8.,-7.,-305.));
#3011=CARTESIAN_POINT('',(-8.,-7.,-18.));
#3012=CARTESIAN_POINT('',(-152.5,-7.00000000000019,-162.5));
#3013=CARTESIAN_POINT('',(-8.,-7.,-305.));
#3014=CARTESIAN_POINT('',(-8.,-7.,-287.));
#3015=CARTESIAN_POINT('',(-8.,-4.,-287.));
#3016=CARTESIAN_POINT('',(-8.,-4.,-305.));
#3017=CARTESIAN_POINT('',(-8.00000000000001,-4.,-18.0000000000001));
#3018=CARTESIAN_POINT('',(-8.,-7.,-18.));
#3019=CARTESIAN_POINT('',(-8.,-4.,-305.));
#3020=CARTESIAN_POINT('',(0.999999999999985,-4.,-296.));
#3021=CARTESIAN_POINT('',(-7.06066017177981,-4.,-287.93933982822));
#3022=CARTESIAN_POINT('',(-7.06066017177981,-4.,-305.));
#3023=CARTESIAN_POINT('',(-7.0606601717798,-4.,-17.0606601717798));
#3024=CARTESIAN_POINT('',(-151.5,-4.,-161.5));
#3025=CARTESIAN_POINT('',(-7.06066017177981,-4.,-305.));
#3026=CARTESIAN_POINT('',(-1.37377344785323,-9.6868867239266,-293.626226552147));
#3027=CARTESIAN_POINT('',(-4.,-7.06066017177982,-291.));
#3028=CARTESIAN_POINT('',(-4.,-7.06066017177982,-305.));
#3029=CARTESIAN_POINT('',(-4.,-7.06066017177982,-14.));
#3030=CARTESIAN_POINT('',(-103.04044011452,91.9797799427402,-113.04044011452));
#3031=CARTESIAN_POINT('',(-4.,-7.06066017177982,-305.));
#3032=CARTESIAN_POINT('',(-4.,-7.06066017177982,-291.));
#3033=CARTESIAN_POINT('',(-4.,-9.48038475772934,-291.));
#3034=CARTESIAN_POINT('',(-4.,-9.48038475772934,-305.));
#3035=CARTESIAN_POINT('',(-4.,-9.48038475772935,-14.));
#3036=CARTESIAN_POINT('',(-4.,-7.06066017177982,-14.));
#3037=CARTESIAN_POINT('',(-4.,-9.48038475772934,-305.));
#3038=CARTESIAN_POINT('',(-1.20000000000005,-14.3301270189222,-293.8));
#3039=CARTESIAN_POINT('',(-3.7,-10.,-291.3));
#3040=CARTESIAN_POINT('',(-3.7,-10.,-305.));
#3041=CARTESIAN_POINT('',(-3.7,-10.,-13.7));
#3042=CARTESIAN_POINT('',(-62.1999999999991,91.3249722427791,-72.1999999999991));
#3043=CARTESIAN_POINT('',(-3.7,-10.,-305.));
#3044=CARTESIAN_POINT('',(-0.959999999999983,-5.25418078726129,-294.04));
#3045=CARTESIAN_POINT('',(-4.,-10.5196152422707,-291.));
#3046=CARTESIAN_POINT('',(-4.,-10.5196152422707,-305.));
#3047=CARTESIAN_POINT('',(-4.,-10.5196152422707,-14.));
#3048=CARTESIAN_POINT('',(-61.9600000000006,-110.909280048963,-71.9600000000005));
#3049=CARTESIAN_POINT('',(-4.,-10.5196152422707,-305.));
#3050=CARTESIAN_POINT('',(-4.,-10.5196152422707,-291.));
#3051=CARTESIAN_POINT('',(-4.,-12.9393398282202,-291.));
#3052=CARTESIAN_POINT('',(-4.,-12.9393398282202,-305.));
#3053=CARTESIAN_POINT('',(-4.00000000000002,-12.9393398282202,-14.));
#3054=CARTESIAN_POINT('',(-4.,-10.5196152422707,-14.));
#3055=CARTESIAN_POINT('',(-4.,-12.9393398282202,-305.));
#3056=CARTESIAN_POINT('',(0.666666666666656,-8.27267316155353,-295.666666666667));
#3057=CARTESIAN_POINT('',(-7.06066017177982,-16.,-287.93933982822));
#3058=CARTESIAN_POINT('',(-7.06066017177982,-16.,-305.));
#3059=CARTESIAN_POINT('',(-7.06066017177981,-16.,-17.0606601717798));
#3060=CARTESIAN_POINT('',(-101.,-109.93933982822,-111.));
#3061=CARTESIAN_POINT('',(-7.06066017177982,-16.,-305.));
#3062=CARTESIAN_POINT('',(1.46966991411008,-16.,-296.46966991411));
#3063=CARTESIAN_POINT('',(-8.,-16.,-287.));
#3064=CARTESIAN_POINT('',(-8.,-16.,-305.));
#3065=CARTESIAN_POINT('',(-8.,-16.,-18.));
#3066=CARTESIAN_POINT('',(-151.03033008589,-16.,-161.03033008589));
#3067=CARTESIAN_POINT('',(-8.,-16.,-305.));
#3068=CARTESIAN_POINT('',(-8.,-16.,-287.));
#3069=CARTESIAN_POINT('',(-8.,-13.,-287.));
#3070=CARTESIAN_POINT('',(-8.,-13.,-305.));
#3071=CARTESIAN_POINT('',(-8.00000000000001,-13.,-18.0000000000001));
#3072=CARTESIAN_POINT('',(-8.,-16.,-18.));
#3073=CARTESIAN_POINT('',(-8.,-13.,-305.));
#3074=CARTESIAN_POINT('',(0.999999999999985,-13.,-296.));
#3075=CARTESIAN_POINT('',(-10.,-13.,-285.));
#3076=CARTESIAN_POINT('',(-10.,-13.,-305.));
#3077=CARTESIAN_POINT('',(-10.,-13.,-20.));
#3078=CARTESIAN_POINT('',(-151.5,-13.,-161.5));
#3079=CARTESIAN_POINT('',(-10.,-13.,-305.));
#3080=CARTESIAN_POINT('',(-10.,20.,-285.));
#3081=CARTESIAN_POINT('',(-10.,-19.,-285.));
#3082=CARTESIAN_POINT('',(-10.,-19.,-305.));
#3083=CARTESIAN_POINT('',(-10.,-19.,-20.));
#3084=CARTESIAN_POINT('',(-10.,20.,-20.));
#3085=CARTESIAN_POINT('',(-9.,-19.,-305.));
#3086=CARTESIAN_POINT('',(-9.,-19.,-286.));
#3087=CARTESIAN_POINT('',(-9.,-20.,-286.));
#3088=CARTESIAN_POINT('',(-9.,-20.,-305.));
#3089=CARTESIAN_POINT('',(-9.00000000000004,-20.,-19.));
#3090=CARTESIAN_POINT('',(-9.,-19.,-19.));
#3091=CARTESIAN_POINT('',(-9.,-20.,-305.));
#3092=CARTESIAN_POINT('',(-10.,-20.,-285.));
#3093=CARTESIAN_POINT('',(-3.,-20.,-292.));
#3094=CARTESIAN_POINT('',(-3.,-20.,-305.));
#3095=CARTESIAN_POINT('',(-3.,-20.,-13.));
#3096=CARTESIAN_POINT('',(10.,-20.,0.));
#3097=CARTESIAN_POINT('',(-3.,-20.,-305.));
#3098=CARTESIAN_POINT('',(-3.,-20.,-292.));
#3099=CARTESIAN_POINT('',(-3.,-18.,-292.));
#3100=CARTESIAN_POINT('',(-3.,-18.,-305.));
#3101=CARTESIAN_POINT('',(-3.,-18.,-13.));
#3102=CARTESIAN_POINT('',(-3.,-20.,-13.));
#3103=CARTESIAN_POINT('',(-3.,-18.,-305.));
#3104=CARTESIAN_POINT('',(3.49999999999999,-18.,-298.5));
#3105=CARTESIAN_POINT('',(-6.,-18.,-289.));
#3106=CARTESIAN_POINT('',(-6.,-18.,-305.));
#3107=CARTESIAN_POINT('',(-6.,-18.,-16.));
#3108=CARTESIAN_POINT('',(-149.,-18.,-159.));
#3109=CARTESIAN_POINT('',(-6.,-18.,-305.));
#3110=CARTESIAN_POINT('',(-6.,-18.,-289.));
#3111=CARTESIAN_POINT('',(-6.,-17.0606601717798,-289.));
#3112=CARTESIAN_POINT('',(-6.,-17.0606601717798,-305.));
#3113=CARTESIAN_POINT('',(-5.99999999999999,-17.0606601717798,-15.9999999999999));
#3114=CARTESIAN_POINT('',(-6.,-18.,-16.));
#3115=CARTESIAN_POINT('',(-6.,-17.0606601717798,-305.));
#3116=CARTESIAN_POINT('',(-0.666666666666689,-11.7273268384465,-294.333333333333));
#3117=CARTESIAN_POINT('',(-2.93933982822019,-14.,-292.06066017178));
#3118=CARTESIAN_POINT('',(-2.93933982822019,-14.,-305.));
#3119=CARTESIAN_POINT('',(-2.9393398282202,-14.,-12.9393398282203));
#3120=CARTESIAN_POINT('',(-102.333333333333,-113.393993505113,-112.333333333333));
#3121=CARTESIAN_POINT('',(-2.93933982822019,-14.,-305.));
#3122=CARTESIAN_POINT('',(3.53033008588989,-14.,-298.53033008589));
#3123=CARTESIAN_POINT('',(-0.519615242270646,-14.,-294.480384757729));
#3124=CARTESIAN_POINT('',(-0.519615242270646,-14.,-305.));
#3125=CARTESIAN_POINT('',(-0.519615242270649,-14.,-10.5196152422706));
#3126=CARTESIAN_POINT('',(-148.96966991411,-14.,-158.96966991411));
#3127=CARTESIAN_POINT('',(-0.519615242270646,-14.,-305.));
#3128=CARTESIAN_POINT('',(3.98879129013101,-11.3970702749016,-298.988791290131));
#3129=CARTESIAN_POINT('',(-5.20417042793042E-15,-13.7,-295.));
#3130=CARTESIAN_POINT('',(-4.66206934168767E-15,-13.7,-305.));
#3131=CARTESIAN_POINT('',(0.,-13.7,-10.));
#3132=CARTESIAN_POINT('',(-126.725494424154,-86.8649983189757,-136.725494424154));
#3133=CARTESIAN_POINT('',(-4.66293670342566E-15,-13.7,-305.));
#3134=CARTESIAN_POINT('',(4.28571428571426,-16.174358296527,-299.285714285714));
#3135=CARTESIAN_POINT('',(0.519615242270646,-14.,-295.519615242271));
#3136=CARTESIAN_POINT('',(0.519615242270646,-14.,-305.));
#3137=CARTESIAN_POINT('',(0.519615242270649,-14.,-9.48038475772939));
#3138=CARTESIAN_POINT('',(-126.428571428571,59.2935697475462,-136.428571428571));
#3139=CARTESIAN_POINT('',(0.519615242270646,-14.,-305.));
#3140=CARTESIAN_POINT('',(5.25980762113532,-14.,-300.259807621135));
#3141=CARTESIAN_POINT('',(2.93933982822019,-14.,-297.93933982822));
#3142=CARTESIAN_POINT('',(2.93933982822019,-14.,-305.));
#3143=CARTESIAN_POINT('',(2.93933982822019,-14.,-7.06066017177982));
#3144=CARTESIAN_POINT('',(-147.240192378865,-14.,-157.240192378865));
#3145=CARTESIAN_POINT('',(2.93933982822019,-14.,-305.));
#3146=CARTESIAN_POINT('',(5.29289321881345,-16.3535533905933,-300.292893218813));
#3147=CARTESIAN_POINT('',(6.,-17.0606601717798,-301.));
#3148=CARTESIAN_POINT('',(6.,-17.0606601717798,-305.));
#3149=CARTESIAN_POINT('',(6.,-17.0606601717798,-4.));
#3150=CARTESIAN_POINT('',(-96.3737734478532,85.3131132760734,-106.373773447853));
#3151=CARTESIAN_POINT('',(6.,-17.0606601717798,-305.));
#3152=CARTESIAN_POINT('',(6.,-17.0606601717798,-301.));
#3153=CARTESIAN_POINT('',(6.,-18.,-301.));
#3154=CARTESIAN_POINT('',(6.,-18.,-305.));
#3155=CARTESIAN_POINT('',(6.00000000000001,-18.,-4.));
#3156=CARTESIAN_POINT('',(6.,-17.0606601717798,-4.));
#3157=CARTESIAN_POINT('',(6.,-18.,-305.));
#3158=CARTESIAN_POINT('',(8.,-18.,-303.));
#3159=CARTESIAN_POINT('',(3.,-18.,-298.));
#3160=CARTESIAN_POINT('',(3.,-18.,-305.));
#3161=CARTESIAN_POINT('',(3.,-18.,-7.00000000000001));
#3162=CARTESIAN_POINT('',(-144.5,-18.,-154.5));
#3163=CARTESIAN_POINT('',(3.,-18.,-305.));
#3164=CARTESIAN_POINT('',(3.,-18.,-298.));
#3165=CARTESIAN_POINT('',(2.99999999999999,-20.,-298.));
#3166=CARTESIAN_POINT('',(3.,-20.,-305.));
#3167=CARTESIAN_POINT('',(2.99999999999997,-20.,-7.00000000000003));
#3168=CARTESIAN_POINT('',(3.,-18.,-7.00000000000001));
#3169=CARTESIAN_POINT('',(3.,-20.,-305.));
#3170=CARTESIAN_POINT('',(-10.,-20.,-285.));
#3171=CARTESIAN_POINT('',(9.,-20.,-304.));
#3172=CARTESIAN_POINT('',(9.,-20.,-305.));
#3173=CARTESIAN_POINT('',(9.,-20.,-0.999999999999999));
#3174=CARTESIAN_POINT('',(10.,-20.,0.));
#3175=CARTESIAN_POINT('',(9.,-19.,-305.));
#3176=CARTESIAN_POINT('',(9.,-19.,-304.));
#3177=CARTESIAN_POINT('',(10.,-19.,-305.));
#3178=CARTESIAN_POINT('',(9.99999999999999,-19.,-305.));
#3179=CARTESIAN_POINT('',(9.99999999999999,-19.,0.));
#3180=CARTESIAN_POINT('',(9.,-19.,-1.));
#3181=CARTESIAN_POINT('',(10.,-13.,-305.));
#3182=CARTESIAN_POINT('',(10.,-13.,-305.));
#3183=CARTESIAN_POINT('',(10.,-13.,-305.));
#3184=CARTESIAN_POINT('',(10.,-13.,0.));
#3185=CARTESIAN_POINT('',(10.,-13.,-305.));
#3186=CARTESIAN_POINT('',(8.,-13.,-303.));
#3187=CARTESIAN_POINT('',(8.,-13.,-305.));
#3188=CARTESIAN_POINT('',(8.,-13.,-2.));
#3189=CARTESIAN_POINT('',(-142.5,-13.,-152.5));
#3190=CARTESIAN_POINT('',(8.,-13.,-305.));
#3191=CARTESIAN_POINT('',(8.,-13.,-303.));
#3192=CARTESIAN_POINT('',(8.,-16.,-303.));
#3193=CARTESIAN_POINT('',(8.,-16.,-305.));
#3194=CARTESIAN_POINT('',(8.00000000000001,-16.,-2.));
#3195=CARTESIAN_POINT('',(8.,-13.,-2.));
#3196=CARTESIAN_POINT('',(8.,-16.,-305.));
#3197=CARTESIAN_POINT('',(9.,-16.,-304.));
#3198=CARTESIAN_POINT('',(7.06066017177981,-16.,-302.06066017178));
#3199=CARTESIAN_POINT('',(7.06066017177981,-16.,-305.));
#3200=CARTESIAN_POINT('',(7.0606601717798,-16.,-2.93933982822024));
#3201=CARTESIAN_POINT('',(-143.5,-16.,-153.5));
#3202=CARTESIAN_POINT('',(7.06066017177981,-16.,-305.));
#3203=CARTESIAN_POINT('',(8.04044011451987,-16.9797799427401,-303.04044011452));
#3204=CARTESIAN_POINT('',(4.,-12.9393398282202,-299.));
#3205=CARTESIAN_POINT('',(4.,-12.9393398282202,-305.));
#3206=CARTESIAN_POINT('',(4.,-12.9393398282202,-6.00000000000001));
#3207=CARTESIAN_POINT('',(-93.6262265521466,84.6868867239267,-103.626226552147));
#3208=CARTESIAN_POINT('',(4.,-12.9393398282202,-305.));
#3209=CARTESIAN_POINT('',(4.,-12.9393398282202,-299.));
#3210=CARTESIAN_POINT('',(4.,-10.5196152422707,-299.));
#3211=CARTESIAN_POINT('',(4.,-10.5196152422707,-305.));
#3212=CARTESIAN_POINT('',(4.,-10.5196152422707,-6.00000000000001));
#3213=CARTESIAN_POINT('',(4.,-12.9393398282202,-6.00000000000001));
#3214=CARTESIAN_POINT('',(4.,-10.5196152422707,-305.));
#3215=CARTESIAN_POINT('',(5.19999999999998,-12.5980762113533,-300.2));
#3216=CARTESIAN_POINT('',(3.7,-9.99999999999999,-298.7));
#3217=CARTESIAN_POINT('',(3.7,-9.99999999999999,-305.));
#3218=CARTESIAN_POINT('',(3.69999999999999,-10.,-6.30000000000001));
#3219=CARTESIAN_POINT('',(-55.7999999999989,93.0570230503479,-65.7999999999989));
#3220=CARTESIAN_POINT('',(3.7,-9.99999999999999,-305.));
#3221=CARTESIAN_POINT('',(4.96000000000001,-7.81761598246321,-299.96));
#3222=CARTESIAN_POINT('',(4.,-9.48038475772934,-299.));
#3223=CARTESIAN_POINT('',(4.,-9.48038475772934,-305.));
#3224=CARTESIAN_POINT('',(4.,-9.48038475772934,-6.00000000000001));
#3225=CARTESIAN_POINT('',(-56.0400000000003,-113.472715244165,-66.0400000000003));
#3226=CARTESIAN_POINT('',(4.,-9.48038475772934,-305.));
#3227=CARTESIAN_POINT('',(4.,-9.48038475772934,-299.));
#3228=CARTESIAN_POINT('',(4.,-7.06066017177982,-299.));
#3229=CARTESIAN_POINT('',(4.,-7.06066017177982,-305.));
#3230=CARTESIAN_POINT('',(4.00000000000002,-7.06066017177981,-5.99999999999999));
#3231=CARTESIAN_POINT('',(4.,-9.48038475772934,-6.00000000000001));
#3232=CARTESIAN_POINT('',(4.,-7.06066017177982,-305.));
#3233=CARTESIAN_POINT('',(5.99999999999999,-5.06066017177983,-301.));
#3234=CARTESIAN_POINT('',(7.06066017177982,-4.,-302.06066017178));
#3235=CARTESIAN_POINT('',(7.06066017177982,-4.,-305.));
#3236=CARTESIAN_POINT('',(7.06066017177981,-4.,-2.9393398282202));
#3237=CARTESIAN_POINT('',(-95.6666666666666,-106.727326838447,-105.666666666667));
#3238=CARTESIAN_POINT('',(7.06066017177982,-4.,-305.));
#3239=CARTESIAN_POINT('',(8.53033008588991,-4.,-303.53033008589));
#3240=CARTESIAN_POINT('',(8.,-4.,-303.));
#3241=CARTESIAN_POINT('',(8.,-4.,-305.));
#3242=CARTESIAN_POINT('',(8.,-4.,-2.));
#3243=CARTESIAN_POINT('',(-143.96966991411,-4.,-153.96966991411));
#3244=CARTESIAN_POINT('',(8.,-4.,-305.));
#3245=CARTESIAN_POINT('',(8.,-4.,-303.));
#3246=CARTESIAN_POINT('',(8.,-7.,-303.));
#3247=CARTESIAN_POINT('',(8.,-7.,-305.));
#3248=CARTESIAN_POINT('',(8.00000000000001,-7.,-2.));
#3249=CARTESIAN_POINT('',(8.,-4.,-2.));
#3250=CARTESIAN_POINT('',(8.,-7.,-305.));
#3251=CARTESIAN_POINT('',(9.,-7.,-304.));
#3252=CARTESIAN_POINT('',(10.,-7.,-305.));
#3253=CARTESIAN_POINT('',(10.,-7.,-305.));
#3254=CARTESIAN_POINT('',(10.,-7.,0.));
#3255=CARTESIAN_POINT('',(-143.5,-7.,-153.5));
#3256=CARTESIAN_POINT('',(10.,7.,-305.));
#3257=CARTESIAN_POINT('',(10.,7.,-305.));
#3258=CARTESIAN_POINT('',(10.,7.,-305.));
#3259=CARTESIAN_POINT('',(10.,7.,0.));
#3260=CARTESIAN_POINT('',(10.,7.,-305.));
#3261=CARTESIAN_POINT('',(8.,7.,-303.));
#3262=CARTESIAN_POINT('',(8.,7.,-305.));
#3263=CARTESIAN_POINT('',(8.,7.,-2.));
#3264=CARTESIAN_POINT('',(-142.5,7.,-152.5));
#3265=CARTESIAN_POINT('',(8.,7.,-305.));
#3266=CARTESIAN_POINT('',(8.,7.,-303.));
#3267=CARTESIAN_POINT('',(8.,4.,-303.));
#3268=CARTESIAN_POINT('',(8.,4.,-305.));
#3269=CARTESIAN_POINT('',(8.00000000000001,4.,-2.));
#3270=CARTESIAN_POINT('',(8.,7.,-2.));
#3271=CARTESIAN_POINT('',(8.,4.,-305.));
#3272=CARTESIAN_POINT('',(9.,4.,-304.));
#3273=CARTESIAN_POINT('',(7.06066017177981,4.,-302.06066017178));
#3274=CARTESIAN_POINT('',(7.06066017177981,4.,-305.));
#3275=CARTESIAN_POINT('',(7.0606601717798,4.00000000000002,-2.93933982822024));
#3276=CARTESIAN_POINT('',(-143.5,4.,-153.5));
#3277=CARTESIAN_POINT('',(7.06066017177981,4.,-305.));
#3278=CARTESIAN_POINT('',(8.04044011451987,3.02022005725994,-303.04044011452));
#3279=CARTESIAN_POINT('',(4.,7.06066017177982,-299.));
#3280=CARTESIAN_POINT('',(4.,7.06066017177982,-305.));
#3281=CARTESIAN_POINT('',(4.,7.06066017177982,-6.00000000000001));
#3282=CARTESIAN_POINT('',(-93.6262265521466,104.686886723927,-103.626226552147));
#3283=CARTESIAN_POINT('',(4.,7.06066017177982,-305.));
#3284=CARTESIAN_POINT('',(4.,7.06066017177982,-299.));
#3285=CARTESIAN_POINT('',(4.,9.48038475772934,-299.));
#3286=CARTESIAN_POINT('',(4.,9.48038475772934,-305.));
#3287=CARTESIAN_POINT('',(4.,9.48038475772933,-6.00000000000001));
#3288=CARTESIAN_POINT('',(4.,7.06066017177982,-6.00000000000001));
#3289=CARTESIAN_POINT('',(4.,9.48038475772934,-305.));
#3290=CARTESIAN_POINT('',(5.19999999999998,7.4019237886467,-300.2));
#3291=CARTESIAN_POINT('',(3.7,10.,-298.7));
#3292=CARTESIAN_POINT('',(3.7,10.,-305.));
#3293=CARTESIAN_POINT('',(3.69999999999999,9.99999999999999,-6.30000000000001));
#3294=CARTESIAN_POINT('',(-55.7999999999989,113.057023050348,-65.7999999999989));
#3295=CARTESIAN_POINT('',(3.7,10.,-305.));
#3296=CARTESIAN_POINT('',(4.96000000000001,12.1823840175368,-299.96));
#3297=CARTESIAN_POINT('',(4.,10.5196152422707,-299.));
#3298=CARTESIAN_POINT('',(4.,10.5196152422707,-305.));
#3299=CARTESIAN_POINT('',(4.,10.5196152422707,-6.00000000000001));
#3300=CARTESIAN_POINT('',(-56.0400000000003,-93.4727152441648,-66.0400000000003));
#3301=CARTESIAN_POINT('',(4.,10.5196152422707,-305.));
#3302=CARTESIAN_POINT('',(4.,10.5196152422707,-299.));
#3303=CARTESIAN_POINT('',(4.,12.9393398282202,-299.));
#3304=CARTESIAN_POINT('',(4.,12.9393398282202,-305.));
#3305=CARTESIAN_POINT('',(4.00000000000002,12.9393398282202,-5.99999999999999));
#3306=CARTESIAN_POINT('',(4.,10.5196152422707,-6.00000000000001));
#3307=CARTESIAN_POINT('',(4.,12.9393398282202,-305.));
#3308=CARTESIAN_POINT('',(5.99999999999999,14.9393398282202,-301.));
#3309=CARTESIAN_POINT('',(7.06066017177982,16.,-302.06066017178));
#3310=CARTESIAN_POINT('',(7.06066017177982,16.,-305.));
#3311=CARTESIAN_POINT('',(7.06066017177981,16.,-2.9393398282202));
#3312=CARTESIAN_POINT('',(-95.6666666666666,-86.7273268384465,-105.666666666667));
#3313=CARTESIAN_POINT('',(7.06066017177982,16.,-305.));
#3314=CARTESIAN_POINT('',(8.53033008588991,16.,-303.53033008589));
#3315=CARTESIAN_POINT('',(8.,16.,-303.));
#3316=CARTESIAN_POINT('',(8.,16.,-305.));
#3317=CARTESIAN_POINT('',(8.,16.,-2.));
#3318=CARTESIAN_POINT('',(-143.96966991411,16.,-153.96966991411));
#3319=CARTESIAN_POINT('',(8.,16.,-305.));
#3320=CARTESIAN_POINT('',(8.,16.,-303.));
#3321=CARTESIAN_POINT('',(8.,13.,-303.));
#3322=CARTESIAN_POINT('',(8.,13.,-305.));
#3323=CARTESIAN_POINT('',(8.00000000000001,13.,-2.));
#3324=CARTESIAN_POINT('',(8.,16.,-2.));
#3325=CARTESIAN_POINT('',(8.,13.,-305.));
#3326=CARTESIAN_POINT('',(9.,13.,-304.));
#3327=CARTESIAN_POINT('',(10.,13.,-305.));
#3328=CARTESIAN_POINT('',(10.,13.,-305.));
#3329=CARTESIAN_POINT('',(10.,13.,0.));
#3330=CARTESIAN_POINT('',(-143.5,13.,-153.5));
#3331=CARTESIAN_POINT('',(9.,19.,-305.));
#3332=CARTESIAN_POINT('',(10.,19.,-305.));
#3333=CARTESIAN_POINT('',(10.,19.,-305.));
#3334=CARTESIAN_POINT('',(10.,19.,0.));
#3335=CARTESIAN_POINT('',(9.,19.,-304.));
#3336=CARTESIAN_POINT('',(9.,20.,-304.));
#3337=CARTESIAN_POINT('',(9.,20.,-305.));
#3338=CARTESIAN_POINT('',(8.99999999999998,20.,-1.00000000000002));
#3339=CARTESIAN_POINT('',(9.,19.,-1.));
#3340=CARTESIAN_POINT('',(9.,20.,-305.));
#3341=CARTESIAN_POINT('',(-10.,20.,-285.));
#3342=CARTESIAN_POINT('',(3.,20.,-298.));
#3343=CARTESIAN_POINT('',(3.,20.,-305.));
#3344=CARTESIAN_POINT('',(2.99999999999999,20.,-7.00000000000001));
#3345=CARTESIAN_POINT('',(10.,20.,0.));
#3346=CARTESIAN_POINT('',(3.,20.,-305.));
#3347=CARTESIAN_POINT('',(3.,20.,-298.));
#3348=CARTESIAN_POINT('',(3.,18.,-298.));
#3349=CARTESIAN_POINT('',(3.,18.,-305.));
#3350=CARTESIAN_POINT('',(3.,18.,-7.00000000000006));
#3351=CARTESIAN_POINT('',(3.,20.,-7.00000000000001));
#3352=CARTESIAN_POINT('',(3.,18.,-305.));
#3353=CARTESIAN_POINT('',(6.49999999999999,18.,-301.5));
#3354=CARTESIAN_POINT('',(6.,18.,-301.));
#3355=CARTESIAN_POINT('',(6.,18.,-305.));
#3356=CARTESIAN_POINT('',(6.,18.,-4.));
#3357=CARTESIAN_POINT('',(-146.,18.,-156.));
#3358=CARTESIAN_POINT('',(6.,18.,-305.));
#3359=CARTESIAN_POINT('',(6.,18.,-301.));
#3360=CARTESIAN_POINT('',(6.,17.0606601717798,-301.));
#3361=CARTESIAN_POINT('',(6.,17.0606601717798,-305.));
#3362=CARTESIAN_POINT('',(5.99999999999999,17.0606601717798,-4.00000000000003));
#3363=CARTESIAN_POINT('',(6.,18.,-4.));
#3364=CARTESIAN_POINT('',(6.,17.0606601717798,-305.));
#3365=CARTESIAN_POINT('',(7.33333333333333,18.3939935051131,-302.333333333333));
#3366=CARTESIAN_POINT('',(2.93933982822018,14.,-297.93933982822));
#3367=CARTESIAN_POINT('',(2.93933982822018,14.,-305.));
#3368=CARTESIAN_POINT('',(2.93933982822017,14.,-7.06066017177986));
#3369=CARTESIAN_POINT('',(-94.3333333333335,-83.2726731615534,-104.333333333334));
#3370=CARTESIAN_POINT('',(2.93933982822018,14.,-305.));
#3371=CARTESIAN_POINT('',(6.46966991411008,14.,-301.46966991411));
#3372=CARTESIAN_POINT('',(0.519615242270659,14.,-295.519615242271));
#3373=CARTESIAN_POINT('',(0.51961524227066,14.,-305.));
#3374=CARTESIAN_POINT('',(0.519615242270649,14.,-9.48038475772939));
#3375=CARTESIAN_POINT('',(-146.03033008589,14.,-156.03033008589));
#3376=CARTESIAN_POINT('',(0.51961524227066,14.,-305.));
#3377=CARTESIAN_POINT('',(4.58263728129753,16.3457868679555,-299.582637281298));
#3378=CARTESIAN_POINT('',(-5.20417042793042E-15,13.7,-295.));
#3379=CARTESIAN_POINT('',(-4.66206934168767E-15,13.7,-305.));
#3380=CARTESIAN_POINT('',(0.,13.7,-10.));
#3381=CARTESIAN_POINT('',(-126.131648432989,-59.1221411761162,-136.131648432989));
#3382=CARTESIAN_POINT('',(-4.66293670342566E-15,13.7,-305.));
#3383=CARTESIAN_POINT('',(4.28571428571427,11.225641703473,-299.285714285714));
#3384=CARTESIAN_POINT('',(-0.51961524227066,14.,-294.480384757729));
#3385=CARTESIAN_POINT('',(-0.51961524227066,14.,-305.));
#3386=CARTESIAN_POINT('',(-0.519615242270649,14.,-10.5196152422707));
#3387=CARTESIAN_POINT('',(-126.428571428571,86.6935697475457,-136.428571428571));
#3388=CARTESIAN_POINT('',(-0.51961524227066,14.,-305.));
#3389=CARTESIAN_POINT('',(4.74019237886466,14.,-299.740192378865));
#3390=CARTESIAN_POINT('',(-2.93933982822018,14.,-292.06066017178));
#3391=CARTESIAN_POINT('',(-2.93933982822018,14.,-305.));
#3392=CARTESIAN_POINT('',(-2.9393398282202,14.,-12.9393398282202));
#3393=CARTESIAN_POINT('',(-147.759807621135,14.,-157.759807621135));
#3394=CARTESIAN_POINT('',(-2.93933982822018,14.,-305.));
#3395=CARTESIAN_POINT('',(1.37377344785321,9.68688672392662,-296.373773447853));
#3396=CARTESIAN_POINT('',(-6.,17.0606601717798,-289.));
#3397=CARTESIAN_POINT('',(-6.,17.0606601717798,-305.));
#3398=CARTESIAN_POINT('',(-6.,17.0606601717798,-16.));
#3399=CARTESIAN_POINT('',(-100.292893218814,111.353553390593,-110.292893218814));
#3400=CARTESIAN_POINT('',(-6.,17.0606601717798,-305.));
#3401=CARTESIAN_POINT('',(-6.,17.0606601717798,-289.));
#3402=CARTESIAN_POINT('',(-6.,18.,-289.));
#3403=CARTESIAN_POINT('',(-6.,18.,-305.));
#3404=CARTESIAN_POINT('',(-6.00000000000001,18.,-16.));
#3405=CARTESIAN_POINT('',(-6.,17.0606601717798,-16.));
#3406=CARTESIAN_POINT('',(-6.,18.,-305.));
#3407=CARTESIAN_POINT('',(1.99999999999999,18.,-297.));
#3408=CARTESIAN_POINT('',(-3.,18.,-292.));
#3409=CARTESIAN_POINT('',(-3.,18.,-305.));
#3410=CARTESIAN_POINT('',(-3.,18.,-13.));
#3411=CARTESIAN_POINT('',(-150.5,18.,-160.5));
#3412=CARTESIAN_POINT('',(-3.,18.,-305.));
#3413=CARTESIAN_POINT('',(-3.,18.,-292.));
#3414=CARTESIAN_POINT('',(-2.99999999999999,20.,-292.));
#3415=CARTESIAN_POINT('',(-3.,20.,-305.));
#3416=CARTESIAN_POINT('',(-3.00000000000001,20.,-13.));
#3417=CARTESIAN_POINT('',(-3.,18.,-13.));
#3418=CARTESIAN_POINT('',(-3.,20.,-305.));
#3419=CARTESIAN_POINT('',(-10.,20.,-285.));
#3420=CARTESIAN_POINT('',(-9.,20.,-286.));
#3421=CARTESIAN_POINT('',(-9.,20.,-305.));
#3422=CARTESIAN_POINT('',(-9.,20.,-19.));
#3423=CARTESIAN_POINT('',(10.,20.,0.));
#3424=CARTESIAN_POINT('',(-9.,19.,-305.));
#3425=CARTESIAN_POINT('',(-9.,19.,-286.));
#3426=CARTESIAN_POINT('',(-10.,19.,-285.));
#3427=CARTESIAN_POINT('',(-9.99999999999999,19.,-305.));
#3428=CARTESIAN_POINT('',(-10.,19.,-20.));
#3429=CARTESIAN_POINT('',(-9.,19.,-19.));
#3430=CARTESIAN_POINT('',(-10.,19.,-305.));
#3431=CARTESIAN_POINT('',(-10.,20.,-285.));
#3432=CARTESIAN_POINT('',(-10.,13.,-285.));
#3433=CARTESIAN_POINT('',(-10.,13.,-305.));
#3434=CARTESIAN_POINT('',(-10.,13.,-20.));
#3435=CARTESIAN_POINT('',(-10.,20.,-20.));
#3436=CARTESIAN_POINT('',(-10.,13.,-305.));
#3437=CARTESIAN_POINT('',(-1.73472347597681E-14,13.,-295.));
#3438=CARTESIAN_POINT('',(-8.,13.,-287.));
#3439=CARTESIAN_POINT('',(-8.,13.,-305.));
#3440=CARTESIAN_POINT('',(-8.,13.,-18.));
#3441=CARTESIAN_POINT('',(-152.5,13.,-162.5));
#3442=CARTESIAN_POINT('',(-8.,13.,-305.));
#3443=CARTESIAN_POINT('',(-8.,13.,-287.));
#3444=CARTESIAN_POINT('',(-8.,16.,-287.));
#3445=CARTESIAN_POINT('',(-8.,16.,-305.));
#3446=CARTESIAN_POINT('',(-8.00000000000001,16.,-18.0000000000001));
#3447=CARTESIAN_POINT('',(-8.,13.,-18.));
#3448=CARTESIAN_POINT('',(-8.,16.,-305.));
#3449=CARTESIAN_POINT('',(0.999999999999985,16.,-296.));
#3450=CARTESIAN_POINT('',(-7.06066017177981,16.,-287.93933982822));
#3451=CARTESIAN_POINT('',(-7.06066017177981,16.,-305.));
#3452=CARTESIAN_POINT('',(-7.06066017177981,16.,-17.0606601717798));
#3453=CARTESIAN_POINT('',(-151.5,16.,-161.5));
#3454=CARTESIAN_POINT('',(-7.06066017177981,16.,-305.));
#3455=CARTESIAN_POINT('',(-1.37377344785323,10.3131132760734,-293.626226552147));
#3456=CARTESIAN_POINT('',(-4.,12.9393398282202,-291.));
#3457=CARTESIAN_POINT('',(-4.,12.9393398282202,-305.));
#3458=CARTESIAN_POINT('',(-4.,12.9393398282202,-14.));
#3459=CARTESIAN_POINT('',(-103.04044011452,111.97977994274,-113.04044011452));
#3460=CARTESIAN_POINT('',(-4.,12.9393398282202,-305.));
#3461=CARTESIAN_POINT('',(-4.,12.9393398282202,-291.));
#3462=CARTESIAN_POINT('',(-4.,10.5196152422707,-291.));
#3463=CARTESIAN_POINT('',(-4.,10.5196152422707,-305.));
#3464=CARTESIAN_POINT('',(-4.00000000000001,10.5196152422707,-14.));
#3465=CARTESIAN_POINT('',(-4.,12.9393398282202,-14.));
#3466=CARTESIAN_POINT('',(-4.,10.5196152422707,-305.));
#3467=CARTESIAN_POINT('',(-1.20000000000007,5.66987298107784,-293.8));
#3468=CARTESIAN_POINT('',(-3.7,9.99999999999999,-291.3));
#3469=CARTESIAN_POINT('',(-3.7,9.99999999999999,-305.));
#3470=CARTESIAN_POINT('',(-3.70000000000001,9.99999999999999,-13.7));
#3471=CARTESIAN_POINT('',(-62.1999999999988,111.324972242779,-72.1999999999987));
#3472=CARTESIAN_POINT('',(-3.7,9.99999999999999,-305.));
#3473=CARTESIAN_POINT('',(-0.960000000000004,14.7458192127387,-294.04));
#3474=CARTESIAN_POINT('',(-4.,9.48038475772934,-291.));
#3475=CARTESIAN_POINT('',(-4.,9.48038475772934,-305.));
#3476=CARTESIAN_POINT('',(-4.,9.48038475772934,-14.));
#3477=CARTESIAN_POINT('',(-61.9600000000002,-90.9092800489628,-71.9600000000001));
#3478=CARTESIAN_POINT('',(-4.,9.48038475772934,-305.));
#3479=CARTESIAN_POINT('',(-4.,9.48038475772934,-291.));
#3480=CARTESIAN_POINT('',(-4.,7.06066017177982,-291.));
#3481=CARTESIAN_POINT('',(-4.,7.06066017177982,-305.));
#3482=CARTESIAN_POINT('',(-4.00000000000002,7.06066017177981,-14.));
#3483=CARTESIAN_POINT('',(-4.,9.48038475772934,-14.));
#3484=CARTESIAN_POINT('',(-4.,7.06066017177982,-305.));
#3485=CARTESIAN_POINT('',(0.666666666666654,11.7273268384465,-295.666666666667));
#3486=CARTESIAN_POINT('',(-7.06066017177982,4.,-287.93933982822));
#3487=CARTESIAN_POINT('',(-7.06066017177982,4.,-305.));
#3488=CARTESIAN_POINT('',(-7.06066017177981,4.,-17.0606601717798));
#3489=CARTESIAN_POINT('',(-101.,-89.9393398282202,-111.));
#3490=CARTESIAN_POINT('',(-7.06066017177982,4.,-305.));
#3491=CARTESIAN_POINT('',(1.46966991411008,4.,-296.46966991411));
#3492=CARTESIAN_POINT('',(-8.,4.,-287.));
#3493=CARTESIAN_POINT('',(-8.,4.,-305.));
#3494=CARTESIAN_POINT('',(-8.,4.,-18.));
#3495=CARTESIAN_POINT('',(-151.03033008589,4.,-161.03033008589));
#3496=CARTESIAN_POINT('',(-8.,4.,-305.));
#3497=CARTESIAN_POINT('',(-8.,4.,-287.));
#3498=CARTESIAN_POINT('',(-8.,7.,-287.));
#3499=CARTESIAN_POINT('',(-8.,7.,-305.));
#3500=CARTESIAN_POINT('',(-8.00000000000001,7.,-18.0000000000001));
#3501=CARTESIAN_POINT('',(-8.,4.,-18.));
#3502=CARTESIAN_POINT('',(-7.7,1.7,-305.));
#3503=CARTESIAN_POINT('',(-7.7,1.7,-287.3));
#3504=CARTESIAN_POINT('',(-7.7,2.,-287.3));
#3505=CARTESIAN_POINT('',(-8.,1.7,-287.));
#3506=CARTESIAN_POINT('',(-7.7,2.,-305.));
#3507=CARTESIAN_POINT('',(-7.70000000000001,2.,-17.7));
#3508=CARTESIAN_POINT('',(-7.7,1.7,-17.7));
#3509=CARTESIAN_POINT('',(-8.,1.7,-18.));
#3510=CARTESIAN_POINT('',(-8.,1.7,-305.));
#3511=CARTESIAN_POINT('',(-7.06360389693211,2.,-305.));
#3512=CARTESIAN_POINT('',(1.46819805153393,2.,-296.468198051534));
#3513=CARTESIAN_POINT('',(-7.06360389693211,2.,-287.936396103068));
#3514=CARTESIAN_POINT('',(-7.06360389693211,2.,-305.));
#3515=CARTESIAN_POINT('',(-7.06360389693211,2.,-17.0636038969321));
#3516=CARTESIAN_POINT('',(-151.031801948466,2.,-161.031801948466));
#3517=CARTESIAN_POINT('',(-7.06360389693211,2.29999999999999,-305.));
#3518=CARTESIAN_POINT('',(-7.06360389693211,2.29999999999999,-287.936396103068));
#3519=CARTESIAN_POINT('',(-6.85147186257615,2.08786796564404,-288.148528137424));
#3520=CARTESIAN_POINT('',(-6.85147186257615,2.08786796564403,-305.));
#3521=CARTESIAN_POINT('',(-6.85147186257613,2.08786796564404,-16.8514718625761));
#3522=CARTESIAN_POINT('',(-7.06360389693211,2.29999999999999,-17.0636038969321));
#3523=CARTESIAN_POINT('',(-2.93933982822018,6.,-305.));
#3524=CARTESIAN_POINT('',(1.3737734478532,10.3131132760734,-296.373773447853));
#3525=CARTESIAN_POINT('',(-2.93933982822018,6.,-292.06066017178));
#3526=CARTESIAN_POINT('',(-2.93933982822018,6.,-305.));
#3527=CARTESIAN_POINT('',(-2.93933982822017,6.,-12.9393398282202));
#3528=CARTESIAN_POINT('',(-100.292893218814,-91.3535533905933,-110.292893218813));
#3529=CARTESIAN_POINT('',(2.93933982822018,6.,-305.));
#3530=CARTESIAN_POINT('',(6.46966991411009,6.,-301.46966991411));
#3531=CARTESIAN_POINT('',(2.93933982822018,6.,-297.93933982822));
#3532=CARTESIAN_POINT('',(2.93933982822018,6.,-305.));
#3533=CARTESIAN_POINT('',(2.9393398282202,5.99999999999998,-7.06066017177978));
#3534=CARTESIAN_POINT('',(-146.03033008589,6.,-156.03033008589));
#3535=CARTESIAN_POINT('',(6.85147186257615,2.08786796564403,-305.));
#3536=CARTESIAN_POINT('',(7.90098124171743,1.03835858650275,-302.900981241717));
#3537=CARTESIAN_POINT('',(6.85147186257615,2.08786796564403,-301.851471862576));
#3538=CARTESIAN_POINT('',(6.85147186257615,2.08786796564403,-305.));
#3539=CARTESIAN_POINT('',(6.85147186257615,2.08786796564403,-3.14852813742389));
#3540=CARTESIAN_POINT('',(-93.7656854249493,102.705025253169,-103.765685424949));
#3541=CARTESIAN_POINT('',(7.06360389693212,2.30000000000001,-305.));
#3542=CARTESIAN_POINT('',(7.06360389693212,2.30000000000001,-302.063603896932));
#3543=CARTESIAN_POINT('',(7.06360389693211,2.,-302.063603896932));
#3544=CARTESIAN_POINT('',(7.06360389693211,2.,-305.));
#3545=CARTESIAN_POINT('',(7.06360389693211,2.,-2.93639610306792));
#3546=CARTESIAN_POINT('',(7.06360389693212,2.30000000000001,-2.9363961030679));
#3547=CARTESIAN_POINT('',(7.7,2.,-305.));
#3548=CARTESIAN_POINT('',(8.85,2.,-303.85));
#3549=CARTESIAN_POINT('',(7.7,2.,-302.7));
#3550=CARTESIAN_POINT('',(7.7,2.,-305.));
#3551=CARTESIAN_POINT('',(7.7,2.,-2.29999999999997));
#3552=CARTESIAN_POINT('',(-143.65,2.,-153.65));
#3553=CARTESIAN_POINT('',(7.7,1.7,-305.));
#3554=CARTESIAN_POINT('',(7.7,1.7,-302.7));
#3555=CARTESIAN_POINT('',(8.,1.7,-303.));
#3556=CARTESIAN_POINT('',(8.,1.7,-305.));
#3557=CARTESIAN_POINT('',(8.,1.7,-2.));
#3558=CARTESIAN_POINT('',(7.7,1.7,-2.29999999999997));
#3559=CARTESIAN_POINT('',(8.,-1.7,-305.));
#3560=CARTESIAN_POINT('',(8.,-1.7,-303.));
#3561=CARTESIAN_POINT('',(8.,-1.7,-303.));
#3562=CARTESIAN_POINT('',(8.,-1.7,-305.));
#3563=CARTESIAN_POINT('',(8.,-1.7,-1.99999999999995));
#3564=CARTESIAN_POINT('',(8.,-1.7,-2.));
#3565=CARTESIAN_POINT('',(7.7,-1.7,-305.));
#3566=CARTESIAN_POINT('',(7.7,-1.7,-302.7));
#3567=CARTESIAN_POINT('',(7.70000000000001,-2.,-302.7));
#3568=CARTESIAN_POINT('',(7.70000000000001,-2.,-305.));
#3569=CARTESIAN_POINT('',(7.70000000000001,-2.,-2.30000000000005));
#3570=CARTESIAN_POINT('',(7.7,-1.7,-2.29999999999997));
#3571=CARTESIAN_POINT('',(7.06360389693211,-2.,-305.));
#3572=CARTESIAN_POINT('',(8.53180194846605,-2.,-303.531801948466));
#3573=CARTESIAN_POINT('',(7.06360389693211,-2.,-302.063603896932));
#3574=CARTESIAN_POINT('',(7.06360389693211,-2.,-305.));
#3575=CARTESIAN_POINT('',(7.06360389693211,-2.,-2.9363961030679));
#3576=CARTESIAN_POINT('',(-143.968198051534,-2.,-153.968198051534));
#3577=CARTESIAN_POINT('',(7.06360389693211,-2.3,-305.));
#3578=CARTESIAN_POINT('',(7.06360389693211,-2.3,-302.063603896932));
#3579=CARTESIAN_POINT('',(6.85147186257615,-2.08786796564403,-301.851471862576));
#3580=CARTESIAN_POINT('',(6.85147186257615,-2.08786796564403,-305.));
#3581=CARTESIAN_POINT('',(6.85147186257613,-2.08786796564407,-3.14852813742386));
#3582=CARTESIAN_POINT('',(7.06360389693211,-2.3,-2.9363961030679));
#3583=CARTESIAN_POINT('',(2.93933982822019,-6.,-305.));
#3584=CARTESIAN_POINT('',(5.29289321881345,-3.64644660940673,-300.292893218813));
#3585=CARTESIAN_POINT('',(2.93933982822018,-6.,-297.93933982822));
#3586=CARTESIAN_POINT('',(2.93933982822018,-6.,-305.));
#3587=CARTESIAN_POINT('',(2.93933982822017,-6.,-7.06066017177986));
#3588=CARTESIAN_POINT('',(-96.3737734478532,-105.313113276073,-106.373773447853));
#3589=CARTESIAN_POINT('',(-2.93933982822019,-6.,-305.));
#3590=CARTESIAN_POINT('',(3.5303300858899,-6.,-298.53033008589));
#3591=CARTESIAN_POINT('',(-2.93933982822019,-6.,-292.06066017178));
#3592=CARTESIAN_POINT('',(-2.93933982822019,-6.,-305.));
#3593=CARTESIAN_POINT('',(-2.9393398282202,-5.99999999999999,-12.9393398282203));
#3594=CARTESIAN_POINT('',(-148.96966991411,-6.,-158.96966991411));
#3595=CARTESIAN_POINT('',(-6.85147186257615,-2.08786796564403,-305.));
#3596=CARTESIAN_POINT('',(-1.23431457505078,-7.7050252531694,-293.765685424949));
#3597=CARTESIAN_POINT('',(-6.85147186257615,-2.08786796564403,-288.148528137424));
#3598=CARTESIAN_POINT('',(-6.85147186257615,-2.08786796564403,-305.));
#3599=CARTESIAN_POINT('',(-6.85147186257615,-2.08786796564403,-16.8514718625762));
#3600=CARTESIAN_POINT('',(-102.900981241717,93.9616414134972,-112.900981241717));
#3601=CARTESIAN_POINT('',(-7.06360389693211,-2.29999999999999,-305.));
#3602=CARTESIAN_POINT('',(-7.06360389693211,-2.29999999999999,-287.936396103068));
#3603=CARTESIAN_POINT('',(-7.06360389693211,-2.,-287.936396103068));
#3604=CARTESIAN_POINT('',(-7.06360389693211,-2.,-305.));
#3605=CARTESIAN_POINT('',(-7.06360389693211,-2.,-17.0636038969322));
#3606=CARTESIAN_POINT('',(-7.06360389693211,-2.29999999999999,-17.0636038969321));
#3607=CARTESIAN_POINT('',(-7.70000000000001,-2.,-305.));
#3608=CARTESIAN_POINT('',(1.14999999999998,-2.,-296.15));
#3609=CARTESIAN_POINT('',(-7.70000000000001,-2.,-287.3));
#3610=CARTESIAN_POINT('',(-7.70000000000001,-2.,-305.));
#3611=CARTESIAN_POINT('',(-7.70000000000001,-2.,-17.7));
#3612=CARTESIAN_POINT('',(-151.35,-2.,-161.35));
#3613=CARTESIAN_POINT('',(-7.7,-1.7,-305.));
#3614=CARTESIAN_POINT('',(-7.7,-1.7,-287.3));
#3615=CARTESIAN_POINT('',(-8.,-1.7,-287.));
#3616=CARTESIAN_POINT('',(-8.,-1.7,-305.));
#3617=CARTESIAN_POINT('',(-8.,-1.7,-18.));
#3618=CARTESIAN_POINT('',(-7.7,-1.7,-17.7));
#3619=CARTESIAN_POINT('',(-8.,1.7,-305.));
#3620=CARTESIAN_POINT('',(-8.,1.7,-287.));
#3621=CARTESIAN_POINT('',(-8.,1.7,-18.));
#3622=CARTESIAN_POINT('',(-8.,7.,-305.));
#3623=CARTESIAN_POINT('',(0.999999999999985,7.,-296.));
#3624=CARTESIAN_POINT('',(-151.5,7.00000000000006,-161.5));
#3625=CARTESIAN_POINT('',(0.,10.,-305.));
#3626=CARTESIAN_POINT('',(0.,10.,-295.));
#3627=CARTESIAN_POINT('',(2.1,10.,-297.1));
#3628=CARTESIAN_POINT('',(0.,10.,-10.));
#3629=CARTESIAN_POINT('',(-2.1,10.,-12.1));
#3630=CARTESIAN_POINT('',(0.,-10.,-305.));
#3631=CARTESIAN_POINT('',(0.,-10.,-295.));
#3632=CARTESIAN_POINT('',(2.1,-10.,-297.1));
#3633=CARTESIAN_POINT('',(0.,-10.,-10.));
#3634=CARTESIAN_POINT('',(-2.1,-10.,-12.1));
#3635=CARTESIAN_POINT('',(10.,-19.,-305.));
#3636=CARTESIAN_POINT('',(10.,-19.,0.));
#3637=CARTESIAN_POINT('',(10.,-19.,-305.));
#3638=CARTESIAN_POINT('',(10.,-7.,-305.));
#3639=CARTESIAN_POINT('',(10.,-7.,0.));
#3640=CARTESIAN_POINT('',(10.,-7.,-305.));
#3641=CARTESIAN_POINT('',(10.,13.,-305.));
#3642=CARTESIAN_POINT('',(10.,13.,0.));
#3643=CARTESIAN_POINT('',(10.,13.,-305.));
#3644=CARTESIAN_POINT('',(10.,20.,0.));
#3645=CARTESIAN_POINT('',(-10.,20.,-285.));
#3646=MECHANICAL_DESIGN_GEOMETRIC_PRESENTATION_REPRESENTATION('',(#2275),
#3647);
#3647=(
GEOMETRIC_REPRESENTATION_CONTEXT(3)
GLOBAL_UNCERTAINTY_ASSIGNED_CONTEXT((#3648))
GLOBAL_UNIT_ASSIGNED_CONTEXT((#3651,#3650,#3649))
REPRESENTATION_CONTEXT('HFSB5-2040-305-LBT45-RBT45',
'TOP_LEVEL_ASSEMBLY_PART')
);
#3648=UNCERTAINTY_MEASURE_WITH_UNIT(LENGTH_MEASURE(0.005),#3651,
'DISTANCE_ACCURACY_VALUE','Maximum Tolerance applied to model');
#3649=(
NAMED_UNIT(*)
SI_UNIT($,.STERADIAN.)
SOLID_ANGLE_UNIT()
);
#3650=(
NAMED_UNIT(*)
PLANE_ANGLE_UNIT()
SI_UNIT($,.RADIAN.)
);
#3651=(
LENGTH_UNIT()
NAMED_UNIT(*)
SI_UNIT(.MILLI.,.METRE.)
);
#3652=PRODUCT_DEFINITION_SHAPE('','',#3653);
#3653=PRODUCT_DEFINITION('','',#3655,#3654);
#3654=DESIGN_CONTEXT('',#3661,'design');
#3655=PRODUCT_DEFINITION_FORMATION_WITH_SPECIFIED_SOURCE('','',#3657,
 .NOT_KNOWN.);
#3656=PRODUCT_RELATED_PRODUCT_CATEGORY('','',(#3657));
#3657=PRODUCT('HFSB5-2040-305-LBT45-RBT45','HFSB5-2040-305-LBT45-RBT45',
'HFSB5-2040-305-LBT45-RBT45',(#3659));
#3658=PRODUCT_CATEGORY('','');
#3659=MECHANICAL_CONTEXT('',#3661,'mechanical');
#3660=APPLICATION_PROTOCOL_DEFINITION('international standard',
'config_control_design',2010,#3661);
#3661=APPLICATION_CONTEXT(
'configuration controlled 3D designs of mechanical parts and assemblie
s');
ENDSEC;
END-ISO-10303-21;
