ISO-10303-21;
HEADER;
/* Generated by software containing ST-Developer
 * from STEP Tools, Inc. (www.steptools.com) 
 */
/* OPTION: using custom renumber hook */

FILE_DESCRIPTION(
/* description */ ('STEP AP203'),
/* implementation_level */ '2;1');

FILE_NAME(
/* name */ 'HFSB5-2040-880',
/* time_stamp */ '2025-08-13T11:58:45+02:00',
/* author */ ('License CC BY-ND 4.0'),
/* organization */ ('CADENAS'),
/* preprocessor_version */ 'ST-DEVELOPER v19.3',
/* originating_system */ 'PARTsolutions',
/* authorisation */ '  ');

FILE_SCHEMA (('CONFIG_CONTROL_DESIGN'));
ENDSEC;

DATA;
#10=PROPERTY_DEFINITION_REPRESENTATION(#14,#12);
#11=PROPERTY_DEFINITION_REPRESENTATION(#15,#13);
#12=REPRESENTATION('',(#16),#3647);
#13=REPRESENTATION('',(#17),#3647);
#14=PROPERTY_DEFINITION('pmi validation property','',#3652);
#15=PROPERTY_DEFINITION('pmi validation property','',#3652);
#16=VALUE_REPRESENTATION_ITEM('number of annotations',COUNT_MEASURE(0.));
#17=VALUE_REPRESENTATION_ITEM('number of views',COUNT_MEASURE(0.));
#18=SHAPE_REPRESENTATION_RELATIONSHIP('','',#2285,#19);
#19=ADVANCED_BREP_SHAPE_REPRESENTATION('',(#2283),#3647);
#20=CIRCLE('',#2302,1.);
#21=CIRCLE('',#2303,1.);
#22=CIRCLE('',#2319,0.999999999999997);
#23=CIRCLE('',#2320,0.999999999999997);
#24=CIRCLE('',#2349,1.);
#25=CIRCLE('',#2350,1.);
#26=CIRCLE('',#2366,0.999999999999997);
#27=CIRCLE('',#2367,0.999999999999997);
#28=CIRCLE('',#2381,0.3);
#29=CIRCLE('',#2382,0.3);
#30=CIRCLE('',#2385,0.299999999999994);
#31=CIRCLE('',#2386,0.299999999999994);
#32=CIRCLE('',#2391,0.300000000000012);
#33=CIRCLE('',#2392,0.300000000000012);
#34=CIRCLE('',#2395,0.3);
#35=CIRCLE('',#2396,0.3);
#36=CIRCLE('',#2399,0.299999999999998);
#37=CIRCLE('',#2400,0.299999999999998);
#38=CIRCLE('',#2403,0.299999999999996);
#39=CIRCLE('',#2404,0.299999999999996);
#40=CIRCLE('',#2409,0.299999999999993);
#41=CIRCLE('',#2410,0.299999999999993);
#42=CIRCLE('',#2413,0.300000000000001);
#43=CIRCLE('',#2414,0.300000000000001);
#44=CIRCLE('',#2418,2.1);
#45=CIRCLE('',#2419,2.1);
#46=CIRCLE('',#2421,2.1);
#47=CIRCLE('',#2422,2.1);
#48=CYLINDRICAL_SURFACE('',#2301,1.);
#49=CYLINDRICAL_SURFACE('',#2318,0.999999999999997);
#50=CYLINDRICAL_SURFACE('',#2348,1.);
#51=CYLINDRICAL_SURFACE('',#2365,0.999999999999997);
#52=CYLINDRICAL_SURFACE('',#2380,0.3);
#53=CYLINDRICAL_SURFACE('',#2384,0.299999999999994);
#54=CYLINDRICAL_SURFACE('',#2390,0.300000000000012);
#55=CYLINDRICAL_SURFACE('',#2394,0.3);
#56=CYLINDRICAL_SURFACE('',#2398,0.299999999999998);
#57=CYLINDRICAL_SURFACE('',#2402,0.299999999999996);
#58=CYLINDRICAL_SURFACE('',#2408,0.299999999999993);
#59=CYLINDRICAL_SURFACE('',#2412,0.300000000000001);
#60=CYLINDRICAL_SURFACE('',#2423,2.1);
#61=CYLINDRICAL_SURFACE('',#2424,2.1);
#62=ORIENTED_EDGE('',*,*,#706,.F.);
#63=ORIENTED_EDGE('',*,*,#707,.F.);
#64=ORIENTED_EDGE('',*,*,#708,.T.);
#65=ORIENTED_EDGE('',*,*,#709,.T.);
#66=ORIENTED_EDGE('',*,*,#710,.F.);
#67=ORIENTED_EDGE('',*,*,#709,.F.);
#68=ORIENTED_EDGE('',*,*,#711,.T.);
#69=ORIENTED_EDGE('',*,*,#712,.T.);
#70=ORIENTED_EDGE('',*,*,#713,.F.);
#71=ORIENTED_EDGE('',*,*,#712,.F.);
#72=ORIENTED_EDGE('',*,*,#714,.T.);
#73=ORIENTED_EDGE('',*,*,#715,.T.);
#74=ORIENTED_EDGE('',*,*,#716,.F.);
#75=ORIENTED_EDGE('',*,*,#715,.F.);
#76=ORIENTED_EDGE('',*,*,#717,.T.);
#77=ORIENTED_EDGE('',*,*,#718,.T.);
#78=ORIENTED_EDGE('',*,*,#719,.F.);
#79=ORIENTED_EDGE('',*,*,#718,.F.);
#80=ORIENTED_EDGE('',*,*,#720,.T.);
#81=ORIENTED_EDGE('',*,*,#721,.T.);
#82=ORIENTED_EDGE('',*,*,#722,.F.);
#83=ORIENTED_EDGE('',*,*,#721,.F.);
#84=ORIENTED_EDGE('',*,*,#723,.T.);
#85=ORIENTED_EDGE('',*,*,#724,.T.);
#86=ORIENTED_EDGE('',*,*,#725,.F.);
#87=ORIENTED_EDGE('',*,*,#724,.F.);
#88=ORIENTED_EDGE('',*,*,#726,.T.);
#89=ORIENTED_EDGE('',*,*,#727,.T.);
#90=ORIENTED_EDGE('',*,*,#728,.F.);
#91=ORIENTED_EDGE('',*,*,#727,.F.);
#92=ORIENTED_EDGE('',*,*,#729,.T.);
#93=ORIENTED_EDGE('',*,*,#730,.T.);
#94=ORIENTED_EDGE('',*,*,#731,.F.);
#95=ORIENTED_EDGE('',*,*,#730,.F.);
#96=ORIENTED_EDGE('',*,*,#732,.T.);
#97=ORIENTED_EDGE('',*,*,#733,.T.);
#98=ORIENTED_EDGE('',*,*,#734,.F.);
#99=ORIENTED_EDGE('',*,*,#733,.F.);
#100=ORIENTED_EDGE('',*,*,#735,.T.);
#101=ORIENTED_EDGE('',*,*,#736,.T.);
#102=ORIENTED_EDGE('',*,*,#737,.F.);
#103=ORIENTED_EDGE('',*,*,#736,.F.);
#104=ORIENTED_EDGE('',*,*,#738,.T.);
#105=ORIENTED_EDGE('',*,*,#739,.T.);
#106=ORIENTED_EDGE('',*,*,#740,.F.);
#107=ORIENTED_EDGE('',*,*,#739,.F.);
#108=ORIENTED_EDGE('',*,*,#741,.T.);
#109=ORIENTED_EDGE('',*,*,#742,.T.);
#110=ORIENTED_EDGE('',*,*,#743,.F.);
#111=ORIENTED_EDGE('',*,*,#742,.F.);
#112=ORIENTED_EDGE('',*,*,#744,.T.);
#113=ORIENTED_EDGE('',*,*,#745,.T.);
#114=ORIENTED_EDGE('',*,*,#746,.F.);
#115=ORIENTED_EDGE('',*,*,#745,.F.);
#116=ORIENTED_EDGE('',*,*,#747,.T.);
#117=ORIENTED_EDGE('',*,*,#748,.T.);
#118=ORIENTED_EDGE('',*,*,#749,.F.);
#119=ORIENTED_EDGE('',*,*,#748,.F.);
#120=ORIENTED_EDGE('',*,*,#750,.T.);
#121=ORIENTED_EDGE('',*,*,#751,.T.);
#122=ORIENTED_EDGE('',*,*,#752,.F.);
#123=ORIENTED_EDGE('',*,*,#751,.F.);
#124=ORIENTED_EDGE('',*,*,#753,.T.);
#125=ORIENTED_EDGE('',*,*,#754,.T.);
#126=ORIENTED_EDGE('',*,*,#755,.F.);
#127=ORIENTED_EDGE('',*,*,#754,.F.);
#128=ORIENTED_EDGE('',*,*,#756,.T.);
#129=ORIENTED_EDGE('',*,*,#757,.T.);
#130=ORIENTED_EDGE('',*,*,#758,.F.);
#131=ORIENTED_EDGE('',*,*,#757,.F.);
#132=ORIENTED_EDGE('',*,*,#759,.T.);
#133=ORIENTED_EDGE('',*,*,#760,.T.);
#134=ORIENTED_EDGE('',*,*,#761,.F.);
#135=ORIENTED_EDGE('',*,*,#760,.F.);
#136=ORIENTED_EDGE('',*,*,#762,.T.);
#137=ORIENTED_EDGE('',*,*,#763,.T.);
#138=ORIENTED_EDGE('',*,*,#764,.F.);
#139=ORIENTED_EDGE('',*,*,#763,.F.);
#140=ORIENTED_EDGE('',*,*,#765,.T.);
#141=ORIENTED_EDGE('',*,*,#766,.T.);
#142=ORIENTED_EDGE('',*,*,#767,.F.);
#143=ORIENTED_EDGE('',*,*,#766,.F.);
#144=ORIENTED_EDGE('',*,*,#768,.T.);
#145=ORIENTED_EDGE('',*,*,#769,.T.);
#146=ORIENTED_EDGE('',*,*,#770,.F.);
#147=ORIENTED_EDGE('',*,*,#769,.F.);
#148=ORIENTED_EDGE('',*,*,#771,.T.);
#149=ORIENTED_EDGE('',*,*,#772,.T.);
#150=ORIENTED_EDGE('',*,*,#773,.F.);
#151=ORIENTED_EDGE('',*,*,#772,.F.);
#152=ORIENTED_EDGE('',*,*,#774,.T.);
#153=ORIENTED_EDGE('',*,*,#775,.T.);
#154=ORIENTED_EDGE('',*,*,#776,.F.);
#155=ORIENTED_EDGE('',*,*,#775,.F.);
#156=ORIENTED_EDGE('',*,*,#777,.T.);
#157=ORIENTED_EDGE('',*,*,#778,.T.);
#158=ORIENTED_EDGE('',*,*,#779,.F.);
#159=ORIENTED_EDGE('',*,*,#778,.F.);
#160=ORIENTED_EDGE('',*,*,#780,.T.);
#161=ORIENTED_EDGE('',*,*,#781,.T.);
#162=ORIENTED_EDGE('',*,*,#782,.F.);
#163=ORIENTED_EDGE('',*,*,#781,.F.);
#164=ORIENTED_EDGE('',*,*,#783,.T.);
#165=ORIENTED_EDGE('',*,*,#784,.T.);
#166=ORIENTED_EDGE('',*,*,#785,.F.);
#167=ORIENTED_EDGE('',*,*,#784,.F.);
#168=ORIENTED_EDGE('',*,*,#786,.T.);
#169=ORIENTED_EDGE('',*,*,#787,.T.);
#170=ORIENTED_EDGE('',*,*,#788,.F.);
#171=ORIENTED_EDGE('',*,*,#787,.F.);
#172=ORIENTED_EDGE('',*,*,#789,.T.);
#173=ORIENTED_EDGE('',*,*,#790,.T.);
#174=ORIENTED_EDGE('',*,*,#791,.F.);
#175=ORIENTED_EDGE('',*,*,#790,.F.);
#176=ORIENTED_EDGE('',*,*,#792,.T.);
#177=ORIENTED_EDGE('',*,*,#793,.T.);
#178=ORIENTED_EDGE('',*,*,#794,.F.);
#179=ORIENTED_EDGE('',*,*,#793,.F.);
#180=ORIENTED_EDGE('',*,*,#795,.T.);
#181=ORIENTED_EDGE('',*,*,#796,.T.);
#182=ORIENTED_EDGE('',*,*,#797,.F.);
#183=ORIENTED_EDGE('',*,*,#796,.F.);
#184=ORIENTED_EDGE('',*,*,#798,.T.);
#185=ORIENTED_EDGE('',*,*,#799,.T.);
#186=ORIENTED_EDGE('',*,*,#800,.F.);
#187=ORIENTED_EDGE('',*,*,#799,.F.);
#188=ORIENTED_EDGE('',*,*,#801,.T.);
#189=ORIENTED_EDGE('',*,*,#802,.T.);
#190=ORIENTED_EDGE('',*,*,#803,.F.);
#191=ORIENTED_EDGE('',*,*,#802,.F.);
#192=ORIENTED_EDGE('',*,*,#804,.T.);
#193=ORIENTED_EDGE('',*,*,#805,.T.);
#194=ORIENTED_EDGE('',*,*,#806,.F.);
#195=ORIENTED_EDGE('',*,*,#805,.F.);
#196=ORIENTED_EDGE('',*,*,#807,.T.);
#197=ORIENTED_EDGE('',*,*,#808,.T.);
#198=ORIENTED_EDGE('',*,*,#809,.F.);
#199=ORIENTED_EDGE('',*,*,#808,.F.);
#200=ORIENTED_EDGE('',*,*,#810,.T.);
#201=ORIENTED_EDGE('',*,*,#811,.T.);
#202=ORIENTED_EDGE('',*,*,#812,.F.);
#203=ORIENTED_EDGE('',*,*,#811,.F.);
#204=ORIENTED_EDGE('',*,*,#813,.T.);
#205=ORIENTED_EDGE('',*,*,#814,.T.);
#206=ORIENTED_EDGE('',*,*,#815,.F.);
#207=ORIENTED_EDGE('',*,*,#814,.F.);
#208=ORIENTED_EDGE('',*,*,#816,.T.);
#209=ORIENTED_EDGE('',*,*,#817,.T.);
#210=ORIENTED_EDGE('',*,*,#818,.F.);
#211=ORIENTED_EDGE('',*,*,#817,.F.);
#212=ORIENTED_EDGE('',*,*,#819,.T.);
#213=ORIENTED_EDGE('',*,*,#820,.T.);
#214=ORIENTED_EDGE('',*,*,#821,.F.);
#215=ORIENTED_EDGE('',*,*,#820,.F.);
#216=ORIENTED_EDGE('',*,*,#822,.T.);
#217=ORIENTED_EDGE('',*,*,#823,.T.);
#218=ORIENTED_EDGE('',*,*,#824,.F.);
#219=ORIENTED_EDGE('',*,*,#823,.F.);
#220=ORIENTED_EDGE('',*,*,#825,.T.);
#221=ORIENTED_EDGE('',*,*,#826,.T.);
#222=ORIENTED_EDGE('',*,*,#827,.F.);
#223=ORIENTED_EDGE('',*,*,#826,.F.);
#224=ORIENTED_EDGE('',*,*,#828,.T.);
#225=ORIENTED_EDGE('',*,*,#829,.T.);
#226=ORIENTED_EDGE('',*,*,#830,.F.);
#227=ORIENTED_EDGE('',*,*,#829,.F.);
#228=ORIENTED_EDGE('',*,*,#831,.T.);
#229=ORIENTED_EDGE('',*,*,#832,.T.);
#230=ORIENTED_EDGE('',*,*,#833,.F.);
#231=ORIENTED_EDGE('',*,*,#832,.F.);
#232=ORIENTED_EDGE('',*,*,#834,.T.);
#233=ORIENTED_EDGE('',*,*,#835,.T.);
#234=ORIENTED_EDGE('',*,*,#836,.F.);
#235=ORIENTED_EDGE('',*,*,#835,.F.);
#236=ORIENTED_EDGE('',*,*,#837,.T.);
#237=ORIENTED_EDGE('',*,*,#838,.T.);
#238=ORIENTED_EDGE('',*,*,#839,.F.);
#239=ORIENTED_EDGE('',*,*,#838,.F.);
#240=ORIENTED_EDGE('',*,*,#840,.T.);
#241=ORIENTED_EDGE('',*,*,#841,.T.);
#242=ORIENTED_EDGE('',*,*,#842,.F.);
#243=ORIENTED_EDGE('',*,*,#841,.F.);
#244=ORIENTED_EDGE('',*,*,#843,.T.);
#245=ORIENTED_EDGE('',*,*,#844,.T.);
#246=ORIENTED_EDGE('',*,*,#845,.F.);
#247=ORIENTED_EDGE('',*,*,#844,.F.);
#248=ORIENTED_EDGE('',*,*,#846,.T.);
#249=ORIENTED_EDGE('',*,*,#847,.T.);
#250=ORIENTED_EDGE('',*,*,#848,.F.);
#251=ORIENTED_EDGE('',*,*,#847,.F.);
#252=ORIENTED_EDGE('',*,*,#849,.T.);
#253=ORIENTED_EDGE('',*,*,#850,.T.);
#254=ORIENTED_EDGE('',*,*,#851,.F.);
#255=ORIENTED_EDGE('',*,*,#850,.F.);
#256=ORIENTED_EDGE('',*,*,#852,.T.);
#257=ORIENTED_EDGE('',*,*,#853,.T.);
#258=ORIENTED_EDGE('',*,*,#854,.F.);
#259=ORIENTED_EDGE('',*,*,#853,.F.);
#260=ORIENTED_EDGE('',*,*,#855,.T.);
#261=ORIENTED_EDGE('',*,*,#856,.T.);
#262=ORIENTED_EDGE('',*,*,#857,.F.);
#263=ORIENTED_EDGE('',*,*,#856,.F.);
#264=ORIENTED_EDGE('',*,*,#858,.T.);
#265=ORIENTED_EDGE('',*,*,#859,.T.);
#266=ORIENTED_EDGE('',*,*,#860,.F.);
#267=ORIENTED_EDGE('',*,*,#859,.F.);
#268=ORIENTED_EDGE('',*,*,#861,.T.);
#269=ORIENTED_EDGE('',*,*,#862,.T.);
#270=ORIENTED_EDGE('',*,*,#863,.F.);
#271=ORIENTED_EDGE('',*,*,#862,.F.);
#272=ORIENTED_EDGE('',*,*,#864,.T.);
#273=ORIENTED_EDGE('',*,*,#865,.T.);
#274=ORIENTED_EDGE('',*,*,#866,.F.);
#275=ORIENTED_EDGE('',*,*,#865,.F.);
#276=ORIENTED_EDGE('',*,*,#867,.T.);
#277=ORIENTED_EDGE('',*,*,#868,.T.);
#278=ORIENTED_EDGE('',*,*,#869,.F.);
#279=ORIENTED_EDGE('',*,*,#868,.F.);
#280=ORIENTED_EDGE('',*,*,#870,.T.);
#281=ORIENTED_EDGE('',*,*,#871,.T.);
#282=ORIENTED_EDGE('',*,*,#872,.F.);
#283=ORIENTED_EDGE('',*,*,#871,.F.);
#284=ORIENTED_EDGE('',*,*,#873,.T.);
#285=ORIENTED_EDGE('',*,*,#874,.T.);
#286=ORIENTED_EDGE('',*,*,#875,.F.);
#287=ORIENTED_EDGE('',*,*,#874,.F.);
#288=ORIENTED_EDGE('',*,*,#876,.T.);
#289=ORIENTED_EDGE('',*,*,#877,.T.);
#290=ORIENTED_EDGE('',*,*,#878,.F.);
#291=ORIENTED_EDGE('',*,*,#877,.F.);
#292=ORIENTED_EDGE('',*,*,#879,.T.);
#293=ORIENTED_EDGE('',*,*,#880,.T.);
#294=ORIENTED_EDGE('',*,*,#881,.F.);
#295=ORIENTED_EDGE('',*,*,#880,.F.);
#296=ORIENTED_EDGE('',*,*,#882,.T.);
#297=ORIENTED_EDGE('',*,*,#883,.T.);
#298=ORIENTED_EDGE('',*,*,#884,.F.);
#299=ORIENTED_EDGE('',*,*,#883,.F.);
#300=ORIENTED_EDGE('',*,*,#885,.T.);
#301=ORIENTED_EDGE('',*,*,#886,.T.);
#302=ORIENTED_EDGE('',*,*,#887,.F.);
#303=ORIENTED_EDGE('',*,*,#886,.F.);
#304=ORIENTED_EDGE('',*,*,#888,.T.);
#305=ORIENTED_EDGE('',*,*,#889,.T.);
#306=ORIENTED_EDGE('',*,*,#890,.F.);
#307=ORIENTED_EDGE('',*,*,#889,.F.);
#308=ORIENTED_EDGE('',*,*,#891,.T.);
#309=ORIENTED_EDGE('',*,*,#892,.T.);
#310=ORIENTED_EDGE('',*,*,#893,.F.);
#311=ORIENTED_EDGE('',*,*,#892,.F.);
#312=ORIENTED_EDGE('',*,*,#894,.T.);
#313=ORIENTED_EDGE('',*,*,#895,.T.);
#314=ORIENTED_EDGE('',*,*,#896,.F.);
#315=ORIENTED_EDGE('',*,*,#895,.F.);
#316=ORIENTED_EDGE('',*,*,#897,.T.);
#317=ORIENTED_EDGE('',*,*,#898,.T.);
#318=ORIENTED_EDGE('',*,*,#899,.F.);
#319=ORIENTED_EDGE('',*,*,#898,.F.);
#320=ORIENTED_EDGE('',*,*,#900,.T.);
#321=ORIENTED_EDGE('',*,*,#901,.T.);
#322=ORIENTED_EDGE('',*,*,#902,.F.);
#323=ORIENTED_EDGE('',*,*,#901,.F.);
#324=ORIENTED_EDGE('',*,*,#903,.T.);
#325=ORIENTED_EDGE('',*,*,#904,.T.);
#326=ORIENTED_EDGE('',*,*,#905,.F.);
#327=ORIENTED_EDGE('',*,*,#904,.F.);
#328=ORIENTED_EDGE('',*,*,#906,.T.);
#329=ORIENTED_EDGE('',*,*,#907,.T.);
#330=ORIENTED_EDGE('',*,*,#908,.F.);
#331=ORIENTED_EDGE('',*,*,#907,.F.);
#332=ORIENTED_EDGE('',*,*,#909,.T.);
#333=ORIENTED_EDGE('',*,*,#910,.T.);
#334=ORIENTED_EDGE('',*,*,#911,.F.);
#335=ORIENTED_EDGE('',*,*,#910,.F.);
#336=ORIENTED_EDGE('',*,*,#912,.T.);
#337=ORIENTED_EDGE('',*,*,#913,.T.);
#338=ORIENTED_EDGE('',*,*,#914,.F.);
#339=ORIENTED_EDGE('',*,*,#913,.F.);
#340=ORIENTED_EDGE('',*,*,#915,.T.);
#341=ORIENTED_EDGE('',*,*,#916,.T.);
#342=ORIENTED_EDGE('',*,*,#917,.F.);
#343=ORIENTED_EDGE('',*,*,#916,.F.);
#344=ORIENTED_EDGE('',*,*,#918,.T.);
#345=ORIENTED_EDGE('',*,*,#919,.T.);
#346=ORIENTED_EDGE('',*,*,#920,.F.);
#347=ORIENTED_EDGE('',*,*,#919,.F.);
#348=ORIENTED_EDGE('',*,*,#921,.T.);
#349=ORIENTED_EDGE('',*,*,#922,.T.);
#350=ORIENTED_EDGE('',*,*,#923,.F.);
#351=ORIENTED_EDGE('',*,*,#922,.F.);
#352=ORIENTED_EDGE('',*,*,#924,.T.);
#353=ORIENTED_EDGE('',*,*,#925,.T.);
#354=ORIENTED_EDGE('',*,*,#926,.F.);
#355=ORIENTED_EDGE('',*,*,#925,.F.);
#356=ORIENTED_EDGE('',*,*,#927,.T.);
#357=ORIENTED_EDGE('',*,*,#928,.T.);
#358=ORIENTED_EDGE('',*,*,#929,.F.);
#359=ORIENTED_EDGE('',*,*,#928,.F.);
#360=ORIENTED_EDGE('',*,*,#930,.T.);
#361=ORIENTED_EDGE('',*,*,#931,.T.);
#362=ORIENTED_EDGE('',*,*,#932,.F.);
#363=ORIENTED_EDGE('',*,*,#931,.F.);
#364=ORIENTED_EDGE('',*,*,#933,.T.);
#365=ORIENTED_EDGE('',*,*,#934,.T.);
#366=ORIENTED_EDGE('',*,*,#935,.F.);
#367=ORIENTED_EDGE('',*,*,#934,.F.);
#368=ORIENTED_EDGE('',*,*,#936,.T.);
#369=ORIENTED_EDGE('',*,*,#937,.T.);
#370=ORIENTED_EDGE('',*,*,#938,.F.);
#371=ORIENTED_EDGE('',*,*,#937,.F.);
#372=ORIENTED_EDGE('',*,*,#939,.T.);
#373=ORIENTED_EDGE('',*,*,#940,.T.);
#374=ORIENTED_EDGE('',*,*,#941,.F.);
#375=ORIENTED_EDGE('',*,*,#940,.F.);
#376=ORIENTED_EDGE('',*,*,#942,.T.);
#377=ORIENTED_EDGE('',*,*,#943,.T.);
#378=ORIENTED_EDGE('',*,*,#944,.F.);
#379=ORIENTED_EDGE('',*,*,#943,.F.);
#380=ORIENTED_EDGE('',*,*,#945,.T.);
#381=ORIENTED_EDGE('',*,*,#946,.T.);
#382=ORIENTED_EDGE('',*,*,#947,.F.);
#383=ORIENTED_EDGE('',*,*,#946,.F.);
#384=ORIENTED_EDGE('',*,*,#948,.T.);
#385=ORIENTED_EDGE('',*,*,#949,.T.);
#386=ORIENTED_EDGE('',*,*,#950,.F.);
#387=ORIENTED_EDGE('',*,*,#949,.F.);
#388=ORIENTED_EDGE('',*,*,#951,.T.);
#389=ORIENTED_EDGE('',*,*,#952,.T.);
#390=ORIENTED_EDGE('',*,*,#953,.F.);
#391=ORIENTED_EDGE('',*,*,#952,.F.);
#392=ORIENTED_EDGE('',*,*,#954,.T.);
#393=ORIENTED_EDGE('',*,*,#955,.T.);
#394=ORIENTED_EDGE('',*,*,#956,.F.);
#395=ORIENTED_EDGE('',*,*,#955,.F.);
#396=ORIENTED_EDGE('',*,*,#957,.T.);
#397=ORIENTED_EDGE('',*,*,#958,.T.);
#398=ORIENTED_EDGE('',*,*,#959,.F.);
#399=ORIENTED_EDGE('',*,*,#958,.F.);
#400=ORIENTED_EDGE('',*,*,#960,.T.);
#401=ORIENTED_EDGE('',*,*,#961,.T.);
#402=ORIENTED_EDGE('',*,*,#962,.T.);
#403=ORIENTED_EDGE('',*,*,#963,.F.);
#404=ORIENTED_EDGE('',*,*,#964,.F.);
#405=ORIENTED_EDGE('',*,*,#965,.T.);
#406=ORIENTED_EDGE('',*,*,#966,.T.);
#407=ORIENTED_EDGE('',*,*,#965,.F.);
#408=ORIENTED_EDGE('',*,*,#967,.F.);
#409=ORIENTED_EDGE('',*,*,#968,.T.);
#410=ORIENTED_EDGE('',*,*,#969,.F.);
#411=ORIENTED_EDGE('',*,*,#968,.F.);
#412=ORIENTED_EDGE('',*,*,#970,.T.);
#413=ORIENTED_EDGE('',*,*,#971,.T.);
#414=ORIENTED_EDGE('',*,*,#972,.T.);
#415=ORIENTED_EDGE('',*,*,#971,.F.);
#416=ORIENTED_EDGE('',*,*,#973,.F.);
#417=ORIENTED_EDGE('',*,*,#974,.T.);
#418=ORIENTED_EDGE('',*,*,#975,.T.);
#419=ORIENTED_EDGE('',*,*,#974,.F.);
#420=ORIENTED_EDGE('',*,*,#976,.F.);
#421=ORIENTED_EDGE('',*,*,#977,.T.);
#422=ORIENTED_EDGE('',*,*,#978,.T.);
#423=ORIENTED_EDGE('',*,*,#977,.F.);
#424=ORIENTED_EDGE('',*,*,#979,.F.);
#425=ORIENTED_EDGE('',*,*,#980,.T.);
#426=ORIENTED_EDGE('',*,*,#981,.F.);
#427=ORIENTED_EDGE('',*,*,#980,.F.);
#428=ORIENTED_EDGE('',*,*,#982,.T.);
#429=ORIENTED_EDGE('',*,*,#983,.T.);
#430=ORIENTED_EDGE('',*,*,#984,.T.);
#431=ORIENTED_EDGE('',*,*,#983,.F.);
#432=ORIENTED_EDGE('',*,*,#985,.F.);
#433=ORIENTED_EDGE('',*,*,#986,.T.);
#434=ORIENTED_EDGE('',*,*,#987,.T.);
#435=ORIENTED_EDGE('',*,*,#986,.F.);
#436=ORIENTED_EDGE('',*,*,#988,.F.);
#437=ORIENTED_EDGE('',*,*,#989,.T.);
#438=ORIENTED_EDGE('',*,*,#990,.T.);
#439=ORIENTED_EDGE('',*,*,#989,.F.);
#440=ORIENTED_EDGE('',*,*,#991,.F.);
#441=ORIENTED_EDGE('',*,*,#992,.T.);
#442=ORIENTED_EDGE('',*,*,#993,.T.);
#443=ORIENTED_EDGE('',*,*,#992,.F.);
#444=ORIENTED_EDGE('',*,*,#994,.F.);
#445=ORIENTED_EDGE('',*,*,#995,.T.);
#446=ORIENTED_EDGE('',*,*,#996,.T.);
#447=ORIENTED_EDGE('',*,*,#995,.F.);
#448=ORIENTED_EDGE('',*,*,#997,.F.);
#449=ORIENTED_EDGE('',*,*,#998,.T.);
#450=ORIENTED_EDGE('',*,*,#999,.F.);
#451=ORIENTED_EDGE('',*,*,#998,.F.);
#452=ORIENTED_EDGE('',*,*,#1000,.T.);
#453=ORIENTED_EDGE('',*,*,#1001,.T.);
#454=ORIENTED_EDGE('',*,*,#1002,.T.);
#455=ORIENTED_EDGE('',*,*,#1001,.F.);
#456=ORIENTED_EDGE('',*,*,#1003,.F.);
#457=ORIENTED_EDGE('',*,*,#1004,.T.);
#458=ORIENTED_EDGE('',*,*,#1005,.T.);
#459=ORIENTED_EDGE('',*,*,#1004,.F.);
#460=ORIENTED_EDGE('',*,*,#1006,.F.);
#461=ORIENTED_EDGE('',*,*,#1007,.T.);
#462=ORIENTED_EDGE('',*,*,#1008,.T.);
#463=ORIENTED_EDGE('',*,*,#1007,.F.);
#464=ORIENTED_EDGE('',*,*,#1009,.F.);
#465=ORIENTED_EDGE('',*,*,#1010,.T.);
#466=ORIENTED_EDGE('',*,*,#1011,.F.);
#467=ORIENTED_EDGE('',*,*,#1010,.F.);
#468=ORIENTED_EDGE('',*,*,#1012,.T.);
#469=ORIENTED_EDGE('',*,*,#1013,.T.);
#470=ORIENTED_EDGE('',*,*,#1014,.T.);
#471=ORIENTED_EDGE('',*,*,#1013,.F.);
#472=ORIENTED_EDGE('',*,*,#1015,.F.);
#473=ORIENTED_EDGE('',*,*,#1016,.T.);
#474=ORIENTED_EDGE('',*,*,#1017,.T.);
#475=ORIENTED_EDGE('',*,*,#1016,.F.);
#476=ORIENTED_EDGE('',*,*,#1018,.F.);
#477=ORIENTED_EDGE('',*,*,#1019,.T.);
#478=ORIENTED_EDGE('',*,*,#1020,.T.);
#479=ORIENTED_EDGE('',*,*,#1019,.F.);
#480=ORIENTED_EDGE('',*,*,#1021,.F.);
#481=ORIENTED_EDGE('',*,*,#963,.T.);
#482=ORIENTED_EDGE('',*,*,#1022,.F.);
#483=ORIENTED_EDGE('',*,*,#961,.F.);
#484=ORIENTED_EDGE('',*,*,#1023,.T.);
#485=ORIENTED_EDGE('',*,*,#707,.T.);
#486=ORIENTED_EDGE('',*,*,#1024,.F.);
#487=ORIENTED_EDGE('',*,*,#1025,.F.);
#488=ORIENTED_EDGE('',*,*,#964,.T.);
#489=ORIENTED_EDGE('',*,*,#1021,.T.);
#490=ORIENTED_EDGE('',*,*,#1018,.T.);
#491=ORIENTED_EDGE('',*,*,#1015,.T.);
#492=ORIENTED_EDGE('',*,*,#1012,.F.);
#493=ORIENTED_EDGE('',*,*,#1009,.T.);
#494=ORIENTED_EDGE('',*,*,#1006,.T.);
#495=ORIENTED_EDGE('',*,*,#1003,.T.);
#496=ORIENTED_EDGE('',*,*,#1000,.F.);
#497=ORIENTED_EDGE('',*,*,#997,.T.);
#498=ORIENTED_EDGE('',*,*,#994,.T.);
#499=ORIENTED_EDGE('',*,*,#991,.T.);
#500=ORIENTED_EDGE('',*,*,#988,.T.);
#501=ORIENTED_EDGE('',*,*,#985,.T.);
#502=ORIENTED_EDGE('',*,*,#982,.F.);
#503=ORIENTED_EDGE('',*,*,#979,.T.);
#504=ORIENTED_EDGE('',*,*,#976,.T.);
#505=ORIENTED_EDGE('',*,*,#973,.T.);
#506=ORIENTED_EDGE('',*,*,#970,.F.);
#507=ORIENTED_EDGE('',*,*,#967,.T.);
#508=ORIENTED_EDGE('',*,*,#708,.F.);
#509=ORIENTED_EDGE('',*,*,#1023,.F.);
#510=ORIENTED_EDGE('',*,*,#960,.F.);
#511=ORIENTED_EDGE('',*,*,#957,.F.);
#512=ORIENTED_EDGE('',*,*,#954,.F.);
#513=ORIENTED_EDGE('',*,*,#951,.F.);
#514=ORIENTED_EDGE('',*,*,#948,.F.);
#515=ORIENTED_EDGE('',*,*,#945,.F.);
#516=ORIENTED_EDGE('',*,*,#942,.F.);
#517=ORIENTED_EDGE('',*,*,#939,.F.);
#518=ORIENTED_EDGE('',*,*,#936,.F.);
#519=ORIENTED_EDGE('',*,*,#933,.F.);
#520=ORIENTED_EDGE('',*,*,#930,.F.);
#521=ORIENTED_EDGE('',*,*,#927,.F.);
#522=ORIENTED_EDGE('',*,*,#924,.F.);
#523=ORIENTED_EDGE('',*,*,#921,.F.);
#524=ORIENTED_EDGE('',*,*,#918,.F.);
#525=ORIENTED_EDGE('',*,*,#915,.F.);
#526=ORIENTED_EDGE('',*,*,#912,.F.);
#527=ORIENTED_EDGE('',*,*,#909,.F.);
#528=ORIENTED_EDGE('',*,*,#906,.F.);
#529=ORIENTED_EDGE('',*,*,#903,.F.);
#530=ORIENTED_EDGE('',*,*,#900,.F.);
#531=ORIENTED_EDGE('',*,*,#897,.F.);
#532=ORIENTED_EDGE('',*,*,#894,.F.);
#533=ORIENTED_EDGE('',*,*,#891,.F.);
#534=ORIENTED_EDGE('',*,*,#888,.F.);
#535=ORIENTED_EDGE('',*,*,#885,.F.);
#536=ORIENTED_EDGE('',*,*,#882,.F.);
#537=ORIENTED_EDGE('',*,*,#879,.F.);
#538=ORIENTED_EDGE('',*,*,#876,.F.);
#539=ORIENTED_EDGE('',*,*,#873,.F.);
#540=ORIENTED_EDGE('',*,*,#870,.F.);
#541=ORIENTED_EDGE('',*,*,#867,.F.);
#542=ORIENTED_EDGE('',*,*,#864,.F.);
#543=ORIENTED_EDGE('',*,*,#861,.F.);
#544=ORIENTED_EDGE('',*,*,#858,.F.);
#545=ORIENTED_EDGE('',*,*,#855,.F.);
#546=ORIENTED_EDGE('',*,*,#852,.F.);
#547=ORIENTED_EDGE('',*,*,#849,.F.);
#548=ORIENTED_EDGE('',*,*,#846,.F.);
#549=ORIENTED_EDGE('',*,*,#843,.F.);
#550=ORIENTED_EDGE('',*,*,#840,.F.);
#551=ORIENTED_EDGE('',*,*,#837,.F.);
#552=ORIENTED_EDGE('',*,*,#834,.F.);
#553=ORIENTED_EDGE('',*,*,#831,.F.);
#554=ORIENTED_EDGE('',*,*,#828,.F.);
#555=ORIENTED_EDGE('',*,*,#825,.F.);
#556=ORIENTED_EDGE('',*,*,#822,.F.);
#557=ORIENTED_EDGE('',*,*,#819,.F.);
#558=ORIENTED_EDGE('',*,*,#816,.F.);
#559=ORIENTED_EDGE('',*,*,#813,.F.);
#560=ORIENTED_EDGE('',*,*,#810,.F.);
#561=ORIENTED_EDGE('',*,*,#807,.F.);
#562=ORIENTED_EDGE('',*,*,#804,.F.);
#563=ORIENTED_EDGE('',*,*,#801,.F.);
#564=ORIENTED_EDGE('',*,*,#798,.F.);
#565=ORIENTED_EDGE('',*,*,#795,.F.);
#566=ORIENTED_EDGE('',*,*,#792,.F.);
#567=ORIENTED_EDGE('',*,*,#789,.F.);
#568=ORIENTED_EDGE('',*,*,#786,.F.);
#569=ORIENTED_EDGE('',*,*,#783,.F.);
#570=ORIENTED_EDGE('',*,*,#780,.F.);
#571=ORIENTED_EDGE('',*,*,#777,.F.);
#572=ORIENTED_EDGE('',*,*,#774,.F.);
#573=ORIENTED_EDGE('',*,*,#771,.F.);
#574=ORIENTED_EDGE('',*,*,#768,.F.);
#575=ORIENTED_EDGE('',*,*,#765,.F.);
#576=ORIENTED_EDGE('',*,*,#762,.F.);
#577=ORIENTED_EDGE('',*,*,#759,.F.);
#578=ORIENTED_EDGE('',*,*,#756,.F.);
#579=ORIENTED_EDGE('',*,*,#753,.F.);
#580=ORIENTED_EDGE('',*,*,#750,.F.);
#581=ORIENTED_EDGE('',*,*,#747,.F.);
#582=ORIENTED_EDGE('',*,*,#744,.F.);
#583=ORIENTED_EDGE('',*,*,#741,.F.);
#584=ORIENTED_EDGE('',*,*,#738,.F.);
#585=ORIENTED_EDGE('',*,*,#735,.F.);
#586=ORIENTED_EDGE('',*,*,#732,.F.);
#587=ORIENTED_EDGE('',*,*,#729,.F.);
#588=ORIENTED_EDGE('',*,*,#726,.F.);
#589=ORIENTED_EDGE('',*,*,#723,.F.);
#590=ORIENTED_EDGE('',*,*,#720,.F.);
#591=ORIENTED_EDGE('',*,*,#717,.F.);
#592=ORIENTED_EDGE('',*,*,#714,.F.);
#593=ORIENTED_EDGE('',*,*,#711,.F.);
#594=ORIENTED_EDGE('',*,*,#1026,.T.);
#595=ORIENTED_EDGE('',*,*,#1027,.T.);
#596=ORIENTED_EDGE('',*,*,#962,.F.);
#597=ORIENTED_EDGE('',*,*,#966,.F.);
#598=ORIENTED_EDGE('',*,*,#969,.T.);
#599=ORIENTED_EDGE('',*,*,#972,.F.);
#600=ORIENTED_EDGE('',*,*,#975,.F.);
#601=ORIENTED_EDGE('',*,*,#978,.F.);
#602=ORIENTED_EDGE('',*,*,#981,.T.);
#603=ORIENTED_EDGE('',*,*,#984,.F.);
#604=ORIENTED_EDGE('',*,*,#987,.F.);
#605=ORIENTED_EDGE('',*,*,#990,.F.);
#606=ORIENTED_EDGE('',*,*,#993,.F.);
#607=ORIENTED_EDGE('',*,*,#996,.F.);
#608=ORIENTED_EDGE('',*,*,#999,.T.);
#609=ORIENTED_EDGE('',*,*,#1002,.F.);
#610=ORIENTED_EDGE('',*,*,#1005,.F.);
#611=ORIENTED_EDGE('',*,*,#1008,.F.);
#612=ORIENTED_EDGE('',*,*,#1011,.T.);
#613=ORIENTED_EDGE('',*,*,#1014,.F.);
#614=ORIENTED_EDGE('',*,*,#1017,.F.);
#615=ORIENTED_EDGE('',*,*,#1020,.F.);
#616=ORIENTED_EDGE('',*,*,#706,.T.);
#617=ORIENTED_EDGE('',*,*,#710,.T.);
#618=ORIENTED_EDGE('',*,*,#713,.T.);
#619=ORIENTED_EDGE('',*,*,#716,.T.);
#620=ORIENTED_EDGE('',*,*,#719,.T.);
#621=ORIENTED_EDGE('',*,*,#722,.T.);
#622=ORIENTED_EDGE('',*,*,#725,.T.);
#623=ORIENTED_EDGE('',*,*,#728,.T.);
#624=ORIENTED_EDGE('',*,*,#731,.T.);
#625=ORIENTED_EDGE('',*,*,#734,.T.);
#626=ORIENTED_EDGE('',*,*,#737,.T.);
#627=ORIENTED_EDGE('',*,*,#740,.T.);
#628=ORIENTED_EDGE('',*,*,#743,.T.);
#629=ORIENTED_EDGE('',*,*,#746,.T.);
#630=ORIENTED_EDGE('',*,*,#749,.T.);
#631=ORIENTED_EDGE('',*,*,#752,.T.);
#632=ORIENTED_EDGE('',*,*,#755,.T.);
#633=ORIENTED_EDGE('',*,*,#758,.T.);
#634=ORIENTED_EDGE('',*,*,#761,.T.);
#635=ORIENTED_EDGE('',*,*,#764,.T.);
#636=ORIENTED_EDGE('',*,*,#767,.T.);
#637=ORIENTED_EDGE('',*,*,#770,.T.);
#638=ORIENTED_EDGE('',*,*,#773,.T.);
#639=ORIENTED_EDGE('',*,*,#776,.T.);
#640=ORIENTED_EDGE('',*,*,#779,.T.);
#641=ORIENTED_EDGE('',*,*,#782,.T.);
#642=ORIENTED_EDGE('',*,*,#785,.T.);
#643=ORIENTED_EDGE('',*,*,#788,.T.);
#644=ORIENTED_EDGE('',*,*,#791,.T.);
#645=ORIENTED_EDGE('',*,*,#794,.T.);
#646=ORIENTED_EDGE('',*,*,#797,.T.);
#647=ORIENTED_EDGE('',*,*,#800,.T.);
#648=ORIENTED_EDGE('',*,*,#803,.T.);
#649=ORIENTED_EDGE('',*,*,#806,.T.);
#650=ORIENTED_EDGE('',*,*,#809,.T.);
#651=ORIENTED_EDGE('',*,*,#812,.T.);
#652=ORIENTED_EDGE('',*,*,#815,.T.);
#653=ORIENTED_EDGE('',*,*,#818,.T.);
#654=ORIENTED_EDGE('',*,*,#821,.T.);
#655=ORIENTED_EDGE('',*,*,#824,.T.);
#656=ORIENTED_EDGE('',*,*,#827,.T.);
#657=ORIENTED_EDGE('',*,*,#830,.T.);
#658=ORIENTED_EDGE('',*,*,#833,.T.);
#659=ORIENTED_EDGE('',*,*,#836,.T.);
#660=ORIENTED_EDGE('',*,*,#839,.T.);
#661=ORIENTED_EDGE('',*,*,#842,.T.);
#662=ORIENTED_EDGE('',*,*,#845,.T.);
#663=ORIENTED_EDGE('',*,*,#848,.T.);
#664=ORIENTED_EDGE('',*,*,#851,.T.);
#665=ORIENTED_EDGE('',*,*,#854,.T.);
#666=ORIENTED_EDGE('',*,*,#857,.T.);
#667=ORIENTED_EDGE('',*,*,#860,.T.);
#668=ORIENTED_EDGE('',*,*,#863,.T.);
#669=ORIENTED_EDGE('',*,*,#866,.T.);
#670=ORIENTED_EDGE('',*,*,#869,.T.);
#671=ORIENTED_EDGE('',*,*,#872,.T.);
#672=ORIENTED_EDGE('',*,*,#875,.T.);
#673=ORIENTED_EDGE('',*,*,#878,.T.);
#674=ORIENTED_EDGE('',*,*,#881,.T.);
#675=ORIENTED_EDGE('',*,*,#884,.T.);
#676=ORIENTED_EDGE('',*,*,#887,.T.);
#677=ORIENTED_EDGE('',*,*,#890,.T.);
#678=ORIENTED_EDGE('',*,*,#893,.T.);
#679=ORIENTED_EDGE('',*,*,#896,.T.);
#680=ORIENTED_EDGE('',*,*,#899,.T.);
#681=ORIENTED_EDGE('',*,*,#902,.T.);
#682=ORIENTED_EDGE('',*,*,#905,.T.);
#683=ORIENTED_EDGE('',*,*,#908,.T.);
#684=ORIENTED_EDGE('',*,*,#911,.T.);
#685=ORIENTED_EDGE('',*,*,#914,.T.);
#686=ORIENTED_EDGE('',*,*,#917,.T.);
#687=ORIENTED_EDGE('',*,*,#920,.T.);
#688=ORIENTED_EDGE('',*,*,#923,.T.);
#689=ORIENTED_EDGE('',*,*,#926,.T.);
#690=ORIENTED_EDGE('',*,*,#929,.T.);
#691=ORIENTED_EDGE('',*,*,#932,.T.);
#692=ORIENTED_EDGE('',*,*,#935,.T.);
#693=ORIENTED_EDGE('',*,*,#938,.T.);
#694=ORIENTED_EDGE('',*,*,#941,.T.);
#695=ORIENTED_EDGE('',*,*,#944,.T.);
#696=ORIENTED_EDGE('',*,*,#947,.T.);
#697=ORIENTED_EDGE('',*,*,#950,.T.);
#698=ORIENTED_EDGE('',*,*,#953,.T.);
#699=ORIENTED_EDGE('',*,*,#956,.T.);
#700=ORIENTED_EDGE('',*,*,#959,.T.);
#701=ORIENTED_EDGE('',*,*,#1022,.T.);
#702=ORIENTED_EDGE('',*,*,#1025,.T.);
#703=ORIENTED_EDGE('',*,*,#1027,.F.);
#704=ORIENTED_EDGE('',*,*,#1024,.T.);
#705=ORIENTED_EDGE('',*,*,#1026,.F.);
#706=EDGE_CURVE('',#1028,#1029,#1244,.T.);
#707=EDGE_CURVE('',#1030,#1028,#1245,.T.);
#708=EDGE_CURVE('',#1030,#1031,#1246,.T.);
#709=EDGE_CURVE('',#1031,#1029,#1247,.T.);
#710=EDGE_CURVE('',#1029,#1032,#1248,.T.);
#711=EDGE_CURVE('',#1031,#1033,#1249,.T.);
#712=EDGE_CURVE('',#1033,#1032,#1250,.T.);
#713=EDGE_CURVE('',#1032,#1034,#1251,.T.);
#714=EDGE_CURVE('',#1033,#1035,#1252,.T.);
#715=EDGE_CURVE('',#1035,#1034,#1253,.T.);
#716=EDGE_CURVE('',#1034,#1036,#1254,.T.);
#717=EDGE_CURVE('',#1035,#1037,#1255,.T.);
#718=EDGE_CURVE('',#1037,#1036,#1256,.T.);
#719=EDGE_CURVE('',#1036,#1038,#1257,.T.);
#720=EDGE_CURVE('',#1037,#1039,#1258,.T.);
#721=EDGE_CURVE('',#1039,#1038,#1259,.T.);
#722=EDGE_CURVE('',#1038,#1040,#1260,.T.);
#723=EDGE_CURVE('',#1039,#1041,#1261,.T.);
#724=EDGE_CURVE('',#1041,#1040,#1262,.T.);
#725=EDGE_CURVE('',#1040,#1042,#1263,.T.);
#726=EDGE_CURVE('',#1041,#1043,#1264,.T.);
#727=EDGE_CURVE('',#1043,#1042,#1265,.T.);
#728=EDGE_CURVE('',#1042,#1044,#1266,.T.);
#729=EDGE_CURVE('',#1043,#1045,#1267,.T.);
#730=EDGE_CURVE('',#1045,#1044,#1268,.T.);
#731=EDGE_CURVE('',#1044,#1046,#1269,.T.);
#732=EDGE_CURVE('',#1045,#1047,#1270,.T.);
#733=EDGE_CURVE('',#1047,#1046,#1271,.T.);
#734=EDGE_CURVE('',#1046,#1048,#1272,.T.);
#735=EDGE_CURVE('',#1047,#1049,#1273,.T.);
#736=EDGE_CURVE('',#1049,#1048,#1274,.T.);
#737=EDGE_CURVE('',#1048,#1050,#1275,.T.);
#738=EDGE_CURVE('',#1049,#1051,#1276,.T.);
#739=EDGE_CURVE('',#1051,#1050,#1277,.T.);
#740=EDGE_CURVE('',#1050,#1052,#1278,.T.);
#741=EDGE_CURVE('',#1051,#1053,#1279,.T.);
#742=EDGE_CURVE('',#1053,#1052,#1280,.T.);
#743=EDGE_CURVE('',#1052,#1054,#1281,.T.);
#744=EDGE_CURVE('',#1053,#1055,#1282,.T.);
#745=EDGE_CURVE('',#1055,#1054,#1283,.T.);
#746=EDGE_CURVE('',#1054,#1056,#1284,.T.);
#747=EDGE_CURVE('',#1055,#1057,#1285,.T.);
#748=EDGE_CURVE('',#1057,#1056,#1286,.T.);
#749=EDGE_CURVE('',#1056,#1058,#20,.T.);
#750=EDGE_CURVE('',#1057,#1059,#21,.T.);
#751=EDGE_CURVE('',#1059,#1058,#1287,.T.);
#752=EDGE_CURVE('',#1058,#1060,#1288,.T.);
#753=EDGE_CURVE('',#1059,#1061,#1289,.T.);
#754=EDGE_CURVE('',#1061,#1060,#1290,.T.);
#755=EDGE_CURVE('',#1060,#1062,#1291,.T.);
#756=EDGE_CURVE('',#1061,#1063,#1292,.T.);
#757=EDGE_CURVE('',#1063,#1062,#1293,.T.);
#758=EDGE_CURVE('',#1062,#1064,#1294,.T.);
#759=EDGE_CURVE('',#1063,#1065,#1295,.T.);
#760=EDGE_CURVE('',#1065,#1064,#1296,.T.);
#761=EDGE_CURVE('',#1064,#1066,#1297,.T.);
#762=EDGE_CURVE('',#1065,#1067,#1298,.T.);
#763=EDGE_CURVE('',#1067,#1066,#1299,.T.);
#764=EDGE_CURVE('',#1066,#1068,#1300,.T.);
#765=EDGE_CURVE('',#1067,#1069,#1301,.T.);
#766=EDGE_CURVE('',#1069,#1068,#1302,.T.);
#767=EDGE_CURVE('',#1068,#1070,#1303,.T.);
#768=EDGE_CURVE('',#1069,#1071,#1304,.T.);
#769=EDGE_CURVE('',#1071,#1070,#1305,.T.);
#770=EDGE_CURVE('',#1070,#1072,#1306,.T.);
#771=EDGE_CURVE('',#1071,#1073,#1307,.T.);
#772=EDGE_CURVE('',#1073,#1072,#1308,.T.);
#773=EDGE_CURVE('',#1072,#1074,#1309,.T.);
#774=EDGE_CURVE('',#1073,#1075,#1310,.T.);
#775=EDGE_CURVE('',#1075,#1074,#1311,.T.);
#776=EDGE_CURVE('',#1074,#1076,#1312,.T.);
#777=EDGE_CURVE('',#1075,#1077,#1313,.T.);
#778=EDGE_CURVE('',#1077,#1076,#1314,.T.);
#779=EDGE_CURVE('',#1076,#1078,#1315,.T.);
#780=EDGE_CURVE('',#1077,#1079,#1316,.T.);
#781=EDGE_CURVE('',#1079,#1078,#1317,.T.);
#782=EDGE_CURVE('',#1078,#1080,#1318,.T.);
#783=EDGE_CURVE('',#1079,#1081,#1319,.T.);
#784=EDGE_CURVE('',#1081,#1080,#1320,.T.);
#785=EDGE_CURVE('',#1080,#1082,#1321,.T.);
#786=EDGE_CURVE('',#1081,#1083,#1322,.T.);
#787=EDGE_CURVE('',#1083,#1082,#1323,.T.);
#788=EDGE_CURVE('',#1082,#1084,#1324,.T.);
#789=EDGE_CURVE('',#1083,#1085,#1325,.T.);
#790=EDGE_CURVE('',#1085,#1084,#1326,.T.);
#791=EDGE_CURVE('',#1084,#1086,#1327,.T.);
#792=EDGE_CURVE('',#1085,#1087,#1328,.T.);
#793=EDGE_CURVE('',#1087,#1086,#1329,.T.);
#794=EDGE_CURVE('',#1086,#1088,#22,.T.);
#795=EDGE_CURVE('',#1087,#1089,#23,.T.);
#796=EDGE_CURVE('',#1089,#1088,#1330,.T.);
#797=EDGE_CURVE('',#1088,#1090,#1331,.T.);
#798=EDGE_CURVE('',#1089,#1091,#1332,.T.);
#799=EDGE_CURVE('',#1091,#1090,#1333,.T.);
#800=EDGE_CURVE('',#1090,#1092,#1334,.T.);
#801=EDGE_CURVE('',#1091,#1093,#1335,.T.);
#802=EDGE_CURVE('',#1093,#1092,#1336,.T.);
#803=EDGE_CURVE('',#1092,#1094,#1337,.T.);
#804=EDGE_CURVE('',#1093,#1095,#1338,.T.);
#805=EDGE_CURVE('',#1095,#1094,#1339,.T.);
#806=EDGE_CURVE('',#1094,#1096,#1340,.T.);
#807=EDGE_CURVE('',#1095,#1097,#1341,.T.);
#808=EDGE_CURVE('',#1097,#1096,#1342,.T.);
#809=EDGE_CURVE('',#1096,#1098,#1343,.T.);
#810=EDGE_CURVE('',#1097,#1099,#1344,.T.);
#811=EDGE_CURVE('',#1099,#1098,#1345,.T.);
#812=EDGE_CURVE('',#1098,#1100,#1346,.T.);
#813=EDGE_CURVE('',#1099,#1101,#1347,.T.);
#814=EDGE_CURVE('',#1101,#1100,#1348,.T.);
#815=EDGE_CURVE('',#1100,#1102,#1349,.T.);
#816=EDGE_CURVE('',#1101,#1103,#1350,.T.);
#817=EDGE_CURVE('',#1103,#1102,#1351,.T.);
#818=EDGE_CURVE('',#1102,#1104,#1352,.T.);
#819=EDGE_CURVE('',#1103,#1105,#1353,.T.);
#820=EDGE_CURVE('',#1105,#1104,#1354,.T.);
#821=EDGE_CURVE('',#1104,#1106,#1355,.T.);
#822=EDGE_CURVE('',#1105,#1107,#1356,.T.);
#823=EDGE_CURVE('',#1107,#1106,#1357,.T.);
#824=EDGE_CURVE('',#1106,#1108,#1358,.T.);
#825=EDGE_CURVE('',#1107,#1109,#1359,.T.);
#826=EDGE_CURVE('',#1109,#1108,#1360,.T.);
#827=EDGE_CURVE('',#1108,#1110,#1361,.T.);
#828=EDGE_CURVE('',#1109,#1111,#1362,.T.);
#829=EDGE_CURVE('',#1111,#1110,#1363,.T.);
#830=EDGE_CURVE('',#1110,#1112,#1364,.T.);
#831=EDGE_CURVE('',#1111,#1113,#1365,.T.);
#832=EDGE_CURVE('',#1113,#1112,#1366,.T.);
#833=EDGE_CURVE('',#1112,#1114,#1367,.T.);
#834=EDGE_CURVE('',#1113,#1115,#1368,.T.);
#835=EDGE_CURVE('',#1115,#1114,#1369,.T.);
#836=EDGE_CURVE('',#1114,#1116,#1370,.T.);
#837=EDGE_CURVE('',#1115,#1117,#1371,.T.);
#838=EDGE_CURVE('',#1117,#1116,#1372,.T.);
#839=EDGE_CURVE('',#1116,#1118,#1373,.T.);
#840=EDGE_CURVE('',#1117,#1119,#1374,.T.);
#841=EDGE_CURVE('',#1119,#1118,#1375,.T.);
#842=EDGE_CURVE('',#1118,#1120,#1376,.T.);
#843=EDGE_CURVE('',#1119,#1121,#1377,.T.);
#844=EDGE_CURVE('',#1121,#1120,#1378,.T.);
#845=EDGE_CURVE('',#1120,#1122,#1379,.T.);
#846=EDGE_CURVE('',#1121,#1123,#1380,.T.);
#847=EDGE_CURVE('',#1123,#1122,#1381,.T.);
#848=EDGE_CURVE('',#1122,#1124,#1382,.T.);
#849=EDGE_CURVE('',#1123,#1125,#1383,.T.);
#850=EDGE_CURVE('',#1125,#1124,#1384,.T.);
#851=EDGE_CURVE('',#1124,#1126,#1385,.T.);
#852=EDGE_CURVE('',#1125,#1127,#1386,.T.);
#853=EDGE_CURVE('',#1127,#1126,#1387,.T.);
#854=EDGE_CURVE('',#1126,#1128,#1388,.T.);
#855=EDGE_CURVE('',#1127,#1129,#1389,.T.);
#856=EDGE_CURVE('',#1129,#1128,#1390,.T.);
#857=EDGE_CURVE('',#1128,#1130,#1391,.T.);
#858=EDGE_CURVE('',#1129,#1131,#1392,.T.);
#859=EDGE_CURVE('',#1131,#1130,#1393,.T.);
#860=EDGE_CURVE('',#1130,#1132,#1394,.T.);
#861=EDGE_CURVE('',#1131,#1133,#1395,.T.);
#862=EDGE_CURVE('',#1133,#1132,#1396,.T.);
#863=EDGE_CURVE('',#1132,#1134,#1397,.T.);
#864=EDGE_CURVE('',#1133,#1135,#1398,.T.);
#865=EDGE_CURVE('',#1135,#1134,#1399,.T.);
#866=EDGE_CURVE('',#1134,#1136,#1400,.T.);
#867=EDGE_CURVE('',#1135,#1137,#1401,.T.);
#868=EDGE_CURVE('',#1137,#1136,#1402,.T.);
#869=EDGE_CURVE('',#1136,#1138,#1403,.T.);
#870=EDGE_CURVE('',#1137,#1139,#1404,.T.);
#871=EDGE_CURVE('',#1139,#1138,#1405,.T.);
#872=EDGE_CURVE('',#1138,#1140,#1406,.T.);
#873=EDGE_CURVE('',#1139,#1141,#1407,.T.);
#874=EDGE_CURVE('',#1141,#1140,#1408,.T.);
#875=EDGE_CURVE('',#1140,#1142,#1409,.T.);
#876=EDGE_CURVE('',#1141,#1143,#1410,.T.);
#877=EDGE_CURVE('',#1143,#1142,#1411,.T.);
#878=EDGE_CURVE('',#1142,#1144,#24,.T.);
#879=EDGE_CURVE('',#1143,#1145,#25,.T.);
#880=EDGE_CURVE('',#1145,#1144,#1412,.T.);
#881=EDGE_CURVE('',#1144,#1146,#1413,.T.);
#882=EDGE_CURVE('',#1145,#1147,#1414,.T.);
#883=EDGE_CURVE('',#1147,#1146,#1415,.T.);
#884=EDGE_CURVE('',#1146,#1148,#1416,.T.);
#885=EDGE_CURVE('',#1147,#1149,#1417,.T.);
#886=EDGE_CURVE('',#1149,#1148,#1418,.T.);
#887=EDGE_CURVE('',#1148,#1150,#1419,.T.);
#888=EDGE_CURVE('',#1149,#1151,#1420,.T.);
#889=EDGE_CURVE('',#1151,#1150,#1421,.T.);
#890=EDGE_CURVE('',#1150,#1152,#1422,.T.);
#891=EDGE_CURVE('',#1151,#1153,#1423,.T.);
#892=EDGE_CURVE('',#1153,#1152,#1424,.T.);
#893=EDGE_CURVE('',#1152,#1154,#1425,.T.);
#894=EDGE_CURVE('',#1153,#1155,#1426,.T.);
#895=EDGE_CURVE('',#1155,#1154,#1427,.T.);
#896=EDGE_CURVE('',#1154,#1156,#1428,.T.);
#897=EDGE_CURVE('',#1155,#1157,#1429,.T.);
#898=EDGE_CURVE('',#1157,#1156,#1430,.T.);
#899=EDGE_CURVE('',#1156,#1158,#1431,.T.);
#900=EDGE_CURVE('',#1157,#1159,#1432,.T.);
#901=EDGE_CURVE('',#1159,#1158,#1433,.T.);
#902=EDGE_CURVE('',#1158,#1160,#1434,.T.);
#903=EDGE_CURVE('',#1159,#1161,#1435,.T.);
#904=EDGE_CURVE('',#1161,#1160,#1436,.T.);
#905=EDGE_CURVE('',#1160,#1162,#1437,.T.);
#906=EDGE_CURVE('',#1161,#1163,#1438,.T.);
#907=EDGE_CURVE('',#1163,#1162,#1439,.T.);
#908=EDGE_CURVE('',#1162,#1164,#1440,.T.);
#909=EDGE_CURVE('',#1163,#1165,#1441,.T.);
#910=EDGE_CURVE('',#1165,#1164,#1442,.T.);
#911=EDGE_CURVE('',#1164,#1166,#1443,.T.);
#912=EDGE_CURVE('',#1165,#1167,#1444,.T.);
#913=EDGE_CURVE('',#1167,#1166,#1445,.T.);
#914=EDGE_CURVE('',#1166,#1168,#1446,.T.);
#915=EDGE_CURVE('',#1167,#1169,#1447,.T.);
#916=EDGE_CURVE('',#1169,#1168,#1448,.T.);
#917=EDGE_CURVE('',#1168,#1170,#1449,.T.);
#918=EDGE_CURVE('',#1169,#1171,#1450,.T.);
#919=EDGE_CURVE('',#1171,#1170,#1451,.T.);
#920=EDGE_CURVE('',#1170,#1172,#1452,.T.);
#921=EDGE_CURVE('',#1171,#1173,#1453,.T.);
#922=EDGE_CURVE('',#1173,#1172,#1454,.T.);
#923=EDGE_CURVE('',#1172,#1174,#26,.T.);
#924=EDGE_CURVE('',#1173,#1175,#27,.T.);
#925=EDGE_CURVE('',#1175,#1174,#1455,.T.);
#926=EDGE_CURVE('',#1174,#1176,#1456,.T.);
#927=EDGE_CURVE('',#1175,#1177,#1457,.T.);
#928=EDGE_CURVE('',#1177,#1176,#1458,.T.);
#929=EDGE_CURVE('',#1176,#1178,#1459,.T.);
#930=EDGE_CURVE('',#1177,#1179,#1460,.T.);
#931=EDGE_CURVE('',#1179,#1178,#1461,.T.);
#932=EDGE_CURVE('',#1178,#1180,#1462,.T.);
#933=EDGE_CURVE('',#1179,#1181,#1463,.T.);
#934=EDGE_CURVE('',#1181,#1180,#1464,.T.);
#935=EDGE_CURVE('',#1180,#1182,#1465,.T.);
#936=EDGE_CURVE('',#1181,#1183,#1466,.T.);
#937=EDGE_CURVE('',#1183,#1182,#1467,.T.);
#938=EDGE_CURVE('',#1182,#1184,#1468,.T.);
#939=EDGE_CURVE('',#1183,#1185,#1469,.T.);
#940=EDGE_CURVE('',#1185,#1184,#1470,.T.);
#941=EDGE_CURVE('',#1184,#1186,#1471,.T.);
#942=EDGE_CURVE('',#1185,#1187,#1472,.T.);
#943=EDGE_CURVE('',#1187,#1186,#1473,.T.);
#944=EDGE_CURVE('',#1186,#1188,#1474,.T.);
#945=EDGE_CURVE('',#1187,#1189,#1475,.T.);
#946=EDGE_CURVE('',#1189,#1188,#1476,.T.);
#947=EDGE_CURVE('',#1188,#1190,#1477,.T.);
#948=EDGE_CURVE('',#1189,#1191,#1478,.T.);
#949=EDGE_CURVE('',#1191,#1190,#1479,.T.);
#950=EDGE_CURVE('',#1190,#1192,#1480,.T.);
#951=EDGE_CURVE('',#1191,#1193,#1481,.T.);
#952=EDGE_CURVE('',#1193,#1192,#1482,.T.);
#953=EDGE_CURVE('',#1192,#1194,#1483,.T.);
#954=EDGE_CURVE('',#1193,#1195,#1484,.T.);
#955=EDGE_CURVE('',#1195,#1194,#1485,.T.);
#956=EDGE_CURVE('',#1194,#1196,#1486,.T.);
#957=EDGE_CURVE('',#1195,#1197,#1487,.T.);
#958=EDGE_CURVE('',#1197,#1196,#1488,.T.);
#959=EDGE_CURVE('',#1196,#1198,#1489,.T.);
#960=EDGE_CURVE('',#1197,#1199,#1490,.T.);
#961=EDGE_CURVE('',#1199,#1198,#1491,.T.);
#962=EDGE_CURVE('',#1200,#1201,#28,.T.);
#963=EDGE_CURVE('',#1202,#1201,#1492,.T.);
#964=EDGE_CURVE('',#1203,#1202,#29,.T.);
#965=EDGE_CURVE('',#1203,#1200,#1493,.T.);
#966=EDGE_CURVE('',#1204,#1200,#1494,.T.);
#967=EDGE_CURVE('',#1205,#1203,#1495,.T.);
#968=EDGE_CURVE('',#1205,#1204,#1496,.T.);
#969=EDGE_CURVE('',#1204,#1206,#30,.T.);
#970=EDGE_CURVE('',#1205,#1207,#31,.T.);
#971=EDGE_CURVE('',#1207,#1206,#1497,.T.);
#972=EDGE_CURVE('',#1208,#1206,#1498,.T.);
#973=EDGE_CURVE('',#1209,#1207,#1499,.T.);
#974=EDGE_CURVE('',#1209,#1208,#1500,.T.);
#975=EDGE_CURVE('',#1210,#1208,#1501,.T.);
#976=EDGE_CURVE('',#1211,#1209,#1502,.T.);
#977=EDGE_CURVE('',#1211,#1210,#1503,.T.);
#978=EDGE_CURVE('',#1212,#1210,#1504,.T.);
#979=EDGE_CURVE('',#1213,#1211,#1505,.T.);
#980=EDGE_CURVE('',#1213,#1212,#1506,.T.);
#981=EDGE_CURVE('',#1212,#1214,#32,.T.);
#982=EDGE_CURVE('',#1213,#1215,#33,.T.);
#983=EDGE_CURVE('',#1215,#1214,#1507,.T.);
#984=EDGE_CURVE('',#1216,#1214,#1508,.T.);
#985=EDGE_CURVE('',#1217,#1215,#1509,.T.);
#986=EDGE_CURVE('',#1217,#1216,#1510,.T.);
#987=EDGE_CURVE('',#1218,#1216,#34,.T.);
#988=EDGE_CURVE('',#1219,#1217,#35,.T.);
#989=EDGE_CURVE('',#1219,#1218,#1511,.T.);
#990=EDGE_CURVE('',#1220,#1218,#1512,.T.);
#991=EDGE_CURVE('',#1221,#1219,#1513,.T.);
#992=EDGE_CURVE('',#1221,#1220,#1514,.T.);
#993=EDGE_CURVE('',#1222,#1220,#36,.T.);
#994=EDGE_CURVE('',#1223,#1221,#37,.T.);
#995=EDGE_CURVE('',#1223,#1222,#1515,.T.);
#996=EDGE_CURVE('',#1224,#1222,#1516,.T.);
#997=EDGE_CURVE('',#1225,#1223,#1517,.T.);
#998=EDGE_CURVE('',#1225,#1224,#1518,.T.);
#999=EDGE_CURVE('',#1224,#1226,#38,.T.);
#1000=EDGE_CURVE('',#1225,#1227,#39,.T.);
#1001=EDGE_CURVE('',#1227,#1226,#1519,.T.);
#1002=EDGE_CURVE('',#1228,#1226,#1520,.T.);
#1003=EDGE_CURVE('',#1229,#1227,#1521,.T.);
#1004=EDGE_CURVE('',#1229,#1228,#1522,.T.);
#1005=EDGE_CURVE('',#1230,#1228,#1523,.T.);
#1006=EDGE_CURVE('',#1231,#1229,#1524,.T.);
#1007=EDGE_CURVE('',#1231,#1230,#1525,.T.);
#1008=EDGE_CURVE('',#1232,#1230,#1526,.T.);
#1009=EDGE_CURVE('',#1233,#1231,#1527,.T.);
#1010=EDGE_CURVE('',#1233,#1232,#1528,.T.);
#1011=EDGE_CURVE('',#1232,#1234,#40,.T.);
#1012=EDGE_CURVE('',#1233,#1235,#41,.T.);
#1013=EDGE_CURVE('',#1235,#1234,#1529,.T.);
#1014=EDGE_CURVE('',#1236,#1234,#1530,.T.);
#1015=EDGE_CURVE('',#1237,#1235,#1531,.T.);
#1016=EDGE_CURVE('',#1237,#1236,#1532,.T.);
#1017=EDGE_CURVE('',#1238,#1236,#42,.T.);
#1018=EDGE_CURVE('',#1239,#1237,#43,.T.);
#1019=EDGE_CURVE('',#1239,#1238,#1533,.T.);
#1020=EDGE_CURVE('',#1201,#1238,#1534,.T.);
#1021=EDGE_CURVE('',#1202,#1239,#1535,.T.);
#1022=EDGE_CURVE('',#1198,#1028,#1536,.T.);
#1023=EDGE_CURVE('',#1199,#1030,#1537,.T.);
#1024=EDGE_CURVE('',#1240,#1240,#44,.T.);
#1025=EDGE_CURVE('',#1241,#1241,#45,.T.);
#1026=EDGE_CURVE('',#1242,#1242,#46,.T.);
#1027=EDGE_CURVE('',#1243,#1243,#47,.T.);
#1028=VERTEX_POINT('',#3000);
#1029=VERTEX_POINT('',#3001);
#1030=VERTEX_POINT('',#3003);
#1031=VERTEX_POINT('',#3005);
#1032=VERTEX_POINT('',#3009);
#1033=VERTEX_POINT('',#3011);
#1034=VERTEX_POINT('',#3015);
#1035=VERTEX_POINT('',#3017);
#1036=VERTEX_POINT('',#3021);
#1037=VERTEX_POINT('',#3023);
#1038=VERTEX_POINT('',#3027);
#1039=VERTEX_POINT('',#3029);
#1040=VERTEX_POINT('',#3033);
#1041=VERTEX_POINT('',#3035);
#1042=VERTEX_POINT('',#3039);
#1043=VERTEX_POINT('',#3041);
#1044=VERTEX_POINT('',#3045);
#1045=VERTEX_POINT('',#3047);
#1046=VERTEX_POINT('',#3051);
#1047=VERTEX_POINT('',#3053);
#1048=VERTEX_POINT('',#3057);
#1049=VERTEX_POINT('',#3059);
#1050=VERTEX_POINT('',#3063);
#1051=VERTEX_POINT('',#3065);
#1052=VERTEX_POINT('',#3069);
#1053=VERTEX_POINT('',#3071);
#1054=VERTEX_POINT('',#3075);
#1055=VERTEX_POINT('',#3077);
#1056=VERTEX_POINT('',#3081);
#1057=VERTEX_POINT('',#3083);
#1058=VERTEX_POINT('',#3087);
#1059=VERTEX_POINT('',#3089);
#1060=VERTEX_POINT('',#3093);
#1061=VERTEX_POINT('',#3095);
#1062=VERTEX_POINT('',#3099);
#1063=VERTEX_POINT('',#3101);
#1064=VERTEX_POINT('',#3105);
#1065=VERTEX_POINT('',#3107);
#1066=VERTEX_POINT('',#3111);
#1067=VERTEX_POINT('',#3113);
#1068=VERTEX_POINT('',#3117);
#1069=VERTEX_POINT('',#3119);
#1070=VERTEX_POINT('',#3123);
#1071=VERTEX_POINT('',#3125);
#1072=VERTEX_POINT('',#3129);
#1073=VERTEX_POINT('',#3131);
#1074=VERTEX_POINT('',#3135);
#1075=VERTEX_POINT('',#3137);
#1076=VERTEX_POINT('',#3141);
#1077=VERTEX_POINT('',#3143);
#1078=VERTEX_POINT('',#3147);
#1079=VERTEX_POINT('',#3149);
#1080=VERTEX_POINT('',#3153);
#1081=VERTEX_POINT('',#3155);
#1082=VERTEX_POINT('',#3159);
#1083=VERTEX_POINT('',#3161);
#1084=VERTEX_POINT('',#3165);
#1085=VERTEX_POINT('',#3167);
#1086=VERTEX_POINT('',#3171);
#1087=VERTEX_POINT('',#3173);
#1088=VERTEX_POINT('',#3177);
#1089=VERTEX_POINT('',#3179);
#1090=VERTEX_POINT('',#3183);
#1091=VERTEX_POINT('',#3185);
#1092=VERTEX_POINT('',#3189);
#1093=VERTEX_POINT('',#3191);
#1094=VERTEX_POINT('',#3195);
#1095=VERTEX_POINT('',#3197);
#1096=VERTEX_POINT('',#3201);
#1097=VERTEX_POINT('',#3203);
#1098=VERTEX_POINT('',#3207);
#1099=VERTEX_POINT('',#3209);
#1100=VERTEX_POINT('',#3213);
#1101=VERTEX_POINT('',#3215);
#1102=VERTEX_POINT('',#3219);
#1103=VERTEX_POINT('',#3221);
#1104=VERTEX_POINT('',#3225);
#1105=VERTEX_POINT('',#3227);
#1106=VERTEX_POINT('',#3231);
#1107=VERTEX_POINT('',#3233);
#1108=VERTEX_POINT('',#3237);
#1109=VERTEX_POINT('',#3239);
#1110=VERTEX_POINT('',#3243);
#1111=VERTEX_POINT('',#3245);
#1112=VERTEX_POINT('',#3249);
#1113=VERTEX_POINT('',#3251);
#1114=VERTEX_POINT('',#3255);
#1115=VERTEX_POINT('',#3257);
#1116=VERTEX_POINT('',#3261);
#1117=VERTEX_POINT('',#3263);
#1118=VERTEX_POINT('',#3267);
#1119=VERTEX_POINT('',#3269);
#1120=VERTEX_POINT('',#3273);
#1121=VERTEX_POINT('',#3275);
#1122=VERTEX_POINT('',#3279);
#1123=VERTEX_POINT('',#3281);
#1124=VERTEX_POINT('',#3285);
#1125=VERTEX_POINT('',#3287);
#1126=VERTEX_POINT('',#3291);
#1127=VERTEX_POINT('',#3293);
#1128=VERTEX_POINT('',#3297);
#1129=VERTEX_POINT('',#3299);
#1130=VERTEX_POINT('',#3303);
#1131=VERTEX_POINT('',#3305);
#1132=VERTEX_POINT('',#3309);
#1133=VERTEX_POINT('',#3311);
#1134=VERTEX_POINT('',#3315);
#1135=VERTEX_POINT('',#3317);
#1136=VERTEX_POINT('',#3321);
#1137=VERTEX_POINT('',#3323);
#1138=VERTEX_POINT('',#3327);
#1139=VERTEX_POINT('',#3329);
#1140=VERTEX_POINT('',#3333);
#1141=VERTEX_POINT('',#3335);
#1142=VERTEX_POINT('',#3339);
#1143=VERTEX_POINT('',#3341);
#1144=VERTEX_POINT('',#3345);
#1145=VERTEX_POINT('',#3347);
#1146=VERTEX_POINT('',#3351);
#1147=VERTEX_POINT('',#3353);
#1148=VERTEX_POINT('',#3357);
#1149=VERTEX_POINT('',#3359);
#1150=VERTEX_POINT('',#3363);
#1151=VERTEX_POINT('',#3365);
#1152=VERTEX_POINT('',#3369);
#1153=VERTEX_POINT('',#3371);
#1154=VERTEX_POINT('',#3375);
#1155=VERTEX_POINT('',#3377);
#1156=VERTEX_POINT('',#3381);
#1157=VERTEX_POINT('',#3383);
#1158=VERTEX_POINT('',#3387);
#1159=VERTEX_POINT('',#3389);
#1160=VERTEX_POINT('',#3393);
#1161=VERTEX_POINT('',#3395);
#1162=VERTEX_POINT('',#3399);
#1163=VERTEX_POINT('',#3401);
#1164=VERTEX_POINT('',#3405);
#1165=VERTEX_POINT('',#3407);
#1166=VERTEX_POINT('',#3411);
#1167=VERTEX_POINT('',#3413);
#1168=VERTEX_POINT('',#3417);
#1169=VERTEX_POINT('',#3419);
#1170=VERTEX_POINT('',#3423);
#1171=VERTEX_POINT('',#3425);
#1172=VERTEX_POINT('',#3429);
#1173=VERTEX_POINT('',#3431);
#1174=VERTEX_POINT('',#3435);
#1175=VERTEX_POINT('',#3437);
#1176=VERTEX_POINT('',#3441);
#1177=VERTEX_POINT('',#3443);
#1178=VERTEX_POINT('',#3447);
#1179=VERTEX_POINT('',#3449);
#1180=VERTEX_POINT('',#3453);
#1181=VERTEX_POINT('',#3455);
#1182=VERTEX_POINT('',#3459);
#1183=VERTEX_POINT('',#3461);
#1184=VERTEX_POINT('',#3465);
#1185=VERTEX_POINT('',#3467);
#1186=VERTEX_POINT('',#3471);
#1187=VERTEX_POINT('',#3473);
#1188=VERTEX_POINT('',#3477);
#1189=VERTEX_POINT('',#3479);
#1190=VERTEX_POINT('',#3483);
#1191=VERTEX_POINT('',#3485);
#1192=VERTEX_POINT('',#3489);
#1193=VERTEX_POINT('',#3491);
#1194=VERTEX_POINT('',#3495);
#1195=VERTEX_POINT('',#3497);
#1196=VERTEX_POINT('',#3501);
#1197=VERTEX_POINT('',#3503);
#1198=VERTEX_POINT('',#3507);
#1199=VERTEX_POINT('',#3509);
#1200=VERTEX_POINT('',#3513);
#1201=VERTEX_POINT('',#3514);
#1202=VERTEX_POINT('',#3516);
#1203=VERTEX_POINT('',#3518);
#1204=VERTEX_POINT('',#3522);
#1205=VERTEX_POINT('',#3524);
#1206=VERTEX_POINT('',#3528);
#1207=VERTEX_POINT('',#3530);
#1208=VERTEX_POINT('',#3534);
#1209=VERTEX_POINT('',#3536);
#1210=VERTEX_POINT('',#3540);
#1211=VERTEX_POINT('',#3542);
#1212=VERTEX_POINT('',#3546);
#1213=VERTEX_POINT('',#3548);
#1214=VERTEX_POINT('',#3552);
#1215=VERTEX_POINT('',#3554);
#1216=VERTEX_POINT('',#3558);
#1217=VERTEX_POINT('',#3560);
#1218=VERTEX_POINT('',#3564);
#1219=VERTEX_POINT('',#3566);
#1220=VERTEX_POINT('',#3570);
#1221=VERTEX_POINT('',#3572);
#1222=VERTEX_POINT('',#3576);
#1223=VERTEX_POINT('',#3578);
#1224=VERTEX_POINT('',#3582);
#1225=VERTEX_POINT('',#3584);
#1226=VERTEX_POINT('',#3588);
#1227=VERTEX_POINT('',#3590);
#1228=VERTEX_POINT('',#3594);
#1229=VERTEX_POINT('',#3596);
#1230=VERTEX_POINT('',#3600);
#1231=VERTEX_POINT('',#3602);
#1232=VERTEX_POINT('',#3606);
#1233=VERTEX_POINT('',#3608);
#1234=VERTEX_POINT('',#3612);
#1235=VERTEX_POINT('',#3614);
#1236=VERTEX_POINT('',#3618);
#1237=VERTEX_POINT('',#3620);
#1238=VERTEX_POINT('',#3624);
#1239=VERTEX_POINT('',#3626);
#1240=VERTEX_POINT('',#3636);
#1241=VERTEX_POINT('',#3638);
#1242=VERTEX_POINT('',#3641);
#1243=VERTEX_POINT('',#3643);
#1244=LINE('',#2999,#1538);
#1245=LINE('',#3002,#1539);
#1246=LINE('',#3004,#1540);
#1247=LINE('',#3006,#1541);
#1248=LINE('',#3008,#1542);
#1249=LINE('',#3010,#1543);
#1250=LINE('',#3012,#1544);
#1251=LINE('',#3014,#1545);
#1252=LINE('',#3016,#1546);
#1253=LINE('',#3018,#1547);
#1254=LINE('',#3020,#1548);
#1255=LINE('',#3022,#1549);
#1256=LINE('',#3024,#1550);
#1257=LINE('',#3026,#1551);
#1258=LINE('',#3028,#1552);
#1259=LINE('',#3030,#1553);
#1260=LINE('',#3032,#1554);
#1261=LINE('',#3034,#1555);
#1262=LINE('',#3036,#1556);
#1263=LINE('',#3038,#1557);
#1264=LINE('',#3040,#1558);
#1265=LINE('',#3042,#1559);
#1266=LINE('',#3044,#1560);
#1267=LINE('',#3046,#1561);
#1268=LINE('',#3048,#1562);
#1269=LINE('',#3050,#1563);
#1270=LINE('',#3052,#1564);
#1271=LINE('',#3054,#1565);
#1272=LINE('',#3056,#1566);
#1273=LINE('',#3058,#1567);
#1274=LINE('',#3060,#1568);
#1275=LINE('',#3062,#1569);
#1276=LINE('',#3064,#1570);
#1277=LINE('',#3066,#1571);
#1278=LINE('',#3068,#1572);
#1279=LINE('',#3070,#1573);
#1280=LINE('',#3072,#1574);
#1281=LINE('',#3074,#1575);
#1282=LINE('',#3076,#1576);
#1283=LINE('',#3078,#1577);
#1284=LINE('',#3080,#1578);
#1285=LINE('',#3082,#1579);
#1286=LINE('',#3084,#1580);
#1287=LINE('',#3090,#1581);
#1288=LINE('',#3092,#1582);
#1289=LINE('',#3094,#1583);
#1290=LINE('',#3096,#1584);
#1291=LINE('',#3098,#1585);
#1292=LINE('',#3100,#1586);
#1293=LINE('',#3102,#1587);
#1294=LINE('',#3104,#1588);
#1295=LINE('',#3106,#1589);
#1296=LINE('',#3108,#1590);
#1297=LINE('',#3110,#1591);
#1298=LINE('',#3112,#1592);
#1299=LINE('',#3114,#1593);
#1300=LINE('',#3116,#1594);
#1301=LINE('',#3118,#1595);
#1302=LINE('',#3120,#1596);
#1303=LINE('',#3122,#1597);
#1304=LINE('',#3124,#1598);
#1305=LINE('',#3126,#1599);
#1306=LINE('',#3128,#1600);
#1307=LINE('',#3130,#1601);
#1308=LINE('',#3132,#1602);
#1309=LINE('',#3134,#1603);
#1310=LINE('',#3136,#1604);
#1311=LINE('',#3138,#1605);
#1312=LINE('',#3140,#1606);
#1313=LINE('',#3142,#1607);
#1314=LINE('',#3144,#1608);
#1315=LINE('',#3146,#1609);
#1316=LINE('',#3148,#1610);
#1317=LINE('',#3150,#1611);
#1318=LINE('',#3152,#1612);
#1319=LINE('',#3154,#1613);
#1320=LINE('',#3156,#1614);
#1321=LINE('',#3158,#1615);
#1322=LINE('',#3160,#1616);
#1323=LINE('',#3162,#1617);
#1324=LINE('',#3164,#1618);
#1325=LINE('',#3166,#1619);
#1326=LINE('',#3168,#1620);
#1327=LINE('',#3170,#1621);
#1328=LINE('',#3172,#1622);
#1329=LINE('',#3174,#1623);
#1330=LINE('',#3180,#1624);
#1331=LINE('',#3182,#1625);
#1332=LINE('',#3184,#1626);
#1333=LINE('',#3186,#1627);
#1334=LINE('',#3188,#1628);
#1335=LINE('',#3190,#1629);
#1336=LINE('',#3192,#1630);
#1337=LINE('',#3194,#1631);
#1338=LINE('',#3196,#1632);
#1339=LINE('',#3198,#1633);
#1340=LINE('',#3200,#1634);
#1341=LINE('',#3202,#1635);
#1342=LINE('',#3204,#1636);
#1343=LINE('',#3206,#1637);
#1344=LINE('',#3208,#1638);
#1345=LINE('',#3210,#1639);
#1346=LINE('',#3212,#1640);
#1347=LINE('',#3214,#1641);
#1348=LINE('',#3216,#1642);
#1349=LINE('',#3218,#1643);
#1350=LINE('',#3220,#1644);
#1351=LINE('',#3222,#1645);
#1352=LINE('',#3224,#1646);
#1353=LINE('',#3226,#1647);
#1354=LINE('',#3228,#1648);
#1355=LINE('',#3230,#1649);
#1356=LINE('',#3232,#1650);
#1357=LINE('',#3234,#1651);
#1358=LINE('',#3236,#1652);
#1359=LINE('',#3238,#1653);
#1360=LINE('',#3240,#1654);
#1361=LINE('',#3242,#1655);
#1362=LINE('',#3244,#1656);
#1363=LINE('',#3246,#1657);
#1364=LINE('',#3248,#1658);
#1365=LINE('',#3250,#1659);
#1366=LINE('',#3252,#1660);
#1367=LINE('',#3254,#1661);
#1368=LINE('',#3256,#1662);
#1369=LINE('',#3258,#1663);
#1370=LINE('',#3260,#1664);
#1371=LINE('',#3262,#1665);
#1372=LINE('',#3264,#1666);
#1373=LINE('',#3266,#1667);
#1374=LINE('',#3268,#1668);
#1375=LINE('',#3270,#1669);
#1376=LINE('',#3272,#1670);
#1377=LINE('',#3274,#1671);
#1378=LINE('',#3276,#1672);
#1379=LINE('',#3278,#1673);
#1380=LINE('',#3280,#1674);
#1381=LINE('',#3282,#1675);
#1382=LINE('',#3284,#1676);
#1383=LINE('',#3286,#1677);
#1384=LINE('',#3288,#1678);
#1385=LINE('',#3290,#1679);
#1386=LINE('',#3292,#1680);
#1387=LINE('',#3294,#1681);
#1388=LINE('',#3296,#1682);
#1389=LINE('',#3298,#1683);
#1390=LINE('',#3300,#1684);
#1391=LINE('',#3302,#1685);
#1392=LINE('',#3304,#1686);
#1393=LINE('',#3306,#1687);
#1394=LINE('',#3308,#1688);
#1395=LINE('',#3310,#1689);
#1396=LINE('',#3312,#1690);
#1397=LINE('',#3314,#1691);
#1398=LINE('',#3316,#1692);
#1399=LINE('',#3318,#1693);
#1400=LINE('',#3320,#1694);
#1401=LINE('',#3322,#1695);
#1402=LINE('',#3324,#1696);
#1403=LINE('',#3326,#1697);
#1404=LINE('',#3328,#1698);
#1405=LINE('',#3330,#1699);
#1406=LINE('',#3332,#1700);
#1407=LINE('',#3334,#1701);
#1408=LINE('',#3336,#1702);
#1409=LINE('',#3338,#1703);
#1410=LINE('',#3340,#1704);
#1411=LINE('',#3342,#1705);
#1412=LINE('',#3348,#1706);
#1413=LINE('',#3350,#1707);
#1414=LINE('',#3352,#1708);
#1415=LINE('',#3354,#1709);
#1416=LINE('',#3356,#1710);
#1417=LINE('',#3358,#1711);
#1418=LINE('',#3360,#1712);
#1419=LINE('',#3362,#1713);
#1420=LINE('',#3364,#1714);
#1421=LINE('',#3366,#1715);
#1422=LINE('',#3368,#1716);
#1423=LINE('',#3370,#1717);
#1424=LINE('',#3372,#1718);
#1425=LINE('',#3374,#1719);
#1426=LINE('',#3376,#1720);
#1427=LINE('',#3378,#1721);
#1428=LINE('',#3380,#1722);
#1429=LINE('',#3382,#1723);
#1430=LINE('',#3384,#1724);
#1431=LINE('',#3386,#1725);
#1432=LINE('',#3388,#1726);
#1433=LINE('',#3390,#1727);
#1434=LINE('',#3392,#1728);
#1435=LINE('',#3394,#1729);
#1436=LINE('',#3396,#1730);
#1437=LINE('',#3398,#1731);
#1438=LINE('',#3400,#1732);
#1439=LINE('',#3402,#1733);
#1440=LINE('',#3404,#1734);
#1441=LINE('',#3406,#1735);
#1442=LINE('',#3408,#1736);
#1443=LINE('',#3410,#1737);
#1444=LINE('',#3412,#1738);
#1445=LINE('',#3414,#1739);
#1446=LINE('',#3416,#1740);
#1447=LINE('',#3418,#1741);
#1448=LINE('',#3420,#1742);
#1449=LINE('',#3422,#1743);
#1450=LINE('',#3424,#1744);
#1451=LINE('',#3426,#1745);
#1452=LINE('',#3428,#1746);
#1453=LINE('',#3430,#1747);
#1454=LINE('',#3432,#1748);
#1455=LINE('',#3438,#1749);
#1456=LINE('',#3440,#1750);
#1457=LINE('',#3442,#1751);
#1458=LINE('',#3444,#1752);
#1459=LINE('',#3446,#1753);
#1460=LINE('',#3448,#1754);
#1461=LINE('',#3450,#1755);
#1462=LINE('',#3452,#1756);
#1463=LINE('',#3454,#1757);
#1464=LINE('',#3456,#1758);
#1465=LINE('',#3458,#1759);
#1466=LINE('',#3460,#1760);
#1467=LINE('',#3462,#1761);
#1468=LINE('',#3464,#1762);
#1469=LINE('',#3466,#1763);
#1470=LINE('',#3468,#1764);
#1471=LINE('',#3470,#1765);
#1472=LINE('',#3472,#1766);
#1473=LINE('',#3474,#1767);
#1474=LINE('',#3476,#1768);
#1475=LINE('',#3478,#1769);
#1476=LINE('',#3480,#1770);
#1477=LINE('',#3482,#1771);
#1478=LINE('',#3484,#1772);
#1479=LINE('',#3486,#1773);
#1480=LINE('',#3488,#1774);
#1481=LINE('',#3490,#1775);
#1482=LINE('',#3492,#1776);
#1483=LINE('',#3494,#1777);
#1484=LINE('',#3496,#1778);
#1485=LINE('',#3498,#1779);
#1486=LINE('',#3500,#1780);
#1487=LINE('',#3502,#1781);
#1488=LINE('',#3504,#1782);
#1489=LINE('',#3506,#1783);
#1490=LINE('',#3508,#1784);
#1491=LINE('',#3510,#1785);
#1492=LINE('',#3515,#1786);
#1493=LINE('',#3519,#1787);
#1494=LINE('',#3521,#1788);
#1495=LINE('',#3523,#1789);
#1496=LINE('',#3525,#1790);
#1497=LINE('',#3531,#1791);
#1498=LINE('',#3533,#1792);
#1499=LINE('',#3535,#1793);
#1500=LINE('',#3537,#1794);
#1501=LINE('',#3539,#1795);
#1502=LINE('',#3541,#1796);
#1503=LINE('',#3543,#1797);
#1504=LINE('',#3545,#1798);
#1505=LINE('',#3547,#1799);
#1506=LINE('',#3549,#1800);
#1507=LINE('',#3555,#1801);
#1508=LINE('',#3557,#1802);
#1509=LINE('',#3559,#1803);
#1510=LINE('',#3561,#1804);
#1511=LINE('',#3567,#1805);
#1512=LINE('',#3569,#1806);
#1513=LINE('',#3571,#1807);
#1514=LINE('',#3573,#1808);
#1515=LINE('',#3579,#1809);
#1516=LINE('',#3581,#1810);
#1517=LINE('',#3583,#1811);
#1518=LINE('',#3585,#1812);
#1519=LINE('',#3591,#1813);
#1520=LINE('',#3593,#1814);
#1521=LINE('',#3595,#1815);
#1522=LINE('',#3597,#1816);
#1523=LINE('',#3599,#1817);
#1524=LINE('',#3601,#1818);
#1525=LINE('',#3603,#1819);
#1526=LINE('',#3605,#1820);
#1527=LINE('',#3607,#1821);
#1528=LINE('',#3609,#1822);
#1529=LINE('',#3615,#1823);
#1530=LINE('',#3617,#1824);
#1531=LINE('',#3619,#1825);
#1532=LINE('',#3621,#1826);
#1533=LINE('',#3627,#1827);
#1534=LINE('',#3629,#1828);
#1535=LINE('',#3630,#1829);
#1536=LINE('',#3632,#1830);
#1537=LINE('',#3633,#1831);
#1538=VECTOR('',#2429,1000.);
#1539=VECTOR('',#2430,1000.);
#1540=VECTOR('',#2431,1000.);
#1541=VECTOR('',#2432,1000.);
#1542=VECTOR('',#2435,1000.);
#1543=VECTOR('',#2436,1000.);
#1544=VECTOR('',#2437,1000.);
#1545=VECTOR('',#2440,1000.);
#1546=VECTOR('',#2441,1000.);
#1547=VECTOR('',#2442,1000.);
#1548=VECTOR('',#2445,1000.);
#1549=VECTOR('',#2446,1000.);
#1550=VECTOR('',#2447,1000.);
#1551=VECTOR('',#2450,1000.);
#1552=VECTOR('',#2451,1000.);
#1553=VECTOR('',#2452,1000.);
#1554=VECTOR('',#2455,1000.);
#1555=VECTOR('',#2456,1000.);
#1556=VECTOR('',#2457,1000.);
#1557=VECTOR('',#2460,1000.);
#1558=VECTOR('',#2461,1000.);
#1559=VECTOR('',#2462,1000.);
#1560=VECTOR('',#2465,1000.);
#1561=VECTOR('',#2466,1000.);
#1562=VECTOR('',#2467,1000.);
#1563=VECTOR('',#2470,1000.);
#1564=VECTOR('',#2471,1000.);
#1565=VECTOR('',#2472,1000.);
#1566=VECTOR('',#2475,1000.);
#1567=VECTOR('',#2476,1000.);
#1568=VECTOR('',#2477,1000.);
#1569=VECTOR('',#2480,1000.);
#1570=VECTOR('',#2481,1000.);
#1571=VECTOR('',#2482,1000.);
#1572=VECTOR('',#2485,1000.);
#1573=VECTOR('',#2486,1000.);
#1574=VECTOR('',#2487,1000.);
#1575=VECTOR('',#2490,1000.);
#1576=VECTOR('',#2491,1000.);
#1577=VECTOR('',#2492,1000.);
#1578=VECTOR('',#2495,1000.);
#1579=VECTOR('',#2496,1000.);
#1580=VECTOR('',#2497,1000.);
#1581=VECTOR('',#2504,1000.);
#1582=VECTOR('',#2507,1000.);
#1583=VECTOR('',#2508,1000.);
#1584=VECTOR('',#2509,1000.);
#1585=VECTOR('',#2512,1000.);
#1586=VECTOR('',#2513,1000.);
#1587=VECTOR('',#2514,1000.);
#1588=VECTOR('',#2517,1000.);
#1589=VECTOR('',#2518,1000.);
#1590=VECTOR('',#2519,1000.);
#1591=VECTOR('',#2522,1000.);
#1592=VECTOR('',#2523,1000.);
#1593=VECTOR('',#2524,1000.);
#1594=VECTOR('',#2527,1000.);
#1595=VECTOR('',#2528,1000.);
#1596=VECTOR('',#2529,1000.);
#1597=VECTOR('',#2532,1000.);
#1598=VECTOR('',#2533,1000.);
#1599=VECTOR('',#2534,1000.);
#1600=VECTOR('',#2537,1000.);
#1601=VECTOR('',#2538,1000.);
#1602=VECTOR('',#2539,1000.);
#1603=VECTOR('',#2542,1000.);
#1604=VECTOR('',#2543,1000.);
#1605=VECTOR('',#2544,1000.);
#1606=VECTOR('',#2547,1000.);
#1607=VECTOR('',#2548,1000.);
#1608=VECTOR('',#2549,1000.);
#1609=VECTOR('',#2552,1000.);
#1610=VECTOR('',#2553,1000.);
#1611=VECTOR('',#2554,1000.);
#1612=VECTOR('',#2557,1000.);
#1613=VECTOR('',#2558,1000.);
#1614=VECTOR('',#2559,1000.);
#1615=VECTOR('',#2562,1000.);
#1616=VECTOR('',#2563,1000.);
#1617=VECTOR('',#2564,1000.);
#1618=VECTOR('',#2567,1000.);
#1619=VECTOR('',#2568,1000.);
#1620=VECTOR('',#2569,1000.);
#1621=VECTOR('',#2572,1000.);
#1622=VECTOR('',#2573,1000.);
#1623=VECTOR('',#2574,1000.);
#1624=VECTOR('',#2581,1000.);
#1625=VECTOR('',#2584,1000.);
#1626=VECTOR('',#2585,1000.);
#1627=VECTOR('',#2586,1000.);
#1628=VECTOR('',#2589,1000.);
#1629=VECTOR('',#2590,1000.);
#1630=VECTOR('',#2591,1000.);
#1631=VECTOR('',#2594,1000.);
#1632=VECTOR('',#2595,1000.);
#1633=VECTOR('',#2596,1000.);
#1634=VECTOR('',#2599,1000.);
#1635=VECTOR('',#2600,1000.);
#1636=VECTOR('',#2601,1000.);
#1637=VECTOR('',#2604,1000.);
#1638=VECTOR('',#2605,1000.);
#1639=VECTOR('',#2606,1000.);
#1640=VECTOR('',#2609,1000.);
#1641=VECTOR('',#2610,1000.);
#1642=VECTOR('',#2611,1000.);
#1643=VECTOR('',#2614,1000.);
#1644=VECTOR('',#2615,1000.);
#1645=VECTOR('',#2616,1000.);
#1646=VECTOR('',#2619,1000.);
#1647=VECTOR('',#2620,1000.);
#1648=VECTOR('',#2621,1000.);
#1649=VECTOR('',#2624,1000.);
#1650=VECTOR('',#2625,1000.);
#1651=VECTOR('',#2626,1000.);
#1652=VECTOR('',#2629,1000.);
#1653=VECTOR('',#2630,1000.);
#1654=VECTOR('',#2631,1000.);
#1655=VECTOR('',#2634,1000.);
#1656=VECTOR('',#2635,1000.);
#1657=VECTOR('',#2636,1000.);
#1658=VECTOR('',#2639,1000.);
#1659=VECTOR('',#2640,1000.);
#1660=VECTOR('',#2641,1000.);
#1661=VECTOR('',#2644,1000.);
#1662=VECTOR('',#2645,1000.);
#1663=VECTOR('',#2646,1000.);
#1664=VECTOR('',#2649,1000.);
#1665=VECTOR('',#2650,1000.);
#1666=VECTOR('',#2651,1000.);
#1667=VECTOR('',#2654,1000.);
#1668=VECTOR('',#2655,1000.);
#1669=VECTOR('',#2656,1000.);
#1670=VECTOR('',#2659,1000.);
#1671=VECTOR('',#2660,1000.);
#1672=VECTOR('',#2661,1000.);
#1673=VECTOR('',#2664,1000.);
#1674=VECTOR('',#2665,1000.);
#1675=VECTOR('',#2666,1000.);
#1676=VECTOR('',#2669,1000.);
#1677=VECTOR('',#2670,1000.);
#1678=VECTOR('',#2671,1000.);
#1679=VECTOR('',#2674,1000.);
#1680=VECTOR('',#2675,1000.);
#1681=VECTOR('',#2676,1000.);
#1682=VECTOR('',#2679,1000.);
#1683=VECTOR('',#2680,1000.);
#1684=VECTOR('',#2681,1000.);
#1685=VECTOR('',#2684,1000.);
#1686=VECTOR('',#2685,1000.);
#1687=VECTOR('',#2686,1000.);
#1688=VECTOR('',#2689,1000.);
#1689=VECTOR('',#2690,1000.);
#1690=VECTOR('',#2691,1000.);
#1691=VECTOR('',#2694,1000.);
#1692=VECTOR('',#2695,1000.);
#1693=VECTOR('',#2696,1000.);
#1694=VECTOR('',#2699,1000.);
#1695=VECTOR('',#2700,1000.);
#1696=VECTOR('',#2701,1000.);
#1697=VECTOR('',#2704,1000.);
#1698=VECTOR('',#2705,1000.);
#1699=VECTOR('',#2706,1000.);
#1700=VECTOR('',#2709,1000.);
#1701=VECTOR('',#2710,1000.);
#1702=VECTOR('',#2711,1000.);
#1703=VECTOR('',#2714,1000.);
#1704=VECTOR('',#2715,1000.);
#1705=VECTOR('',#2716,1000.);
#1706=VECTOR('',#2723,1000.);
#1707=VECTOR('',#2726,1000.);
#1708=VECTOR('',#2727,1000.);
#1709=VECTOR('',#2728,1000.);
#1710=VECTOR('',#2731,1000.);
#1711=VECTOR('',#2732,1000.);
#1712=VECTOR('',#2733,1000.);
#1713=VECTOR('',#2736,1000.);
#1714=VECTOR('',#2737,1000.);
#1715=VECTOR('',#2738,1000.);
#1716=VECTOR('',#2741,1000.);
#1717=VECTOR('',#2742,1000.);
#1718=VECTOR('',#2743,1000.);
#1719=VECTOR('',#2746,1000.);
#1720=VECTOR('',#2747,1000.);
#1721=VECTOR('',#2748,1000.);
#1722=VECTOR('',#2751,1000.);
#1723=VECTOR('',#2752,1000.);
#1724=VECTOR('',#2753,1000.);
#1725=VECTOR('',#2756,1000.);
#1726=VECTOR('',#2757,1000.);
#1727=VECTOR('',#2758,1000.);
#1728=VECTOR('',#2761,1000.);
#1729=VECTOR('',#2762,1000.);
#1730=VECTOR('',#2763,1000.);
#1731=VECTOR('',#2766,1000.);
#1732=VECTOR('',#2767,1000.);
#1733=VECTOR('',#2768,1000.);
#1734=VECTOR('',#2771,1000.);
#1735=VECTOR('',#2772,1000.);
#1736=VECTOR('',#2773,1000.);
#1737=VECTOR('',#2776,1000.);
#1738=VECTOR('',#2777,1000.);
#1739=VECTOR('',#2778,1000.);
#1740=VECTOR('',#2781,1000.);
#1741=VECTOR('',#2782,1000.);
#1742=VECTOR('',#2783,1000.);
#1743=VECTOR('',#2786,1000.);
#1744=VECTOR('',#2787,1000.);
#1745=VECTOR('',#2788,1000.);
#1746=VECTOR('',#2791,1000.);
#1747=VECTOR('',#2792,1000.);
#1748=VECTOR('',#2793,1000.);
#1749=VECTOR('',#2800,1000.);
#1750=VECTOR('',#2803,1000.);
#1751=VECTOR('',#2804,1000.);
#1752=VECTOR('',#2805,1000.);
#1753=VECTOR('',#2808,1000.);
#1754=VECTOR('',#2809,1000.);
#1755=VECTOR('',#2810,1000.);
#1756=VECTOR('',#2813,1000.);
#1757=VECTOR('',#2814,1000.);
#1758=VECTOR('',#2815,1000.);
#1759=VECTOR('',#2818,1000.);
#1760=VECTOR('',#2819,1000.);
#1761=VECTOR('',#2820,1000.);
#1762=VECTOR('',#2823,1000.);
#1763=VECTOR('',#2824,1000.);
#1764=VECTOR('',#2825,1000.);
#1765=VECTOR('',#2828,1000.);
#1766=VECTOR('',#2829,1000.);
#1767=VECTOR('',#2830,1000.);
#1768=VECTOR('',#2833,1000.);
#1769=VECTOR('',#2834,1000.);
#1770=VECTOR('',#2835,1000.);
#1771=VECTOR('',#2838,1000.);
#1772=VECTOR('',#2839,1000.);
#1773=VECTOR('',#2840,1000.);
#1774=VECTOR('',#2843,1000.);
#1775=VECTOR('',#2844,1000.);
#1776=VECTOR('',#2845,1000.);
#1777=VECTOR('',#2848,1000.);
#1778=VECTOR('',#2849,1000.);
#1779=VECTOR('',#2850,1000.);
#1780=VECTOR('',#2853,1000.);
#1781=VECTOR('',#2854,1000.);
#1782=VECTOR('',#2855,1000.);
#1783=VECTOR('',#2858,1000.);
#1784=VECTOR('',#2859,1000.);
#1785=VECTOR('',#2860,1000.);
#1786=VECTOR('',#2865,1000.);
#1787=VECTOR('',#2868,1000.);
#1788=VECTOR('',#2871,1000.);
#1789=VECTOR('',#2872,1000.);
#1790=VECTOR('',#2873,1000.);
#1791=VECTOR('',#2880,1000.);
#1792=VECTOR('',#2883,1000.);
#1793=VECTOR('',#2884,1000.);
#1794=VECTOR('',#2885,1000.);
#1795=VECTOR('',#2888,1000.);
#1796=VECTOR('',#2889,1000.);
#1797=VECTOR('',#2890,1000.);
#1798=VECTOR('',#2893,1000.);
#1799=VECTOR('',#2894,1000.);
#1800=VECTOR('',#2895,1000.);
#1801=VECTOR('',#2902,1000.);
#1802=VECTOR('',#2905,1000.);
#1803=VECTOR('',#2906,1000.);
#1804=VECTOR('',#2907,1000.);
#1805=VECTOR('',#2914,1000.);
#1806=VECTOR('',#2917,1000.);
#1807=VECTOR('',#2918,1000.);
#1808=VECTOR('',#2919,1000.);
#1809=VECTOR('',#2926,1000.);
#1810=VECTOR('',#2929,1000.);
#1811=VECTOR('',#2930,1000.);
#1812=VECTOR('',#2931,1000.);
#1813=VECTOR('',#2938,1000.);
#1814=VECTOR('',#2941,1000.);
#1815=VECTOR('',#2942,1000.);
#1816=VECTOR('',#2943,1000.);
#1817=VECTOR('',#2946,1000.);
#1818=VECTOR('',#2947,1000.);
#1819=VECTOR('',#2948,1000.);
#1820=VECTOR('',#2951,1000.);
#1821=VECTOR('',#2952,1000.);
#1822=VECTOR('',#2953,1000.);
#1823=VECTOR('',#2960,1000.);
#1824=VECTOR('',#2963,1000.);
#1825=VECTOR('',#2964,1000.);
#1826=VECTOR('',#2965,1000.);
#1827=VECTOR('',#2972,1000.);
#1828=VECTOR('',#2975,1000.);
#1829=VECTOR('',#2976,1000.);
#1830=VECTOR('',#2979,1000.);
#1831=VECTOR('',#2980,1000.);
#1832=EDGE_LOOP('',(#62,#63,#64,#65));
#1833=EDGE_LOOP('',(#66,#67,#68,#69));
#1834=EDGE_LOOP('',(#70,#71,#72,#73));
#1835=EDGE_LOOP('',(#74,#75,#76,#77));
#1836=EDGE_LOOP('',(#78,#79,#80,#81));
#1837=EDGE_LOOP('',(#82,#83,#84,#85));
#1838=EDGE_LOOP('',(#86,#87,#88,#89));
#1839=EDGE_LOOP('',(#90,#91,#92,#93));
#1840=EDGE_LOOP('',(#94,#95,#96,#97));
#1841=EDGE_LOOP('',(#98,#99,#100,#101));
#1842=EDGE_LOOP('',(#102,#103,#104,#105));
#1843=EDGE_LOOP('',(#106,#107,#108,#109));
#1844=EDGE_LOOP('',(#110,#111,#112,#113));
#1845=EDGE_LOOP('',(#114,#115,#116,#117));
#1846=EDGE_LOOP('',(#118,#119,#120,#121));
#1847=EDGE_LOOP('',(#122,#123,#124,#125));
#1848=EDGE_LOOP('',(#126,#127,#128,#129));
#1849=EDGE_LOOP('',(#130,#131,#132,#133));
#1850=EDGE_LOOP('',(#134,#135,#136,#137));
#1851=EDGE_LOOP('',(#138,#139,#140,#141));
#1852=EDGE_LOOP('',(#142,#143,#144,#145));
#1853=EDGE_LOOP('',(#146,#147,#148,#149));
#1854=EDGE_LOOP('',(#150,#151,#152,#153));
#1855=EDGE_LOOP('',(#154,#155,#156,#157));
#1856=EDGE_LOOP('',(#158,#159,#160,#161));
#1857=EDGE_LOOP('',(#162,#163,#164,#165));
#1858=EDGE_LOOP('',(#166,#167,#168,#169));
#1859=EDGE_LOOP('',(#170,#171,#172,#173));
#1860=EDGE_LOOP('',(#174,#175,#176,#177));
#1861=EDGE_LOOP('',(#178,#179,#180,#181));
#1862=EDGE_LOOP('',(#182,#183,#184,#185));
#1863=EDGE_LOOP('',(#186,#187,#188,#189));
#1864=EDGE_LOOP('',(#190,#191,#192,#193));
#1865=EDGE_LOOP('',(#194,#195,#196,#197));
#1866=EDGE_LOOP('',(#198,#199,#200,#201));
#1867=EDGE_LOOP('',(#202,#203,#204,#205));
#1868=EDGE_LOOP('',(#206,#207,#208,#209));
#1869=EDGE_LOOP('',(#210,#211,#212,#213));
#1870=EDGE_LOOP('',(#214,#215,#216,#217));
#1871=EDGE_LOOP('',(#218,#219,#220,#221));
#1872=EDGE_LOOP('',(#222,#223,#224,#225));
#1873=EDGE_LOOP('',(#226,#227,#228,#229));
#1874=EDGE_LOOP('',(#230,#231,#232,#233));
#1875=EDGE_LOOP('',(#234,#235,#236,#237));
#1876=EDGE_LOOP('',(#238,#239,#240,#241));
#1877=EDGE_LOOP('',(#242,#243,#244,#245));
#1878=EDGE_LOOP('',(#246,#247,#248,#249));
#1879=EDGE_LOOP('',(#250,#251,#252,#253));
#1880=EDGE_LOOP('',(#254,#255,#256,#257));
#1881=EDGE_LOOP('',(#258,#259,#260,#261));
#1882=EDGE_LOOP('',(#262,#263,#264,#265));
#1883=EDGE_LOOP('',(#266,#267,#268,#269));
#1884=EDGE_LOOP('',(#270,#271,#272,#273));
#1885=EDGE_LOOP('',(#274,#275,#276,#277));
#1886=EDGE_LOOP('',(#278,#279,#280,#281));
#1887=EDGE_LOOP('',(#282,#283,#284,#285));
#1888=EDGE_LOOP('',(#286,#287,#288,#289));
#1889=EDGE_LOOP('',(#290,#291,#292,#293));
#1890=EDGE_LOOP('',(#294,#295,#296,#297));
#1891=EDGE_LOOP('',(#298,#299,#300,#301));
#1892=EDGE_LOOP('',(#302,#303,#304,#305));
#1893=EDGE_LOOP('',(#306,#307,#308,#309));
#1894=EDGE_LOOP('',(#310,#311,#312,#313));
#1895=EDGE_LOOP('',(#314,#315,#316,#317));
#1896=EDGE_LOOP('',(#318,#319,#320,#321));
#1897=EDGE_LOOP('',(#322,#323,#324,#325));
#1898=EDGE_LOOP('',(#326,#327,#328,#329));
#1899=EDGE_LOOP('',(#330,#331,#332,#333));
#1900=EDGE_LOOP('',(#334,#335,#336,#337));
#1901=EDGE_LOOP('',(#338,#339,#340,#341));
#1902=EDGE_LOOP('',(#342,#343,#344,#345));
#1903=EDGE_LOOP('',(#346,#347,#348,#349));
#1904=EDGE_LOOP('',(#350,#351,#352,#353));
#1905=EDGE_LOOP('',(#354,#355,#356,#357));
#1906=EDGE_LOOP('',(#358,#359,#360,#361));
#1907=EDGE_LOOP('',(#362,#363,#364,#365));
#1908=EDGE_LOOP('',(#366,#367,#368,#369));
#1909=EDGE_LOOP('',(#370,#371,#372,#373));
#1910=EDGE_LOOP('',(#374,#375,#376,#377));
#1911=EDGE_LOOP('',(#378,#379,#380,#381));
#1912=EDGE_LOOP('',(#382,#383,#384,#385));
#1913=EDGE_LOOP('',(#386,#387,#388,#389));
#1914=EDGE_LOOP('',(#390,#391,#392,#393));
#1915=EDGE_LOOP('',(#394,#395,#396,#397));
#1916=EDGE_LOOP('',(#398,#399,#400,#401));
#1917=EDGE_LOOP('',(#402,#403,#404,#405));
#1918=EDGE_LOOP('',(#406,#407,#408,#409));
#1919=EDGE_LOOP('',(#410,#411,#412,#413));
#1920=EDGE_LOOP('',(#414,#415,#416,#417));
#1921=EDGE_LOOP('',(#418,#419,#420,#421));
#1922=EDGE_LOOP('',(#422,#423,#424,#425));
#1923=EDGE_LOOP('',(#426,#427,#428,#429));
#1924=EDGE_LOOP('',(#430,#431,#432,#433));
#1925=EDGE_LOOP('',(#434,#435,#436,#437));
#1926=EDGE_LOOP('',(#438,#439,#440,#441));
#1927=EDGE_LOOP('',(#442,#443,#444,#445));
#1928=EDGE_LOOP('',(#446,#447,#448,#449));
#1929=EDGE_LOOP('',(#450,#451,#452,#453));
#1930=EDGE_LOOP('',(#454,#455,#456,#457));
#1931=EDGE_LOOP('',(#458,#459,#460,#461));
#1932=EDGE_LOOP('',(#462,#463,#464,#465));
#1933=EDGE_LOOP('',(#466,#467,#468,#469));
#1934=EDGE_LOOP('',(#470,#471,#472,#473));
#1935=EDGE_LOOP('',(#474,#475,#476,#477));
#1936=EDGE_LOOP('',(#478,#479,#480,#481));
#1937=EDGE_LOOP('',(#482,#483,#484,#485));
#1938=EDGE_LOOP('',(#486));
#1939=EDGE_LOOP('',(#487));
#1940=EDGE_LOOP('',(#488,#489,#490,#491,#492,#493,#494,#495,#496,#497,#498,
#499,#500,#501,#502,#503,#504,#505,#506,#507));
#1941=EDGE_LOOP('',(#508,#509,#510,#511,#512,#513,#514,#515,#516,#517,#518,
#519,#520,#521,#522,#523,#524,#525,#526,#527,#528,#529,#530,#531,#532,#533,
#534,#535,#536,#537,#538,#539,#540,#541,#542,#543,#544,#545,#546,#547,#548,
#549,#550,#551,#552,#553,#554,#555,#556,#557,#558,#559,#560,#561,#562,#563,
#564,#565,#566,#567,#568,#569,#570,#571,#572,#573,#574,#575,#576,#577,#578,
#579,#580,#581,#582,#583,#584,#585,#586,#587,#588,#589,#590,#591,#592,#593));
#1942=EDGE_LOOP('',(#594));
#1943=EDGE_LOOP('',(#595));
#1944=EDGE_LOOP('',(#596,#597,#598,#599,#600,#601,#602,#603,#604,#605,#606,
#607,#608,#609,#610,#611,#612,#613,#614,#615));
#1945=EDGE_LOOP('',(#616,#617,#618,#619,#620,#621,#622,#623,#624,#625,#626,
#627,#628,#629,#630,#631,#632,#633,#634,#635,#636,#637,#638,#639,#640,#641,
#642,#643,#644,#645,#646,#647,#648,#649,#650,#651,#652,#653,#654,#655,#656,
#657,#658,#659,#660,#661,#662,#663,#664,#665,#666,#667,#668,#669,#670,#671,
#672,#673,#674,#675,#676,#677,#678,#679,#680,#681,#682,#683,#684,#685,#686,
#687,#688,#689,#690,#691,#692,#693,#694,#695,#696,#697,#698,#699,#700,#701));
#1946=EDGE_LOOP('',(#702));
#1947=EDGE_LOOP('',(#703));
#1948=EDGE_LOOP('',(#704));
#1949=EDGE_LOOP('',(#705));
#1950=FACE_BOUND('',#1832,.T.);
#1951=FACE_BOUND('',#1833,.T.);
#1952=FACE_BOUND('',#1834,.T.);
#1953=FACE_BOUND('',#1835,.T.);
#1954=FACE_BOUND('',#1836,.T.);
#1955=FACE_BOUND('',#1837,.T.);
#1956=FACE_BOUND('',#1838,.T.);
#1957=FACE_BOUND('',#1839,.T.);
#1958=FACE_BOUND('',#1840,.T.);
#1959=FACE_BOUND('',#1841,.T.);
#1960=FACE_BOUND('',#1842,.T.);
#1961=FACE_BOUND('',#1843,.T.);
#1962=FACE_BOUND('',#1844,.T.);
#1963=FACE_BOUND('',#1845,.T.);
#1964=FACE_BOUND('',#1846,.T.);
#1965=FACE_BOUND('',#1847,.T.);
#1966=FACE_BOUND('',#1848,.T.);
#1967=FACE_BOUND('',#1849,.T.);
#1968=FACE_BOUND('',#1850,.T.);
#1969=FACE_BOUND('',#1851,.T.);
#1970=FACE_BOUND('',#1852,.T.);
#1971=FACE_BOUND('',#1853,.T.);
#1972=FACE_BOUND('',#1854,.T.);
#1973=FACE_BOUND('',#1855,.T.);
#1974=FACE_BOUND('',#1856,.T.);
#1975=FACE_BOUND('',#1857,.T.);
#1976=FACE_BOUND('',#1858,.T.);
#1977=FACE_BOUND('',#1859,.T.);
#1978=FACE_BOUND('',#1860,.T.);
#1979=FACE_BOUND('',#1861,.T.);
#1980=FACE_BOUND('',#1862,.T.);
#1981=FACE_BOUND('',#1863,.T.);
#1982=FACE_BOUND('',#1864,.T.);
#1983=FACE_BOUND('',#1865,.T.);
#1984=FACE_BOUND('',#1866,.T.);
#1985=FACE_BOUND('',#1867,.T.);
#1986=FACE_BOUND('',#1868,.T.);
#1987=FACE_BOUND('',#1869,.T.);
#1988=FACE_BOUND('',#1870,.T.);
#1989=FACE_BOUND('',#1871,.T.);
#1990=FACE_BOUND('',#1872,.T.);
#1991=FACE_BOUND('',#1873,.T.);
#1992=FACE_BOUND('',#1874,.T.);
#1993=FACE_BOUND('',#1875,.T.);
#1994=FACE_BOUND('',#1876,.T.);
#1995=FACE_BOUND('',#1877,.T.);
#1996=FACE_BOUND('',#1878,.T.);
#1997=FACE_BOUND('',#1879,.T.);
#1998=FACE_BOUND('',#1880,.T.);
#1999=FACE_BOUND('',#1881,.T.);
#2000=FACE_BOUND('',#1882,.T.);
#2001=FACE_BOUND('',#1883,.T.);
#2002=FACE_BOUND('',#1884,.T.);
#2003=FACE_BOUND('',#1885,.T.);
#2004=FACE_BOUND('',#1886,.T.);
#2005=FACE_BOUND('',#1887,.T.);
#2006=FACE_BOUND('',#1888,.T.);
#2007=FACE_BOUND('',#1889,.T.);
#2008=FACE_BOUND('',#1890,.T.);
#2009=FACE_BOUND('',#1891,.T.);
#2010=FACE_BOUND('',#1892,.T.);
#2011=FACE_BOUND('',#1893,.T.);
#2012=FACE_BOUND('',#1894,.T.);
#2013=FACE_BOUND('',#1895,.T.);
#2014=FACE_BOUND('',#1896,.T.);
#2015=FACE_BOUND('',#1897,.T.);
#2016=FACE_BOUND('',#1898,.T.);
#2017=FACE_BOUND('',#1899,.T.);
#2018=FACE_BOUND('',#1900,.T.);
#2019=FACE_BOUND('',#1901,.T.);
#2020=FACE_BOUND('',#1902,.T.);
#2021=FACE_BOUND('',#1903,.T.);
#2022=FACE_BOUND('',#1904,.T.);
#2023=FACE_BOUND('',#1905,.T.);
#2024=FACE_BOUND('',#1906,.T.);
#2025=FACE_BOUND('',#1907,.T.);
#2026=FACE_BOUND('',#1908,.T.);
#2027=FACE_BOUND('',#1909,.T.);
#2028=FACE_BOUND('',#1910,.T.);
#2029=FACE_BOUND('',#1911,.T.);
#2030=FACE_BOUND('',#1912,.T.);
#2031=FACE_BOUND('',#1913,.T.);
#2032=FACE_BOUND('',#1914,.T.);
#2033=FACE_BOUND('',#1915,.T.);
#2034=FACE_BOUND('',#1916,.T.);
#2035=FACE_BOUND('',#1917,.T.);
#2036=FACE_BOUND('',#1918,.T.);
#2037=FACE_BOUND('',#1919,.T.);
#2038=FACE_BOUND('',#1920,.T.);
#2039=FACE_BOUND('',#1921,.T.);
#2040=FACE_BOUND('',#1922,.T.);
#2041=FACE_BOUND('',#1923,.T.);
#2042=FACE_BOUND('',#1924,.T.);
#2043=FACE_BOUND('',#1925,.T.);
#2044=FACE_BOUND('',#1926,.T.);
#2045=FACE_BOUND('',#1927,.T.);
#2046=FACE_BOUND('',#1928,.T.);
#2047=FACE_BOUND('',#1929,.T.);
#2048=FACE_BOUND('',#1930,.T.);
#2049=FACE_BOUND('',#1931,.T.);
#2050=FACE_BOUND('',#1932,.T.);
#2051=FACE_BOUND('',#1933,.T.);
#2052=FACE_BOUND('',#1934,.T.);
#2053=FACE_BOUND('',#1935,.T.);
#2054=FACE_BOUND('',#1936,.T.);
#2055=FACE_BOUND('',#1937,.T.);
#2056=FACE_BOUND('',#1938,.T.);
#2057=FACE_BOUND('',#1939,.T.);
#2058=FACE_BOUND('',#1940,.T.);
#2059=FACE_BOUND('',#1941,.T.);
#2060=FACE_BOUND('',#1942,.T.);
#2061=FACE_BOUND('',#1943,.T.);
#2062=FACE_BOUND('',#1944,.T.);
#2063=FACE_BOUND('',#1945,.T.);
#2064=FACE_BOUND('',#1946,.T.);
#2065=FACE_BOUND('',#1947,.T.);
#2066=FACE_BOUND('',#1948,.T.);
#2067=FACE_BOUND('',#1949,.T.);
#2068=PLANE('',#2287);
#2069=PLANE('',#2288);
#2070=PLANE('',#2289);
#2071=PLANE('',#2290);
#2072=PLANE('',#2291);
#2073=PLANE('',#2292);
#2074=PLANE('',#2293);
#2075=PLANE('',#2294);
#2076=PLANE('',#2295);
#2077=PLANE('',#2296);
#2078=PLANE('',#2297);
#2079=PLANE('',#2298);
#2080=PLANE('',#2299);
#2081=PLANE('',#2300);
#2082=PLANE('',#2304);
#2083=PLANE('',#2305);
#2084=PLANE('',#2306);
#2085=PLANE('',#2307);
#2086=PLANE('',#2308);
#2087=PLANE('',#2309);
#2088=PLANE('',#2310);
#2089=PLANE('',#2311);
#2090=PLANE('',#2312);
#2091=PLANE('',#2313);
#2092=PLANE('',#2314);
#2093=PLANE('',#2315);
#2094=PLANE('',#2316);
#2095=PLANE('',#2317);
#2096=PLANE('',#2321);
#2097=PLANE('',#2322);
#2098=PLANE('',#2323);
#2099=PLANE('',#2324);
#2100=PLANE('',#2325);
#2101=PLANE('',#2326);
#2102=PLANE('',#2327);
#2103=PLANE('',#2328);
#2104=PLANE('',#2329);
#2105=PLANE('',#2330);
#2106=PLANE('',#2331);
#2107=PLANE('',#2332);
#2108=PLANE('',#2333);
#2109=PLANE('',#2334);
#2110=PLANE('',#2335);
#2111=PLANE('',#2336);
#2112=PLANE('',#2337);
#2113=PLANE('',#2338);
#2114=PLANE('',#2339);
#2115=PLANE('',#2340);
#2116=PLANE('',#2341);
#2117=PLANE('',#2342);
#2118=PLANE('',#2343);
#2119=PLANE('',#2344);
#2120=PLANE('',#2345);
#2121=PLANE('',#2346);
#2122=PLANE('',#2347);
#2123=PLANE('',#2351);
#2124=PLANE('',#2352);
#2125=PLANE('',#2353);
#2126=PLANE('',#2354);
#2127=PLANE('',#2355);
#2128=PLANE('',#2356);
#2129=PLANE('',#2357);
#2130=PLANE('',#2358);
#2131=PLANE('',#2359);
#2132=PLANE('',#2360);
#2133=PLANE('',#2361);
#2134=PLANE('',#2362);
#2135=PLANE('',#2363);
#2136=PLANE('',#2364);
#2137=PLANE('',#2368);
#2138=PLANE('',#2369);
#2139=PLANE('',#2370);
#2140=PLANE('',#2371);
#2141=PLANE('',#2372);
#2142=PLANE('',#2373);
#2143=PLANE('',#2374);
#2144=PLANE('',#2375);
#2145=PLANE('',#2376);
#2146=PLANE('',#2377);
#2147=PLANE('',#2378);
#2148=PLANE('',#2379);
#2149=PLANE('',#2383);
#2150=PLANE('',#2387);
#2151=PLANE('',#2388);
#2152=PLANE('',#2389);
#2153=PLANE('',#2393);
#2154=PLANE('',#2397);
#2155=PLANE('',#2401);
#2156=PLANE('',#2405);
#2157=PLANE('',#2406);
#2158=PLANE('',#2407);
#2159=PLANE('',#2411);
#2160=PLANE('',#2415);
#2161=PLANE('',#2416);
#2162=PLANE('',#2417);
#2163=PLANE('',#2420);
#2164=ADVANCED_FACE('',(#1950),#2068,.T.);
#2165=ADVANCED_FACE('',(#1951),#2069,.T.);
#2166=ADVANCED_FACE('',(#1952),#2070,.T.);
#2167=ADVANCED_FACE('',(#1953),#2071,.T.);
#2168=ADVANCED_FACE('',(#1954),#2072,.T.);
#2169=ADVANCED_FACE('',(#1955),#2073,.T.);
#2170=ADVANCED_FACE('',(#1956),#2074,.T.);
#2171=ADVANCED_FACE('',(#1957),#2075,.T.);
#2172=ADVANCED_FACE('',(#1958),#2076,.T.);
#2173=ADVANCED_FACE('',(#1959),#2077,.T.);
#2174=ADVANCED_FACE('',(#1960),#2078,.T.);
#2175=ADVANCED_FACE('',(#1961),#2079,.T.);
#2176=ADVANCED_FACE('',(#1962),#2080,.T.);
#2177=ADVANCED_FACE('',(#1963),#2081,.T.);
#2178=ADVANCED_FACE('',(#1964),#48,.T.);
#2179=ADVANCED_FACE('',(#1965),#2082,.T.);
#2180=ADVANCED_FACE('',(#1966),#2083,.T.);
#2181=ADVANCED_FACE('',(#1967),#2084,.T.);
#2182=ADVANCED_FACE('',(#1968),#2085,.T.);
#2183=ADVANCED_FACE('',(#1969),#2086,.T.);
#2184=ADVANCED_FACE('',(#1970),#2087,.T.);
#2185=ADVANCED_FACE('',(#1971),#2088,.T.);
#2186=ADVANCED_FACE('',(#1972),#2089,.T.);
#2187=ADVANCED_FACE('',(#1973),#2090,.T.);
#2188=ADVANCED_FACE('',(#1974),#2091,.T.);
#2189=ADVANCED_FACE('',(#1975),#2092,.T.);
#2190=ADVANCED_FACE('',(#1976),#2093,.T.);
#2191=ADVANCED_FACE('',(#1977),#2094,.T.);
#2192=ADVANCED_FACE('',(#1978),#2095,.T.);
#2193=ADVANCED_FACE('',(#1979),#49,.T.);
#2194=ADVANCED_FACE('',(#1980),#2096,.T.);
#2195=ADVANCED_FACE('',(#1981),#2097,.T.);
#2196=ADVANCED_FACE('',(#1982),#2098,.T.);
#2197=ADVANCED_FACE('',(#1983),#2099,.T.);
#2198=ADVANCED_FACE('',(#1984),#2100,.T.);
#2199=ADVANCED_FACE('',(#1985),#2101,.T.);
#2200=ADVANCED_FACE('',(#1986),#2102,.T.);
#2201=ADVANCED_FACE('',(#1987),#2103,.T.);
#2202=ADVANCED_FACE('',(#1988),#2104,.T.);
#2203=ADVANCED_FACE('',(#1989),#2105,.T.);
#2204=ADVANCED_FACE('',(#1990),#2106,.T.);
#2205=ADVANCED_FACE('',(#1991),#2107,.T.);
#2206=ADVANCED_FACE('',(#1992),#2108,.T.);
#2207=ADVANCED_FACE('',(#1993),#2109,.T.);
#2208=ADVANCED_FACE('',(#1994),#2110,.T.);
#2209=ADVANCED_FACE('',(#1995),#2111,.T.);
#2210=ADVANCED_FACE('',(#1996),#2112,.T.);
#2211=ADVANCED_FACE('',(#1997),#2113,.T.);
#2212=ADVANCED_FACE('',(#1998),#2114,.T.);
#2213=ADVANCED_FACE('',(#1999),#2115,.T.);
#2214=ADVANCED_FACE('',(#2000),#2116,.T.);
#2215=ADVANCED_FACE('',(#2001),#2117,.T.);
#2216=ADVANCED_FACE('',(#2002),#2118,.T.);
#2217=ADVANCED_FACE('',(#2003),#2119,.T.);
#2218=ADVANCED_FACE('',(#2004),#2120,.T.);
#2219=ADVANCED_FACE('',(#2005),#2121,.T.);
#2220=ADVANCED_FACE('',(#2006),#2122,.T.);
#2221=ADVANCED_FACE('',(#2007),#50,.T.);
#2222=ADVANCED_FACE('',(#2008),#2123,.T.);
#2223=ADVANCED_FACE('',(#2009),#2124,.T.);
#2224=ADVANCED_FACE('',(#2010),#2125,.T.);
#2225=ADVANCED_FACE('',(#2011),#2126,.T.);
#2226=ADVANCED_FACE('',(#2012),#2127,.T.);
#2227=ADVANCED_FACE('',(#2013),#2128,.T.);
#2228=ADVANCED_FACE('',(#2014),#2129,.T.);
#2229=ADVANCED_FACE('',(#2015),#2130,.T.);
#2230=ADVANCED_FACE('',(#2016),#2131,.T.);
#2231=ADVANCED_FACE('',(#2017),#2132,.T.);
#2232=ADVANCED_FACE('',(#2018),#2133,.T.);
#2233=ADVANCED_FACE('',(#2019),#2134,.T.);
#2234=ADVANCED_FACE('',(#2020),#2135,.T.);
#2235=ADVANCED_FACE('',(#2021),#2136,.T.);
#2236=ADVANCED_FACE('',(#2022),#51,.T.);
#2237=ADVANCED_FACE('',(#2023),#2137,.T.);
#2238=ADVANCED_FACE('',(#2024),#2138,.T.);
#2239=ADVANCED_FACE('',(#2025),#2139,.T.);
#2240=ADVANCED_FACE('',(#2026),#2140,.T.);
#2241=ADVANCED_FACE('',(#2027),#2141,.T.);
#2242=ADVANCED_FACE('',(#2028),#2142,.T.);
#2243=ADVANCED_FACE('',(#2029),#2143,.T.);
#2244=ADVANCED_FACE('',(#2030),#2144,.T.);
#2245=ADVANCED_FACE('',(#2031),#2145,.T.);
#2246=ADVANCED_FACE('',(#2032),#2146,.T.);
#2247=ADVANCED_FACE('',(#2033),#2147,.T.);
#2248=ADVANCED_FACE('',(#2034),#2148,.T.);
#2249=ADVANCED_FACE('',(#2035),#52,.F.);
#2250=ADVANCED_FACE('',(#2036),#2149,.F.);
#2251=ADVANCED_FACE('',(#2037),#53,.T.);
#2252=ADVANCED_FACE('',(#2038),#2150,.F.);
#2253=ADVANCED_FACE('',(#2039),#2151,.F.);
#2254=ADVANCED_FACE('',(#2040),#2152,.F.);
#2255=ADVANCED_FACE('',(#2041),#54,.T.);
#2256=ADVANCED_FACE('',(#2042),#2153,.F.);
#2257=ADVANCED_FACE('',(#2043),#55,.F.);
#2258=ADVANCED_FACE('',(#2044),#2154,.F.);
#2259=ADVANCED_FACE('',(#2045),#56,.F.);
#2260=ADVANCED_FACE('',(#2046),#2155,.F.);
#2261=ADVANCED_FACE('',(#2047),#57,.T.);
#2262=ADVANCED_FACE('',(#2048),#2156,.F.);
#2263=ADVANCED_FACE('',(#2049),#2157,.F.);
#2264=ADVANCED_FACE('',(#2050),#2158,.F.);
#2265=ADVANCED_FACE('',(#2051),#58,.T.);
#2266=ADVANCED_FACE('',(#2052),#2159,.F.);
#2267=ADVANCED_FACE('',(#2053),#59,.F.);
#2268=ADVANCED_FACE('',(#2054),#2160,.F.);
#2269=ADVANCED_FACE('',(#2055),#2161,.T.);
#2270=ADVANCED_FACE('',(#2056,#2057,#2058,#2059),#2162,.F.);
#2271=ADVANCED_FACE('',(#2060,#2061,#2062,#2063),#2163,.T.);
#2272=ADVANCED_FACE('',(#2064,#2065),#60,.F.);
#2273=ADVANCED_FACE('',(#2066,#2067),#61,.F.);
#2274=CLOSED_SHELL('',(#2164,#2165,#2166,#2167,#2168,#2169,#2170,#2171,
#2172,#2173,#2174,#2175,#2176,#2177,#2178,#2179,#2180,#2181,#2182,#2183,
#2184,#2185,#2186,#2187,#2188,#2189,#2190,#2191,#2192,#2193,#2194,#2195,
#2196,#2197,#2198,#2199,#2200,#2201,#2202,#2203,#2204,#2205,#2206,#2207,
#2208,#2209,#2210,#2211,#2212,#2213,#2214,#2215,#2216,#2217,#2218,#2219,
#2220,#2221,#2222,#2223,#2224,#2225,#2226,#2227,#2228,#2229,#2230,#2231,
#2232,#2233,#2234,#2235,#2236,#2237,#2238,#2239,#2240,#2241,#2242,#2243,
#2244,#2245,#2246,#2247,#2248,#2249,#2250,#2251,#2252,#2253,#2254,#2255,
#2256,#2257,#2258,#2259,#2260,#2261,#2262,#2263,#2264,#2265,#2266,#2267,
#2268,#2269,#2270,#2271,#2272,#2273));
#2275=STYLED_ITEM('',(#2276),#2283);
#2276=PRESENTATION_STYLE_ASSIGNMENT((#2277));
#2277=SURFACE_STYLE_USAGE(.BOTH.,#2278);
#2278=SURFACE_SIDE_STYLE('',(#2279));
#2279=SURFACE_STYLE_FILL_AREA(#2280);
#2280=FILL_AREA_STYLE('',(#2281));
#2281=FILL_AREA_STYLE_COLOUR('',#2282);
#2282=COLOUR_RGB('',0.689999997615814,0.689999997615814,0.689999997615814);
#2283=MANIFOLD_SOLID_BREP('HFSB5-2040-880',#2274);
#2284=SHAPE_DEFINITION_REPRESENTATION(#3652,#2285);
#2285=SHAPE_REPRESENTATION('HFSB5-2040-880',(#2286),#3647);
#2286=AXIS2_PLACEMENT_3D('',#2997,#2425,#2426);
#2287=AXIS2_PLACEMENT_3D('',#2998,#2427,#2428);
#2288=AXIS2_PLACEMENT_3D('',#3007,#2433,#2434);
#2289=AXIS2_PLACEMENT_3D('',#3013,#2438,#2439);
#2290=AXIS2_PLACEMENT_3D('',#3019,#2443,#2444);
#2291=AXIS2_PLACEMENT_3D('',#3025,#2448,#2449);
#2292=AXIS2_PLACEMENT_3D('',#3031,#2453,#2454);
#2293=AXIS2_PLACEMENT_3D('',#3037,#2458,#2459);
#2294=AXIS2_PLACEMENT_3D('',#3043,#2463,#2464);
#2295=AXIS2_PLACEMENT_3D('',#3049,#2468,#2469);
#2296=AXIS2_PLACEMENT_3D('',#3055,#2473,#2474);
#2297=AXIS2_PLACEMENT_3D('',#3061,#2478,#2479);
#2298=AXIS2_PLACEMENT_3D('',#3067,#2483,#2484);
#2299=AXIS2_PLACEMENT_3D('',#3073,#2488,#2489);
#2300=AXIS2_PLACEMENT_3D('',#3079,#2493,#2494);
#2301=AXIS2_PLACEMENT_3D('',#3085,#2498,#2499);
#2302=AXIS2_PLACEMENT_3D('',#3086,#2500,#2501);
#2303=AXIS2_PLACEMENT_3D('',#3088,#2502,#2503);
#2304=AXIS2_PLACEMENT_3D('',#3091,#2505,#2506);
#2305=AXIS2_PLACEMENT_3D('',#3097,#2510,#2511);
#2306=AXIS2_PLACEMENT_3D('',#3103,#2515,#2516);
#2307=AXIS2_PLACEMENT_3D('',#3109,#2520,#2521);
#2308=AXIS2_PLACEMENT_3D('',#3115,#2525,#2526);
#2309=AXIS2_PLACEMENT_3D('',#3121,#2530,#2531);
#2310=AXIS2_PLACEMENT_3D('',#3127,#2535,#2536);
#2311=AXIS2_PLACEMENT_3D('',#3133,#2540,#2541);
#2312=AXIS2_PLACEMENT_3D('',#3139,#2545,#2546);
#2313=AXIS2_PLACEMENT_3D('',#3145,#2550,#2551);
#2314=AXIS2_PLACEMENT_3D('',#3151,#2555,#2556);
#2315=AXIS2_PLACEMENT_3D('',#3157,#2560,#2561);
#2316=AXIS2_PLACEMENT_3D('',#3163,#2565,#2566);
#2317=AXIS2_PLACEMENT_3D('',#3169,#2570,#2571);
#2318=AXIS2_PLACEMENT_3D('',#3175,#2575,#2576);
#2319=AXIS2_PLACEMENT_3D('',#3176,#2577,#2578);
#2320=AXIS2_PLACEMENT_3D('',#3178,#2579,#2580);
#2321=AXIS2_PLACEMENT_3D('',#3181,#2582,#2583);
#2322=AXIS2_PLACEMENT_3D('',#3187,#2587,#2588);
#2323=AXIS2_PLACEMENT_3D('',#3193,#2592,#2593);
#2324=AXIS2_PLACEMENT_3D('',#3199,#2597,#2598);
#2325=AXIS2_PLACEMENT_3D('',#3205,#2602,#2603);
#2326=AXIS2_PLACEMENT_3D('',#3211,#2607,#2608);
#2327=AXIS2_PLACEMENT_3D('',#3217,#2612,#2613);
#2328=AXIS2_PLACEMENT_3D('',#3223,#2617,#2618);
#2329=AXIS2_PLACEMENT_3D('',#3229,#2622,#2623);
#2330=AXIS2_PLACEMENT_3D('',#3235,#2627,#2628);
#2331=AXIS2_PLACEMENT_3D('',#3241,#2632,#2633);
#2332=AXIS2_PLACEMENT_3D('',#3247,#2637,#2638);
#2333=AXIS2_PLACEMENT_3D('',#3253,#2642,#2643);
#2334=AXIS2_PLACEMENT_3D('',#3259,#2647,#2648);
#2335=AXIS2_PLACEMENT_3D('',#3265,#2652,#2653);
#2336=AXIS2_PLACEMENT_3D('',#3271,#2657,#2658);
#2337=AXIS2_PLACEMENT_3D('',#3277,#2662,#2663);
#2338=AXIS2_PLACEMENT_3D('',#3283,#2667,#2668);
#2339=AXIS2_PLACEMENT_3D('',#3289,#2672,#2673);
#2340=AXIS2_PLACEMENT_3D('',#3295,#2677,#2678);
#2341=AXIS2_PLACEMENT_3D('',#3301,#2682,#2683);
#2342=AXIS2_PLACEMENT_3D('',#3307,#2687,#2688);
#2343=AXIS2_PLACEMENT_3D('',#3313,#2692,#2693);
#2344=AXIS2_PLACEMENT_3D('',#3319,#2697,#2698);
#2345=AXIS2_PLACEMENT_3D('',#3325,#2702,#2703);
#2346=AXIS2_PLACEMENT_3D('',#3331,#2707,#2708);
#2347=AXIS2_PLACEMENT_3D('',#3337,#2712,#2713);
#2348=AXIS2_PLACEMENT_3D('',#3343,#2717,#2718);
#2349=AXIS2_PLACEMENT_3D('',#3344,#2719,#2720);
#2350=AXIS2_PLACEMENT_3D('',#3346,#2721,#2722);
#2351=AXIS2_PLACEMENT_3D('',#3349,#2724,#2725);
#2352=AXIS2_PLACEMENT_3D('',#3355,#2729,#2730);
#2353=AXIS2_PLACEMENT_3D('',#3361,#2734,#2735);
#2354=AXIS2_PLACEMENT_3D('',#3367,#2739,#2740);
#2355=AXIS2_PLACEMENT_3D('',#3373,#2744,#2745);
#2356=AXIS2_PLACEMENT_3D('',#3379,#2749,#2750);
#2357=AXIS2_PLACEMENT_3D('',#3385,#2754,#2755);
#2358=AXIS2_PLACEMENT_3D('',#3391,#2759,#2760);
#2359=AXIS2_PLACEMENT_3D('',#3397,#2764,#2765);
#2360=AXIS2_PLACEMENT_3D('',#3403,#2769,#2770);
#2361=AXIS2_PLACEMENT_3D('',#3409,#2774,#2775);
#2362=AXIS2_PLACEMENT_3D('',#3415,#2779,#2780);
#2363=AXIS2_PLACEMENT_3D('',#3421,#2784,#2785);
#2364=AXIS2_PLACEMENT_3D('',#3427,#2789,#2790);
#2365=AXIS2_PLACEMENT_3D('',#3433,#2794,#2795);
#2366=AXIS2_PLACEMENT_3D('',#3434,#2796,#2797);
#2367=AXIS2_PLACEMENT_3D('',#3436,#2798,#2799);
#2368=AXIS2_PLACEMENT_3D('',#3439,#2801,#2802);
#2369=AXIS2_PLACEMENT_3D('',#3445,#2806,#2807);
#2370=AXIS2_PLACEMENT_3D('',#3451,#2811,#2812);
#2371=AXIS2_PLACEMENT_3D('',#3457,#2816,#2817);
#2372=AXIS2_PLACEMENT_3D('',#3463,#2821,#2822);
#2373=AXIS2_PLACEMENT_3D('',#3469,#2826,#2827);
#2374=AXIS2_PLACEMENT_3D('',#3475,#2831,#2832);
#2375=AXIS2_PLACEMENT_3D('',#3481,#2836,#2837);
#2376=AXIS2_PLACEMENT_3D('',#3487,#2841,#2842);
#2377=AXIS2_PLACEMENT_3D('',#3493,#2846,#2847);
#2378=AXIS2_PLACEMENT_3D('',#3499,#2851,#2852);
#2379=AXIS2_PLACEMENT_3D('',#3505,#2856,#2857);
#2380=AXIS2_PLACEMENT_3D('',#3511,#2861,#2862);
#2381=AXIS2_PLACEMENT_3D('',#3512,#2863,#2864);
#2382=AXIS2_PLACEMENT_3D('',#3517,#2866,#2867);
#2383=AXIS2_PLACEMENT_3D('',#3520,#2869,#2870);
#2384=AXIS2_PLACEMENT_3D('',#3526,#2874,#2875);
#2385=AXIS2_PLACEMENT_3D('',#3527,#2876,#2877);
#2386=AXIS2_PLACEMENT_3D('',#3529,#2878,#2879);
#2387=AXIS2_PLACEMENT_3D('',#3532,#2881,#2882);
#2388=AXIS2_PLACEMENT_3D('',#3538,#2886,#2887);
#2389=AXIS2_PLACEMENT_3D('',#3544,#2891,#2892);
#2390=AXIS2_PLACEMENT_3D('',#3550,#2896,#2897);
#2391=AXIS2_PLACEMENT_3D('',#3551,#2898,#2899);
#2392=AXIS2_PLACEMENT_3D('',#3553,#2900,#2901);
#2393=AXIS2_PLACEMENT_3D('',#3556,#2903,#2904);
#2394=AXIS2_PLACEMENT_3D('',#3562,#2908,#2909);
#2395=AXIS2_PLACEMENT_3D('',#3563,#2910,#2911);
#2396=AXIS2_PLACEMENT_3D('',#3565,#2912,#2913);
#2397=AXIS2_PLACEMENT_3D('',#3568,#2915,#2916);
#2398=AXIS2_PLACEMENT_3D('',#3574,#2920,#2921);
#2399=AXIS2_PLACEMENT_3D('',#3575,#2922,#2923);
#2400=AXIS2_PLACEMENT_3D('',#3577,#2924,#2925);
#2401=AXIS2_PLACEMENT_3D('',#3580,#2927,#2928);
#2402=AXIS2_PLACEMENT_3D('',#3586,#2932,#2933);
#2403=AXIS2_PLACEMENT_3D('',#3587,#2934,#2935);
#2404=AXIS2_PLACEMENT_3D('',#3589,#2936,#2937);
#2405=AXIS2_PLACEMENT_3D('',#3592,#2939,#2940);
#2406=AXIS2_PLACEMENT_3D('',#3598,#2944,#2945);
#2407=AXIS2_PLACEMENT_3D('',#3604,#2949,#2950);
#2408=AXIS2_PLACEMENT_3D('',#3610,#2954,#2955);
#2409=AXIS2_PLACEMENT_3D('',#3611,#2956,#2957);
#2410=AXIS2_PLACEMENT_3D('',#3613,#2958,#2959);
#2411=AXIS2_PLACEMENT_3D('',#3616,#2961,#2962);
#2412=AXIS2_PLACEMENT_3D('',#3622,#2966,#2967);
#2413=AXIS2_PLACEMENT_3D('',#3623,#2968,#2969);
#2414=AXIS2_PLACEMENT_3D('',#3625,#2970,#2971);
#2415=AXIS2_PLACEMENT_3D('',#3628,#2973,#2974);
#2416=AXIS2_PLACEMENT_3D('',#3631,#2977,#2978);
#2417=AXIS2_PLACEMENT_3D('',#3634,#2981,#2982);
#2418=AXIS2_PLACEMENT_3D('',#3635,#2983,#2984);
#2419=AXIS2_PLACEMENT_3D('',#3637,#2985,#2986);
#2420=AXIS2_PLACEMENT_3D('',#3639,#2987,#2988);
#2421=AXIS2_PLACEMENT_3D('',#3640,#2989,#2990);
#2422=AXIS2_PLACEMENT_3D('',#3642,#2991,#2992);
#2423=AXIS2_PLACEMENT_3D('',#3644,#2993,#2994);
#2424=AXIS2_PLACEMENT_3D('',#3645,#2995,#2996);
#2425=DIRECTION('',(0.,0.,1.));
#2426=DIRECTION('',(1.,0.,0.));
#2427=DIRECTION('',(-1.,0.,0.));
#2428=DIRECTION('',(0.,0.,1.));
#2429=DIRECTION('',(0.,-1.,0.));
#2430=DIRECTION('',(0.,0.,1.));
#2431=DIRECTION('',(0.,-1.,0.));
#2432=DIRECTION('',(0.,0.,1.));
#2433=DIRECTION('',(1.30104260698261E-15,-1.,0.));
#2434=DIRECTION('',(1.,1.30104260698261E-15,0.));
#2435=DIRECTION('',(1.,1.30104260698261E-15,0.));
#2436=DIRECTION('',(1.,1.30104260698261E-15,0.));
#2437=DIRECTION('',(0.,0.,1.));
#2438=DIRECTION('',(1.,0.,0.));
#2439=DIRECTION('',(0.,0.,-1.));
#2440=DIRECTION('',(0.,1.,0.));
#2441=DIRECTION('',(0.,1.,0.));
#2442=DIRECTION('',(0.,0.,1.));
#2443=DIRECTION('',(0.,-1.,0.));
#2444=DIRECTION('',(0.,0.,-1.));
#2445=DIRECTION('',(1.,0.,0.));
#2446=DIRECTION('',(1.,0.,0.));
#2447=DIRECTION('',(0.,0.,1.));
#2448=DIRECTION('',(-0.707106781186548,-0.707106781186546,0.));
#2449=DIRECTION('',(0.707106781186547,-0.707106781186549,0.));
#2450=DIRECTION('',(0.707106781186546,-0.707106781186548,0.));
#2451=DIRECTION('',(0.707106781186546,-0.707106781186548,0.));
#2452=DIRECTION('',(0.,0.,1.));
#2453=DIRECTION('',(-1.,0.,0.));
#2454=DIRECTION('',(0.,0.,1.));
#2455=DIRECTION('',(0.,-1.,0.));
#2456=DIRECTION('',(0.,-1.,0.));
#2457=DIRECTION('',(0.,0.,1.));
#2458=DIRECTION('',(-0.866025403784441,-0.499999999999995,0.));
#2459=DIRECTION('',(0.499999999999995,-0.866025403784441,0.));
#2460=DIRECTION('',(0.499999999999995,-0.866025403784441,0.));
#2461=DIRECTION('',(0.499999999999995,-0.866025403784441,0.));
#2462=DIRECTION('',(0.,0.,1.));
#2463=DIRECTION('',(-0.866025403784437,0.500000000000003,0.));
#2464=DIRECTION('',(-0.500000000000003,-0.866025403784437,0.));
#2465=DIRECTION('',(-0.500000000000003,-0.866025403784437,0.));
#2466=DIRECTION('',(-0.500000000000003,-0.866025403784437,0.));
#2467=DIRECTION('',(0.,0.,1.));
#2468=DIRECTION('',(-1.,0.,0.));
#2469=DIRECTION('',(0.,0.,1.));
#2470=DIRECTION('',(0.,-1.,0.));
#2471=DIRECTION('',(0.,-1.,0.));
#2472=DIRECTION('',(0.,0.,1.));
#2473=DIRECTION('',(-0.707106781186548,0.707106781186548,0.));
#2474=DIRECTION('',(-0.707106781186548,-0.707106781186548,0.));
#2475=DIRECTION('',(-0.707106781186548,-0.707106781186548,0.));
#2476=DIRECTION('',(-0.707106781186548,-0.707106781186548,0.));
#2477=DIRECTION('',(0.,0.,1.));
#2478=DIRECTION('',(0.,1.,0.));
#2479=DIRECTION('',(0.,0.,1.));
#2480=DIRECTION('',(-1.,0.,0.));
#2481=DIRECTION('',(-1.,0.,0.));
#2482=DIRECTION('',(0.,0.,1.));
#2483=DIRECTION('',(1.,0.,0.));
#2484=DIRECTION('',(0.,0.,-1.));
#2485=DIRECTION('',(0.,1.,0.));
#2486=DIRECTION('',(0.,1.,0.));
#2487=DIRECTION('',(0.,0.,1.));
#2488=DIRECTION('',(0.,1.,0.));
#2489=DIRECTION('',(0.,0.,1.));
#2490=DIRECTION('',(-1.,0.,0.));
#2491=DIRECTION('',(-1.,0.,0.));
#2492=DIRECTION('',(0.,0.,1.));
#2493=DIRECTION('',(-1.,0.,0.));
#2494=DIRECTION('',(0.,0.,1.));
#2495=DIRECTION('',(0.,-1.,0.));
#2496=DIRECTION('',(0.,-1.,0.));
#2497=DIRECTION('',(0.,0.,1.));
#2498=DIRECTION('',(0.,0.,1.));
#2499=DIRECTION('',(1.,0.,0.));
#2500=DIRECTION('',(0.,0.,1.));
#2501=DIRECTION('',(1.,0.,0.));
#2502=DIRECTION('',(0.,0.,1.));
#2503=DIRECTION('',(1.,0.,0.));
#2504=DIRECTION('',(0.,0.,1.));
#2505=DIRECTION('',(0.,-1.,0.));
#2506=DIRECTION('',(0.,0.,-1.));
#2507=DIRECTION('',(1.,0.,0.));
#2508=DIRECTION('',(1.,0.,0.));
#2509=DIRECTION('',(0.,0.,1.));
#2510=DIRECTION('',(1.,0.,0.));
#2511=DIRECTION('',(0.,0.,-1.));
#2512=DIRECTION('',(0.,1.,0.));
#2513=DIRECTION('',(0.,1.,0.));
#2514=DIRECTION('',(0.,0.,1.));
#2515=DIRECTION('',(0.,1.,0.));
#2516=DIRECTION('',(0.,0.,1.));
#2517=DIRECTION('',(-1.,0.,0.));
#2518=DIRECTION('',(-1.,0.,0.));
#2519=DIRECTION('',(0.,0.,1.));
#2520=DIRECTION('',(1.,0.,0.));
#2521=DIRECTION('',(0.,0.,-1.));
#2522=DIRECTION('',(0.,1.,0.));
#2523=DIRECTION('',(0.,1.,0.));
#2524=DIRECTION('',(0.,0.,1.));
#2525=DIRECTION('',(0.707106781186548,-0.707106781186547,0.));
#2526=DIRECTION('',(0.707106781186547,0.707106781186548,0.));
#2527=DIRECTION('',(0.707106781186547,0.707106781186548,0.));
#2528=DIRECTION('',(0.707106781186547,0.707106781186548,0.));
#2529=DIRECTION('',(0.,0.,1.));
#2530=DIRECTION('',(0.,-1.,0.));
#2531=DIRECTION('',(0.,0.,-1.));
#2532=DIRECTION('',(1.,0.,0.));
#2533=DIRECTION('',(1.,0.,0.));
#2534=DIRECTION('',(0.,0.,1.));
#2535=DIRECTION('',(0.500000000000011,-0.866025403784432,0.));
#2536=DIRECTION('',(0.866025403784432,0.500000000000011,0.));
#2537=DIRECTION('',(0.866025403784432,0.500000000000011,0.));
#2538=DIRECTION('',(0.866025403784432,0.500000000000011,0.));
#2539=DIRECTION('',(0.,0.,1.));
#2540=DIRECTION('',(-0.500000000000005,-0.866025403784436,0.));
#2541=DIRECTION('',(0.866025403784436,-0.500000000000005,0.));
#2542=DIRECTION('',(0.866025403784436,-0.500000000000005,0.));
#2543=DIRECTION('',(0.866025403784436,-0.500000000000005,0.));
#2544=DIRECTION('',(0.,0.,1.));
#2545=DIRECTION('',(0.,-1.,0.));
#2546=DIRECTION('',(0.,0.,-1.));
#2547=DIRECTION('',(1.,0.,0.));
#2548=DIRECTION('',(1.,0.,0.));
#2549=DIRECTION('',(0.,0.,1.));
#2550=DIRECTION('',(-0.707106781186547,-0.707106781186547,0.));
#2551=DIRECTION('',(0.707106781186548,-0.707106781186548,0.));
#2552=DIRECTION('',(0.707106781186547,-0.707106781186547,0.));
#2553=DIRECTION('',(0.707106781186547,-0.707106781186547,0.));
#2554=DIRECTION('',(0.,0.,1.));
#2555=DIRECTION('',(-1.,0.,0.));
#2556=DIRECTION('',(0.,0.,1.));
#2557=DIRECTION('',(0.,-1.,0.));
#2558=DIRECTION('',(0.,-1.,0.));
#2559=DIRECTION('',(0.,0.,1.));
#2560=DIRECTION('',(0.,1.,0.));
#2561=DIRECTION('',(0.,0.,1.));
#2562=DIRECTION('',(-1.,0.,0.));
#2563=DIRECTION('',(-1.,0.,0.));
#2564=DIRECTION('',(0.,0.,1.));
#2565=DIRECTION('',(-1.,0.,0.));
#2566=DIRECTION('',(0.,0.,1.));
#2567=DIRECTION('',(0.,-1.,0.));
#2568=DIRECTION('',(0.,-1.,0.));
#2569=DIRECTION('',(0.,0.,1.));
#2570=DIRECTION('',(0.,-1.,0.));
#2571=DIRECTION('',(0.,0.,-1.));
#2572=DIRECTION('',(1.,0.,0.));
#2573=DIRECTION('',(1.,0.,0.));
#2574=DIRECTION('',(0.,0.,1.));
#2575=DIRECTION('',(0.,0.,1.));
#2576=DIRECTION('',(1.,0.,0.));
#2577=DIRECTION('',(0.,0.,1.));
#2578=DIRECTION('',(1.,0.,0.));
#2579=DIRECTION('',(0.,0.,1.));
#2580=DIRECTION('',(1.,0.,0.));
#2581=DIRECTION('',(0.,0.,1.));
#2582=DIRECTION('',(1.,0.,0.));
#2583=DIRECTION('',(0.,0.,-1.));
#2584=DIRECTION('',(0.,1.,0.));
#2585=DIRECTION('',(0.,1.,0.));
#2586=DIRECTION('',(0.,0.,1.));
#2587=DIRECTION('',(0.,1.,0.));
#2588=DIRECTION('',(0.,0.,1.));
#2589=DIRECTION('',(-1.,0.,0.));
#2590=DIRECTION('',(-1.,0.,0.));
#2591=DIRECTION('',(0.,0.,1.));
#2592=DIRECTION('',(-1.,0.,0.));
#2593=DIRECTION('',(0.,0.,1.));
#2594=DIRECTION('',(0.,-1.,0.));
#2595=DIRECTION('',(0.,-1.,0.));
#2596=DIRECTION('',(0.,0.,1.));
#2597=DIRECTION('',(0.,1.,0.));
#2598=DIRECTION('',(0.,0.,1.));
#2599=DIRECTION('',(-1.,0.,0.));
#2600=DIRECTION('',(-1.,0.,0.));
#2601=DIRECTION('',(0.,0.,1.));
#2602=DIRECTION('',(0.707106781186548,0.707106781186546,0.));
#2603=DIRECTION('',(-0.707106781186547,0.707106781186549,0.));
#2604=DIRECTION('',(-0.707106781186546,0.707106781186548,0.));
#2605=DIRECTION('',(-0.707106781186546,0.707106781186548,0.));
#2606=DIRECTION('',(0.,0.,1.));
#2607=DIRECTION('',(1.,0.,0.));
#2608=DIRECTION('',(0.,0.,-1.));
#2609=DIRECTION('',(0.,1.,0.));
#2610=DIRECTION('',(0.,1.,0.));
#2611=DIRECTION('',(0.,0.,1.));
#2612=DIRECTION('',(0.866025403784442,0.499999999999994,0.));
#2613=DIRECTION('',(-0.499999999999994,0.866025403784442,0.));
#2614=DIRECTION('',(-0.499999999999994,0.866025403784442,0.));
#2615=DIRECTION('',(-0.499999999999994,0.866025403784442,0.));
#2616=DIRECTION('',(0.,0.,1.));
#2617=DIRECTION('',(0.866025403784438,-0.500000000000002,0.));
#2618=DIRECTION('',(0.500000000000002,0.866025403784438,0.));
#2619=DIRECTION('',(0.500000000000002,0.866025403784438,0.));
#2620=DIRECTION('',(0.500000000000002,0.866025403784438,0.));
#2621=DIRECTION('',(0.,0.,1.));
#2622=DIRECTION('',(1.,0.,0.));
#2623=DIRECTION('',(0.,0.,-1.));
#2624=DIRECTION('',(0.,1.,0.));
#2625=DIRECTION('',(0.,1.,0.));
#2626=DIRECTION('',(0.,0.,1.));
#2627=DIRECTION('',(0.707106781186548,-0.707106781186547,0.));
#2628=DIRECTION('',(0.707106781186547,0.707106781186548,0.));
#2629=DIRECTION('',(0.707106781186547,0.707106781186548,0.));
#2630=DIRECTION('',(0.707106781186547,0.707106781186548,0.));
#2631=DIRECTION('',(0.,0.,1.));
#2632=DIRECTION('',(0.,-1.,0.));
#2633=DIRECTION('',(0.,0.,-1.));
#2634=DIRECTION('',(1.,0.,0.));
#2635=DIRECTION('',(1.,0.,0.));
#2636=DIRECTION('',(0.,0.,1.));
#2637=DIRECTION('',(-1.,0.,0.));
#2638=DIRECTION('',(0.,0.,1.));
#2639=DIRECTION('',(0.,-1.,0.));
#2640=DIRECTION('',(0.,-1.,0.));
#2641=DIRECTION('',(0.,0.,1.));
#2642=DIRECTION('',(0.,-1.,0.));
#2643=DIRECTION('',(0.,0.,-1.));
#2644=DIRECTION('',(1.,0.,0.));
#2645=DIRECTION('',(1.,0.,0.));
#2646=DIRECTION('',(0.,0.,1.));
#2647=DIRECTION('',(1.,0.,0.));
#2648=DIRECTION('',(0.,0.,-1.));
#2649=DIRECTION('',(0.,1.,0.));
#2650=DIRECTION('',(0.,1.,0.));
#2651=DIRECTION('',(0.,0.,1.));
#2652=DIRECTION('',(0.,1.,0.));
#2653=DIRECTION('',(0.,0.,1.));
#2654=DIRECTION('',(-1.,0.,0.));
#2655=DIRECTION('',(-1.,0.,0.));
#2656=DIRECTION('',(0.,0.,1.));
#2657=DIRECTION('',(-1.,0.,0.));
#2658=DIRECTION('',(0.,0.,1.));
#2659=DIRECTION('',(0.,-1.,0.));
#2660=DIRECTION('',(0.,-1.,0.));
#2661=DIRECTION('',(0.,0.,1.));
#2662=DIRECTION('',(0.,1.,0.));
#2663=DIRECTION('',(0.,0.,1.));
#2664=DIRECTION('',(-1.,0.,0.));
#2665=DIRECTION('',(-1.,0.,0.));
#2666=DIRECTION('',(0.,0.,1.));
#2667=DIRECTION('',(0.707106781186548,0.707106781186546,0.));
#2668=DIRECTION('',(-0.707106781186547,0.707106781186549,0.));
#2669=DIRECTION('',(-0.707106781186546,0.707106781186548,0.));
#2670=DIRECTION('',(-0.707106781186546,0.707106781186548,0.));
#2671=DIRECTION('',(0.,0.,1.));
#2672=DIRECTION('',(1.,0.,0.));
#2673=DIRECTION('',(0.,0.,-1.));
#2674=DIRECTION('',(0.,1.,0.));
#2675=DIRECTION('',(0.,1.,0.));
#2676=DIRECTION('',(0.,0.,1.));
#2677=DIRECTION('',(0.866025403784442,0.499999999999994,0.));
#2678=DIRECTION('',(-0.499999999999994,0.866025403784442,0.));
#2679=DIRECTION('',(-0.499999999999994,0.866025403784442,0.));
#2680=DIRECTION('',(-0.499999999999994,0.866025403784442,0.));
#2681=DIRECTION('',(0.,0.,1.));
#2682=DIRECTION('',(0.866025403784438,-0.500000000000002,0.));
#2683=DIRECTION('',(0.500000000000002,0.866025403784438,0.));
#2684=DIRECTION('',(0.500000000000002,0.866025403784438,0.));
#2685=DIRECTION('',(0.500000000000002,0.866025403784438,0.));
#2686=DIRECTION('',(0.,0.,1.));
#2687=DIRECTION('',(1.,0.,0.));
#2688=DIRECTION('',(0.,0.,-1.));
#2689=DIRECTION('',(0.,1.,0.));
#2690=DIRECTION('',(0.,1.,0.));
#2691=DIRECTION('',(0.,0.,1.));
#2692=DIRECTION('',(0.707106781186548,-0.707106781186547,0.));
#2693=DIRECTION('',(0.707106781186547,0.707106781186548,0.));
#2694=DIRECTION('',(0.707106781186547,0.707106781186548,0.));
#2695=DIRECTION('',(0.707106781186547,0.707106781186548,0.));
#2696=DIRECTION('',(0.,0.,1.));
#2697=DIRECTION('',(0.,-1.,0.));
#2698=DIRECTION('',(0.,0.,-1.));
#2699=DIRECTION('',(1.,0.,0.));
#2700=DIRECTION('',(1.,0.,0.));
#2701=DIRECTION('',(0.,0.,1.));
#2702=DIRECTION('',(-1.,0.,0.));
#2703=DIRECTION('',(0.,0.,1.));
#2704=DIRECTION('',(0.,-1.,0.));
#2705=DIRECTION('',(0.,-1.,0.));
#2706=DIRECTION('',(0.,0.,1.));
#2707=DIRECTION('',(0.,-1.,0.));
#2708=DIRECTION('',(0.,0.,-1.));
#2709=DIRECTION('',(1.,0.,0.));
#2710=DIRECTION('',(1.,0.,0.));
#2711=DIRECTION('',(0.,0.,1.));
#2712=DIRECTION('',(1.,0.,0.));
#2713=DIRECTION('',(0.,0.,-1.));
#2714=DIRECTION('',(0.,1.,0.));
#2715=DIRECTION('',(0.,1.,0.));
#2716=DIRECTION('',(0.,0.,1.));
#2717=DIRECTION('',(0.,0.,1.));
#2718=DIRECTION('',(1.,0.,0.));
#2719=DIRECTION('',(0.,0.,1.));
#2720=DIRECTION('',(1.,0.,0.));
#2721=DIRECTION('',(0.,0.,1.));
#2722=DIRECTION('',(1.,0.,0.));
#2723=DIRECTION('',(0.,0.,1.));
#2724=DIRECTION('',(0.,1.,0.));
#2725=DIRECTION('',(0.,0.,1.));
#2726=DIRECTION('',(-1.,0.,0.));
#2727=DIRECTION('',(-1.,0.,0.));
#2728=DIRECTION('',(0.,0.,1.));
#2729=DIRECTION('',(-1.,0.,0.));
#2730=DIRECTION('',(0.,0.,1.));
#2731=DIRECTION('',(0.,-1.,0.));
#2732=DIRECTION('',(0.,-1.,0.));
#2733=DIRECTION('',(0.,0.,1.));
#2734=DIRECTION('',(0.,-1.,0.));
#2735=DIRECTION('',(0.,0.,-1.));
#2736=DIRECTION('',(1.,0.,0.));
#2737=DIRECTION('',(1.,0.,0.));
#2738=DIRECTION('',(0.,0.,1.));
#2739=DIRECTION('',(-1.,0.,0.));
#2740=DIRECTION('',(0.,0.,1.));
#2741=DIRECTION('',(0.,-1.,0.));
#2742=DIRECTION('',(0.,-1.,0.));
#2743=DIRECTION('',(0.,0.,1.));
#2744=DIRECTION('',(-0.707106781186546,0.707106781186549,0.));
#2745=DIRECTION('',(-0.707106781186549,-0.707106781186546,0.));
#2746=DIRECTION('',(-0.707106781186549,-0.707106781186546,0.));
#2747=DIRECTION('',(-0.707106781186549,-0.707106781186546,0.));
#2748=DIRECTION('',(0.,0.,1.));
#2749=DIRECTION('',(0.,1.,0.));
#2750=DIRECTION('',(0.,0.,1.));
#2751=DIRECTION('',(-1.,0.,0.));
#2752=DIRECTION('',(-1.,0.,0.));
#2753=DIRECTION('',(0.,0.,1.));
#2754=DIRECTION('',(-0.499999999999994,0.866025403784442,0.));
#2755=DIRECTION('',(-0.866025403784442,-0.499999999999994,0.));
#2756=DIRECTION('',(-0.866025403784442,-0.499999999999994,0.));
#2757=DIRECTION('',(-0.866025403784442,-0.499999999999994,0.));
#2758=DIRECTION('',(0.,0.,1.));
#2759=DIRECTION('',(0.500000000000001,0.866025403784438,0.));
#2760=DIRECTION('',(-0.866025403784438,0.500000000000001,0.));
#2761=DIRECTION('',(-0.866025403784438,0.500000000000001,0.));
#2762=DIRECTION('',(-0.866025403784438,0.500000000000001,0.));
#2763=DIRECTION('',(0.,0.,1.));
#2764=DIRECTION('',(0.,1.,0.));
#2765=DIRECTION('',(0.,0.,1.));
#2766=DIRECTION('',(-1.,0.,0.));
#2767=DIRECTION('',(-1.,0.,0.));
#2768=DIRECTION('',(0.,0.,1.));
#2769=DIRECTION('',(0.707106781186547,0.707106781186548,0.));
#2770=DIRECTION('',(-0.707106781186548,0.707106781186547,0.));
#2771=DIRECTION('',(-0.707106781186548,0.707106781186547,0.));
#2772=DIRECTION('',(-0.707106781186548,0.707106781186547,0.));
#2773=DIRECTION('',(0.,0.,1.));
#2774=DIRECTION('',(1.,0.,0.));
#2775=DIRECTION('',(0.,0.,-1.));
#2776=DIRECTION('',(0.,1.,0.));
#2777=DIRECTION('',(0.,1.,0.));
#2778=DIRECTION('',(0.,0.,1.));
#2779=DIRECTION('',(0.,-1.,0.));
#2780=DIRECTION('',(0.,0.,-1.));
#2781=DIRECTION('',(1.,0.,0.));
#2782=DIRECTION('',(1.,0.,0.));
#2783=DIRECTION('',(0.,0.,1.));
#2784=DIRECTION('',(1.,0.,0.));
#2785=DIRECTION('',(0.,0.,-1.));
#2786=DIRECTION('',(0.,1.,0.));
#2787=DIRECTION('',(0.,1.,0.));
#2788=DIRECTION('',(0.,0.,1.));
#2789=DIRECTION('',(0.,1.,0.));
#2790=DIRECTION('',(0.,0.,1.));
#2791=DIRECTION('',(-1.,0.,0.));
#2792=DIRECTION('',(-1.,0.,0.));
#2793=DIRECTION('',(0.,0.,1.));
#2794=DIRECTION('',(0.,0.,1.));
#2795=DIRECTION('',(1.,0.,0.));
#2796=DIRECTION('',(0.,0.,1.));
#2797=DIRECTION('',(1.,0.,0.));
#2798=DIRECTION('',(0.,0.,1.));
#2799=DIRECTION('',(1.,0.,0.));
#2800=DIRECTION('',(0.,0.,1.));
#2801=DIRECTION('',(-1.,0.,0.));
#2802=DIRECTION('',(0.,0.,1.));
#2803=DIRECTION('',(0.,-1.,0.));
#2804=DIRECTION('',(0.,-1.,0.));
#2805=DIRECTION('',(0.,0.,1.));
#2806=DIRECTION('',(0.,-1.,0.));
#2807=DIRECTION('',(0.,0.,-1.));
#2808=DIRECTION('',(1.,0.,0.));
#2809=DIRECTION('',(1.,0.,0.));
#2810=DIRECTION('',(0.,0.,1.));
#2811=DIRECTION('',(1.,0.,0.));
#2812=DIRECTION('',(0.,0.,-1.));
#2813=DIRECTION('',(0.,1.,0.));
#2814=DIRECTION('',(0.,1.,0.));
#2815=DIRECTION('',(0.,0.,1.));
#2816=DIRECTION('',(0.,-1.,0.));
#2817=DIRECTION('',(0.,0.,-1.));
#2818=DIRECTION('',(1.,0.,0.));
#2819=DIRECTION('',(1.,0.,0.));
#2820=DIRECTION('',(0.,0.,1.));
#2821=DIRECTION('',(-0.707106781186548,-0.707106781186547,0.));
#2822=DIRECTION('',(0.707106781186547,-0.707106781186548,0.));
#2823=DIRECTION('',(0.707106781186547,-0.707106781186548,0.));
#2824=DIRECTION('',(0.707106781186547,-0.707106781186548,0.));
#2825=DIRECTION('',(0.,0.,1.));
#2826=DIRECTION('',(-1.,0.,0.));
#2827=DIRECTION('',(0.,0.,1.));
#2828=DIRECTION('',(0.,-1.,0.));
#2829=DIRECTION('',(0.,-1.,0.));
#2830=DIRECTION('',(0.,0.,1.));
#2831=DIRECTION('',(-0.866025403784442,-0.499999999999993,0.));
#2832=DIRECTION('',(0.499999999999993,-0.866025403784442,0.));
#2833=DIRECTION('',(0.499999999999993,-0.866025403784442,0.));
#2834=DIRECTION('',(0.499999999999993,-0.866025403784442,0.));
#2835=DIRECTION('',(0.,0.,1.));
#2836=DIRECTION('',(-0.866025403784438,0.500000000000001,0.));
#2837=DIRECTION('',(-0.500000000000001,-0.866025403784438,0.));
#2838=DIRECTION('',(-0.500000000000001,-0.866025403784438,0.));
#2839=DIRECTION('',(-0.500000000000001,-0.866025403784438,0.));
#2840=DIRECTION('',(0.,0.,1.));
#2841=DIRECTION('',(-1.,0.,0.));
#2842=DIRECTION('',(0.,0.,1.));
#2843=DIRECTION('',(0.,-1.,0.));
#2844=DIRECTION('',(0.,-1.,0.));
#2845=DIRECTION('',(0.,0.,1.));
#2846=DIRECTION('',(-0.707106781186548,0.707106781186547,0.));
#2847=DIRECTION('',(-0.707106781186547,-0.707106781186548,0.));
#2848=DIRECTION('',(-0.707106781186547,-0.707106781186548,0.));
#2849=DIRECTION('',(-0.707106781186547,-0.707106781186548,0.));
#2850=DIRECTION('',(0.,0.,1.));
#2851=DIRECTION('',(0.,1.,0.));
#2852=DIRECTION('',(0.,0.,1.));
#2853=DIRECTION('',(-1.,0.,0.));
#2854=DIRECTION('',(-1.,0.,0.));
#2855=DIRECTION('',(0.,0.,1.));
#2856=DIRECTION('',(1.,0.,0.));
#2857=DIRECTION('',(0.,0.,-1.));
#2858=DIRECTION('',(0.,1.,0.));
#2859=DIRECTION('',(0.,1.,0.));
#2860=DIRECTION('',(0.,0.,1.));
#2861=DIRECTION('',(0.,0.,1.));
#2862=DIRECTION('',(1.,0.,0.));
#2863=DIRECTION('',(0.,0.,1.));
#2864=DIRECTION('',(1.,0.,0.));
#2865=DIRECTION('',(0.,0.,1.));
#2866=DIRECTION('',(0.,0.,1.));
#2867=DIRECTION('',(1.,0.,0.));
#2868=DIRECTION('',(0.,0.,1.));
#2869=DIRECTION('',(0.,1.,0.));
#2870=DIRECTION('',(0.,0.,1.));
#2871=DIRECTION('',(-1.,0.,0.));
#2872=DIRECTION('',(-1.,0.,0.));
#2873=DIRECTION('',(0.,0.,1.));
#2874=DIRECTION('',(0.,0.,1.));
#2875=DIRECTION('',(1.,0.,0.));
#2876=DIRECTION('',(0.,0.,1.));
#2877=DIRECTION('',(1.,0.,0.));
#2878=DIRECTION('',(0.,0.,1.));
#2879=DIRECTION('',(1.,0.,0.));
#2880=DIRECTION('',(0.,0.,1.));
#2881=DIRECTION('',(-0.707106781186547,0.707106781186548,0.));
#2882=DIRECTION('',(-0.707106781186548,-0.707106781186547,0.));
#2883=DIRECTION('',(-0.707106781186548,-0.707106781186547,0.));
#2884=DIRECTION('',(-0.707106781186548,-0.707106781186547,0.));
#2885=DIRECTION('',(0.,0.,1.));
#2886=DIRECTION('',(0.,1.,0.));
#2887=DIRECTION('',(0.,0.,1.));
#2888=DIRECTION('',(-1.,0.,0.));
#2889=DIRECTION('',(-1.,0.,0.));
#2890=DIRECTION('',(0.,0.,1.));
#2891=DIRECTION('',(0.707106781186547,0.707106781186548,0.));
#2892=DIRECTION('',(-0.707106781186548,0.707106781186547,0.));
#2893=DIRECTION('',(-0.707106781186548,0.707106781186547,0.));
#2894=DIRECTION('',(-0.707106781186548,0.707106781186547,0.));
#2895=DIRECTION('',(0.,0.,1.));
#2896=DIRECTION('',(0.,0.,1.));
#2897=DIRECTION('',(1.,0.,0.));
#2898=DIRECTION('',(0.,0.,1.));
#2899=DIRECTION('',(1.,0.,0.));
#2900=DIRECTION('',(0.,0.,1.));
#2901=DIRECTION('',(1.,0.,0.));
#2902=DIRECTION('',(0.,0.,1.));
#2903=DIRECTION('',(0.,1.,0.));
#2904=DIRECTION('',(0.,0.,1.));
#2905=DIRECTION('',(-1.,0.,0.));
#2906=DIRECTION('',(-1.,0.,0.));
#2907=DIRECTION('',(0.,0.,1.));
#2908=DIRECTION('',(0.,0.,1.));
#2909=DIRECTION('',(1.,0.,0.));
#2910=DIRECTION('',(0.,0.,1.));
#2911=DIRECTION('',(1.,0.,0.));
#2912=DIRECTION('',(0.,0.,1.));
#2913=DIRECTION('',(1.,0.,0.));
#2914=DIRECTION('',(0.,0.,1.));
#2915=DIRECTION('',(1.,0.,0.));
#2916=DIRECTION('',(0.,0.,-1.));
#2917=DIRECTION('',(0.,1.,0.));
#2918=DIRECTION('',(0.,1.,0.));
#2919=DIRECTION('',(0.,0.,1.));
#2920=DIRECTION('',(0.,0.,1.));
#2921=DIRECTION('',(1.,0.,0.));
#2922=DIRECTION('',(0.,0.,1.));
#2923=DIRECTION('',(1.,0.,0.));
#2924=DIRECTION('',(0.,0.,1.));
#2925=DIRECTION('',(1.,0.,0.));
#2926=DIRECTION('',(0.,0.,1.));
#2927=DIRECTION('',(0.,-1.,0.));
#2928=DIRECTION('',(0.,0.,-1.));
#2929=DIRECTION('',(1.,0.,0.));
#2930=DIRECTION('',(1.,0.,0.));
#2931=DIRECTION('',(0.,0.,1.));
#2932=DIRECTION('',(0.,0.,1.));
#2933=DIRECTION('',(1.,0.,0.));
#2934=DIRECTION('',(0.,0.,1.));
#2935=DIRECTION('',(1.,0.,0.));
#2936=DIRECTION('',(0.,0.,1.));
#2937=DIRECTION('',(1.,0.,0.));
#2938=DIRECTION('',(0.,0.,1.));
#2939=DIRECTION('',(0.707106781186548,-0.707106781186547,0.));
#2940=DIRECTION('',(0.707106781186547,0.707106781186548,0.));
#2941=DIRECTION('',(0.707106781186547,0.707106781186548,0.));
#2942=DIRECTION('',(0.707106781186547,0.707106781186548,0.));
#2943=DIRECTION('',(0.,0.,1.));
#2944=DIRECTION('',(0.,-1.,0.));
#2945=DIRECTION('',(0.,0.,-1.));
#2946=DIRECTION('',(1.,0.,0.));
#2947=DIRECTION('',(1.,0.,0.));
#2948=DIRECTION('',(0.,0.,1.));
#2949=DIRECTION('',(-0.707106781186548,-0.707106781186547,0.));
#2950=DIRECTION('',(0.707106781186547,-0.707106781186548,0.));
#2951=DIRECTION('',(0.707106781186547,-0.707106781186548,0.));
#2952=DIRECTION('',(0.707106781186547,-0.707106781186548,0.));
#2953=DIRECTION('',(0.,0.,1.));
#2954=DIRECTION('',(0.,0.,1.));
#2955=DIRECTION('',(1.,0.,0.));
#2956=DIRECTION('',(0.,0.,1.));
#2957=DIRECTION('',(1.,0.,0.));
#2958=DIRECTION('',(0.,0.,1.));
#2959=DIRECTION('',(1.,0.,0.));
#2960=DIRECTION('',(0.,0.,1.));
#2961=DIRECTION('',(0.,-1.,0.));
#2962=DIRECTION('',(0.,0.,-1.));
#2963=DIRECTION('',(1.,0.,0.));
#2964=DIRECTION('',(1.,0.,0.));
#2965=DIRECTION('',(0.,0.,1.));
#2966=DIRECTION('',(0.,0.,1.));
#2967=DIRECTION('',(1.,0.,0.));
#2968=DIRECTION('',(0.,0.,1.));
#2969=DIRECTION('',(1.,0.,0.));
#2970=DIRECTION('',(0.,0.,1.));
#2971=DIRECTION('',(1.,0.,0.));
#2972=DIRECTION('',(0.,0.,1.));
#2973=DIRECTION('',(-1.,0.,0.));
#2974=DIRECTION('',(0.,0.,1.));
#2975=DIRECTION('',(0.,-1.,0.));
#2976=DIRECTION('',(0.,-1.,0.));
#2977=DIRECTION('',(4.33680868994202E-16,1.,0.));
#2978=DIRECTION('',(-1.,4.33680868994202E-16,0.));
#2979=DIRECTION('',(-1.,4.33680868994202E-16,0.));
#2980=DIRECTION('',(-1.,4.33680868994202E-16,0.));
#2981=DIRECTION('',(0.,0.,1.));
#2982=DIRECTION('',(1.,0.,0.));
#2983=DIRECTION('',(0.,0.,-1.));
#2984=DIRECTION('',(-1.,0.,0.));
#2985=DIRECTION('',(0.,0.,-1.));
#2986=DIRECTION('',(-1.,0.,0.));
#2987=DIRECTION('',(0.,0.,1.));
#2988=DIRECTION('',(1.,0.,0.));
#2989=DIRECTION('',(0.,0.,-1.));
#2990=DIRECTION('',(-1.,0.,0.));
#2991=DIRECTION('',(0.,0.,-1.));
#2992=DIRECTION('',(-1.,0.,0.));
#2993=DIRECTION('',(0.,0.,-1.));
#2994=DIRECTION('',(-1.,0.,0.));
#2995=DIRECTION('',(0.,0.,-1.));
#2996=DIRECTION('',(-1.,0.,0.));
#2997=CARTESIAN_POINT('',(0.,0.,0.));
#2998=CARTESIAN_POINT('',(-10.,7.,-880.));
#2999=CARTESIAN_POINT('',(-10.,7.,0.));
#3000=CARTESIAN_POINT('',(-10.,7.,0.));
#3001=CARTESIAN_POINT('',(-10.,-7.,0.));
#3002=CARTESIAN_POINT('',(-10.,7.,-880.));
#3003=CARTESIAN_POINT('',(-10.,7.,-880.));
#3004=CARTESIAN_POINT('',(-10.,7.,-880.));
#3005=CARTESIAN_POINT('',(-10.,-7.,-880.));
#3006=CARTESIAN_POINT('',(-10.,-7.,-880.));
#3007=CARTESIAN_POINT('',(-10.,-7.,-880.));
#3008=CARTESIAN_POINT('',(-10.,-7.,0.));
#3009=CARTESIAN_POINT('',(-8.,-7.,0.));
#3010=CARTESIAN_POINT('',(-10.,-7.,-880.));
#3011=CARTESIAN_POINT('',(-8.,-7.,-880.));
#3012=CARTESIAN_POINT('',(-8.,-7.,-880.));
#3013=CARTESIAN_POINT('',(-8.,-7.,-880.));
#3014=CARTESIAN_POINT('',(-8.,-7.,0.));
#3015=CARTESIAN_POINT('',(-8.,-4.,0.));
#3016=CARTESIAN_POINT('',(-8.,-7.,-880.));
#3017=CARTESIAN_POINT('',(-8.,-4.,-880.));
#3018=CARTESIAN_POINT('',(-8.,-4.,-880.));
#3019=CARTESIAN_POINT('',(-8.,-4.,-880.));
#3020=CARTESIAN_POINT('',(-8.,-4.,0.));
#3021=CARTESIAN_POINT('',(-7.06066017177981,-4.,0.));
#3022=CARTESIAN_POINT('',(-8.,-4.,-880.));
#3023=CARTESIAN_POINT('',(-7.06066017177981,-4.,-880.));
#3024=CARTESIAN_POINT('',(-7.06066017177981,-4.,-880.));
#3025=CARTESIAN_POINT('',(-7.06066017177981,-4.,-880.));
#3026=CARTESIAN_POINT('',(-7.06066017177981,-4.,0.));
#3027=CARTESIAN_POINT('',(-4.,-7.06066017177982,0.));
#3028=CARTESIAN_POINT('',(-7.06066017177981,-4.,-880.));
#3029=CARTESIAN_POINT('',(-4.,-7.06066017177982,-880.));
#3030=CARTESIAN_POINT('',(-4.,-7.06066017177982,-880.));
#3031=CARTESIAN_POINT('',(-4.,-7.06066017177982,-880.));
#3032=CARTESIAN_POINT('',(-4.,-7.06066017177982,0.));
#3033=CARTESIAN_POINT('',(-4.,-9.48038475772934,0.));
#3034=CARTESIAN_POINT('',(-4.,-7.06066017177982,-880.));
#3035=CARTESIAN_POINT('',(-4.,-9.48038475772934,-880.));
#3036=CARTESIAN_POINT('',(-4.,-9.48038475772934,-880.));
#3037=CARTESIAN_POINT('',(-4.,-9.48038475772934,-880.));
#3038=CARTESIAN_POINT('',(-4.,-9.48038475772934,0.));
#3039=CARTESIAN_POINT('',(-3.7,-10.,0.));
#3040=CARTESIAN_POINT('',(-4.,-9.48038475772934,-880.));
#3041=CARTESIAN_POINT('',(-3.7,-10.,-880.));
#3042=CARTESIAN_POINT('',(-3.7,-10.,-880.));
#3043=CARTESIAN_POINT('',(-3.7,-10.,-880.));
#3044=CARTESIAN_POINT('',(-3.7,-10.,0.));
#3045=CARTESIAN_POINT('',(-4.,-10.5196152422707,0.));
#3046=CARTESIAN_POINT('',(-3.7,-10.,-880.));
#3047=CARTESIAN_POINT('',(-4.,-10.5196152422707,-880.));
#3048=CARTESIAN_POINT('',(-4.,-10.5196152422707,-880.));
#3049=CARTESIAN_POINT('',(-4.,-10.5196152422707,-880.));
#3050=CARTESIAN_POINT('',(-4.,-10.5196152422707,0.));
#3051=CARTESIAN_POINT('',(-4.,-12.9393398282202,0.));
#3052=CARTESIAN_POINT('',(-4.,-10.5196152422707,-880.));
#3053=CARTESIAN_POINT('',(-4.,-12.9393398282202,-880.));
#3054=CARTESIAN_POINT('',(-4.,-12.9393398282202,-880.));
#3055=CARTESIAN_POINT('',(-4.,-12.9393398282202,-880.));
#3056=CARTESIAN_POINT('',(-4.,-12.9393398282202,0.));
#3057=CARTESIAN_POINT('',(-7.06066017177982,-16.,0.));
#3058=CARTESIAN_POINT('',(-4.,-12.9393398282202,-880.));
#3059=CARTESIAN_POINT('',(-7.06066017177982,-16.,-880.));
#3060=CARTESIAN_POINT('',(-7.06066017177982,-16.,-880.));
#3061=CARTESIAN_POINT('',(-7.06066017177982,-16.,-880.));
#3062=CARTESIAN_POINT('',(-7.06066017177982,-16.,0.));
#3063=CARTESIAN_POINT('',(-8.,-16.,0.));
#3064=CARTESIAN_POINT('',(-7.06066017177982,-16.,-880.));
#3065=CARTESIAN_POINT('',(-8.,-16.,-880.));
#3066=CARTESIAN_POINT('',(-8.,-16.,-880.));
#3067=CARTESIAN_POINT('',(-8.,-16.,-880.));
#3068=CARTESIAN_POINT('',(-8.,-16.,0.));
#3069=CARTESIAN_POINT('',(-8.,-13.,0.));
#3070=CARTESIAN_POINT('',(-8.,-16.,-880.));
#3071=CARTESIAN_POINT('',(-8.,-13.,-880.));
#3072=CARTESIAN_POINT('',(-8.,-13.,-880.));
#3073=CARTESIAN_POINT('',(-8.,-13.,-880.));
#3074=CARTESIAN_POINT('',(-8.,-13.,0.));
#3075=CARTESIAN_POINT('',(-10.,-13.,0.));
#3076=CARTESIAN_POINT('',(-8.,-13.,-880.));
#3077=CARTESIAN_POINT('',(-10.,-13.,-880.));
#3078=CARTESIAN_POINT('',(-10.,-13.,-880.));
#3079=CARTESIAN_POINT('',(-10.,-13.,-880.));
#3080=CARTESIAN_POINT('',(-10.,-13.,0.));
#3081=CARTESIAN_POINT('',(-10.,-19.,0.));
#3082=CARTESIAN_POINT('',(-10.,-13.,-880.));
#3083=CARTESIAN_POINT('',(-10.,-19.,-880.));
#3084=CARTESIAN_POINT('',(-10.,-19.,-880.));
#3085=CARTESIAN_POINT('',(-9.,-19.,-880.));
#3086=CARTESIAN_POINT('',(-9.,-19.,0.));
#3087=CARTESIAN_POINT('',(-9.,-20.,0.));
#3088=CARTESIAN_POINT('',(-9.,-19.,-880.));
#3089=CARTESIAN_POINT('',(-9.,-20.,-880.));
#3090=CARTESIAN_POINT('',(-9.,-20.,-880.));
#3091=CARTESIAN_POINT('',(-9.,-20.,-880.));
#3092=CARTESIAN_POINT('',(-9.,-20.,0.));
#3093=CARTESIAN_POINT('',(-3.,-20.,0.));
#3094=CARTESIAN_POINT('',(-9.,-20.,-880.));
#3095=CARTESIAN_POINT('',(-3.,-20.,-880.));
#3096=CARTESIAN_POINT('',(-3.,-20.,-880.));
#3097=CARTESIAN_POINT('',(-3.,-20.,-880.));
#3098=CARTESIAN_POINT('',(-3.,-20.,0.));
#3099=CARTESIAN_POINT('',(-3.,-18.,0.));
#3100=CARTESIAN_POINT('',(-3.,-20.,-880.));
#3101=CARTESIAN_POINT('',(-3.,-18.,-880.));
#3102=CARTESIAN_POINT('',(-3.,-18.,-880.));
#3103=CARTESIAN_POINT('',(-3.,-18.,-880.));
#3104=CARTESIAN_POINT('',(-3.,-18.,0.));
#3105=CARTESIAN_POINT('',(-6.,-18.,0.));
#3106=CARTESIAN_POINT('',(-3.,-18.,-880.));
#3107=CARTESIAN_POINT('',(-6.,-18.,-880.));
#3108=CARTESIAN_POINT('',(-6.,-18.,-880.));
#3109=CARTESIAN_POINT('',(-6.,-18.,-880.));
#3110=CARTESIAN_POINT('',(-6.,-18.,0.));
#3111=CARTESIAN_POINT('',(-6.,-17.0606601717798,0.));
#3112=CARTESIAN_POINT('',(-6.,-18.,-880.));
#3113=CARTESIAN_POINT('',(-6.,-17.0606601717798,-880.));
#3114=CARTESIAN_POINT('',(-6.,-17.0606601717798,-880.));
#3115=CARTESIAN_POINT('',(-6.,-17.0606601717798,-880.));
#3116=CARTESIAN_POINT('',(-6.,-17.0606601717798,0.));
#3117=CARTESIAN_POINT('',(-2.93933982822019,-14.,0.));
#3118=CARTESIAN_POINT('',(-6.,-17.0606601717798,-880.));
#3119=CARTESIAN_POINT('',(-2.93933982822019,-14.,-880.));
#3120=CARTESIAN_POINT('',(-2.93933982822019,-14.,-880.));
#3121=CARTESIAN_POINT('',(-2.93933982822019,-14.,-880.));
#3122=CARTESIAN_POINT('',(-2.93933982822019,-14.,0.));
#3123=CARTESIAN_POINT('',(-0.519615242270646,-14.,0.));
#3124=CARTESIAN_POINT('',(-2.93933982822019,-14.,-880.));
#3125=CARTESIAN_POINT('',(-0.519615242270646,-14.,-880.));
#3126=CARTESIAN_POINT('',(-0.519615242270646,-14.,-880.));
#3127=CARTESIAN_POINT('',(-0.519615242270646,-14.,-880.));
#3128=CARTESIAN_POINT('',(-0.519615242270646,-14.,0.));
#3129=CARTESIAN_POINT('',(-4.66206934168767E-15,-13.7,0.));
#3130=CARTESIAN_POINT('',(-0.519615242270646,-14.,-880.));
#3131=CARTESIAN_POINT('',(-4.66206934168767E-15,-13.7,-880.));
#3132=CARTESIAN_POINT('',(-4.66206934168767E-15,-13.7,-880.));
#3133=CARTESIAN_POINT('',(-4.66293670342566E-15,-13.7,-880.));
#3134=CARTESIAN_POINT('',(-4.66293670342566E-15,-13.7,0.));
#3135=CARTESIAN_POINT('',(0.519615242270646,-14.,0.));
#3136=CARTESIAN_POINT('',(-4.66293670342566E-15,-13.7,-880.));
#3137=CARTESIAN_POINT('',(0.519615242270646,-14.,-880.));
#3138=CARTESIAN_POINT('',(0.519615242270646,-14.,-880.));
#3139=CARTESIAN_POINT('',(0.519615242270646,-14.,-880.));
#3140=CARTESIAN_POINT('',(0.519615242270646,-14.,0.));
#3141=CARTESIAN_POINT('',(2.93933982822019,-14.,0.));
#3142=CARTESIAN_POINT('',(0.519615242270646,-14.,-880.));
#3143=CARTESIAN_POINT('',(2.93933982822019,-14.,-880.));
#3144=CARTESIAN_POINT('',(2.93933982822019,-14.,-880.));
#3145=CARTESIAN_POINT('',(2.93933982822019,-14.,-880.));
#3146=CARTESIAN_POINT('',(2.93933982822019,-14.,0.));
#3147=CARTESIAN_POINT('',(6.,-17.0606601717798,0.));
#3148=CARTESIAN_POINT('',(2.93933982822019,-14.,-880.));
#3149=CARTESIAN_POINT('',(6.,-17.0606601717798,-880.));
#3150=CARTESIAN_POINT('',(6.,-17.0606601717798,-880.));
#3151=CARTESIAN_POINT('',(6.,-17.0606601717798,-880.));
#3152=CARTESIAN_POINT('',(6.,-17.0606601717798,0.));
#3153=CARTESIAN_POINT('',(6.,-18.,0.));
#3154=CARTESIAN_POINT('',(6.,-17.0606601717798,-880.));
#3155=CARTESIAN_POINT('',(6.,-18.,-880.));
#3156=CARTESIAN_POINT('',(6.,-18.,-880.));
#3157=CARTESIAN_POINT('',(6.,-18.,-880.));
#3158=CARTESIAN_POINT('',(6.,-18.,0.));
#3159=CARTESIAN_POINT('',(3.,-18.,0.));
#3160=CARTESIAN_POINT('',(6.,-18.,-880.));
#3161=CARTESIAN_POINT('',(3.,-18.,-880.));
#3162=CARTESIAN_POINT('',(3.,-18.,-880.));
#3163=CARTESIAN_POINT('',(3.,-18.,-880.));
#3164=CARTESIAN_POINT('',(3.,-18.,0.));
#3165=CARTESIAN_POINT('',(3.,-20.,0.));
#3166=CARTESIAN_POINT('',(3.,-18.,-880.));
#3167=CARTESIAN_POINT('',(3.,-20.,-880.));
#3168=CARTESIAN_POINT('',(3.,-20.,-880.));
#3169=CARTESIAN_POINT('',(3.,-20.,-880.));
#3170=CARTESIAN_POINT('',(3.,-20.,0.));
#3171=CARTESIAN_POINT('',(9.,-20.,0.));
#3172=CARTESIAN_POINT('',(3.,-20.,-880.));
#3173=CARTESIAN_POINT('',(9.,-20.,-880.));
#3174=CARTESIAN_POINT('',(9.,-20.,-880.));
#3175=CARTESIAN_POINT('',(9.,-19.,-880.));
#3176=CARTESIAN_POINT('',(9.,-19.,0.));
#3177=CARTESIAN_POINT('',(9.99999999999999,-19.,0.));
#3178=CARTESIAN_POINT('',(9.,-19.,-880.));
#3179=CARTESIAN_POINT('',(9.99999999999999,-19.,-880.));
#3180=CARTESIAN_POINT('',(9.99999999999999,-19.,-880.));
#3181=CARTESIAN_POINT('',(10.,-19.,-880.));
#3182=CARTESIAN_POINT('',(10.,-19.,0.));
#3183=CARTESIAN_POINT('',(10.,-13.,0.));
#3184=CARTESIAN_POINT('',(10.,-19.,-880.));
#3185=CARTESIAN_POINT('',(10.,-13.,-880.));
#3186=CARTESIAN_POINT('',(10.,-13.,-880.));
#3187=CARTESIAN_POINT('',(10.,-13.,-880.));
#3188=CARTESIAN_POINT('',(10.,-13.,0.));
#3189=CARTESIAN_POINT('',(8.,-13.,0.));
#3190=CARTESIAN_POINT('',(10.,-13.,-880.));
#3191=CARTESIAN_POINT('',(8.,-13.,-880.));
#3192=CARTESIAN_POINT('',(8.,-13.,-880.));
#3193=CARTESIAN_POINT('',(8.,-13.,-880.));
#3194=CARTESIAN_POINT('',(8.,-13.,0.));
#3195=CARTESIAN_POINT('',(8.,-16.,0.));
#3196=CARTESIAN_POINT('',(8.,-13.,-880.));
#3197=CARTESIAN_POINT('',(8.,-16.,-880.));
#3198=CARTESIAN_POINT('',(8.,-16.,-880.));
#3199=CARTESIAN_POINT('',(8.,-16.,-880.));
#3200=CARTESIAN_POINT('',(8.,-16.,0.));
#3201=CARTESIAN_POINT('',(7.06066017177981,-16.,0.));
#3202=CARTESIAN_POINT('',(8.,-16.,-880.));
#3203=CARTESIAN_POINT('',(7.06066017177981,-16.,-880.));
#3204=CARTESIAN_POINT('',(7.06066017177981,-16.,-880.));
#3205=CARTESIAN_POINT('',(7.06066017177981,-16.,-880.));
#3206=CARTESIAN_POINT('',(7.06066017177981,-16.,0.));
#3207=CARTESIAN_POINT('',(4.,-12.9393398282202,0.));
#3208=CARTESIAN_POINT('',(7.06066017177981,-16.,-880.));
#3209=CARTESIAN_POINT('',(4.,-12.9393398282202,-880.));
#3210=CARTESIAN_POINT('',(4.,-12.9393398282202,-880.));
#3211=CARTESIAN_POINT('',(4.,-12.9393398282202,-880.));
#3212=CARTESIAN_POINT('',(4.,-12.9393398282202,0.));
#3213=CARTESIAN_POINT('',(4.,-10.5196152422707,0.));
#3214=CARTESIAN_POINT('',(4.,-12.9393398282202,-880.));
#3215=CARTESIAN_POINT('',(4.,-10.5196152422707,-880.));
#3216=CARTESIAN_POINT('',(4.,-10.5196152422707,-880.));
#3217=CARTESIAN_POINT('',(4.,-10.5196152422707,-880.));
#3218=CARTESIAN_POINT('',(4.,-10.5196152422707,0.));
#3219=CARTESIAN_POINT('',(3.7,-9.99999999999999,0.));
#3220=CARTESIAN_POINT('',(4.,-10.5196152422707,-880.));
#3221=CARTESIAN_POINT('',(3.7,-9.99999999999999,-880.));
#3222=CARTESIAN_POINT('',(3.7,-9.99999999999999,-880.));
#3223=CARTESIAN_POINT('',(3.7,-9.99999999999999,-880.));
#3224=CARTESIAN_POINT('',(3.7,-9.99999999999999,0.));
#3225=CARTESIAN_POINT('',(4.,-9.48038475772934,0.));
#3226=CARTESIAN_POINT('',(3.7,-9.99999999999999,-880.));
#3227=CARTESIAN_POINT('',(4.,-9.48038475772934,-880.));
#3228=CARTESIAN_POINT('',(4.,-9.48038475772934,-880.));
#3229=CARTESIAN_POINT('',(4.,-9.48038475772934,-880.));
#3230=CARTESIAN_POINT('',(4.,-9.48038475772934,0.));
#3231=CARTESIAN_POINT('',(4.,-7.06066017177982,0.));
#3232=CARTESIAN_POINT('',(4.,-9.48038475772934,-880.));
#3233=CARTESIAN_POINT('',(4.,-7.06066017177982,-880.));
#3234=CARTESIAN_POINT('',(4.,-7.06066017177982,-880.));
#3235=CARTESIAN_POINT('',(4.,-7.06066017177982,-880.));
#3236=CARTESIAN_POINT('',(4.,-7.06066017177982,0.));
#3237=CARTESIAN_POINT('',(7.06066017177982,-4.,0.));
#3238=CARTESIAN_POINT('',(4.,-7.06066017177982,-880.));
#3239=CARTESIAN_POINT('',(7.06066017177982,-4.,-880.));
#3240=CARTESIAN_POINT('',(7.06066017177982,-4.,-880.));
#3241=CARTESIAN_POINT('',(7.06066017177982,-4.,-880.));
#3242=CARTESIAN_POINT('',(7.06066017177982,-4.,0.));
#3243=CARTESIAN_POINT('',(8.,-4.,0.));
#3244=CARTESIAN_POINT('',(7.06066017177982,-4.,-880.));
#3245=CARTESIAN_POINT('',(8.,-4.,-880.));
#3246=CARTESIAN_POINT('',(8.,-4.,-880.));
#3247=CARTESIAN_POINT('',(8.,-4.,-880.));
#3248=CARTESIAN_POINT('',(8.,-4.,0.));
#3249=CARTESIAN_POINT('',(8.,-7.,0.));
#3250=CARTESIAN_POINT('',(8.,-4.,-880.));
#3251=CARTESIAN_POINT('',(8.,-7.,-880.));
#3252=CARTESIAN_POINT('',(8.,-7.,-880.));
#3253=CARTESIAN_POINT('',(8.,-7.,-880.));
#3254=CARTESIAN_POINT('',(8.,-7.,0.));
#3255=CARTESIAN_POINT('',(10.,-7.,0.));
#3256=CARTESIAN_POINT('',(8.,-7.,-880.));
#3257=CARTESIAN_POINT('',(10.,-7.,-880.));
#3258=CARTESIAN_POINT('',(10.,-7.,-880.));
#3259=CARTESIAN_POINT('',(10.,-7.,-880.));
#3260=CARTESIAN_POINT('',(10.,-7.,0.));
#3261=CARTESIAN_POINT('',(10.,7.,0.));
#3262=CARTESIAN_POINT('',(10.,-7.,-880.));
#3263=CARTESIAN_POINT('',(10.,7.,-880.));
#3264=CARTESIAN_POINT('',(10.,7.,-880.));
#3265=CARTESIAN_POINT('',(10.,7.,-880.));
#3266=CARTESIAN_POINT('',(10.,7.,0.));
#3267=CARTESIAN_POINT('',(8.,7.,0.));
#3268=CARTESIAN_POINT('',(10.,7.,-880.));
#3269=CARTESIAN_POINT('',(8.,7.,-880.));
#3270=CARTESIAN_POINT('',(8.,7.,-880.));
#3271=CARTESIAN_POINT('',(8.,7.,-880.));
#3272=CARTESIAN_POINT('',(8.,7.,0.));
#3273=CARTESIAN_POINT('',(8.,4.,0.));
#3274=CARTESIAN_POINT('',(8.,7.,-880.));
#3275=CARTESIAN_POINT('',(8.,4.,-880.));
#3276=CARTESIAN_POINT('',(8.,4.,-880.));
#3277=CARTESIAN_POINT('',(8.,4.,-880.));
#3278=CARTESIAN_POINT('',(8.,4.,0.));
#3279=CARTESIAN_POINT('',(7.06066017177981,4.,0.));
#3280=CARTESIAN_POINT('',(8.,4.,-880.));
#3281=CARTESIAN_POINT('',(7.06066017177981,4.,-880.));
#3282=CARTESIAN_POINT('',(7.06066017177981,4.,-880.));
#3283=CARTESIAN_POINT('',(7.06066017177981,4.,-880.));
#3284=CARTESIAN_POINT('',(7.06066017177981,4.,0.));
#3285=CARTESIAN_POINT('',(4.,7.06066017177982,0.));
#3286=CARTESIAN_POINT('',(7.06066017177981,4.,-880.));
#3287=CARTESIAN_POINT('',(4.,7.06066017177982,-880.));
#3288=CARTESIAN_POINT('',(4.,7.06066017177982,-880.));
#3289=CARTESIAN_POINT('',(4.,7.06066017177982,-880.));
#3290=CARTESIAN_POINT('',(4.,7.06066017177982,0.));
#3291=CARTESIAN_POINT('',(4.,9.48038475772934,0.));
#3292=CARTESIAN_POINT('',(4.,7.06066017177982,-880.));
#3293=CARTESIAN_POINT('',(4.,9.48038475772934,-880.));
#3294=CARTESIAN_POINT('',(4.,9.48038475772934,-880.));
#3295=CARTESIAN_POINT('',(4.,9.48038475772934,-880.));
#3296=CARTESIAN_POINT('',(4.,9.48038475772934,0.));
#3297=CARTESIAN_POINT('',(3.7,10.,0.));
#3298=CARTESIAN_POINT('',(4.,9.48038475772934,-880.));
#3299=CARTESIAN_POINT('',(3.7,10.,-880.));
#3300=CARTESIAN_POINT('',(3.7,10.,-880.));
#3301=CARTESIAN_POINT('',(3.7,10.,-880.));
#3302=CARTESIAN_POINT('',(3.7,10.,0.));
#3303=CARTESIAN_POINT('',(4.,10.5196152422707,0.));
#3304=CARTESIAN_POINT('',(3.7,10.,-880.));
#3305=CARTESIAN_POINT('',(4.,10.5196152422707,-880.));
#3306=CARTESIAN_POINT('',(4.,10.5196152422707,-880.));
#3307=CARTESIAN_POINT('',(4.,10.5196152422707,-880.));
#3308=CARTESIAN_POINT('',(4.,10.5196152422707,0.));
#3309=CARTESIAN_POINT('',(4.,12.9393398282202,0.));
#3310=CARTESIAN_POINT('',(4.,10.5196152422707,-880.));
#3311=CARTESIAN_POINT('',(4.,12.9393398282202,-880.));
#3312=CARTESIAN_POINT('',(4.,12.9393398282202,-880.));
#3313=CARTESIAN_POINT('',(4.,12.9393398282202,-880.));
#3314=CARTESIAN_POINT('',(4.,12.9393398282202,0.));
#3315=CARTESIAN_POINT('',(7.06066017177982,16.,0.));
#3316=CARTESIAN_POINT('',(4.,12.9393398282202,-880.));
#3317=CARTESIAN_POINT('',(7.06066017177982,16.,-880.));
#3318=CARTESIAN_POINT('',(7.06066017177982,16.,-880.));
#3319=CARTESIAN_POINT('',(7.06066017177982,16.,-880.));
#3320=CARTESIAN_POINT('',(7.06066017177982,16.,0.));
#3321=CARTESIAN_POINT('',(8.,16.,0.));
#3322=CARTESIAN_POINT('',(7.06066017177982,16.,-880.));
#3323=CARTESIAN_POINT('',(8.,16.,-880.));
#3324=CARTESIAN_POINT('',(8.,16.,-880.));
#3325=CARTESIAN_POINT('',(8.,16.,-880.));
#3326=CARTESIAN_POINT('',(8.,16.,0.));
#3327=CARTESIAN_POINT('',(8.,13.,0.));
#3328=CARTESIAN_POINT('',(8.,16.,-880.));
#3329=CARTESIAN_POINT('',(8.,13.,-880.));
#3330=CARTESIAN_POINT('',(8.,13.,-880.));
#3331=CARTESIAN_POINT('',(8.,13.,-880.));
#3332=CARTESIAN_POINT('',(8.,13.,0.));
#3333=CARTESIAN_POINT('',(10.,13.,0.));
#3334=CARTESIAN_POINT('',(8.,13.,-880.));
#3335=CARTESIAN_POINT('',(10.,13.,-880.));
#3336=CARTESIAN_POINT('',(10.,13.,-880.));
#3337=CARTESIAN_POINT('',(10.,13.,-880.));
#3338=CARTESIAN_POINT('',(10.,13.,0.));
#3339=CARTESIAN_POINT('',(10.,19.,0.));
#3340=CARTESIAN_POINT('',(10.,13.,-880.));
#3341=CARTESIAN_POINT('',(10.,19.,-880.));
#3342=CARTESIAN_POINT('',(10.,19.,-880.));
#3343=CARTESIAN_POINT('',(9.,19.,-880.));
#3344=CARTESIAN_POINT('',(9.,19.,0.));
#3345=CARTESIAN_POINT('',(9.,20.,0.));
#3346=CARTESIAN_POINT('',(9.,19.,-880.));
#3347=CARTESIAN_POINT('',(9.,20.,-880.));
#3348=CARTESIAN_POINT('',(9.,20.,-880.));
#3349=CARTESIAN_POINT('',(9.,20.,-880.));
#3350=CARTESIAN_POINT('',(9.,20.,0.));
#3351=CARTESIAN_POINT('',(3.,20.,0.));
#3352=CARTESIAN_POINT('',(9.,20.,-880.));
#3353=CARTESIAN_POINT('',(3.,20.,-880.));
#3354=CARTESIAN_POINT('',(3.,20.,-880.));
#3355=CARTESIAN_POINT('',(3.,20.,-880.));
#3356=CARTESIAN_POINT('',(3.,20.,0.));
#3357=CARTESIAN_POINT('',(3.,18.,0.));
#3358=CARTESIAN_POINT('',(3.,20.,-880.));
#3359=CARTESIAN_POINT('',(3.,18.,-880.));
#3360=CARTESIAN_POINT('',(3.,18.,-880.));
#3361=CARTESIAN_POINT('',(3.,18.,-880.));
#3362=CARTESIAN_POINT('',(3.,18.,0.));
#3363=CARTESIAN_POINT('',(6.,18.,0.));
#3364=CARTESIAN_POINT('',(3.,18.,-880.));
#3365=CARTESIAN_POINT('',(6.,18.,-880.));
#3366=CARTESIAN_POINT('',(6.,18.,-880.));
#3367=CARTESIAN_POINT('',(6.,18.,-880.));
#3368=CARTESIAN_POINT('',(6.,18.,0.));
#3369=CARTESIAN_POINT('',(6.,17.0606601717798,0.));
#3370=CARTESIAN_POINT('',(6.,18.,-880.));
#3371=CARTESIAN_POINT('',(6.,17.0606601717798,-880.));
#3372=CARTESIAN_POINT('',(6.,17.0606601717798,-880.));
#3373=CARTESIAN_POINT('',(6.,17.0606601717798,-880.));
#3374=CARTESIAN_POINT('',(6.,17.0606601717798,0.));
#3375=CARTESIAN_POINT('',(2.93933982822018,14.,0.));
#3376=CARTESIAN_POINT('',(6.,17.0606601717798,-880.));
#3377=CARTESIAN_POINT('',(2.93933982822018,14.,-880.));
#3378=CARTESIAN_POINT('',(2.93933982822018,14.,-880.));
#3379=CARTESIAN_POINT('',(2.93933982822018,14.,-880.));
#3380=CARTESIAN_POINT('',(2.93933982822018,14.,0.));
#3381=CARTESIAN_POINT('',(0.51961524227066,14.,0.));
#3382=CARTESIAN_POINT('',(2.93933982822018,14.,-880.));
#3383=CARTESIAN_POINT('',(0.51961524227066,14.,-880.));
#3384=CARTESIAN_POINT('',(0.51961524227066,14.,-880.));
#3385=CARTESIAN_POINT('',(0.51961524227066,14.,-880.));
#3386=CARTESIAN_POINT('',(0.51961524227066,14.,0.));
#3387=CARTESIAN_POINT('',(-4.66206934168767E-15,13.7,0.));
#3388=CARTESIAN_POINT('',(0.51961524227066,14.,-880.));
#3389=CARTESIAN_POINT('',(-4.66206934168767E-15,13.7,-880.));
#3390=CARTESIAN_POINT('',(-4.66206934168767E-15,13.7,-880.));
#3391=CARTESIAN_POINT('',(-4.66293670342566E-15,13.7,-880.));
#3392=CARTESIAN_POINT('',(-4.66293670342566E-15,13.7,0.));
#3393=CARTESIAN_POINT('',(-0.51961524227066,14.,0.));
#3394=CARTESIAN_POINT('',(-4.66293670342566E-15,13.7,-880.));
#3395=CARTESIAN_POINT('',(-0.51961524227066,14.,-880.));
#3396=CARTESIAN_POINT('',(-0.51961524227066,14.,-880.));
#3397=CARTESIAN_POINT('',(-0.51961524227066,14.,-880.));
#3398=CARTESIAN_POINT('',(-0.51961524227066,14.,0.));
#3399=CARTESIAN_POINT('',(-2.93933982822018,14.,0.));
#3400=CARTESIAN_POINT('',(-0.51961524227066,14.,-880.));
#3401=CARTESIAN_POINT('',(-2.93933982822018,14.,-880.));
#3402=CARTESIAN_POINT('',(-2.93933982822018,14.,-880.));
#3403=CARTESIAN_POINT('',(-2.93933982822018,14.,-880.));
#3404=CARTESIAN_POINT('',(-2.93933982822018,14.,0.));
#3405=CARTESIAN_POINT('',(-6.,17.0606601717798,0.));
#3406=CARTESIAN_POINT('',(-2.93933982822018,14.,-880.));
#3407=CARTESIAN_POINT('',(-6.,17.0606601717798,-880.));
#3408=CARTESIAN_POINT('',(-6.,17.0606601717798,-880.));
#3409=CARTESIAN_POINT('',(-6.,17.0606601717798,-880.));
#3410=CARTESIAN_POINT('',(-6.,17.0606601717798,0.));
#3411=CARTESIAN_POINT('',(-6.,18.,0.));
#3412=CARTESIAN_POINT('',(-6.,17.0606601717798,-880.));
#3413=CARTESIAN_POINT('',(-6.,18.,-880.));
#3414=CARTESIAN_POINT('',(-6.,18.,-880.));
#3415=CARTESIAN_POINT('',(-6.,18.,-880.));
#3416=CARTESIAN_POINT('',(-6.,18.,0.));
#3417=CARTESIAN_POINT('',(-3.,18.,0.));
#3418=CARTESIAN_POINT('',(-6.,18.,-880.));
#3419=CARTESIAN_POINT('',(-3.,18.,-880.));
#3420=CARTESIAN_POINT('',(-3.,18.,-880.));
#3421=CARTESIAN_POINT('',(-3.,18.,-880.));
#3422=CARTESIAN_POINT('',(-3.,18.,0.));
#3423=CARTESIAN_POINT('',(-3.,20.,0.));
#3424=CARTESIAN_POINT('',(-3.,18.,-880.));
#3425=CARTESIAN_POINT('',(-3.,20.,-880.));
#3426=CARTESIAN_POINT('',(-3.,20.,-880.));
#3427=CARTESIAN_POINT('',(-3.,20.,-880.));
#3428=CARTESIAN_POINT('',(-3.,20.,0.));
#3429=CARTESIAN_POINT('',(-9.,20.,0.));
#3430=CARTESIAN_POINT('',(-3.,20.,-880.));
#3431=CARTESIAN_POINT('',(-9.,20.,-880.));
#3432=CARTESIAN_POINT('',(-9.,20.,-880.));
#3433=CARTESIAN_POINT('',(-9.,19.,-880.));
#3434=CARTESIAN_POINT('',(-9.,19.,0.));
#3435=CARTESIAN_POINT('',(-9.99999999999999,19.,0.));
#3436=CARTESIAN_POINT('',(-9.,19.,-880.));
#3437=CARTESIAN_POINT('',(-9.99999999999999,19.,-880.));
#3438=CARTESIAN_POINT('',(-9.99999999999999,19.,-880.));
#3439=CARTESIAN_POINT('',(-10.,19.,-880.));
#3440=CARTESIAN_POINT('',(-10.,19.,0.));
#3441=CARTESIAN_POINT('',(-10.,13.,0.));
#3442=CARTESIAN_POINT('',(-10.,19.,-880.));
#3443=CARTESIAN_POINT('',(-10.,13.,-880.));
#3444=CARTESIAN_POINT('',(-10.,13.,-880.));
#3445=CARTESIAN_POINT('',(-10.,13.,-880.));
#3446=CARTESIAN_POINT('',(-10.,13.,0.));
#3447=CARTESIAN_POINT('',(-8.,13.,0.));
#3448=CARTESIAN_POINT('',(-10.,13.,-880.));
#3449=CARTESIAN_POINT('',(-8.,13.,-880.));
#3450=CARTESIAN_POINT('',(-8.,13.,-880.));
#3451=CARTESIAN_POINT('',(-8.,13.,-880.));
#3452=CARTESIAN_POINT('',(-8.,13.,0.));
#3453=CARTESIAN_POINT('',(-8.,16.,0.));
#3454=CARTESIAN_POINT('',(-8.,13.,-880.));
#3455=CARTESIAN_POINT('',(-8.,16.,-880.));
#3456=CARTESIAN_POINT('',(-8.,16.,-880.));
#3457=CARTESIAN_POINT('',(-8.,16.,-880.));
#3458=CARTESIAN_POINT('',(-8.,16.,0.));
#3459=CARTESIAN_POINT('',(-7.06066017177981,16.,0.));
#3460=CARTESIAN_POINT('',(-8.,16.,-880.));
#3461=CARTESIAN_POINT('',(-7.06066017177981,16.,-880.));
#3462=CARTESIAN_POINT('',(-7.06066017177981,16.,-880.));
#3463=CARTESIAN_POINT('',(-7.06066017177981,16.,-880.));
#3464=CARTESIAN_POINT('',(-7.06066017177981,16.,0.));
#3465=CARTESIAN_POINT('',(-4.,12.9393398282202,0.));
#3466=CARTESIAN_POINT('',(-7.06066017177981,16.,-880.));
#3467=CARTESIAN_POINT('',(-4.,12.9393398282202,-880.));
#3468=CARTESIAN_POINT('',(-4.,12.9393398282202,-880.));
#3469=CARTESIAN_POINT('',(-4.,12.9393398282202,-880.));
#3470=CARTESIAN_POINT('',(-4.,12.9393398282202,0.));
#3471=CARTESIAN_POINT('',(-4.,10.5196152422707,0.));
#3472=CARTESIAN_POINT('',(-4.,12.9393398282202,-880.));
#3473=CARTESIAN_POINT('',(-4.,10.5196152422707,-880.));
#3474=CARTESIAN_POINT('',(-4.,10.5196152422707,-880.));
#3475=CARTESIAN_POINT('',(-4.,10.5196152422707,-880.));
#3476=CARTESIAN_POINT('',(-4.,10.5196152422707,0.));
#3477=CARTESIAN_POINT('',(-3.7,9.99999999999999,0.));
#3478=CARTESIAN_POINT('',(-4.,10.5196152422707,-880.));
#3479=CARTESIAN_POINT('',(-3.7,9.99999999999999,-880.));
#3480=CARTESIAN_POINT('',(-3.7,9.99999999999999,-880.));
#3481=CARTESIAN_POINT('',(-3.7,9.99999999999999,-880.));
#3482=CARTESIAN_POINT('',(-3.7,9.99999999999999,0.));
#3483=CARTESIAN_POINT('',(-4.,9.48038475772934,0.));
#3484=CARTESIAN_POINT('',(-3.7,9.99999999999999,-880.));
#3485=CARTESIAN_POINT('',(-4.,9.48038475772934,-880.));
#3486=CARTESIAN_POINT('',(-4.,9.48038475772934,-880.));
#3487=CARTESIAN_POINT('',(-4.,9.48038475772934,-880.));
#3488=CARTESIAN_POINT('',(-4.,9.48038475772934,0.));
#3489=CARTESIAN_POINT('',(-4.,7.06066017177982,0.));
#3490=CARTESIAN_POINT('',(-4.,9.48038475772934,-880.));
#3491=CARTESIAN_POINT('',(-4.,7.06066017177982,-880.));
#3492=CARTESIAN_POINT('',(-4.,7.06066017177982,-880.));
#3493=CARTESIAN_POINT('',(-4.,7.06066017177982,-880.));
#3494=CARTESIAN_POINT('',(-4.,7.06066017177982,0.));
#3495=CARTESIAN_POINT('',(-7.06066017177982,4.,0.));
#3496=CARTESIAN_POINT('',(-4.,7.06066017177982,-880.));
#3497=CARTESIAN_POINT('',(-7.06066017177982,4.,-880.));
#3498=CARTESIAN_POINT('',(-7.06066017177982,4.,-880.));
#3499=CARTESIAN_POINT('',(-7.06066017177982,4.,-880.));
#3500=CARTESIAN_POINT('',(-7.06066017177982,4.,0.));
#3501=CARTESIAN_POINT('',(-8.,4.,0.));
#3502=CARTESIAN_POINT('',(-7.06066017177982,4.,-880.));
#3503=CARTESIAN_POINT('',(-8.,4.,-880.));
#3504=CARTESIAN_POINT('',(-8.,4.,-880.));
#3505=CARTESIAN_POINT('',(-8.,4.,-880.));
#3506=CARTESIAN_POINT('',(-8.,4.,0.));
#3507=CARTESIAN_POINT('',(-8.,7.,0.));
#3508=CARTESIAN_POINT('',(-8.,4.,-880.));
#3509=CARTESIAN_POINT('',(-8.,7.,-880.));
#3510=CARTESIAN_POINT('',(-8.,7.,-880.));
#3511=CARTESIAN_POINT('',(-7.7,1.7,-880.));
#3512=CARTESIAN_POINT('',(-7.7,1.7,0.));
#3513=CARTESIAN_POINT('',(-7.7,2.,0.));
#3514=CARTESIAN_POINT('',(-8.,1.7,0.));
#3515=CARTESIAN_POINT('',(-8.,1.7,-880.));
#3516=CARTESIAN_POINT('',(-8.,1.7,-880.));
#3517=CARTESIAN_POINT('',(-7.7,1.7,-880.));
#3518=CARTESIAN_POINT('',(-7.7,2.,-880.));
#3519=CARTESIAN_POINT('',(-7.7,2.,-880.));
#3520=CARTESIAN_POINT('',(-7.06360389693211,2.,-880.));
#3521=CARTESIAN_POINT('',(-7.06360389693211,2.,0.));
#3522=CARTESIAN_POINT('',(-7.06360389693211,2.,0.));
#3523=CARTESIAN_POINT('',(-7.06360389693211,2.,-880.));
#3524=CARTESIAN_POINT('',(-7.06360389693211,2.,-880.));
#3525=CARTESIAN_POINT('',(-7.06360389693211,2.,-880.));
#3526=CARTESIAN_POINT('',(-7.06360389693211,2.29999999999999,-880.));
#3527=CARTESIAN_POINT('',(-7.06360389693211,2.29999999999999,0.));
#3528=CARTESIAN_POINT('',(-6.85147186257615,2.08786796564403,0.));
#3529=CARTESIAN_POINT('',(-7.06360389693211,2.29999999999999,-880.));
#3530=CARTESIAN_POINT('',(-6.85147186257615,2.08786796564403,-880.));
#3531=CARTESIAN_POINT('',(-6.85147186257615,2.08786796564403,-880.));
#3532=CARTESIAN_POINT('',(-2.93933982822018,6.,-880.));
#3533=CARTESIAN_POINT('',(-2.93933982822018,6.,0.));
#3534=CARTESIAN_POINT('',(-2.93933982822018,6.,0.));
#3535=CARTESIAN_POINT('',(-2.93933982822018,6.,-880.));
#3536=CARTESIAN_POINT('',(-2.93933982822018,6.,-880.));
#3537=CARTESIAN_POINT('',(-2.93933982822018,6.,-880.));
#3538=CARTESIAN_POINT('',(2.93933982822018,6.,-880.));
#3539=CARTESIAN_POINT('',(2.93933982822018,6.,0.));
#3540=CARTESIAN_POINT('',(2.93933982822018,6.,0.));
#3541=CARTESIAN_POINT('',(2.93933982822018,6.,-880.));
#3542=CARTESIAN_POINT('',(2.93933982822018,6.,-880.));
#3543=CARTESIAN_POINT('',(2.93933982822018,6.,-880.));
#3544=CARTESIAN_POINT('',(6.85147186257615,2.08786796564403,-880.));
#3545=CARTESIAN_POINT('',(6.85147186257615,2.08786796564403,0.));
#3546=CARTESIAN_POINT('',(6.85147186257615,2.08786796564403,0.));
#3547=CARTESIAN_POINT('',(6.85147186257615,2.08786796564403,-880.));
#3548=CARTESIAN_POINT('',(6.85147186257615,2.08786796564403,-880.));
#3549=CARTESIAN_POINT('',(6.85147186257615,2.08786796564403,-880.));
#3550=CARTESIAN_POINT('',(7.06360389693212,2.30000000000001,-880.));
#3551=CARTESIAN_POINT('',(7.06360389693212,2.30000000000001,0.));
#3552=CARTESIAN_POINT('',(7.06360389693211,2.,0.));
#3553=CARTESIAN_POINT('',(7.06360389693212,2.30000000000001,-880.));
#3554=CARTESIAN_POINT('',(7.06360389693211,2.,-880.));
#3555=CARTESIAN_POINT('',(7.06360389693211,2.,-880.));
#3556=CARTESIAN_POINT('',(7.7,2.,-880.));
#3557=CARTESIAN_POINT('',(7.7,2.,0.));
#3558=CARTESIAN_POINT('',(7.7,2.,0.));
#3559=CARTESIAN_POINT('',(7.7,2.,-880.));
#3560=CARTESIAN_POINT('',(7.7,2.,-880.));
#3561=CARTESIAN_POINT('',(7.7,2.,-880.));
#3562=CARTESIAN_POINT('',(7.7,1.7,-880.));
#3563=CARTESIAN_POINT('',(7.7,1.7,0.));
#3564=CARTESIAN_POINT('',(8.,1.7,0.));
#3565=CARTESIAN_POINT('',(7.7,1.7,-880.));
#3566=CARTESIAN_POINT('',(8.,1.7,-880.));
#3567=CARTESIAN_POINT('',(8.,1.7,-880.));
#3568=CARTESIAN_POINT('',(8.,-1.7,-880.));
#3569=CARTESIAN_POINT('',(8.,-1.7,0.));
#3570=CARTESIAN_POINT('',(8.,-1.7,0.));
#3571=CARTESIAN_POINT('',(8.,-1.7,-880.));
#3572=CARTESIAN_POINT('',(8.,-1.7,-880.));
#3573=CARTESIAN_POINT('',(8.,-1.7,-880.));
#3574=CARTESIAN_POINT('',(7.7,-1.7,-880.));
#3575=CARTESIAN_POINT('',(7.7,-1.7,0.));
#3576=CARTESIAN_POINT('',(7.70000000000001,-2.,0.));
#3577=CARTESIAN_POINT('',(7.7,-1.7,-880.));
#3578=CARTESIAN_POINT('',(7.70000000000001,-2.,-880.));
#3579=CARTESIAN_POINT('',(7.70000000000001,-2.,-880.));
#3580=CARTESIAN_POINT('',(7.06360389693211,-2.,-880.));
#3581=CARTESIAN_POINT('',(7.06360389693211,-2.,0.));
#3582=CARTESIAN_POINT('',(7.06360389693211,-2.,0.));
#3583=CARTESIAN_POINT('',(7.06360389693211,-2.,-880.));
#3584=CARTESIAN_POINT('',(7.06360389693211,-2.,-880.));
#3585=CARTESIAN_POINT('',(7.06360389693211,-2.,-880.));
#3586=CARTESIAN_POINT('',(7.06360389693211,-2.3,-880.));
#3587=CARTESIAN_POINT('',(7.06360389693211,-2.3,0.));
#3588=CARTESIAN_POINT('',(6.85147186257615,-2.08786796564403,0.));
#3589=CARTESIAN_POINT('',(7.06360389693211,-2.3,-880.));
#3590=CARTESIAN_POINT('',(6.85147186257615,-2.08786796564403,-880.));
#3591=CARTESIAN_POINT('',(6.85147186257615,-2.08786796564403,-880.));
#3592=CARTESIAN_POINT('',(2.93933982822019,-6.,-880.));
#3593=CARTESIAN_POINT('',(2.93933982822019,-6.,0.));
#3594=CARTESIAN_POINT('',(2.93933982822018,-6.,0.));
#3595=CARTESIAN_POINT('',(2.93933982822019,-6.,-880.));
#3596=CARTESIAN_POINT('',(2.93933982822018,-6.,-880.));
#3597=CARTESIAN_POINT('',(2.93933982822018,-6.,-880.));
#3598=CARTESIAN_POINT('',(-2.93933982822019,-6.,-880.));
#3599=CARTESIAN_POINT('',(-2.93933982822019,-6.,0.));
#3600=CARTESIAN_POINT('',(-2.93933982822019,-6.,0.));
#3601=CARTESIAN_POINT('',(-2.93933982822019,-6.,-880.));
#3602=CARTESIAN_POINT('',(-2.93933982822019,-6.,-880.));
#3603=CARTESIAN_POINT('',(-2.93933982822019,-6.,-880.));
#3604=CARTESIAN_POINT('',(-6.85147186257615,-2.08786796564403,-880.));
#3605=CARTESIAN_POINT('',(-6.85147186257615,-2.08786796564403,0.));
#3606=CARTESIAN_POINT('',(-6.85147186257615,-2.08786796564403,0.));
#3607=CARTESIAN_POINT('',(-6.85147186257615,-2.08786796564403,-880.));
#3608=CARTESIAN_POINT('',(-6.85147186257615,-2.08786796564403,-880.));
#3609=CARTESIAN_POINT('',(-6.85147186257615,-2.08786796564403,-880.));
#3610=CARTESIAN_POINT('',(-7.06360389693211,-2.29999999999999,-880.));
#3611=CARTESIAN_POINT('',(-7.06360389693211,-2.29999999999999,0.));
#3612=CARTESIAN_POINT('',(-7.06360389693211,-2.,0.));
#3613=CARTESIAN_POINT('',(-7.06360389693211,-2.29999999999999,-880.));
#3614=CARTESIAN_POINT('',(-7.06360389693211,-2.,-880.));
#3615=CARTESIAN_POINT('',(-7.06360389693211,-2.,-880.));
#3616=CARTESIAN_POINT('',(-7.70000000000001,-2.,-880.));
#3617=CARTESIAN_POINT('',(-7.70000000000001,-2.,0.));
#3618=CARTESIAN_POINT('',(-7.70000000000001,-2.,0.));
#3619=CARTESIAN_POINT('',(-7.70000000000001,-2.,-880.));
#3620=CARTESIAN_POINT('',(-7.70000000000001,-2.,-880.));
#3621=CARTESIAN_POINT('',(-7.70000000000001,-2.,-880.));
#3622=CARTESIAN_POINT('',(-7.7,-1.7,-880.));
#3623=CARTESIAN_POINT('',(-7.7,-1.7,0.));
#3624=CARTESIAN_POINT('',(-8.,-1.7,0.));
#3625=CARTESIAN_POINT('',(-7.7,-1.7,-880.));
#3626=CARTESIAN_POINT('',(-8.,-1.7,-880.));
#3627=CARTESIAN_POINT('',(-8.,-1.7,-880.));
#3628=CARTESIAN_POINT('',(-8.,1.7,-880.));
#3629=CARTESIAN_POINT('',(-8.,1.7,0.));
#3630=CARTESIAN_POINT('',(-8.,1.7,-880.));
#3631=CARTESIAN_POINT('',(-8.,7.,-880.));
#3632=CARTESIAN_POINT('',(-8.,7.,0.));
#3633=CARTESIAN_POINT('',(-8.,7.,-880.));
#3634=CARTESIAN_POINT('',(-9.,-19.,-880.));
#3635=CARTESIAN_POINT('',(0.,-10.,-880.));
#3636=CARTESIAN_POINT('',(-2.1,-10.,-880.));
#3637=CARTESIAN_POINT('',(0.,10.,-880.));
#3638=CARTESIAN_POINT('',(-2.1,10.,-880.));
#3639=CARTESIAN_POINT('',(-9.,-19.,0.));
#3640=CARTESIAN_POINT('',(0.,-10.,0.));
#3641=CARTESIAN_POINT('',(-2.1,-10.,0.));
#3642=CARTESIAN_POINT('',(0.,10.,0.));
#3643=CARTESIAN_POINT('',(-2.1,10.,0.));
#3644=CARTESIAN_POINT('',(0.,10.,-880.));
#3645=CARTESIAN_POINT('',(0.,-10.,-880.));
#3646=MECHANICAL_DESIGN_GEOMETRIC_PRESENTATION_REPRESENTATION('',(#2275),
#3647);
#3647=(
GEOMETRIC_REPRESENTATION_CONTEXT(3)
GLOBAL_UNCERTAINTY_ASSIGNED_CONTEXT((#3648))
GLOBAL_UNIT_ASSIGNED_CONTEXT((#3651,#3650,#3649))
REPRESENTATION_CONTEXT('HFSB5-2040-880','TOP_LEVEL_ASSEMBLY_PART')
);
#3648=UNCERTAINTY_MEASURE_WITH_UNIT(LENGTH_MEASURE(0.005),#3651,
'DISTANCE_ACCURACY_VALUE','Maximum Tolerance applied to model');
#3649=(
NAMED_UNIT(*)
SI_UNIT($,.STERADIAN.)
SOLID_ANGLE_UNIT()
);
#3650=(
NAMED_UNIT(*)
PLANE_ANGLE_UNIT()
SI_UNIT($,.RADIAN.)
);
#3651=(
LENGTH_UNIT()
NAMED_UNIT(*)
SI_UNIT(.MILLI.,.METRE.)
);
#3652=PRODUCT_DEFINITION_SHAPE('','',#3653);
#3653=PRODUCT_DEFINITION('','',#3655,#3654);
#3654=DESIGN_CONTEXT('',#3661,'design');
#3655=PRODUCT_DEFINITION_FORMATION_WITH_SPECIFIED_SOURCE('','',#3657,
 .NOT_KNOWN.);
#3656=PRODUCT_RELATED_PRODUCT_CATEGORY('','',(#3657));
#3657=PRODUCT('HFSB5-2040-880','HFSB5-2040-880','HFSB5-2040-880',(#3659));
#3658=PRODUCT_CATEGORY('','');
#3659=MECHANICAL_CONTEXT('',#3661,'mechanical');
#3660=APPLICATION_PROTOCOL_DEFINITION('international standard',
'config_control_design',2010,#3661);
#3661=APPLICATION_CONTEXT(
'configuration controlled 3D designs of mechanical parts and assemblie
s');
ENDSEC;
END-ISO-10303-21;
