ISO-10303-21;
HEADER;
FILE_DESCRIPTION((''),'2;1');
FILE_NAME('HN12_C101_WEB_ASM','2021-06-08T14:29:58',('yunever'),(''),
'CREO PARAMETRIC BY PTC INC, 2020074','CREO PARAMETRIC BY PTC INC, 2020074','');
FILE_SCHEMA(('CONFIG_CONTROL_DESIGN'));
ENDSEC;
DATA;
#2=CARTESIAN_POINT('',(0.E0,3.45E0,0.E0));
#3=DIRECTION('',(0.E0,1.E0,0.E0));
#4=DIRECTION('',(9.798244395538E-1,0.E0,1.998601202168E-1));
#5=AXIS2_PLACEMENT_3D('',#2,#3,#4);
#7=DIRECTION('',(0.E0,-1.E0,0.E0));
#8=VECTOR('',#7,9.5E-1);
#9=CARTESIAN_POINT('',(9.546985844206E-1,4.4E0,1.156957481027E0));
#10=LINE('',#9,#8);
#11=DIRECTION('',(0.E0,-1.E0,0.E0));
#12=VECTOR('',#11,9.5E-1);
#13=CARTESIAN_POINT('',(1.469736659331E0,4.4E0,2.997901803253E-1));
#14=LINE('',#13,#12);
#15=DIRECTION('',(-8.571673007021E-1,0.E0,-5.150380749101E-1));
#16=VECTOR('',#15,1.543826329177E0);
#17=CARTESIAN_POINT('',(2.793054106664E0,3.45E0,1.094919520900E0));
#18=LINE('',#17,#16);
#19=DIRECTION('',(-8.571673007021E-1,0.E0,-5.150380749101E-1));
#20=VECTOR('',#19,1.543826329177E0);
#21=CARTESIAN_POINT('',(2.278016031754E0,3.45E0,1.952086821602E0));
#22=LINE('',#21,#20);
#23=CARTESIAN_POINT('',(5.057655921387E0,2.E0,2.455629569145E0));
#24=DIRECTION('',(5.150380749101E-1,0.E0,-8.571673007021E-1));
#25=DIRECTION('',(8.571673007021E-1,0.E0,5.150380749101E-1));
#26=AXIS2_PLACEMENT_3D('',#23,#24,#25);
#28=CARTESIAN_POINT('',(5.057655921387E0,2.E0,2.455629569145E0));
#29=DIRECTION('',(5.150380749101E-1,0.E0,-8.571673007021E-1));
#30=DIRECTION('',(-8.571673007021E-1,0.E0,-5.150380749101E-1));
#31=AXIS2_PLACEMENT_3D('',#28,#29,#30);
#33=DIRECTION('',(-5.150380749101E-1,0.E0,8.571673007021E-1));
#34=VECTOR('',#33,3.5E0);
#35=CARTESIAN_POINT('',(7.760314849309E0,2.E0,-3.666004656585E-3));
#36=LINE('',#35,#34);
#37=DIRECTION('',(-5.150380749101E-1,0.E0,8.571673007021E-1));
#38=VECTOR('',#37,3.5E0);
#39=CARTESIAN_POINT('',(5.960263517835E0,2.E0,-1.085245961968E0));
#40=LINE('',#39,#38);
#41=DIRECTION('',(0.E0,-1.E0,0.E0));
#42=VECTOR('',#41,4.E0);
#43=CARTESIAN_POINT('',(5.060237852098E0,4.E0,-1.626035940623E0));
#44=LINE('',#43,#42);
#45=CARTESIAN_POINT('',(6.860289183572E0,2.E0,-5.444559833121E-1));
#46=DIRECTION('',(5.150380749101E-1,0.E0,-8.571673007021E-1));
#47=DIRECTION('',(8.571673007021E-1,0.E0,5.150380749101E-1));
#48=AXIS2_PLACEMENT_3D('',#45,#46,#47);
#50=CARTESIAN_POINT('',(6.860289183572E0,2.E0,-5.444559833121E-1));
#51=DIRECTION('',(5.150380749101E-1,0.E0,-8.571673007021E-1));
#52=DIRECTION('',(-8.571673007021E-1,0.E0,-5.150380749101E-1));
#53=AXIS2_PLACEMENT_3D('',#50,#51,#52);
#55=CARTESIAN_POINT('',(5.656854249492E0,0.E0,-5.656854249492E0));
#56=DIRECTION('',(0.E0,1.E0,0.E0));
#57=DIRECTION('',(7.071067811865E-1,0.E0,7.071067811865E-1));
#58=AXIS2_PLACEMENT_3D('',#55,#56,#57);
#60=CARTESIAN_POINT('',(5.656854249492E0,0.E0,-5.656854249492E0));
#61=DIRECTION('',(0.E0,1.E0,0.E0));
#62=DIRECTION('',(-7.071067811865E-1,0.E0,-7.071067811865E-1));
#63=AXIS2_PLACEMENT_3D('',#60,#61,#62);
#65=CARTESIAN_POINT('',(0.E0,0.E0,-8.E0));
#66=DIRECTION('',(0.E0,1.E0,0.E0));
#67=DIRECTION('',(-1.E0,0.E0,0.E0));
#68=AXIS2_PLACEMENT_3D('',#65,#66,#67);
#70=CARTESIAN_POINT('',(0.E0,0.E0,-8.E0));
#71=DIRECTION('',(0.E0,1.E0,0.E0));
#72=DIRECTION('',(1.E0,0.E0,0.E0));
#73=AXIS2_PLACEMENT_3D('',#70,#71,#72);
#75=CARTESIAN_POINT('',(-5.656854249492E0,0.E0,-5.656854249492E0));
#76=DIRECTION('',(0.E0,1.E0,0.E0));
#77=DIRECTION('',(-7.071067811865E-1,0.E0,7.071067811865E-1));
#78=AXIS2_PLACEMENT_3D('',#75,#76,#77);
#80=CARTESIAN_POINT('',(-5.656854249492E0,0.E0,-5.656854249492E0));
#81=DIRECTION('',(0.E0,1.E0,0.E0));
#82=DIRECTION('',(7.071067811865E-1,0.E0,-7.071067811865E-1));
#83=AXIS2_PLACEMENT_3D('',#80,#81,#82);
#85=CARTESIAN_POINT('',(-8.E0,0.E0,0.E0));
#86=DIRECTION('',(0.E0,1.E0,0.E0));
#87=DIRECTION('',(0.E0,0.E0,1.E0));
#88=AXIS2_PLACEMENT_3D('',#85,#86,#87);
#90=CARTESIAN_POINT('',(-8.E0,0.E0,0.E0));
#91=DIRECTION('',(0.E0,1.E0,0.E0));
#92=DIRECTION('',(0.E0,0.E0,-1.E0));
#93=AXIS2_PLACEMENT_3D('',#90,#91,#92);
#95=CARTESIAN_POINT('',(-5.656854249492E0,0.E0,5.656854249492E0));
#96=DIRECTION('',(0.E0,1.E0,0.E0));
#97=DIRECTION('',(7.071067811865E-1,0.E0,7.071067811865E-1));
#98=AXIS2_PLACEMENT_3D('',#95,#96,#97);
#100=CARTESIAN_POINT('',(-5.656854249492E0,0.E0,5.656854249492E0));
#101=DIRECTION('',(0.E0,1.E0,0.E0));
#102=DIRECTION('',(-7.071067811865E-1,0.E0,-7.071067811866E-1));
#103=AXIS2_PLACEMENT_3D('',#100,#101,#102);
#105=CARTESIAN_POINT('',(0.E0,0.E0,8.E0));
#106=DIRECTION('',(0.E0,1.E0,0.E0));
#107=DIRECTION('',(1.E0,0.E0,0.E0));
#108=AXIS2_PLACEMENT_3D('',#105,#106,#107);
#110=CARTESIAN_POINT('',(0.E0,0.E0,8.E0));
#111=DIRECTION('',(0.E0,1.E0,0.E0));
#112=DIRECTION('',(-1.E0,0.E0,0.E0));
#113=AXIS2_PLACEMENT_3D('',#110,#111,#112);
#115=CARTESIAN_POINT('',(5.656854249492E0,0.E0,5.656854249492E0));
#116=DIRECTION('',(0.E0,1.E0,0.E0));
#117=DIRECTION('',(7.071067811866E-1,0.E0,-7.071067811865E-1));
#118=AXIS2_PLACEMENT_3D('',#115,#116,#117);
#120=CARTESIAN_POINT('',(5.656854249492E0,0.E0,5.656854249492E0));
#121=DIRECTION('',(0.E0,1.E0,0.E0));
#122=DIRECTION('',(-7.071067811865E-1,0.E0,7.071067811865E-1));
#123=AXIS2_PLACEMENT_3D('',#120,#121,#122);
#125=DIRECTION('',(-8.571673007021E-1,0.E0,-5.150380749101E-1));
#126=VECTOR('',#125,6.214781077049E0);
#127=CARTESIAN_POINT('',(7.359221558022E0,0.E0,5.005183119522E0));
#128=LINE('',#127,#126);
#129=DIRECTION('',(8.571673007021E-1,0.E0,5.150380749101E-1));
#130=VECTOR('',#129,6.100823303207E0);
#131=CARTESIAN_POINT('',(2.644833390061E0,0.E0,1.005859529369E0));
#132=LINE('',#131,#130);
#133=DIRECTION('',(-8.571673007021E-1,0.E0,-5.150380749101E-1));
#134=VECTOR('',#133,4.450471684120E0);
#135=CARTESIAN_POINT('',(8.875036652426E0,0.E0,6.661264280078E-1));
#136=LINE('',#135,#134);
#137=DIRECTION('',(-5.150380749101E-1,0.E0,8.571673007021E-1));
#138=VECTOR('',#137,4.182909018192E0);
#139=CARTESIAN_POINT('',(7.214595260351E0,0.E0,-5.211488772829E0));
#140=LINE('',#139,#138);
#141=CARTESIAN_POINT('',(0.E0,0.E0,-5.5E0));
#142=DIRECTION('',(0.E0,-1.E0,0.E0));
#143=DIRECTION('',(1.E0,0.E0,0.E0));
#144=AXIS2_PLACEMENT_3D('',#141,#142,#143);
#146=CARTESIAN_POINT('',(0.E0,0.E0,-5.5E0));
#147=DIRECTION('',(0.E0,-1.E0,0.E0));
#148=DIRECTION('',(-1.E0,0.E0,0.E0));
#149=AXIS2_PLACEMENT_3D('',#146,#147,#148);
#151=CARTESIAN_POINT('',(0.E0,0.E0,5.5E0));
#152=DIRECTION('',(0.E0,1.E0,0.E0));
#153=DIRECTION('',(1.E0,0.E0,0.E0));
#154=AXIS2_PLACEMENT_3D('',#151,#152,#153);
#156=CARTESIAN_POINT('',(0.E0,0.E0,5.5E0));
#157=DIRECTION('',(0.E0,1.E0,0.E0));
#158=DIRECTION('',(-1.E0,0.E0,0.E0));
#159=AXIS2_PLACEMENT_3D('',#156,#157,#158);
#161=DIRECTION('',(0.E0,1.E0,0.E0));
#162=VECTOR('',#161,3.75E0);
#163=CARTESIAN_POINT('',(6.222539674442E0,0.E0,-5.091168824543E0));
#164=LINE('',#163,#162);
#165=DIRECTION('',(0.E0,1.E0,0.E0));
#166=VECTOR('',#165,3.75E0);
#167=CARTESIAN_POINT('',(5.091168824543E0,0.E0,-6.222539674442E0));
#168=LINE('',#167,#166);
#169=DIRECTION('',(-5.E-1,7.071067811865E-1,-5.E-1));
#170=VECTOR('',#169,3.535533905933E-1);
#171=CARTESIAN_POINT('',(5.091168824543E0,3.75E0,-6.222539674442E0));
#172=LINE('',#171,#170);
#173=CARTESIAN_POINT('',(5.656854249492E0,3.75E0,-5.656854249492E0));
#174=DIRECTION('',(0.E0,-1.E0,0.E0));
#175=DIRECTION('',(7.071067811865E-1,0.E0,7.071067811865E-1));
#176=AXIS2_PLACEMENT_3D('',#173,#174,#175);
#178=DIRECTION('',(5.E-1,7.071067811865E-1,5.E-1));
#179=VECTOR('',#178,3.535533905933E-1);
#180=CARTESIAN_POINT('',(6.222539674442E0,3.75E0,-5.091168824543E0));
#181=LINE('',#180,#179);
#182=CARTESIAN_POINT('',(0.E0,4.E0,-8.E0));
#183=DIRECTION('',(0.E0,1.E0,0.E0));
#184=DIRECTION('',(1.E0,0.E0,0.E0));
#185=AXIS2_PLACEMENT_3D('',#182,#183,#184);
#187=CARTESIAN_POINT('',(0.E0,4.E0,-8.E0));
#188=DIRECTION('',(0.E0,1.E0,0.E0));
#189=DIRECTION('',(-1.E0,0.E0,0.E0));
#190=AXIS2_PLACEMENT_3D('',#187,#188,#189);
#192=CARTESIAN_POINT('',(5.656854249492E0,4.E0,-5.656854249492E0));
#193=DIRECTION('',(0.E0,1.E0,0.E0));
#194=DIRECTION('',(7.071067811865E-1,0.E0,7.071067811865E-1));
#195=AXIS2_PLACEMENT_3D('',#192,#193,#194);
#197=CARTESIAN_POINT('',(5.656854249492E0,4.E0,-5.656854249492E0));
#198=DIRECTION('',(0.E0,1.E0,0.E0));
#199=DIRECTION('',(-7.071067811865E-1,0.E0,-7.071067811865E-1));
#200=AXIS2_PLACEMENT_3D('',#197,#198,#199);
#202=CARTESIAN_POINT('',(5.656854249492E0,4.E0,5.656854249492E0));
#203=DIRECTION('',(0.E0,1.E0,0.E0));
#204=DIRECTION('',(-7.071067811865E-1,0.E0,7.071067811865E-1));
#205=AXIS2_PLACEMENT_3D('',#202,#203,#204);
#207=CARTESIAN_POINT('',(5.656854249492E0,4.E0,5.656854249492E0));
#208=DIRECTION('',(0.E0,1.E0,0.E0));
#209=DIRECTION('',(7.071067811865E-1,0.E0,-7.071067811865E-1));
#210=AXIS2_PLACEMENT_3D('',#207,#208,#209);
#212=CARTESIAN_POINT('',(0.E0,4.E0,8.E0));
#213=DIRECTION('',(0.E0,1.E0,0.E0));
#214=DIRECTION('',(-1.E0,0.E0,0.E0));
#215=AXIS2_PLACEMENT_3D('',#212,#213,#214);
#217=CARTESIAN_POINT('',(0.E0,4.E0,8.E0));
#218=DIRECTION('',(0.E0,1.E0,0.E0));
#219=DIRECTION('',(1.E0,0.E0,0.E0));
#220=AXIS2_PLACEMENT_3D('',#217,#218,#219);
#222=CARTESIAN_POINT('',(-5.656854249492E0,4.E0,5.656854249492E0));
#223=DIRECTION('',(0.E0,1.E0,0.E0));
#224=DIRECTION('',(-7.071067811865E-1,0.E0,-7.071067811865E-1));
#225=AXIS2_PLACEMENT_3D('',#222,#223,#224);
#227=CARTESIAN_POINT('',(-5.656854249492E0,4.E0,5.656854249492E0));
#228=DIRECTION('',(0.E0,1.E0,0.E0));
#229=DIRECTION('',(7.071067811865E-1,0.E0,7.071067811865E-1));
#230=AXIS2_PLACEMENT_3D('',#227,#228,#229);
#232=CARTESIAN_POINT('',(-8.E0,4.E0,0.E0));
#233=DIRECTION('',(0.E0,1.E0,0.E0));
#234=DIRECTION('',(0.E0,0.E0,-1.E0));
#235=AXIS2_PLACEMENT_3D('',#232,#233,#234);
#237=CARTESIAN_POINT('',(-8.E0,4.E0,0.E0));
#238=DIRECTION('',(0.E0,1.E0,0.E0));
#239=DIRECTION('',(0.E0,0.E0,1.E0));
#240=AXIS2_PLACEMENT_3D('',#237,#238,#239);
#242=CARTESIAN_POINT('',(-5.656854249492E0,4.E0,-5.656854249492E0));
#243=DIRECTION('',(0.E0,1.E0,0.E0));
#244=DIRECTION('',(7.071067811865E-1,0.E0,-7.071067811865E-1));
#245=AXIS2_PLACEMENT_3D('',#242,#243,#244);
#247=CARTESIAN_POINT('',(-5.656854249492E0,4.E0,-5.656854249492E0));
#248=DIRECTION('',(0.E0,1.E0,0.E0));
#249=DIRECTION('',(-7.071067811865E-1,0.E0,7.071067811865E-1));
#250=AXIS2_PLACEMENT_3D('',#247,#248,#249);
#252=DIRECTION('',(8.571673007021E-1,0.E0,5.150380749101E-1));
#253=VECTOR('',#252,5.568275046111E0);
#254=CARTESIAN_POINT('',(3.144258226996E0,4.E0,2.472577643263E0));
#255=LINE('',#254,#253);
#256=DIRECTION('',(-5.150380749101E-1,0.E0,8.571673007021E-1));
#257=VECTOR('',#256,4.885521931772E0);
#258=CARTESIAN_POINT('',(7.576467662768E0,4.E0,-5.813745587401E0));
#259=LINE('',#258,#257);
#260=DIRECTION('',(-8.571673007021E-1,0.E0,-5.150380749101E-1));
#261=VECTOR('',#260,5.171937499775E0);
#262=CARTESIAN_POINT('',(9.493453558180E0,4.E0,1.037708792816E0));
#263=LINE('',#262,#261);
#264=DIRECTION('',(-8.571673007021E-1,0.E0,-5.150380749101E-1));
#265=VECTOR('',#264,5.568275046111E0);
#266=CARTESIAN_POINT('',(8.432239592749E0,4.E0,4.483284002880E0));
#267=LINE('',#266,#265);
#268=CARTESIAN_POINT('',(0.E0,4.E0,-5.5E0));
#269=DIRECTION('',(0.E0,-1.E0,0.E0));
#270=DIRECTION('',(1.E0,0.E0,0.E0));
#271=AXIS2_PLACEMENT_3D('',#268,#269,#270);
#273=CARTESIAN_POINT('',(0.E0,4.E0,-5.5E0));
#274=DIRECTION('',(0.E0,-1.E0,0.E0));
#275=DIRECTION('',(-1.E0,0.E0,0.E0));
#276=AXIS2_PLACEMENT_3D('',#273,#274,#275);
#278=CARTESIAN_POINT('',(0.E0,4.E0,5.5E0));
#279=DIRECTION('',(0.E0,1.E0,0.E0));
#280=DIRECTION('',(1.E0,0.E0,0.E0));
#281=AXIS2_PLACEMENT_3D('',#278,#279,#280);
#283=CARTESIAN_POINT('',(0.E0,4.E0,5.5E0));
#284=DIRECTION('',(0.E0,1.E0,0.E0));
#285=DIRECTION('',(-1.E0,0.E0,0.E0));
#286=AXIS2_PLACEMENT_3D('',#283,#284,#285);
#288=CARTESIAN_POINT('',(0.E0,3.75E0,-8.E0));
#289=DIRECTION('',(0.E0,1.E0,0.E0));
#290=DIRECTION('',(1.E0,0.E0,0.E0));
#291=AXIS2_PLACEMENT_3D('',#288,#289,#290);
#293=DIRECTION('',(-7.071067811865E-1,7.071067811865E-1,0.E0));
#294=VECTOR('',#293,3.535533905933E-1);
#295=CARTESIAN_POINT('',(-8.E-1,3.75E0,-8.E0));
#296=LINE('',#295,#294);
#297=CARTESIAN_POINT('',(0.E0,3.75E0,-8.E0));
#298=DIRECTION('',(0.E0,-1.E0,0.E0));
#299=DIRECTION('',(1.E0,0.E0,0.E0));
#300=AXIS2_PLACEMENT_3D('',#297,#298,#299);
#302=DIRECTION('',(7.071067811865E-1,7.071067811865E-1,0.E0));
#303=VECTOR('',#302,3.535533905933E-1);
#304=CARTESIAN_POINT('',(8.E-1,3.75E0,-8.E0));
#305=LINE('',#304,#303);
#306=CARTESIAN_POINT('',(0.E0,5.E-2,-8.E0));
#307=DIRECTION('',(0.E0,1.E0,0.E0));
#308=DIRECTION('',(-1.E0,0.E0,0.E0));
#309=AXIS2_PLACEMENT_3D('',#306,#307,#308);
#311=DIRECTION('',(6.758262122670E-10,1.E0,-4.048578652243E-9));
#312=VECTOR('',#311,3.699999997499E0);
#313=CARTESIAN_POINT('',(7.999999974994E-1,5.000000250056E-2,
-7.999999985020E0));
#314=LINE('',#313,#312);
#315=DIRECTION('',(-6.758262122670E-10,1.E0,4.048578412194E-9));
#316=VECTOR('',#315,3.699999997499E0);
#317=CARTESIAN_POINT('',(-7.999999974994E-1,5.000000250056E-2,
-8.000000014980E0));
#318=LINE('',#317,#316);
#319=DIRECTION('',(7.071067811865E-1,7.071067811865E-1,8.826894184891E-8));
#320=VECTOR('',#319,7.071067664519E-2);
#321=CARTESIAN_POINT('',(-8.499999964575E-1,3.542455107031E-9,
-8.000000021221E0));
#322=LINE('',#321,#320);
#323=DIRECTION('',(7.071067811865E-1,-7.071067811865E-1,8.826895440965E-8));
#324=VECTOR('',#323,7.071067664519E-2);
#325=CARTESIAN_POINT('',(7.999999974994E-1,5.000000250056E-2,
-7.999999985020E0));
#326=LINE('',#325,#324);
#327=CARTESIAN_POINT('',(0.E0,5.E-2,-8.E0));
#328=DIRECTION('',(0.E0,1.E0,0.E0));
#329=DIRECTION('',(1.E0,0.E0,0.E0));
#330=AXIS2_PLACEMENT_3D('',#327,#328,#329);
#332=CARTESIAN_POINT('',(5.656854249492E0,3.75E0,-5.656854249492E0));
#333=DIRECTION('',(0.E0,1.E0,0.E0));
#334=DIRECTION('',(7.071067811865E-1,0.E0,7.071067811865E-1));
#335=AXIS2_PLACEMENT_3D('',#332,#333,#334);
#337=CARTESIAN_POINT('',(5.656854249492E0,3.75E0,5.656854249492E0));
#338=DIRECTION('',(0.E0,1.E0,0.E0));
#339=DIRECTION('',(-7.071067811865E-1,0.E0,7.071067811865E-1));
#340=AXIS2_PLACEMENT_3D('',#337,#338,#339);
#342=DIRECTION('',(5.E-1,7.071067811865E-1,-5.E-1));
#343=VECTOR('',#342,3.535533905933E-1);
#344=CARTESIAN_POINT('',(6.222539674442E0,3.75E0,5.091168824543E0));
#345=LINE('',#344,#343);
#346=CARTESIAN_POINT('',(5.656854249492E0,3.75E0,5.656854249492E0));
#347=DIRECTION('',(0.E0,-1.E0,0.E0));
#348=DIRECTION('',(-7.071067811865E-1,0.E0,7.071067811865E-1));
#349=AXIS2_PLACEMENT_3D('',#346,#347,#348);
#351=DIRECTION('',(-5.E-1,7.071067811865E-1,5.E-1));
#352=VECTOR('',#351,3.535533905933E-1);
#353=CARTESIAN_POINT('',(5.091168824543E0,3.75E0,6.222539674442E0));
#354=LINE('',#353,#352);
#355=CARTESIAN_POINT('',(5.656854249492E0,5.E-2,5.656854249492E0));
#356=DIRECTION('',(0.E0,1.E0,0.E0));
#357=DIRECTION('',(7.071067811865E-1,0.E0,-7.071067811865E-1));
#358=AXIS2_PLACEMENT_3D('',#355,#356,#357);
#360=DIRECTION('',(2.384895885993E-9,1.E0,3.340658442824E-9));
#361=VECTOR('',#360,3.699999997499E0);
#362=CARTESIAN_POINT('',(5.091168815719E0,5.000000250056E-2,6.222539662081E0));
#363=LINE('',#362,#361);
#364=DIRECTION('',(-2.384895405896E-9,1.E0,-3.340658442824E-9));
#365=VECTOR('',#364,3.699999997499E0);
#366=CARTESIAN_POINT('',(6.222539683266E0,5.000000250056E-2,5.091168836904E0));
#367=LINE('',#366,#365);
#368=DIRECTION('',(-5.000000624156E-1,7.071067811866E-1,4.999999375844E-1));
#369=VECTOR('',#368,7.071067664519E-2);
#370=CARTESIAN_POINT('',(6.257895026002E0,3.542453108629E-9,5.055813502994E0));
#371=LINE('',#370,#369);
#372=DIRECTION('',(5.000000624156E-1,7.071067811865E-1,-4.999999375844E-1));
#373=VECTOR('',#372,7.071067664519E-2);
#374=CARTESIAN_POINT('',(5.055813472983E0,3.542456624335E-9,6.257894995990E0));
#375=LINE('',#374,#373);
#376=CARTESIAN_POINT('',(5.656854249492E0,5.E-2,5.656854249492E0));
#377=DIRECTION('',(0.E0,1.E0,0.E0));
#378=DIRECTION('',(-7.071067811865E-1,0.E0,7.071067811865E-1));
#379=AXIS2_PLACEMENT_3D('',#376,#377,#378);
#381=CARTESIAN_POINT('',(0.E0,3.75E0,8.E0));
#382=DIRECTION('',(0.E0,1.E0,0.E0));
#383=DIRECTION('',(-1.E0,0.E0,0.E0));
#384=AXIS2_PLACEMENT_3D('',#381,#382,#383);
#386=DIRECTION('',(7.071067811865E-1,7.071067811865E-1,0.E0));
#387=VECTOR('',#386,3.535533905933E-1);
#388=CARTESIAN_POINT('',(8.E-1,3.75E0,8.E0));
#389=LINE('',#388,#387);
#390=CARTESIAN_POINT('',(0.E0,3.75E0,8.E0));
#391=DIRECTION('',(0.E0,-1.E0,0.E0));
#392=DIRECTION('',(-1.E0,0.E0,0.E0));
#393=AXIS2_PLACEMENT_3D('',#390,#391,#392);
#395=DIRECTION('',(-7.071067811865E-1,7.071067811865E-1,0.E0));
#396=VECTOR('',#395,3.535533905933E-1);
#397=CARTESIAN_POINT('',(-8.E-1,3.75E0,8.E0));
#398=LINE('',#397,#396);
#399=CARTESIAN_POINT('',(0.E0,5.000000000001E-2,8.E0));
#400=DIRECTION('',(0.E0,1.E0,0.E0));
#401=DIRECTION('',(1.E0,0.E0,0.E0));
#402=AXIS2_PLACEMENT_3D('',#399,#400,#401);
#404=DIRECTION('',(-6.758262122670E-10,1.E0,4.048577932098E-9));
#405=VECTOR('',#404,3.699999997499E0);
#406=CARTESIAN_POINT('',(-7.999999974994E-1,5.000000250056E-2,
7.999999985020E0));
#407=LINE('',#406,#405);
#408=DIRECTION('',(6.758262122670E-10,1.E0,-4.048578892291E-9));
#409=VECTOR('',#408,3.699999997499E0);
#410=CARTESIAN_POINT('',(7.999999974994E-1,5.000000250056E-2,8.000000014980E0));
#411=LINE('',#410,#409);
#412=DIRECTION('',(-7.071067811865E-1,7.071067811865E-1,-8.826896697039E-8));
#413=VECTOR('',#412,7.071067664519E-2);
#414=CARTESIAN_POINT('',(8.499999964575E-1,3.542455181046E-9,8.000000021221E0));
#415=LINE('',#414,#413);
#416=DIRECTION('',(-7.071067811865E-1,-7.071067811865E-1,-8.826895440965E-8));
#417=VECTOR('',#416,7.071067664519E-2);
#418=CARTESIAN_POINT('',(-7.999999974994E-1,5.000000250056E-2,
7.999999985020E0));
#419=LINE('',#418,#417);
#420=CARTESIAN_POINT('',(0.E0,5.E-2,8.E0));
#421=DIRECTION('',(0.E0,1.E0,0.E0));
#422=DIRECTION('',(-1.E0,0.E0,0.E0));
#423=AXIS2_PLACEMENT_3D('',#420,#421,#422);
#425=CARTESIAN_POINT('',(-5.656854249492E0,3.75E0,5.656854249492E0));
#426=DIRECTION('',(0.E0,1.E0,0.E0));
#427=DIRECTION('',(-7.071067811865E-1,0.E0,-7.071067811865E-1));
#428=AXIS2_PLACEMENT_3D('',#425,#426,#427);
#430=DIRECTION('',(5.E-1,7.071067811865E-1,5.E-1));
#431=VECTOR('',#430,3.535533905933E-1);
#432=CARTESIAN_POINT('',(-5.091168824543E0,3.75E0,6.222539674442E0));
#433=LINE('',#432,#431);
#434=CARTESIAN_POINT('',(-5.656854249492E0,3.75E0,5.656854249492E0));
#435=DIRECTION('',(0.E0,-1.E0,0.E0));
#436=DIRECTION('',(-7.071067811865E-1,0.E0,-7.071067811865E-1));
#437=AXIS2_PLACEMENT_3D('',#434,#435,#436);
#439=DIRECTION('',(-5.E-1,7.071067811865E-1,-5.E-1));
#440=VECTOR('',#439,3.535533905933E-1);
#441=CARTESIAN_POINT('',(-6.222539674442E0,3.75E0,5.091168824543E0));
#442=LINE('',#441,#440);
#443=CARTESIAN_POINT('',(-5.656854249492E0,5.E-2,5.656854249492E0));
#444=DIRECTION('',(0.E0,1.E0,0.E0));
#445=DIRECTION('',(7.071067811865E-1,0.E0,7.071067811865E-1));
#446=AXIS2_PLACEMENT_3D('',#443,#444,#445);
#448=DIRECTION('',(-3.340658682873E-9,1.E0,2.384895165848E-9));
#449=VECTOR('',#448,3.699999997499E0);
#450=CARTESIAN_POINT('',(-6.222539662081E0,5.000000250056E-2,5.091168815719E0));
#451=LINE('',#450,#449);
#452=DIRECTION('',(3.340658442824E-9,1.E0,-2.384896366089E-9));
#453=VECTOR('',#452,3.699999997499E0);
#454=CARTESIAN_POINT('',(-5.091168836904E0,5.000000250056E-2,6.222539683266E0));
#455=LINE('',#454,#453);
#456=DIRECTION('',(-4.999999375844E-1,7.071067811865E-1,-5.000000624156E-1));
#457=VECTOR('',#456,7.071067664519E-2);
#458=CARTESIAN_POINT('',(-5.055813502994E0,3.542456476306E-9,6.257895026002E0));
#459=LINE('',#458,#457);
#460=DIRECTION('',(4.999999375844E-1,7.071067811866E-1,5.000000624156E-1));
#461=VECTOR('',#460,7.071067664519E-2);
#462=CARTESIAN_POINT('',(-6.257894995990E0,3.542452997607E-9,5.055813472983E0));
#463=LINE('',#462,#461);
#464=CARTESIAN_POINT('',(-5.656854249492E0,5.E-2,5.656854249492E0));
#465=DIRECTION('',(0.E0,1.E0,0.E0));
#466=DIRECTION('',(-7.071067811865E-1,0.E0,-7.071067811865E-1));
#467=AXIS2_PLACEMENT_3D('',#464,#465,#466);
#469=CARTESIAN_POINT('',(-8.E0,3.75E0,0.E0));
#470=DIRECTION('',(0.E0,1.E0,0.E0));
#471=DIRECTION('',(0.E0,0.E0,-1.E0));
#472=AXIS2_PLACEMENT_3D('',#469,#470,#471);
#474=DIRECTION('',(0.E0,7.071067811865E-1,7.071067811865E-1));
#475=VECTOR('',#474,3.535533905933E-1);
#476=CARTESIAN_POINT('',(-8.E0,3.75E0,8.E-1));
#477=LINE('',#476,#475);
#478=CARTESIAN_POINT('',(-8.E0,3.75E0,0.E0));
#479=DIRECTION('',(0.E0,-1.E0,0.E0));
#480=DIRECTION('',(0.E0,0.E0,-1.E0));
#481=AXIS2_PLACEMENT_3D('',#478,#479,#480);
#483=DIRECTION('',(0.E0,7.071067811865E-1,-7.071067811865E-1));
#484=VECTOR('',#483,3.535533905933E-1);
#485=CARTESIAN_POINT('',(-8.E0,3.75E0,-8.E-1));
#486=LINE('',#485,#484);
#487=CARTESIAN_POINT('',(-8.E0,5.000000000001E-2,0.E0));
#488=DIRECTION('',(0.E0,1.E0,0.E0));
#489=DIRECTION('',(0.E0,0.E0,1.E0));
#490=AXIS2_PLACEMENT_3D('',#487,#488,#489);
#492=DIRECTION('',(-4.048577932098E-9,1.E0,-6.758261822609E-10));
#493=VECTOR('',#492,3.699999997499E0);
#494=CARTESIAN_POINT('',(-7.999999985020E0,5.000000250056E-2,
-7.999999974994E-1));
#495=LINE('',#494,#493);
#496=DIRECTION('',(4.048578412194E-9,1.E0,6.758261822609E-10));
#497=VECTOR('',#496,3.699999997499E0);
#498=CARTESIAN_POINT('',(-8.000000014980E0,5.000000250056E-2,
7.999999974994E-1));
#499=LINE('',#498,#497);
#500=DIRECTION('',(8.826896697039E-8,7.071067811865E-1,-7.071067811865E-1));
#501=VECTOR('',#500,7.071067664519E-2);
#502=CARTESIAN_POINT('',(-8.000000021221E0,3.542455107031E-9,
8.499999964575E-1));
#503=LINE('',#502,#501);
#504=DIRECTION('',(8.826897953113E-8,-7.071067811865E-1,-7.071067811865E-1));
#505=VECTOR('',#504,7.071067664519E-2);
#506=CARTESIAN_POINT('',(-7.999999985020E0,5.000000250056E-2,
-7.999999974994E-1));
#507=LINE('',#506,#505);
#508=CARTESIAN_POINT('',(-8.E0,5.E-2,0.E0));
#509=DIRECTION('',(0.E0,1.E0,0.E0));
#510=DIRECTION('',(0.E0,0.E0,-1.E0));
#511=AXIS2_PLACEMENT_3D('',#508,#509,#510);
#513=CARTESIAN_POINT('',(-5.656854249492E0,3.75E0,-5.656854249492E0));
#514=DIRECTION('',(0.E0,1.E0,0.E0));
#515=DIRECTION('',(7.071067811865E-1,0.E0,-7.071067811865E-1));
#516=AXIS2_PLACEMENT_3D('',#513,#514,#515);
#518=DIRECTION('',(-5.E-1,7.071067811865E-1,5.E-1));
#519=VECTOR('',#518,3.535533905933E-1);
#520=CARTESIAN_POINT('',(-6.222539674442E0,3.75E0,-5.091168824543E0));
#521=LINE('',#520,#519);
#522=CARTESIAN_POINT('',(-5.656854249492E0,3.75E0,-5.656854249492E0));
#523=DIRECTION('',(0.E0,-1.E0,0.E0));
#524=DIRECTION('',(7.071067811865E-1,0.E0,-7.071067811865E-1));
#525=AXIS2_PLACEMENT_3D('',#522,#523,#524);
#527=DIRECTION('',(5.E-1,7.071067811865E-1,-5.E-1));
#528=VECTOR('',#527,3.535533905933E-1);
#529=CARTESIAN_POINT('',(-5.091168824543E0,3.75E0,-6.222539674442E0));
#530=LINE('',#529,#528);
#531=CARTESIAN_POINT('',(-5.656854249492E0,5.E-2,-5.656854249492E0));
#532=DIRECTION('',(0.E0,1.E0,0.E0));
#533=DIRECTION('',(-7.071067811865E-1,0.E0,7.071067811865E-1));
#534=AXIS2_PLACEMENT_3D('',#531,#532,#533);
#536=DIRECTION('',(-2.384895645945E-9,1.E0,-3.340658442824E-9));
#537=VECTOR('',#536,3.699999997499E0);
#538=CARTESIAN_POINT('',(-5.091168815719E0,5.000000250056E-2,
-6.222539662081E0));
#539=LINE('',#538,#537);
#540=DIRECTION('',(2.384895885993E-9,1.E0,3.340658922921E-9));
#541=VECTOR('',#540,3.699999997499E0);
#542=CARTESIAN_POINT('',(-6.222539683266E0,5.000000250056E-2,
-5.091168836904E0));
#543=LINE('',#542,#541);
#544=DIRECTION('',(5.000000624156E-1,7.071067811865E-1,-4.999999375844E-1));
#545=VECTOR('',#544,7.071067664519E-2);
#546=CARTESIAN_POINT('',(-6.257895026002E0,3.542455107031E-9,
-5.055813502994E0));
#547=LINE('',#546,#545);
#548=DIRECTION('',(-5.000000624156E-1,7.071067811865E-1,4.999999375844E-1));
#549=VECTOR('',#548,7.071067664519E-2);
#550=CARTESIAN_POINT('',(-5.055813472983E0,3.542455218053E-9,
-6.257894995990E0));
#551=LINE('',#550,#549);
#552=CARTESIAN_POINT('',(-5.656854249492E0,5.E-2,-5.656854249492E0));
#553=DIRECTION('',(0.E0,1.E0,0.E0));
#554=DIRECTION('',(7.071067811865E-1,0.E0,-7.071067811865E-1));
#555=AXIS2_PLACEMENT_3D('',#552,#553,#554);
#557=DIRECTION('',(0.E0,-1.E0,0.E0));
#558=VECTOR('',#557,3.E-1);
#559=CARTESIAN_POINT('',(3.144258226996E0,4.3E0,2.472577643263E0));
#560=LINE('',#559,#558);
#561=CARTESIAN_POINT('',(0.E0,4.E0,0.E0));
#562=DIRECTION('',(0.E0,-1.E0,0.E0));
#563=DIRECTION('',(7.860645567491E-1,0.E0,6.181444108158E-1));
#564=AXIS2_PLACEMENT_3D('',#561,#562,#563);
#566=DIRECTION('',(0.E0,-1.E0,0.E0));
#567=VECTOR('',#566,3.E-1);
#568=CARTESIAN_POINT('',(3.659296301906E0,4.3E0,1.615410342561E0));
#569=LINE('',#568,#567);
#570=CARTESIAN_POINT('',(0.E0,4.3E0,0.E0));
#571=DIRECTION('',(0.E0,-1.E0,0.E0));
#572=DIRECTION('',(7.860645567491E-1,0.E0,6.181444108158E-1));
#573=AXIS2_PLACEMENT_3D('',#570,#571,#572);
#575=CARTESIAN_POINT('',(3.486435378577E0,4.5E0,1.511545021164E0));
#576=CARTESIAN_POINT('',(3.505487053749E0,4.477966921885E0,1.522992422501E0));
#577=CARTESIAN_POINT('',(3.543693710965E0,4.433774541243E0,1.545949298207E0));
#578=CARTESIAN_POINT('',(3.601314731953E0,4.367106714494E0,1.580571500547E0));
#579=CARTESIAN_POINT('',(3.639934670715E0,4.322410762637E0,1.603776700858E0));
#580=CARTESIAN_POINT('',(3.659296301906E0,4.3E0,1.615410342561E0));
#582=CARTESIAN_POINT('',(0.E0,4.5E0,0.E0));
#583=DIRECTION('',(0.E0,1.E0,0.E0));
#584=DIRECTION('',(9.174829943624E-1,0.E0,3.977750055694E-1));
#585=AXIS2_PLACEMENT_3D('',#582,#583,#584);
#587=CARTESIAN_POINT('',(3.144258226996E0,4.3E0,2.472577643263E0));
#588=CARTESIAN_POINT('',(3.124897931977E0,4.322409216040E0,2.460944804414E0));
#589=CARTESIAN_POINT('',(3.086279775083E0,4.367103106247E0,2.437740674756E0));
#590=CARTESIAN_POINT('',(3.028658750147E0,4.433770938888E0,2.403118470044E0));
#591=CARTESIAN_POINT('',(2.990450313600E0,4.477965378247E0,2.380160525208E0));
#592=CARTESIAN_POINT('',(2.971397303667E0,4.5E0,2.368712321866E0));
#594=CARTESIAN_POINT('',(-3.2E0,4.5E0,0.E0));
#595=DIRECTION('',(0.E0,-1.E0,0.E0));
#596=DIRECTION('',(1.E0,0.E0,0.E0));
#597=AXIS2_PLACEMENT_3D('',#594,#595,#596);
#599=CARTESIAN_POINT('',(-3.2E0,4.5E0,0.E0));
#600=DIRECTION('',(0.E0,-1.E0,0.E0));
#601=DIRECTION('',(-1.E0,0.E0,0.E0));
#602=AXIS2_PLACEMENT_3D('',#599,#600,#601);
#604=DIRECTION('',(-8.571673007021E-1,0.E0,-5.150380749101E-1));
#605=VECTOR('',#604,2.247093225010E0);
#606=CARTESIAN_POINT('',(3.486435378577E0,4.5E0,1.511545021164E0));
#607=LINE('',#606,#605);
#608=DIRECTION('',(-8.571673007021E-1,0.E0,-5.150380749101E-1));
#609=VECTOR('',#608,2.247093225010E0);
#610=CARTESIAN_POINT('',(2.971397303667E0,4.5E0,2.368712321866E0));
#611=LINE('',#610,#609);
#612=DIRECTION('',(7.071067811865E-1,7.071067811865E-1,0.E0));
#613=VECTOR('',#612,3.535533905933E-1);
#614=CARTESIAN_POINT('',(-3.2E0,4.25E0,0.E0));
#615=LINE('',#614,#613);
#616=DIRECTION('',(-7.071067811865E-1,7.071067811865E-1,0.E0));
#617=VECTOR('',#616,3.535533905933E-1);
#618=CARTESIAN_POINT('',(-3.2E0,4.25E0,0.E0));
#619=LINE('',#618,#617);
#620=CARTESIAN_POINT('',(0.E0,4.5E0,0.E0));
#621=DIRECTION('',(0.E0,-1.E0,0.E0));
#622=DIRECTION('',(6.532890434744E-1,0.E0,7.571085956957E-1));
#623=AXIS2_PLACEMENT_3D('',#620,#621,#622);
#625=CARTESIAN_POINT('',(1.560300544469E0,4.5E0,3.542064524110E-1));
#626=CARTESIAN_POINT('',(1.550113382149E0,4.488710527806E0,3.480853877536E-1));
#627=CARTESIAN_POINT('',(1.529822499466E0,4.466249910604E0,3.358933954236E-1));
#628=CARTESIAN_POINT('',(1.499633632010E0,4.432913918904E0,3.177540938366E-1));
#629=CARTESIAN_POINT('',(1.479674806397E0,4.410931092335E0,3.057616215235E-1));
#630=CARTESIAN_POINT('',(1.469736659331E0,4.4E0,2.997901803253E-1));
#632=CARTESIAN_POINT('',(0.E0,4.4E0,0.E0));
#633=DIRECTION('',(0.E0,1.E0,0.E0));
#634=DIRECTION('',(9.798244395538E-1,0.E0,1.998601202168E-1));
#635=AXIS2_PLACEMENT_3D('',#632,#633,#634);
#637=CARTESIAN_POINT('',(9.546985844206E-1,4.4E0,1.156957481027E0));
#638=CARTESIAN_POINT('',(9.646346619430E-1,4.410928816018E0,1.162927678718E0));
#639=CARTESIAN_POINT('',(9.845907332505E-1,4.432908600790E0,1.174918496077E0));
#640=CARTESIAN_POINT('',(1.014779592860E0,4.466244566704E0,1.193057792950E0));
#641=CARTESIAN_POINT('',(1.035073238383E0,4.488708235087E0,1.205251445361E0));
#642=CARTESIAN_POINT('',(1.045262469559E0,4.5E0,1.211373753113E0));
#644=CARTESIAN_POINT('',(4.542617846477E0,2.E0,3.312796869847E0));
#645=DIRECTION('',(5.150380749101E-1,0.E0,-8.571673007021E-1));
#646=DIRECTION('',(8.571673007021E-1,0.E0,5.150380749101E-1));
#647=AXIS2_PLACEMENT_3D('',#644,#645,#646);
#649=CARTESIAN_POINT('',(4.542617846477E0,2.E0,3.312796869847E0));
#650=DIRECTION('',(5.150380749101E-1,0.E0,-8.571673007021E-1));
#651=DIRECTION('',(-8.571673007021E-1,0.E0,-5.150380749101E-1));
#652=AXIS2_PLACEMENT_3D('',#649,#650,#651);
#654=CARTESIAN_POINT('',(2.224946509382E0,2.E0,7.170049723007E0));
#655=DIRECTION('',(5.150380749101E-1,0.E0,-8.571673007021E-1));
#656=DIRECTION('',(8.571673007021E-1,0.E0,5.150380749101E-1));
#657=AXIS2_PLACEMENT_3D('',#654,#655,#656);
#659=DIRECTION('',(5.150380749101E-1,0.E0,-8.571673007021E-1));
#660=VECTOR('',#659,4.5E0);
#661=CARTESIAN_POINT('',(2.910680349943E0,2.E0,7.582080182935E0));
#662=LINE('',#661,#660);
#663=DIRECTION('',(5.150380749101E-1,0.E0,-8.571673007021E-1));
#664=VECTOR('',#663,4.5E0);
#665=CARTESIAN_POINT('',(1.539212668820E0,2.E0,6.758019263079E0));
#666=LINE('',#665,#664);
#667=CARTESIAN_POINT('',(2.224946509382E0,2.E0,7.170049723007E0));
#668=DIRECTION('',(-5.150380749101E-1,0.E0,8.571673007021E-1));
#669=DIRECTION('',(8.571673007021E-1,0.E0,5.150380749101E-1));
#670=AXIS2_PLACEMENT_3D('',#667,#668,#669);
#672=DIRECTION('',(-1.E0,0.E0,0.E0));
#673=VECTOR('',#672,9.333067177723E-1);
#674=CARTESIAN_POINT('',(2.910680349943E0,2.E0,7.582080182935E0));
#675=LINE('',#674,#673);
#676=DIRECTION('',(-4.694715627859E-1,0.E0,-8.829475928589E-1));
#677=VECTOR('',#676,9.333067177723E-1);
#678=CARTESIAN_POINT('',(1.977373632171E0,2.E0,7.582080182935E0));
#679=LINE('',#678,#677);
#680=CARTESIAN_POINT('',(0.E0,2.E-1,0.E0));
#681=DIRECTION('',(0.E0,1.E0,0.E0));
#682=DIRECTION('',(8.050994924947E-1,0.E0,-5.931397872212E-1));
#683=AXIS2_PLACEMENT_3D('',#680,#681,#682);
#685=CARTESIAN_POINT('',(7.359221558022E0,0.E0,5.005183119522E0));
#686=CARTESIAN_POINT('',(7.378231835558E0,2.214299822834E-2,5.016605646650E0));
#687=CARTESIAN_POINT('',(7.416297290486E0,6.648181689427E-2,5.039477679461E0));
#688=CARTESIAN_POINT('',(7.473530341290E0,1.331486844652E-1,5.073866765797E0));
#689=CARTESIAN_POINT('',(7.511775310044E0,1.776986451600E-1,5.096846661396E0));
#690=CARTESIAN_POINT('',(7.530920222872E0,2.E-1,5.108350085570E0));
#692=CARTESIAN_POINT('',(0.E0,0.E0,0.E0));
#693=DIRECTION('',(0.E0,-1.E0,0.E0));
#694=DIRECTION('',(8.268788267440E-1,0.E0,5.623801257890E-1));
#695=AXIS2_PLACEMENT_3D('',#692,#693,#694);
#697=CARTESIAN_POINT('',(7.214595260351E0,0.E0,-5.211488772829E0));
#698=CARTESIAN_POINT('',(7.226906809113E0,2.197814677312E-2,-5.231978630830E0));
#699=CARTESIAN_POINT('',(7.251604399167E0,6.609720981423E-2,-5.273082323221E0));
#700=CARTESIAN_POINT('',(7.288873715185E0,1.327627653591E-1,-5.335108881190E0));
#701=CARTESIAN_POINT('',(7.313869892487E0,1.775332710776E-1,-5.376709506211E0));
#702=CARTESIAN_POINT('',(7.326405381702E0,2.E-1,-5.397572063713E0));
#704=CARTESIAN_POINT('',(0.E0,2.E-1,0.E0));
#705=DIRECTION('',(0.E0,1.E0,0.E0));
#706=DIRECTION('',(8.841712415145E-1,0.E0,4.671629433920E-1));
#707=AXIS2_PLACEMENT_3D('',#704,#705,#706);
#709=CARTESIAN_POINT('',(9.066413610415E0,2.E-1,7.811173054527E-1));
#710=CARTESIAN_POINT('',(9.044945437994E0,1.775038176830E-1,7.682179260823E-1));
#711=CARTESIAN_POINT('',(9.002145207966E0,1.326940422329E-1,7.425009533731E-1));
#712=CARTESIAN_POINT('',(8.938354468570E0,6.602884038894E-2,7.041716102113E-1));
#713=CARTESIAN_POINT('',(8.896097430389E0,2.194884658076E-2,6.787810200916E-1));
#714=CARTESIAN_POINT('',(8.875036652426E0,0.E0,6.661264280078E-1));
#716=CARTESIAN_POINT('',(0.E0,0.E0,0.E0));
#717=DIRECTION('',(0.E0,-1.E0,0.E0));
#718=DIRECTION('',(9.971951294861E-1,0.E0,7.484566606829E-2));
#719=AXIS2_PLACEMENT_3D('',#716,#717,#718);
#721=CARTESIAN_POINT('',(8.045958297782E0,2.E-1,4.251182784868E0));
#722=CARTESIAN_POINT('',(8.026813634164E0,1.776989354579E-1,4.239679510435E0));
#723=CARTESIAN_POINT('',(7.988568997692E0,1.331493618146E-1,4.216699814490E0));
#724=CARTESIAN_POINT('',(7.931335946458E0,6.648249372407E-2,4.182310727897E0));
#725=CARTESIAN_POINT('',(7.893270159495E0,2.214328829277E-2,4.159438495578E0));
#726=CARTESIAN_POINT('',(7.874259632932E0,0.E0,4.148015818820E0));
#728=DIRECTION('',(-8.571673007021E-1,0.E0,-5.150380749101E-1));
#729=VECTOR('',#728,4.981990650070E-1);
#730=CARTESIAN_POINT('',(9.493453558180E0,2.E-1,1.037708792816E0));
#731=LINE('',#730,#729);
#732=DIRECTION('',(-8.571673007021E-1,0.E0,-5.150380749101E-1));
#733=VECTOR('',#732,4.506486594279E-1);
#734=CARTESIAN_POINT('',(8.432239592749E0,2.E-1,4.483284002880E0));
#735=LINE('',#734,#733);
#736=DIRECTION('',(8.571673007021E-1,0.E0,5.150380749101E-1));
#737=VECTOR('',#736,4.506486594279E-1);
#738=CARTESIAN_POINT('',(7.530920222872E0,2.E-1,5.108350085570E0));
#739=LINE('',#738,#737);
#740=DIRECTION('',(-5.150380749101E-1,0.E0,8.571673007021E-1));
#741=VECTOR('',#740,4.855219317719E-1);
#742=CARTESIAN_POINT('',(7.576467662768E0,2.E-1,-5.813745587401E0));
#743=LINE('',#742,#741);
#744=CARTESIAN_POINT('',(0.E0,4.E-1,0.E0));
#745=DIRECTION('',(0.E0,1.E0,0.E0));
#746=DIRECTION('',(7.884105415993E-1,0.E0,-6.151494272899E-1));
#747=AXIS2_PLACEMENT_3D('',#744,#745,#746);
#749=CARTESIAN_POINT('',(7.917201517839E0,2.E-1,5.340451303582E0));
#750=CARTESIAN_POINT('',(7.936212494237E0,2.221484213243E-1,5.351874250629E0));
#751=CARTESIAN_POINT('',(7.974276318794E0,2.664944695301E-1,5.374745303815E0));
#752=CARTESIAN_POINT('',(8.031497816894E0,3.331613106752E-1,5.409127448585E0));
#753=CARTESIAN_POINT('',(8.069729051534E0,3.777040558703E-1,5.432099091897E0));
#754=CARTESIAN_POINT('',(8.088865585441E0,4.E-1,5.443597481507E0));
#756=CARTESIAN_POINT('',(0.E0,2.E-1,0.E0));
#757=DIRECTION('',(0.E0,-1.E0,0.E0));
#758=DIRECTION('',(8.290263369465E-1,0.E0,5.592095605845E-1));
#759=AXIS2_PLACEMENT_3D('',#756,#757,#758);
#761=CARTESIAN_POINT('',(7.576467662768E0,2.E-1,-5.813745587401E0));
#762=CARTESIAN_POINT('',(7.588645791138E0,2.219999038716E-1,-5.834013396581E0));
#763=CARTESIAN_POINT('',(7.613071052565E0,2.661479596874E-1,-5.874663858025E0));
#764=CARTESIAN_POINT('',(7.649915489846E0,3.328136710980E-1,-5.935983299030E0));
#765=CARTESIAN_POINT('',(7.674617266095E0,3.775550807079E-1,-5.977093958418E0));
#766=CARTESIAN_POINT('',(7.687002780593E0,4.E-1,-5.997706916076E0));
#768=CARTESIAN_POINT('',(0.E0,4.E-1,0.E0));
#769=DIRECTION('',(0.E0,1.E0,0.E0));
#770=DIRECTION('',(8.824516574719E-1,0.E0,4.704030954671E-1));
#771=AXIS2_PLACEMENT_3D('',#768,#769,#770);
#773=CARTESIAN_POINT('',(9.681835034862E0,4.E-1,1.150899803509E0));
#774=CARTESIAN_POINT('',(9.660715576282E0,3.775302706699E-1,1.138209952553E0));
#775=CARTESIAN_POINT('',(9.618602167237E0,3.327557836516E-1,1.112905663524E0));
#776=CARTESIAN_POINT('',(9.555809643691E0,2.660903667523E-1,1.075176108956E0));
#777=CARTESIAN_POINT('',(9.514197252777E0,2.219752225620E-1,1.050172861993E0));
#778=CARTESIAN_POINT('',(9.493453558180E0,2.E-1,1.037708792816E0));
#780=CARTESIAN_POINT('',(0.E0,2.E-1,0.E0));
#781=DIRECTION('',(0.E0,-1.E0,0.E0));
#782=DIRECTION('',(9.940789066157E-1,0.E0,1.086606065776E-1));
#783=AXIS2_PLACEMENT_3D('',#780,#781,#782);
#785=CARTESIAN_POINT('',(8.603903660351E0,4.E-1,4.586430180804E0));
#786=CARTESIAN_POINT('',(8.584767343159E0,3.777043083642E-1,4.574931921410E0));
#787=CARTESIAN_POINT('',(8.546536397471E0,3.331618998181E-1,4.551960451718E0));
#788=CARTESIAN_POINT('',(8.489314899025E0,2.664950582553E-1,4.517578306740E0));
#789=CARTESIAN_POINT('',(8.451250785713E0,2.221486736309E-1,4.494707080053E0));
#790=CARTESIAN_POINT('',(8.432239592749E0,2.E-1,4.483284002880E0));
#792=DIRECTION('',(0.E0,-1.E0,0.E0));
#793=VECTOR('',#792,3.4E0);
#794=CARTESIAN_POINT('',(9.681835034862E0,3.8E0,1.150899803509E0));
#795=LINE('',#794,#793);
#796=DIRECTION('',(0.E0,-1.E0,0.E0));
#797=VECTOR('',#796,3.4E0);
#798=CARTESIAN_POINT('',(8.603903660351E0,3.8E0,4.586430180804E0));
#799=LINE('',#798,#797);
#800=DIRECTION('',(0.E0,-1.E0,0.E0));
#801=VECTOR('',#800,3.4E0);
#802=CARTESIAN_POINT('',(8.088865585441E0,3.8E0,5.443597481507E0));
#803=LINE('',#802,#801);
#804=DIRECTION('',(0.E0,-1.E0,0.E0));
#805=VECTOR('',#804,3.4E0);
#806=CARTESIAN_POINT('',(7.687002780593E0,3.8E0,-5.997706916076E0));
#807=LINE('',#806,#805);
#808=CARTESIAN_POINT('',(0.E0,4.E0,0.E0));
#809=DIRECTION('',(0.E0,1.E0,0.E0));
#810=DIRECTION('',(7.933473992428E-1,0.E0,-6.087691714556E-1));
#811=AXIS2_PLACEMENT_3D('',#808,#809,#810);
#813=CARTESIAN_POINT('',(8.088865585441E0,3.8E0,5.443597481507E0));
#814=CARTESIAN_POINT('',(8.069729268249E0,3.822295691636E0,5.432099222112E0));
#815=CARTESIAN_POINT('',(8.031498322561E0,3.866838100182E0,5.409127752421E0));
#816=CARTESIAN_POINT('',(7.974276824114E0,3.933504941745E0,5.374745607442E0));
#817=CARTESIAN_POINT('',(7.936212710803E0,3.977851326369E0,5.351874380755E0));
#818=CARTESIAN_POINT('',(7.917201517839E0,4.E0,5.340451303582E0));
#820=CARTESIAN_POINT('',(0.E0,3.8E0,0.E0));
#821=DIRECTION('',(0.E0,-1.E0,0.E0));
#822=DIRECTION('',(8.296272395324E-1,0.E0,5.583176904109E-1));
#823=AXIS2_PLACEMENT_3D('',#820,#821,#822);
#825=CARTESIAN_POINT('',(7.687002780593E0,3.8E0,-5.997706916076E0));
#826=CARTESIAN_POINT('',(7.674617625777E0,3.822444267480E0,-5.977094557029E0));
#827=CARTESIAN_POINT('',(7.649916329378E0,3.867184808847E0,-5.935984696247E0));
#828=CARTESIAN_POINT('',(7.613071886708E0,3.933850532047E0,-5.874665246271E0));
#829=CARTESIAN_POINT('',(7.588646148750E0,3.977999450099E0,-5.834013991747E0));
#830=CARTESIAN_POINT('',(7.576467662768E0,4.E0,-5.813745587401E0));
#832=CARTESIAN_POINT('',(0.E0,4.E0,0.E0));
#833=DIRECTION('',(0.E0,1.E0,0.E0));
#834=DIRECTION('',(8.829570254187E-1,0.E0,4.694538222911E-1));
#835=AXIS2_PLACEMENT_3D('',#832,#833,#834);
#837=CARTESIAN_POINT('',(9.493453558180E0,4.E0,1.037708792816E0));
#838=CARTESIAN_POINT('',(9.514196607164E0,3.978025461380E0,1.050172474069E0));
#839=CARTESIAN_POINT('',(9.555808137970E0,3.933911230360E0,1.075175204228E0));
#840=CARTESIAN_POINT('',(9.618600650552E0,3.867245828058E0,1.112904752208E0));
#841=CARTESIAN_POINT('',(9.660714926569E0,3.822470420583E0,1.138209562166E0));
#842=CARTESIAN_POINT('',(9.681835034862E0,3.8E0,1.150899803509E0));
#844=CARTESIAN_POINT('',(0.E0,3.8E0,0.E0));
#845=DIRECTION('',(0.E0,-1.E0,0.E0));
#846=DIRECTION('',(9.930087215243E-1,0.E0,1.180410054881E-1));
#847=AXIS2_PLACEMENT_3D('',#844,#845,#846);
#849=CARTESIAN_POINT('',(8.432239592749E0,4.E0,4.483284002880E0));
#850=CARTESIAN_POINT('',(8.451250569147E0,3.977851578676E0,4.494706949927E0));
#851=CARTESIAN_POINT('',(8.489314393704E0,3.933505530470E0,4.517578003113E0));
#852=CARTESIAN_POINT('',(8.546535891804E0,3.866838689325E0,4.551960147883E0));
#853=CARTESIAN_POINT('',(8.584767126444E0,3.822295944130E0,4.574931791195E0));
#854=CARTESIAN_POINT('',(8.603903660351E0,3.8E0,4.586430180804E0));
#856=CARTESIAN_POINT('',(0.E0,2.65E0,0.E0));
#857=DIRECTION('',(0.E0,1.E0,0.E0));
#858=DIRECTION('',(9.310180355546E-1,0.E0,3.649731736333E-1));
#859=AXIS2_PLACEMENT_3D('',#856,#857,#858);
#861=DIRECTION('',(0.E0,-1.E0,0.E0));
#862=VECTOR('',#861,8.E-1);
#863=CARTESIAN_POINT('',(2.278016031754E0,3.45E0,1.952086821602E0));
#864=LINE('',#863,#862);
#865=CARTESIAN_POINT('',(0.E0,3.45E0,0.E0));
#866=DIRECTION('',(0.E0,-1.E0,0.E0));
#867=DIRECTION('',(7.593386772513E-1,0.E0,6.506956072007E-1));
#868=AXIS2_PLACEMENT_3D('',#865,#866,#867);
#870=DIRECTION('',(0.E0,-1.E0,0.E0));
#871=VECTOR('',#870,8.E-1);
#872=CARTESIAN_POINT('',(2.793054106664E0,3.45E0,1.094919520900E0));
#873=LINE('',#872,#871);
#874=DIRECTION('',(-8.571673007021E-1,0.E0,-5.150380749101E-1));
#875=VECTOR('',#874,1.729192381477E-1);
#876=CARTESIAN_POINT('',(2.793054106664E0,2.65E0,1.094919520900E0));
#877=LINE('',#876,#875);
#878=DIRECTION('',(-8.571673007021E-1,0.E0,-5.150380749101E-1));
#879=VECTOR('',#878,2.868770119892E-1);
#880=CARTESIAN_POINT('',(2.278016031754E0,2.65E0,1.952086821602E0));
#881=LINE('',#880,#879);
#882=DIRECTION('',(-8.829475928589E-1,0.E0,4.694715627859E-1));
#883=VECTOR('',#882,9.712372092615E-2);
#884=CARTESIAN_POINT('',(2.730588545663E0,0.E0,9.602627043226E-1));
#885=LINE('',#884,#883);
#886=DIRECTION('',(0.E0,1.E0,0.E0));
#887=VECTOR('',#886,2.65E0);
#888=CARTESIAN_POINT('',(2.730588545663E0,0.E0,9.602627043226E-1));
#889=LINE('',#888,#887);
#890=DIRECTION('',(-8.829475928589E-1,0.E0,4.694715627859E-1));
#891=VECTOR('',#890,9.712372092615E-2);
#892=CARTESIAN_POINT('',(2.730588545663E0,2.65E0,9.602627043226E-1));
#893=LINE('',#892,#891);
#894=DIRECTION('',(0.E0,-1.E0,0.E0));
#895=VECTOR('',#894,2.65E0);
#896=CARTESIAN_POINT('',(2.644833390061E0,2.65E0,1.005859529369E0));
#897=LINE('',#896,#895);
#898=CARTESIAN_POINT('',(2.683641389384E0,0.E0,8.719679450367E-1));
#899=DIRECTION('',(0.E0,-1.E0,0.E0));
#900=DIRECTION('',(8.987940462992E-1,0.E0,-4.383711467891E-1));
#901=AXIS2_PLACEMENT_3D('',#898,#899,#900);
#903=DIRECTION('',(0.E0,1.E0,0.E0));
#904=VECTOR('',#903,2.65E0);
#905=CARTESIAN_POINT('',(2.773520794014E0,0.E0,8.281308303578E-1));
#906=LINE('',#905,#904);
#907=CARTESIAN_POINT('',(2.683641389384E0,2.65E0,8.719679450367E-1));
#908=DIRECTION('',(0.E0,-1.E0,0.E0));
#909=DIRECTION('',(8.987940462992E-1,0.E0,-4.383711467891E-1));
#910=AXIS2_PLACEMENT_3D('',#907,#908,#909);
#912=DIRECTION('',(4.383711467891E-1,0.E0,8.987940462992E-1));
#913=VECTOR('',#912,3.006410103323E-1);
#914=CARTESIAN_POINT('',(2.641728449543E0,0.E0,5.579164801977E-1));
#915=LINE('',#914,#913);
#916=DIRECTION('',(4.383711467891E-1,0.E0,8.987940462992E-1));
#917=VECTOR('',#916,3.006410103323E-1);
#918=CARTESIAN_POINT('',(2.641728449543E0,2.65E0,5.579164801977E-1));
#919=LINE('',#918,#917);
#920=CARTESIAN_POINT('',(0.E0,0.E0,0.E0));
#921=DIRECTION('',(0.E0,-1.E0,0.E0));
#922=DIRECTION('',(1.058255116267E-1,0.E0,-9.943847148307E-1));
#923=AXIS2_PLACEMENT_3D('',#920,#921,#922);
#925=DIRECTION('',(0.E0,-1.E0,0.E0));
#926=VECTOR('',#925,2.65E0);
#927=CARTESIAN_POINT('',(2.857288813920E-1,2.65E0,-2.684838730043E0));
#928=LINE('',#927,#926);
#929=CARTESIAN_POINT('',(0.E0,2.65E0,0.E0));
#930=DIRECTION('',(0.E0,-1.E0,0.E0));
#931=DIRECTION('',(1.058255116267E-1,0.E0,-9.943847148307E-1));
#932=AXIS2_PLACEMENT_3D('',#929,#930,#931);
#934=DIRECTION('',(0.E0,-1.E0,0.E0));
#935=VECTOR('',#934,2.65E0);
#936=CARTESIAN_POINT('',(5.579164801977E-1,2.65E0,-2.641728449543E0));
#937=LINE('',#936,#935);
#938=CARTESIAN_POINT('',(0.E0,0.E0,0.E0));
#939=DIRECTION('',(0.E0,-1.E0,0.E0));
#940=DIRECTION('',(4.079278182522E-1,0.E0,-9.130141812130E-1));
#941=AXIS2_PLACEMENT_3D('',#938,#939,#940);
#943=DIRECTION('',(0.E0,-1.E0,0.E0));
#944=VECTOR('',#943,2.65E0);
#945=CARTESIAN_POINT('',(1.101405109281E0,2.65E0,-2.465138289275E0));
#946=LINE('',#945,#944);
#947=CARTESIAN_POINT('',(0.E0,2.65E0,0.E0));
#948=DIRECTION('',(0.E0,-1.E0,0.E0));
#949=DIRECTION('',(4.079278182522E-1,0.E0,-9.130141812130E-1));
#950=AXIS2_PLACEMENT_3D('',#947,#948,#949);
#952=DIRECTION('',(0.E0,-1.E0,0.E0));
#953=VECTOR('',#952,2.65E0);
#954=CARTESIAN_POINT('',(1.346949089473E0,2.65E0,-2.340027382397E0));
#955=LINE('',#954,#953);
#956=CARTESIAN_POINT('',(0.E0,0.E0,0.E0));
#957=DIRECTION('',(0.E0,-1.E0,0.E0));
#958=DIRECTION('',(6.700993078269E-1,0.E0,-7.422714581943E-1));
#959=AXIS2_PLACEMENT_3D('',#956,#957,#958);
#961=DIRECTION('',(0.E0,-1.E0,0.E0));
#962=VECTOR('',#961,2.65E0);
#963=CARTESIAN_POINT('',(1.809268131133E0,2.65E0,-2.004132937125E0));
#964=LINE('',#963,#962);
#965=CARTESIAN_POINT('',(0.E0,2.65E0,0.E0));
#966=DIRECTION('',(0.E0,-1.E0,0.E0));
#967=DIRECTION('',(6.700993078269E-1,0.E0,-7.422714581943E-1));
#968=AXIS2_PLACEMENT_3D('',#965,#966,#967);
#970=DIRECTION('',(0.E0,-1.E0,0.E0));
#971=VECTOR('',#970,2.65E0);
#972=CARTESIAN_POINT('',(2.004132937125E0,2.65E0,-1.809268131133E0));
#973=LINE('',#972,#971);
#974=CARTESIAN_POINT('',(0.E0,0.E0,0.E0));
#975=DIRECTION('',(0.E0,-1.E0,0.E0));
#976=DIRECTION('',(8.666768082952E-1,0.E0,-4.988700331382E-1));
#977=AXIS2_PLACEMENT_3D('',#974,#975,#976);
#979=DIRECTION('',(0.E0,-1.E0,0.E0));
#980=VECTOR('',#979,2.65E0);
#981=CARTESIAN_POINT('',(2.340027382397E0,2.65E0,-1.346949089473E0));
#982=LINE('',#981,#980);
#983=CARTESIAN_POINT('',(0.E0,2.65E0,0.E0));
#984=DIRECTION('',(0.E0,-1.E0,0.E0));
#985=DIRECTION('',(8.666768082952E-1,0.E0,-4.988700331382E-1));
#986=AXIS2_PLACEMENT_3D('',#983,#984,#985);
#988=DIRECTION('',(0.E0,-1.E0,0.E0));
#989=VECTOR('',#988,2.65E0);
#990=CARTESIAN_POINT('',(2.465138289275E0,2.65E0,-1.101405109281E0));
#991=LINE('',#990,#989);
#992=CARTESIAN_POINT('',(0.E0,0.E0,0.E0));
#993=DIRECTION('',(0.E0,-1.E0,0.E0));
#994=DIRECTION('',(9.784179442751E-1,0.E0,-2.066357334066E-1));
#995=AXIS2_PLACEMENT_3D('',#992,#993,#994);
#997=DIRECTION('',(0.E0,-1.E0,0.E0));
#998=VECTOR('',#997,2.65E0);
#999=CARTESIAN_POINT('',(2.641728449543E0,2.65E0,-5.579164801977E-1));
#1000=LINE('',#999,#998);
#1001=CARTESIAN_POINT('',(0.E0,2.65E0,0.E0));
#1002=DIRECTION('',(0.E0,-1.E0,0.E0));
#1003=DIRECTION('',(9.784179442751E-1,0.E0,-2.066357334066E-1));
#1004=AXIS2_PLACEMENT_3D('',#1001,#1002,#1003);
#1006=DIRECTION('',(0.E0,-1.E0,0.E0));
#1007=VECTOR('',#1006,2.65E0);
#1008=CARTESIAN_POINT('',(2.684838730043E0,2.65E0,-2.857288813920E-1));
#1009=LINE('',#1008,#1007);
#1010=CARTESIAN_POINT('',(0.E0,0.E0,0.E0));
#1011=DIRECTION('',(0.E0,-1.E0,0.E0));
#1012=DIRECTION('',(9.943847148307E-1,0.E0,1.058255116267E-1));
#1013=AXIS2_PLACEMENT_3D('',#1010,#1011,#1012);
#1015=DIRECTION('',(0.E0,-1.E0,0.E0));
#1016=VECTOR('',#1015,2.65E0);
#1017=CARTESIAN_POINT('',(2.684838730043E0,2.65E0,2.857288813920E-1));
#1018=LINE('',#1017,#1016);
#1019=CARTESIAN_POINT('',(0.E0,2.65E0,0.E0));
#1020=DIRECTION('',(0.E0,-1.E0,0.E0));
#1021=DIRECTION('',(9.943847148307E-1,0.E0,1.058255116267E-1));
#1022=AXIS2_PLACEMENT_3D('',#1019,#1020,#1021);
#1024=DIRECTION('',(0.E0,-1.E0,0.E0));
#1025=VECTOR('',#1024,2.65E0);
#1026=CARTESIAN_POINT('',(2.641728449543E0,2.65E0,5.579164801977E-1));
#1027=LINE('',#1026,#1025);
#1028=CARTESIAN_POINT('',(0.E0,0.E0,0.E0));
#1029=DIRECTION('',(0.E0,-1.E0,0.E0));
#1030=DIRECTION('',(7.422714581943E-1,0.E0,6.700993078269E-1));
#1031=AXIS2_PLACEMENT_3D('',#1028,#1029,#1030);
#1033=DIRECTION('',(0.E0,-1.E0,0.E0));
#1034=VECTOR('',#1033,2.65E0);
#1035=CARTESIAN_POINT('',(2.004132937125E0,2.65E0,1.809268131133E0));
#1036=LINE('',#1035,#1034);
#1037=CARTESIAN_POINT('',(0.E0,2.65E0,0.E0));
#1038=DIRECTION('',(0.E0,-1.E0,0.E0));
#1039=DIRECTION('',(7.422714581943E-1,0.E0,6.700993078269E-1));
#1040=AXIS2_PLACEMENT_3D('',#1037,#1038,#1039);
#1042=DIRECTION('',(0.E0,-1.E0,0.E0));
#1043=VECTOR('',#1042,2.65E0);
#1044=CARTESIAN_POINT('',(1.809268131133E0,2.65E0,2.004132937125E0));
#1045=LINE('',#1044,#1043);
#1046=CARTESIAN_POINT('',(0.E0,0.E0,0.E0));
#1047=DIRECTION('',(0.E0,-1.E0,0.E0));
#1048=DIRECTION('',(4.988700331382E-1,0.E0,8.666768082952E-1));
#1049=AXIS2_PLACEMENT_3D('',#1046,#1047,#1048);
#1051=DIRECTION('',(0.E0,-1.E0,0.E0));
#1052=VECTOR('',#1051,2.65E0);
#1053=CARTESIAN_POINT('',(1.346949089473E0,2.65E0,2.340027382397E0));
#1054=LINE('',#1053,#1052);
#1055=CARTESIAN_POINT('',(0.E0,2.65E0,0.E0));
#1056=DIRECTION('',(0.E0,-1.E0,0.E0));
#1057=DIRECTION('',(4.988700331382E-1,0.E0,8.666768082952E-1));
#1058=AXIS2_PLACEMENT_3D('',#1055,#1056,#1057);
#1060=DIRECTION('',(0.E0,-1.E0,0.E0));
#1061=VECTOR('',#1060,2.65E0);
#1062=CARTESIAN_POINT('',(1.101405109281E0,2.65E0,2.465138289275E0));
#1063=LINE('',#1062,#1061);
#1064=CARTESIAN_POINT('',(0.E0,0.E0,0.E0));
#1065=DIRECTION('',(0.E0,-1.E0,0.E0));
#1066=DIRECTION('',(2.066357334066E-1,0.E0,9.784179442751E-1));
#1067=AXIS2_PLACEMENT_3D('',#1064,#1065,#1066);
#1069=DIRECTION('',(0.E0,-1.E0,0.E0));
#1070=VECTOR('',#1069,2.65E0);
#1071=CARTESIAN_POINT('',(5.579164801977E-1,2.65E0,2.641728449543E0));
#1072=LINE('',#1071,#1070);
#1073=CARTESIAN_POINT('',(0.E0,2.65E0,0.E0));
#1074=DIRECTION('',(0.E0,-1.E0,0.E0));
#1075=DIRECTION('',(2.066357334066E-1,0.E0,9.784179442751E-1));
#1076=AXIS2_PLACEMENT_3D('',#1073,#1074,#1075);
#1078=DIRECTION('',(0.E0,-1.E0,0.E0));
#1079=VECTOR('',#1078,2.65E0);
#1080=CARTESIAN_POINT('',(2.857288813920E-1,2.65E0,2.684838730043E0));
#1081=LINE('',#1080,#1079);
#1082=CARTESIAN_POINT('',(0.E0,0.E0,0.E0));
#1083=DIRECTION('',(0.E0,-1.E0,0.E0));
#1084=DIRECTION('',(-1.058255116267E-1,0.E0,9.943847148307E-1));
#1085=AXIS2_PLACEMENT_3D('',#1082,#1083,#1084);
#1087=DIRECTION('',(0.E0,-1.E0,0.E0));
#1088=VECTOR('',#1087,2.65E0);
#1089=CARTESIAN_POINT('',(-2.857288813920E-1,2.65E0,2.684838730043E0));
#1090=LINE('',#1089,#1088);
#1091=CARTESIAN_POINT('',(0.E0,2.65E0,0.E0));
#1092=DIRECTION('',(0.E0,-1.E0,0.E0));
#1093=DIRECTION('',(-1.058255116267E-1,0.E0,9.943847148307E-1));
#1094=AXIS2_PLACEMENT_3D('',#1091,#1092,#1093);
#1096=DIRECTION('',(0.E0,-1.E0,0.E0));
#1097=VECTOR('',#1096,2.65E0);
#1098=CARTESIAN_POINT('',(-5.579164801977E-1,2.65E0,2.641728449543E0));
#1099=LINE('',#1098,#1097);
#1100=CARTESIAN_POINT('',(0.E0,0.E0,0.E0));
#1101=DIRECTION('',(0.E0,-1.E0,0.E0));
#1102=DIRECTION('',(-4.079278182522E-1,0.E0,9.130141812130E-1));
#1103=AXIS2_PLACEMENT_3D('',#1100,#1101,#1102);
#1105=DIRECTION('',(0.E0,-1.E0,0.E0));
#1106=VECTOR('',#1105,2.65E0);
#1107=CARTESIAN_POINT('',(-1.101405109281E0,2.65E0,2.465138289275E0));
#1108=LINE('',#1107,#1106);
#1109=CARTESIAN_POINT('',(0.E0,2.65E0,0.E0));
#1110=DIRECTION('',(0.E0,-1.E0,0.E0));
#1111=DIRECTION('',(-4.079278182522E-1,0.E0,9.130141812130E-1));
#1112=AXIS2_PLACEMENT_3D('',#1109,#1110,#1111);
#1114=DIRECTION('',(0.E0,-1.E0,0.E0));
#1115=VECTOR('',#1114,2.65E0);
#1116=CARTESIAN_POINT('',(-1.346949089473E0,2.65E0,2.340027382397E0));
#1117=LINE('',#1116,#1115);
#1118=CARTESIAN_POINT('',(0.E0,0.E0,0.E0));
#1119=DIRECTION('',(0.E0,-1.E0,0.E0));
#1120=DIRECTION('',(-6.700993078269E-1,0.E0,7.422714581943E-1));
#1121=AXIS2_PLACEMENT_3D('',#1118,#1119,#1120);
#1123=DIRECTION('',(0.E0,-1.E0,0.E0));
#1124=VECTOR('',#1123,2.65E0);
#1125=CARTESIAN_POINT('',(-1.809268131133E0,2.65E0,2.004132937125E0));
#1126=LINE('',#1125,#1124);
#1127=CARTESIAN_POINT('',(0.E0,2.65E0,0.E0));
#1128=DIRECTION('',(0.E0,-1.E0,0.E0));
#1129=DIRECTION('',(-6.700993078269E-1,0.E0,7.422714581943E-1));
#1130=AXIS2_PLACEMENT_3D('',#1127,#1128,#1129);
#1132=DIRECTION('',(0.E0,-1.E0,0.E0));
#1133=VECTOR('',#1132,2.65E0);
#1134=CARTESIAN_POINT('',(-2.004132937125E0,2.65E0,1.809268131133E0));
#1135=LINE('',#1134,#1133);
#1136=CARTESIAN_POINT('',(0.E0,0.E0,0.E0));
#1137=DIRECTION('',(0.E0,-1.E0,0.E0));
#1138=DIRECTION('',(-8.666768082952E-1,0.E0,4.988700331382E-1));
#1139=AXIS2_PLACEMENT_3D('',#1136,#1137,#1138);
#1141=DIRECTION('',(0.E0,-1.E0,0.E0));
#1142=VECTOR('',#1141,2.65E0);
#1143=CARTESIAN_POINT('',(-2.340027382397E0,2.65E0,1.346949089473E0));
#1144=LINE('',#1143,#1142);
#1145=CARTESIAN_POINT('',(0.E0,2.65E0,0.E0));
#1146=DIRECTION('',(0.E0,-1.E0,0.E0));
#1147=DIRECTION('',(-8.666768082952E-1,0.E0,4.988700331382E-1));
#1148=AXIS2_PLACEMENT_3D('',#1145,#1146,#1147);
#1150=DIRECTION('',(0.E0,-1.E0,0.E0));
#1151=VECTOR('',#1150,2.65E0);
#1152=CARTESIAN_POINT('',(-2.465138289275E0,2.65E0,1.101405109281E0));
#1153=LINE('',#1152,#1151);
#1154=CARTESIAN_POINT('',(0.E0,0.E0,0.E0));
#1155=DIRECTION('',(0.E0,-1.E0,0.E0));
#1156=DIRECTION('',(-9.784179442751E-1,0.E0,2.066357334066E-1));
#1157=AXIS2_PLACEMENT_3D('',#1154,#1155,#1156);
#1159=DIRECTION('',(0.E0,-1.E0,0.E0));
#1160=VECTOR('',#1159,2.65E0);
#1161=CARTESIAN_POINT('',(-2.641728449543E0,2.65E0,5.579164801977E-1));
#1162=LINE('',#1161,#1160);
#1163=CARTESIAN_POINT('',(0.E0,2.65E0,0.E0));
#1164=DIRECTION('',(0.E0,-1.E0,0.E0));
#1165=DIRECTION('',(-9.784179442751E-1,0.E0,2.066357334066E-1));
#1166=AXIS2_PLACEMENT_3D('',#1163,#1164,#1165);
#1168=DIRECTION('',(0.E0,-1.E0,0.E0));
#1169=VECTOR('',#1168,2.65E0);
#1170=CARTESIAN_POINT('',(-2.684838730043E0,2.65E0,2.857288813920E-1));
#1171=LINE('',#1170,#1169);
#1172=CARTESIAN_POINT('',(0.E0,0.E0,0.E0));
#1173=DIRECTION('',(0.E0,-1.E0,0.E0));
#1174=DIRECTION('',(-9.943847148307E-1,0.E0,-1.058255116267E-1));
#1175=AXIS2_PLACEMENT_3D('',#1172,#1173,#1174);
#1177=DIRECTION('',(0.E0,-1.E0,0.E0));
#1178=VECTOR('',#1177,2.65E0);
#1179=CARTESIAN_POINT('',(-2.684838730043E0,2.65E0,-2.857288813920E-1));
#1180=LINE('',#1179,#1178);
#1181=CARTESIAN_POINT('',(0.E0,2.65E0,0.E0));
#1182=DIRECTION('',(0.E0,-1.E0,0.E0));
#1183=DIRECTION('',(-9.943847148307E-1,0.E0,-1.058255116267E-1));
#1184=AXIS2_PLACEMENT_3D('',#1181,#1182,#1183);
#1186=DIRECTION('',(0.E0,-1.E0,0.E0));
#1187=VECTOR('',#1186,2.65E0);
#1188=CARTESIAN_POINT('',(-2.641728449543E0,2.65E0,-5.579164801977E-1));
#1189=LINE('',#1188,#1187);
#1190=CARTESIAN_POINT('',(0.E0,0.E0,0.E0));
#1191=DIRECTION('',(0.E0,-1.E0,0.E0));
#1192=DIRECTION('',(-9.130141812130E-1,0.E0,-4.079278182522E-1));
#1193=AXIS2_PLACEMENT_3D('',#1190,#1191,#1192);
#1195=DIRECTION('',(0.E0,-1.E0,0.E0));
#1196=VECTOR('',#1195,2.65E0);
#1197=CARTESIAN_POINT('',(-2.465138289275E0,2.65E0,-1.101405109281E0));
#1198=LINE('',#1197,#1196);
#1199=CARTESIAN_POINT('',(0.E0,2.65E0,0.E0));
#1200=DIRECTION('',(0.E0,-1.E0,0.E0));
#1201=DIRECTION('',(-9.130141812130E-1,0.E0,-4.079278182522E-1));
#1202=AXIS2_PLACEMENT_3D('',#1199,#1200,#1201);
#1204=DIRECTION('',(0.E0,-1.E0,0.E0));
#1205=VECTOR('',#1204,2.65E0);
#1206=CARTESIAN_POINT('',(-2.340027382397E0,2.65E0,-1.346949089473E0));
#1207=LINE('',#1206,#1205);
#1208=CARTESIAN_POINT('',(0.E0,0.E0,0.E0));
#1209=DIRECTION('',(0.E0,-1.E0,0.E0));
#1210=DIRECTION('',(-7.422714581943E-1,0.E0,-6.700993078269E-1));
#1211=AXIS2_PLACEMENT_3D('',#1208,#1209,#1210);
#1213=DIRECTION('',(0.E0,-1.E0,0.E0));
#1214=VECTOR('',#1213,2.65E0);
#1215=CARTESIAN_POINT('',(-2.004132937125E0,2.65E0,-1.809268131133E0));
#1216=LINE('',#1215,#1214);
#1217=CARTESIAN_POINT('',(0.E0,2.65E0,0.E0));
#1218=DIRECTION('',(0.E0,-1.E0,0.E0));
#1219=DIRECTION('',(-7.422714581943E-1,0.E0,-6.700993078269E-1));
#1220=AXIS2_PLACEMENT_3D('',#1217,#1218,#1219);
#1222=DIRECTION('',(0.E0,-1.E0,0.E0));
#1223=VECTOR('',#1222,2.65E0);
#1224=CARTESIAN_POINT('',(-1.809268131133E0,2.65E0,-2.004132937125E0));
#1225=LINE('',#1224,#1223);
#1226=CARTESIAN_POINT('',(0.E0,0.E0,0.E0));
#1227=DIRECTION('',(0.E0,-1.E0,0.E0));
#1228=DIRECTION('',(-4.988700331382E-1,0.E0,-8.666768082952E-1));
#1229=AXIS2_PLACEMENT_3D('',#1226,#1227,#1228);
#1231=DIRECTION('',(0.E0,-1.E0,0.E0));
#1232=VECTOR('',#1231,2.65E0);
#1233=CARTESIAN_POINT('',(-1.346949089473E0,2.65E0,-2.340027382397E0));
#1234=LINE('',#1233,#1232);
#1235=CARTESIAN_POINT('',(0.E0,2.65E0,0.E0));
#1236=DIRECTION('',(0.E0,-1.E0,0.E0));
#1237=DIRECTION('',(-4.988700331382E-1,0.E0,-8.666768082952E-1));
#1238=AXIS2_PLACEMENT_3D('',#1235,#1236,#1237);
#1240=DIRECTION('',(0.E0,-1.E0,0.E0));
#1241=VECTOR('',#1240,2.65E0);
#1242=CARTESIAN_POINT('',(-1.101405109281E0,2.65E0,-2.465138289275E0));
#1243=LINE('',#1242,#1241);
#1244=CARTESIAN_POINT('',(0.E0,0.E0,0.E0));
#1245=DIRECTION('',(0.E0,-1.E0,0.E0));
#1246=DIRECTION('',(-2.066357334066E-1,0.E0,-9.784179442751E-1));
#1247=AXIS2_PLACEMENT_3D('',#1244,#1245,#1246);
#1249=DIRECTION('',(0.E0,-1.E0,0.E0));
#1250=VECTOR('',#1249,2.65E0);
#1251=CARTESIAN_POINT('',(-5.579164801977E-1,2.65E0,-2.641728449543E0));
#1252=LINE('',#1251,#1250);
#1253=CARTESIAN_POINT('',(0.E0,2.65E0,0.E0));
#1254=DIRECTION('',(0.E0,-1.E0,0.E0));
#1255=DIRECTION('',(-2.066357334066E-1,0.E0,-9.784179442751E-1));
#1256=AXIS2_PLACEMENT_3D('',#1253,#1254,#1255);
#1258=DIRECTION('',(0.E0,-1.E0,0.E0));
#1259=VECTOR('',#1258,2.65E0);
#1260=CARTESIAN_POINT('',(-2.857288813920E-1,2.65E0,-2.684838730043E0));
#1261=LINE('',#1260,#1259);
#1262=DIRECTION('',(7.193398003386E-1,0.E0,6.946583704590E-1));
#1263=VECTOR('',#1262,3.006410103323E-1);
#1264=CARTESIAN_POINT('',(6.946583704590E-2,0.E0,-2.893681524374E0));
#1265=LINE('',#1264,#1263);
#1266=DIRECTION('',(0.E0,1.E0,0.E0));
#1267=VECTOR('',#1266,2.65E0);
#1268=CARTESIAN_POINT('',(6.946583704590E-2,0.E0,-2.893681524374E0));
#1269=LINE('',#1268,#1267);
#1270=DIRECTION('',(7.193398003386E-1,0.E0,6.946583704590E-1));
#1271=VECTOR('',#1270,3.006410103323E-1);
#1272=CARTESIAN_POINT('',(6.946583704590E-2,2.65E0,-2.893681524374E0));
#1273=LINE('',#1272,#1271);
#1274=CARTESIAN_POINT('',(0.E0,0.E0,-2.821747544340E0));
#1275=DIRECTION('',(0.E0,-1.E0,0.E0));
#1276=DIRECTION('',(-6.946583704590E-1,0.E0,-7.193398003387E-1));
#1277=AXIS2_PLACEMENT_3D('',#1274,#1275,#1276);
#1279=DIRECTION('',(0.E0,1.E0,0.E0));
#1280=VECTOR('',#1279,2.65E0);
#1281=CARTESIAN_POINT('',(-6.946583704590E-2,0.E0,-2.893681524374E0));
#1282=LINE('',#1281,#1280);
#1283=CARTESIAN_POINT('',(0.E0,2.65E0,-2.821747544340E0));
#1284=DIRECTION('',(0.E0,-1.E0,0.E0));
#1285=DIRECTION('',(-6.946583704590E-1,0.E0,-7.193398003386E-1));
#1286=AXIS2_PLACEMENT_3D('',#1283,#1284,#1285);
#1288=DIRECTION('',(7.193398003387E-1,0.E0,-6.946583704590E-1));
#1289=VECTOR('',#1288,3.006410103323E-1);
#1290=CARTESIAN_POINT('',(-2.857288813920E-1,0.E0,-2.684838730043E0));
#1291=LINE('',#1290,#1289);
#1292=DIRECTION('',(7.193398003387E-1,0.E0,-6.946583704590E-1));
#1293=VECTOR('',#1292,3.006410103323E-1);
#1294=CARTESIAN_POINT('',(-2.857288813920E-1,2.65E0,-2.684838730043E0));
#1295=LINE('',#1294,#1293);
#1296=DIRECTION('',(8.987940462992E-1,0.E0,-4.383711467891E-1));
#1297=VECTOR('',#1296,3.006410103323E-1);
#1298=CARTESIAN_POINT('',(5.579164801977E-1,0.E0,-2.641728449543E0));
#1299=LINE('',#1298,#1297);
#1300=DIRECTION('',(8.987940462992E-1,0.E0,-4.383711467891E-1));
#1301=VECTOR('',#1300,3.006410103323E-1);
#1302=CARTESIAN_POINT('',(5.579164801977E-1,2.65E0,-2.641728449543E0));
#1303=LINE('',#1302,#1301);
#1304=CARTESIAN_POINT('',(8.719679450367E-1,0.E0,-2.683641389384E0));
#1305=DIRECTION('',(0.E0,-1.E0,0.E0));
#1306=DIRECTION('',(-4.383711467891E-1,0.E0,-8.987940462992E-1));
#1307=AXIS2_PLACEMENT_3D('',#1304,#1305,#1306);
#1309=DIRECTION('',(0.E0,1.E0,0.E0));
#1310=VECTOR('',#1309,2.65E0);
#1311=CARTESIAN_POINT('',(8.281308303578E-1,0.E0,-2.773520794014E0));
#1312=LINE('',#1311,#1310);
#1313=CARTESIAN_POINT('',(8.719679450367E-1,2.65E0,-2.683641389384E0));
#1314=DIRECTION('',(0.E0,-1.E0,0.E0));
#1315=DIRECTION('',(-4.383711467891E-1,0.E0,-8.987940462992E-1));
#1316=AXIS2_PLACEMENT_3D('',#1313,#1314,#1315);
#1318=DIRECTION('',(4.694715627859E-1,0.E0,8.829475928589E-1));
#1319=VECTOR('',#1318,3.006410103323E-1);
#1320=CARTESIAN_POINT('',(9.602627043226E-1,0.E0,-2.730588545663E0));
#1321=LINE('',#1320,#1319);
#1322=DIRECTION('',(0.E0,1.E0,0.E0));
#1323=VECTOR('',#1322,2.65E0);
#1324=CARTESIAN_POINT('',(9.602627043226E-1,0.E0,-2.730588545663E0));
#1325=LINE('',#1324,#1323);
#1326=DIRECTION('',(4.694715627859E-1,0.E0,8.829475928589E-1));
#1327=VECTOR('',#1326,3.006410103323E-1);
#1328=CARTESIAN_POINT('',(9.602627043226E-1,2.65E0,-2.730588545663E0));
#1329=LINE('',#1328,#1327);
#1330=DIRECTION('',(9.902680687416E-1,0.E0,-1.391731009601E-1));
#1331=VECTOR('',#1330,3.006410103323E-1);
#1332=CARTESIAN_POINT('',(1.346949089473E0,0.E0,-2.340027382397E0));
#1333=LINE('',#1332,#1331);
#1334=DIRECTION('',(9.902680687416E-1,0.E0,-1.391731009601E-1));
#1335=VECTOR('',#1334,3.006410103323E-1);
#1336=CARTESIAN_POINT('',(1.346949089473E0,2.65E0,-2.340027382397E0));
#1337=LINE('',#1336,#1335);
#1338=CARTESIAN_POINT('',(1.658581592255E0,0.E0,-2.282841717207E0));
#1339=DIRECTION('',(0.E0,-1.E0,0.E0));
#1340=DIRECTION('',(-1.391731009601E-1,0.E0,-9.902680687416E-1));
#1341=AXIS2_PLACEMENT_3D('',#1338,#1339,#1340);
#1343=DIRECTION('',(0.E0,1.E0,0.E0));
#1344=VECTOR('',#1343,2.65E0);
#1345=CARTESIAN_POINT('',(1.644664282159E0,0.E0,-2.381868524081E0));
#1346=LINE('',#1345,#1344);
#1347=CARTESIAN_POINT('',(1.658581592255E0,2.65E0,-2.282841717207E0));
#1348=DIRECTION('',(0.E0,-1.E0,0.E0));
#1349=DIRECTION('',(-1.391731009601E-1,0.E0,-9.902680687416E-1));
#1350=AXIS2_PLACEMENT_3D('',#1347,#1348,#1349);
#1352=DIRECTION('',(1.736481776669E-1,0.E0,9.848077530122E-1));
#1353=VECTOR('',#1352,3.006410103323E-1);
#1354=CARTESIAN_POINT('',(1.757062367557E0,0.E0,-2.300206534973E0));
#1355=LINE('',#1354,#1353);
#1356=DIRECTION('',(0.E0,1.E0,0.E0));
#1357=VECTOR('',#1356,2.65E0);
#1358=CARTESIAN_POINT('',(1.757062367557E0,0.E0,-2.300206534973E0));
#1359=LINE('',#1358,#1357);
#1360=DIRECTION('',(1.736481776669E-1,0.E0,9.848077530122E-1));
#1361=VECTOR('',#1360,3.006410103323E-1);
#1362=CARTESIAN_POINT('',(1.757062367557E0,2.65E0,-2.300206534973E0));
#1363=LINE('',#1362,#1361);
#1364=DIRECTION('',(9.848077530122E-1,0.E0,1.736481776669E-1));
#1365=VECTOR('',#1364,3.006410103323E-1);
#1366=CARTESIAN_POINT('',(2.004132937125E0,0.E0,-1.809268131133E0));
#1367=LINE('',#1366,#1365);
#1368=DIRECTION('',(9.848077530122E-1,0.E0,1.736481776669E-1));
#1369=VECTOR('',#1368,3.006410103323E-1);
#1370=CARTESIAN_POINT('',(2.004132937125E0,2.65E0,-1.809268131133E0));
#1371=LINE('',#1370,#1369);
#1372=CARTESIAN_POINT('',(2.282841717207E0,0.E0,-1.658581592255E0));
#1373=DIRECTION('',(0.E0,-1.E0,0.E0));
#1374=DIRECTION('',(1.736481776669E-1,0.E0,-9.848077530122E-1));
#1375=AXIS2_PLACEMENT_3D('',#1372,#1373,#1374);
#1377=DIRECTION('',(0.E0,1.E0,0.E0));
#1378=VECTOR('',#1377,2.65E0);
#1379=CARTESIAN_POINT('',(2.300206534973E0,0.E0,-1.757062367557E0));
#1380=LINE('',#1379,#1378);
#1381=CARTESIAN_POINT('',(2.282841717207E0,2.65E0,-1.658581592255E0));
#1382=DIRECTION('',(0.E0,-1.E0,0.E0));
#1383=DIRECTION('',(1.736481776669E-1,0.E0,-9.848077530122E-1));
#1384=AXIS2_PLACEMENT_3D('',#1381,#1382,#1383);
#1386=DIRECTION('',(-1.391731009601E-1,0.E0,9.902680687416E-1));
#1387=VECTOR('',#1386,3.006410103323E-1);
#1388=CARTESIAN_POINT('',(2.381868524081E0,0.E0,-1.644664282159E0));
#1389=LINE('',#1388,#1387);
#1390=DIRECTION('',(0.E0,1.E0,0.E0));
#1391=VECTOR('',#1390,2.65E0);
#1392=CARTESIAN_POINT('',(2.381868524081E0,0.E0,-1.644664282159E0));
#1393=LINE('',#1392,#1391);
#1394=DIRECTION('',(-1.391731009601E-1,0.E0,9.902680687416E-1));
#1395=VECTOR('',#1394,3.006410103323E-1);
#1396=CARTESIAN_POINT('',(2.381868524081E0,2.65E0,-1.644664282159E0));
#1397=LINE('',#1396,#1395);
#1398=DIRECTION('',(8.829475928589E-1,0.E0,4.694715627859E-1));
#1399=VECTOR('',#1398,3.006410103323E-1);
#1400=CARTESIAN_POINT('',(2.465138289275E0,0.E0,-1.101405109281E0));
#1401=LINE('',#1400,#1399);
#1402=DIRECTION('',(8.829475928589E-1,0.E0,4.694715627859E-1));
#1403=VECTOR('',#1402,3.006410103323E-1);
#1404=CARTESIAN_POINT('',(2.465138289275E0,2.65E0,-1.101405109281E0));
#1405=LINE('',#1404,#1403);
#1406=CARTESIAN_POINT('',(2.683641389384E0,0.E0,-8.719679450367E-1));
#1407=DIRECTION('',(0.E0,-1.E0,0.E0));
#1408=DIRECTION('',(4.694715627859E-1,0.E0,-8.829475928589E-1));
#1409=AXIS2_PLACEMENT_3D('',#1406,#1407,#1408);
#1411=DIRECTION('',(0.E0,1.E0,0.E0));
#1412=VECTOR('',#1411,2.65E0);
#1413=CARTESIAN_POINT('',(2.730588545663E0,0.E0,-9.602627043226E-1));
#1414=LINE('',#1413,#1412);
#1415=CARTESIAN_POINT('',(2.683641389384E0,2.65E0,-8.719679450367E-1));
#1416=DIRECTION('',(0.E0,-1.E0,0.E0));
#1417=DIRECTION('',(4.694715627859E-1,0.E0,-8.829475928589E-1));
#1418=AXIS2_PLACEMENT_3D('',#1415,#1416,#1417);
#1420=DIRECTION('',(-4.383711467891E-1,0.E0,8.987940462992E-1));
#1421=VECTOR('',#1420,3.006410103323E-1);
#1422=CARTESIAN_POINT('',(2.773520794014E0,0.E0,-8.281308303578E-1));
#1423=LINE('',#1422,#1421);
#1424=DIRECTION('',(0.E0,1.E0,0.E0));
#1425=VECTOR('',#1424,2.65E0);
#1426=CARTESIAN_POINT('',(2.773520794014E0,0.E0,-8.281308303578E-1));
#1427=LINE('',#1426,#1425);
#1428=DIRECTION('',(-4.383711467891E-1,0.E0,8.987940462992E-1));
#1429=VECTOR('',#1428,3.006410103323E-1);
#1430=CARTESIAN_POINT('',(2.773520794014E0,2.65E0,-8.281308303578E-1));
#1431=LINE('',#1430,#1429);
#1432=DIRECTION('',(6.946583704590E-1,0.E0,7.193398003387E-1));
#1433=VECTOR('',#1432,3.006410103323E-1);
#1434=CARTESIAN_POINT('',(2.684838730043E0,0.E0,-2.857288813920E-1));
#1435=LINE('',#1434,#1433);
#1436=DIRECTION('',(6.946583704590E-1,0.E0,7.193398003386E-1));
#1437=VECTOR('',#1436,3.006410103323E-1);
#1438=CARTESIAN_POINT('',(2.684838730043E0,2.65E0,-2.857288813920E-1));
#1439=LINE('',#1438,#1437);
#1440=CARTESIAN_POINT('',(2.821747544340E0,0.E0,0.E0));
#1441=DIRECTION('',(0.E0,-1.E0,0.E0));
#1442=DIRECTION('',(7.193398003386E-1,0.E0,-6.946583704590E-1));
#1443=AXIS2_PLACEMENT_3D('',#1440,#1441,#1442);
#1445=DIRECTION('',(0.E0,1.E0,0.E0));
#1446=VECTOR('',#1445,2.65E0);
#1447=CARTESIAN_POINT('',(2.893681524374E0,0.E0,-6.946583704590E-2));
#1448=LINE('',#1447,#1446);
#1449=CARTESIAN_POINT('',(2.821747544340E0,2.65E0,0.E0));
#1450=DIRECTION('',(0.E0,-1.E0,0.E0));
#1451=DIRECTION('',(7.193398003386E-1,0.E0,-6.946583704590E-1));
#1452=AXIS2_PLACEMENT_3D('',#1449,#1450,#1451);
#1454=DIRECTION('',(-6.946583704590E-1,0.E0,7.193398003387E-1));
#1455=VECTOR('',#1454,3.006410103323E-1);
#1456=CARTESIAN_POINT('',(2.893681524374E0,0.E0,6.946583704590E-2));
#1457=LINE('',#1456,#1455);
#1458=DIRECTION('',(0.E0,1.E0,0.E0));
#1459=VECTOR('',#1458,2.65E0);
#1460=CARTESIAN_POINT('',(2.893681524374E0,0.E0,6.946583704590E-2));
#1461=LINE('',#1460,#1459);
#1462=DIRECTION('',(-6.946583704590E-1,0.E0,7.193398003387E-1));
#1463=VECTOR('',#1462,3.006410103323E-1);
#1464=CARTESIAN_POINT('',(2.893681524374E0,2.65E0,6.946583704590E-2));
#1465=LINE('',#1464,#1463);
#1466=DIRECTION('',(-9.848077530122E-1,0.E0,1.736481776669E-1));
#1467=VECTOR('',#1466,2.841316037922E-2);
#1468=CARTESIAN_POINT('',(2.032114437754E0,0.E0,1.804334237611E0));
#1469=LINE('',#1468,#1467);
#1470=DIRECTION('',(0.E0,-1.E0,0.E0));
#1471=VECTOR('',#1470,2.65E0);
#1472=CARTESIAN_POINT('',(2.032114437754E0,2.65E0,1.804334237611E0));
#1473=LINE('',#1472,#1471);
#1474=DIRECTION('',(-9.848077530122E-1,0.E0,1.736481776669E-1));
#1475=VECTOR('',#1474,2.841316037923E-2);
#1476=CARTESIAN_POINT('',(2.032114437754E0,2.65E0,1.804334237611E0));
#1477=LINE('',#1476,#1475);
#1478=DIRECTION('',(-1.736481776669E-1,0.E0,9.848077530122E-1));
#1479=VECTOR('',#1478,3.006410103323E-1);
#1480=CARTESIAN_POINT('',(1.809268131133E0,0.E0,2.004132937125E0));
#1481=LINE('',#1480,#1479);
#1482=DIRECTION('',(-1.736481776669E-1,0.E0,9.848077530122E-1));
#1483=VECTOR('',#1482,3.006410103323E-1);
#1484=CARTESIAN_POINT('',(1.809268131133E0,2.65E0,2.004132937125E0));
#1485=LINE('',#1484,#1483);
#1486=CARTESIAN_POINT('',(1.658581592255E0,0.E0,2.282841717207E0));
#1487=DIRECTION('',(0.E0,-1.E0,0.E0));
#1488=DIRECTION('',(9.848077530122E-1,0.E0,1.736481776669E-1));
#1489=AXIS2_PLACEMENT_3D('',#1486,#1487,#1488);
#1491=DIRECTION('',(0.E0,1.E0,0.E0));
#1492=VECTOR('',#1491,2.65E0);
#1493=CARTESIAN_POINT('',(1.757062367557E0,0.E0,2.300206534973E0));
#1494=LINE('',#1493,#1492);
#1495=CARTESIAN_POINT('',(1.658581592255E0,2.65E0,2.282841717207E0));
#1496=DIRECTION('',(0.E0,-1.E0,0.E0));
#1497=DIRECTION('',(9.848077530122E-1,0.E0,1.736481776669E-1));
#1498=AXIS2_PLACEMENT_3D('',#1495,#1496,#1497);
#1500=DIRECTION('',(-9.902680687416E-1,0.E0,-1.391731009601E-1));
#1501=VECTOR('',#1500,3.006410103323E-1);
#1502=CARTESIAN_POINT('',(1.644664282159E0,0.E0,2.381868524081E0));
#1503=LINE('',#1502,#1501);
#1504=DIRECTION('',(0.E0,1.E0,0.E0));
#1505=VECTOR('',#1504,2.65E0);
#1506=CARTESIAN_POINT('',(1.644664282159E0,0.E0,2.381868524081E0));
#1507=LINE('',#1506,#1505);
#1508=DIRECTION('',(-9.902680687416E-1,0.E0,-1.391731009601E-1));
#1509=VECTOR('',#1508,3.006410103323E-1);
#1510=CARTESIAN_POINT('',(1.644664282159E0,2.65E0,2.381868524081E0));
#1511=LINE('',#1510,#1509);
#1512=DIRECTION('',(-4.694715627859E-1,0.E0,8.829475928589E-1));
#1513=VECTOR('',#1512,3.006410103323E-1);
#1514=CARTESIAN_POINT('',(1.101405109281E0,0.E0,2.465138289275E0));
#1515=LINE('',#1514,#1513);
#1516=DIRECTION('',(-4.694715627859E-1,0.E0,8.829475928589E-1));
#1517=VECTOR('',#1516,3.006410103323E-1);
#1518=CARTESIAN_POINT('',(1.101405109281E0,2.65E0,2.465138289275E0));
#1519=LINE('',#1518,#1517);
#1520=CARTESIAN_POINT('',(8.719679450367E-1,0.E0,2.683641389384E0));
#1521=DIRECTION('',(0.E0,-1.E0,0.E0));
#1522=DIRECTION('',(8.829475928589E-1,0.E0,4.694715627859E-1));
#1523=AXIS2_PLACEMENT_3D('',#1520,#1521,#1522);
#1525=DIRECTION('',(0.E0,1.E0,0.E0));
#1526=VECTOR('',#1525,2.65E0);
#1527=CARTESIAN_POINT('',(9.602627043226E-1,0.E0,2.730588545663E0));
#1528=LINE('',#1527,#1526);
#1529=CARTESIAN_POINT('',(8.719679450367E-1,2.65E0,2.683641389384E0));
#1530=DIRECTION('',(0.E0,-1.E0,0.E0));
#1531=DIRECTION('',(8.829475928589E-1,0.E0,4.694715627859E-1));
#1532=AXIS2_PLACEMENT_3D('',#1529,#1530,#1531);
#1534=DIRECTION('',(-8.987940462992E-1,0.E0,-4.383711467891E-1));
#1535=VECTOR('',#1534,3.006410103323E-1);
#1536=CARTESIAN_POINT('',(8.281308303578E-1,0.E0,2.773520794014E0));
#1537=LINE('',#1536,#1535);
#1538=DIRECTION('',(0.E0,1.E0,0.E0));
#1539=VECTOR('',#1538,2.65E0);
#1540=CARTESIAN_POINT('',(8.281308303578E-1,0.E0,2.773520794014E0));
#1541=LINE('',#1540,#1539);
#1542=DIRECTION('',(-8.987940462992E-1,0.E0,-4.383711467891E-1));
#1543=VECTOR('',#1542,3.006410103323E-1);
#1544=CARTESIAN_POINT('',(8.281308303578E-1,2.65E0,2.773520794014E0));
#1545=LINE('',#1544,#1543);
#1546=DIRECTION('',(-7.193398003387E-1,0.E0,6.946583704590E-1));
#1547=VECTOR('',#1546,3.006410103323E-1);
#1548=CARTESIAN_POINT('',(2.857288813920E-1,0.E0,2.684838730043E0));
#1549=LINE('',#1548,#1547);
#1550=DIRECTION('',(-7.193398003386E-1,0.E0,6.946583704590E-1));
#1551=VECTOR('',#1550,3.006410103323E-1);
#1552=CARTESIAN_POINT('',(2.857288813920E-1,2.65E0,2.684838730043E0));
#1553=LINE('',#1552,#1551);
#1554=CARTESIAN_POINT('',(0.E0,0.E0,2.821747544340E0));
#1555=DIRECTION('',(0.E0,-1.E0,0.E0));
#1556=DIRECTION('',(6.946583704590E-1,0.E0,7.193398003386E-1));
#1557=AXIS2_PLACEMENT_3D('',#1554,#1555,#1556);
#1559=DIRECTION('',(0.E0,1.E0,0.E0));
#1560=VECTOR('',#1559,2.65E0);
#1561=CARTESIAN_POINT('',(6.946583704590E-2,0.E0,2.893681524374E0));
#1562=LINE('',#1561,#1560);
#1563=CARTESIAN_POINT('',(0.E0,2.65E0,2.821747544340E0));
#1564=DIRECTION('',(0.E0,-1.E0,0.E0));
#1565=DIRECTION('',(6.946583704590E-1,0.E0,7.193398003386E-1));
#1566=AXIS2_PLACEMENT_3D('',#1563,#1564,#1565);
#1568=DIRECTION('',(-7.193398003386E-1,0.E0,-6.946583704590E-1));
#1569=VECTOR('',#1568,3.006410103323E-1);
#1570=CARTESIAN_POINT('',(-6.946583704590E-2,0.E0,2.893681524374E0));
#1571=LINE('',#1570,#1569);
#1572=DIRECTION('',(0.E0,1.E0,0.E0));
#1573=VECTOR('',#1572,2.65E0);
#1574=CARTESIAN_POINT('',(-6.946583704590E-2,0.E0,2.893681524374E0));
#1575=LINE('',#1574,#1573);
#1576=DIRECTION('',(-7.193398003386E-1,0.E0,-6.946583704590E-1));
#1577=VECTOR('',#1576,3.006410103323E-1);
#1578=CARTESIAN_POINT('',(-6.946583704590E-2,2.65E0,2.893681524374E0));
#1579=LINE('',#1578,#1577);
#1580=DIRECTION('',(-8.987940462992E-1,0.E0,4.383711467891E-1));
#1581=VECTOR('',#1580,3.006410103323E-1);
#1582=CARTESIAN_POINT('',(-5.579164801977E-1,0.E0,2.641728449543E0));
#1583=LINE('',#1582,#1581);
#1584=DIRECTION('',(-8.987940462992E-1,0.E0,4.383711467891E-1));
#1585=VECTOR('',#1584,3.006410103323E-1);
#1586=CARTESIAN_POINT('',(-5.579164801977E-1,2.65E0,2.641728449543E0));
#1587=LINE('',#1586,#1585);
#1588=CARTESIAN_POINT('',(-8.719679450367E-1,0.E0,2.683641389384E0));
#1589=DIRECTION('',(0.E0,-1.E0,0.E0));
#1590=DIRECTION('',(4.383711467891E-1,0.E0,8.987940462992E-1));
#1591=AXIS2_PLACEMENT_3D('',#1588,#1589,#1590);
#1593=DIRECTION('',(0.E0,1.E0,0.E0));
#1594=VECTOR('',#1593,2.65E0);
#1595=CARTESIAN_POINT('',(-8.281308303578E-1,0.E0,2.773520794014E0));
#1596=LINE('',#1595,#1594);
#1597=CARTESIAN_POINT('',(-8.719679450367E-1,2.65E0,2.683641389384E0));
#1598=DIRECTION('',(0.E0,-1.E0,0.E0));
#1599=DIRECTION('',(4.383711467891E-1,0.E0,8.987940462992E-1));
#1600=AXIS2_PLACEMENT_3D('',#1597,#1598,#1599);
#1602=DIRECTION('',(-4.694715627859E-1,0.E0,-8.829475928589E-1));
#1603=VECTOR('',#1602,3.006410103323E-1);
#1604=CARTESIAN_POINT('',(-9.602627043226E-1,0.E0,2.730588545663E0));
#1605=LINE('',#1604,#1603);
#1606=DIRECTION('',(0.E0,1.E0,0.E0));
#1607=VECTOR('',#1606,2.65E0);
#1608=CARTESIAN_POINT('',(-9.602627043226E-1,0.E0,2.730588545663E0));
#1609=LINE('',#1608,#1607);
#1610=DIRECTION('',(-4.694715627859E-1,0.E0,-8.829475928589E-1));
#1611=VECTOR('',#1610,3.006410103323E-1);
#1612=CARTESIAN_POINT('',(-9.602627043226E-1,2.65E0,2.730588545663E0));
#1613=LINE('',#1612,#1611);
#1614=DIRECTION('',(-9.902680687416E-1,0.E0,1.391731009601E-1));
#1615=VECTOR('',#1614,3.006410103323E-1);
#1616=CARTESIAN_POINT('',(-1.346949089473E0,0.E0,2.340027382397E0));
#1617=LINE('',#1616,#1615);
#1618=DIRECTION('',(-9.902680687416E-1,0.E0,1.391731009601E-1));
#1619=VECTOR('',#1618,3.006410103323E-1);
#1620=CARTESIAN_POINT('',(-1.346949089473E0,2.65E0,2.340027382397E0));
#1621=LINE('',#1620,#1619);
#1622=CARTESIAN_POINT('',(-1.658581592255E0,0.E0,2.282841717207E0));
#1623=DIRECTION('',(0.E0,-1.E0,0.E0));
#1624=DIRECTION('',(1.391731009601E-1,0.E0,9.902680687416E-1));
#1625=AXIS2_PLACEMENT_3D('',#1622,#1623,#1624);
#1627=DIRECTION('',(0.E0,1.E0,0.E0));
#1628=VECTOR('',#1627,2.65E0);
#1629=CARTESIAN_POINT('',(-1.644664282159E0,0.E0,2.381868524081E0));
#1630=LINE('',#1629,#1628);
#1631=CARTESIAN_POINT('',(-1.658581592255E0,2.65E0,2.282841717207E0));
#1632=DIRECTION('',(0.E0,-1.E0,0.E0));
#1633=DIRECTION('',(1.391731009601E-1,0.E0,9.902680687416E-1));
#1634=AXIS2_PLACEMENT_3D('',#1631,#1632,#1633);
#1636=DIRECTION('',(-1.736481776669E-1,0.E0,-9.848077530122E-1));
#1637=VECTOR('',#1636,3.006410103323E-1);
#1638=CARTESIAN_POINT('',(-1.757062367557E0,0.E0,2.300206534973E0));
#1639=LINE('',#1638,#1637);
#1640=DIRECTION('',(0.E0,1.E0,0.E0));
#1641=VECTOR('',#1640,2.65E0);
#1642=CARTESIAN_POINT('',(-1.757062367557E0,0.E0,2.300206534973E0));
#1643=LINE('',#1642,#1641);
#1644=DIRECTION('',(-1.736481776669E-1,0.E0,-9.848077530122E-1));
#1645=VECTOR('',#1644,3.006410103323E-1);
#1646=CARTESIAN_POINT('',(-1.757062367557E0,2.65E0,2.300206534973E0));
#1647=LINE('',#1646,#1645);
#1648=DIRECTION('',(-9.848077530122E-1,0.E0,-1.736481776669E-1));
#1649=VECTOR('',#1648,3.006410103323E-1);
#1650=CARTESIAN_POINT('',(-2.004132937125E0,0.E0,1.809268131133E0));
#1651=LINE('',#1650,#1649);
#1652=DIRECTION('',(-9.848077530122E-1,0.E0,-1.736481776669E-1));
#1653=VECTOR('',#1652,3.006410103323E-1);
#1654=CARTESIAN_POINT('',(-2.004132937125E0,2.65E0,1.809268131133E0));
#1655=LINE('',#1654,#1653);
#1656=CARTESIAN_POINT('',(-2.282841717207E0,0.E0,1.658581592255E0));
#1657=DIRECTION('',(0.E0,-1.E0,0.E0));
#1658=DIRECTION('',(-1.736481776669E-1,0.E0,9.848077530122E-1));
#1659=AXIS2_PLACEMENT_3D('',#1656,#1657,#1658);
#1661=DIRECTION('',(0.E0,1.E0,0.E0));
#1662=VECTOR('',#1661,2.65E0);
#1663=CARTESIAN_POINT('',(-2.300206534973E0,0.E0,1.757062367557E0));
#1664=LINE('',#1663,#1662);
#1665=CARTESIAN_POINT('',(-2.282841717207E0,2.65E0,1.658581592255E0));
#1666=DIRECTION('',(0.E0,-1.E0,0.E0));
#1667=DIRECTION('',(-1.736481776669E-1,0.E0,9.848077530122E-1));
#1668=AXIS2_PLACEMENT_3D('',#1665,#1666,#1667);
#1670=DIRECTION('',(1.391731009601E-1,0.E0,-9.902680687416E-1));
#1671=VECTOR('',#1670,3.006410103323E-1);
#1672=CARTESIAN_POINT('',(-2.381868524081E0,0.E0,1.644664282159E0));
#1673=LINE('',#1672,#1671);
#1674=DIRECTION('',(0.E0,1.E0,0.E0));
#1675=VECTOR('',#1674,2.65E0);
#1676=CARTESIAN_POINT('',(-2.381868524081E0,0.E0,1.644664282159E0));
#1677=LINE('',#1676,#1675);
#1678=DIRECTION('',(1.391731009601E-1,0.E0,-9.902680687416E-1));
#1679=VECTOR('',#1678,3.006410103323E-1);
#1680=CARTESIAN_POINT('',(-2.381868524081E0,2.65E0,1.644664282159E0));
#1681=LINE('',#1680,#1679);
#1682=DIRECTION('',(-8.829475928589E-1,0.E0,-4.694715627859E-1));
#1683=VECTOR('',#1682,3.006410103323E-1);
#1684=CARTESIAN_POINT('',(-2.465138289275E0,0.E0,1.101405109281E0));
#1685=LINE('',#1684,#1683);
#1686=DIRECTION('',(-8.829475928589E-1,0.E0,-4.694715627859E-1));
#1687=VECTOR('',#1686,3.006410103323E-1);
#1688=CARTESIAN_POINT('',(-2.465138289275E0,2.65E0,1.101405109281E0));
#1689=LINE('',#1688,#1687);
#1690=CARTESIAN_POINT('',(-2.683641389384E0,0.E0,8.719679450367E-1));
#1691=DIRECTION('',(0.E0,-1.E0,0.E0));
#1692=DIRECTION('',(-4.694715627859E-1,0.E0,8.829475928589E-1));
#1693=AXIS2_PLACEMENT_3D('',#1690,#1691,#1692);
#1695=DIRECTION('',(0.E0,1.E0,0.E0));
#1696=VECTOR('',#1695,2.65E0);
#1697=CARTESIAN_POINT('',(-2.730588545663E0,0.E0,9.602627043226E-1));
#1698=LINE('',#1697,#1696);
#1699=CARTESIAN_POINT('',(-2.683641389384E0,2.65E0,8.719679450367E-1));
#1700=DIRECTION('',(0.E0,-1.E0,0.E0));
#1701=DIRECTION('',(-4.694715627859E-1,0.E0,8.829475928589E-1));
#1702=AXIS2_PLACEMENT_3D('',#1699,#1700,#1701);
#1704=DIRECTION('',(4.383711467891E-1,0.E0,-8.987940462992E-1));
#1705=VECTOR('',#1704,3.006410103323E-1);
#1706=CARTESIAN_POINT('',(-2.773520794014E0,0.E0,8.281308303578E-1));
#1707=LINE('',#1706,#1705);
#1708=DIRECTION('',(0.E0,1.E0,0.E0));
#1709=VECTOR('',#1708,2.65E0);
#1710=CARTESIAN_POINT('',(-2.773520794014E0,0.E0,8.281308303578E-1));
#1711=LINE('',#1710,#1709);
#1712=DIRECTION('',(4.383711467891E-1,0.E0,-8.987940462992E-1));
#1713=VECTOR('',#1712,3.006410103323E-1);
#1714=CARTESIAN_POINT('',(-2.773520794014E0,2.65E0,8.281308303578E-1));
#1715=LINE('',#1714,#1713);
#1716=DIRECTION('',(-6.946583704590E-1,0.E0,-7.193398003387E-1));
#1717=VECTOR('',#1716,3.006410103323E-1);
#1718=CARTESIAN_POINT('',(-2.684838730043E0,0.E0,2.857288813920E-1));
#1719=LINE('',#1718,#1717);
#1720=DIRECTION('',(-6.946583704590E-1,0.E0,-7.193398003386E-1));
#1721=VECTOR('',#1720,3.006410103323E-1);
#1722=CARTESIAN_POINT('',(-2.684838730043E0,2.65E0,2.857288813920E-1));
#1723=LINE('',#1722,#1721);
#1724=CARTESIAN_POINT('',(-2.821747544340E0,0.E0,0.E0));
#1725=DIRECTION('',(0.E0,-1.E0,0.E0));
#1726=DIRECTION('',(-7.193398003386E-1,0.E0,6.946583704590E-1));
#1727=AXIS2_PLACEMENT_3D('',#1724,#1725,#1726);
#1729=DIRECTION('',(0.E0,1.E0,0.E0));
#1730=VECTOR('',#1729,2.65E0);
#1731=CARTESIAN_POINT('',(-2.893681524374E0,0.E0,6.946583704590E-2));
#1732=LINE('',#1731,#1730);
#1733=CARTESIAN_POINT('',(-2.821747544340E0,2.65E0,0.E0));
#1734=DIRECTION('',(0.E0,-1.E0,0.E0));
#1735=DIRECTION('',(-7.193398003386E-1,0.E0,6.946583704590E-1));
#1736=AXIS2_PLACEMENT_3D('',#1733,#1734,#1735);
#1738=DIRECTION('',(6.946583704590E-1,0.E0,-7.193398003386E-1));
#1739=VECTOR('',#1738,3.006410103323E-1);
#1740=CARTESIAN_POINT('',(-2.893681524374E0,0.E0,-6.946583704590E-2));
#1741=LINE('',#1740,#1739);
#1742=DIRECTION('',(0.E0,1.E0,0.E0));
#1743=VECTOR('',#1742,2.65E0);
#1744=CARTESIAN_POINT('',(-2.893681524374E0,0.E0,-6.946583704590E-2));
#1745=LINE('',#1744,#1743);
#1746=DIRECTION('',(6.946583704590E-1,0.E0,-7.193398003387E-1));
#1747=VECTOR('',#1746,3.006410103323E-1);
#1748=CARTESIAN_POINT('',(-2.893681524374E0,2.65E0,-6.946583704590E-2));
#1749=LINE('',#1748,#1747);
#1750=DIRECTION('',(-4.383711467891E-1,0.E0,-8.987940462992E-1));
#1751=VECTOR('',#1750,3.006410103323E-1);
#1752=CARTESIAN_POINT('',(-2.641728449543E0,0.E0,-5.579164801977E-1));
#1753=LINE('',#1752,#1751);
#1754=DIRECTION('',(-4.383711467891E-1,0.E0,-8.987940462992E-1));
#1755=VECTOR('',#1754,3.006410103323E-1);
#1756=CARTESIAN_POINT('',(-2.641728449543E0,2.65E0,-5.579164801977E-1));
#1757=LINE('',#1756,#1755);
#1758=CARTESIAN_POINT('',(-2.683641389384E0,0.E0,-8.719679450367E-1));
#1759=DIRECTION('',(0.E0,-1.E0,0.E0));
#1760=DIRECTION('',(-8.987940462992E-1,0.E0,4.383711467891E-1));
#1761=AXIS2_PLACEMENT_3D('',#1758,#1759,#1760);
#1763=DIRECTION('',(0.E0,1.E0,0.E0));
#1764=VECTOR('',#1763,2.65E0);
#1765=CARTESIAN_POINT('',(-2.773520794014E0,0.E0,-8.281308303578E-1));
#1766=LINE('',#1765,#1764);
#1767=CARTESIAN_POINT('',(-2.683641389384E0,2.65E0,-8.719679450367E-1));
#1768=DIRECTION('',(0.E0,-1.E0,0.E0));
#1769=DIRECTION('',(-8.987940462992E-1,0.E0,4.383711467891E-1));
#1770=AXIS2_PLACEMENT_3D('',#1767,#1768,#1769);
#1772=DIRECTION('',(8.829475928589E-1,0.E0,-4.694715627859E-1));
#1773=VECTOR('',#1772,3.006410103323E-1);
#1774=CARTESIAN_POINT('',(-2.730588545663E0,0.E0,-9.602627043226E-1));
#1775=LINE('',#1774,#1773);
#1776=DIRECTION('',(0.E0,1.E0,0.E0));
#1777=VECTOR('',#1776,2.65E0);
#1778=CARTESIAN_POINT('',(-2.730588545663E0,0.E0,-9.602627043226E-1));
#1779=LINE('',#1778,#1777);
#1780=DIRECTION('',(8.829475928589E-1,0.E0,-4.694715627859E-1));
#1781=VECTOR('',#1780,3.006410103323E-1);
#1782=CARTESIAN_POINT('',(-2.730588545663E0,2.65E0,-9.602627043226E-1));
#1783=LINE('',#1782,#1781);
#1784=DIRECTION('',(-1.391731009601E-1,0.E0,-9.902680687416E-1));
#1785=VECTOR('',#1784,3.006410103323E-1);
#1786=CARTESIAN_POINT('',(-2.340027382397E0,0.E0,-1.346949089473E0));
#1787=LINE('',#1786,#1785);
#1788=DIRECTION('',(-1.391731009601E-1,0.E0,-9.902680687416E-1));
#1789=VECTOR('',#1788,3.006410103323E-1);
#1790=CARTESIAN_POINT('',(-2.340027382397E0,2.65E0,-1.346949089473E0));
#1791=LINE('',#1790,#1789);
#1792=CARTESIAN_POINT('',(-2.282841717207E0,0.E0,-1.658581592255E0));
#1793=DIRECTION('',(0.E0,-1.E0,0.E0));
#1794=DIRECTION('',(-9.902680687416E-1,0.E0,1.391731009601E-1));
#1795=AXIS2_PLACEMENT_3D('',#1792,#1793,#1794);
#1797=DIRECTION('',(0.E0,1.E0,0.E0));
#1798=VECTOR('',#1797,2.65E0);
#1799=CARTESIAN_POINT('',(-2.381868524081E0,0.E0,-1.644664282159E0));
#1800=LINE('',#1799,#1798);
#1801=CARTESIAN_POINT('',(-2.282841717207E0,2.65E0,-1.658581592255E0));
#1802=DIRECTION('',(0.E0,-1.E0,0.E0));
#1803=DIRECTION('',(-9.902680687416E-1,0.E0,1.391731009601E-1));
#1804=AXIS2_PLACEMENT_3D('',#1801,#1802,#1803);
#1806=DIRECTION('',(9.848077530122E-1,0.E0,-1.736481776669E-1));
#1807=VECTOR('',#1806,3.006410103323E-1);
#1808=CARTESIAN_POINT('',(-2.300206534973E0,0.E0,-1.757062367557E0));
#1809=LINE('',#1808,#1807);
#1810=DIRECTION('',(0.E0,1.E0,0.E0));
#1811=VECTOR('',#1810,2.65E0);
#1812=CARTESIAN_POINT('',(-2.300206534973E0,0.E0,-1.757062367557E0));
#1813=LINE('',#1812,#1811);
#1814=DIRECTION('',(9.848077530122E-1,0.E0,-1.736481776669E-1));
#1815=VECTOR('',#1814,3.006410103323E-1);
#1816=CARTESIAN_POINT('',(-2.300206534973E0,2.65E0,-1.757062367557E0));
#1817=LINE('',#1816,#1815);
#1818=DIRECTION('',(1.736481776669E-1,0.E0,-9.848077530122E-1));
#1819=VECTOR('',#1818,3.006410103323E-1);
#1820=CARTESIAN_POINT('',(-1.809268131133E0,0.E0,-2.004132937125E0));
#1821=LINE('',#1820,#1819);
#1822=DIRECTION('',(1.736481776669E-1,0.E0,-9.848077530122E-1));
#1823=VECTOR('',#1822,3.006410103323E-1);
#1824=CARTESIAN_POINT('',(-1.809268131133E0,2.65E0,-2.004132937125E0));
#1825=LINE('',#1824,#1823);
#1826=CARTESIAN_POINT('',(-1.658581592255E0,0.E0,-2.282841717207E0));
#1827=DIRECTION('',(0.E0,-1.E0,0.E0));
#1828=DIRECTION('',(-9.848077530122E-1,0.E0,-1.736481776669E-1));
#1829=AXIS2_PLACEMENT_3D('',#1826,#1827,#1828);
#1831=DIRECTION('',(0.E0,1.E0,0.E0));
#1832=VECTOR('',#1831,2.65E0);
#1833=CARTESIAN_POINT('',(-1.757062367557E0,0.E0,-2.300206534973E0));
#1834=LINE('',#1833,#1832);
#1835=CARTESIAN_POINT('',(-1.658581592255E0,2.65E0,-2.282841717207E0));
#1836=DIRECTION('',(0.E0,-1.E0,0.E0));
#1837=DIRECTION('',(-9.848077530122E-1,0.E0,-1.736481776669E-1));
#1838=AXIS2_PLACEMENT_3D('',#1835,#1836,#1837);
#1840=DIRECTION('',(9.902680687416E-1,0.E0,1.391731009601E-1));
#1841=VECTOR('',#1840,3.006410103323E-1);
#1842=CARTESIAN_POINT('',(-1.644664282159E0,0.E0,-2.381868524081E0));
#1843=LINE('',#1842,#1841);
#1844=DIRECTION('',(0.E0,1.E0,0.E0));
#1845=VECTOR('',#1844,2.65E0);
#1846=CARTESIAN_POINT('',(-1.644664282159E0,0.E0,-2.381868524081E0));
#1847=LINE('',#1846,#1845);
#1848=DIRECTION('',(9.902680687416E-1,0.E0,1.391731009601E-1));
#1849=VECTOR('',#1848,3.006410103323E-1);
#1850=CARTESIAN_POINT('',(-1.644664282159E0,2.65E0,-2.381868524081E0));
#1851=LINE('',#1850,#1849);
#1852=DIRECTION('',(4.694715627859E-1,0.E0,-8.829475928589E-1));
#1853=VECTOR('',#1852,3.006410103323E-1);
#1854=CARTESIAN_POINT('',(-1.101405109281E0,0.E0,-2.465138289275E0));
#1855=LINE('',#1854,#1853);
#1856=DIRECTION('',(4.694715627859E-1,0.E0,-8.829475928589E-1));
#1857=VECTOR('',#1856,3.006410103323E-1);
#1858=CARTESIAN_POINT('',(-1.101405109281E0,2.65E0,-2.465138289275E0));
#1859=LINE('',#1858,#1857);
#1860=CARTESIAN_POINT('',(-8.719679450367E-1,0.E0,-2.683641389384E0));
#1861=DIRECTION('',(0.E0,-1.E0,0.E0));
#1862=DIRECTION('',(-8.829475928589E-1,0.E0,-4.694715627859E-1));
#1863=AXIS2_PLACEMENT_3D('',#1860,#1861,#1862);
#1865=DIRECTION('',(0.E0,1.E0,0.E0));
#1866=VECTOR('',#1865,2.65E0);
#1867=CARTESIAN_POINT('',(-9.602627043226E-1,0.E0,-2.730588545663E0));
#1868=LINE('',#1867,#1866);
#1869=CARTESIAN_POINT('',(-8.719679450367E-1,2.65E0,-2.683641389384E0));
#1870=DIRECTION('',(0.E0,-1.E0,0.E0));
#1871=DIRECTION('',(-8.829475928589E-1,0.E0,-4.694715627859E-1));
#1872=AXIS2_PLACEMENT_3D('',#1869,#1870,#1871);
#1874=DIRECTION('',(8.987940462992E-1,0.E0,4.383711467891E-1));
#1875=VECTOR('',#1874,3.006410103323E-1);
#1876=CARTESIAN_POINT('',(-8.281308303578E-1,0.E0,-2.773520794014E0));
#1877=LINE('',#1876,#1875);
#1878=DIRECTION('',(0.E0,1.E0,0.E0));
#1879=VECTOR('',#1878,2.65E0);
#1880=CARTESIAN_POINT('',(-8.281308303578E-1,0.E0,-2.773520794014E0));
#1881=LINE('',#1880,#1879);
#1882=DIRECTION('',(8.987940462992E-1,0.E0,4.383711467891E-1));
#1883=VECTOR('',#1882,3.006410103323E-1);
#1884=CARTESIAN_POINT('',(-8.281308303578E-1,2.65E0,-2.773520794014E0));
#1885=LINE('',#1884,#1883);
#1886=DIRECTION('',(0.E0,-1.E0,0.E0));
#1887=VECTOR('',#1886,4.E0);
#1888=CARTESIAN_POINT('',(7.5E-1,4.E0,-5.5E0));
#1889=LINE('',#1888,#1887);
#1890=DIRECTION('',(0.E0,-1.E0,0.E0));
#1891=VECTOR('',#1890,4.E0);
#1892=CARTESIAN_POINT('',(-7.5E-1,4.E0,-5.5E0));
#1893=LINE('',#1892,#1891);
#1894=DIRECTION('',(0.E0,-1.E0,0.E0));
#1895=VECTOR('',#1894,4.E0);
#1896=CARTESIAN_POINT('',(7.5E-1,4.E0,5.5E0));
#1897=LINE('',#1896,#1895);
#1898=DIRECTION('',(0.E0,-1.E0,0.E0));
#1899=VECTOR('',#1898,4.E0);
#1900=CARTESIAN_POINT('',(-7.5E-1,4.E0,5.5E0));
#1901=LINE('',#1900,#1899);
#1902=CARTESIAN_POINT('',(8.E-1,3.75E0,-8.E0));
#1903=CARTESIAN_POINT('',(-8.E-1,3.75E0,-8.E0));
#1904=VERTEX_POINT('',#1902);
#1905=VERTEX_POINT('',#1903);
#1906=CARTESIAN_POINT('',(1.05E0,4.E0,-8.E0));
#1907=CARTESIAN_POINT('',(-1.05E0,4.E0,-8.E0));
#1908=VERTEX_POINT('',#1906);
#1909=VERTEX_POINT('',#1907);
#1910=CARTESIAN_POINT('',(5.091168824543E0,3.75E0,6.222539674442E0));
#1911=CARTESIAN_POINT('',(6.222539674442E0,3.75E0,5.091168824543E0));
#1912=VERTEX_POINT('',#1910);
#1913=VERTEX_POINT('',#1911);
#1914=CARTESIAN_POINT('',(4.914392129247E0,4.E0,6.399316369738E0));
#1915=CARTESIAN_POINT('',(6.399316369738E0,4.E0,4.914392129247E0));
#1916=VERTEX_POINT('',#1914);
#1917=VERTEX_POINT('',#1915);
#1918=CARTESIAN_POINT('',(-8.E-1,3.75E0,8.E0));
#1919=CARTESIAN_POINT('',(8.E-1,3.75E0,8.E0));
#1920=VERTEX_POINT('',#1918);
#1921=VERTEX_POINT('',#1919);
#1922=CARTESIAN_POINT('',(-1.05E0,4.E0,8.E0));
#1923=CARTESIAN_POINT('',(1.05E0,4.E0,8.E0));
#1924=VERTEX_POINT('',#1922);
#1925=VERTEX_POINT('',#1923);
#1926=CARTESIAN_POINT('',(-6.222539674442E0,3.75E0,5.091168824543E0));
#1927=CARTESIAN_POINT('',(-5.091168824543E0,3.75E0,6.222539674442E0));
#1928=VERTEX_POINT('',#1926);
#1929=VERTEX_POINT('',#1927);
#1930=CARTESIAN_POINT('',(-6.399316369738E0,4.E0,4.914392129247E0));
#1931=CARTESIAN_POINT('',(-4.914392129247E0,4.E0,6.399316369738E0));
#1932=VERTEX_POINT('',#1930);
#1933=VERTEX_POINT('',#1931);
#1934=CARTESIAN_POINT('',(-8.E0,3.75E0,-8.E-1));
#1935=CARTESIAN_POINT('',(-8.E0,3.75E0,8.E-1));
#1936=VERTEX_POINT('',#1934);
#1937=VERTEX_POINT('',#1935);
#1938=CARTESIAN_POINT('',(-8.E0,4.E0,-1.05E0));
#1939=CARTESIAN_POINT('',(-8.E0,4.E0,1.05E0));
#1940=VERTEX_POINT('',#1938);
#1941=VERTEX_POINT('',#1939);
#1942=CARTESIAN_POINT('',(-5.091168824543E0,3.75E0,-6.222539674442E0));
#1943=CARTESIAN_POINT('',(-6.222539674442E0,3.75E0,-5.091168824543E0));
#1944=VERTEX_POINT('',#1942);
#1945=VERTEX_POINT('',#1943);
#1946=CARTESIAN_POINT('',(-4.914392129247E0,4.E0,-6.399316369738E0));
#1947=CARTESIAN_POINT('',(-6.399316369738E0,4.E0,-4.914392129247E0));
#1948=VERTEX_POINT('',#1946);
#1949=VERTEX_POINT('',#1947);
#1950=CARTESIAN_POINT('',(-8.5E-1,0.E0,-8.E0));
#1951=CARTESIAN_POINT('',(8.5E-1,0.E0,-8.E0));
#1952=VERTEX_POINT('',#1950);
#1953=VERTEX_POINT('',#1951);
#1954=CARTESIAN_POINT('',(-8.E-1,5.E-2,-8.E0));
#1955=CARTESIAN_POINT('',(8.E-1,5.E-2,-8.E0));
#1956=VERTEX_POINT('',#1954);
#1957=VERTEX_POINT('',#1955);
#1958=CARTESIAN_POINT('',(-6.257895013501E0,0.E0,-5.055813485484E0));
#1959=CARTESIAN_POINT('',(-5.055813485484E0,0.E0,-6.257895013501E0));
#1960=VERTEX_POINT('',#1958);
#1961=VERTEX_POINT('',#1959);
#1962=CARTESIAN_POINT('',(-6.222539674442E0,5.E-2,-5.091168824543E0));
#1963=CARTESIAN_POINT('',(-5.091168824543E0,5.E-2,-6.222539674442E0));
#1964=VERTEX_POINT('',#1962);
#1965=VERTEX_POINT('',#1963);
#1966=CARTESIAN_POINT('',(-8.E0,0.E0,8.5E-1));
#1967=CARTESIAN_POINT('',(-8.E0,0.E0,-8.5E-1));
#1968=VERTEX_POINT('',#1966);
#1969=VERTEX_POINT('',#1967);
#1970=CARTESIAN_POINT('',(-8.E0,5.000000000001E-2,8.E-1));
#1971=CARTESIAN_POINT('',(-8.E0,5.000000000001E-2,-8.E-1));
#1972=VERTEX_POINT('',#1970);
#1973=VERTEX_POINT('',#1971);
#1974=CARTESIAN_POINT('',(-5.055813485484E0,0.E0,6.257895013501E0));
#1975=CARTESIAN_POINT('',(-6.257895013501E0,0.E0,5.055813485484E0));
#1976=VERTEX_POINT('',#1974);
#1977=VERTEX_POINT('',#1975);
#1978=CARTESIAN_POINT('',(-5.091168824543E0,5.E-2,6.222539674442E0));
#1979=CARTESIAN_POINT('',(-6.222539674442E0,5.E-2,5.091168824543E0));
#1980=VERTEX_POINT('',#1978);
#1981=VERTEX_POINT('',#1979);
#1982=CARTESIAN_POINT('',(8.5E-1,0.E0,8.E0));
#1983=CARTESIAN_POINT('',(-8.5E-1,0.E0,8.E0));
#1984=VERTEX_POINT('',#1982);
#1985=VERTEX_POINT('',#1983);
#1986=CARTESIAN_POINT('',(8.E-1,5.000000000001E-2,8.E0));
#1987=CARTESIAN_POINT('',(-8.E-1,5.000000000001E-2,8.E0));
#1988=VERTEX_POINT('',#1986);
#1989=VERTEX_POINT('',#1987);
#1990=CARTESIAN_POINT('',(6.257895013501E0,0.E0,5.055813485484E0));
#1991=CARTESIAN_POINT('',(5.055813485484E0,0.E0,6.257895013501E0));
#1992=VERTEX_POINT('',#1990);
#1993=VERTEX_POINT('',#1991);
#1994=CARTESIAN_POINT('',(6.222539674442E0,5.E-2,5.091168824543E0));
#1995=CARTESIAN_POINT('',(5.091168824543E0,5.E-2,6.222539674442E0));
#1996=VERTEX_POINT('',#1994);
#1997=VERTEX_POINT('',#1995);
#1998=CARTESIAN_POINT('',(2.857288813920E-1,2.65E0,-2.684838730043E0));
#1999=CARTESIAN_POINT('',(5.579164801977E-1,2.65E0,-2.641728449543E0));
#2000=VERTEX_POINT('',#1998);
#2001=VERTEX_POINT('',#1999);
#2002=CARTESIAN_POINT('',(1.101405109281E0,2.65E0,-2.465138289275E0));
#2003=CARTESIAN_POINT('',(1.346949089473E0,2.65E0,-2.340027382397E0));
#2004=VERTEX_POINT('',#2002);
#2005=VERTEX_POINT('',#2003);
#2006=CARTESIAN_POINT('',(1.809268131133E0,2.65E0,-2.004132937125E0));
#2007=CARTESIAN_POINT('',(2.004132937125E0,2.65E0,-1.809268131133E0));
#2008=VERTEX_POINT('',#2006);
#2009=VERTEX_POINT('',#2007);
#2010=CARTESIAN_POINT('',(2.340027382397E0,2.65E0,-1.346949089473E0));
#2011=CARTESIAN_POINT('',(2.465138289275E0,2.65E0,-1.101405109281E0));
#2012=VERTEX_POINT('',#2010);
#2013=VERTEX_POINT('',#2011);
#2014=CARTESIAN_POINT('',(2.641728449543E0,2.65E0,-5.579164801977E-1));
#2015=CARTESIAN_POINT('',(2.684838730043E0,2.65E0,-2.857288813920E-1));
#2016=VERTEX_POINT('',#2014);
#2017=VERTEX_POINT('',#2015);
#2018=CARTESIAN_POINT('',(2.684838730043E0,2.65E0,2.857288813920E-1));
#2019=CARTESIAN_POINT('',(2.641728449543E0,2.65E0,5.579164801977E-1));
#2020=VERTEX_POINT('',#2018);
#2021=VERTEX_POINT('',#2019);
#2022=CARTESIAN_POINT('',(2.004132937125E0,2.65E0,1.809268131133E0));
#2023=CARTESIAN_POINT('',(1.809268131133E0,2.65E0,2.004132937125E0));
#2024=VERTEX_POINT('',#2022);
#2025=VERTEX_POINT('',#2023);
#2026=CARTESIAN_POINT('',(1.346949089473E0,2.65E0,2.340027382397E0));
#2027=CARTESIAN_POINT('',(1.101405109281E0,2.65E0,2.465138289275E0));
#2028=VERTEX_POINT('',#2026);
#2029=VERTEX_POINT('',#2027);
#2030=CARTESIAN_POINT('',(5.579164801977E-1,2.65E0,2.641728449543E0));
#2031=CARTESIAN_POINT('',(2.857288813920E-1,2.65E0,2.684838730043E0));
#2032=VERTEX_POINT('',#2030);
#2033=VERTEX_POINT('',#2031);
#2034=CARTESIAN_POINT('',(-2.857288813920E-1,2.65E0,2.684838730043E0));
#2035=CARTESIAN_POINT('',(-5.579164801977E-1,2.65E0,2.641728449543E0));
#2036=VERTEX_POINT('',#2034);
#2037=VERTEX_POINT('',#2035);
#2038=CARTESIAN_POINT('',(-1.101405109281E0,2.65E0,2.465138289275E0));
#2039=CARTESIAN_POINT('',(-1.346949089473E0,2.65E0,2.340027382397E0));
#2040=VERTEX_POINT('',#2038);
#2041=VERTEX_POINT('',#2039);
#2042=CARTESIAN_POINT('',(-1.809268131133E0,2.65E0,2.004132937125E0));
#2043=CARTESIAN_POINT('',(-2.004132937125E0,2.65E0,1.809268131133E0));
#2044=VERTEX_POINT('',#2042);
#2045=VERTEX_POINT('',#2043);
#2046=CARTESIAN_POINT('',(-2.340027382397E0,2.65E0,1.346949089473E0));
#2047=CARTESIAN_POINT('',(-2.465138289275E0,2.65E0,1.101405109281E0));
#2048=VERTEX_POINT('',#2046);
#2049=VERTEX_POINT('',#2047);
#2050=CARTESIAN_POINT('',(-2.641728449543E0,2.65E0,5.579164801977E-1));
#2051=CARTESIAN_POINT('',(-2.684838730043E0,2.65E0,2.857288813920E-1));
#2052=VERTEX_POINT('',#2050);
#2053=VERTEX_POINT('',#2051);
#2054=CARTESIAN_POINT('',(-2.684838730043E0,2.65E0,-2.857288813920E-1));
#2055=CARTESIAN_POINT('',(-2.641728449543E0,2.65E0,-5.579164801977E-1));
#2056=VERTEX_POINT('',#2054);
#2057=VERTEX_POINT('',#2055);
#2058=CARTESIAN_POINT('',(-2.465138289275E0,2.65E0,-1.101405109281E0));
#2059=CARTESIAN_POINT('',(-2.340027382397E0,2.65E0,-1.346949089473E0));
#2060=VERTEX_POINT('',#2058);
#2061=VERTEX_POINT('',#2059);
#2062=CARTESIAN_POINT('',(-2.004132937125E0,2.65E0,-1.809268131133E0));
#2063=CARTESIAN_POINT('',(-1.809268131133E0,2.65E0,-2.004132937125E0));
#2064=VERTEX_POINT('',#2062);
#2065=VERTEX_POINT('',#2063);
#2066=CARTESIAN_POINT('',(-1.346949089473E0,2.65E0,-2.340027382397E0));
#2067=CARTESIAN_POINT('',(-1.101405109281E0,2.65E0,-2.465138289275E0));
#2068=VERTEX_POINT('',#2066);
#2069=VERTEX_POINT('',#2067);
#2070=CARTESIAN_POINT('',(-5.579164801977E-1,2.65E0,-2.641728449543E0));
#2071=CARTESIAN_POINT('',(-2.857288813920E-1,2.65E0,-2.684838730043E0));
#2072=VERTEX_POINT('',#2070);
#2073=VERTEX_POINT('',#2071);
#2074=CARTESIAN_POINT('',(6.946583704590E-2,2.65E0,-2.893681524374E0));
#2075=VERTEX_POINT('',#2074);
#2076=CARTESIAN_POINT('',(-6.946583704590E-2,2.65E0,-2.893681524374E0));
#2077=VERTEX_POINT('',#2076);
#2078=CARTESIAN_POINT('',(9.602627043226E-1,2.65E0,-2.730588545663E0));
#2079=VERTEX_POINT('',#2078);
#2080=CARTESIAN_POINT('',(8.281308303578E-1,2.65E0,-2.773520794014E0));
#2081=VERTEX_POINT('',#2080);
#2082=CARTESIAN_POINT('',(1.757062367557E0,2.65E0,-2.300206534973E0));
#2083=VERTEX_POINT('',#2082);
#2084=CARTESIAN_POINT('',(1.644664282159E0,2.65E0,-2.381868524081E0));
#2085=VERTEX_POINT('',#2084);
#2086=CARTESIAN_POINT('',(2.381868524081E0,2.65E0,-1.644664282159E0));
#2087=VERTEX_POINT('',#2086);
#2088=CARTESIAN_POINT('',(2.300206534973E0,2.65E0,-1.757062367557E0));
#2089=VERTEX_POINT('',#2088);
#2090=CARTESIAN_POINT('',(2.773520794014E0,2.65E0,-8.281308303578E-1));
#2091=VERTEX_POINT('',#2090);
#2092=CARTESIAN_POINT('',(2.730588545663E0,2.65E0,-9.602627043226E-1));
#2093=VERTEX_POINT('',#2092);
#2094=CARTESIAN_POINT('',(2.893681524374E0,2.65E0,6.946583704590E-2));
#2095=VERTEX_POINT('',#2094);
#2096=CARTESIAN_POINT('',(2.893681524374E0,2.65E0,-6.946583704590E-2));
#2097=VERTEX_POINT('',#2096);
#2098=CARTESIAN_POINT('',(2.773520794014E0,2.65E0,8.281308303578E-1));
#2099=VERTEX_POINT('',#2098);
#2100=CARTESIAN_POINT('',(2.730588545663E0,2.65E0,9.602627043226E-1));
#2101=VERTEX_POINT('',#2100);
#2102=CARTESIAN_POINT('',(1.644664282159E0,2.65E0,2.381868524081E0));
#2103=VERTEX_POINT('',#2102);
#2104=CARTESIAN_POINT('',(1.757062367557E0,2.65E0,2.300206534973E0));
#2105=VERTEX_POINT('',#2104);
#2106=CARTESIAN_POINT('',(8.281308303578E-1,2.65E0,2.773520794014E0));
#2107=VERTEX_POINT('',#2106);
#2108=CARTESIAN_POINT('',(9.602627043226E-1,2.65E0,2.730588545663E0));
#2109=VERTEX_POINT('',#2108);
#2110=CARTESIAN_POINT('',(-6.946583704590E-2,2.65E0,2.893681524374E0));
#2111=VERTEX_POINT('',#2110);
#2112=CARTESIAN_POINT('',(6.946583704590E-2,2.65E0,2.893681524374E0));
#2113=VERTEX_POINT('',#2112);
#2114=CARTESIAN_POINT('',(-9.602627043226E-1,2.65E0,2.730588545663E0));
#2115=VERTEX_POINT('',#2114);
#2116=CARTESIAN_POINT('',(-8.281308303578E-1,2.65E0,2.773520794014E0));
#2117=VERTEX_POINT('',#2116);
#2118=CARTESIAN_POINT('',(-1.757062367557E0,2.65E0,2.300206534973E0));
#2119=VERTEX_POINT('',#2118);
#2120=CARTESIAN_POINT('',(-1.644664282159E0,2.65E0,2.381868524081E0));
#2121=VERTEX_POINT('',#2120);
#2122=CARTESIAN_POINT('',(-2.381868524081E0,2.65E0,1.644664282159E0));
#2123=VERTEX_POINT('',#2122);
#2124=CARTESIAN_POINT('',(-2.300206534973E0,2.65E0,1.757062367557E0));
#2125=VERTEX_POINT('',#2124);
#2126=CARTESIAN_POINT('',(-2.773520794014E0,2.65E0,8.281308303578E-1));
#2127=VERTEX_POINT('',#2126);
#2128=CARTESIAN_POINT('',(-2.730588545663E0,2.65E0,9.602627043226E-1));
#2129=VERTEX_POINT('',#2128);
#2130=CARTESIAN_POINT('',(-2.893681524374E0,2.65E0,-6.946583704590E-2));
#2131=VERTEX_POINT('',#2130);
#2132=CARTESIAN_POINT('',(-2.893681524374E0,2.65E0,6.946583704590E-2));
#2133=VERTEX_POINT('',#2132);
#2134=CARTESIAN_POINT('',(-2.730588545663E0,2.65E0,-9.602627043226E-1));
#2135=VERTEX_POINT('',#2134);
#2136=CARTESIAN_POINT('',(-2.773520794014E0,2.65E0,-8.281308303578E-1));
#2137=VERTEX_POINT('',#2136);
#2138=CARTESIAN_POINT('',(-2.300206534973E0,2.65E0,-1.757062367557E0));
#2139=VERTEX_POINT('',#2138);
#2140=CARTESIAN_POINT('',(-2.381868524081E0,2.65E0,-1.644664282159E0));
#2141=VERTEX_POINT('',#2140);
#2142=CARTESIAN_POINT('',(-1.644664282159E0,2.65E0,-2.381868524081E0));
#2143=VERTEX_POINT('',#2142);
#2144=CARTESIAN_POINT('',(-1.757062367557E0,2.65E0,-2.300206534973E0));
#2145=VERTEX_POINT('',#2144);
#2146=CARTESIAN_POINT('',(-8.281308303578E-1,2.65E0,-2.773520794014E0));
#2147=VERTEX_POINT('',#2146);
#2148=CARTESIAN_POINT('',(-9.602627043226E-1,2.65E0,-2.730588545663E0));
#2149=VERTEX_POINT('',#2148);
#2150=CARTESIAN_POINT('',(-2.95E0,4.5E0,0.E0));
#2151=CARTESIAN_POINT('',(-3.45E0,4.5E0,0.E0));
#2152=VERTEX_POINT('',#2150);
#2153=VERTEX_POINT('',#2151);
#2154=CARTESIAN_POINT('',(-3.2E0,4.25E0,0.E0));
#2155=VERTEX_POINT('',#2154);
#2156=CARTESIAN_POINT('',(7.576467662768E0,4.E0,-5.813745587401E0));
#2157=CARTESIAN_POINT('',(7.917201517839E0,4.E0,5.340451303582E0));
#2158=VERTEX_POINT('',#2156);
#2159=VERTEX_POINT('',#2157);
#2160=CARTESIAN_POINT('',(8.432239592749E0,4.E0,4.483284002880E0));
#2161=CARTESIAN_POINT('',(9.493453558180E0,4.E0,1.037708792816E0));
#2162=VERTEX_POINT('',#2160);
#2163=VERTEX_POINT('',#2161);
#2164=CARTESIAN_POINT('',(9.681835034862E0,3.8E0,1.150899803509E0));
#2165=CARTESIAN_POINT('',(8.603903660351E0,3.8E0,4.586430180804E0));
#2166=VERTEX_POINT('',#2164);
#2167=VERTEX_POINT('',#2165);
#2168=CARTESIAN_POINT('',(8.088865585441E0,3.8E0,5.443597481507E0));
#2169=CARTESIAN_POINT('',(7.687002780593E0,3.8E0,-5.997706916076E0));
#2170=VERTEX_POINT('',#2168);
#2171=VERTEX_POINT('',#2169);
#2172=CARTESIAN_POINT('',(3.144258226996E0,4.E0,2.472577643263E0));
#2173=CARTESIAN_POINT('',(3.659296301906E0,4.E0,1.615410342561E0));
#2174=VERTEX_POINT('',#2172);
#2175=VERTEX_POINT('',#2173);
#2176=CARTESIAN_POINT('',(3.486435378577E0,4.5E0,1.511545021164E0));
#2177=CARTESIAN_POINT('',(2.971397303667E0,4.5E0,2.368712321866E0));
#2178=VERTEX_POINT('',#2176);
#2179=VERTEX_POINT('',#2177);
#2180=CARTESIAN_POINT('',(3.144258226996E0,4.3E0,2.472577643263E0));
#2181=CARTESIAN_POINT('',(3.659296301906E0,4.3E0,1.615410342561E0));
#2182=VERTEX_POINT('',#2180);
#2183=VERTEX_POINT('',#2181);
#2184=CARTESIAN_POINT('',(1.469736659331E0,4.4E0,2.997901803253E-1));
#2185=CARTESIAN_POINT('',(9.546985844206E-1,4.4E0,1.156957481027E0));
#2186=VERTEX_POINT('',#2184);
#2187=VERTEX_POINT('',#2185);
#2188=CARTESIAN_POINT('',(1.045262469559E0,4.5E0,1.211373753113E0));
#2189=CARTESIAN_POINT('',(1.560300544469E0,4.5E0,3.542064524110E-1));
#2190=VERTEX_POINT('',#2188);
#2191=VERTEX_POINT('',#2189);
#2192=CARTESIAN_POINT('',(2.910680349943E0,2.E0,7.582080182935E0));
#2193=CARTESIAN_POINT('',(1.977373632171E0,2.E0,7.582080182935E0));
#2194=VERTEX_POINT('',#2192);
#2195=VERTEX_POINT('',#2193);
#2196=CARTESIAN_POINT('',(1.539212668820E0,2.E0,6.758019263079E0));
#2197=VERTEX_POINT('',#2196);
#2198=CARTESIAN_POINT('',(5.228351687038E0,2.E0,3.724827329775E0));
#2199=VERTEX_POINT('',#2198);
#2200=CARTESIAN_POINT('',(3.856884005915E0,2.E0,2.900766409919E0));
#2201=VERTEX_POINT('',#2200);
#2202=CARTESIAN_POINT('',(7.760314849309E0,2.E0,-3.666004656585E-3));
#2203=CARTESIAN_POINT('',(5.957681587124E0,2.E0,2.996419547801E0));
#2204=VERTEX_POINT('',#2202);
#2205=VERTEX_POINT('',#2203);
#2206=CARTESIAN_POINT('',(5.960263517835E0,2.E0,-1.085245961968E0));
#2207=CARTESIAN_POINT('',(4.157630255650E0,2.E0,1.914839590490E0));
#2208=VERTEX_POINT('',#2206);
#2209=VERTEX_POINT('',#2207);
#2210=CARTESIAN_POINT('',(2.857288813920E-1,0.E0,-2.684838730043E0));
#2211=CARTESIAN_POINT('',(5.579164801977E-1,0.E0,-2.641728449543E0));
#2212=VERTEX_POINT('',#2210);
#2213=VERTEX_POINT('',#2211);
#2214=CARTESIAN_POINT('',(1.101405109281E0,0.E0,-2.465138289275E0));
#2215=CARTESIAN_POINT('',(1.346949089473E0,0.E0,-2.340027382397E0));
#2216=VERTEX_POINT('',#2214);
#2217=VERTEX_POINT('',#2215);
#2218=CARTESIAN_POINT('',(1.809268131133E0,0.E0,-2.004132937125E0));
#2219=CARTESIAN_POINT('',(2.004132937125E0,0.E0,-1.809268131133E0));
#2220=VERTEX_POINT('',#2218);
#2221=VERTEX_POINT('',#2219);
#2222=CARTESIAN_POINT('',(2.340027382397E0,0.E0,-1.346949089473E0));
#2223=CARTESIAN_POINT('',(2.465138289275E0,0.E0,-1.101405109281E0));
#2224=VERTEX_POINT('',#2222);
#2225=VERTEX_POINT('',#2223);
#2226=CARTESIAN_POINT('',(2.641728449543E0,0.E0,-5.579164801977E-1));
#2227=CARTESIAN_POINT('',(2.684838730043E0,0.E0,-2.857288813920E-1));
#2228=VERTEX_POINT('',#2226);
#2229=VERTEX_POINT('',#2227);
#2230=CARTESIAN_POINT('',(2.684838730043E0,0.E0,2.857288813920E-1));
#2231=CARTESIAN_POINT('',(2.641728449543E0,0.E0,5.579164801977E-1));
#2232=VERTEX_POINT('',#2230);
#2233=VERTEX_POINT('',#2231);
#2234=CARTESIAN_POINT('',(2.004132937125E0,0.E0,1.809268131133E0));
#2235=CARTESIAN_POINT('',(1.809268131133E0,0.E0,2.004132937125E0));
#2236=VERTEX_POINT('',#2234);
#2237=VERTEX_POINT('',#2235);
#2238=CARTESIAN_POINT('',(1.346949089473E0,0.E0,2.340027382397E0));
#2239=CARTESIAN_POINT('',(1.101405109281E0,0.E0,2.465138289275E0));
#2240=VERTEX_POINT('',#2238);
#2241=VERTEX_POINT('',#2239);
#2242=CARTESIAN_POINT('',(5.579164801977E-1,0.E0,2.641728449543E0));
#2243=CARTESIAN_POINT('',(2.857288813920E-1,0.E0,2.684838730043E0));
#2244=VERTEX_POINT('',#2242);
#2245=VERTEX_POINT('',#2243);
#2246=CARTESIAN_POINT('',(-2.857288813920E-1,0.E0,2.684838730043E0));
#2247=CARTESIAN_POINT('',(-5.579164801977E-1,0.E0,2.641728449543E0));
#2248=VERTEX_POINT('',#2246);
#2249=VERTEX_POINT('',#2247);
#2250=CARTESIAN_POINT('',(-1.101405109281E0,0.E0,2.465138289275E0));
#2251=CARTESIAN_POINT('',(-1.346949089473E0,0.E0,2.340027382397E0));
#2252=VERTEX_POINT('',#2250);
#2253=VERTEX_POINT('',#2251);
#2254=CARTESIAN_POINT('',(-1.809268131133E0,0.E0,2.004132937125E0));
#2255=CARTESIAN_POINT('',(-2.004132937125E0,0.E0,1.809268131133E0));
#2256=VERTEX_POINT('',#2254);
#2257=VERTEX_POINT('',#2255);
#2258=CARTESIAN_POINT('',(-2.340027382397E0,0.E0,1.346949089473E0));
#2259=CARTESIAN_POINT('',(-2.465138289275E0,0.E0,1.101405109281E0));
#2260=VERTEX_POINT('',#2258);
#2261=VERTEX_POINT('',#2259);
#2262=CARTESIAN_POINT('',(-2.641728449543E0,0.E0,5.579164801977E-1));
#2263=CARTESIAN_POINT('',(-2.684838730043E0,0.E0,2.857288813920E-1));
#2264=VERTEX_POINT('',#2262);
#2265=VERTEX_POINT('',#2263);
#2266=CARTESIAN_POINT('',(-2.684838730043E0,0.E0,-2.857288813920E-1));
#2267=CARTESIAN_POINT('',(-2.641728449543E0,0.E0,-5.579164801977E-1));
#2268=VERTEX_POINT('',#2266);
#2269=VERTEX_POINT('',#2267);
#2270=CARTESIAN_POINT('',(-2.465138289275E0,0.E0,-1.101405109281E0));
#2271=CARTESIAN_POINT('',(-2.340027382397E0,0.E0,-1.346949089473E0));
#2272=VERTEX_POINT('',#2270);
#2273=VERTEX_POINT('',#2271);
#2274=CARTESIAN_POINT('',(-2.004132937125E0,0.E0,-1.809268131133E0));
#2275=CARTESIAN_POINT('',(-1.809268131133E0,0.E0,-2.004132937125E0));
#2276=VERTEX_POINT('',#2274);
#2277=VERTEX_POINT('',#2275);
#2278=CARTESIAN_POINT('',(-1.346949089473E0,0.E0,-2.340027382397E0));
#2279=CARTESIAN_POINT('',(-1.101405109281E0,0.E0,-2.465138289275E0));
#2280=VERTEX_POINT('',#2278);
#2281=VERTEX_POINT('',#2279);
#2282=CARTESIAN_POINT('',(-5.579164801977E-1,0.E0,-2.641728449543E0));
#2283=CARTESIAN_POINT('',(-2.857288813920E-1,0.E0,-2.684838730043E0));
#2284=VERTEX_POINT('',#2282);
#2285=VERTEX_POINT('',#2283);
#2286=CARTESIAN_POINT('',(6.946583704590E-2,0.E0,-2.893681524374E0));
#2287=VERTEX_POINT('',#2286);
#2288=CARTESIAN_POINT('',(-6.946583704590E-2,0.E0,-2.893681524374E0));
#2289=VERTEX_POINT('',#2288);
#2290=CARTESIAN_POINT('',(9.602627043226E-1,0.E0,-2.730588545663E0));
#2291=VERTEX_POINT('',#2290);
#2292=CARTESIAN_POINT('',(8.281308303578E-1,0.E0,-2.773520794014E0));
#2293=VERTEX_POINT('',#2292);
#2294=CARTESIAN_POINT('',(1.757062367557E0,0.E0,-2.300206534973E0));
#2295=VERTEX_POINT('',#2294);
#2296=CARTESIAN_POINT('',(1.644664282159E0,0.E0,-2.381868524081E0));
#2297=VERTEX_POINT('',#2296);
#2298=CARTESIAN_POINT('',(2.381868524081E0,0.E0,-1.644664282159E0));
#2299=VERTEX_POINT('',#2298);
#2300=CARTESIAN_POINT('',(2.300206534973E0,0.E0,-1.757062367557E0));
#2301=VERTEX_POINT('',#2300);
#2302=CARTESIAN_POINT('',(2.773520794014E0,0.E0,-8.281308303578E-1));
#2303=VERTEX_POINT('',#2302);
#2304=CARTESIAN_POINT('',(2.730588545663E0,0.E0,-9.602627043226E-1));
#2305=VERTEX_POINT('',#2304);
#2306=CARTESIAN_POINT('',(2.730588545663E0,0.E0,9.602627043226E-1));
#2307=CARTESIAN_POINT('',(2.644833390061E0,0.E0,1.005859529369E0));
#2308=VERTEX_POINT('',#2306);
#2309=VERTEX_POINT('',#2307);
#2310=CARTESIAN_POINT('',(2.773520794014E0,0.E0,8.281308303578E-1));
#2311=VERTEX_POINT('',#2310);
#2312=CARTESIAN_POINT('',(2.032114437754E0,0.E0,1.804334237611E0));
#2313=VERTEX_POINT('',#2312);
#2314=CARTESIAN_POINT('',(1.644664282159E0,0.E0,2.381868524081E0));
#2315=VERTEX_POINT('',#2314);
#2316=CARTESIAN_POINT('',(1.757062367557E0,0.E0,2.300206534973E0));
#2317=VERTEX_POINT('',#2316);
#2318=CARTESIAN_POINT('',(8.281308303578E-1,0.E0,2.773520794014E0));
#2319=VERTEX_POINT('',#2318);
#2320=CARTESIAN_POINT('',(9.602627043226E-1,0.E0,2.730588545663E0));
#2321=VERTEX_POINT('',#2320);
#2322=CARTESIAN_POINT('',(-6.946583704590E-2,0.E0,2.893681524374E0));
#2323=VERTEX_POINT('',#2322);
#2324=CARTESIAN_POINT('',(6.946583704590E-2,0.E0,2.893681524374E0));
#2325=VERTEX_POINT('',#2324);
#2326=CARTESIAN_POINT('',(-9.602627043226E-1,0.E0,2.730588545663E0));
#2327=VERTEX_POINT('',#2326);
#2328=CARTESIAN_POINT('',(-8.281308303578E-1,0.E0,2.773520794014E0));
#2329=VERTEX_POINT('',#2328);
#2330=CARTESIAN_POINT('',(-1.757062367557E0,0.E0,2.300206534973E0));
#2331=VERTEX_POINT('',#2330);
#2332=CARTESIAN_POINT('',(-1.644664282159E0,0.E0,2.381868524081E0));
#2333=VERTEX_POINT('',#2332);
#2334=CARTESIAN_POINT('',(-2.381868524081E0,0.E0,1.644664282159E0));
#2335=VERTEX_POINT('',#2334);
#2336=CARTESIAN_POINT('',(-2.300206534973E0,0.E0,1.757062367557E0));
#2337=VERTEX_POINT('',#2336);
#2338=CARTESIAN_POINT('',(-2.773520794014E0,0.E0,8.281308303578E-1));
#2339=VERTEX_POINT('',#2338);
#2340=CARTESIAN_POINT('',(-2.730588545663E0,0.E0,9.602627043226E-1));
#2341=VERTEX_POINT('',#2340);
#2342=CARTESIAN_POINT('',(-2.893681524374E0,0.E0,-6.946583704590E-2));
#2343=VERTEX_POINT('',#2342);
#2344=CARTESIAN_POINT('',(-2.893681524374E0,0.E0,6.946583704590E-2));
#2345=VERTEX_POINT('',#2344);
#2346=CARTESIAN_POINT('',(-2.730588545663E0,0.E0,-9.602627043226E-1));
#2347=VERTEX_POINT('',#2346);
#2348=CARTESIAN_POINT('',(-2.773520794014E0,0.E0,-8.281308303578E-1));
#2349=VERTEX_POINT('',#2348);
#2350=CARTESIAN_POINT('',(-2.300206534973E0,0.E0,-1.757062367557E0));
#2351=VERTEX_POINT('',#2350);
#2352=CARTESIAN_POINT('',(-2.381868524081E0,0.E0,-1.644664282159E0));
#2353=VERTEX_POINT('',#2352);
#2354=CARTESIAN_POINT('',(-1.644664282159E0,0.E0,-2.381868524081E0));
#2355=VERTEX_POINT('',#2354);
#2356=CARTESIAN_POINT('',(-1.757062367557E0,0.E0,-2.300206534973E0));
#2357=VERTEX_POINT('',#2356);
#2358=CARTESIAN_POINT('',(-8.281308303578E-1,0.E0,-2.773520794014E0));
#2359=VERTEX_POINT('',#2358);
#2360=CARTESIAN_POINT('',(-9.602627043226E-1,0.E0,-2.730588545663E0));
#2361=VERTEX_POINT('',#2360);
#2362=CARTESIAN_POINT('',(7.214595260351E0,0.E0,-5.211488772829E0));
#2363=CARTESIAN_POINT('',(5.060237852098E0,0.E0,-1.626035940623E0));
#2364=VERTEX_POINT('',#2362);
#2365=VERTEX_POINT('',#2363);
#2366=CARTESIAN_POINT('',(8.875036652426E0,0.E0,6.661264280078E-1));
#2367=VERTEX_POINT('',#2366);
#2368=CARTESIAN_POINT('',(7.576467662768E0,2.E-1,-5.813745587401E0));
#2369=CARTESIAN_POINT('',(7.326405381702E0,2.E-1,-5.397572063713E0));
#2370=VERTEX_POINT('',#2368);
#2371=VERTEX_POINT('',#2369);
#2372=CARTESIAN_POINT('',(9.493453558180E0,2.E-1,1.037708792816E0));
#2373=CARTESIAN_POINT('',(9.066413610415E0,2.E-1,7.811173054527E-1));
#2374=VERTEX_POINT('',#2372);
#2375=VERTEX_POINT('',#2373);
#2376=CARTESIAN_POINT('',(7.687002780593E0,4.E-1,-5.997706916076E0));
#2377=VERTEX_POINT('',#2376);
#2378=CARTESIAN_POINT('',(9.681835034862E0,4.E-1,1.150899803509E0));
#2379=VERTEX_POINT('',#2378);
#2380=CARTESIAN_POINT('',(5.060237852098E0,4.E0,-1.626035940623E0));
#2381=VERTEX_POINT('',#2380);
#2382=CARTESIAN_POINT('',(8.088865585441E0,4.E-1,5.443597481507E0));
#2383=VERTEX_POINT('',#2382);
#2384=CARTESIAN_POINT('',(8.603903660351E0,4.E-1,4.586430180804E0));
#2385=VERTEX_POINT('',#2384);
#2386=CARTESIAN_POINT('',(8.432239592749E0,2.E-1,4.483284002880E0));
#2387=VERTEX_POINT('',#2386);
#2388=CARTESIAN_POINT('',(7.917201517839E0,2.E-1,5.340451303582E0));
#2389=VERTEX_POINT('',#2388);
#2390=CARTESIAN_POINT('',(7.530920222872E0,2.E-1,5.108350085570E0));
#2391=VERTEX_POINT('',#2390);
#2392=CARTESIAN_POINT('',(8.045958297782E0,2.E-1,4.251182784868E0));
#2393=VERTEX_POINT('',#2392);
#2394=CARTESIAN_POINT('',(7.874259632932E0,0.E0,4.148015818820E0));
#2395=VERTEX_POINT('',#2394);
#2396=CARTESIAN_POINT('',(7.359221558022E0,0.E0,5.005183119522E0));
#2397=VERTEX_POINT('',#2396);
#2398=CARTESIAN_POINT('',(9.546985844206E-1,3.45E0,1.156957481027E0));
#2399=VERTEX_POINT('',#2398);
#2400=CARTESIAN_POINT('',(1.469736659331E0,3.45E0,2.997901803253E-1));
#2401=VERTEX_POINT('',#2400);
#2402=CARTESIAN_POINT('',(2.278016031754E0,3.45E0,1.952086821602E0));
#2403=VERTEX_POINT('',#2402);
#2404=CARTESIAN_POINT('',(2.793054106664E0,3.45E0,1.094919520900E0));
#2405=VERTEX_POINT('',#2404);
#2406=CARTESIAN_POINT('',(2.278016031754E0,2.65E0,1.952086821602E0));
#2407=CARTESIAN_POINT('',(2.032114437754E0,2.65E0,1.804334237611E0));
#2408=VERTEX_POINT('',#2406);
#2409=VERTEX_POINT('',#2407);
#2410=CARTESIAN_POINT('',(2.793054106664E0,2.65E0,1.094919520900E0));
#2411=CARTESIAN_POINT('',(2.644833390061E0,2.65E0,1.005859529369E0));
#2412=VERTEX_POINT('',#2410);
#2413=VERTEX_POINT('',#2411);
#2414=CARTESIAN_POINT('',(2.893681524374E0,0.E0,6.946583704590E-2));
#2415=VERTEX_POINT('',#2414);
#2416=CARTESIAN_POINT('',(2.893681524374E0,0.E0,-6.946583704590E-2));
#2417=VERTEX_POINT('',#2416);
#2418=CARTESIAN_POINT('',(6.222539674442E0,3.75E0,-5.091168824543E0));
#2419=CARTESIAN_POINT('',(5.091168824543E0,3.75E0,-6.222539674442E0));
#2420=VERTEX_POINT('',#2418);
#2421=VERTEX_POINT('',#2419);
#2422=CARTESIAN_POINT('',(6.222539674442E0,0.E0,-5.091168824543E0));
#2423=CARTESIAN_POINT('',(5.091168824543E0,0.E0,-6.222539674442E0));
#2424=VERTEX_POINT('',#2422);
#2425=VERTEX_POINT('',#2423);
#2426=CARTESIAN_POINT('',(6.399316369738E0,4.E0,-4.914392129247E0));
#2427=CARTESIAN_POINT('',(4.914392129247E0,4.E0,-6.399316369738E0));
#2428=VERTEX_POINT('',#2426);
#2429=VERTEX_POINT('',#2427);
#2430=CARTESIAN_POINT('',(7.5E-1,0.E0,-5.5E0));
#2431=CARTESIAN_POINT('',(-7.5E-1,0.E0,-5.5E0));
#2432=VERTEX_POINT('',#2430);
#2433=VERTEX_POINT('',#2431);
#2434=CARTESIAN_POINT('',(7.5E-1,4.E0,-5.5E0));
#2435=CARTESIAN_POINT('',(-7.5E-1,4.E0,-5.5E0));
#2436=VERTEX_POINT('',#2434);
#2437=VERTEX_POINT('',#2435);
#2438=CARTESIAN_POINT('',(7.5E-1,4.E0,5.5E0));
#2439=CARTESIAN_POINT('',(7.5E-1,0.E0,5.5E0));
#2440=VERTEX_POINT('',#2438);
#2441=VERTEX_POINT('',#2439);
#2442=CARTESIAN_POINT('',(-7.5E-1,4.E0,5.5E0));
#2443=CARTESIAN_POINT('',(-7.5E-1,0.E0,5.5E0));
#2444=VERTEX_POINT('',#2442);
#2445=VERTEX_POINT('',#2443);
#2446=CARTESIAN_POINT('',(0.E0,4.745E0,0.E0));
#2447=DIRECTION('',(0.E0,-1.E0,0.E0));
#2448=DIRECTION('',(0.E0,0.E0,1.E0));
#2449=AXIS2_PLACEMENT_3D('',#2446,#2447,#2448);
#2450=CYLINDRICAL_SURFACE('',#2449,1.5E0);
#2452=ORIENTED_EDGE('',*,*,#2451,.T.);
#2454=ORIENTED_EDGE('',*,*,#2453,.F.);
#2456=ORIENTED_EDGE('',*,*,#2455,.F.);
#2458=ORIENTED_EDGE('',*,*,#2457,.T.);
#2459=EDGE_LOOP('',(#2452,#2454,#2456,#2458));
#2460=FACE_OUTER_BOUND('',#2459,.F.);
#2461=ADVANCED_FACE('',(#2460),#2450,.F.);
#2462=CARTESIAN_POINT('',(0.E0,3.45E0,0.E0));
#2463=DIRECTION('',(0.E0,-1.E0,0.E0));
#2464=DIRECTION('',(0.E0,0.E0,1.E0));
#2465=AXIS2_PLACEMENT_3D('',#2462,#2463,#2464);
#2466=PLANE('',#2465);
#2467=ORIENTED_EDGE('',*,*,#2451,.F.);
#2469=ORIENTED_EDGE('',*,*,#2468,.F.);
#2471=ORIENTED_EDGE('',*,*,#2470,.F.);
#2473=ORIENTED_EDGE('',*,*,#2472,.T.);
#2474=EDGE_LOOP('',(#2467,#2469,#2471,#2473));
#2475=FACE_OUTER_BOUND('',#2474,.F.);
#2476=ADVANCED_FACE('',(#2475),#2466,.T.);
#2477=CARTESIAN_POINT('',(8.603903660351E0,4.990000000386E0,4.586430180804E0));
#2478=DIRECTION('',(5.150380749101E-1,0.E0,-8.571673007021E-1));
#2479=DIRECTION('',(-8.571673007021E-1,0.E0,-5.150380749101E-1));
#2480=AXIS2_PLACEMENT_3D('',#2477,#2478,#2479);
#2481=PLANE('',#2480);
#2483=ORIENTED_EDGE('',*,*,#2482,.F.);
#2485=ORIENTED_EDGE('',*,*,#2484,.F.);
#2487=ORIENTED_EDGE('',*,*,#2486,.F.);
#2489=ORIENTED_EDGE('',*,*,#2488,.F.);
#2490=ORIENTED_EDGE('',*,*,#2468,.T.);
#2491=ORIENTED_EDGE('',*,*,#2457,.F.);
#2493=ORIENTED_EDGE('',*,*,#2492,.F.);
#2495=ORIENTED_EDGE('',*,*,#2494,.F.);
#2497=ORIENTED_EDGE('',*,*,#2496,.T.);
#2499=ORIENTED_EDGE('',*,*,#2498,.T.);
#2501=ORIENTED_EDGE('',*,*,#2500,.F.);
#2503=ORIENTED_EDGE('',*,*,#2502,.T.);
#2505=ORIENTED_EDGE('',*,*,#2504,.T.);
#2507=ORIENTED_EDGE('',*,*,#2506,.T.);
#2509=ORIENTED_EDGE('',*,*,#2508,.T.);
#2511=ORIENTED_EDGE('',*,*,#2510,.T.);
#2512=EDGE_LOOP('',(#2483,#2485,#2487,#2489,#2490,#2491,#2493,#2495,#2497,#2499,
#2501,#2503,#2505,#2507,#2509,#2511));
#2513=FACE_OUTER_BOUND('',#2512,.F.);
#2515=ORIENTED_EDGE('',*,*,#2514,.F.);
#2517=ORIENTED_EDGE('',*,*,#2516,.F.);
#2518=EDGE_LOOP('',(#2515,#2517));
#2519=FACE_BOUND('',#2518,.F.);
#2520=ADVANCED_FACE('',(#2513,#2519),#2481,.F.);
#2521=CARTESIAN_POINT('',(6.860289183572E0,2.E0,-5.444559833121E-1));
#2522=DIRECTION('',(5.150380749101E-1,0.E0,-8.571673007021E-1));
#2523=DIRECTION('',(8.571673007021E-1,0.E0,5.150380749101E-1));
#2524=AXIS2_PLACEMENT_3D('',#2521,#2522,#2523);
#2525=CYLINDRICAL_SURFACE('',#2524,1.05E0);
#2527=ORIENTED_EDGE('',*,*,#2526,.T.);
#2528=ORIENTED_EDGE('',*,*,#2514,.T.);
#2530=ORIENTED_EDGE('',*,*,#2529,.F.);
#2532=ORIENTED_EDGE('',*,*,#2531,.F.);
#2533=EDGE_LOOP('',(#2527,#2528,#2530,#2532));
#2534=FACE_OUTER_BOUND('',#2533,.F.);
#2535=ADVANCED_FACE('',(#2534),#2525,.F.);
#2536=CARTESIAN_POINT('',(6.860289183572E0,2.E0,-5.444559833121E-1));
#2537=DIRECTION('',(5.150380749101E-1,0.E0,-8.571673007021E-1));
#2538=DIRECTION('',(8.571673007021E-1,0.E0,5.150380749101E-1));
#2539=AXIS2_PLACEMENT_3D('',#2536,#2537,#2538);
#2540=CYLINDRICAL_SURFACE('',#2539,1.05E0);
#2541=ORIENTED_EDGE('',*,*,#2526,.F.);
#2543=ORIENTED_EDGE('',*,*,#2542,.F.);
#2544=ORIENTED_EDGE('',*,*,#2529,.T.);
#2545=ORIENTED_EDGE('',*,*,#2516,.T.);
#2546=EDGE_LOOP('',(#2541,#2543,#2544,#2545));
#2547=FACE_OUTER_BOUND('',#2546,.F.);
#2548=ADVANCED_FACE('',(#2547),#2540,.F.);
#2549=CARTESIAN_POINT('',(5.060237852098E0,4.E0,-1.626035940623E0));
#2550=DIRECTION('',(-5.150380749101E-1,0.E0,8.571673007021E-1));
#2551=DIRECTION('',(8.571673007021E-1,0.E0,5.150380749101E-1));
#2552=AXIS2_PLACEMENT_3D('',#2549,#2550,#2551);
#2553=PLANE('',#2552);
#2555=ORIENTED_EDGE('',*,*,#2554,.F.);
#2557=ORIENTED_EDGE('',*,*,#2556,.F.);
#2559=ORIENTED_EDGE('',*,*,#2558,.F.);
#2561=ORIENTED_EDGE('',*,*,#2560,.F.);
#2563=ORIENTED_EDGE('',*,*,#2562,.F.);
#2565=ORIENTED_EDGE('',*,*,#2564,.F.);
#2567=ORIENTED_EDGE('',*,*,#2566,.T.);
#2569=ORIENTED_EDGE('',*,*,#2568,.T.);
#2570=EDGE_LOOP('',(#2555,#2557,#2559,#2561,#2563,#2565,#2567,#2569));
#2571=FACE_OUTER_BOUND('',#2570,.F.);
#2572=ORIENTED_EDGE('',*,*,#2531,.T.);
#2573=ORIENTED_EDGE('',*,*,#2542,.T.);
#2574=EDGE_LOOP('',(#2572,#2573));
#2575=FACE_BOUND('',#2574,.F.);
#2576=ADVANCED_FACE('',(#2571,#2575),#2553,.F.);
#2577=CARTESIAN_POINT('',(0.E0,0.E0,0.E0));
#2578=DIRECTION('',(0.E0,-1.E0,0.E0));
#2579=DIRECTION('',(0.E0,0.E0,1.E0));
#2580=AXIS2_PLACEMENT_3D('',#2577,#2578,#2579);
#2581=PLANE('',#2580);
#2583=ORIENTED_EDGE('',*,*,#2582,.T.);
#2585=ORIENTED_EDGE('',*,*,#2584,.T.);
#2587=ORIENTED_EDGE('',*,*,#2586,.T.);
#2589=ORIENTED_EDGE('',*,*,#2588,.T.);
#2591=ORIENTED_EDGE('',*,*,#2590,.T.);
#2593=ORIENTED_EDGE('',*,*,#2592,.T.);
#2595=ORIENTED_EDGE('',*,*,#2594,.T.);
#2597=ORIENTED_EDGE('',*,*,#2596,.T.);
#2599=ORIENTED_EDGE('',*,*,#2598,.T.);
#2601=ORIENTED_EDGE('',*,*,#2600,.T.);
#2603=ORIENTED_EDGE('',*,*,#2602,.T.);
#2605=ORIENTED_EDGE('',*,*,#2604,.T.);
#2607=ORIENTED_EDGE('',*,*,#2606,.T.);
#2609=ORIENTED_EDGE('',*,*,#2608,.T.);
#2611=ORIENTED_EDGE('',*,*,#2610,.T.);
#2613=ORIENTED_EDGE('',*,*,#2612,.T.);
#2615=ORIENTED_EDGE('',*,*,#2614,.T.);
#2617=ORIENTED_EDGE('',*,*,#2616,.T.);
#2619=ORIENTED_EDGE('',*,*,#2618,.T.);
#2621=ORIENTED_EDGE('',*,*,#2620,.T.);
#2623=ORIENTED_EDGE('',*,*,#2622,.T.);
#2625=ORIENTED_EDGE('',*,*,#2624,.T.);
#2627=ORIENTED_EDGE('',*,*,#2626,.T.);
#2629=ORIENTED_EDGE('',*,*,#2628,.T.);
#2631=ORIENTED_EDGE('',*,*,#2630,.T.);
#2633=ORIENTED_EDGE('',*,*,#2632,.T.);
#2635=ORIENTED_EDGE('',*,*,#2634,.T.);
#2637=ORIENTED_EDGE('',*,*,#2636,.T.);
#2639=ORIENTED_EDGE('',*,*,#2638,.T.);
#2641=ORIENTED_EDGE('',*,*,#2640,.T.);
#2643=ORIENTED_EDGE('',*,*,#2642,.T.);
#2645=ORIENTED_EDGE('',*,*,#2644,.T.);
#2647=ORIENTED_EDGE('',*,*,#2646,.T.);
#2649=ORIENTED_EDGE('',*,*,#2648,.T.);
#2651=ORIENTED_EDGE('',*,*,#2650,.T.);
#2653=ORIENTED_EDGE('',*,*,#2652,.T.);
#2655=ORIENTED_EDGE('',*,*,#2654,.T.);
#2657=ORIENTED_EDGE('',*,*,#2656,.T.);
#2659=ORIENTED_EDGE('',*,*,#2658,.T.);
#2661=ORIENTED_EDGE('',*,*,#2660,.T.);
#2663=ORIENTED_EDGE('',*,*,#2662,.T.);
#2665=ORIENTED_EDGE('',*,*,#2664,.T.);
#2667=ORIENTED_EDGE('',*,*,#2666,.T.);
#2669=ORIENTED_EDGE('',*,*,#2668,.T.);
#2671=ORIENTED_EDGE('',*,*,#2670,.T.);
#2673=ORIENTED_EDGE('',*,*,#2672,.T.);
#2675=ORIENTED_EDGE('',*,*,#2674,.T.);
#2677=ORIENTED_EDGE('',*,*,#2676,.T.);
#2679=ORIENTED_EDGE('',*,*,#2678,.T.);
#2681=ORIENTED_EDGE('',*,*,#2680,.T.);
#2683=ORIENTED_EDGE('',*,*,#2682,.T.);
#2685=ORIENTED_EDGE('',*,*,#2684,.T.);
#2687=ORIENTED_EDGE('',*,*,#2686,.T.);
#2689=ORIENTED_EDGE('',*,*,#2688,.T.);
#2691=ORIENTED_EDGE('',*,*,#2690,.T.);
#2693=ORIENTED_EDGE('',*,*,#2692,.T.);
#2695=ORIENTED_EDGE('',*,*,#2694,.T.);
#2697=ORIENTED_EDGE('',*,*,#2696,.T.);
#2699=ORIENTED_EDGE('',*,*,#2698,.T.);
#2701=ORIENTED_EDGE('',*,*,#2700,.T.);
#2703=ORIENTED_EDGE('',*,*,#2702,.T.);
#2705=ORIENTED_EDGE('',*,*,#2704,.T.);
#2707=ORIENTED_EDGE('',*,*,#2706,.T.);
#2709=ORIENTED_EDGE('',*,*,#2708,.T.);
#2711=ORIENTED_EDGE('',*,*,#2710,.T.);
#2713=ORIENTED_EDGE('',*,*,#2712,.T.);
#2715=ORIENTED_EDGE('',*,*,#2714,.T.);
#2717=ORIENTED_EDGE('',*,*,#2716,.T.);
#2719=ORIENTED_EDGE('',*,*,#2718,.T.);
#2721=ORIENTED_EDGE('',*,*,#2720,.T.);
#2723=ORIENTED_EDGE('',*,*,#2722,.T.);
#2725=ORIENTED_EDGE('',*,*,#2724,.T.);
#2727=ORIENTED_EDGE('',*,*,#2726,.T.);
#2729=ORIENTED_EDGE('',*,*,#2728,.T.);
#2731=ORIENTED_EDGE('',*,*,#2730,.T.);
#2733=ORIENTED_EDGE('',*,*,#2732,.T.);
#2735=ORIENTED_EDGE('',*,*,#2734,.T.);
#2737=ORIENTED_EDGE('',*,*,#2736,.T.);
#2738=ORIENTED_EDGE('',*,*,#2482,.T.);
#2740=ORIENTED_EDGE('',*,*,#2739,.F.);
#2741=ORIENTED_EDGE('',*,*,#2554,.T.);
#2743=ORIENTED_EDGE('',*,*,#2742,.F.);
#2745=ORIENTED_EDGE('',*,*,#2744,.F.);
#2746=EDGE_LOOP('',(#2583,#2585,#2587,#2589,#2591,#2593,#2595,#2597,#2599,#2601,
#2603,#2605,#2607,#2609,#2611,#2613,#2615,#2617,#2619,#2621,#2623,#2625,#2627,
#2629,#2631,#2633,#2635,#2637,#2639,#2641,#2643,#2645,#2647,#2649,#2651,#2653,
#2655,#2657,#2659,#2661,#2663,#2665,#2667,#2669,#2671,#2673,#2675,#2677,#2679,
#2681,#2683,#2685,#2687,#2689,#2691,#2693,#2695,#2697,#2699,#2701,#2703,#2705,
#2707,#2709,#2711,#2713,#2715,#2717,#2719,#2721,#2723,#2725,#2727,#2729,#2731,
#2733,#2735,#2737,#2738,#2740,#2741,#2743,#2745));
#2747=FACE_OUTER_BOUND('',#2746,.F.);
#2749=ORIENTED_EDGE('',*,*,#2748,.F.);
#2751=ORIENTED_EDGE('',*,*,#2750,.F.);
#2752=EDGE_LOOP('',(#2749,#2751));
#2753=FACE_BOUND('',#2752,.F.);
#2755=ORIENTED_EDGE('',*,*,#2754,.F.);
#2757=ORIENTED_EDGE('',*,*,#2756,.F.);
#2758=EDGE_LOOP('',(#2755,#2757));
#2759=FACE_BOUND('',#2758,.F.);
#2761=ORIENTED_EDGE('',*,*,#2760,.F.);
#2763=ORIENTED_EDGE('',*,*,#2762,.F.);
#2764=EDGE_LOOP('',(#2761,#2763));
#2765=FACE_BOUND('',#2764,.F.);
#2767=ORIENTED_EDGE('',*,*,#2766,.F.);
#2769=ORIENTED_EDGE('',*,*,#2768,.F.);
#2770=EDGE_LOOP('',(#2767,#2769));
#2771=FACE_BOUND('',#2770,.F.);
#2773=ORIENTED_EDGE('',*,*,#2772,.F.);
#2775=ORIENTED_EDGE('',*,*,#2774,.F.);
#2776=EDGE_LOOP('',(#2773,#2775));
#2777=FACE_BOUND('',#2776,.F.);
#2779=ORIENTED_EDGE('',*,*,#2778,.F.);
#2781=ORIENTED_EDGE('',*,*,#2780,.F.);
#2782=EDGE_LOOP('',(#2779,#2781));
#2783=FACE_BOUND('',#2782,.F.);
#2785=ORIENTED_EDGE('',*,*,#2784,.F.);
#2787=ORIENTED_EDGE('',*,*,#2786,.F.);
#2788=EDGE_LOOP('',(#2785,#2787));
#2789=FACE_BOUND('',#2788,.F.);
#2791=ORIENTED_EDGE('',*,*,#2790,.T.);
#2793=ORIENTED_EDGE('',*,*,#2792,.T.);
#2794=EDGE_LOOP('',(#2791,#2793));
#2795=FACE_BOUND('',#2794,.F.);
#2797=ORIENTED_EDGE('',*,*,#2796,.F.);
#2799=ORIENTED_EDGE('',*,*,#2798,.F.);
#2800=EDGE_LOOP('',(#2797,#2799));
#2801=FACE_BOUND('',#2800,.F.);
#2802=ADVANCED_FACE('',(#2747,#2753,#2759,#2765,#2771,#2777,#2783,#2789,#2795,
#2801),#2581,.T.);
#2803=CARTESIAN_POINT('',(5.656854249492E0,-1.1345E0,-5.656854249492E0));
#2804=DIRECTION('',(0.E0,1.E0,0.E0));
#2805=DIRECTION('',(7.071067811865E-1,0.E0,7.071067811865E-1));
#2806=AXIS2_PLACEMENT_3D('',#2803,#2804,#2805);
#2807=CYLINDRICAL_SURFACE('',#2806,8.E-1);
#2808=ORIENTED_EDGE('',*,*,#2784,.T.);
#2810=ORIENTED_EDGE('',*,*,#2809,.T.);
#2812=ORIENTED_EDGE('',*,*,#2811,.F.);
#2814=ORIENTED_EDGE('',*,*,#2813,.F.);
#2815=EDGE_LOOP('',(#2808,#2810,#2812,#2814));
#2816=FACE_OUTER_BOUND('',#2815,.F.);
#2817=ADVANCED_FACE('',(#2816),#2807,.F.);
#2818=CARTESIAN_POINT('',(5.656854249492E0,-1.1345E0,-5.656854249492E0));
#2819=DIRECTION('',(0.E0,1.E0,0.E0));
#2820=DIRECTION('',(7.071067811865E-1,0.E0,7.071067811865E-1));
#2821=AXIS2_PLACEMENT_3D('',#2818,#2819,#2820);
#2822=CYLINDRICAL_SURFACE('',#2821,8.E-1);
#2823=ORIENTED_EDGE('',*,*,#2786,.T.);
#2824=ORIENTED_EDGE('',*,*,#2813,.T.);
#2826=ORIENTED_EDGE('',*,*,#2825,.T.);
#2827=ORIENTED_EDGE('',*,*,#2809,.F.);
#2828=EDGE_LOOP('',(#2823,#2824,#2826,#2827));
#2829=FACE_OUTER_BOUND('',#2828,.F.);
#2830=ADVANCED_FACE('',(#2829),#2822,.F.);
#2831=CARTESIAN_POINT('',(5.656854249492E0,3.875E0,-5.656854249492E0));
#2832=DIRECTION('',(0.E0,1.E0,0.E0));
#2833=DIRECTION('',(7.071067811865E-1,0.E0,7.071067811865E-1));
#2834=AXIS2_PLACEMENT_3D('',#2831,#2832,#2833);
#2835=CONICAL_SURFACE('',#2834,9.25E-1,4.5E1);
#2837=ORIENTED_EDGE('',*,*,#2836,.F.);
#2839=ORIENTED_EDGE('',*,*,#2838,.F.);
#2840=ORIENTED_EDGE('',*,*,#2825,.F.);
#2842=ORIENTED_EDGE('',*,*,#2841,.T.);
#2843=EDGE_LOOP('',(#2837,#2839,#2840,#2842));
#2844=FACE_OUTER_BOUND('',#2843,.F.);
#2845=ADVANCED_FACE('',(#2844),#2835,.F.);
#2846=CARTESIAN_POINT('',(0.E0,4.E0,0.E0));
#2847=DIRECTION('',(0.E0,-1.E0,0.E0));
#2848=DIRECTION('',(0.E0,0.E0,1.E0));
#2849=AXIS2_PLACEMENT_3D('',#2846,#2847,#2848);
#2850=PLANE('',#2849);
#2852=ORIENTED_EDGE('',*,*,#2851,.F.);
#2854=ORIENTED_EDGE('',*,*,#2853,.T.);
#2856=ORIENTED_EDGE('',*,*,#2855,.F.);
#2858=ORIENTED_EDGE('',*,*,#2857,.T.);
#2859=ORIENTED_EDGE('',*,*,#2566,.F.);
#2861=ORIENTED_EDGE('',*,*,#2860,.F.);
#2862=ORIENTED_EDGE('',*,*,#2500,.T.);
#2863=EDGE_LOOP('',(#2852,#2854,#2856,#2858,#2859,#2861,#2862));
#2864=FACE_OUTER_BOUND('',#2863,.F.);
#2866=ORIENTED_EDGE('',*,*,#2865,.T.);
#2867=ORIENTED_EDGE('',*,*,#2836,.T.);
#2868=EDGE_LOOP('',(#2866,#2867));
#2869=FACE_BOUND('',#2868,.F.);
#2871=ORIENTED_EDGE('',*,*,#2870,.T.);
#2873=ORIENTED_EDGE('',*,*,#2872,.T.);
#2874=EDGE_LOOP('',(#2871,#2873));
#2875=FACE_BOUND('',#2874,.F.);
#2877=ORIENTED_EDGE('',*,*,#2876,.T.);
#2879=ORIENTED_EDGE('',*,*,#2878,.T.);
#2880=EDGE_LOOP('',(#2877,#2879));
#2881=FACE_BOUND('',#2880,.F.);
#2883=ORIENTED_EDGE('',*,*,#2882,.T.);
#2885=ORIENTED_EDGE('',*,*,#2884,.T.);
#2886=EDGE_LOOP('',(#2883,#2885));
#2887=FACE_BOUND('',#2886,.F.);
#2889=ORIENTED_EDGE('',*,*,#2888,.T.);
#2891=ORIENTED_EDGE('',*,*,#2890,.T.);
#2892=EDGE_LOOP('',(#2889,#2891));
#2893=FACE_BOUND('',#2892,.F.);
#2895=ORIENTED_EDGE('',*,*,#2894,.T.);
#2897=ORIENTED_EDGE('',*,*,#2896,.T.);
#2898=EDGE_LOOP('',(#2895,#2897));
#2899=FACE_BOUND('',#2898,.F.);
#2901=ORIENTED_EDGE('',*,*,#2900,.T.);
#2903=ORIENTED_EDGE('',*,*,#2902,.T.);
#2904=EDGE_LOOP('',(#2901,#2903));
#2905=FACE_BOUND('',#2904,.F.);
#2907=ORIENTED_EDGE('',*,*,#2906,.F.);
#2909=ORIENTED_EDGE('',*,*,#2908,.F.);
#2910=EDGE_LOOP('',(#2907,#2909));
#2911=FACE_BOUND('',#2910,.F.);
#2913=ORIENTED_EDGE('',*,*,#2912,.T.);
#2915=ORIENTED_EDGE('',*,*,#2914,.T.);
#2916=EDGE_LOOP('',(#2913,#2915));
#2917=FACE_BOUND('',#2916,.F.);
#2918=ADVANCED_FACE('',(#2864,#2869,#2875,#2881,#2887,#2893,#2899,#2905,#2911,
#2917),#2850,.F.);
#2919=CARTESIAN_POINT('',(0.E0,3.875E0,-8.E0));
#2920=DIRECTION('',(0.E0,1.E0,0.E0));
#2921=DIRECTION('',(1.E0,0.E0,0.E0));
#2922=AXIS2_PLACEMENT_3D('',#2919,#2920,#2921);
#2923=CONICAL_SURFACE('',#2922,9.25E-1,4.5E1);
#2924=ORIENTED_EDGE('',*,*,#2900,.F.);
#2926=ORIENTED_EDGE('',*,*,#2925,.F.);
#2928=ORIENTED_EDGE('',*,*,#2927,.T.);
#2930=ORIENTED_EDGE('',*,*,#2929,.T.);
#2931=EDGE_LOOP('',(#2924,#2926,#2928,#2930));
#2932=FACE_OUTER_BOUND('',#2931,.F.);
#2933=ADVANCED_FACE('',(#2932),#2923,.F.);
#2934=CARTESIAN_POINT('',(0.E0,3.875E0,-8.E0));
#2935=DIRECTION('',(0.E0,1.E0,0.E0));
#2936=DIRECTION('',(1.E0,0.E0,0.E0));
#2937=AXIS2_PLACEMENT_3D('',#2934,#2935,#2936);
#2938=CONICAL_SURFACE('',#2937,9.25E-1,4.5E1);
#2939=ORIENTED_EDGE('',*,*,#2902,.F.);
#2940=ORIENTED_EDGE('',*,*,#2929,.F.);
#2942=ORIENTED_EDGE('',*,*,#2941,.F.);
#2943=ORIENTED_EDGE('',*,*,#2925,.T.);
#2944=EDGE_LOOP('',(#2939,#2940,#2942,#2943));
#2945=FACE_OUTER_BOUND('',#2944,.F.);
#2946=ADVANCED_FACE('',(#2945),#2938,.F.);
#2947=CARTESIAN_POINT('',(0.E0,-1.1345E0,-8.E0));
#2948=DIRECTION('',(0.E0,1.E0,0.E0));
#2949=DIRECTION('',(1.E0,0.E0,0.E0));
#2950=AXIS2_PLACEMENT_3D('',#2947,#2948,#2949);
#2951=CYLINDRICAL_SURFACE('',#2950,8.E-1);
#2953=ORIENTED_EDGE('',*,*,#2952,.T.);
#2955=ORIENTED_EDGE('',*,*,#2954,.T.);
#2956=ORIENTED_EDGE('',*,*,#2941,.T.);
#2958=ORIENTED_EDGE('',*,*,#2957,.F.);
#2959=EDGE_LOOP('',(#2953,#2955,#2956,#2958));
#2960=FACE_OUTER_BOUND('',#2959,.F.);
#2961=ADVANCED_FACE('',(#2960),#2951,.F.);
#2962=CARTESIAN_POINT('',(0.E0,2.500000243470E-2,-8.E0));
#2963=DIRECTION('',(0.E0,-1.E0,0.E0));
#2964=DIRECTION('',(0.E0,0.E0,-1.E0));
#2965=AXIS2_PLACEMENT_3D('',#2962,#2963,#2964);
#2966=CONICAL_SURFACE('',#2965,8.249999975653E-1,4.5E1);
#2967=ORIENTED_EDGE('',*,*,#2748,.T.);
#2969=ORIENTED_EDGE('',*,*,#2968,.F.);
#2970=ORIENTED_EDGE('',*,*,#2952,.F.);
#2972=ORIENTED_EDGE('',*,*,#2971,.F.);
#2973=EDGE_LOOP('',(#2967,#2969,#2970,#2972));
#2974=FACE_OUTER_BOUND('',#2973,.F.);
#2975=ADVANCED_FACE('',(#2974),#2966,.F.);
#2976=CARTESIAN_POINT('',(0.E0,2.500000243470E-2,-8.E0));
#2977=DIRECTION('',(0.E0,-1.E0,0.E0));
#2978=DIRECTION('',(0.E0,0.E0,-1.E0));
#2979=AXIS2_PLACEMENT_3D('',#2976,#2977,#2978);
#2980=CONICAL_SURFACE('',#2979,8.249999975653E-1,4.5E1);
#2981=ORIENTED_EDGE('',*,*,#2750,.T.);
#2982=ORIENTED_EDGE('',*,*,#2971,.T.);
#2984=ORIENTED_EDGE('',*,*,#2983,.F.);
#2985=ORIENTED_EDGE('',*,*,#2968,.T.);
#2986=EDGE_LOOP('',(#2981,#2982,#2984,#2985));
#2987=FACE_OUTER_BOUND('',#2986,.F.);
#2988=ADVANCED_FACE('',(#2987),#2980,.F.);
#2989=CARTESIAN_POINT('',(0.E0,-1.1345E0,-8.E0));
#2990=DIRECTION('',(0.E0,1.E0,0.E0));
#2991=DIRECTION('',(1.E0,0.E0,0.E0));
#2992=AXIS2_PLACEMENT_3D('',#2989,#2990,#2991);
#2993=CYLINDRICAL_SURFACE('',#2992,8.E-1);
#2994=ORIENTED_EDGE('',*,*,#2983,.T.);
#2995=ORIENTED_EDGE('',*,*,#2957,.T.);
#2996=ORIENTED_EDGE('',*,*,#2927,.F.);
#2997=ORIENTED_EDGE('',*,*,#2954,.F.);
#2998=EDGE_LOOP('',(#2994,#2995,#2996,#2997));
#2999=FACE_OUTER_BOUND('',#2998,.F.);
#3000=ADVANCED_FACE('',(#2999),#2993,.F.);
#3001=CARTESIAN_POINT('',(5.656854249492E0,3.875E0,-5.656854249492E0));
#3002=DIRECTION('',(0.E0,1.E0,0.E0));
#3003=DIRECTION('',(7.071067811865E-1,0.E0,7.071067811865E-1));
#3004=AXIS2_PLACEMENT_3D('',#3001,#3002,#3003);
#3005=CONICAL_SURFACE('',#3004,9.25E-1,4.5E1);
#3006=ORIENTED_EDGE('',*,*,#2865,.F.);
#3007=ORIENTED_EDGE('',*,*,#2841,.F.);
#3008=ORIENTED_EDGE('',*,*,#2811,.T.);
#3009=ORIENTED_EDGE('',*,*,#2838,.T.);
#3010=EDGE_LOOP('',(#3006,#3007,#3008,#3009));
#3011=FACE_OUTER_BOUND('',#3010,.F.);
#3012=ADVANCED_FACE('',(#3011),#3005,.F.);
#3013=CARTESIAN_POINT('',(5.656854249492E0,3.875E0,5.656854249492E0));
#3014=DIRECTION('',(0.E0,1.E0,0.E0));
#3015=DIRECTION('',(-7.071067811865E-1,0.E0,7.071067811865E-1));
#3016=AXIS2_PLACEMENT_3D('',#3013,#3014,#3015);
#3017=CONICAL_SURFACE('',#3016,9.25E-1,4.5E1);
#3018=ORIENTED_EDGE('',*,*,#2870,.F.);
#3020=ORIENTED_EDGE('',*,*,#3019,.F.);
#3022=ORIENTED_EDGE('',*,*,#3021,.T.);
#3024=ORIENTED_EDGE('',*,*,#3023,.T.);
#3025=EDGE_LOOP('',(#3018,#3020,#3022,#3024));
#3026=FACE_OUTER_BOUND('',#3025,.F.);
#3027=ADVANCED_FACE('',(#3026),#3017,.F.);
#3028=CARTESIAN_POINT('',(5.656854249492E0,3.875E0,5.656854249492E0));
#3029=DIRECTION('',(0.E0,1.E0,0.E0));
#3030=DIRECTION('',(-7.071067811865E-1,0.E0,7.071067811865E-1));
#3031=AXIS2_PLACEMENT_3D('',#3028,#3029,#3030);
#3032=CONICAL_SURFACE('',#3031,9.25E-1,4.5E1);
#3033=ORIENTED_EDGE('',*,*,#2872,.F.);
#3034=ORIENTED_EDGE('',*,*,#3023,.F.);
#3036=ORIENTED_EDGE('',*,*,#3035,.F.);
#3037=ORIENTED_EDGE('',*,*,#3019,.T.);
#3038=EDGE_LOOP('',(#3033,#3034,#3036,#3037));
#3039=FACE_OUTER_BOUND('',#3038,.F.);
#3040=ADVANCED_FACE('',(#3039),#3032,.F.);
#3041=CARTESIAN_POINT('',(5.656854249492E0,-1.1345E0,5.656854249492E0));
#3042=DIRECTION('',(0.E0,1.E0,0.E0));
#3043=DIRECTION('',(-7.071067811865E-1,0.E0,7.071067811865E-1));
#3044=AXIS2_PLACEMENT_3D('',#3041,#3042,#3043);
#3045=CYLINDRICAL_SURFACE('',#3044,8.E-1);
#3047=ORIENTED_EDGE('',*,*,#3046,.T.);
#3049=ORIENTED_EDGE('',*,*,#3048,.T.);
#3050=ORIENTED_EDGE('',*,*,#3035,.T.);
#3052=ORIENTED_EDGE('',*,*,#3051,.F.);
#3053=EDGE_LOOP('',(#3047,#3049,#3050,#3052));
#3054=FACE_OUTER_BOUND('',#3053,.F.);
#3055=ADVANCED_FACE('',(#3054),#3045,.F.);
#3056=CARTESIAN_POINT('',(5.656854249492E0,2.500000243470E-2,5.656854249492E0));
#3057=DIRECTION('',(0.E0,-1.E0,0.E0));
#3058=DIRECTION('',(0.E0,0.E0,-1.E0));
#3059=AXIS2_PLACEMENT_3D('',#3056,#3057,#3058);
#3060=CONICAL_SURFACE('',#3059,8.249999975653E-1,4.5E1);
#3061=ORIENTED_EDGE('',*,*,#2778,.T.);
#3063=ORIENTED_EDGE('',*,*,#3062,.T.);
#3064=ORIENTED_EDGE('',*,*,#3046,.F.);
#3066=ORIENTED_EDGE('',*,*,#3065,.F.);
#3067=EDGE_LOOP('',(#3061,#3063,#3064,#3066));
#3068=FACE_OUTER_BOUND('',#3067,.F.);
#3069=ADVANCED_FACE('',(#3068),#3060,.F.);
#3070=CARTESIAN_POINT('',(5.656854249492E0,2.500000243469E-2,5.656854249492E0));
#3071=DIRECTION('',(0.E0,-1.E0,0.E0));
#3072=DIRECTION('',(0.E0,0.E0,-1.E0));
#3073=AXIS2_PLACEMENT_3D('',#3070,#3071,#3072);
#3074=CONICAL_SURFACE('',#3073,8.249999975653E-1,4.5E1);
#3075=ORIENTED_EDGE('',*,*,#2780,.T.);
#3076=ORIENTED_EDGE('',*,*,#3065,.T.);
#3078=ORIENTED_EDGE('',*,*,#3077,.F.);
#3079=ORIENTED_EDGE('',*,*,#3062,.F.);
#3080=EDGE_LOOP('',(#3075,#3076,#3078,#3079));
#3081=FACE_OUTER_BOUND('',#3080,.F.);
#3082=ADVANCED_FACE('',(#3081),#3074,.F.);
#3083=CARTESIAN_POINT('',(5.656854249492E0,-1.1345E0,5.656854249492E0));
#3084=DIRECTION('',(0.E0,1.E0,0.E0));
#3085=DIRECTION('',(-7.071067811865E-1,0.E0,7.071067811865E-1));
#3086=AXIS2_PLACEMENT_3D('',#3083,#3084,#3085);
#3087=CYLINDRICAL_SURFACE('',#3086,8.E-1);
#3088=ORIENTED_EDGE('',*,*,#3077,.T.);
#3089=ORIENTED_EDGE('',*,*,#3051,.T.);
#3090=ORIENTED_EDGE('',*,*,#3021,.F.);
#3091=ORIENTED_EDGE('',*,*,#3048,.F.);
#3092=EDGE_LOOP('',(#3088,#3089,#3090,#3091));
#3093=FACE_OUTER_BOUND('',#3092,.F.);
#3094=ADVANCED_FACE('',(#3093),#3087,.F.);
#3095=CARTESIAN_POINT('',(0.E0,3.875E0,8.E0));
#3096=DIRECTION('',(0.E0,1.E0,0.E0));
#3097=DIRECTION('',(-1.E0,0.E0,0.E0));
#3098=AXIS2_PLACEMENT_3D('',#3095,#3096,#3097);
#3099=CONICAL_SURFACE('',#3098,9.25E-1,4.5E1);
#3100=ORIENTED_EDGE('',*,*,#2876,.F.);
#3102=ORIENTED_EDGE('',*,*,#3101,.F.);
#3104=ORIENTED_EDGE('',*,*,#3103,.T.);
#3106=ORIENTED_EDGE('',*,*,#3105,.T.);
#3107=EDGE_LOOP('',(#3100,#3102,#3104,#3106));
#3108=FACE_OUTER_BOUND('',#3107,.F.);
#3109=ADVANCED_FACE('',(#3108),#3099,.F.);
#3110=CARTESIAN_POINT('',(0.E0,3.875E0,8.E0));
#3111=DIRECTION('',(0.E0,1.E0,0.E0));
#3112=DIRECTION('',(-1.E0,0.E0,0.E0));
#3113=AXIS2_PLACEMENT_3D('',#3110,#3111,#3112);
#3114=CONICAL_SURFACE('',#3113,9.25E-1,4.5E1);
#3115=ORIENTED_EDGE('',*,*,#2878,.F.);
#3116=ORIENTED_EDGE('',*,*,#3105,.F.);
#3118=ORIENTED_EDGE('',*,*,#3117,.F.);
#3119=ORIENTED_EDGE('',*,*,#3101,.T.);
#3120=EDGE_LOOP('',(#3115,#3116,#3118,#3119));
#3121=FACE_OUTER_BOUND('',#3120,.F.);
#3122=ADVANCED_FACE('',(#3121),#3114,.F.);
#3123=CARTESIAN_POINT('',(0.E0,-1.1345E0,8.E0));
#3124=DIRECTION('',(0.E0,1.E0,0.E0));
#3125=DIRECTION('',(-1.E0,0.E0,0.E0));
#3126=AXIS2_PLACEMENT_3D('',#3123,#3124,#3125);
#3127=CYLINDRICAL_SURFACE('',#3126,8.E-1);
#3129=ORIENTED_EDGE('',*,*,#3128,.T.);
#3131=ORIENTED_EDGE('',*,*,#3130,.T.);
#3132=ORIENTED_EDGE('',*,*,#3117,.T.);
#3134=ORIENTED_EDGE('',*,*,#3133,.F.);
#3135=EDGE_LOOP('',(#3129,#3131,#3132,#3134));
#3136=FACE_OUTER_BOUND('',#3135,.F.);
#3137=ADVANCED_FACE('',(#3136),#3127,.F.);
#3138=CARTESIAN_POINT('',(0.E0,2.500000243470E-2,8.E0));
#3139=DIRECTION('',(0.E0,-1.E0,0.E0));
#3140=DIRECTION('',(0.E0,0.E0,-1.E0));
#3141=AXIS2_PLACEMENT_3D('',#3138,#3139,#3140);
#3142=CONICAL_SURFACE('',#3141,8.249999975653E-1,4.5E1);
#3143=ORIENTED_EDGE('',*,*,#2772,.T.);
#3145=ORIENTED_EDGE('',*,*,#3144,.F.);
#3146=ORIENTED_EDGE('',*,*,#3128,.F.);
#3148=ORIENTED_EDGE('',*,*,#3147,.F.);
#3149=EDGE_LOOP('',(#3143,#3145,#3146,#3148));
#3150=FACE_OUTER_BOUND('',#3149,.F.);
#3151=ADVANCED_FACE('',(#3150),#3142,.F.);
#3152=CARTESIAN_POINT('',(0.E0,2.500000243470E-2,8.E0));
#3153=DIRECTION('',(0.E0,-1.E0,0.E0));
#3154=DIRECTION('',(0.E0,0.E0,-1.E0));
#3155=AXIS2_PLACEMENT_3D('',#3152,#3153,#3154);
#3156=CONICAL_SURFACE('',#3155,8.249999975653E-1,4.5E1);
#3157=ORIENTED_EDGE('',*,*,#2774,.T.);
#3158=ORIENTED_EDGE('',*,*,#3147,.T.);
#3160=ORIENTED_EDGE('',*,*,#3159,.F.);
#3161=ORIENTED_EDGE('',*,*,#3144,.T.);
#3162=EDGE_LOOP('',(#3157,#3158,#3160,#3161));
#3163=FACE_OUTER_BOUND('',#3162,.F.);
#3164=ADVANCED_FACE('',(#3163),#3156,.F.);
#3165=CARTESIAN_POINT('',(0.E0,-1.1345E0,8.E0));
#3166=DIRECTION('',(0.E0,1.E0,0.E0));
#3167=DIRECTION('',(-1.E0,0.E0,0.E0));
#3168=AXIS2_PLACEMENT_3D('',#3165,#3166,#3167);
#3169=CYLINDRICAL_SURFACE('',#3168,8.E-1);
#3170=ORIENTED_EDGE('',*,*,#3159,.T.);
#3171=ORIENTED_EDGE('',*,*,#3133,.T.);
#3172=ORIENTED_EDGE('',*,*,#3103,.F.);
#3173=ORIENTED_EDGE('',*,*,#3130,.F.);
#3174=EDGE_LOOP('',(#3170,#3171,#3172,#3173));
#3175=FACE_OUTER_BOUND('',#3174,.F.);
#3176=ADVANCED_FACE('',(#3175),#3169,.F.);
#3177=CARTESIAN_POINT('',(-5.656854249492E0,3.875E0,5.656854249492E0));
#3178=DIRECTION('',(0.E0,1.E0,0.E0));
#3179=DIRECTION('',(-7.071067811865E-1,0.E0,-7.071067811865E-1));
#3180=AXIS2_PLACEMENT_3D('',#3177,#3178,#3179);
#3181=CONICAL_SURFACE('',#3180,9.25E-1,4.5E1);
#3182=ORIENTED_EDGE('',*,*,#2882,.F.);
#3184=ORIENTED_EDGE('',*,*,#3183,.F.);
#3186=ORIENTED_EDGE('',*,*,#3185,.T.);
#3188=ORIENTED_EDGE('',*,*,#3187,.T.);
#3189=EDGE_LOOP('',(#3182,#3184,#3186,#3188));
#3190=FACE_OUTER_BOUND('',#3189,.F.);
#3191=ADVANCED_FACE('',(#3190),#3181,.F.);
#3192=CARTESIAN_POINT('',(-5.656854249492E0,3.875E0,5.656854249492E0));
#3193=DIRECTION('',(0.E0,1.E0,0.E0));
#3194=DIRECTION('',(-7.071067811865E-1,0.E0,-7.071067811865E-1));
#3195=AXIS2_PLACEMENT_3D('',#3192,#3193,#3194);
#3196=CONICAL_SURFACE('',#3195,9.25E-1,4.5E1);
#3197=ORIENTED_EDGE('',*,*,#2884,.F.);
#3198=ORIENTED_EDGE('',*,*,#3187,.F.);
#3200=ORIENTED_EDGE('',*,*,#3199,.F.);
#3201=ORIENTED_EDGE('',*,*,#3183,.T.);
#3202=EDGE_LOOP('',(#3197,#3198,#3200,#3201));
#3203=FACE_OUTER_BOUND('',#3202,.F.);
#3204=ADVANCED_FACE('',(#3203),#3196,.F.);
#3205=CARTESIAN_POINT('',(-5.656854249492E0,-1.1345E0,5.656854249492E0));
#3206=DIRECTION('',(0.E0,1.E0,0.E0));
#3207=DIRECTION('',(-7.071067811865E-1,0.E0,-7.071067811865E-1));
#3208=AXIS2_PLACEMENT_3D('',#3205,#3206,#3207);
#3209=CYLINDRICAL_SURFACE('',#3208,8.E-1);
#3211=ORIENTED_EDGE('',*,*,#3210,.T.);
#3213=ORIENTED_EDGE('',*,*,#3212,.T.);
#3214=ORIENTED_EDGE('',*,*,#3199,.T.);
#3216=ORIENTED_EDGE('',*,*,#3215,.F.);
#3217=EDGE_LOOP('',(#3211,#3213,#3214,#3216));
#3218=FACE_OUTER_BOUND('',#3217,.F.);
#3219=ADVANCED_FACE('',(#3218),#3209,.F.);
#3220=CARTESIAN_POINT('',(-5.656854249492E0,2.500000243469E-2,
5.656854249492E0));
#3221=DIRECTION('',(0.E0,-1.E0,0.E0));
#3222=DIRECTION('',(0.E0,0.E0,-1.E0));
#3223=AXIS2_PLACEMENT_3D('',#3220,#3221,#3222);
#3224=CONICAL_SURFACE('',#3223,8.249999975653E-1,4.5E1);
#3225=ORIENTED_EDGE('',*,*,#2766,.T.);
#3227=ORIENTED_EDGE('',*,*,#3226,.T.);
#3228=ORIENTED_EDGE('',*,*,#3210,.F.);
#3230=ORIENTED_EDGE('',*,*,#3229,.F.);
#3231=EDGE_LOOP('',(#3225,#3227,#3228,#3230));
#3232=FACE_OUTER_BOUND('',#3231,.F.);
#3233=ADVANCED_FACE('',(#3232),#3224,.F.);
#3234=CARTESIAN_POINT('',(-5.656854249492E0,2.500000243470E-2,
5.656854249492E0));
#3235=DIRECTION('',(0.E0,-1.E0,0.E0));
#3236=DIRECTION('',(0.E0,0.E0,-1.E0));
#3237=AXIS2_PLACEMENT_3D('',#3234,#3235,#3236);
#3238=CONICAL_SURFACE('',#3237,8.249999975653E-1,4.5E1);
#3239=ORIENTED_EDGE('',*,*,#2768,.T.);
#3240=ORIENTED_EDGE('',*,*,#3229,.T.);
#3242=ORIENTED_EDGE('',*,*,#3241,.F.);
#3243=ORIENTED_EDGE('',*,*,#3226,.F.);
#3244=EDGE_LOOP('',(#3239,#3240,#3242,#3243));
#3245=FACE_OUTER_BOUND('',#3244,.F.);
#3246=ADVANCED_FACE('',(#3245),#3238,.F.);
#3247=CARTESIAN_POINT('',(-5.656854249492E0,-1.1345E0,5.656854249492E0));
#3248=DIRECTION('',(0.E0,1.E0,0.E0));
#3249=DIRECTION('',(-7.071067811865E-1,0.E0,-7.071067811865E-1));
#3250=AXIS2_PLACEMENT_3D('',#3247,#3248,#3249);
#3251=CYLINDRICAL_SURFACE('',#3250,8.E-1);
#3252=ORIENTED_EDGE('',*,*,#3241,.T.);
#3253=ORIENTED_EDGE('',*,*,#3215,.T.);
#3254=ORIENTED_EDGE('',*,*,#3185,.F.);
#3255=ORIENTED_EDGE('',*,*,#3212,.F.);
#3256=EDGE_LOOP('',(#3252,#3253,#3254,#3255));
#3257=FACE_OUTER_BOUND('',#3256,.F.);
#3258=ADVANCED_FACE('',(#3257),#3251,.F.);
#3259=CARTESIAN_POINT('',(-8.E0,3.875E0,0.E0));
#3260=DIRECTION('',(0.E0,1.E0,0.E0));
#3261=DIRECTION('',(0.E0,0.E0,-1.E0));
#3262=AXIS2_PLACEMENT_3D('',#3259,#3260,#3261);
#3263=CONICAL_SURFACE('',#3262,9.25E-1,4.5E1);
#3264=ORIENTED_EDGE('',*,*,#2888,.F.);
#3266=ORIENTED_EDGE('',*,*,#3265,.F.);
#3268=ORIENTED_EDGE('',*,*,#3267,.T.);
#3270=ORIENTED_EDGE('',*,*,#3269,.T.);
#3271=EDGE_LOOP('',(#3264,#3266,#3268,#3270));
#3272=FACE_OUTER_BOUND('',#3271,.F.);
#3273=ADVANCED_FACE('',(#3272),#3263,.F.);
#3274=CARTESIAN_POINT('',(-8.E0,3.875E0,0.E0));
#3275=DIRECTION('',(0.E0,1.E0,0.E0));
#3276=DIRECTION('',(0.E0,0.E0,-1.E0));
#3277=AXIS2_PLACEMENT_3D('',#3274,#3275,#3276);
#3278=CONICAL_SURFACE('',#3277,9.25E-1,4.5E1);
#3279=ORIENTED_EDGE('',*,*,#2890,.F.);
#3280=ORIENTED_EDGE('',*,*,#3269,.F.);
#3282=ORIENTED_EDGE('',*,*,#3281,.F.);
#3283=ORIENTED_EDGE('',*,*,#3265,.T.);
#3284=EDGE_LOOP('',(#3279,#3280,#3282,#3283));
#3285=FACE_OUTER_BOUND('',#3284,.F.);
#3286=ADVANCED_FACE('',(#3285),#3278,.F.);
#3287=CARTESIAN_POINT('',(-8.E0,-1.1345E0,0.E0));
#3288=DIRECTION('',(0.E0,1.E0,0.E0));
#3289=DIRECTION('',(0.E0,0.E0,-1.E0));
#3290=AXIS2_PLACEMENT_3D('',#3287,#3288,#3289);
#3291=CYLINDRICAL_SURFACE('',#3290,8.E-1);
#3293=ORIENTED_EDGE('',*,*,#3292,.T.);
#3295=ORIENTED_EDGE('',*,*,#3294,.T.);
#3296=ORIENTED_EDGE('',*,*,#3281,.T.);
#3298=ORIENTED_EDGE('',*,*,#3297,.F.);
#3299=EDGE_LOOP('',(#3293,#3295,#3296,#3298));
#3300=FACE_OUTER_BOUND('',#3299,.F.);
#3301=ADVANCED_FACE('',(#3300),#3291,.F.);
#3302=CARTESIAN_POINT('',(-8.E0,2.500000243470E-2,0.E0));
#3303=DIRECTION('',(0.E0,-1.E0,0.E0));
#3304=DIRECTION('',(0.E0,0.E0,-1.E0));
#3305=AXIS2_PLACEMENT_3D('',#3302,#3303,#3304);
#3306=CONICAL_SURFACE('',#3305,8.249999975653E-1,4.5E1);
#3307=ORIENTED_EDGE('',*,*,#2760,.T.);
#3309=ORIENTED_EDGE('',*,*,#3308,.F.);
#3310=ORIENTED_EDGE('',*,*,#3292,.F.);
#3312=ORIENTED_EDGE('',*,*,#3311,.F.);
#3313=EDGE_LOOP('',(#3307,#3309,#3310,#3312));
#3314=FACE_OUTER_BOUND('',#3313,.F.);
#3315=ADVANCED_FACE('',(#3314),#3306,.F.);
#3316=CARTESIAN_POINT('',(-8.E0,2.500000243470E-2,0.E0));
#3317=DIRECTION('',(0.E0,-1.E0,0.E0));
#3318=DIRECTION('',(0.E0,0.E0,-1.E0));
#3319=AXIS2_PLACEMENT_3D('',#3316,#3317,#3318);
#3320=CONICAL_SURFACE('',#3319,8.249999975653E-1,4.5E1);
#3321=ORIENTED_EDGE('',*,*,#2762,.T.);
#3322=ORIENTED_EDGE('',*,*,#3311,.T.);
#3324=ORIENTED_EDGE('',*,*,#3323,.F.);
#3325=ORIENTED_EDGE('',*,*,#3308,.T.);
#3326=EDGE_LOOP('',(#3321,#3322,#3324,#3325));
#3327=FACE_OUTER_BOUND('',#3326,.F.);
#3328=ADVANCED_FACE('',(#3327),#3320,.F.);
#3329=CARTESIAN_POINT('',(-8.E0,-1.1345E0,0.E0));
#3330=DIRECTION('',(0.E0,1.E0,0.E0));
#3331=DIRECTION('',(0.E0,0.E0,-1.E0));
#3332=AXIS2_PLACEMENT_3D('',#3329,#3330,#3331);
#3333=CYLINDRICAL_SURFACE('',#3332,8.E-1);
#3334=ORIENTED_EDGE('',*,*,#3323,.T.);
#3335=ORIENTED_EDGE('',*,*,#3297,.T.);
#3336=ORIENTED_EDGE('',*,*,#3267,.F.);
#3337=ORIENTED_EDGE('',*,*,#3294,.F.);
#3338=EDGE_LOOP('',(#3334,#3335,#3336,#3337));
#3339=FACE_OUTER_BOUND('',#3338,.F.);
#3340=ADVANCED_FACE('',(#3339),#3333,.F.);
#3341=CARTESIAN_POINT('',(-5.656854249492E0,3.875E0,-5.656854249492E0));
#3342=DIRECTION('',(0.E0,1.E0,0.E0));
#3343=DIRECTION('',(7.071067811865E-1,0.E0,-7.071067811865E-1));
#3344=AXIS2_PLACEMENT_3D('',#3341,#3342,#3343);
#3345=CONICAL_SURFACE('',#3344,9.25E-1,4.5E1);
#3346=ORIENTED_EDGE('',*,*,#2894,.F.);
#3348=ORIENTED_EDGE('',*,*,#3347,.F.);
#3350=ORIENTED_EDGE('',*,*,#3349,.T.);
#3352=ORIENTED_EDGE('',*,*,#3351,.T.);
#3353=EDGE_LOOP('',(#3346,#3348,#3350,#3352));
#3354=FACE_OUTER_BOUND('',#3353,.F.);
#3355=ADVANCED_FACE('',(#3354),#3345,.F.);
#3356=CARTESIAN_POINT('',(-5.656854249492E0,3.875E0,-5.656854249492E0));
#3357=DIRECTION('',(0.E0,1.E0,0.E0));
#3358=DIRECTION('',(7.071067811865E-1,0.E0,-7.071067811865E-1));
#3359=AXIS2_PLACEMENT_3D('',#3356,#3357,#3358);
#3360=CONICAL_SURFACE('',#3359,9.25E-1,4.5E1);
#3361=ORIENTED_EDGE('',*,*,#2896,.F.);
#3362=ORIENTED_EDGE('',*,*,#3351,.F.);
#3364=ORIENTED_EDGE('',*,*,#3363,.F.);
#3365=ORIENTED_EDGE('',*,*,#3347,.T.);
#3366=EDGE_LOOP('',(#3361,#3362,#3364,#3365));
#3367=FACE_OUTER_BOUND('',#3366,.F.);
#3368=ADVANCED_FACE('',(#3367),#3360,.F.);
#3369=CARTESIAN_POINT('',(-5.656854249492E0,-1.1345E0,-5.656854249492E0));
#3370=DIRECTION('',(0.E0,1.E0,0.E0));
#3371=DIRECTION('',(7.071067811865E-1,0.E0,-7.071067811865E-1));
#3372=AXIS2_PLACEMENT_3D('',#3369,#3370,#3371);
#3373=CYLINDRICAL_SURFACE('',#3372,8.E-1);
#3375=ORIENTED_EDGE('',*,*,#3374,.T.);
#3377=ORIENTED_EDGE('',*,*,#3376,.T.);
#3378=ORIENTED_EDGE('',*,*,#3363,.T.);
#3380=ORIENTED_EDGE('',*,*,#3379,.F.);
#3381=EDGE_LOOP('',(#3375,#3377,#3378,#3380));
#3382=FACE_OUTER_BOUND('',#3381,.F.);
#3383=ADVANCED_FACE('',(#3382),#3373,.F.);
#3384=CARTESIAN_POINT('',(-5.656854249492E0,2.500000243470E-2,
-5.656854249492E0));
#3385=DIRECTION('',(0.E0,-1.E0,0.E0));
#3386=DIRECTION('',(0.E0,0.E0,-1.E0));
#3387=AXIS2_PLACEMENT_3D('',#3384,#3385,#3386);
#3388=CONICAL_SURFACE('',#3387,8.249999975653E-1,4.5E1);
#3389=ORIENTED_EDGE('',*,*,#2754,.T.);
#3391=ORIENTED_EDGE('',*,*,#3390,.T.);
#3392=ORIENTED_EDGE('',*,*,#3374,.F.);
#3394=ORIENTED_EDGE('',*,*,#3393,.F.);
#3395=EDGE_LOOP('',(#3389,#3391,#3392,#3394));
#3396=FACE_OUTER_BOUND('',#3395,.F.);
#3397=ADVANCED_FACE('',(#3396),#3388,.F.);
#3398=CARTESIAN_POINT('',(-5.656854249492E0,2.500000243470E-2,
-5.656854249492E0));
#3399=DIRECTION('',(0.E0,-1.E0,0.E0));
#3400=DIRECTION('',(0.E0,0.E0,-1.E0));
#3401=AXIS2_PLACEMENT_3D('',#3398,#3399,#3400);
#3402=CONICAL_SURFACE('',#3401,8.249999975653E-1,4.5E1);
#3403=ORIENTED_EDGE('',*,*,#2756,.T.);
#3404=ORIENTED_EDGE('',*,*,#3393,.T.);
#3406=ORIENTED_EDGE('',*,*,#3405,.F.);
#3407=ORIENTED_EDGE('',*,*,#3390,.F.);
#3408=EDGE_LOOP('',(#3403,#3404,#3406,#3407));
#3409=FACE_OUTER_BOUND('',#3408,.F.);
#3410=ADVANCED_FACE('',(#3409),#3402,.F.);
#3411=CARTESIAN_POINT('',(-5.656854249492E0,-1.1345E0,-5.656854249492E0));
#3412=DIRECTION('',(0.E0,1.E0,0.E0));
#3413=DIRECTION('',(7.071067811865E-1,0.E0,-7.071067811865E-1));
#3414=AXIS2_PLACEMENT_3D('',#3411,#3412,#3413);
#3415=CYLINDRICAL_SURFACE('',#3414,8.E-1);
#3416=ORIENTED_EDGE('',*,*,#3405,.T.);
#3417=ORIENTED_EDGE('',*,*,#3379,.T.);
#3418=ORIENTED_EDGE('',*,*,#3349,.F.);
#3419=ORIENTED_EDGE('',*,*,#3376,.F.);
#3420=EDGE_LOOP('',(#3416,#3417,#3418,#3419));
#3421=FACE_OUTER_BOUND('',#3420,.F.);
#3422=ADVANCED_FACE('',(#3421),#3415,.F.);
#3423=CARTESIAN_POINT('',(0.E0,4.745E0,0.E0));
#3424=DIRECTION('',(0.E0,-1.E0,0.E0));
#3425=DIRECTION('',(0.E0,0.E0,1.E0));
#3426=AXIS2_PLACEMENT_3D('',#3423,#3424,#3425);
#3427=CYLINDRICAL_SURFACE('',#3426,4.E0);
#3429=ORIENTED_EDGE('',*,*,#3428,.F.);
#3431=ORIENTED_EDGE('',*,*,#3430,.T.);
#3432=ORIENTED_EDGE('',*,*,#2851,.T.);
#3433=ORIENTED_EDGE('',*,*,#2498,.F.);
#3434=EDGE_LOOP('',(#3429,#3431,#3432,#3433));
#3435=FACE_OUTER_BOUND('',#3434,.F.);
#3436=ADVANCED_FACE('',(#3435),#3427,.T.);
#3437=CARTESIAN_POINT('',(0.E0,4.4E0,0.E0));
#3438=DIRECTION('',(0.E0,-1.E0,0.E0));
#3439=DIRECTION('',(0.E0,0.E0,-1.E0));
#3440=AXIS2_PLACEMENT_3D('',#3437,#3438,#3439);
#3441=CONICAL_SURFACE('',#3440,3.9E0,4.5E1);
#3442=ORIENTED_EDGE('',*,*,#3428,.T.);
#3443=ORIENTED_EDGE('',*,*,#2496,.F.);
#3445=ORIENTED_EDGE('',*,*,#3444,.T.);
#3447=ORIENTED_EDGE('',*,*,#3446,.F.);
#3448=EDGE_LOOP('',(#3442,#3443,#3445,#3447));
#3449=FACE_OUTER_BOUND('',#3448,.F.);
#3450=ADVANCED_FACE('',(#3449),#3441,.T.);
#3451=CARTESIAN_POINT('',(0.E0,4.5E0,0.E0));
#3452=DIRECTION('',(0.E0,-1.E0,0.E0));
#3453=DIRECTION('',(0.E0,0.E0,1.E0));
#3454=AXIS2_PLACEMENT_3D('',#3451,#3452,#3453);
#3455=PLANE('',#3454);
#3456=ORIENTED_EDGE('',*,*,#3444,.F.);
#3457=ORIENTED_EDGE('',*,*,#2494,.T.);
#3459=ORIENTED_EDGE('',*,*,#3458,.F.);
#3461=ORIENTED_EDGE('',*,*,#3460,.F.);
#3462=EDGE_LOOP('',(#3456,#3457,#3459,#3461));
#3463=FACE_OUTER_BOUND('',#3462,.F.);
#3465=ORIENTED_EDGE('',*,*,#3464,.F.);
#3467=ORIENTED_EDGE('',*,*,#3466,.F.);
#3468=EDGE_LOOP('',(#3465,#3467));
#3469=FACE_BOUND('',#3468,.F.);
#3470=ADVANCED_FACE('',(#3463,#3469),#3455,.F.);
#3471=CARTESIAN_POINT('',(-3.2E0,4.386885200059E0,0.E0));
#3472=DIRECTION('',(0.E0,1.E0,0.E0));
#3473=DIRECTION('',(1.E0,0.E0,0.E0));
#3474=AXIS2_PLACEMENT_3D('',#3471,#3472,#3473);
#3475=CONICAL_SURFACE('',#3474,1.368852000589E-1,4.5E1);
#3476=ORIENTED_EDGE('',*,*,#3464,.T.);
#3478=ORIENTED_EDGE('',*,*,#3477,.F.);
#3480=ORIENTED_EDGE('',*,*,#3479,.T.);
#3481=EDGE_LOOP('',(#3476,#3478,#3480));
#3482=FACE_OUTER_BOUND('',#3481,.F.);
#3483=ADVANCED_FACE('',(#3482),#3475,.F.);
#3484=CARTESIAN_POINT('',(-3.2E0,4.386885200059E0,0.E0));
#3485=DIRECTION('',(0.E0,1.E0,0.E0));
#3486=DIRECTION('',(1.E0,0.E0,0.E0));
#3487=AXIS2_PLACEMENT_3D('',#3484,#3485,#3486);
#3488=CONICAL_SURFACE('',#3487,1.368852000589E-1,4.5E1);
#3489=ORIENTED_EDGE('',*,*,#3466,.T.);
#3490=ORIENTED_EDGE('',*,*,#3479,.F.);
#3491=ORIENTED_EDGE('',*,*,#3477,.T.);
#3492=EDGE_LOOP('',(#3489,#3490,#3491));
#3493=FACE_OUTER_BOUND('',#3492,.F.);
#3494=ADVANCED_FACE('',(#3493),#3488,.F.);
#3495=CARTESIAN_POINT('',(0.E0,4.45E0,0.E0));
#3496=DIRECTION('',(0.E0,1.E0,0.E0));
#3497=DIRECTION('',(0.E0,0.E0,-1.E0));
#3498=AXIS2_PLACEMENT_3D('',#3495,#3496,#3497);
#3499=CONICAL_SURFACE('',#3498,1.55E0,4.5E1);
#3500=ORIENTED_EDGE('',*,*,#3458,.T.);
#3501=ORIENTED_EDGE('',*,*,#2492,.T.);
#3502=ORIENTED_EDGE('',*,*,#2455,.T.);
#3504=ORIENTED_EDGE('',*,*,#3503,.T.);
#3505=EDGE_LOOP('',(#3500,#3501,#3502,#3504));
#3506=FACE_OUTER_BOUND('',#3505,.F.);
#3507=ADVANCED_FACE('',(#3506),#3499,.F.);
#3508=CARTESIAN_POINT('',(0.E0,4.990000000386E0,5.833166986077E-1));
#3509=DIRECTION('',(-5.150380749101E-1,0.E0,8.571673007021E-1));
#3510=DIRECTION('',(8.571673007021E-1,0.E0,5.150380749101E-1));
#3511=AXIS2_PLACEMENT_3D('',#3508,#3509,#3510);
#3512=PLANE('',#3511);
#3513=ORIENTED_EDGE('',*,*,#2582,.F.);
#3515=ORIENTED_EDGE('',*,*,#3514,.T.);
#3517=ORIENTED_EDGE('',*,*,#3516,.T.);
#3519=ORIENTED_EDGE('',*,*,#3518,.T.);
#3521=ORIENTED_EDGE('',*,*,#3520,.F.);
#3523=ORIENTED_EDGE('',*,*,#3522,.T.);
#3524=ORIENTED_EDGE('',*,*,#2853,.F.);
#3525=ORIENTED_EDGE('',*,*,#3430,.F.);
#3526=ORIENTED_EDGE('',*,*,#3446,.T.);
#3527=ORIENTED_EDGE('',*,*,#3460,.T.);
#3528=ORIENTED_EDGE('',*,*,#3503,.F.);
#3529=ORIENTED_EDGE('',*,*,#2453,.T.);
#3530=ORIENTED_EDGE('',*,*,#2472,.F.);
#3532=ORIENTED_EDGE('',*,*,#3531,.T.);
#3534=ORIENTED_EDGE('',*,*,#3533,.T.);
#3536=ORIENTED_EDGE('',*,*,#3535,.T.);
#3537=EDGE_LOOP('',(#3513,#3515,#3517,#3519,#3521,#3523,#3524,#3525,#3526,#3527,
#3528,#3529,#3530,#3532,#3534,#3536));
#3538=FACE_OUTER_BOUND('',#3537,.F.);
#3540=ORIENTED_EDGE('',*,*,#3539,.T.);
#3542=ORIENTED_EDGE('',*,*,#3541,.T.);
#3543=EDGE_LOOP('',(#3540,#3542));
#3544=FACE_BOUND('',#3543,.F.);
#3545=ADVANCED_FACE('',(#3538,#3544),#3512,.F.);
#3546=CARTESIAN_POINT('',(1.733227854601E0,2.E0,7.988406991247E0));
#3547=DIRECTION('',(5.150380749101E-1,0.E0,-8.571673007021E-1));
#3548=DIRECTION('',(8.571673007021E-1,0.E0,5.150380749101E-1));
#3549=AXIS2_PLACEMENT_3D('',#3546,#3547,#3548);
#3550=CYLINDRICAL_SURFACE('',#3549,8.E-1);
#3552=ORIENTED_EDGE('',*,*,#3551,.F.);
#3554=ORIENTED_EDGE('',*,*,#3553,.T.);
#3556=ORIENTED_EDGE('',*,*,#3555,.T.);
#3557=ORIENTED_EDGE('',*,*,#3539,.F.);
#3558=EDGE_LOOP('',(#3552,#3554,#3556,#3557));
#3559=FACE_OUTER_BOUND('',#3558,.F.);
#3560=ADVANCED_FACE('',(#3559),#3550,.F.);
#3561=CARTESIAN_POINT('',(1.733227854601E0,2.E0,7.988406991247E0));
#3562=DIRECTION('',(5.150380749101E-1,0.E0,-8.571673007021E-1));
#3563=DIRECTION('',(8.571673007021E-1,0.E0,5.150380749101E-1));
#3564=AXIS2_PLACEMENT_3D('',#3561,#3562,#3563);
#3565=CYLINDRICAL_SURFACE('',#3564,8.E-1);
#3566=ORIENTED_EDGE('',*,*,#3551,.T.);
#3567=ORIENTED_EDGE('',*,*,#3541,.F.);
#3568=ORIENTED_EDGE('',*,*,#3555,.F.);
#3570=ORIENTED_EDGE('',*,*,#3569,.F.);
#3571=EDGE_LOOP('',(#3566,#3567,#3568,#3570));
#3572=FACE_OUTER_BOUND('',#3571,.F.);
#3573=ADVANCED_FACE('',(#3572),#3565,.F.);
#3574=CARTESIAN_POINT('',(2.105618687764E0,2.E0,7.368644568199E0));
#3575=DIRECTION('',(5.150380749101E-1,0.E0,-8.571673007021E-1));
#3576=DIRECTION('',(8.571673007021E-1,0.E0,5.150380749101E-1));
#3577=AXIS2_PLACEMENT_3D('',#3574,#3575,#3576);
#3578=CONICAL_SURFACE('',#3577,4.144074489510E-1,5.9E1);
#3580=ORIENTED_EDGE('',*,*,#3579,.F.);
#3581=ORIENTED_EDGE('',*,*,#3569,.T.);
#3583=ORIENTED_EDGE('',*,*,#3582,.F.);
#3584=EDGE_LOOP('',(#3580,#3581,#3583));
#3585=FACE_OUTER_BOUND('',#3584,.F.);
#3586=ADVANCED_FACE('',(#3585),#3578,.F.);
#3587=CARTESIAN_POINT('',(2.105618687764E0,2.E0,7.368644568199E0));
#3588=DIRECTION('',(5.150380749101E-1,0.E0,-8.571673007021E-1));
#3589=DIRECTION('',(8.571673007021E-1,0.E0,5.150380749101E-1));
#3590=AXIS2_PLACEMENT_3D('',#3587,#3588,#3589);
#3591=CONICAL_SURFACE('',#3590,4.144074489510E-1,5.9E1);
#3592=ORIENTED_EDGE('',*,*,#3579,.T.);
#3593=ORIENTED_EDGE('',*,*,#3582,.T.);
#3594=ORIENTED_EDGE('',*,*,#3553,.F.);
#3595=EDGE_LOOP('',(#3592,#3593,#3594));
#3596=FACE_OUTER_BOUND('',#3595,.F.);
#3597=ADVANCED_FACE('',(#3596),#3591,.F.);
#3598=CARTESIAN_POINT('',(0.E0,1.E-1,0.E0));
#3599=DIRECTION('',(0.E0,1.E0,0.E0));
#3600=DIRECTION('',(0.E0,0.E0,-1.E0));
#3601=AXIS2_PLACEMENT_3D('',#3598,#3599,#3600);
#3602=CONICAL_SURFACE('',#3601,9.E0,4.5E1);
#3604=ORIENTED_EDGE('',*,*,#3603,.T.);
#3605=ORIENTED_EDGE('',*,*,#3514,.F.);
#3606=ORIENTED_EDGE('',*,*,#2744,.T.);
#3608=ORIENTED_EDGE('',*,*,#3607,.T.);
#3609=EDGE_LOOP('',(#3604,#3605,#3606,#3608));
#3610=FACE_OUTER_BOUND('',#3609,.F.);
#3611=ADVANCED_FACE('',(#3610),#3602,.T.);
#3612=CARTESIAN_POINT('',(0.E0,1.E-1,0.E0));
#3613=DIRECTION('',(0.E0,1.E0,0.E0));
#3614=DIRECTION('',(0.E0,0.E0,-1.E0));
#3615=AXIS2_PLACEMENT_3D('',#3612,#3613,#3614);
#3616=CONICAL_SURFACE('',#3615,9.E0,4.5E1);
#3618=ORIENTED_EDGE('',*,*,#3617,.T.);
#3619=ORIENTED_EDGE('',*,*,#2556,.T.);
#3620=ORIENTED_EDGE('',*,*,#2739,.T.);
#3621=ORIENTED_EDGE('',*,*,#2510,.F.);
#3622=EDGE_LOOP('',(#3618,#3619,#3620,#3621));
#3623=FACE_OUTER_BOUND('',#3622,.F.);
#3624=ADVANCED_FACE('',(#3623),#3616,.T.);
#3625=CARTESIAN_POINT('',(0.E0,2.E-1,0.E0));
#3626=DIRECTION('',(0.E0,-1.E0,0.E0));
#3627=DIRECTION('',(0.E0,0.E0,1.E0));
#3628=AXIS2_PLACEMENT_3D('',#3625,#3626,#3627);
#3629=PLANE('',#3628);
#3631=ORIENTED_EDGE('',*,*,#3630,.F.);
#3632=ORIENTED_EDGE('',*,*,#2558,.T.);
#3633=ORIENTED_EDGE('',*,*,#3617,.F.);
#3634=ORIENTED_EDGE('',*,*,#2508,.F.);
#3635=EDGE_LOOP('',(#3631,#3632,#3633,#3634));
#3636=FACE_OUTER_BOUND('',#3635,.F.);
#3637=ADVANCED_FACE('',(#3636),#3629,.T.);
#3638=CARTESIAN_POINT('',(0.E0,2.E-1,0.E0));
#3639=DIRECTION('',(0.E0,-1.E0,0.E0));
#3640=DIRECTION('',(0.E0,0.E0,1.E0));
#3641=AXIS2_PLACEMENT_3D('',#3638,#3639,#3640);
#3642=PLANE('',#3641);
#3644=ORIENTED_EDGE('',*,*,#3643,.F.);
#3645=ORIENTED_EDGE('',*,*,#3516,.F.);
#3646=ORIENTED_EDGE('',*,*,#3603,.F.);
#3648=ORIENTED_EDGE('',*,*,#3647,.F.);
#3649=EDGE_LOOP('',(#3644,#3645,#3646,#3648));
#3650=FACE_OUTER_BOUND('',#3649,.F.);
#3651=ADVANCED_FACE('',(#3650),#3642,.T.);
#3652=CARTESIAN_POINT('',(0.E0,3.E-1,0.E0));
#3653=DIRECTION('',(0.E0,1.E0,0.E0));
#3654=DIRECTION('',(0.E0,0.E0,-1.E0));
#3655=AXIS2_PLACEMENT_3D('',#3652,#3653,#3654);
#3656=CONICAL_SURFACE('',#3655,9.65E0,4.5E1);
#3658=ORIENTED_EDGE('',*,*,#3657,.T.);
#3659=ORIENTED_EDGE('',*,*,#3518,.F.);
#3660=ORIENTED_EDGE('',*,*,#3643,.T.);
#3662=ORIENTED_EDGE('',*,*,#3661,.T.);
#3663=EDGE_LOOP('',(#3658,#3659,#3660,#3662));
#3664=FACE_OUTER_BOUND('',#3663,.F.);
#3665=ADVANCED_FACE('',(#3664),#3656,.T.);
#3666=CARTESIAN_POINT('',(0.E0,3.E-1,0.E0));
#3667=DIRECTION('',(0.E0,1.E0,0.E0));
#3668=DIRECTION('',(0.E0,0.E0,-1.E0));
#3669=AXIS2_PLACEMENT_3D('',#3666,#3667,#3668);
#3670=CONICAL_SURFACE('',#3669,9.65E0,4.5E1);
#3672=ORIENTED_EDGE('',*,*,#3671,.T.);
#3673=ORIENTED_EDGE('',*,*,#2560,.T.);
#3674=ORIENTED_EDGE('',*,*,#3630,.T.);
#3675=ORIENTED_EDGE('',*,*,#2506,.F.);
#3676=EDGE_LOOP('',(#3672,#3673,#3674,#3675));
#3677=FACE_OUTER_BOUND('',#3676,.F.);
#3678=ADVANCED_FACE('',(#3677),#3670,.T.);
#3679=CARTESIAN_POINT('',(0.E0,4.745E0,0.E0));
#3680=DIRECTION('',(0.E0,-1.E0,0.E0));
#3681=DIRECTION('',(0.E0,0.E0,1.E0));
#3682=AXIS2_PLACEMENT_3D('',#3679,#3680,#3681);
#3683=CYLINDRICAL_SURFACE('',#3682,9.75E0);
#3685=ORIENTED_EDGE('',*,*,#3684,.F.);
#3686=ORIENTED_EDGE('',*,*,#2562,.T.);
#3687=ORIENTED_EDGE('',*,*,#3671,.F.);
#3688=ORIENTED_EDGE('',*,*,#2504,.F.);
#3689=EDGE_LOOP('',(#3685,#3686,#3687,#3688));
#3690=FACE_OUTER_BOUND('',#3689,.F.);
#3691=ADVANCED_FACE('',(#3690),#3683,.T.);
#3692=CARTESIAN_POINT('',(0.E0,4.745E0,0.E0));
#3693=DIRECTION('',(0.E0,-1.E0,0.E0));
#3694=DIRECTION('',(0.E0,0.E0,1.E0));
#3695=AXIS2_PLACEMENT_3D('',#3692,#3693,#3694);
#3696=CYLINDRICAL_SURFACE('',#3695,9.75E0);
#3698=ORIENTED_EDGE('',*,*,#3697,.F.);
#3699=ORIENTED_EDGE('',*,*,#3520,.T.);
#3700=ORIENTED_EDGE('',*,*,#3657,.F.);
#3702=ORIENTED_EDGE('',*,*,#3701,.F.);
#3703=EDGE_LOOP('',(#3698,#3699,#3700,#3702));
#3704=FACE_OUTER_BOUND('',#3703,.F.);
#3705=ADVANCED_FACE('',(#3704),#3696,.T.);
#3706=CARTESIAN_POINT('',(0.E0,3.9E0,0.E0));
#3707=DIRECTION('',(0.E0,-1.E0,0.E0));
#3708=DIRECTION('',(0.E0,0.E0,-1.E0));
#3709=AXIS2_PLACEMENT_3D('',#3706,#3707,#3708);
#3710=CONICAL_SURFACE('',#3709,9.65E0,4.5E1);
#3711=ORIENTED_EDGE('',*,*,#2855,.T.);
#3712=ORIENTED_EDGE('',*,*,#3522,.F.);
#3713=ORIENTED_EDGE('',*,*,#3697,.T.);
#3715=ORIENTED_EDGE('',*,*,#3714,.T.);
#3716=EDGE_LOOP('',(#3711,#3712,#3713,#3715));
#3717=FACE_OUTER_BOUND('',#3716,.F.);
#3718=ADVANCED_FACE('',(#3717),#3710,.T.);
#3719=CARTESIAN_POINT('',(0.E0,3.9E0,0.E0));
#3720=DIRECTION('',(0.E0,-1.E0,0.E0));
#3721=DIRECTION('',(0.E0,0.E0,-1.E0));
#3722=AXIS2_PLACEMENT_3D('',#3719,#3720,#3721);
#3723=CONICAL_SURFACE('',#3722,9.65E0,4.5E1);
#3724=ORIENTED_EDGE('',*,*,#2860,.T.);
#3725=ORIENTED_EDGE('',*,*,#2564,.T.);
#3726=ORIENTED_EDGE('',*,*,#3684,.T.);
#3727=ORIENTED_EDGE('',*,*,#2502,.F.);
#3728=EDGE_LOOP('',(#3724,#3725,#3726,#3727));
#3729=FACE_OUTER_BOUND('',#3728,.F.);
#3730=ADVANCED_FACE('',(#3729),#3723,.T.);
#3731=CARTESIAN_POINT('',(7.687002780593E0,4.E0,-5.997706916076E0));
#3732=DIRECTION('',(-8.571673007021E-1,0.E0,-5.150380749101E-1));
#3733=DIRECTION('',(-5.150380749101E-1,0.E0,8.571673007021E-1));
#3734=AXIS2_PLACEMENT_3D('',#3731,#3732,#3733);
#3735=PLANE('',#3734);
#3736=ORIENTED_EDGE('',*,*,#2742,.T.);
#3737=ORIENTED_EDGE('',*,*,#2568,.F.);
#3738=ORIENTED_EDGE('',*,*,#2857,.F.);
#3739=ORIENTED_EDGE('',*,*,#3714,.F.);
#3740=ORIENTED_EDGE('',*,*,#3701,.T.);
#3741=ORIENTED_EDGE('',*,*,#3661,.F.);
#3742=ORIENTED_EDGE('',*,*,#3647,.T.);
#3743=ORIENTED_EDGE('',*,*,#3607,.F.);
#3744=EDGE_LOOP('',(#3736,#3737,#3738,#3739,#3740,#3741,#3742,#3743));
#3745=FACE_OUTER_BOUND('',#3744,.F.);
#3746=ADVANCED_FACE('',(#3745),#3735,.F.);
#3747=CARTESIAN_POINT('',(0.E0,3.49E0,0.E0));
#3748=DIRECTION('',(0.E0,-1.E0,0.E0));
#3749=DIRECTION('',(0.E0,0.E0,1.E0));
#3750=AXIS2_PLACEMENT_3D('',#3747,#3748,#3749);
#3751=CYLINDRICAL_SURFACE('',#3750,3.E0);
#3753=ORIENTED_EDGE('',*,*,#3752,.T.);
#3754=ORIENTED_EDGE('',*,*,#3531,.F.);
#3755=ORIENTED_EDGE('',*,*,#2470,.T.);
#3756=ORIENTED_EDGE('',*,*,#2488,.T.);
#3757=EDGE_LOOP('',(#3753,#3754,#3755,#3756));
#3758=FACE_OUTER_BOUND('',#3757,.F.);
#3759=ADVANCED_FACE('',(#3758),#3751,.F.);
#3760=CARTESIAN_POINT('',(0.E0,2.65E0,0.E0));
#3761=DIRECTION('',(0.E0,-1.E0,0.E0));
#3762=DIRECTION('',(0.E0,0.E0,1.E0));
#3763=AXIS2_PLACEMENT_3D('',#3760,#3761,#3762);
#3764=PLANE('',#3763);
#3765=ORIENTED_EDGE('',*,*,#3752,.F.);
#3766=ORIENTED_EDGE('',*,*,#2486,.T.);
#3768=ORIENTED_EDGE('',*,*,#3767,.F.);
#3770=ORIENTED_EDGE('',*,*,#3769,.F.);
#3772=ORIENTED_EDGE('',*,*,#3771,.F.);
#3774=ORIENTED_EDGE('',*,*,#3773,.F.);
#3776=ORIENTED_EDGE('',*,*,#3775,.F.);
#3778=ORIENTED_EDGE('',*,*,#3777,.F.);
#3780=ORIENTED_EDGE('',*,*,#3779,.F.);
#3782=ORIENTED_EDGE('',*,*,#3781,.F.);
#3784=ORIENTED_EDGE('',*,*,#3783,.F.);
#3786=ORIENTED_EDGE('',*,*,#3785,.F.);
#3788=ORIENTED_EDGE('',*,*,#3787,.F.);
#3790=ORIENTED_EDGE('',*,*,#3789,.F.);
#3792=ORIENTED_EDGE('',*,*,#3791,.F.);
#3794=ORIENTED_EDGE('',*,*,#3793,.F.);
#3796=ORIENTED_EDGE('',*,*,#3795,.F.);
#3798=ORIENTED_EDGE('',*,*,#3797,.F.);
#3800=ORIENTED_EDGE('',*,*,#3799,.F.);
#3802=ORIENTED_EDGE('',*,*,#3801,.F.);
#3804=ORIENTED_EDGE('',*,*,#3803,.F.);
#3806=ORIENTED_EDGE('',*,*,#3805,.F.);
#3808=ORIENTED_EDGE('',*,*,#3807,.F.);
#3810=ORIENTED_EDGE('',*,*,#3809,.F.);
#3812=ORIENTED_EDGE('',*,*,#3811,.F.);
#3814=ORIENTED_EDGE('',*,*,#3813,.F.);
#3816=ORIENTED_EDGE('',*,*,#3815,.F.);
#3818=ORIENTED_EDGE('',*,*,#3817,.F.);
#3820=ORIENTED_EDGE('',*,*,#3819,.F.);
#3822=ORIENTED_EDGE('',*,*,#3821,.F.);
#3824=ORIENTED_EDGE('',*,*,#3823,.F.);
#3826=ORIENTED_EDGE('',*,*,#3825,.F.);
#3828=ORIENTED_EDGE('',*,*,#3827,.F.);
#3830=ORIENTED_EDGE('',*,*,#3829,.F.);
#3832=ORIENTED_EDGE('',*,*,#3831,.F.);
#3834=ORIENTED_EDGE('',*,*,#3833,.F.);
#3836=ORIENTED_EDGE('',*,*,#3835,.F.);
#3838=ORIENTED_EDGE('',*,*,#3837,.F.);
#3840=ORIENTED_EDGE('',*,*,#3839,.F.);
#3842=ORIENTED_EDGE('',*,*,#3841,.F.);
#3844=ORIENTED_EDGE('',*,*,#3843,.F.);
#3846=ORIENTED_EDGE('',*,*,#3845,.F.);
#3848=ORIENTED_EDGE('',*,*,#3847,.F.);
#3850=ORIENTED_EDGE('',*,*,#3849,.F.);
#3852=ORIENTED_EDGE('',*,*,#3851,.F.);
#3854=ORIENTED_EDGE('',*,*,#3853,.F.);
#3856=ORIENTED_EDGE('',*,*,#3855,.F.);
#3858=ORIENTED_EDGE('',*,*,#3857,.F.);
#3860=ORIENTED_EDGE('',*,*,#3859,.F.);
#3862=ORIENTED_EDGE('',*,*,#3861,.F.);
#3864=ORIENTED_EDGE('',*,*,#3863,.F.);
#3866=ORIENTED_EDGE('',*,*,#3865,.F.);
#3868=ORIENTED_EDGE('',*,*,#3867,.F.);
#3870=ORIENTED_EDGE('',*,*,#3869,.F.);
#3872=ORIENTED_EDGE('',*,*,#3871,.F.);
#3874=ORIENTED_EDGE('',*,*,#3873,.F.);
#3876=ORIENTED_EDGE('',*,*,#3875,.F.);
#3878=ORIENTED_EDGE('',*,*,#3877,.F.);
#3880=ORIENTED_EDGE('',*,*,#3879,.F.);
#3882=ORIENTED_EDGE('',*,*,#3881,.F.);
#3884=ORIENTED_EDGE('',*,*,#3883,.F.);
#3886=ORIENTED_EDGE('',*,*,#3885,.F.);
#3888=ORIENTED_EDGE('',*,*,#3887,.F.);
#3890=ORIENTED_EDGE('',*,*,#3889,.F.);
#3892=ORIENTED_EDGE('',*,*,#3891,.F.);
#3894=ORIENTED_EDGE('',*,*,#3893,.F.);
#3896=ORIENTED_EDGE('',*,*,#3895,.F.);
#3898=ORIENTED_EDGE('',*,*,#3897,.F.);
#3900=ORIENTED_EDGE('',*,*,#3899,.F.);
#3902=ORIENTED_EDGE('',*,*,#3901,.F.);
#3904=ORIENTED_EDGE('',*,*,#3903,.F.);
#3906=ORIENTED_EDGE('',*,*,#3905,.F.);
#3908=ORIENTED_EDGE('',*,*,#3907,.F.);
#3910=ORIENTED_EDGE('',*,*,#3909,.F.);
#3912=ORIENTED_EDGE('',*,*,#3911,.F.);
#3914=ORIENTED_EDGE('',*,*,#3913,.F.);
#3916=ORIENTED_EDGE('',*,*,#3915,.F.);
#3918=ORIENTED_EDGE('',*,*,#3917,.F.);
#3920=ORIENTED_EDGE('',*,*,#3919,.F.);
#3921=ORIENTED_EDGE('',*,*,#3533,.F.);
#3922=EDGE_LOOP('',(#3765,#3766,#3768,#3770,#3772,#3774,#3776,#3778,#3780,#3782,
#3784,#3786,#3788,#3790,#3792,#3794,#3796,#3798,#3800,#3802,#3804,#3806,#3808,
#3810,#3812,#3814,#3816,#3818,#3820,#3822,#3824,#3826,#3828,#3830,#3832,#3834,
#3836,#3838,#3840,#3842,#3844,#3846,#3848,#3850,#3852,#3854,#3856,#3858,#3860,
#3862,#3864,#3866,#3868,#3870,#3872,#3874,#3876,#3878,#3880,#3882,#3884,#3886,
#3888,#3890,#3892,#3894,#3896,#3898,#3900,#3902,#3904,#3906,#3908,#3910,#3912,
#3914,#3916,#3918,#3920,#3921));
#3923=FACE_OUTER_BOUND('',#3922,.F.);
#3924=ADVANCED_FACE('',(#3923),#3764,.F.);
#3925=CARTESIAN_POINT('',(2.730588545663E0,-4.E-1,9.602627043226E-1));
#3926=DIRECTION('',(4.694715627859E-1,0.E0,8.829475928589E-1));
#3927=DIRECTION('',(-8.829475928589E-1,0.E0,4.694715627859E-1));
#3928=AXIS2_PLACEMENT_3D('',#3925,#3926,#3927);
#3929=PLANE('',#3928);
#3930=ORIENTED_EDGE('',*,*,#2736,.F.);
#3932=ORIENTED_EDGE('',*,*,#3931,.T.);
#3933=ORIENTED_EDGE('',*,*,#3767,.T.);
#3934=ORIENTED_EDGE('',*,*,#2484,.T.);
#3935=EDGE_LOOP('',(#3930,#3932,#3933,#3934));
#3936=FACE_OUTER_BOUND('',#3935,.F.);
#3937=ADVANCED_FACE('',(#3936),#3929,.F.);
#3938=CARTESIAN_POINT('',(2.683641389384E0,-4.E-1,8.719679450367E-1));
#3939=DIRECTION('',(0.E0,-1.E0,0.E0));
#3940=DIRECTION('',(3.090169943749E-1,0.E0,-9.510565162952E-1));
#3941=AXIS2_PLACEMENT_3D('',#3938,#3939,#3940);
#3942=CYLINDRICAL_SURFACE('',#3941,1.E-1);
#3943=ORIENTED_EDGE('',*,*,#2734,.F.);
#3945=ORIENTED_EDGE('',*,*,#3944,.T.);
#3946=ORIENTED_EDGE('',*,*,#3769,.T.);
#3947=ORIENTED_EDGE('',*,*,#3931,.F.);
#3948=EDGE_LOOP('',(#3943,#3945,#3946,#3947));
#3949=FACE_OUTER_BOUND('',#3948,.F.);
#3950=ADVANCED_FACE('',(#3949),#3942,.F.);
#3951=CARTESIAN_POINT('',(2.567989685547E0,-4.E-1,4.067296091046E-1));
#3952=DIRECTION('',(8.987940462992E-1,0.E0,-4.383711467891E-1));
#3953=DIRECTION('',(4.383711467891E-1,0.E0,8.987940462992E-1));
#3954=AXIS2_PLACEMENT_3D('',#3951,#3952,#3953);
#3955=PLANE('',#3954);
#3956=ORIENTED_EDGE('',*,*,#2732,.F.);
#3958=ORIENTED_EDGE('',*,*,#3957,.F.);
#3959=ORIENTED_EDGE('',*,*,#3771,.T.);
#3960=ORIENTED_EDGE('',*,*,#3944,.F.);
#3961=EDGE_LOOP('',(#3956,#3958,#3959,#3960));
#3962=FACE_OUTER_BOUND('',#3961,.F.);
#3963=ADVANCED_FACE('',(#3962),#3955,.F.);
#3964=CARTESIAN_POINT('',(0.E0,4.745E0,0.E0));
#3965=DIRECTION('',(0.E0,-1.E0,0.E0));
#3966=DIRECTION('',(0.E0,0.E0,1.E0));
#3967=AXIS2_PLACEMENT_3D('',#3964,#3965,#3966);
#3968=CYLINDRICAL_SURFACE('',#3967,2.7E0);
#3969=ORIENTED_EDGE('',*,*,#2690,.F.);
#3971=ORIENTED_EDGE('',*,*,#3970,.F.);
#3972=ORIENTED_EDGE('',*,*,#3813,.T.);
#3974=ORIENTED_EDGE('',*,*,#3973,.T.);
#3975=EDGE_LOOP('',(#3969,#3971,#3972,#3974));
#3976=FACE_OUTER_BOUND('',#3975,.F.);
#3977=ADVANCED_FACE('',(#3976),#3968,.F.);
#3978=CARTESIAN_POINT('',(0.E0,4.745E0,0.E0));
#3979=DIRECTION('',(0.E0,-1.E0,0.E0));
#3980=DIRECTION('',(0.E0,0.E0,1.E0));
#3981=AXIS2_PLACEMENT_3D('',#3978,#3979,#3980);
#3982=CYLINDRICAL_SURFACE('',#3981,2.7E0);
#3983=ORIENTED_EDGE('',*,*,#2698,.F.);
#3985=ORIENTED_EDGE('',*,*,#3984,.F.);
#3986=ORIENTED_EDGE('',*,*,#3805,.T.);
#3988=ORIENTED_EDGE('',*,*,#3987,.T.);
#3989=EDGE_LOOP('',(#3983,#3985,#3986,#3988));
#3990=FACE_OUTER_BOUND('',#3989,.F.);
#3991=ADVANCED_FACE('',(#3990),#3982,.F.);
#3992=CARTESIAN_POINT('',(0.E0,4.745E0,0.E0));
#3993=DIRECTION('',(0.E0,-1.E0,0.E0));
#3994=DIRECTION('',(0.E0,0.E0,1.E0));
#3995=AXIS2_PLACEMENT_3D('',#3992,#3993,#3994);
#3996=CYLINDRICAL_SURFACE('',#3995,2.7E0);
#3997=ORIENTED_EDGE('',*,*,#2706,.F.);
#3999=ORIENTED_EDGE('',*,*,#3998,.F.);
#4000=ORIENTED_EDGE('',*,*,#3797,.T.);
#4002=ORIENTED_EDGE('',*,*,#4001,.T.);
#4003=EDGE_LOOP('',(#3997,#3999,#4000,#4002));
#4004=FACE_OUTER_BOUND('',#4003,.F.);
#4005=ADVANCED_FACE('',(#4004),#3996,.F.);
#4006=CARTESIAN_POINT('',(0.E0,4.745E0,0.E0));
#4007=DIRECTION('',(0.E0,-1.E0,0.E0));
#4008=DIRECTION('',(0.E0,0.E0,1.E0));
#4009=AXIS2_PLACEMENT_3D('',#4006,#4007,#4008);
#4010=CYLINDRICAL_SURFACE('',#4009,2.7E0);
#4011=ORIENTED_EDGE('',*,*,#2714,.F.);
#4013=ORIENTED_EDGE('',*,*,#4012,.F.);
#4014=ORIENTED_EDGE('',*,*,#3789,.T.);
#4016=ORIENTED_EDGE('',*,*,#4015,.T.);
#4017=EDGE_LOOP('',(#4011,#4013,#4014,#4016));
#4018=FACE_OUTER_BOUND('',#4017,.F.);
#4019=ADVANCED_FACE('',(#4018),#4010,.F.);
#4020=CARTESIAN_POINT('',(0.E0,4.745E0,0.E0));
#4021=DIRECTION('',(0.E0,-1.E0,0.E0));
#4022=DIRECTION('',(0.E0,0.E0,1.E0));
#4023=AXIS2_PLACEMENT_3D('',#4020,#4021,#4022);
#4024=CYLINDRICAL_SURFACE('',#4023,2.7E0);
#4025=ORIENTED_EDGE('',*,*,#2722,.F.);
#4027=ORIENTED_EDGE('',*,*,#4026,.F.);
#4028=ORIENTED_EDGE('',*,*,#3781,.T.);
#4030=ORIENTED_EDGE('',*,*,#4029,.T.);
#4031=EDGE_LOOP('',(#4025,#4027,#4028,#4030));
#4032=FACE_OUTER_BOUND('',#4031,.F.);
#4033=ADVANCED_FACE('',(#4032),#4024,.F.);
#4034=CARTESIAN_POINT('',(0.E0,4.745E0,0.E0));
#4035=DIRECTION('',(0.E0,-1.E0,0.E0));
#4036=DIRECTION('',(0.E0,0.E0,1.E0));
#4037=AXIS2_PLACEMENT_3D('',#4034,#4035,#4036);
#4038=CYLINDRICAL_SURFACE('',#4037,2.7E0);
#4039=ORIENTED_EDGE('',*,*,#2730,.F.);
#4041=ORIENTED_EDGE('',*,*,#4040,.F.);
#4042=ORIENTED_EDGE('',*,*,#3773,.T.);
#4043=ORIENTED_EDGE('',*,*,#3957,.T.);
#4044=EDGE_LOOP('',(#4039,#4041,#4042,#4043));
#4045=FACE_OUTER_BOUND('',#4044,.F.);
#4046=ADVANCED_FACE('',(#4045),#4038,.F.);
#4047=CARTESIAN_POINT('',(0.E0,4.745E0,0.E0));
#4048=DIRECTION('',(0.E0,-1.E0,0.E0));
#4049=DIRECTION('',(0.E0,0.E0,1.E0));
#4050=AXIS2_PLACEMENT_3D('',#4047,#4048,#4049);
#4051=CYLINDRICAL_SURFACE('',#4050,2.7E0);
#4052=ORIENTED_EDGE('',*,*,#2586,.F.);
#4054=ORIENTED_EDGE('',*,*,#4053,.F.);
#4055=ORIENTED_EDGE('',*,*,#3917,.T.);
#4057=ORIENTED_EDGE('',*,*,#4056,.T.);
#4058=EDGE_LOOP('',(#4052,#4054,#4055,#4057));
#4059=FACE_OUTER_BOUND('',#4058,.F.);
#4060=ADVANCED_FACE('',(#4059),#4051,.F.);
#4061=CARTESIAN_POINT('',(0.E0,4.745E0,0.E0));
#4062=DIRECTION('',(0.E0,-1.E0,0.E0));
#4063=DIRECTION('',(0.E0,0.E0,1.E0));
#4064=AXIS2_PLACEMENT_3D('',#4061,#4062,#4063);
#4065=CYLINDRICAL_SURFACE('',#4064,2.7E0);
#4066=ORIENTED_EDGE('',*,*,#2594,.F.);
#4068=ORIENTED_EDGE('',*,*,#4067,.F.);
#4069=ORIENTED_EDGE('',*,*,#3909,.T.);
#4071=ORIENTED_EDGE('',*,*,#4070,.T.);
#4072=EDGE_LOOP('',(#4066,#4068,#4069,#4071));
#4073=FACE_OUTER_BOUND('',#4072,.F.);
#4074=ADVANCED_FACE('',(#4073),#4065,.F.);
#4075=CARTESIAN_POINT('',(0.E0,4.745E0,0.E0));
#4076=DIRECTION('',(0.E0,-1.E0,0.E0));
#4077=DIRECTION('',(0.E0,0.E0,1.E0));
#4078=AXIS2_PLACEMENT_3D('',#4075,#4076,#4077);
#4079=CYLINDRICAL_SURFACE('',#4078,2.7E0);
#4080=ORIENTED_EDGE('',*,*,#2602,.F.);
#4082=ORIENTED_EDGE('',*,*,#4081,.F.);
#4083=ORIENTED_EDGE('',*,*,#3901,.T.);
#4085=ORIENTED_EDGE('',*,*,#4084,.T.);
#4086=EDGE_LOOP('',(#4080,#4082,#4083,#4085));
#4087=FACE_OUTER_BOUND('',#4086,.F.);
#4088=ADVANCED_FACE('',(#4087),#4079,.F.);
#4089=CARTESIAN_POINT('',(0.E0,4.745E0,0.E0));
#4090=DIRECTION('',(0.E0,-1.E0,0.E0));
#4091=DIRECTION('',(0.E0,0.E0,1.E0));
#4092=AXIS2_PLACEMENT_3D('',#4089,#4090,#4091);
#4093=CYLINDRICAL_SURFACE('',#4092,2.7E0);
#4094=ORIENTED_EDGE('',*,*,#2610,.F.);
#4096=ORIENTED_EDGE('',*,*,#4095,.F.);
#4097=ORIENTED_EDGE('',*,*,#3893,.T.);
#4099=ORIENTED_EDGE('',*,*,#4098,.T.);
#4100=EDGE_LOOP('',(#4094,#4096,#4097,#4099));
#4101=FACE_OUTER_BOUND('',#4100,.F.);
#4102=ADVANCED_FACE('',(#4101),#4093,.F.);
#4103=CARTESIAN_POINT('',(0.E0,4.745E0,0.E0));
#4104=DIRECTION('',(0.E0,-1.E0,0.E0));
#4105=DIRECTION('',(0.E0,0.E0,1.E0));
#4106=AXIS2_PLACEMENT_3D('',#4103,#4104,#4105);
#4107=CYLINDRICAL_SURFACE('',#4106,2.7E0);
#4108=ORIENTED_EDGE('',*,*,#2618,.F.);
#4110=ORIENTED_EDGE('',*,*,#4109,.F.);
#4111=ORIENTED_EDGE('',*,*,#3885,.T.);
#4113=ORIENTED_EDGE('',*,*,#4112,.T.);
#4114=EDGE_LOOP('',(#4108,#4110,#4111,#4113));
#4115=FACE_OUTER_BOUND('',#4114,.F.);
#4116=ADVANCED_FACE('',(#4115),#4107,.F.);
#4117=CARTESIAN_POINT('',(0.E0,4.745E0,0.E0));
#4118=DIRECTION('',(0.E0,-1.E0,0.E0));
#4119=DIRECTION('',(0.E0,0.E0,1.E0));
#4120=AXIS2_PLACEMENT_3D('',#4117,#4118,#4119);
#4121=CYLINDRICAL_SURFACE('',#4120,2.7E0);
#4122=ORIENTED_EDGE('',*,*,#2626,.F.);
#4124=ORIENTED_EDGE('',*,*,#4123,.F.);
#4125=ORIENTED_EDGE('',*,*,#3877,.T.);
#4127=ORIENTED_EDGE('',*,*,#4126,.T.);
#4128=EDGE_LOOP('',(#4122,#4124,#4125,#4127));
#4129=FACE_OUTER_BOUND('',#4128,.F.);
#4130=ADVANCED_FACE('',(#4129),#4121,.F.);
#4131=CARTESIAN_POINT('',(0.E0,4.745E0,0.E0));
#4132=DIRECTION('',(0.E0,-1.E0,0.E0));
#4133=DIRECTION('',(0.E0,0.E0,1.E0));
#4134=AXIS2_PLACEMENT_3D('',#4131,#4132,#4133);
#4135=CYLINDRICAL_SURFACE('',#4134,2.7E0);
#4136=ORIENTED_EDGE('',*,*,#2634,.F.);
#4138=ORIENTED_EDGE('',*,*,#4137,.F.);
#4139=ORIENTED_EDGE('',*,*,#3869,.T.);
#4141=ORIENTED_EDGE('',*,*,#4140,.T.);
#4142=EDGE_LOOP('',(#4136,#4138,#4139,#4141));
#4143=FACE_OUTER_BOUND('',#4142,.F.);
#4144=ADVANCED_FACE('',(#4143),#4135,.F.);
#4145=CARTESIAN_POINT('',(0.E0,4.745E0,0.E0));
#4146=DIRECTION('',(0.E0,-1.E0,0.E0));
#4147=DIRECTION('',(0.E0,0.E0,1.E0));
#4148=AXIS2_PLACEMENT_3D('',#4145,#4146,#4147);
#4149=CYLINDRICAL_SURFACE('',#4148,2.7E0);
#4150=ORIENTED_EDGE('',*,*,#2642,.F.);
#4152=ORIENTED_EDGE('',*,*,#4151,.F.);
#4153=ORIENTED_EDGE('',*,*,#3861,.T.);
#4155=ORIENTED_EDGE('',*,*,#4154,.T.);
#4156=EDGE_LOOP('',(#4150,#4152,#4153,#4155));
#4157=FACE_OUTER_BOUND('',#4156,.F.);
#4158=ADVANCED_FACE('',(#4157),#4149,.F.);
#4159=CARTESIAN_POINT('',(0.E0,4.745E0,0.E0));
#4160=DIRECTION('',(0.E0,-1.E0,0.E0));
#4161=DIRECTION('',(0.E0,0.E0,1.E0));
#4162=AXIS2_PLACEMENT_3D('',#4159,#4160,#4161);
#4163=CYLINDRICAL_SURFACE('',#4162,2.7E0);
#4164=ORIENTED_EDGE('',*,*,#2650,.F.);
#4166=ORIENTED_EDGE('',*,*,#4165,.F.);
#4167=ORIENTED_EDGE('',*,*,#3853,.T.);
#4169=ORIENTED_EDGE('',*,*,#4168,.T.);
#4170=EDGE_LOOP('',(#4164,#4166,#4167,#4169));
#4171=FACE_OUTER_BOUND('',#4170,.F.);
#4172=ADVANCED_FACE('',(#4171),#4163,.F.);
#4173=CARTESIAN_POINT('',(0.E0,4.745E0,0.E0));
#4174=DIRECTION('',(0.E0,-1.E0,0.E0));
#4175=DIRECTION('',(0.E0,0.E0,1.E0));
#4176=AXIS2_PLACEMENT_3D('',#4173,#4174,#4175);
#4177=CYLINDRICAL_SURFACE('',#4176,2.7E0);
#4178=ORIENTED_EDGE('',*,*,#2658,.F.);
#4180=ORIENTED_EDGE('',*,*,#4179,.F.);
#4181=ORIENTED_EDGE('',*,*,#3845,.T.);
#4183=ORIENTED_EDGE('',*,*,#4182,.T.);
#4184=EDGE_LOOP('',(#4178,#4180,#4181,#4183));
#4185=FACE_OUTER_BOUND('',#4184,.F.);
#4186=ADVANCED_FACE('',(#4185),#4177,.F.);
#4187=CARTESIAN_POINT('',(0.E0,4.745E0,0.E0));
#4188=DIRECTION('',(0.E0,-1.E0,0.E0));
#4189=DIRECTION('',(0.E0,0.E0,1.E0));
#4190=AXIS2_PLACEMENT_3D('',#4187,#4188,#4189);
#4191=CYLINDRICAL_SURFACE('',#4190,2.7E0);
#4192=ORIENTED_EDGE('',*,*,#2666,.F.);
#4194=ORIENTED_EDGE('',*,*,#4193,.F.);
#4195=ORIENTED_EDGE('',*,*,#3837,.T.);
#4197=ORIENTED_EDGE('',*,*,#4196,.T.);
#4198=EDGE_LOOP('',(#4192,#4194,#4195,#4197));
#4199=FACE_OUTER_BOUND('',#4198,.F.);
#4200=ADVANCED_FACE('',(#4199),#4191,.F.);
#4201=CARTESIAN_POINT('',(0.E0,4.745E0,0.E0));
#4202=DIRECTION('',(0.E0,-1.E0,0.E0));
#4203=DIRECTION('',(0.E0,0.E0,1.E0));
#4204=AXIS2_PLACEMENT_3D('',#4201,#4202,#4203);
#4205=CYLINDRICAL_SURFACE('',#4204,2.7E0);
#4206=ORIENTED_EDGE('',*,*,#2674,.F.);
#4208=ORIENTED_EDGE('',*,*,#4207,.F.);
#4209=ORIENTED_EDGE('',*,*,#3829,.T.);
#4211=ORIENTED_EDGE('',*,*,#4210,.T.);
#4212=EDGE_LOOP('',(#4206,#4208,#4209,#4211));
#4213=FACE_OUTER_BOUND('',#4212,.F.);
#4214=ADVANCED_FACE('',(#4213),#4205,.F.);
#4215=CARTESIAN_POINT('',(0.E0,4.745E0,0.E0));
#4216=DIRECTION('',(0.E0,-1.E0,0.E0));
#4217=DIRECTION('',(0.E0,0.E0,1.E0));
#4218=AXIS2_PLACEMENT_3D('',#4215,#4216,#4217);
#4219=CYLINDRICAL_SURFACE('',#4218,2.7E0);
#4220=ORIENTED_EDGE('',*,*,#2682,.F.);
#4222=ORIENTED_EDGE('',*,*,#4221,.F.);
#4223=ORIENTED_EDGE('',*,*,#3821,.T.);
#4225=ORIENTED_EDGE('',*,*,#4224,.T.);
#4226=EDGE_LOOP('',(#4220,#4222,#4223,#4225));
#4227=FACE_OUTER_BOUND('',#4226,.F.);
#4228=ADVANCED_FACE('',(#4227),#4219,.F.);
#4229=CARTESIAN_POINT('',(6.946583704590E-2,-4.E-1,-2.893681524374E0));
#4230=DIRECTION('',(6.946583704590E-1,0.E0,-7.193398003386E-1));
#4231=DIRECTION('',(7.193398003386E-1,0.E0,6.946583704590E-1));
#4232=AXIS2_PLACEMENT_3D('',#4229,#4230,#4231);
#4233=PLANE('',#4232);
#4234=ORIENTED_EDGE('',*,*,#2688,.F.);
#4236=ORIENTED_EDGE('',*,*,#4235,.T.);
#4237=ORIENTED_EDGE('',*,*,#3815,.T.);
#4238=ORIENTED_EDGE('',*,*,#3970,.T.);
#4239=EDGE_LOOP('',(#4234,#4236,#4237,#4238));
#4240=FACE_OUTER_BOUND('',#4239,.F.);
#4241=ADVANCED_FACE('',(#4240),#4233,.F.);
#4242=CARTESIAN_POINT('',(0.E0,-4.E-1,-2.821747544340E0));
#4243=DIRECTION('',(0.E0,-1.E0,0.E0));
#4244=DIRECTION('',(-1.E0,0.E0,0.E0));
#4245=AXIS2_PLACEMENT_3D('',#4242,#4243,#4244);
#4246=CYLINDRICAL_SURFACE('',#4245,1.E-1);
#4247=ORIENTED_EDGE('',*,*,#2686,.F.);
#4249=ORIENTED_EDGE('',*,*,#4248,.T.);
#4250=ORIENTED_EDGE('',*,*,#3817,.T.);
#4251=ORIENTED_EDGE('',*,*,#4235,.F.);
#4252=EDGE_LOOP('',(#4247,#4249,#4250,#4251));
#4253=FACE_OUTER_BOUND('',#4252,.F.);
#4254=ADVANCED_FACE('',(#4253),#4246,.F.);
#4255=CARTESIAN_POINT('',(-4.067296091046E-1,-4.E-1,-2.567989685547E0));
#4256=DIRECTION('',(-6.946583704590E-1,0.E0,-7.193398003386E-1));
#4257=DIRECTION('',(7.193398003386E-1,0.E0,-6.946583704590E-1));
#4258=AXIS2_PLACEMENT_3D('',#4255,#4256,#4257);
#4259=PLANE('',#4258);
#4260=ORIENTED_EDGE('',*,*,#2684,.F.);
#4261=ORIENTED_EDGE('',*,*,#4224,.F.);
#4262=ORIENTED_EDGE('',*,*,#3819,.T.);
#4263=ORIENTED_EDGE('',*,*,#4248,.F.);
#4264=EDGE_LOOP('',(#4260,#4261,#4262,#4263));
#4265=FACE_OUTER_BOUND('',#4264,.F.);
#4266=ADVANCED_FACE('',(#4265),#4259,.F.);
#4267=CARTESIAN_POINT('',(4.067296091046E-1,-4.E-1,-2.567989685547E0));
#4268=DIRECTION('',(-4.383711467891E-1,0.E0,-8.987940462992E-1));
#4269=DIRECTION('',(8.987940462992E-1,0.E0,-4.383711467891E-1));
#4270=AXIS2_PLACEMENT_3D('',#4267,#4268,#4269);
#4271=PLANE('',#4270);
#4272=ORIENTED_EDGE('',*,*,#2692,.F.);
#4273=ORIENTED_EDGE('',*,*,#3973,.F.);
#4274=ORIENTED_EDGE('',*,*,#3811,.T.);
#4276=ORIENTED_EDGE('',*,*,#4275,.F.);
#4277=EDGE_LOOP('',(#4272,#4273,#4274,#4276));
#4278=FACE_OUTER_BOUND('',#4277,.F.);
#4279=ADVANCED_FACE('',(#4278),#4271,.F.);
#4280=CARTESIAN_POINT('',(8.719679450367E-1,-4.E-1,-2.683641389384E0));
#4281=DIRECTION('',(0.E0,-1.E0,0.E0));
#4282=DIRECTION('',(-9.510565162952E-1,0.E0,-3.090169943749E-1));
#4283=AXIS2_PLACEMENT_3D('',#4280,#4281,#4282);
#4284=CYLINDRICAL_SURFACE('',#4283,1.E-1);
#4285=ORIENTED_EDGE('',*,*,#2694,.F.);
#4286=ORIENTED_EDGE('',*,*,#4275,.T.);
#4287=ORIENTED_EDGE('',*,*,#3809,.T.);
#4289=ORIENTED_EDGE('',*,*,#4288,.F.);
#4290=EDGE_LOOP('',(#4285,#4286,#4287,#4289));
#4291=FACE_OUTER_BOUND('',#4290,.F.);
#4292=ADVANCED_FACE('',(#4291),#4284,.F.);
#4293=CARTESIAN_POINT('',(9.602627043226E-1,-4.E-1,-2.730588545663E0));
#4294=DIRECTION('',(8.829475928589E-1,0.E0,-4.694715627859E-1));
#4295=DIRECTION('',(4.694715627859E-1,0.E0,8.829475928589E-1));
#4296=AXIS2_PLACEMENT_3D('',#4293,#4294,#4295);
#4297=PLANE('',#4296);
#4298=ORIENTED_EDGE('',*,*,#2696,.F.);
#4299=ORIENTED_EDGE('',*,*,#4288,.T.);
#4300=ORIENTED_EDGE('',*,*,#3807,.T.);
#4301=ORIENTED_EDGE('',*,*,#3984,.T.);
#4302=EDGE_LOOP('',(#4298,#4299,#4300,#4301));
#4303=FACE_OUTER_BOUND('',#4302,.F.);
#4304=ADVANCED_FACE('',(#4303),#4297,.F.);
#4305=CARTESIAN_POINT('',(1.180375299323E0,-4.E-1,-2.316616962890E0));
#4306=DIRECTION('',(-1.391731009601E-1,0.E0,-9.902680687416E-1));
#4307=DIRECTION('',(9.902680687416E-1,0.E0,-1.391731009601E-1));
#4308=AXIS2_PLACEMENT_3D('',#4305,#4306,#4307);
#4309=PLANE('',#4308);
#4310=ORIENTED_EDGE('',*,*,#2700,.F.);
#4311=ORIENTED_EDGE('',*,*,#3987,.F.);
#4312=ORIENTED_EDGE('',*,*,#3803,.T.);
#4314=ORIENTED_EDGE('',*,*,#4313,.F.);
#4315=EDGE_LOOP('',(#4310,#4311,#4312,#4314));
#4316=FACE_OUTER_BOUND('',#4315,.F.);
#4317=ADVANCED_FACE('',(#4316),#4309,.F.);
#4318=CARTESIAN_POINT('',(1.658581592255E0,-4.E-1,-2.282841717207E0));
#4319=DIRECTION('',(0.E0,-1.E0,0.E0));
#4320=DIRECTION('',(-8.090169943749E-1,0.E0,-5.877852522925E-1));
#4321=AXIS2_PLACEMENT_3D('',#4318,#4319,#4320);
#4322=CYLINDRICAL_SURFACE('',#4321,1.E-1);
#4323=ORIENTED_EDGE('',*,*,#2702,.F.);
#4324=ORIENTED_EDGE('',*,*,#4313,.T.);
#4325=ORIENTED_EDGE('',*,*,#3801,.T.);
#4327=ORIENTED_EDGE('',*,*,#4326,.F.);
#4328=EDGE_LOOP('',(#4323,#4324,#4325,#4327));
#4329=FACE_OUTER_BOUND('',#4328,.F.);
#4330=ADVANCED_FACE('',(#4329),#4322,.F.);
#4331=CARTESIAN_POINT('',(1.757062367557E0,-4.E-1,-2.300206534973E0));
#4332=DIRECTION('',(9.848077530122E-1,0.E0,-1.736481776669E-1));
#4333=DIRECTION('',(1.736481776669E-1,0.E0,9.848077530122E-1));
#4334=AXIS2_PLACEMENT_3D('',#4331,#4332,#4333);
#4335=PLANE('',#4334);
#4336=ORIENTED_EDGE('',*,*,#2704,.F.);
#4337=ORIENTED_EDGE('',*,*,#4326,.T.);
#4338=ORIENTED_EDGE('',*,*,#3799,.T.);
#4339=ORIENTED_EDGE('',*,*,#3998,.T.);
#4340=EDGE_LOOP('',(#4336,#4337,#4338,#4339));
#4341=FACE_OUTER_BOUND('',#4340,.F.);
#4342=ADVANCED_FACE('',(#4341),#4335,.F.);
#4343=CARTESIAN_POINT('',(1.838477631085E0,-4.E-1,-1.838477631085E0));
#4344=DIRECTION('',(1.736481776669E-1,0.E0,-9.848077530122E-1));
#4345=DIRECTION('',(9.848077530122E-1,0.E0,1.736481776669E-1));
#4346=AXIS2_PLACEMENT_3D('',#4343,#4344,#4345);
#4347=PLANE('',#4346);
#4348=ORIENTED_EDGE('',*,*,#2708,.F.);
#4349=ORIENTED_EDGE('',*,*,#4001,.F.);
#4350=ORIENTED_EDGE('',*,*,#3795,.T.);
#4352=ORIENTED_EDGE('',*,*,#4351,.F.);
#4353=EDGE_LOOP('',(#4348,#4349,#4350,#4352));
#4354=FACE_OUTER_BOUND('',#4353,.F.);
#4355=ADVANCED_FACE('',(#4354),#4347,.F.);
#4356=CARTESIAN_POINT('',(2.282841717207E0,-4.E-1,-1.658581592255E0));
#4357=DIRECTION('',(0.E0,-1.E0,0.E0));
#4358=DIRECTION('',(-5.877852522925E-1,0.E0,-8.090169943749E-1));
#4359=AXIS2_PLACEMENT_3D('',#4356,#4357,#4358);
#4360=CYLINDRICAL_SURFACE('',#4359,1.E-1);
#4361=ORIENTED_EDGE('',*,*,#2710,.F.);
#4362=ORIENTED_EDGE('',*,*,#4351,.T.);
#4363=ORIENTED_EDGE('',*,*,#3793,.T.);
#4365=ORIENTED_EDGE('',*,*,#4364,.F.);
#4366=EDGE_LOOP('',(#4361,#4362,#4363,#4365));
#4367=FACE_OUTER_BOUND('',#4366,.F.);
#4368=ADVANCED_FACE('',(#4367),#4360,.F.);
#4369=CARTESIAN_POINT('',(2.381868524081E0,-4.E-1,-1.644664282159E0));
#4370=DIRECTION('',(9.902680687416E-1,0.E0,1.391731009601E-1));
#4371=DIRECTION('',(-1.391731009601E-1,0.E0,9.902680687416E-1));
#4372=AXIS2_PLACEMENT_3D('',#4369,#4370,#4371);
#4373=PLANE('',#4372);
#4374=ORIENTED_EDGE('',*,*,#2712,.F.);
#4375=ORIENTED_EDGE('',*,*,#4364,.T.);
#4376=ORIENTED_EDGE('',*,*,#3791,.T.);
#4377=ORIENTED_EDGE('',*,*,#4012,.T.);
#4378=EDGE_LOOP('',(#4374,#4375,#4376,#4377));
#4379=FACE_OUTER_BOUND('',#4378,.F.);
#4380=ADVANCED_FACE('',(#4379),#4373,.F.);
#4381=CARTESIAN_POINT('',(2.316616962890E0,-4.E-1,-1.180375299323E0));
#4382=DIRECTION('',(4.694715627859E-1,0.E0,-8.829475928589E-1));
#4383=DIRECTION('',(8.829475928589E-1,0.E0,4.694715627859E-1));
#4384=AXIS2_PLACEMENT_3D('',#4381,#4382,#4383);
#4385=PLANE('',#4384);
#4386=ORIENTED_EDGE('',*,*,#2716,.F.);
#4387=ORIENTED_EDGE('',*,*,#4015,.F.);
#4388=ORIENTED_EDGE('',*,*,#3787,.T.);
#4390=ORIENTED_EDGE('',*,*,#4389,.F.);
#4391=EDGE_LOOP('',(#4386,#4387,#4388,#4390));
#4392=FACE_OUTER_BOUND('',#4391,.F.);
#4393=ADVANCED_FACE('',(#4392),#4385,.F.);
#4394=CARTESIAN_POINT('',(2.683641389384E0,-4.E-1,-8.719679450367E-1));
#4395=DIRECTION('',(0.E0,-1.E0,0.E0));
#4396=DIRECTION('',(-3.090169943749E-1,0.E0,-9.510565162952E-1));
#4397=AXIS2_PLACEMENT_3D('',#4394,#4395,#4396);
#4398=CYLINDRICAL_SURFACE('',#4397,1.E-1);
#4399=ORIENTED_EDGE('',*,*,#2718,.F.);
#4400=ORIENTED_EDGE('',*,*,#4389,.T.);
#4401=ORIENTED_EDGE('',*,*,#3785,.T.);
#4403=ORIENTED_EDGE('',*,*,#4402,.F.);
#4404=EDGE_LOOP('',(#4399,#4400,#4401,#4403));
#4405=FACE_OUTER_BOUND('',#4404,.F.);
#4406=ADVANCED_FACE('',(#4405),#4398,.F.);
#4407=CARTESIAN_POINT('',(2.773520794014E0,-4.E-1,-8.281308303578E-1));
#4408=DIRECTION('',(8.987940462992E-1,0.E0,4.383711467891E-1));
#4409=DIRECTION('',(-4.383711467891E-1,0.E0,8.987940462992E-1));
#4410=AXIS2_PLACEMENT_3D('',#4407,#4408,#4409);
#4411=PLANE('',#4410);
#4412=ORIENTED_EDGE('',*,*,#2720,.F.);
#4413=ORIENTED_EDGE('',*,*,#4402,.T.);
#4414=ORIENTED_EDGE('',*,*,#3783,.T.);
#4415=ORIENTED_EDGE('',*,*,#4026,.T.);
#4416=EDGE_LOOP('',(#4412,#4413,#4414,#4415));
#4417=FACE_OUTER_BOUND('',#4416,.F.);
#4418=ADVANCED_FACE('',(#4417),#4411,.F.);
#4419=CARTESIAN_POINT('',(2.567989685547E0,-4.E-1,-4.067296091046E-1));
#4420=DIRECTION('',(7.193398003386E-1,0.E0,-6.946583704590E-1));
#4421=DIRECTION('',(6.946583704590E-1,0.E0,7.193398003386E-1));
#4422=AXIS2_PLACEMENT_3D('',#4419,#4420,#4421);
#4423=PLANE('',#4422);
#4424=ORIENTED_EDGE('',*,*,#2724,.F.);
#4425=ORIENTED_EDGE('',*,*,#4029,.F.);
#4426=ORIENTED_EDGE('',*,*,#3779,.T.);
#4428=ORIENTED_EDGE('',*,*,#4427,.F.);
#4429=EDGE_LOOP('',(#4424,#4425,#4426,#4428));
#4430=FACE_OUTER_BOUND('',#4429,.F.);
#4431=ADVANCED_FACE('',(#4430),#4423,.F.);
#4432=CARTESIAN_POINT('',(2.821747544340E0,-4.E-1,0.E0));
#4433=DIRECTION('',(0.E0,-1.E0,0.E0));
#4434=DIRECTION('',(0.E0,0.E0,-1.E0));
#4435=AXIS2_PLACEMENT_3D('',#4432,#4433,#4434);
#4436=CYLINDRICAL_SURFACE('',#4435,1.E-1);
#4437=ORIENTED_EDGE('',*,*,#2726,.F.);
#4438=ORIENTED_EDGE('',*,*,#4427,.T.);
#4439=ORIENTED_EDGE('',*,*,#3777,.T.);
#4441=ORIENTED_EDGE('',*,*,#4440,.F.);
#4442=EDGE_LOOP('',(#4437,#4438,#4439,#4441));
#4443=FACE_OUTER_BOUND('',#4442,.F.);
#4444=ADVANCED_FACE('',(#4443),#4436,.F.);
#4445=CARTESIAN_POINT('',(2.893681524374E0,-4.E-1,6.946583704590E-2));
#4446=DIRECTION('',(7.193398003386E-1,0.E0,6.946583704590E-1));
#4447=DIRECTION('',(-6.946583704590E-1,0.E0,7.193398003386E-1));
#4448=AXIS2_PLACEMENT_3D('',#4445,#4446,#4447);
#4449=PLANE('',#4448);
#4450=ORIENTED_EDGE('',*,*,#2728,.F.);
#4451=ORIENTED_EDGE('',*,*,#4440,.T.);
#4452=ORIENTED_EDGE('',*,*,#3775,.T.);
#4453=ORIENTED_EDGE('',*,*,#4040,.T.);
#4454=EDGE_LOOP('',(#4450,#4451,#4452,#4453));
#4455=FACE_OUTER_BOUND('',#4454,.F.);
#4456=ADVANCED_FACE('',(#4455),#4449,.F.);
#4457=CARTESIAN_POINT('',(2.300206534973E0,-4.E-1,1.757062367557E0));
#4458=DIRECTION('',(1.736481776669E-1,0.E0,9.848077530122E-1));
#4459=DIRECTION('',(-9.848077530122E-1,0.E0,1.736481776669E-1));
#4460=AXIS2_PLACEMENT_3D('',#4457,#4458,#4459);
#4461=PLANE('',#4460);
#4462=ORIENTED_EDGE('',*,*,#2584,.F.);
#4463=ORIENTED_EDGE('',*,*,#3535,.F.);
#4464=ORIENTED_EDGE('',*,*,#3919,.T.);
#4465=ORIENTED_EDGE('',*,*,#4053,.T.);
#4466=EDGE_LOOP('',(#4462,#4463,#4464,#4465));
#4467=FACE_OUTER_BOUND('',#4466,.F.);
#4468=ADVANCED_FACE('',(#4467),#4461,.F.);
#4469=CARTESIAN_POINT('',(1.838477631085E0,-4.E-1,1.838477631085E0));
#4470=DIRECTION('',(9.848077530122E-1,0.E0,1.736481776669E-1));
#4471=DIRECTION('',(-1.736481776669E-1,0.E0,9.848077530122E-1));
#4472=AXIS2_PLACEMENT_3D('',#4469,#4470,#4471);
#4473=PLANE('',#4472);
#4474=ORIENTED_EDGE('',*,*,#2588,.F.);
#4475=ORIENTED_EDGE('',*,*,#4056,.F.);
#4476=ORIENTED_EDGE('',*,*,#3915,.T.);
#4478=ORIENTED_EDGE('',*,*,#4477,.F.);
#4479=EDGE_LOOP('',(#4474,#4475,#4476,#4478));
#4480=FACE_OUTER_BOUND('',#4479,.F.);
#4481=ADVANCED_FACE('',(#4480),#4473,.F.);
#4482=CARTESIAN_POINT('',(1.658581592255E0,-4.E-1,2.282841717207E0));
#4483=DIRECTION('',(0.E0,-1.E0,0.E0));
#4484=DIRECTION('',(8.090169943749E-1,0.E0,-5.877852522925E-1));
#4485=AXIS2_PLACEMENT_3D('',#4482,#4483,#4484);
#4486=CYLINDRICAL_SURFACE('',#4485,1.E-1);
#4487=ORIENTED_EDGE('',*,*,#2590,.F.);
#4488=ORIENTED_EDGE('',*,*,#4477,.T.);
#4489=ORIENTED_EDGE('',*,*,#3913,.T.);
#4491=ORIENTED_EDGE('',*,*,#4490,.F.);
#4492=EDGE_LOOP('',(#4487,#4488,#4489,#4491));
#4493=FACE_OUTER_BOUND('',#4492,.F.);
#4494=ADVANCED_FACE('',(#4493),#4486,.F.);
#4495=CARTESIAN_POINT('',(1.644664282159E0,-4.E-1,2.381868524081E0));
#4496=DIRECTION('',(-1.391731009601E-1,0.E0,9.902680687416E-1));
#4497=DIRECTION('',(-9.902680687416E-1,0.E0,-1.391731009601E-1));
#4498=AXIS2_PLACEMENT_3D('',#4495,#4496,#4497);
#4499=PLANE('',#4498);
#4500=ORIENTED_EDGE('',*,*,#2592,.F.);
#4501=ORIENTED_EDGE('',*,*,#4490,.T.);
#4502=ORIENTED_EDGE('',*,*,#3911,.T.);
#4503=ORIENTED_EDGE('',*,*,#4067,.T.);
#4504=EDGE_LOOP('',(#4500,#4501,#4502,#4503));
#4505=FACE_OUTER_BOUND('',#4504,.F.);
#4506=ADVANCED_FACE('',(#4505),#4499,.F.);
#4507=CARTESIAN_POINT('',(1.180375299323E0,-4.E-1,2.316616962890E0));
#4508=DIRECTION('',(8.829475928589E-1,0.E0,4.694715627859E-1));
#4509=DIRECTION('',(-4.694715627859E-1,0.E0,8.829475928589E-1));
#4510=AXIS2_PLACEMENT_3D('',#4507,#4508,#4509);
#4511=PLANE('',#4510);
#4512=ORIENTED_EDGE('',*,*,#2596,.F.);
#4513=ORIENTED_EDGE('',*,*,#4070,.F.);
#4514=ORIENTED_EDGE('',*,*,#3907,.T.);
#4516=ORIENTED_EDGE('',*,*,#4515,.F.);
#4517=EDGE_LOOP('',(#4512,#4513,#4514,#4516));
#4518=FACE_OUTER_BOUND('',#4517,.F.);
#4519=ADVANCED_FACE('',(#4518),#4511,.F.);
#4520=CARTESIAN_POINT('',(8.719679450367E-1,-4.E-1,2.683641389384E0));
#4521=DIRECTION('',(0.E0,-1.E0,0.E0));
#4522=DIRECTION('',(9.510565162952E-1,0.E0,-3.090169943749E-1));
#4523=AXIS2_PLACEMENT_3D('',#4520,#4521,#4522);
#4524=CYLINDRICAL_SURFACE('',#4523,1.E-1);
#4525=ORIENTED_EDGE('',*,*,#2598,.F.);
#4526=ORIENTED_EDGE('',*,*,#4515,.T.);
#4527=ORIENTED_EDGE('',*,*,#3905,.T.);
#4529=ORIENTED_EDGE('',*,*,#4528,.F.);
#4530=EDGE_LOOP('',(#4525,#4526,#4527,#4529));
#4531=FACE_OUTER_BOUND('',#4530,.F.);
#4532=ADVANCED_FACE('',(#4531),#4524,.F.);
#4533=CARTESIAN_POINT('',(8.281308303578E-1,-4.E-1,2.773520794014E0));
#4534=DIRECTION('',(-4.383711467891E-1,0.E0,8.987940462992E-1));
#4535=DIRECTION('',(-8.987940462992E-1,0.E0,-4.383711467891E-1));
#4536=AXIS2_PLACEMENT_3D('',#4533,#4534,#4535);
#4537=PLANE('',#4536);
#4538=ORIENTED_EDGE('',*,*,#2600,.F.);
#4539=ORIENTED_EDGE('',*,*,#4528,.T.);
#4540=ORIENTED_EDGE('',*,*,#3903,.T.);
#4541=ORIENTED_EDGE('',*,*,#4081,.T.);
#4542=EDGE_LOOP('',(#4538,#4539,#4540,#4541));
#4543=FACE_OUTER_BOUND('',#4542,.F.);
#4544=ADVANCED_FACE('',(#4543),#4537,.F.);
#4545=CARTESIAN_POINT('',(4.067296091046E-1,-4.E-1,2.567989685547E0));
#4546=DIRECTION('',(6.946583704590E-1,0.E0,7.193398003386E-1));
#4547=DIRECTION('',(-7.193398003386E-1,0.E0,6.946583704590E-1));
#4548=AXIS2_PLACEMENT_3D('',#4545,#4546,#4547);
#4549=PLANE('',#4548);
#4550=ORIENTED_EDGE('',*,*,#2604,.F.);
#4551=ORIENTED_EDGE('',*,*,#4084,.F.);
#4552=ORIENTED_EDGE('',*,*,#3899,.T.);
#4554=ORIENTED_EDGE('',*,*,#4553,.F.);
#4555=EDGE_LOOP('',(#4550,#4551,#4552,#4554));
#4556=FACE_OUTER_BOUND('',#4555,.F.);
#4557=ADVANCED_FACE('',(#4556),#4549,.F.);
#4558=CARTESIAN_POINT('',(0.E0,-4.E-1,2.821747544340E0));
#4559=DIRECTION('',(0.E0,-1.E0,0.E0));
#4560=DIRECTION('',(1.E0,0.E0,0.E0));
#4561=AXIS2_PLACEMENT_3D('',#4558,#4559,#4560);
#4562=CYLINDRICAL_SURFACE('',#4561,1.E-1);
#4563=ORIENTED_EDGE('',*,*,#2606,.F.);
#4564=ORIENTED_EDGE('',*,*,#4553,.T.);
#4565=ORIENTED_EDGE('',*,*,#3897,.T.);
#4567=ORIENTED_EDGE('',*,*,#4566,.F.);
#4568=EDGE_LOOP('',(#4563,#4564,#4565,#4567));
#4569=FACE_OUTER_BOUND('',#4568,.F.);
#4570=ADVANCED_FACE('',(#4569),#4562,.F.);
#4571=CARTESIAN_POINT('',(-6.946583704590E-2,-4.E-1,2.893681524374E0));
#4572=DIRECTION('',(-6.946583704590E-1,0.E0,7.193398003386E-1));
#4573=DIRECTION('',(-7.193398003386E-1,0.E0,-6.946583704590E-1));
#4574=AXIS2_PLACEMENT_3D('',#4571,#4572,#4573);
#4575=PLANE('',#4574);
#4576=ORIENTED_EDGE('',*,*,#2608,.F.);
#4577=ORIENTED_EDGE('',*,*,#4566,.T.);
#4578=ORIENTED_EDGE('',*,*,#3895,.T.);
#4579=ORIENTED_EDGE('',*,*,#4095,.T.);
#4580=EDGE_LOOP('',(#4576,#4577,#4578,#4579));
#4581=FACE_OUTER_BOUND('',#4580,.F.);
#4582=ADVANCED_FACE('',(#4581),#4575,.F.);
#4583=CARTESIAN_POINT('',(-4.067296091046E-1,-4.E-1,2.567989685547E0));
#4584=DIRECTION('',(4.383711467891E-1,0.E0,8.987940462992E-1));
#4585=DIRECTION('',(-8.987940462992E-1,0.E0,4.383711467891E-1));
#4586=AXIS2_PLACEMENT_3D('',#4583,#4584,#4585);
#4587=PLANE('',#4586);
#4588=ORIENTED_EDGE('',*,*,#2612,.F.);
#4589=ORIENTED_EDGE('',*,*,#4098,.F.);
#4590=ORIENTED_EDGE('',*,*,#3891,.T.);
#4592=ORIENTED_EDGE('',*,*,#4591,.F.);
#4593=EDGE_LOOP('',(#4588,#4589,#4590,#4592));
#4594=FACE_OUTER_BOUND('',#4593,.F.);
#4595=ADVANCED_FACE('',(#4594),#4587,.F.);
#4596=CARTESIAN_POINT('',(-8.719679450367E-1,-4.E-1,2.683641389384E0));
#4597=DIRECTION('',(0.E0,-1.E0,0.E0));
#4598=DIRECTION('',(9.510565162952E-1,0.E0,3.090169943749E-1));
#4599=AXIS2_PLACEMENT_3D('',#4596,#4597,#4598);
#4600=CYLINDRICAL_SURFACE('',#4599,1.E-1);
#4601=ORIENTED_EDGE('',*,*,#2614,.F.);
#4602=ORIENTED_EDGE('',*,*,#4591,.T.);
#4603=ORIENTED_EDGE('',*,*,#3889,.T.);
#4605=ORIENTED_EDGE('',*,*,#4604,.F.);
#4606=EDGE_LOOP('',(#4601,#4602,#4603,#4605));
#4607=FACE_OUTER_BOUND('',#4606,.F.);
#4608=ADVANCED_FACE('',(#4607),#4600,.F.);
#4609=CARTESIAN_POINT('',(-9.602627043226E-1,-4.E-1,2.730588545663E0));
#4610=DIRECTION('',(-8.829475928589E-1,0.E0,4.694715627859E-1));
#4611=DIRECTION('',(-4.694715627859E-1,0.E0,-8.829475928589E-1));
#4612=AXIS2_PLACEMENT_3D('',#4609,#4610,#4611);
#4613=PLANE('',#4612);
#4614=ORIENTED_EDGE('',*,*,#2616,.F.);
#4615=ORIENTED_EDGE('',*,*,#4604,.T.);
#4616=ORIENTED_EDGE('',*,*,#3887,.T.);
#4617=ORIENTED_EDGE('',*,*,#4109,.T.);
#4618=EDGE_LOOP('',(#4614,#4615,#4616,#4617));
#4619=FACE_OUTER_BOUND('',#4618,.F.);
#4620=ADVANCED_FACE('',(#4619),#4613,.F.);
#4621=CARTESIAN_POINT('',(-1.180375299323E0,-4.E-1,2.316616962890E0));
#4622=DIRECTION('',(1.391731009601E-1,0.E0,9.902680687416E-1));
#4623=DIRECTION('',(-9.902680687416E-1,0.E0,1.391731009601E-1));
#4624=AXIS2_PLACEMENT_3D('',#4621,#4622,#4623);
#4625=PLANE('',#4624);
#4626=ORIENTED_EDGE('',*,*,#2620,.F.);
#4627=ORIENTED_EDGE('',*,*,#4112,.F.);
#4628=ORIENTED_EDGE('',*,*,#3883,.T.);
#4630=ORIENTED_EDGE('',*,*,#4629,.F.);
#4631=EDGE_LOOP('',(#4626,#4627,#4628,#4630));
#4632=FACE_OUTER_BOUND('',#4631,.F.);
#4633=ADVANCED_FACE('',(#4632),#4625,.F.);
#4634=CARTESIAN_POINT('',(-1.658581592255E0,-4.E-1,2.282841717207E0));
#4635=DIRECTION('',(0.E0,-1.E0,0.E0));
#4636=DIRECTION('',(8.090169943749E-1,0.E0,5.877852522925E-1));
#4637=AXIS2_PLACEMENT_3D('',#4634,#4635,#4636);
#4638=CYLINDRICAL_SURFACE('',#4637,1.E-1);
#4639=ORIENTED_EDGE('',*,*,#2622,.F.);
#4640=ORIENTED_EDGE('',*,*,#4629,.T.);
#4641=ORIENTED_EDGE('',*,*,#3881,.T.);
#4643=ORIENTED_EDGE('',*,*,#4642,.F.);
#4644=EDGE_LOOP('',(#4639,#4640,#4641,#4643));
#4645=FACE_OUTER_BOUND('',#4644,.F.);
#4646=ADVANCED_FACE('',(#4645),#4638,.F.);
#4647=CARTESIAN_POINT('',(-1.757062367557E0,-4.E-1,2.300206534973E0));
#4648=DIRECTION('',(-9.848077530122E-1,0.E0,1.736481776669E-1));
#4649=DIRECTION('',(-1.736481776669E-1,0.E0,-9.848077530122E-1));
#4650=AXIS2_PLACEMENT_3D('',#4647,#4648,#4649);
#4651=PLANE('',#4650);
#4652=ORIENTED_EDGE('',*,*,#2624,.F.);
#4653=ORIENTED_EDGE('',*,*,#4642,.T.);
#4654=ORIENTED_EDGE('',*,*,#3879,.T.);
#4655=ORIENTED_EDGE('',*,*,#4123,.T.);
#4656=EDGE_LOOP('',(#4652,#4653,#4654,#4655));
#4657=FACE_OUTER_BOUND('',#4656,.F.);
#4658=ADVANCED_FACE('',(#4657),#4651,.F.);
#4659=CARTESIAN_POINT('',(-1.838477631085E0,-4.E-1,1.838477631085E0));
#4660=DIRECTION('',(-1.736481776669E-1,0.E0,9.848077530122E-1));
#4661=DIRECTION('',(-9.848077530122E-1,0.E0,-1.736481776669E-1));
#4662=AXIS2_PLACEMENT_3D('',#4659,#4660,#4661);
#4663=PLANE('',#4662);
#4664=ORIENTED_EDGE('',*,*,#2628,.F.);
#4665=ORIENTED_EDGE('',*,*,#4126,.F.);
#4666=ORIENTED_EDGE('',*,*,#3875,.T.);
#4668=ORIENTED_EDGE('',*,*,#4667,.F.);
#4669=EDGE_LOOP('',(#4664,#4665,#4666,#4668));
#4670=FACE_OUTER_BOUND('',#4669,.F.);
#4671=ADVANCED_FACE('',(#4670),#4663,.F.);
#4672=CARTESIAN_POINT('',(-2.282841717207E0,-4.E-1,1.658581592255E0));
#4673=DIRECTION('',(0.E0,-1.E0,0.E0));
#4674=DIRECTION('',(5.877852522925E-1,0.E0,8.090169943749E-1));
#4675=AXIS2_PLACEMENT_3D('',#4672,#4673,#4674);
#4676=CYLINDRICAL_SURFACE('',#4675,1.E-1);
#4677=ORIENTED_EDGE('',*,*,#2630,.F.);
#4678=ORIENTED_EDGE('',*,*,#4667,.T.);
#4679=ORIENTED_EDGE('',*,*,#3873,.T.);
#4681=ORIENTED_EDGE('',*,*,#4680,.F.);
#4682=EDGE_LOOP('',(#4677,#4678,#4679,#4681));
#4683=FACE_OUTER_BOUND('',#4682,.F.);
#4684=ADVANCED_FACE('',(#4683),#4676,.F.);
#4685=CARTESIAN_POINT('',(-2.381868524081E0,-4.E-1,1.644664282159E0));
#4686=DIRECTION('',(-9.902680687416E-1,0.E0,-1.391731009601E-1));
#4687=DIRECTION('',(1.391731009601E-1,0.E0,-9.902680687416E-1));
#4688=AXIS2_PLACEMENT_3D('',#4685,#4686,#4687);
#4689=PLANE('',#4688);
#4690=ORIENTED_EDGE('',*,*,#2632,.F.);
#4691=ORIENTED_EDGE('',*,*,#4680,.T.);
#4692=ORIENTED_EDGE('',*,*,#3871,.T.);
#4693=ORIENTED_EDGE('',*,*,#4137,.T.);
#4694=EDGE_LOOP('',(#4690,#4691,#4692,#4693));
#4695=FACE_OUTER_BOUND('',#4694,.F.);
#4696=ADVANCED_FACE('',(#4695),#4689,.F.);
#4697=CARTESIAN_POINT('',(-2.316616962890E0,-4.E-1,1.180375299323E0));
#4698=DIRECTION('',(-4.694715627859E-1,0.E0,8.829475928589E-1));
#4699=DIRECTION('',(-8.829475928589E-1,0.E0,-4.694715627859E-1));
#4700=AXIS2_PLACEMENT_3D('',#4697,#4698,#4699);
#4701=PLANE('',#4700);
#4702=ORIENTED_EDGE('',*,*,#2636,.F.);
#4703=ORIENTED_EDGE('',*,*,#4140,.F.);
#4704=ORIENTED_EDGE('',*,*,#3867,.T.);
#4706=ORIENTED_EDGE('',*,*,#4705,.F.);
#4707=EDGE_LOOP('',(#4702,#4703,#4704,#4706));
#4708=FACE_OUTER_BOUND('',#4707,.F.);
#4709=ADVANCED_FACE('',(#4708),#4701,.F.);
#4710=CARTESIAN_POINT('',(-2.683641389384E0,-4.E-1,8.719679450367E-1));
#4711=DIRECTION('',(0.E0,-1.E0,0.E0));
#4712=DIRECTION('',(3.090169943749E-1,0.E0,9.510565162952E-1));
#4713=AXIS2_PLACEMENT_3D('',#4710,#4711,#4712);
#4714=CYLINDRICAL_SURFACE('',#4713,1.E-1);
#4715=ORIENTED_EDGE('',*,*,#2638,.F.);
#4716=ORIENTED_EDGE('',*,*,#4705,.T.);
#4717=ORIENTED_EDGE('',*,*,#3865,.T.);
#4719=ORIENTED_EDGE('',*,*,#4718,.F.);
#4720=EDGE_LOOP('',(#4715,#4716,#4717,#4719));
#4721=FACE_OUTER_BOUND('',#4720,.F.);
#4722=ADVANCED_FACE('',(#4721),#4714,.F.);
#4723=CARTESIAN_POINT('',(-2.773520794014E0,-4.E-1,8.281308303578E-1));
#4724=DIRECTION('',(-8.987940462992E-1,0.E0,-4.383711467891E-1));
#4725=DIRECTION('',(4.383711467891E-1,0.E0,-8.987940462992E-1));
#4726=AXIS2_PLACEMENT_3D('',#4723,#4724,#4725);
#4727=PLANE('',#4726);
#4728=ORIENTED_EDGE('',*,*,#2640,.F.);
#4729=ORIENTED_EDGE('',*,*,#4718,.T.);
#4730=ORIENTED_EDGE('',*,*,#3863,.T.);
#4731=ORIENTED_EDGE('',*,*,#4151,.T.);
#4732=EDGE_LOOP('',(#4728,#4729,#4730,#4731));
#4733=FACE_OUTER_BOUND('',#4732,.F.);
#4734=ADVANCED_FACE('',(#4733),#4727,.F.);
#4735=CARTESIAN_POINT('',(-2.567989685547E0,-4.E-1,4.067296091046E-1));
#4736=DIRECTION('',(-7.193398003386E-1,0.E0,6.946583704590E-1));
#4737=DIRECTION('',(-6.946583704590E-1,0.E0,-7.193398003386E-1));
#4738=AXIS2_PLACEMENT_3D('',#4735,#4736,#4737);
#4739=PLANE('',#4738);
#4740=ORIENTED_EDGE('',*,*,#2644,.F.);
#4741=ORIENTED_EDGE('',*,*,#4154,.F.);
#4742=ORIENTED_EDGE('',*,*,#3859,.T.);
#4744=ORIENTED_EDGE('',*,*,#4743,.F.);
#4745=EDGE_LOOP('',(#4740,#4741,#4742,#4744));
#4746=FACE_OUTER_BOUND('',#4745,.F.);
#4747=ADVANCED_FACE('',(#4746),#4739,.F.);
#4748=CARTESIAN_POINT('',(-2.821747544340E0,-4.E-1,0.E0));
#4749=DIRECTION('',(0.E0,-1.E0,0.E0));
#4750=DIRECTION('',(0.E0,0.E0,1.E0));
#4751=AXIS2_PLACEMENT_3D('',#4748,#4749,#4750);
#4752=CYLINDRICAL_SURFACE('',#4751,1.E-1);
#4753=ORIENTED_EDGE('',*,*,#2646,.F.);
#4754=ORIENTED_EDGE('',*,*,#4743,.T.);
#4755=ORIENTED_EDGE('',*,*,#3857,.T.);
#4757=ORIENTED_EDGE('',*,*,#4756,.F.);
#4758=EDGE_LOOP('',(#4753,#4754,#4755,#4757));
#4759=FACE_OUTER_BOUND('',#4758,.F.);
#4760=ADVANCED_FACE('',(#4759),#4752,.F.);
#4761=CARTESIAN_POINT('',(-2.893681524374E0,-4.E-1,-6.946583704590E-2));
#4762=DIRECTION('',(-7.193398003386E-1,0.E0,-6.946583704590E-1));
#4763=DIRECTION('',(6.946583704590E-1,0.E0,-7.193398003386E-1));
#4764=AXIS2_PLACEMENT_3D('',#4761,#4762,#4763);
#4765=PLANE('',#4764);
#4766=ORIENTED_EDGE('',*,*,#2648,.F.);
#4767=ORIENTED_EDGE('',*,*,#4756,.T.);
#4768=ORIENTED_EDGE('',*,*,#3855,.T.);
#4769=ORIENTED_EDGE('',*,*,#4165,.T.);
#4770=EDGE_LOOP('',(#4766,#4767,#4768,#4769));
#4771=FACE_OUTER_BOUND('',#4770,.F.);
#4772=ADVANCED_FACE('',(#4771),#4765,.F.);
#4773=CARTESIAN_POINT('',(-2.567989685547E0,-4.E-1,-4.067296091046E-1));
#4774=DIRECTION('',(-8.987940462992E-1,0.E0,4.383711467891E-1));
#4775=DIRECTION('',(-4.383711467891E-1,0.E0,-8.987940462992E-1));
#4776=AXIS2_PLACEMENT_3D('',#4773,#4774,#4775);
#4777=PLANE('',#4776);
#4778=ORIENTED_EDGE('',*,*,#2652,.F.);
#4779=ORIENTED_EDGE('',*,*,#4168,.F.);
#4780=ORIENTED_EDGE('',*,*,#3851,.T.);
#4782=ORIENTED_EDGE('',*,*,#4781,.F.);
#4783=EDGE_LOOP('',(#4778,#4779,#4780,#4782));
#4784=FACE_OUTER_BOUND('',#4783,.F.);
#4785=ADVANCED_FACE('',(#4784),#4777,.F.);
#4786=CARTESIAN_POINT('',(-2.683641389384E0,-4.E-1,-8.719679450367E-1));
#4787=DIRECTION('',(0.E0,-1.E0,0.E0));
#4788=DIRECTION('',(-3.090169943749E-1,0.E0,9.510565162952E-1));
#4789=AXIS2_PLACEMENT_3D('',#4786,#4787,#4788);
#4790=CYLINDRICAL_SURFACE('',#4789,1.E-1);
#4791=ORIENTED_EDGE('',*,*,#2654,.F.);
#4792=ORIENTED_EDGE('',*,*,#4781,.T.);
#4793=ORIENTED_EDGE('',*,*,#3849,.T.);
#4795=ORIENTED_EDGE('',*,*,#4794,.F.);
#4796=EDGE_LOOP('',(#4791,#4792,#4793,#4795));
#4797=FACE_OUTER_BOUND('',#4796,.F.);
#4798=ADVANCED_FACE('',(#4797),#4790,.F.);
#4799=CARTESIAN_POINT('',(-2.730588545663E0,-4.E-1,-9.602627043226E-1));
#4800=DIRECTION('',(-4.694715627859E-1,0.E0,-8.829475928589E-1));
#4801=DIRECTION('',(8.829475928589E-1,0.E0,-4.694715627859E-1));
#4802=AXIS2_PLACEMENT_3D('',#4799,#4800,#4801);
#4803=PLANE('',#4802);
#4804=ORIENTED_EDGE('',*,*,#2656,.F.);
#4805=ORIENTED_EDGE('',*,*,#4794,.T.);
#4806=ORIENTED_EDGE('',*,*,#3847,.T.);
#4807=ORIENTED_EDGE('',*,*,#4179,.T.);
#4808=EDGE_LOOP('',(#4804,#4805,#4806,#4807));
#4809=FACE_OUTER_BOUND('',#4808,.F.);
#4810=ADVANCED_FACE('',(#4809),#4803,.F.);
#4811=CARTESIAN_POINT('',(-2.316616962890E0,-4.E-1,-1.180375299323E0));
#4812=DIRECTION('',(-9.902680687416E-1,0.E0,1.391731009601E-1));
#4813=DIRECTION('',(-1.391731009601E-1,0.E0,-9.902680687416E-1));
#4814=AXIS2_PLACEMENT_3D('',#4811,#4812,#4813);
#4815=PLANE('',#4814);
#4816=ORIENTED_EDGE('',*,*,#2660,.F.);
#4817=ORIENTED_EDGE('',*,*,#4182,.F.);
#4818=ORIENTED_EDGE('',*,*,#3843,.T.);
#4820=ORIENTED_EDGE('',*,*,#4819,.F.);
#4821=EDGE_LOOP('',(#4816,#4817,#4818,#4820));
#4822=FACE_OUTER_BOUND('',#4821,.F.);
#4823=ADVANCED_FACE('',(#4822),#4815,.F.);
#4824=CARTESIAN_POINT('',(-2.282841717207E0,-4.E-1,-1.658581592255E0));
#4825=DIRECTION('',(0.E0,-1.E0,0.E0));
#4826=DIRECTION('',(-5.877852522925E-1,0.E0,8.090169943749E-1));
#4827=AXIS2_PLACEMENT_3D('',#4824,#4825,#4826);
#4828=CYLINDRICAL_SURFACE('',#4827,1.E-1);
#4829=ORIENTED_EDGE('',*,*,#2662,.F.);
#4830=ORIENTED_EDGE('',*,*,#4819,.T.);
#4831=ORIENTED_EDGE('',*,*,#3841,.T.);
#4833=ORIENTED_EDGE('',*,*,#4832,.F.);
#4834=EDGE_LOOP('',(#4829,#4830,#4831,#4833));
#4835=FACE_OUTER_BOUND('',#4834,.F.);
#4836=ADVANCED_FACE('',(#4835),#4828,.F.);
#4837=CARTESIAN_POINT('',(-2.300206534973E0,-4.E-1,-1.757062367557E0));
#4838=DIRECTION('',(-1.736481776669E-1,0.E0,-9.848077530122E-1));
#4839=DIRECTION('',(9.848077530122E-1,0.E0,-1.736481776669E-1));
#4840=AXIS2_PLACEMENT_3D('',#4837,#4838,#4839);
#4841=PLANE('',#4840);
#4842=ORIENTED_EDGE('',*,*,#2664,.F.);
#4843=ORIENTED_EDGE('',*,*,#4832,.T.);
#4844=ORIENTED_EDGE('',*,*,#3839,.T.);
#4845=ORIENTED_EDGE('',*,*,#4193,.T.);
#4846=EDGE_LOOP('',(#4842,#4843,#4844,#4845));
#4847=FACE_OUTER_BOUND('',#4846,.F.);
#4848=ADVANCED_FACE('',(#4847),#4841,.F.);
#4849=CARTESIAN_POINT('',(-1.838477631085E0,-4.E-1,-1.838477631085E0));
#4850=DIRECTION('',(-9.848077530122E-1,0.E0,-1.736481776669E-1));
#4851=DIRECTION('',(1.736481776669E-1,0.E0,-9.848077530122E-1));
#4852=AXIS2_PLACEMENT_3D('',#4849,#4850,#4851);
#4853=PLANE('',#4852);
#4854=ORIENTED_EDGE('',*,*,#2668,.F.);
#4855=ORIENTED_EDGE('',*,*,#4196,.F.);
#4856=ORIENTED_EDGE('',*,*,#3835,.T.);
#4858=ORIENTED_EDGE('',*,*,#4857,.F.);
#4859=EDGE_LOOP('',(#4854,#4855,#4856,#4858));
#4860=FACE_OUTER_BOUND('',#4859,.F.);
#4861=ADVANCED_FACE('',(#4860),#4853,.F.);
#4862=CARTESIAN_POINT('',(-1.658581592255E0,-4.E-1,-2.282841717207E0));
#4863=DIRECTION('',(0.E0,-1.E0,0.E0));
#4864=DIRECTION('',(-8.090169943749E-1,0.E0,5.877852522925E-1));
#4865=AXIS2_PLACEMENT_3D('',#4862,#4863,#4864);
#4866=CYLINDRICAL_SURFACE('',#4865,1.E-1);
#4867=ORIENTED_EDGE('',*,*,#2670,.F.);
#4868=ORIENTED_EDGE('',*,*,#4857,.T.);
#4869=ORIENTED_EDGE('',*,*,#3833,.T.);
#4871=ORIENTED_EDGE('',*,*,#4870,.F.);
#4872=EDGE_LOOP('',(#4867,#4868,#4869,#4871));
#4873=FACE_OUTER_BOUND('',#4872,.F.);
#4874=ADVANCED_FACE('',(#4873),#4866,.F.);
#4875=CARTESIAN_POINT('',(-1.644664282159E0,-4.E-1,-2.381868524081E0));
#4876=DIRECTION('',(1.391731009601E-1,0.E0,-9.902680687416E-1));
#4877=DIRECTION('',(9.902680687416E-1,0.E0,1.391731009601E-1));
#4878=AXIS2_PLACEMENT_3D('',#4875,#4876,#4877);
#4879=PLANE('',#4878);
#4880=ORIENTED_EDGE('',*,*,#2672,.F.);
#4881=ORIENTED_EDGE('',*,*,#4870,.T.);
#4882=ORIENTED_EDGE('',*,*,#3831,.T.);
#4883=ORIENTED_EDGE('',*,*,#4207,.T.);
#4884=EDGE_LOOP('',(#4880,#4881,#4882,#4883));
#4885=FACE_OUTER_BOUND('',#4884,.F.);
#4886=ADVANCED_FACE('',(#4885),#4879,.F.);
#4887=CARTESIAN_POINT('',(-1.180375299323E0,-4.E-1,-2.316616962890E0));
#4888=DIRECTION('',(-8.829475928589E-1,0.E0,-4.694715627859E-1));
#4889=DIRECTION('',(4.694715627859E-1,0.E0,-8.829475928589E-1));
#4890=AXIS2_PLACEMENT_3D('',#4887,#4888,#4889);
#4891=PLANE('',#4890);
#4892=ORIENTED_EDGE('',*,*,#2676,.F.);
#4893=ORIENTED_EDGE('',*,*,#4210,.F.);
#4894=ORIENTED_EDGE('',*,*,#3827,.T.);
#4896=ORIENTED_EDGE('',*,*,#4895,.F.);
#4897=EDGE_LOOP('',(#4892,#4893,#4894,#4896));
#4898=FACE_OUTER_BOUND('',#4897,.F.);
#4899=ADVANCED_FACE('',(#4898),#4891,.F.);
#4900=CARTESIAN_POINT('',(-8.719679450367E-1,-4.E-1,-2.683641389384E0));
#4901=DIRECTION('',(0.E0,-1.E0,0.E0));
#4902=DIRECTION('',(-9.510565162952E-1,0.E0,3.090169943749E-1));
#4903=AXIS2_PLACEMENT_3D('',#4900,#4901,#4902);
#4904=CYLINDRICAL_SURFACE('',#4903,1.E-1);
#4905=ORIENTED_EDGE('',*,*,#2678,.F.);
#4906=ORIENTED_EDGE('',*,*,#4895,.T.);
#4907=ORIENTED_EDGE('',*,*,#3825,.T.);
#4909=ORIENTED_EDGE('',*,*,#4908,.F.);
#4910=EDGE_LOOP('',(#4905,#4906,#4907,#4909));
#4911=FACE_OUTER_BOUND('',#4910,.F.);
#4912=ADVANCED_FACE('',(#4911),#4904,.F.);
#4913=CARTESIAN_POINT('',(-8.281308303578E-1,-4.E-1,-2.773520794014E0));
#4914=DIRECTION('',(4.383711467891E-1,0.E0,-8.987940462992E-1));
#4915=DIRECTION('',(8.987940462992E-1,0.E0,4.383711467891E-1));
#4916=AXIS2_PLACEMENT_3D('',#4913,#4914,#4915);
#4917=PLANE('',#4916);
#4918=ORIENTED_EDGE('',*,*,#2680,.F.);
#4919=ORIENTED_EDGE('',*,*,#4908,.T.);
#4920=ORIENTED_EDGE('',*,*,#3823,.T.);
#4921=ORIENTED_EDGE('',*,*,#4221,.T.);
#4922=EDGE_LOOP('',(#4918,#4919,#4920,#4921));
#4923=FACE_OUTER_BOUND('',#4922,.F.);
#4924=ADVANCED_FACE('',(#4923),#4917,.F.);
#4925=CARTESIAN_POINT('',(0.E0,4.E0,-5.5E0));
#4926=DIRECTION('',(0.E0,-1.E0,0.E0));
#4927=DIRECTION('',(1.E0,0.E0,0.E0));
#4928=AXIS2_PLACEMENT_3D('',#4925,#4926,#4927);
#4929=CYLINDRICAL_SURFACE('',#4928,7.5E-1);
#4930=ORIENTED_EDGE('',*,*,#2790,.F.);
#4932=ORIENTED_EDGE('',*,*,#4931,.F.);
#4933=ORIENTED_EDGE('',*,*,#2906,.T.);
#4935=ORIENTED_EDGE('',*,*,#4934,.T.);
#4936=EDGE_LOOP('',(#4930,#4932,#4933,#4935));
#4937=FACE_OUTER_BOUND('',#4936,.F.);
#4938=ADVANCED_FACE('',(#4937),#4929,.F.);
#4939=CARTESIAN_POINT('',(0.E0,4.E0,-5.5E0));
#4940=DIRECTION('',(0.E0,-1.E0,0.E0));
#4941=DIRECTION('',(1.E0,0.E0,0.E0));
#4942=AXIS2_PLACEMENT_3D('',#4939,#4940,#4941);
#4943=CYLINDRICAL_SURFACE('',#4942,7.5E-1);
#4944=ORIENTED_EDGE('',*,*,#2792,.F.);
#4945=ORIENTED_EDGE('',*,*,#4934,.F.);
#4946=ORIENTED_EDGE('',*,*,#2908,.T.);
#4947=ORIENTED_EDGE('',*,*,#4931,.T.);
#4948=EDGE_LOOP('',(#4944,#4945,#4946,#4947));
#4949=FACE_OUTER_BOUND('',#4948,.F.);
#4950=ADVANCED_FACE('',(#4949),#4943,.F.);
#4951=CARTESIAN_POINT('',(0.E0,4.E0,5.5E0));
#4952=DIRECTION('',(0.E0,1.E0,0.E0));
#4953=DIRECTION('',(1.E0,0.E0,0.E0));
#4954=AXIS2_PLACEMENT_3D('',#4951,#4952,#4953);
#4955=CYLINDRICAL_SURFACE('',#4954,7.5E-1);
#4957=ORIENTED_EDGE('',*,*,#4956,.T.);
#4958=ORIENTED_EDGE('',*,*,#2796,.T.);
#4960=ORIENTED_EDGE('',*,*,#4959,.F.);
#4961=ORIENTED_EDGE('',*,*,#2912,.F.);
#4962=EDGE_LOOP('',(#4957,#4958,#4960,#4961));
#4963=FACE_OUTER_BOUND('',#4962,.F.);
#4964=ADVANCED_FACE('',(#4963),#4955,.F.);
#4965=CARTESIAN_POINT('',(0.E0,4.E0,5.5E0));
#4966=DIRECTION('',(0.E0,1.E0,0.E0));
#4967=DIRECTION('',(1.E0,0.E0,0.E0));
#4968=AXIS2_PLACEMENT_3D('',#4965,#4966,#4967);
#4969=CYLINDRICAL_SURFACE('',#4968,7.5E-1);
#4970=ORIENTED_EDGE('',*,*,#4956,.F.);
#4971=ORIENTED_EDGE('',*,*,#2914,.F.);
#4972=ORIENTED_EDGE('',*,*,#4959,.T.);
#4973=ORIENTED_EDGE('',*,*,#2798,.T.);
#4974=EDGE_LOOP('',(#4970,#4971,#4972,#4973));
#4975=FACE_OUTER_BOUND('',#4974,.F.);
#4976=ADVANCED_FACE('',(#4975),#4969,.F.);
#4977=CLOSED_SHELL('',(#2461,#2476,#2520,#2535,#2548,#2576,#2802,#2817,#2830,
#2845,#2918,#2933,#2946,#2961,#2975,#2988,#3000,#3012,#3027,#3040,#3055,#3069,
#3082,#3094,#3109,#3122,#3137,#3151,#3164,#3176,#3191,#3204,#3219,#3233,#3246,
#3258,#3273,#3286,#3301,#3315,#3328,#3340,#3355,#3368,#3383,#3397,#3410,#3422,
#3436,#3450,#3470,#3483,#3494,#3507,#3545,#3560,#3573,#3586,#3597,#3611,#3624,
#3637,#3651,#3665,#3678,#3691,#3705,#3718,#3730,#3746,#3759,#3924,#3937,#3950,
#3963,#3977,#3991,#4005,#4019,#4033,#4046,#4060,#4074,#4088,#4102,#4116,#4130,
#4144,#4158,#4172,#4186,#4200,#4214,#4228,#4241,#4254,#4266,#4279,#4292,#4304,
#4317,#4330,#4342,#4355,#4368,#4380,#4393,#4406,#4418,#4431,#4444,#4456,#4468,
#4481,#4494,#4506,#4519,#4532,#4544,#4557,#4570,#4582,#4595,#4608,#4620,#4633,
#4646,#4658,#4671,#4684,#4696,#4709,#4722,#4734,#4747,#4760,#4772,#4785,#4798,
#4810,#4823,#4836,#4848,#4861,#4874,#4886,#4899,#4912,#4924,#4938,#4950,#4964,
#4976));
#4978=CARTESIAN_POINT('',(0.E0,3.95E0,-8.E0));
#4979=DIRECTION('',(0.E0,-1.E0,0.E0));
#4980=DIRECTION('',(-1.E0,0.E0,0.E0));
#4981=AXIS2_PLACEMENT_3D('',#4978,#4979,#4980);
#4983=CARTESIAN_POINT('',(0.E0,0.E0,-8.E0));
#4984=DIRECTION('',(0.E0,1.E0,0.E0));
#4985=DIRECTION('',(1.E0,0.E0,0.E0));
#4986=AXIS2_PLACEMENT_3D('',#4983,#4984,#4985);
#4988=CARTESIAN_POINT('',(4.596019847379E-1,0.E0,-8.888125E0));
#4989=CARTESIAN_POINT('',(4.099867417101E-1,2.307931440598E-2,
-8.913800737277E0));
#4990=CARTESIAN_POINT('',(3.079590278798E-1,6.078485629507E-2,
-8.955940608514E0));
#4991=CARTESIAN_POINT('',(1.542044663139E-1,9.301300419779E-2,
-8.992135224125E0));
#4992=CARTESIAN_POINT('',(5.093143458890E-2,9.999999899974E-2,
-9.000000000022E0));
#4993=CARTESIAN_POINT('',(-4.252813044468E-10,9.999999905816E-2,-9.E0));
#4995=CARTESIAN_POINT('',(-4.252813044468E-10,9.999999905816E-2,-9.E0));
#4996=CARTESIAN_POINT('',(-5.132351606470E-2,9.999999896085E-2,
-8.999999999978E0));
#4997=CARTESIAN_POINT('',(-1.551092359450E-1,9.289420957517E-2,
-8.992001557049E0));
#4998=CARTESIAN_POINT('',(-3.085007013048E-1,6.060322237076E-2,
-8.955737147446E0));
#4999=CARTESIAN_POINT('',(-4.101974861845E-1,2.298128328311E-2,
-8.913691677652E0));
#5000=CARTESIAN_POINT('',(-4.596019847379E-1,0.E0,-8.888125E0));
#5002=CARTESIAN_POINT('',(0.E0,0.E0,-8.E0));
#5003=DIRECTION('',(0.E0,1.E0,0.E0));
#5004=DIRECTION('',(-4.596019847379E-1,0.E0,-8.88125E-1));
#5005=AXIS2_PLACEMENT_3D('',#5002,#5003,#5004);
#5007=CARTESIAN_POINT('',(0.E0,3.95E0,-8.E0));
#5008=DIRECTION('',(0.E0,-1.E0,0.E0));
#5009=DIRECTION('',(1.E0,0.E0,0.E0));
#5010=AXIS2_PLACEMENT_3D('',#5007,#5008,#5009);
#5012=DIRECTION('',(0.E0,-1.E0,0.E0));
#5013=VECTOR('',#5012,3.95E0);
#5014=CARTESIAN_POINT('',(-1.E0,3.95E0,-8.E0));
#5015=LINE('',#5014,#5013);
#5016=CARTESIAN_POINT('',(0.E0,0.E0,-8.E0));
#5017=DIRECTION('',(0.E0,1.E0,0.E0));
#5018=DIRECTION('',(-1.E0,0.E0,0.E0));
#5019=AXIS2_PLACEMENT_3D('',#5016,#5017,#5018);
#5021=DIRECTION('',(0.E0,-1.E0,0.E0));
#5022=VECTOR('',#5021,3.95E0);
#5023=CARTESIAN_POINT('',(1.E0,3.95E0,-8.E0));
#5024=LINE('',#5023,#5022);
#5025=CARTESIAN_POINT('',(1.E0,3.95E0,-8.E0));
#5026=CARTESIAN_POINT('',(-1.E0,3.95E0,-8.E0));
#5027=VERTEX_POINT('',#5025);
#5028=VERTEX_POINT('',#5026);
#5029=CARTESIAN_POINT('',(1.E0,0.E0,-8.E0));
#5030=VERTEX_POINT('',#5029);
#5031=CARTESIAN_POINT('',(-1.E0,0.E0,-8.E0));
#5032=VERTEX_POINT('',#5031);
#5033=CARTESIAN_POINT('',(4.596019847379E-1,0.E0,-8.888125E0));
#5034=VERTEX_POINT('',#5033);
#5035=CARTESIAN_POINT('',(-4.596019847379E-1,0.E0,-8.888125E0));
#5036=VERTEX_POINT('',#5035);
#5037=VERTEX_POINT('',#4993);
#5038=CARTESIAN_POINT('',(0.E0,-1.1345E0,-8.E0));
#5039=DIRECTION('',(0.E0,1.E0,0.E0));
#5040=DIRECTION('',(1.E0,0.E0,0.E0));
#5041=AXIS2_PLACEMENT_3D('',#5038,#5039,#5040);
#5042=CYLINDRICAL_SURFACE('',#5041,1.E0);
#5044=ORIENTED_EDGE('',*,*,#5043,.T.);
#5046=ORIENTED_EDGE('',*,*,#5045,.T.);
#5048=ORIENTED_EDGE('',*,*,#5047,.T.);
#5050=ORIENTED_EDGE('',*,*,#5049,.T.);
#5052=ORIENTED_EDGE('',*,*,#5051,.T.);
#5054=ORIENTED_EDGE('',*,*,#5053,.T.);
#5056=ORIENTED_EDGE('',*,*,#5055,.F.);
#5057=EDGE_LOOP('',(#5044,#5046,#5048,#5050,#5052,#5054,#5056));
#5058=FACE_OUTER_BOUND('',#5057,.F.);
#5059=ADVANCED_FACE('',(#5058),#5042,.F.);
#5060=CARTESIAN_POINT('',(0.E0,-1.1345E0,-8.E0));
#5061=DIRECTION('',(0.E0,1.E0,0.E0));
#5062=DIRECTION('',(1.E0,0.E0,0.E0));
#5063=AXIS2_PLACEMENT_3D('',#5060,#5061,#5062);
#5064=CYLINDRICAL_SURFACE('',#5063,1.E0);
#5066=ORIENTED_EDGE('',*,*,#5065,.T.);
#5067=ORIENTED_EDGE('',*,*,#5055,.T.);
#5069=ORIENTED_EDGE('',*,*,#5068,.T.);
#5070=ORIENTED_EDGE('',*,*,#5045,.F.);
#5071=EDGE_LOOP('',(#5066,#5067,#5069,#5070));
#5072=FACE_OUTER_BOUND('',#5071,.F.);
#5073=ADVANCED_FACE('',(#5072),#5064,.F.);
#5074=OPEN_SHELL('',(#5059,#5073));
#5076=CARTESIAN_POINT('',(5.656854249492E0,3.95E0,5.656854249492E0));
#5077=DIRECTION('',(0.E0,-1.E0,0.E0));
#5078=DIRECTION('',(7.071067811865E-1,0.E0,-7.071067811865E-1));
#5079=AXIS2_PLACEMENT_3D('',#5076,#5077,#5078);
#5081=CARTESIAN_POINT('',(5.656854249492E0,0.E0,5.656854249492E0));
#5082=DIRECTION('',(0.E0,1.E0,0.E0));
#5083=DIRECTION('',(-7.071067811865E-1,0.E0,7.071067811865E-1));
#5084=AXIS2_PLACEMENT_3D('',#5081,#5082,#5083);
#5086=CARTESIAN_POINT('',(5.959865779479E0,0.E0,6.609841139589E0));
#5087=CARTESIAN_POINT('',(6.023859220940E0,2.774153040961E-2,6.589493797135E0));
#5088=CARTESIAN_POINT('',(6.145607175475E0,7.115957995494E-2,6.536443352699E0));
#5089=CARTESIAN_POINT('',(6.301985398934E0,1.016009856522E-1,6.428482742995E0));
#5090=CARTESIAN_POINT('',(6.432656995449E0,1.009437648259E-1,6.296764385404E0));
#5091=CARTESIAN_POINT('',(6.537936256079E0,7.010807083187E-2,6.142446767773E0));
#5092=CARTESIAN_POINT('',(6.589876019560E0,2.722040903810E-2,6.022657111702E0));
#5093=CARTESIAN_POINT('',(6.609841139589E0,0.E0,5.959865779479E0));
#5095=CARTESIAN_POINT('',(5.656854249492E0,0.E0,5.656854249492E0));
#5096=DIRECTION('',(0.E0,1.E0,0.E0));
#5097=DIRECTION('',(9.529868900963E-1,0.E0,3.030115299864E-1));
#5098=AXIS2_PLACEMENT_3D('',#5095,#5096,#5097);
#5100=CARTESIAN_POINT('',(5.656854249492E0,3.95E0,5.656854249492E0));
#5101=DIRECTION('',(0.E0,-1.E0,0.E0));
#5102=DIRECTION('',(-7.071067811865E-1,0.E0,7.071067811865E-1));
#5103=AXIS2_PLACEMENT_3D('',#5100,#5101,#5102);
#5105=DIRECTION('',(0.E0,-1.E0,0.E0));
#5106=VECTOR('',#5105,3.95E0);
#5107=CARTESIAN_POINT('',(6.363961030679E0,3.95E0,4.949747468306E0));
#5108=LINE('',#5107,#5106);
#5109=CARTESIAN_POINT('',(5.656854249492E0,0.E0,5.656854249492E0));
#5110=DIRECTION('',(0.E0,1.E0,0.E0));
#5111=DIRECTION('',(7.071067811865E-1,0.E0,-7.071067811865E-1));
#5112=AXIS2_PLACEMENT_3D('',#5109,#5110,#5111);
#5114=DIRECTION('',(0.E0,-1.E0,0.E0));
#5115=VECTOR('',#5114,3.95E0);
#5116=CARTESIAN_POINT('',(4.949747468306E0,3.95E0,6.363961030679E0));
#5117=LINE('',#5116,#5115);
#5118=CARTESIAN_POINT('',(4.949747468306E0,3.95E0,6.363961030679E0));
#5119=CARTESIAN_POINT('',(6.363961030679E0,3.95E0,4.949747468306E0));
#5120=VERTEX_POINT('',#5118);
#5121=VERTEX_POINT('',#5119);
#5122=CARTESIAN_POINT('',(4.949747468306E0,0.E0,6.363961030679E0));
#5123=VERTEX_POINT('',#5122);
#5124=CARTESIAN_POINT('',(6.363961030679E0,0.E0,4.949747468306E0));
#5125=VERTEX_POINT('',#5124);
#5126=CARTESIAN_POINT('',(5.959865779479E0,0.E0,6.609841139589E0));
#5127=VERTEX_POINT('',#5126);
#5128=CARTESIAN_POINT('',(6.609841139589E0,0.E0,5.959865779479E0));
#5129=VERTEX_POINT('',#5128);
#5130=CARTESIAN_POINT('',(5.656854249492E0,-1.1345E0,5.656854249492E0));
#5131=DIRECTION('',(0.E0,1.E0,0.E0));
#5132=DIRECTION('',(-7.071067811865E-1,0.E0,7.071067811865E-1));
#5133=AXIS2_PLACEMENT_3D('',#5130,#5131,#5132);
#5134=CYLINDRICAL_SURFACE('',#5133,1.E0);
#5136=ORIENTED_EDGE('',*,*,#5135,.T.);
#5138=ORIENTED_EDGE('',*,*,#5137,.T.);
#5140=ORIENTED_EDGE('',*,*,#5139,.T.);
#5142=ORIENTED_EDGE('',*,*,#5141,.T.);
#5144=ORIENTED_EDGE('',*,*,#5143,.T.);
#5146=ORIENTED_EDGE('',*,*,#5145,.F.);
#5147=EDGE_LOOP('',(#5136,#5138,#5140,#5142,#5144,#5146));
#5148=FACE_OUTER_BOUND('',#5147,.F.);
#5149=ADVANCED_FACE('',(#5148),#5134,.F.);
#5150=CARTESIAN_POINT('',(5.656854249492E0,-1.1345E0,5.656854249492E0));
#5151=DIRECTION('',(0.E0,1.E0,0.E0));
#5152=DIRECTION('',(-7.071067811865E-1,0.E0,7.071067811865E-1));
#5153=AXIS2_PLACEMENT_3D('',#5150,#5151,#5152);
#5154=CYLINDRICAL_SURFACE('',#5153,1.E0);
#5156=ORIENTED_EDGE('',*,*,#5155,.T.);
#5157=ORIENTED_EDGE('',*,*,#5145,.T.);
#5159=ORIENTED_EDGE('',*,*,#5158,.T.);
#5160=ORIENTED_EDGE('',*,*,#5137,.F.);
#5161=EDGE_LOOP('',(#5156,#5157,#5159,#5160));
#5162=FACE_OUTER_BOUND('',#5161,.F.);
#5163=ADVANCED_FACE('',(#5162),#5154,.F.);
#5164=OPEN_SHELL('',(#5149,#5163));
#5166=CARTESIAN_POINT('',(0.E0,3.95E0,8.E0));
#5167=DIRECTION('',(0.E0,-1.E0,0.E0));
#5168=DIRECTION('',(1.E0,0.E0,0.E0));
#5169=AXIS2_PLACEMENT_3D('',#5166,#5167,#5168);
#5171=CARTESIAN_POINT('',(0.E0,0.E0,8.E0));
#5172=DIRECTION('',(0.E0,1.E0,0.E0));
#5173=DIRECTION('',(-1.E0,0.E0,0.E0));
#5174=AXIS2_PLACEMENT_3D('',#5171,#5172,#5173);
#5176=CARTESIAN_POINT('',(-4.596019847379E-1,0.E0,8.888125E0));
#5177=CARTESIAN_POINT('',(-4.099867417101E-1,2.307931440598E-2,
8.913800737277E0));
#5178=CARTESIAN_POINT('',(-3.079590278798E-1,6.078485629507E-2,
8.955940608514E0));
#5179=CARTESIAN_POINT('',(-1.542044663139E-1,9.301300419778E-2,
8.992135224125E0));
#5180=CARTESIAN_POINT('',(-5.093143458891E-2,9.999999899974E-2,
9.000000000022E0));
#5181=CARTESIAN_POINT('',(4.252675296403E-10,9.999999905815E-2,9.E0));
#5183=CARTESIAN_POINT('',(4.252675296403E-10,9.999999905815E-2,9.E0));
#5184=CARTESIAN_POINT('',(5.132351606470E-2,9.999999896085E-2,
8.999999999978E0));
#5185=CARTESIAN_POINT('',(1.551092359450E-1,9.289420957517E-2,
8.992001557049E0));
#5186=CARTESIAN_POINT('',(3.085007013048E-1,6.060322237076E-2,
8.955737147446E0));
#5187=CARTESIAN_POINT('',(4.101974861845E-1,2.298128328311E-2,
8.913691677652E0));
#5188=CARTESIAN_POINT('',(4.596019847379E-1,0.E0,8.888125E0));
#5190=CARTESIAN_POINT('',(0.E0,0.E0,8.E0));
#5191=DIRECTION('',(0.E0,1.E0,0.E0));
#5192=DIRECTION('',(4.596019847379E-1,0.E0,8.88125E-1));
#5193=AXIS2_PLACEMENT_3D('',#5190,#5191,#5192);
#5195=CARTESIAN_POINT('',(0.E0,3.95E0,8.E0));
#5196=DIRECTION('',(0.E0,-1.E0,0.E0));
#5197=DIRECTION('',(-1.E0,0.E0,0.E0));
#5198=AXIS2_PLACEMENT_3D('',#5195,#5196,#5197);
#5200=DIRECTION('',(0.E0,-1.E0,0.E0));
#5201=VECTOR('',#5200,3.95E0);
#5202=CARTESIAN_POINT('',(1.E0,3.95E0,8.E0));
#5203=LINE('',#5202,#5201);
#5204=CARTESIAN_POINT('',(0.E0,0.E0,8.E0));
#5205=DIRECTION('',(0.E0,1.E0,0.E0));
#5206=DIRECTION('',(1.E0,0.E0,0.E0));
#5207=AXIS2_PLACEMENT_3D('',#5204,#5205,#5206);
#5209=DIRECTION('',(0.E0,-1.E0,0.E0));
#5210=VECTOR('',#5209,3.95E0);
#5211=CARTESIAN_POINT('',(-1.E0,3.95E0,8.E0));
#5212=LINE('',#5211,#5210);
#5213=CARTESIAN_POINT('',(-1.E0,3.95E0,8.E0));
#5214=CARTESIAN_POINT('',(1.E0,3.95E0,8.E0));
#5215=VERTEX_POINT('',#5213);
#5216=VERTEX_POINT('',#5214);
#5217=CARTESIAN_POINT('',(-1.E0,0.E0,8.E0));
#5218=VERTEX_POINT('',#5217);
#5219=CARTESIAN_POINT('',(1.E0,0.E0,8.E0));
#5220=VERTEX_POINT('',#5219);
#5221=CARTESIAN_POINT('',(-4.596019847379E-1,0.E0,8.888125E0));
#5222=VERTEX_POINT('',#5221);
#5223=CARTESIAN_POINT('',(4.596019847379E-1,0.E0,8.888125E0));
#5224=VERTEX_POINT('',#5223);
#5225=VERTEX_POINT('',#5183);
#5226=CARTESIAN_POINT('',(0.E0,-1.1345E0,8.E0));
#5227=DIRECTION('',(0.E0,1.E0,0.E0));
#5228=DIRECTION('',(-1.E0,0.E0,0.E0));
#5229=AXIS2_PLACEMENT_3D('',#5226,#5227,#5228);
#5230=CYLINDRICAL_SURFACE('',#5229,1.E0);
#5232=ORIENTED_EDGE('',*,*,#5231,.T.);
#5234=ORIENTED_EDGE('',*,*,#5233,.T.);
#5236=ORIENTED_EDGE('',*,*,#5235,.T.);
#5238=ORIENTED_EDGE('',*,*,#5237,.T.);
#5240=ORIENTED_EDGE('',*,*,#5239,.T.);
#5242=ORIENTED_EDGE('',*,*,#5241,.T.);
#5244=ORIENTED_EDGE('',*,*,#5243,.F.);
#5245=EDGE_LOOP('',(#5232,#5234,#5236,#5238,#5240,#5242,#5244));
#5246=FACE_OUTER_BOUND('',#5245,.F.);
#5247=ADVANCED_FACE('',(#5246),#5230,.F.);
#5248=CARTESIAN_POINT('',(0.E0,-1.1345E0,8.E0));
#5249=DIRECTION('',(0.E0,1.E0,0.E0));
#5250=DIRECTION('',(-1.E0,0.E0,0.E0));
#5251=AXIS2_PLACEMENT_3D('',#5248,#5249,#5250);
#5252=CYLINDRICAL_SURFACE('',#5251,1.E0);
#5254=ORIENTED_EDGE('',*,*,#5253,.T.);
#5255=ORIENTED_EDGE('',*,*,#5243,.T.);
#5257=ORIENTED_EDGE('',*,*,#5256,.T.);
#5258=ORIENTED_EDGE('',*,*,#5233,.F.);
#5259=EDGE_LOOP('',(#5254,#5255,#5257,#5258));
#5260=FACE_OUTER_BOUND('',#5259,.F.);
#5261=ADVANCED_FACE('',(#5260),#5252,.F.);
#5262=OPEN_SHELL('',(#5247,#5261));
#5264=CARTESIAN_POINT('',(-5.656854249492E0,3.95E0,5.656854249492E0));
#5265=DIRECTION('',(0.E0,-1.E0,0.E0));
#5266=DIRECTION('',(7.071067811865E-1,0.E0,7.071067811865E-1));
#5267=AXIS2_PLACEMENT_3D('',#5264,#5265,#5266);
#5269=CARTESIAN_POINT('',(-5.656854249492E0,0.E0,5.656854249492E0));
#5270=DIRECTION('',(0.E0,1.E0,0.E0));
#5271=DIRECTION('',(-7.071067811865E-1,0.E0,-7.071067811865E-1));
#5272=AXIS2_PLACEMENT_3D('',#5269,#5270,#5271);
#5274=CARTESIAN_POINT('',(-6.609841139589E0,0.E0,5.959865779479E0));
#5275=CARTESIAN_POINT('',(-6.589493797135E0,2.774153040961E-2,
6.023859220940E0));
#5276=CARTESIAN_POINT('',(-6.536443352699E0,7.115957995494E-2,
6.145607175475E0));
#5277=CARTESIAN_POINT('',(-6.428482742995E0,1.016009856522E-1,
6.301985398934E0));
#5278=CARTESIAN_POINT('',(-6.296764385404E0,1.009437648259E-1,
6.432656995449E0));
#5279=CARTESIAN_POINT('',(-6.142446767773E0,7.010807083187E-2,
6.537936256079E0));
#5280=CARTESIAN_POINT('',(-6.022657111702E0,2.722040903810E-2,
6.589876019560E0));
#5281=CARTESIAN_POINT('',(-5.959865779479E0,0.E0,6.609841139589E0));
#5283=CARTESIAN_POINT('',(-5.656854249492E0,0.E0,5.656854249492E0));
#5284=DIRECTION('',(0.E0,1.E0,0.E0));
#5285=DIRECTION('',(-3.030115299863E-1,0.E0,9.529868900963E-1));
#5286=AXIS2_PLACEMENT_3D('',#5283,#5284,#5285);
#5288=CARTESIAN_POINT('',(-5.656854249492E0,3.95E0,5.656854249492E0));
#5289=DIRECTION('',(0.E0,-1.E0,0.E0));
#5290=DIRECTION('',(-7.071067811865E-1,0.E0,-7.071067811865E-1));
#5291=AXIS2_PLACEMENT_3D('',#5288,#5289,#5290);
#5293=DIRECTION('',(0.E0,-1.E0,0.E0));
#5294=VECTOR('',#5293,3.95E0);
#5295=CARTESIAN_POINT('',(-4.949747468306E0,3.95E0,6.363961030679E0));
#5296=LINE('',#5295,#5294);
#5297=CARTESIAN_POINT('',(-5.656854249492E0,0.E0,5.656854249492E0));
#5298=DIRECTION('',(0.E0,1.E0,0.E0));
#5299=DIRECTION('',(7.071067811865E-1,0.E0,7.071067811865E-1));
#5300=AXIS2_PLACEMENT_3D('',#5297,#5298,#5299);
#5302=DIRECTION('',(0.E0,-1.E0,0.E0));
#5303=VECTOR('',#5302,3.95E0);
#5304=CARTESIAN_POINT('',(-6.363961030679E0,3.95E0,4.949747468306E0));
#5305=LINE('',#5304,#5303);
#5306=CARTESIAN_POINT('',(-6.363961030679E0,3.95E0,4.949747468306E0));
#5307=CARTESIAN_POINT('',(-4.949747468306E0,3.95E0,6.363961030679E0));
#5308=VERTEX_POINT('',#5306);
#5309=VERTEX_POINT('',#5307);
#5310=CARTESIAN_POINT('',(-6.363961030679E0,0.E0,4.949747468306E0));
#5311=VERTEX_POINT('',#5310);
#5312=CARTESIAN_POINT('',(-4.949747468306E0,0.E0,6.363961030679E0));
#5313=VERTEX_POINT('',#5312);
#5314=CARTESIAN_POINT('',(-6.609841139589E0,0.E0,5.959865779479E0));
#5315=VERTEX_POINT('',#5314);
#5316=CARTESIAN_POINT('',(-5.959865779479E0,0.E0,6.609841139589E0));
#5317=VERTEX_POINT('',#5316);
#5318=CARTESIAN_POINT('',(-5.656854249492E0,-1.1345E0,5.656854249492E0));
#5319=DIRECTION('',(0.E0,1.E0,0.E0));
#5320=DIRECTION('',(-7.071067811865E-1,0.E0,-7.071067811865E-1));
#5321=AXIS2_PLACEMENT_3D('',#5318,#5319,#5320);
#5322=CYLINDRICAL_SURFACE('',#5321,1.E0);
#5324=ORIENTED_EDGE('',*,*,#5323,.T.);
#5326=ORIENTED_EDGE('',*,*,#5325,.T.);
#5328=ORIENTED_EDGE('',*,*,#5327,.T.);
#5330=ORIENTED_EDGE('',*,*,#5329,.T.);
#5332=ORIENTED_EDGE('',*,*,#5331,.T.);
#5334=ORIENTED_EDGE('',*,*,#5333,.F.);
#5335=EDGE_LOOP('',(#5324,#5326,#5328,#5330,#5332,#5334));
#5336=FACE_OUTER_BOUND('',#5335,.F.);
#5337=ADVANCED_FACE('',(#5336),#5322,.F.);
#5338=CARTESIAN_POINT('',(-5.656854249492E0,-1.1345E0,5.656854249492E0));
#5339=DIRECTION('',(0.E0,1.E0,0.E0));
#5340=DIRECTION('',(-7.071067811865E-1,0.E0,-7.071067811865E-1));
#5341=AXIS2_PLACEMENT_3D('',#5338,#5339,#5340);
#5342=CYLINDRICAL_SURFACE('',#5341,1.E0);
#5344=ORIENTED_EDGE('',*,*,#5343,.T.);
#5345=ORIENTED_EDGE('',*,*,#5333,.T.);
#5347=ORIENTED_EDGE('',*,*,#5346,.T.);
#5348=ORIENTED_EDGE('',*,*,#5325,.F.);
#5349=EDGE_LOOP('',(#5344,#5345,#5347,#5348));
#5350=FACE_OUTER_BOUND('',#5349,.F.);
#5351=ADVANCED_FACE('',(#5350),#5342,.F.);
#5352=OPEN_SHELL('',(#5337,#5351));
#5354=CARTESIAN_POINT('',(-8.E0,3.95E0,0.E0));
#5355=DIRECTION('',(0.E0,-1.E0,0.E0));
#5356=DIRECTION('',(0.E0,0.E0,1.E0));
#5357=AXIS2_PLACEMENT_3D('',#5354,#5355,#5356);
#5359=CARTESIAN_POINT('',(-8.E0,0.E0,0.E0));
#5360=DIRECTION('',(0.E0,1.E0,0.E0));
#5361=DIRECTION('',(0.E0,0.E0,-1.E0));
#5362=AXIS2_PLACEMENT_3D('',#5359,#5360,#5361);
#5364=CARTESIAN_POINT('',(-8.888125E0,0.E0,-4.596019847379E-1));
#5365=CARTESIAN_POINT('',(-8.918987452581E0,2.774153040961E-2,
-3.999640445017E-1));
#5366=CARTESIAN_POINT('',(-8.967563927822E0,7.115957995495E-2,
-2.763629112477E-1));
#5367=CARTESIAN_POINT('',(-9.001800350837E0,1.016009856522E-1,
-8.944712978714E-2));
#5368=CARTESIAN_POINT('',(-9.001060178982E0,1.009437648259E-1,
9.609058607573E-2));
#5369=CARTESIAN_POINT('',(-8.966384824209E0,7.010807083187E-2,
2.796532990697E-1));
#5370=CARTESIAN_POINT('',(-8.918407705055E0,2.722040903810E-2,
4.010843361637E-1));
#5371=CARTESIAN_POINT('',(-8.888125E0,0.E0,4.596019847379E-1));
#5373=CARTESIAN_POINT('',(-8.E0,0.E0,0.E0));
#5374=DIRECTION('',(0.E0,1.E0,0.E0));
#5375=DIRECTION('',(-8.88125E-1,0.E0,4.596019847379E-1));
#5376=AXIS2_PLACEMENT_3D('',#5373,#5374,#5375);
#5378=CARTESIAN_POINT('',(-8.E0,3.95E0,0.E0));
#5379=DIRECTION('',(0.E0,-1.E0,0.E0));
#5380=DIRECTION('',(0.E0,0.E0,-1.E0));
#5381=AXIS2_PLACEMENT_3D('',#5378,#5379,#5380);
#5383=DIRECTION('',(0.E0,-1.E0,0.E0));
#5384=VECTOR('',#5383,3.95E0);
#5385=CARTESIAN_POINT('',(-8.E0,3.95E0,1.E0));
#5386=LINE('',#5385,#5384);
#5387=CARTESIAN_POINT('',(-8.E0,0.E0,0.E0));
#5388=DIRECTION('',(0.E0,1.E0,0.E0));
#5389=DIRECTION('',(0.E0,0.E0,1.E0));
#5390=AXIS2_PLACEMENT_3D('',#5387,#5388,#5389);
#5392=DIRECTION('',(0.E0,-1.E0,0.E0));
#5393=VECTOR('',#5392,3.95E0);
#5394=CARTESIAN_POINT('',(-8.E0,3.95E0,-1.E0));
#5395=LINE('',#5394,#5393);
#5396=CARTESIAN_POINT('',(-8.E0,3.95E0,-1.E0));
#5397=CARTESIAN_POINT('',(-8.E0,3.95E0,1.E0));
#5398=VERTEX_POINT('',#5396);
#5399=VERTEX_POINT('',#5397);
#5400=CARTESIAN_POINT('',(-8.E0,0.E0,-1.E0));
#5401=VERTEX_POINT('',#5400);
#5402=CARTESIAN_POINT('',(-8.E0,0.E0,1.E0));
#5403=VERTEX_POINT('',#5402);
#5404=CARTESIAN_POINT('',(-8.888125E0,0.E0,-4.596019847379E-1));
#5405=VERTEX_POINT('',#5404);
#5406=CARTESIAN_POINT('',(-8.888125E0,0.E0,4.596019847379E-1));
#5407=VERTEX_POINT('',#5406);
#5408=CARTESIAN_POINT('',(-8.E0,-1.1345E0,0.E0));
#5409=DIRECTION('',(0.E0,1.E0,0.E0));
#5410=DIRECTION('',(0.E0,0.E0,-1.E0));
#5411=AXIS2_PLACEMENT_3D('',#5408,#5409,#5410);
#5412=CYLINDRICAL_SURFACE('',#5411,1.E0);
#5414=ORIENTED_EDGE('',*,*,#5413,.T.);
#5416=ORIENTED_EDGE('',*,*,#5415,.T.);
#5418=ORIENTED_EDGE('',*,*,#5417,.T.);
#5420=ORIENTED_EDGE('',*,*,#5419,.T.);
#5422=ORIENTED_EDGE('',*,*,#5421,.T.);
#5424=ORIENTED_EDGE('',*,*,#5423,.F.);
#5425=EDGE_LOOP('',(#5414,#5416,#5418,#5420,#5422,#5424));
#5426=FACE_OUTER_BOUND('',#5425,.F.);
#5427=ADVANCED_FACE('',(#5426),#5412,.F.);
#5428=CARTESIAN_POINT('',(-8.E0,-1.1345E0,0.E0));
#5429=DIRECTION('',(0.E0,1.E0,0.E0));
#5430=DIRECTION('',(0.E0,0.E0,-1.E0));
#5431=AXIS2_PLACEMENT_3D('',#5428,#5429,#5430);
#5432=CYLINDRICAL_SURFACE('',#5431,1.E0);
#5434=ORIENTED_EDGE('',*,*,#5433,.T.);
#5435=ORIENTED_EDGE('',*,*,#5423,.T.);
#5437=ORIENTED_EDGE('',*,*,#5436,.T.);
#5438=ORIENTED_EDGE('',*,*,#5415,.F.);
#5439=EDGE_LOOP('',(#5434,#5435,#5437,#5438));
#5440=FACE_OUTER_BOUND('',#5439,.F.);
#5441=ADVANCED_FACE('',(#5440),#5432,.F.);
#5442=OPEN_SHELL('',(#5427,#5441));
#5444=CARTESIAN_POINT('',(-5.656854249492E0,3.95E0,-5.656854249492E0));
#5445=DIRECTION('',(0.E0,-1.E0,0.E0));
#5446=DIRECTION('',(-7.071067811865E-1,0.E0,7.071067811865E-1));
#5447=AXIS2_PLACEMENT_3D('',#5444,#5445,#5446);
#5449=CARTESIAN_POINT('',(-5.656854249492E0,0.E0,-5.656854249492E0));
#5450=DIRECTION('',(0.E0,1.E0,0.E0));
#5451=DIRECTION('',(7.071067811865E-1,0.E0,-7.071067811865E-1));
#5452=AXIS2_PLACEMENT_3D('',#5449,#5450,#5451);
#5454=CARTESIAN_POINT('',(-5.959865779479E0,0.E0,-6.609841139589E0));
#5455=CARTESIAN_POINT('',(-6.023859220940E0,2.774153040961E-2,
-6.589493797135E0));
#5456=CARTESIAN_POINT('',(-6.145607175475E0,7.115957995495E-2,
-6.536443352699E0));
#5457=CARTESIAN_POINT('',(-6.301985398934E0,1.016009856522E-1,
-6.428482742995E0));
#5458=CARTESIAN_POINT('',(-6.432656995449E0,1.009437648259E-1,
-6.296764385404E0));
#5459=CARTESIAN_POINT('',(-6.537936256079E0,7.010807083187E-2,
-6.142446767773E0));
#5460=CARTESIAN_POINT('',(-6.589876019560E0,2.722040903810E-2,
-6.022657111702E0));
#5461=CARTESIAN_POINT('',(-6.609841139589E0,0.E0,-5.959865779479E0));
#5463=CARTESIAN_POINT('',(-5.656854249492E0,0.E0,-5.656854249492E0));
#5464=DIRECTION('',(0.E0,1.E0,0.E0));
#5465=DIRECTION('',(-9.529868900963E-1,0.E0,-3.030115299864E-1));
#5466=AXIS2_PLACEMENT_3D('',#5463,#5464,#5465);
#5468=CARTESIAN_POINT('',(-5.656854249492E0,3.95E0,-5.656854249492E0));
#5469=DIRECTION('',(0.E0,-1.E0,0.E0));
#5470=DIRECTION('',(7.071067811865E-1,0.E0,-7.071067811865E-1));
#5471=AXIS2_PLACEMENT_3D('',#5468,#5469,#5470);
#5473=DIRECTION('',(0.E0,-1.E0,0.E0));
#5474=VECTOR('',#5473,3.95E0);
#5475=CARTESIAN_POINT('',(-6.363961030679E0,3.95E0,-4.949747468306E0));
#5476=LINE('',#5475,#5474);
#5477=CARTESIAN_POINT('',(-5.656854249492E0,0.E0,-5.656854249492E0));
#5478=DIRECTION('',(0.E0,1.E0,0.E0));
#5479=DIRECTION('',(-7.071067811865E-1,0.E0,7.071067811865E-1));
#5480=AXIS2_PLACEMENT_3D('',#5477,#5478,#5479);
#5482=DIRECTION('',(0.E0,-1.E0,0.E0));
#5483=VECTOR('',#5482,3.95E0);
#5484=CARTESIAN_POINT('',(-4.949747468306E0,3.95E0,-6.363961030679E0));
#5485=LINE('',#5484,#5483);
#5486=CARTESIAN_POINT('',(-4.949747468306E0,3.95E0,-6.363961030679E0));
#5487=CARTESIAN_POINT('',(-6.363961030679E0,3.95E0,-4.949747468306E0));
#5488=VERTEX_POINT('',#5486);
#5489=VERTEX_POINT('',#5487);
#5490=CARTESIAN_POINT('',(-4.949747468306E0,0.E0,-6.363961030679E0));
#5491=VERTEX_POINT('',#5490);
#5492=CARTESIAN_POINT('',(-6.363961030679E0,0.E0,-4.949747468306E0));
#5493=VERTEX_POINT('',#5492);
#5494=CARTESIAN_POINT('',(-5.959865779479E0,0.E0,-6.609841139589E0));
#5495=VERTEX_POINT('',#5494);
#5496=CARTESIAN_POINT('',(-6.609841139589E0,0.E0,-5.959865779479E0));
#5497=VERTEX_POINT('',#5496);
#5498=CARTESIAN_POINT('',(-5.656854249492E0,-1.1345E0,-5.656854249492E0));
#5499=DIRECTION('',(0.E0,1.E0,0.E0));
#5500=DIRECTION('',(7.071067811865E-1,0.E0,-7.071067811865E-1));
#5501=AXIS2_PLACEMENT_3D('',#5498,#5499,#5500);
#5502=CYLINDRICAL_SURFACE('',#5501,1.E0);
#5504=ORIENTED_EDGE('',*,*,#5503,.T.);
#5506=ORIENTED_EDGE('',*,*,#5505,.T.);
#5508=ORIENTED_EDGE('',*,*,#5507,.T.);
#5510=ORIENTED_EDGE('',*,*,#5509,.T.);
#5512=ORIENTED_EDGE('',*,*,#5511,.T.);
#5514=ORIENTED_EDGE('',*,*,#5513,.F.);
#5515=EDGE_LOOP('',(#5504,#5506,#5508,#5510,#5512,#5514));
#5516=FACE_OUTER_BOUND('',#5515,.F.);
#5517=ADVANCED_FACE('',(#5516),#5502,.F.);
#5518=CARTESIAN_POINT('',(-5.656854249492E0,-1.1345E0,-5.656854249492E0));
#5519=DIRECTION('',(0.E0,1.E0,0.E0));
#5520=DIRECTION('',(7.071067811865E-1,0.E0,-7.071067811865E-1));
#5521=AXIS2_PLACEMENT_3D('',#5518,#5519,#5520);
#5522=CYLINDRICAL_SURFACE('',#5521,1.E0);
#5524=ORIENTED_EDGE('',*,*,#5523,.T.);
#5525=ORIENTED_EDGE('',*,*,#5513,.T.);
#5527=ORIENTED_EDGE('',*,*,#5526,.T.);
#5528=ORIENTED_EDGE('',*,*,#5505,.F.);
#5529=EDGE_LOOP('',(#5524,#5525,#5527,#5528));
#5530=FACE_OUTER_BOUND('',#5529,.F.);
#5531=ADVANCED_FACE('',(#5530),#5522,.F.);
#5532=OPEN_SHELL('',(#5517,#5531));
#5534=CARTESIAN_POINT('',(5.057655921387E0,2.E0,2.455629569145E0));
#5535=DIRECTION('',(5.150380749101E-1,0.E0,-8.571673007021E-1));
#5536=DIRECTION('',(8.571673007021E-1,0.E0,5.150380749101E-1));
#5537=AXIS2_PLACEMENT_3D('',#5534,#5535,#5536);
#5539=CARTESIAN_POINT('',(6.860289183572E0,2.E0,-5.444559833121E-1));
#5540=DIRECTION('',(-5.150380749101E-1,0.E0,8.571673007021E-1));
#5541=DIRECTION('',(-8.571673007021E-1,0.E0,-5.150380749101E-1));
#5542=AXIS2_PLACEMENT_3D('',#5539,#5540,#5541);
#5544=CARTESIAN_POINT('',(4.542617846477E0,2.E0,3.312796869847E0));
#5545=DIRECTION('',(-5.150380749101E-1,0.E0,8.571673007021E-1));
#5546=DIRECTION('',(-8.571673007021E-1,0.E0,-5.150380749101E-1));
#5547=AXIS2_PLACEMENT_3D('',#5544,#5545,#5546);
#5549=DIRECTION('',(-5.150380749101E-1,0.E0,8.571673007021E-1));
#5550=VECTOR('',#5549,3.5E0);
#5551=CARTESIAN_POINT('',(7.717456484274E0,2.E0,-2.941790840209E-2));
#5552=LINE('',#5551,#5550);
#5553=CARTESIAN_POINT('',(6.860289183572E0,2.E0,-5.444559833121E-1));
#5554=DIRECTION('',(-5.150380749101E-1,0.E0,8.571673007021E-1));
#5555=DIRECTION('',(8.571673007021E-1,0.E0,5.150380749101E-1));
#5556=AXIS2_PLACEMENT_3D('',#5553,#5554,#5555);
#5558=DIRECTION('',(-5.150380749101E-1,0.E0,8.571673007021E-1));
#5559=VECTOR('',#5558,3.5E0);
#5560=CARTESIAN_POINT('',(6.003121882870E0,2.E0,-1.059494058222E0));
#5561=LINE('',#5560,#5559);
#5562=CARTESIAN_POINT('',(5.057655921387E0,2.E0,2.455629569145E0));
#5563=DIRECTION('',(5.150380749101E-1,0.E0,-8.571673007021E-1));
#5564=DIRECTION('',(-8.571673007021E-1,0.E0,-5.150380749101E-1));
#5565=AXIS2_PLACEMENT_3D('',#5562,#5563,#5564);
#5567=DIRECTION('',(-5.150380749101E-1,0.E0,8.571673007021E-1));
#5568=VECTOR('',#5567,4.E0);
#5569=CARTESIAN_POINT('',(5.399785147179E0,2.E0,3.827834944757E0));
#5570=LINE('',#5569,#5568);
#5571=CARTESIAN_POINT('',(4.542617846477E0,2.E0,3.312796869847E0));
#5572=DIRECTION('',(-5.150380749101E-1,0.E0,8.571673007021E-1));
#5573=DIRECTION('',(8.571673007021E-1,0.E0,5.150380749101E-1));
#5574=AXIS2_PLACEMENT_3D('',#5571,#5572,#5573);
#5576=DIRECTION('',(-5.150380749101E-1,0.E0,8.571673007021E-1));
#5577=VECTOR('',#5576,4.E0);
#5578=CARTESIAN_POINT('',(3.685450545775E0,2.E0,2.797758794937E0));
#5579=LINE('',#5578,#5577);
#5580=CARTESIAN_POINT('',(2.482465546837E0,2.E0,6.741466072656E0));
#5581=DIRECTION('',(-5.150380749101E-1,0.E0,8.571673007021E-1));
#5582=DIRECTION('',(8.571673007021E-1,0.E0,5.150380749101E-1));
#5583=AXIS2_PLACEMENT_3D('',#5580,#5581,#5582);
#5585=CARTESIAN_POINT('',(2.482465546837E0,2.E0,6.741466072656E0));
#5586=DIRECTION('',(5.150380749101E-1,0.E0,-8.571673007021E-1));
#5587=DIRECTION('',(8.571673007021E-1,0.E0,5.150380749101E-1));
#5588=AXIS2_PLACEMENT_3D('',#5585,#5586,#5587);
#5590=CARTESIAN_POINT('',(2.482465546837E0,2.E0,6.741466072656E0));
#5591=DIRECTION('',(5.150380749101E-1,0.E0,-8.571673007021E-1));
#5592=DIRECTION('',(8.571673007021E-1,0.E0,5.150380749101E-1));
#5593=AXIS2_PLACEMENT_3D('',#5590,#5591,#5592);
#5595=CARTESIAN_POINT('',(2.482465546837E0,2.E0,6.741466072656E0));
#5596=DIRECTION('',(5.150380749101E-1,0.E0,-8.571673007021E-1));
#5597=DIRECTION('',(-8.571673007021E-1,0.E0,-5.150380749101E-1));
#5598=AXIS2_PLACEMENT_3D('',#5595,#5596,#5597);
#5600=CARTESIAN_POINT('',(3.339632847539E0,2.E0,7.256504147566E0));
#5601=CARTESIAN_POINT('',(1.625298246134E0,2.E0,6.226427997746E0));
#5602=VERTEX_POINT('',#5600);
#5603=VERTEX_POINT('',#5601);
#5604=CARTESIAN_POINT('',(7.717456484274E0,2.E0,-2.941790840209E-2));
#5605=CARTESIAN_POINT('',(5.914823222089E0,2.E0,2.970667644055E0));
#5606=VERTEX_POINT('',#5604);
#5607=VERTEX_POINT('',#5605);
#5608=CARTESIAN_POINT('',(5.399785147179E0,2.E0,3.827834944757E0));
#5609=VERTEX_POINT('',#5608);
#5610=CARTESIAN_POINT('',(6.003121882870E0,2.E0,-1.059494058222E0));
#5611=CARTESIAN_POINT('',(4.200488620685E0,2.E0,1.940591494235E0));
#5612=VERTEX_POINT('',#5610);
#5613=VERTEX_POINT('',#5611);
#5614=CARTESIAN_POINT('',(3.685450545775E0,2.E0,2.797758794937E0));
#5615=VERTEX_POINT('',#5614);
#5616=CARTESIAN_POINT('',(3.168199387398E0,2.E0,7.153496532584E0));
#5617=CARTESIAN_POINT('',(1.796731706275E0,2.E0,6.329435612728E0));
#5618=VERTEX_POINT('',#5616);
#5619=VERTEX_POINT('',#5617);
#5620=CARTESIAN_POINT('',(1.733227854601E0,2.E0,7.988406991247E0));
#5621=DIRECTION('',(5.150380749101E-1,0.E0,-8.571673007021E-1));
#5622=DIRECTION('',(8.571673007021E-1,0.E0,5.150380749101E-1));
#5623=AXIS2_PLACEMENT_3D('',#5620,#5621,#5622);
#5624=CYLINDRICAL_SURFACE('',#5623,1.E0);
#5626=ORIENTED_EDGE('',*,*,#5625,.T.);
#5628=ORIENTED_EDGE('',*,*,#5627,.T.);
#5630=ORIENTED_EDGE('',*,*,#5629,.F.);
#5632=ORIENTED_EDGE('',*,*,#5631,.T.);
#5633=EDGE_LOOP('',(#5626,#5628,#5630,#5632));
#5634=FACE_OUTER_BOUND('',#5633,.F.);
#5635=ADVANCED_FACE('',(#5634),#5624,.F.);
#5636=CARTESIAN_POINT('',(1.733227854601E0,2.E0,7.988406991247E0));
#5637=DIRECTION('',(5.150380749101E-1,0.E0,-8.571673007021E-1));
#5638=DIRECTION('',(8.571673007021E-1,0.E0,5.150380749101E-1));
#5639=AXIS2_PLACEMENT_3D('',#5636,#5637,#5638);
#5640=CYLINDRICAL_SURFACE('',#5639,1.E0);
#5642=ORIENTED_EDGE('',*,*,#5641,.T.);
#5644=ORIENTED_EDGE('',*,*,#5643,.T.);
#5646=ORIENTED_EDGE('',*,*,#5645,.F.);
#5648=ORIENTED_EDGE('',*,*,#5647,.T.);
#5649=EDGE_LOOP('',(#5642,#5644,#5646,#5648));
#5650=FACE_OUTER_BOUND('',#5649,.F.);
#5651=ADVANCED_FACE('',(#5650),#5640,.F.);
#5652=CARTESIAN_POINT('',(1.733227854601E0,2.E0,7.988406991247E0));
#5653=DIRECTION('',(5.150380749101E-1,0.E0,-8.571673007021E-1));
#5654=DIRECTION('',(8.571673007021E-1,0.E0,5.150380749101E-1));
#5655=AXIS2_PLACEMENT_3D('',#5652,#5653,#5654);
#5656=CYLINDRICAL_SURFACE('',#5655,1.E0);
#5657=ORIENTED_EDGE('',*,*,#5625,.F.);
#5659=ORIENTED_EDGE('',*,*,#5658,.T.);
#5660=ORIENTED_EDGE('',*,*,#5629,.T.);
#5662=ORIENTED_EDGE('',*,*,#5661,.T.);
#5663=EDGE_LOOP('',(#5657,#5659,#5660,#5662));
#5664=FACE_OUTER_BOUND('',#5663,.F.);
#5665=ADVANCED_FACE('',(#5664),#5656,.F.);
#5666=CARTESIAN_POINT('',(1.733227854601E0,2.E0,7.988406991247E0));
#5667=DIRECTION('',(5.150380749101E-1,0.E0,-8.571673007021E-1));
#5668=DIRECTION('',(8.571673007021E-1,0.E0,5.150380749101E-1));
#5669=AXIS2_PLACEMENT_3D('',#5666,#5667,#5668);
#5670=CYLINDRICAL_SURFACE('',#5669,1.E0);
#5671=ORIENTED_EDGE('',*,*,#5641,.F.);
#5673=ORIENTED_EDGE('',*,*,#5672,.T.);
#5674=ORIENTED_EDGE('',*,*,#5645,.T.);
#5676=ORIENTED_EDGE('',*,*,#5675,.F.);
#5677=EDGE_LOOP('',(#5671,#5673,#5674,#5676));
#5678=FACE_OUTER_BOUND('',#5677,.F.);
#5679=ADVANCED_FACE('',(#5678),#5670,.F.);
#5680=CARTESIAN_POINT('',(2.482465546837E0,2.E0,6.741466072656E0));
#5681=DIRECTION('',(5.150380749101E-1,0.E0,-8.571673007021E-1));
#5682=DIRECTION('',(8.571673007021E-1,0.E0,5.150380749101E-1));
#5683=AXIS2_PLACEMENT_3D('',#5680,#5681,#5682);
#5684=PLANE('',#5683);
#5685=ORIENTED_EDGE('',*,*,#5675,.T.);
#5686=ORIENTED_EDGE('',*,*,#5643,.F.);
#5687=EDGE_LOOP('',(#5685,#5686));
#5688=FACE_OUTER_BOUND('',#5687,.F.);
#5690=ORIENTED_EDGE('',*,*,#5689,.T.);
#5692=ORIENTED_EDGE('',*,*,#5691,.T.);
#5693=EDGE_LOOP('',(#5690,#5692));
#5694=FACE_BOUND('',#5693,.F.);
#5695=ADVANCED_FACE('',(#5688,#5694),#5684,.T.);
#5696=OPEN_SHELL('',(#5635,#5651,#5665,#5679,#5695));
#5698=CARTESIAN_POINT('',(5.656854249492E0,3.95E0,-5.656854249492E0));
#5699=DIRECTION('',(0.E0,-1.E0,0.E0));
#5700=DIRECTION('',(-7.071067811865E-1,0.E0,-7.071067811865E-1));
#5701=AXIS2_PLACEMENT_3D('',#5698,#5699,#5700);
#5703=CARTESIAN_POINT('',(5.656854249492E0,0.E0,-5.656854249492E0));
#5704=DIRECTION('',(0.E0,1.E0,0.E0));
#5705=DIRECTION('',(7.071067811865E-1,0.E0,7.071067811865E-1));
#5706=AXIS2_PLACEMENT_3D('',#5703,#5704,#5705);
#5708=CARTESIAN_POINT('',(6.609841139589E0,0.E0,-5.959865779479E0));
#5709=CARTESIAN_POINT('',(6.589493797135E0,2.774153040961E-2,
-6.023859220940E0));
#5710=CARTESIAN_POINT('',(6.536443352699E0,7.115957995494E-2,
-6.145607175475E0));
#5711=CARTESIAN_POINT('',(6.428482742995E0,1.016009856522E-1,
-6.301985398934E0));
#5712=CARTESIAN_POINT('',(6.296764385404E0,1.009437648259E-1,
-6.432656995449E0));
#5713=CARTESIAN_POINT('',(6.142446767773E0,7.010807083187E-2,
-6.537936256079E0));
#5714=CARTESIAN_POINT('',(6.022657111702E0,2.722040903810E-2,
-6.589876019560E0));
#5715=CARTESIAN_POINT('',(5.959865779479E0,0.E0,-6.609841139589E0));
#5717=CARTESIAN_POINT('',(5.656854249492E0,0.E0,-5.656854249492E0));
#5718=DIRECTION('',(0.E0,1.E0,0.E0));
#5719=DIRECTION('',(3.030115299863E-1,0.E0,-9.529868900963E-1));
#5720=AXIS2_PLACEMENT_3D('',#5717,#5718,#5719);
#5722=CARTESIAN_POINT('',(5.656854249492E0,3.95E0,-5.656854249492E0));
#5723=DIRECTION('',(0.E0,-1.E0,0.E0));
#5724=DIRECTION('',(7.071067811865E-1,0.E0,7.071067811865E-1));
#5725=AXIS2_PLACEMENT_3D('',#5722,#5723,#5724);
#5727=DIRECTION('',(0.E0,-1.E0,0.E0));
#5728=VECTOR('',#5727,3.95E0);
#5729=CARTESIAN_POINT('',(4.949747468306E0,3.95E0,-6.363961030679E0));
#5730=LINE('',#5729,#5728);
#5731=CARTESIAN_POINT('',(5.656854249492E0,0.E0,-5.656854249492E0));
#5732=DIRECTION('',(0.E0,1.E0,0.E0));
#5733=DIRECTION('',(-7.071067811865E-1,0.E0,-7.071067811865E-1));
#5734=AXIS2_PLACEMENT_3D('',#5731,#5732,#5733);
#5736=DIRECTION('',(0.E0,-1.E0,0.E0));
#5737=VECTOR('',#5736,3.95E0);
#5738=CARTESIAN_POINT('',(6.363961030679E0,3.95E0,-4.949747468306E0));
#5739=LINE('',#5738,#5737);
#5740=CARTESIAN_POINT('',(6.363961030679E0,3.95E0,-4.949747468306E0));
#5741=CARTESIAN_POINT('',(4.949747468306E0,3.95E0,-6.363961030679E0));
#5742=VERTEX_POINT('',#5740);
#5743=VERTEX_POINT('',#5741);
#5744=CARTESIAN_POINT('',(6.363961030679E0,0.E0,-4.949747468306E0));
#5745=CARTESIAN_POINT('',(6.609841139589E0,0.E0,-5.959865779479E0));
#5746=VERTEX_POINT('',#5744);
#5747=VERTEX_POINT('',#5745);
#5748=CARTESIAN_POINT('',(5.959865779479E0,0.E0,-6.609841139589E0));
#5749=CARTESIAN_POINT('',(4.949747468306E0,0.E0,-6.363961030679E0));
#5750=VERTEX_POINT('',#5748);
#5751=VERTEX_POINT('',#5749);
#5752=CARTESIAN_POINT('',(5.656854249492E0,-1.1345E0,-5.656854249492E0));
#5753=DIRECTION('',(0.E0,1.E0,0.E0));
#5754=DIRECTION('',(7.071067811865E-1,0.E0,7.071067811865E-1));
#5755=AXIS2_PLACEMENT_3D('',#5752,#5753,#5754);
#5756=CYLINDRICAL_SURFACE('',#5755,1.E0);
#5758=ORIENTED_EDGE('',*,*,#5757,.T.);
#5760=ORIENTED_EDGE('',*,*,#5759,.T.);
#5762=ORIENTED_EDGE('',*,*,#5761,.T.);
#5764=ORIENTED_EDGE('',*,*,#5763,.T.);
#5766=ORIENTED_EDGE('',*,*,#5765,.T.);
#5768=ORIENTED_EDGE('',*,*,#5767,.F.);
#5769=EDGE_LOOP('',(#5758,#5760,#5762,#5764,#5766,#5768));
#5770=FACE_OUTER_BOUND('',#5769,.F.);
#5771=ADVANCED_FACE('',(#5770),#5756,.F.);
#5772=CARTESIAN_POINT('',(5.656854249492E0,-1.1345E0,-5.656854249492E0));
#5773=DIRECTION('',(0.E0,1.E0,0.E0));
#5774=DIRECTION('',(7.071067811865E-1,0.E0,7.071067811865E-1));
#5775=AXIS2_PLACEMENT_3D('',#5772,#5773,#5774);
#5776=CYLINDRICAL_SURFACE('',#5775,1.E0);
#5778=ORIENTED_EDGE('',*,*,#5777,.T.);
#5779=ORIENTED_EDGE('',*,*,#5767,.T.);
#5781=ORIENTED_EDGE('',*,*,#5780,.T.);
#5782=ORIENTED_EDGE('',*,*,#5759,.F.);
#5783=EDGE_LOOP('',(#5778,#5779,#5781,#5782));
#5784=FACE_OUTER_BOUND('',#5783,.F.);
#5785=ADVANCED_FACE('',(#5784),#5776,.F.);
#5786=OPEN_SHELL('',(#5771,#5785));
#5787=MANIFOLD_SOLID_BREP('',#4977);
#5788=SHELL_BASED_SURFACE_MODEL('',(#5074,#5164,#5262,#5352,#5442,#5532,#5696,
#5786));
#5790=DIMENSIONAL_EXPONENTS(0.E0,0.E0,0.E0,0.E0,0.E0,0.E0,0.E0);
#5792=PLANE_ANGLE_MEASURE_WITH_UNIT(PLANE_ANGLE_MEASURE(1.745329251994E-2),
#5791);
#5793=(CONVERSION_BASED_UNIT('DEGREE',#5792)NAMED_UNIT(*)PLANE_ANGLE_UNIT());
#5795=UNCERTAINTY_MEASURE_WITH_UNIT(LENGTH_MEASURE(2.801256464404E-3),#5789,
'closure',
'Maximum model space distance between geometric entities at asserted connectivities');
#5796=(GEOMETRIC_REPRESENTATION_CONTEXT(3)GLOBAL_UNCERTAINTY_ASSIGNED_CONTEXT((
#5795))GLOBAL_UNIT_ASSIGNED_CONTEXT((#5789,#5793,#5794))REPRESENTATION_CONTEXT(
'ID1','3'));
#5797=CARTESIAN_POINT('',(0.E0,0.E0,0.E0));
#5798=DIRECTION('',(0.E0,0.E0,1.E0));
#5799=DIRECTION('',(1.E0,0.E0,0.E0));
#5802=CARTESIAN_POINT('',(0.E0,0.E0,0.E0));
#5803=DIRECTION('',(0.E0,0.E0,1.E0));
#5804=DIRECTION('',(1.E0,0.E0,0.E0));
#5807=CARTESIAN_POINT('',(0.E0,0.E0,0.E0));
#5808=DIRECTION('',(0.E0,0.E0,1.E0));
#5809=DIRECTION('',(1.E0,0.E0,0.E0));
#5812=SHAPE_REPRESENTATION_RELATIONSHIP('','',#5811,#5801);
#5813=SHAPE_REPRESENTATION_RELATIONSHIP('','',#5811,#5806);
#5814=APPLICATION_CONTEXT(
'CONFIGURATION CONTROLLED 3D DESIGNS OF MECHANICAL PARTS AND ASSEMBLIES');
#5815=APPLICATION_PROTOCOL_DEFINITION('international standard',
'config_control_design',1994,#5814);
#5816=DESIGN_CONTEXT('',#5814,'design');
#5817=MECHANICAL_CONTEXT('',#5814,'mechanical');
#5818=PRODUCT('HN12_C101','HN12_C101','NOT SPECIFIED',(#5817));
#5819=PRODUCT_DEFINITION_FORMATION_WITH_SPECIFIED_SOURCE('44','LAST_VERSION',
#5818,.MADE.);
#5828=CARTESIAN_POINT('',(0.E0,0.E0,0.E0));
#5829=DIRECTION('',(0.E0,0.E0,1.E0));
#5830=DIRECTION('',(1.E0,0.E0,0.E0));
#5831=AXIS2_PLACEMENT_3D('',#5828,#5829,#5830);
#5832=ITEM_DEFINED_TRANSFORMATION('','',#5810,#5831);
#5833=(REPRESENTATION_RELATIONSHIP('','',#5811,#5825)REPRESENTATION_RELATIONSHIP_WITH_TRANSFORMATION(#5832)SHAPE_REPRESENTATION_RELATIONSHIP());
#5834=CONTEXT_DEPENDENT_SHAPE_REPRESENTATION(#5833,#5827);
#5836=CARTESIAN_POINT('',(0.E0,0.E0,-8.E0));
#5837=DIRECTION('',(0.E0,0.E0,1.E0));
#5838=DIRECTION('',(-1.E0,0.E0,0.E0));
#5839=AXIS2_PLACEMENT_3D('',#5836,#5837,#5838);
#5841=CARTESIAN_POINT('',(0.E0,0.E0,-8.E0));
#5842=DIRECTION('',(0.E0,0.E0,1.E0));
#5843=DIRECTION('',(1.E0,0.E0,0.E0));
#5844=AXIS2_PLACEMENT_3D('',#5841,#5842,#5843);
#5846=CARTESIAN_POINT('',(0.E0,0.E0,-7.8E0));
#5847=DIRECTION('',(0.E0,0.E0,-1.E0));
#5848=DIRECTION('',(0.E0,-1.E0,0.E0));
#5849=AXIS2_PLACEMENT_3D('',#5846,#5847,#5848);
#5851=CARTESIAN_POINT('',(0.E0,0.E0,-7.8E0));
#5852=DIRECTION('',(0.E0,0.E0,-1.E0));
#5853=DIRECTION('',(1.E0,0.E0,0.E0));
#5854=AXIS2_PLACEMENT_3D('',#5851,#5852,#5853);
#5856=DIRECTION('',(-7.071067811865E-1,0.E0,-7.071067811865E-1));
#5857=VECTOR('',#5856,2.828427124746E-1);
#5858=CARTESIAN_POINT('',(1.E0,0.E0,-7.8E0));
#5859=LINE('',#5858,#5857);
#5860=CARTESIAN_POINT('',(0.E0,0.E0,-7.8E0));
#5861=DIRECTION('',(0.E0,0.E0,-1.E0));
#5862=DIRECTION('',(0.E0,1.E0,0.E0));
#5863=AXIS2_PLACEMENT_3D('',#5860,#5861,#5862);
#5865=CARTESIAN_POINT('',(0.E0,0.E0,-7.8E0));
#5866=DIRECTION('',(0.E0,0.E0,-1.E0));
#5867=DIRECTION('',(-1.E0,0.E0,0.E0));
#5868=AXIS2_PLACEMENT_3D('',#5865,#5866,#5867);
#5870=DIRECTION('',(7.071067811865E-1,0.E0,-7.071067811865E-1));
#5871=VECTOR('',#5870,2.828427124746E-1);
#5872=CARTESIAN_POINT('',(-1.E0,0.E0,-7.8E0));
#5873=LINE('',#5872,#5871);
#5874=DIRECTION('',(0.E0,0.E0,1.E0));
#5875=VECTOR('',#5874,7.8E0);
#5876=CARTESIAN_POINT('',(0.E0,1.E0,-7.8E0));
#5877=LINE('',#5876,#5875);
#5878=DIRECTION('',(0.E0,0.E0,1.E0));
#5879=VECTOR('',#5878,7.8E0);
#5880=CARTESIAN_POINT('',(0.E0,-1.E0,-7.8E0));
#5881=LINE('',#5880,#5879);
#5882=CARTESIAN_POINT('',(0.E0,0.E0,0.E0));
#5883=DIRECTION('',(0.E0,0.E0,-1.E0));
#5884=DIRECTION('',(0.E0,1.E0,0.E0));
#5885=AXIS2_PLACEMENT_3D('',#5882,#5883,#5884);
#5887=CARTESIAN_POINT('',(0.E0,0.E0,0.E0));
#5888=DIRECTION('',(0.E0,0.E0,1.E0));
#5889=DIRECTION('',(0.E0,1.E0,0.E0));
#5890=AXIS2_PLACEMENT_3D('',#5887,#5888,#5889);
#5892=DIRECTION('',(0.E0,0.E0,1.E0));
#5893=VECTOR('',#5892,1.9E0);
#5894=CARTESIAN_POINT('',(0.E0,-1.9E0,0.E0));
#5895=LINE('',#5894,#5893);
#5896=CARTESIAN_POINT('',(0.E0,0.E0,0.E0));
#5897=DIRECTION('',(0.E0,0.E0,1.E0));
#5898=DIRECTION('',(0.E0,1.E0,0.E0));
#5899=AXIS2_PLACEMENT_3D('',#5896,#5897,#5898);
#5901=DIRECTION('',(0.E0,0.E0,1.E0));
#5902=VECTOR('',#5901,1.9E0);
#5903=CARTESIAN_POINT('',(0.E0,1.9E0,0.E0));
#5904=LINE('',#5903,#5902);
#5905=CARTESIAN_POINT('',(0.E0,0.E0,1.9E0));
#5906=DIRECTION('',(0.E0,0.E0,-1.E0));
#5907=DIRECTION('',(1.E0,0.E0,0.E0));
#5908=AXIS2_PLACEMENT_3D('',#5905,#5906,#5907);
#5910=CARTESIAN_POINT('',(0.E0,0.E0,1.9E0));
#5911=DIRECTION('',(0.E0,0.E0,-1.E0));
#5912=DIRECTION('',(0.E0,-1.E0,0.E0));
#5913=AXIS2_PLACEMENT_3D('',#5910,#5911,#5912);
#5915=CARTESIAN_POINT('',(0.E0,0.E0,0.E0));
#5916=DIRECTION('',(0.E0,0.E0,-1.E0));
#5917=DIRECTION('',(0.E0,1.E0,0.E0));
#5918=AXIS2_PLACEMENT_3D('',#5915,#5916,#5917);
#5920=CARTESIAN_POINT('',(0.E0,0.E0,1.9E0));
#5921=DIRECTION('',(0.E0,0.E0,-1.E0));
#5922=DIRECTION('',(0.E0,1.E0,0.E0));
#5923=AXIS2_PLACEMENT_3D('',#5920,#5921,#5922);
#5925=DIRECTION('',(8.660254037844E-1,0.E0,-5.E-1));
#5926=VECTOR('',#5925,2.E-1);
#5927=CARTESIAN_POINT('',(1.726794919243E0,0.E0,2.E0));
#5928=LINE('',#5927,#5926);
#5929=DIRECTION('',(-8.660254037844E-1,0.E0,-5.E-1));
#5930=VECTOR('',#5929,2.E-1);
#5931=CARTESIAN_POINT('',(-1.726794919243E0,0.E0,2.E0));
#5932=LINE('',#5931,#5930);
#5933=CARTESIAN_POINT('',(0.E0,0.E0,1.9E0));
#5934=DIRECTION('',(0.E0,0.E0,-1.E0));
#5935=DIRECTION('',(-1.E0,0.E0,0.E0));
#5936=AXIS2_PLACEMENT_3D('',#5933,#5934,#5935);
#5938=DIRECTION('',(-8.660254037844E-1,-5.E-1,0.E0));
#5939=VECTOR('',#5938,8.660254037844E-1);
#5940=CARTESIAN_POINT('',(0.E0,8.660254037844E-1,2.E0));
#5941=LINE('',#5940,#5939);
#5942=DIRECTION('',(0.E0,-1.E0,0.E0));
#5943=VECTOR('',#5942,8.660254037844E-1);
#5944=CARTESIAN_POINT('',(-7.5E-1,4.330127018922E-1,2.E0));
#5945=LINE('',#5944,#5943);
#5946=DIRECTION('',(8.660254037844E-1,-5.E-1,0.E0));
#5947=VECTOR('',#5946,8.660254037844E-1);
#5948=CARTESIAN_POINT('',(-7.5E-1,-4.330127018922E-1,2.E0));
#5949=LINE('',#5948,#5947);
#5950=DIRECTION('',(8.660254037844E-1,5.E-1,0.E0));
#5951=VECTOR('',#5950,8.660254037844E-1);
#5952=CARTESIAN_POINT('',(0.E0,-8.660254037844E-1,2.E0));
#5953=LINE('',#5952,#5951);
#5954=DIRECTION('',(0.E0,1.E0,0.E0));
#5955=VECTOR('',#5954,8.660254037844E-1);
#5956=CARTESIAN_POINT('',(7.5E-1,-4.330127018922E-1,2.E0));
#5957=LINE('',#5956,#5955);
#5958=DIRECTION('',(-8.660254037844E-1,5.E-1,0.E0));
#5959=VECTOR('',#5958,8.660254037844E-1);
#5960=CARTESIAN_POINT('',(7.5E-1,4.330127018922E-1,2.E0));
#5961=LINE('',#5960,#5959);
#5962=CARTESIAN_POINT('',(0.E0,0.E0,2.E0));
#5963=DIRECTION('',(0.E0,0.E0,1.E0));
#5964=DIRECTION('',(-1.E0,0.E0,0.E0));
#5965=AXIS2_PLACEMENT_3D('',#5962,#5963,#5964);
#5967=CARTESIAN_POINT('',(0.E0,0.E0,2.E0));
#5968=DIRECTION('',(0.E0,0.E0,1.E0));
#5969=DIRECTION('',(1.E0,0.E0,0.E0));
#5970=AXIS2_PLACEMENT_3D('',#5967,#5968,#5969);
#5972=DIRECTION('',(0.E0,0.E0,-1.E0));
#5973=VECTOR('',#5972,1.E0);
#5974=CARTESIAN_POINT('',(0.E0,8.660254037844E-1,2.E0));
#5975=LINE('',#5974,#5973);
#5976=DIRECTION('',(0.E0,0.E0,-1.E0));
#5977=VECTOR('',#5976,1.E0);
#5978=CARTESIAN_POINT('',(7.5E-1,4.330127018922E-1,2.E0));
#5979=LINE('',#5978,#5977);
#5980=DIRECTION('',(0.E0,0.E0,-1.E0));
#5981=VECTOR('',#5980,1.E0);
#5982=CARTESIAN_POINT('',(7.5E-1,-4.330127018922E-1,2.E0));
#5983=LINE('',#5982,#5981);
#5984=DIRECTION('',(0.E0,0.E0,-1.E0));
#5985=VECTOR('',#5984,1.E0);
#5986=CARTESIAN_POINT('',(0.E0,-8.660254037844E-1,2.E0));
#5987=LINE('',#5986,#5985);
#5988=DIRECTION('',(0.E0,0.E0,-1.E0));
#5989=VECTOR('',#5988,1.E0);
#5990=CARTESIAN_POINT('',(-7.5E-1,-4.330127018922E-1,2.E0));
#5991=LINE('',#5990,#5989);
#5992=DIRECTION('',(0.E0,0.E0,-1.E0));
#5993=VECTOR('',#5992,1.E0);
#5994=CARTESIAN_POINT('',(-7.5E-1,4.330127018922E-1,2.E0));
#5995=LINE('',#5994,#5993);
#5996=DIRECTION('',(-8.660254037844E-1,-5.E-1,0.E0));
#5997=VECTOR('',#5996,8.660254037844E-1);
#5998=CARTESIAN_POINT('',(0.E0,8.660254037844E-1,1.E0));
#5999=LINE('',#5998,#5997);
#6000=DIRECTION('',(-8.660254037844E-1,5.E-1,0.E0));
#6001=VECTOR('',#6000,8.660254037844E-1);
#6002=CARTESIAN_POINT('',(7.5E-1,4.330127018922E-1,1.E0));
#6003=LINE('',#6002,#6001);
#6004=DIRECTION('',(0.E0,1.E0,0.E0));
#6005=VECTOR('',#6004,8.660254037844E-1);
#6006=CARTESIAN_POINT('',(7.5E-1,-4.330127018922E-1,1.E0));
#6007=LINE('',#6006,#6005);
#6008=DIRECTION('',(8.660254037844E-1,5.E-1,0.E0));
#6009=VECTOR('',#6008,8.660254037844E-1);
#6010=CARTESIAN_POINT('',(0.E0,-8.660254037844E-1,1.E0));
#6011=LINE('',#6010,#6009);
#6012=DIRECTION('',(8.660254037844E-1,-5.E-1,0.E0));
#6013=VECTOR('',#6012,8.660254037844E-1);
#6014=CARTESIAN_POINT('',(-7.5E-1,-4.330127018922E-1,1.E0));
#6015=LINE('',#6014,#6013);
#6016=DIRECTION('',(0.E0,-1.E0,0.E0));
#6017=VECTOR('',#6016,8.660254037844E-1);
#6018=CARTESIAN_POINT('',(-7.5E-1,4.330127018922E-1,1.E0));
#6019=LINE('',#6018,#6017);
#6020=CARTESIAN_POINT('',(0.E0,1.E0,0.E0));
#6021=CARTESIAN_POINT('',(0.E0,-1.E0,0.E0));
#6022=VERTEX_POINT('',#6020);
#6023=VERTEX_POINT('',#6021);
#6024=CARTESIAN_POINT('',(0.E0,1.9E0,0.E0));
#6025=CARTESIAN_POINT('',(0.E0,-1.9E0,0.E0));
#6026=VERTEX_POINT('',#6024);
#6027=VERTEX_POINT('',#6025);
#6028=CARTESIAN_POINT('',(0.E0,8.660254037844E-1,1.E0));
#6029=CARTESIAN_POINT('',(-7.5E-1,4.330127018922E-1,1.E0));
#6030=VERTEX_POINT('',#6028);
#6031=VERTEX_POINT('',#6029);
#6032=CARTESIAN_POINT('',(-7.5E-1,-4.330127018922E-1,1.E0));
#6033=VERTEX_POINT('',#6032);
#6034=CARTESIAN_POINT('',(0.E0,-8.660254037844E-1,1.E0));
#6035=VERTEX_POINT('',#6034);
#6036=CARTESIAN_POINT('',(7.5E-1,-4.330127018922E-1,1.E0));
#6037=VERTEX_POINT('',#6036);
#6038=CARTESIAN_POINT('',(7.5E-1,4.330127018922E-1,1.E0));
#6039=VERTEX_POINT('',#6038);
#6040=CARTESIAN_POINT('',(0.E0,8.660254037844E-1,2.E0));
#6041=CARTESIAN_POINT('',(-7.5E-1,4.330127018922E-1,2.E0));
#6042=VERTEX_POINT('',#6040);
#6043=VERTEX_POINT('',#6041);
#6044=CARTESIAN_POINT('',(-7.5E-1,-4.330127018922E-1,2.E0));
#6045=VERTEX_POINT('',#6044);
#6046=CARTESIAN_POINT('',(0.E0,-8.660254037844E-1,2.E0));
#6047=VERTEX_POINT('',#6046);
#6048=CARTESIAN_POINT('',(7.5E-1,-4.330127018922E-1,2.E0));
#6049=VERTEX_POINT('',#6048);
#6050=CARTESIAN_POINT('',(7.5E-1,4.330127018922E-1,2.E0));
#6051=VERTEX_POINT('',#6050);
#6052=CARTESIAN_POINT('',(1.9E0,0.E0,1.9E0));
#6053=CARTESIAN_POINT('',(0.E0,-1.9E0,1.9E0));
#6054=VERTEX_POINT('',#6052);
#6055=VERTEX_POINT('',#6053);
#6056=CARTESIAN_POINT('',(0.E0,1.9E0,1.9E0));
#6057=VERTEX_POINT('',#6056);
#6058=CARTESIAN_POINT('',(-1.726794919243E0,0.E0,2.E0));
#6059=CARTESIAN_POINT('',(1.726794919243E0,0.E0,2.E0));
#6060=VERTEX_POINT('',#6058);
#6061=VERTEX_POINT('',#6059);
#6062=CARTESIAN_POINT('',(-1.9E0,0.E0,1.9E0));
#6063=VERTEX_POINT('',#6062);
#6064=CARTESIAN_POINT('',(-8.E-1,0.E0,-8.E0));
#6065=CARTESIAN_POINT('',(8.E-1,0.E0,-8.E0));
#6066=VERTEX_POINT('',#6064);
#6067=VERTEX_POINT('',#6065);
#6068=CARTESIAN_POINT('',(1.E0,0.E0,-7.8E0));
#6069=CARTESIAN_POINT('',(0.E0,-1.E0,-7.8E0));
#6070=VERTEX_POINT('',#6068);
#6071=VERTEX_POINT('',#6069);
#6072=CARTESIAN_POINT('',(0.E0,1.E0,-7.8E0));
#6073=VERTEX_POINT('',#6072);
#6074=CARTESIAN_POINT('',(-1.E0,0.E0,-7.8E0));
#6075=VERTEX_POINT('',#6074);
#6076=CARTESIAN_POINT('',(0.E0,0.E0,-8.E0));
#6077=DIRECTION('',(0.E0,0.E0,-1.E0));
#6078=DIRECTION('',(0.E0,-1.E0,0.E0));
#6079=AXIS2_PLACEMENT_3D('',#6076,#6077,#6078);
#6080=PLANE('',#6079);
#6082=ORIENTED_EDGE('',*,*,#6081,.T.);
#6084=ORIENTED_EDGE('',*,*,#6083,.T.);
#6085=EDGE_LOOP('',(#6082,#6084));
#6086=FACE_OUTER_BOUND('',#6085,.F.);
#6087=ADVANCED_FACE('',(#6086),#6080,.T.);
#6088=CARTESIAN_POINT('',(0.E0,0.E0,-7.9E0));
#6089=DIRECTION('',(0.E0,0.E0,1.E0));
#6090=DIRECTION('',(-1.E0,0.E0,0.E0));
#6091=AXIS2_PLACEMENT_3D('',#6088,#6089,#6090);
#6092=CONICAL_SURFACE('',#6091,9.E-1,4.5E1);
#6093=ORIENTED_EDGE('',*,*,#6081,.F.);
#6095=ORIENTED_EDGE('',*,*,#6094,.F.);
#6097=ORIENTED_EDGE('',*,*,#6096,.F.);
#6099=ORIENTED_EDGE('',*,*,#6098,.F.);
#6101=ORIENTED_EDGE('',*,*,#6100,.T.);
#6102=EDGE_LOOP('',(#6093,#6095,#6097,#6099,#6101));
#6103=FACE_OUTER_BOUND('',#6102,.F.);
#6104=ADVANCED_FACE('',(#6103),#6092,.T.);
#6105=CARTESIAN_POINT('',(0.E0,0.E0,-7.9E0));
#6106=DIRECTION('',(0.E0,0.E0,1.E0));
#6107=DIRECTION('',(-1.E0,0.E0,0.E0));
#6108=AXIS2_PLACEMENT_3D('',#6105,#6106,#6107);
#6109=CONICAL_SURFACE('',#6108,9.E-1,4.5E1);
#6110=ORIENTED_EDGE('',*,*,#6083,.F.);
#6111=ORIENTED_EDGE('',*,*,#6100,.F.);
#6113=ORIENTED_EDGE('',*,*,#6112,.F.);
#6115=ORIENTED_EDGE('',*,*,#6114,.F.);
#6116=ORIENTED_EDGE('',*,*,#6094,.T.);
#6117=EDGE_LOOP('',(#6110,#6111,#6113,#6115,#6116));
#6118=FACE_OUTER_BOUND('',#6117,.F.);
#6119=ADVANCED_FACE('',(#6118),#6109,.T.);
#6120=CARTESIAN_POINT('',(0.E0,0.E0,2.5E0));
#6121=DIRECTION('',(0.E0,0.E0,-1.E0));
#6122=DIRECTION('',(0.E0,-1.E0,0.E0));
#6123=AXIS2_PLACEMENT_3D('',#6120,#6121,#6122);
#6124=CYLINDRICAL_SURFACE('',#6123,1.E0);
#6125=ORIENTED_EDGE('',*,*,#6098,.T.);
#6127=ORIENTED_EDGE('',*,*,#6126,.T.);
#6129=ORIENTED_EDGE('',*,*,#6128,.F.);
#6131=ORIENTED_EDGE('',*,*,#6130,.F.);
#6132=ORIENTED_EDGE('',*,*,#6112,.T.);
#6133=EDGE_LOOP('',(#6125,#6127,#6129,#6131,#6132));
#6134=FACE_OUTER_BOUND('',#6133,.F.);
#6135=ADVANCED_FACE('',(#6134),#6124,.T.);
#6136=CARTESIAN_POINT('',(0.E0,0.E0,2.5E0));
#6137=DIRECTION('',(0.E0,0.E0,-1.E0));
#6138=DIRECTION('',(0.E0,-1.E0,0.E0));
#6139=AXIS2_PLACEMENT_3D('',#6136,#6137,#6138);
#6140=CYLINDRICAL_SURFACE('',#6139,1.E0);
#6141=ORIENTED_EDGE('',*,*,#6096,.T.);
#6142=ORIENTED_EDGE('',*,*,#6114,.T.);
#6143=ORIENTED_EDGE('',*,*,#6130,.T.);
#6145=ORIENTED_EDGE('',*,*,#6144,.T.);
#6146=ORIENTED_EDGE('',*,*,#6126,.F.);
#6147=EDGE_LOOP('',(#6141,#6142,#6143,#6145,#6146));
#6148=FACE_OUTER_BOUND('',#6147,.F.);
#6149=ADVANCED_FACE('',(#6148),#6140,.T.);
#6150=CARTESIAN_POINT('',(0.E0,0.E0,0.E0));
#6151=DIRECTION('',(0.E0,0.E0,-1.E0));
#6152=DIRECTION('',(0.E0,-1.E0,0.E0));
#6153=AXIS2_PLACEMENT_3D('',#6150,#6151,#6152);
#6154=PLANE('',#6153);
#6156=ORIENTED_EDGE('',*,*,#6155,.T.);
#6158=ORIENTED_EDGE('',*,*,#6157,.F.);
#6159=EDGE_LOOP('',(#6156,#6158));
#6160=FACE_OUTER_BOUND('',#6159,.F.);
#6161=ORIENTED_EDGE('',*,*,#6128,.T.);
#6162=ORIENTED_EDGE('',*,*,#6144,.F.);
#6163=EDGE_LOOP('',(#6161,#6162));
#6164=FACE_BOUND('',#6163,.F.);
#6165=ADVANCED_FACE('',(#6160,#6164),#6154,.T.);
#6166=CARTESIAN_POINT('',(0.E0,0.E0,2.5E0));
#6167=DIRECTION('',(0.E0,0.E0,-1.E0));
#6168=DIRECTION('',(0.E0,-1.E0,0.E0));
#6169=AXIS2_PLACEMENT_3D('',#6166,#6167,#6168);
#6170=CYLINDRICAL_SURFACE('',#6169,1.9E0);
#6172=ORIENTED_EDGE('',*,*,#6171,.F.);
#6174=ORIENTED_EDGE('',*,*,#6173,.F.);
#6175=ORIENTED_EDGE('',*,*,#6155,.F.);
#6177=ORIENTED_EDGE('',*,*,#6176,.T.);
#6179=ORIENTED_EDGE('',*,*,#6178,.F.);
#6180=EDGE_LOOP('',(#6172,#6174,#6175,#6177,#6179));
#6181=FACE_OUTER_BOUND('',#6180,.F.);
#6182=ADVANCED_FACE('',(#6181),#6170,.T.);
#6183=CARTESIAN_POINT('',(0.E0,0.E0,1.95E0));
#6184=DIRECTION('',(0.E0,0.E0,-1.E0));
#6185=DIRECTION('',(1.E0,0.E0,0.E0));
#6186=AXIS2_PLACEMENT_3D('',#6183,#6184,#6185);
#6187=CONICAL_SURFACE('',#6186,1.813397459622E0,6.E1);
#6189=ORIENTED_EDGE('',*,*,#6188,.T.);
#6190=ORIENTED_EDGE('',*,*,#6171,.T.);
#6192=ORIENTED_EDGE('',*,*,#6191,.F.);
#6194=ORIENTED_EDGE('',*,*,#6193,.T.);
#6196=ORIENTED_EDGE('',*,*,#6195,.T.);
#6197=EDGE_LOOP('',(#6189,#6190,#6192,#6194,#6196));
#6198=FACE_OUTER_BOUND('',#6197,.F.);
#6199=ADVANCED_FACE('',(#6198),#6187,.T.);
#6200=CARTESIAN_POINT('',(0.E0,0.E0,2.5E0));
#6201=DIRECTION('',(0.E0,0.E0,-1.E0));
#6202=DIRECTION('',(0.E0,-1.E0,0.E0));
#6203=AXIS2_PLACEMENT_3D('',#6200,#6201,#6202);
#6204=CYLINDRICAL_SURFACE('',#6203,1.9E0);
#6205=ORIENTED_EDGE('',*,*,#6188,.F.);
#6207=ORIENTED_EDGE('',*,*,#6206,.F.);
#6208=ORIENTED_EDGE('',*,*,#6176,.F.);
#6209=ORIENTED_EDGE('',*,*,#6157,.T.);
#6210=ORIENTED_EDGE('',*,*,#6173,.T.);
#6211=EDGE_LOOP('',(#6205,#6207,#6208,#6209,#6210));
#6212=FACE_OUTER_BOUND('',#6211,.F.);
#6213=ADVANCED_FACE('',(#6212),#6204,.T.);
#6214=CARTESIAN_POINT('',(0.E0,0.E0,1.95E0));
#6215=DIRECTION('',(0.E0,0.E0,-1.E0));
#6216=DIRECTION('',(1.E0,0.E0,0.E0));
#6217=AXIS2_PLACEMENT_3D('',#6214,#6215,#6216);
#6218=CONICAL_SURFACE('',#6217,1.813397459622E0,6.E1);
#6219=ORIENTED_EDGE('',*,*,#6206,.T.);
#6220=ORIENTED_EDGE('',*,*,#6195,.F.);
#6222=ORIENTED_EDGE('',*,*,#6221,.T.);
#6223=ORIENTED_EDGE('',*,*,#6191,.T.);
#6224=ORIENTED_EDGE('',*,*,#6178,.T.);
#6225=EDGE_LOOP('',(#6219,#6220,#6222,#6223,#6224));
#6226=FACE_OUTER_BOUND('',#6225,.F.);
#6227=ADVANCED_FACE('',(#6226),#6218,.T.);
#6228=CARTESIAN_POINT('',(0.E0,0.E0,2.E0));
#6229=DIRECTION('',(0.E0,0.E0,-1.E0));
#6230=DIRECTION('',(0.E0,-1.E0,0.E0));
#6231=AXIS2_PLACEMENT_3D('',#6228,#6229,#6230);
#6232=PLANE('',#6231);
#6233=ORIENTED_EDGE('',*,*,#6193,.F.);
#6234=ORIENTED_EDGE('',*,*,#6221,.F.);
#6235=EDGE_LOOP('',(#6233,#6234));
#6236=FACE_OUTER_BOUND('',#6235,.F.);
#6238=ORIENTED_EDGE('',*,*,#6237,.T.);
#6240=ORIENTED_EDGE('',*,*,#6239,.T.);
#6242=ORIENTED_EDGE('',*,*,#6241,.T.);
#6244=ORIENTED_EDGE('',*,*,#6243,.T.);
#6246=ORIENTED_EDGE('',*,*,#6245,.T.);
#6248=ORIENTED_EDGE('',*,*,#6247,.T.);
#6249=EDGE_LOOP('',(#6238,#6240,#6242,#6244,#6246,#6248));
#6250=FACE_BOUND('',#6249,.F.);
#6251=ADVANCED_FACE('',(#6236,#6250),#6232,.F.);
#6252=CARTESIAN_POINT('',(0.E0,8.660254037844E-1,2.E0));
#6253=DIRECTION('',(-5.E-1,8.660254037844E-1,0.E0));
#6254=DIRECTION('',(-8.660254037844E-1,-5.E-1,0.E0));
#6255=AXIS2_PLACEMENT_3D('',#6252,#6253,#6254);
#6256=PLANE('',#6255);
#6257=ORIENTED_EDGE('',*,*,#6237,.F.);
#6259=ORIENTED_EDGE('',*,*,#6258,.T.);
#6261=ORIENTED_EDGE('',*,*,#6260,.T.);
#6263=ORIENTED_EDGE('',*,*,#6262,.F.);
#6264=EDGE_LOOP('',(#6257,#6259,#6261,#6263));
#6265=FACE_OUTER_BOUND('',#6264,.F.);
#6266=ADVANCED_FACE('',(#6265),#6256,.F.);
#6267=CARTESIAN_POINT('',(7.5E-1,4.330127018922E-1,2.E0));
#6268=DIRECTION('',(5.E-1,8.660254037844E-1,0.E0));
#6269=DIRECTION('',(-8.660254037844E-1,5.E-1,0.E0));
#6270=AXIS2_PLACEMENT_3D('',#6267,#6268,#6269);
#6271=PLANE('',#6270);
#6272=ORIENTED_EDGE('',*,*,#6247,.F.);
#6274=ORIENTED_EDGE('',*,*,#6273,.T.);
#6276=ORIENTED_EDGE('',*,*,#6275,.T.);
#6277=ORIENTED_EDGE('',*,*,#6258,.F.);
#6278=EDGE_LOOP('',(#6272,#6274,#6276,#6277));
#6279=FACE_OUTER_BOUND('',#6278,.F.);
#6280=ADVANCED_FACE('',(#6279),#6271,.F.);
#6281=CARTESIAN_POINT('',(7.5E-1,-4.330127018922E-1,2.E0));
#6282=DIRECTION('',(1.E0,0.E0,0.E0));
#6283=DIRECTION('',(0.E0,1.E0,0.E0));
#6284=AXIS2_PLACEMENT_3D('',#6281,#6282,#6283);
#6285=PLANE('',#6284);
#6286=ORIENTED_EDGE('',*,*,#6245,.F.);
#6288=ORIENTED_EDGE('',*,*,#6287,.T.);
#6290=ORIENTED_EDGE('',*,*,#6289,.T.);
#6291=ORIENTED_EDGE('',*,*,#6273,.F.);
#6292=EDGE_LOOP('',(#6286,#6288,#6290,#6291));
#6293=FACE_OUTER_BOUND('',#6292,.F.);
#6294=ADVANCED_FACE('',(#6293),#6285,.F.);
#6295=CARTESIAN_POINT('',(0.E0,-8.660254037844E-1,2.E0));
#6296=DIRECTION('',(5.E-1,-8.660254037844E-1,0.E0));
#6297=DIRECTION('',(8.660254037844E-1,5.E-1,0.E0));
#6298=AXIS2_PLACEMENT_3D('',#6295,#6296,#6297);
#6299=PLANE('',#6298);
#6300=ORIENTED_EDGE('',*,*,#6243,.F.);
#6302=ORIENTED_EDGE('',*,*,#6301,.T.);
#6304=ORIENTED_EDGE('',*,*,#6303,.T.);
#6305=ORIENTED_EDGE('',*,*,#6287,.F.);
#6306=EDGE_LOOP('',(#6300,#6302,#6304,#6305));
#6307=FACE_OUTER_BOUND('',#6306,.F.);
#6308=ADVANCED_FACE('',(#6307),#6299,.F.);
#6309=CARTESIAN_POINT('',(-7.5E-1,-4.330127018922E-1,2.E0));
#6310=DIRECTION('',(-5.E-1,-8.660254037844E-1,0.E0));
#6311=DIRECTION('',(8.660254037844E-1,-5.E-1,0.E0));
#6312=AXIS2_PLACEMENT_3D('',#6309,#6310,#6311);
#6313=PLANE('',#6312);
#6314=ORIENTED_EDGE('',*,*,#6241,.F.);
#6316=ORIENTED_EDGE('',*,*,#6315,.T.);
#6318=ORIENTED_EDGE('',*,*,#6317,.T.);
#6319=ORIENTED_EDGE('',*,*,#6301,.F.);
#6320=EDGE_LOOP('',(#6314,#6316,#6318,#6319));
#6321=FACE_OUTER_BOUND('',#6320,.F.);
#6322=ADVANCED_FACE('',(#6321),#6313,.F.);
#6323=CARTESIAN_POINT('',(-7.5E-1,4.330127018922E-1,2.E0));
#6324=DIRECTION('',(-1.E0,0.E0,0.E0));
#6325=DIRECTION('',(0.E0,-1.E0,0.E0));
#6326=AXIS2_PLACEMENT_3D('',#6323,#6324,#6325);
#6327=PLANE('',#6326);
#6328=ORIENTED_EDGE('',*,*,#6239,.F.);
#6329=ORIENTED_EDGE('',*,*,#6262,.T.);
#6331=ORIENTED_EDGE('',*,*,#6330,.T.);
#6332=ORIENTED_EDGE('',*,*,#6315,.F.);
#6333=EDGE_LOOP('',(#6328,#6329,#6331,#6332));
#6334=FACE_OUTER_BOUND('',#6333,.F.);
#6335=ADVANCED_FACE('',(#6334),#6327,.F.);
#6336=CARTESIAN_POINT('',(0.E0,0.E0,1.E0));
#6337=DIRECTION('',(0.E0,0.E0,1.E0));
#6338=DIRECTION('',(1.E0,0.E0,0.E0));
#6339=AXIS2_PLACEMENT_3D('',#6336,#6337,#6338);
#6340=PLANE('',#6339);
#6341=ORIENTED_EDGE('',*,*,#6260,.F.);
#6342=ORIENTED_EDGE('',*,*,#6275,.F.);
#6343=ORIENTED_EDGE('',*,*,#6289,.F.);
#6344=ORIENTED_EDGE('',*,*,#6303,.F.);
#6345=ORIENTED_EDGE('',*,*,#6317,.F.);
#6346=ORIENTED_EDGE('',*,*,#6330,.F.);
#6347=EDGE_LOOP('',(#6341,#6342,#6343,#6344,#6345,#6346));
#6348=FACE_OUTER_BOUND('',#6347,.F.);
#6349=ADVANCED_FACE('',(#6348),#6340,.T.);
#6350=CLOSED_SHELL('',(#6087,#6104,#6119,#6135,#6149,#6165,#6182,#6199,#6213,
#6227,#6251,#6266,#6280,#6294,#6308,#6322,#6335,#6349));
#6351=CARTESIAN_POINT('',(0.E0,0.E0,-8.E0));
#6352=DIRECTION('',(0.E0,0.E0,-1.E0));
#6353=DIRECTION('',(1.E0,0.E0,0.E0));
#6354=AXIS2_PLACEMENT_3D('',#6351,#6352,#6353);
#6356=DIRECTION('',(0.E0,0.E0,-1.E0));
#6357=VECTOR('',#6356,8.E0);
#6358=CARTESIAN_POINT('',(8.E-1,0.E0,0.E0));
#6359=LINE('',#6358,#6357);
#6360=CARTESIAN_POINT('',(0.E0,0.E0,-8.E0));
#6361=DIRECTION('',(0.E0,0.E0,-1.E0));
#6362=DIRECTION('',(-1.E0,0.E0,0.E0));
#6363=AXIS2_PLACEMENT_3D('',#6360,#6361,#6362);
#6365=DIRECTION('',(0.E0,0.E0,-1.E0));
#6366=VECTOR('',#6365,8.E0);
#6367=CARTESIAN_POINT('',(-8.E-1,0.E0,0.E0));
#6368=LINE('',#6367,#6366);
#6369=CARTESIAN_POINT('',(0.E0,0.E0,0.E0));
#6370=DIRECTION('',(0.E0,0.E0,1.E0));
#6371=DIRECTION('',(1.E0,0.E0,0.E0));
#6372=AXIS2_PLACEMENT_3D('',#6369,#6370,#6371);
#6374=CARTESIAN_POINT('',(0.E0,0.E0,0.E0));
#6375=DIRECTION('',(0.E0,0.E0,1.E0));
#6376=DIRECTION('',(-1.E0,0.E0,0.E0));
#6377=AXIS2_PLACEMENT_3D('',#6374,#6375,#6376);
#6379=CARTESIAN_POINT('',(0.E0,0.E0,0.E0));
#6380=DIRECTION('',(0.E0,0.E0,1.E0));
#6381=DIRECTION('',(1.E0,0.E0,0.E0));
#6382=AXIS2_PLACEMENT_3D('',#6379,#6380,#6381);
#6384=CARTESIAN_POINT('',(0.E0,0.E0,0.E0));
#6385=DIRECTION('',(0.E0,0.E0,1.E0));
#6386=DIRECTION('',(-1.E0,0.E0,0.E0));
#6387=AXIS2_PLACEMENT_3D('',#6384,#6385,#6386);
#6389=CARTESIAN_POINT('',(8.E-1,0.E0,-8.E0));
#6390=CARTESIAN_POINT('',(-8.E-1,0.E0,-8.E0));
#6391=VERTEX_POINT('',#6389);
#6392=VERTEX_POINT('',#6390);
#6393=CARTESIAN_POINT('',(8.E-1,0.E0,0.E0));
#6394=CARTESIAN_POINT('',(-8.E-1,0.E0,0.E0));
#6395=VERTEX_POINT('',#6393);
#6396=VERTEX_POINT('',#6394);
#6397=CARTESIAN_POINT('',(-1.E0,0.E0,0.E0));
#6398=CARTESIAN_POINT('',(1.E0,0.E0,0.E0));
#6399=VERTEX_POINT('',#6397);
#6400=VERTEX_POINT('',#6398);
#6401=CARTESIAN_POINT('',(0.E0,0.E0,-8.E0));
#6402=DIRECTION('',(0.E0,0.E0,-1.E0));
#6403=DIRECTION('',(-1.E0,0.E0,0.E0));
#6404=AXIS2_PLACEMENT_3D('',#6401,#6402,#6403);
#6405=CYLINDRICAL_SURFACE('',#6404,8.E-1);
#6407=ORIENTED_EDGE('',*,*,#6406,.T.);
#6409=ORIENTED_EDGE('',*,*,#6408,.F.);
#6411=ORIENTED_EDGE('',*,*,#6410,.T.);
#6413=ORIENTED_EDGE('',*,*,#6412,.T.);
#6414=EDGE_LOOP('',(#6407,#6409,#6411,#6413));
#6415=FACE_OUTER_BOUND('',#6414,.F.);
#6416=ADVANCED_FACE('',(#6415),#6405,.T.);
#6417=CARTESIAN_POINT('',(0.E0,0.E0,-8.E0));
#6418=DIRECTION('',(0.E0,0.E0,-1.E0));
#6419=DIRECTION('',(-1.E0,0.E0,0.E0));
#6420=AXIS2_PLACEMENT_3D('',#6417,#6418,#6419);
#6421=CYLINDRICAL_SURFACE('',#6420,8.E-1);
#6423=ORIENTED_EDGE('',*,*,#6422,.T.);
#6424=ORIENTED_EDGE('',*,*,#6412,.F.);
#6426=ORIENTED_EDGE('',*,*,#6425,.T.);
#6427=ORIENTED_EDGE('',*,*,#6408,.T.);
#6428=EDGE_LOOP('',(#6423,#6424,#6426,#6427));
#6429=FACE_OUTER_BOUND('',#6428,.F.);
#6430=ADVANCED_FACE('',(#6429),#6421,.T.);
#6431=CARTESIAN_POINT('',(0.E0,0.E0,0.E0));
#6432=DIRECTION('',(0.E0,0.E0,-1.E0));
#6433=DIRECTION('',(-1.E0,0.E0,0.E0));
#6434=AXIS2_PLACEMENT_3D('',#6431,#6432,#6433);
#6435=PLANE('',#6434);
#6437=ORIENTED_EDGE('',*,*,#6436,.T.);
#6439=ORIENTED_EDGE('',*,*,#6438,.T.);
#6440=EDGE_LOOP('',(#6437,#6439));
#6441=FACE_OUTER_BOUND('',#6440,.F.);
#6442=ORIENTED_EDGE('',*,*,#6425,.F.);
#6443=ORIENTED_EDGE('',*,*,#6410,.F.);
#6444=EDGE_LOOP('',(#6442,#6443));
#6445=FACE_BOUND('',#6444,.F.);
#6446=ADVANCED_FACE('',(#6441,#6445),#6435,.T.);
#6447=OPEN_SHELL('',(#6416,#6430,#6446));
#6448=MANIFOLD_SOLID_BREP('',#6350);
#6449=SHELL_BASED_SURFACE_MODEL('',(#6447));
#6451=DIMENSIONAL_EXPONENTS(0.E0,0.E0,0.E0,0.E0,0.E0,0.E0,0.E0);
#6453=PLANE_ANGLE_MEASURE_WITH_UNIT(PLANE_ANGLE_MEASURE(1.745329251994E-2),
#6452);
#6454=(CONVERSION_BASED_UNIT('DEGREE',#6453)NAMED_UNIT(*)PLANE_ANGLE_UNIT());
#6456=UNCERTAINTY_MEASURE_WITH_UNIT(LENGTH_MEASURE(1.135207865574E-3),#6450,
'closure',
'Maximum model space distance between geometric entities at asserted connectivities');
#6457=(GEOMETRIC_REPRESENTATION_CONTEXT(3)GLOBAL_UNCERTAINTY_ASSIGNED_CONTEXT((
#6456))GLOBAL_UNIT_ASSIGNED_CONTEXT((#6450,#6454,#6455))REPRESENTATION_CONTEXT(
'ID2','3'));
#6458=CARTESIAN_POINT('',(0.E0,0.E0,0.E0));
#6459=DIRECTION('',(0.E0,0.E0,1.E0));
#6460=DIRECTION('',(1.E0,0.E0,0.E0));
#6463=CARTESIAN_POINT('',(0.E0,0.E0,0.E0));
#6464=DIRECTION('',(0.E0,0.E0,1.E0));
#6465=DIRECTION('',(1.E0,0.E0,0.E0));
#6468=CARTESIAN_POINT('',(0.E0,0.E0,0.E0));
#6469=DIRECTION('',(0.E0,0.E0,1.E0));
#6470=DIRECTION('',(1.E0,0.E0,0.E0));
#6473=SHAPE_REPRESENTATION_RELATIONSHIP('','',#6472,#6462);
#6474=SHAPE_REPRESENTATION_RELATIONSHIP('','',#6472,#6467);
#6475=MECHANICAL_CONTEXT('',#5814,'mechanical');
#6476=PRODUCT('WBH_M2X8','WBH_M2X8','NOT SPECIFIED',(#6475));
#6477=PRODUCT_DEFINITION_FORMATION_WITH_SPECIFIED_SOURCE('8','LAST_VERSION',
#6476,.MADE.);
#6483=CARTESIAN_POINT('',(6.860289183572E0,2.E0,-5.444559833121E-1));
#6484=DIRECTION('',(5.150380749101E-1,0.E0,-8.571673007021E-1));
#6485=DIRECTION('',(-8.571673007021E-1,0.E0,-5.150380749101E-1));
#6486=AXIS2_PLACEMENT_3D('',#6483,#6484,#6485);
#6487=ITEM_DEFINED_TRANSFORMATION('','',#6471,#6486);
#6488=(REPRESENTATION_RELATIONSHIP('','',#6472,#5825)REPRESENTATION_RELATIONSHIP_WITH_TRANSFORMATION(#6487)SHAPE_REPRESENTATION_RELATIONSHIP());
#6489=CONTEXT_DEPENDENT_SHAPE_REPRESENTATION(#6488,#6482);
#6491=CARTESIAN_POINT('',(0.E0,0.E0,-6.E0));
#6492=DIRECTION('',(0.E0,0.E0,1.E0));
#6493=DIRECTION('',(-1.E0,0.E0,0.E0));
#6494=AXIS2_PLACEMENT_3D('',#6491,#6492,#6493);
#6496=CARTESIAN_POINT('',(0.E0,0.E0,-6.E0));
#6497=DIRECTION('',(0.E0,0.E0,1.E0));
#6498=DIRECTION('',(1.E0,0.E0,0.E0));
#6499=AXIS2_PLACEMENT_3D('',#6496,#6497,#6498);
#6501=CARTESIAN_POINT('',(0.E0,0.E0,-5.775E0));
#6502=DIRECTION('',(0.E0,0.E0,-1.E0));
#6503=DIRECTION('',(0.E0,-1.E0,0.E0));
#6504=AXIS2_PLACEMENT_3D('',#6501,#6502,#6503);
#6506=CARTESIAN_POINT('',(0.E0,0.E0,-5.775E0));
#6507=DIRECTION('',(0.E0,0.E0,-1.E0));
#6508=DIRECTION('',(1.E0,0.E0,0.E0));
#6509=AXIS2_PLACEMENT_3D('',#6506,#6507,#6508);
#6511=DIRECTION('',(-7.071067811865E-1,0.E0,-7.071067811865E-1));
#6512=VECTOR('',#6511,3.181980515339E-1);
#6513=CARTESIAN_POINT('',(1.25E0,0.E0,-5.775E0));
#6514=LINE('',#6513,#6512);
#6515=CARTESIAN_POINT('',(0.E0,0.E0,-5.775E0));
#6516=DIRECTION('',(0.E0,0.E0,-1.E0));
#6517=DIRECTION('',(0.E0,1.E0,0.E0));
#6518=AXIS2_PLACEMENT_3D('',#6515,#6516,#6517);
#6520=CARTESIAN_POINT('',(0.E0,0.E0,-5.775E0));
#6521=DIRECTION('',(0.E0,0.E0,-1.E0));
#6522=DIRECTION('',(-1.E0,0.E0,0.E0));
#6523=AXIS2_PLACEMENT_3D('',#6520,#6521,#6522);
#6525=DIRECTION('',(7.071067811865E-1,0.E0,-7.071067811865E-1));
#6526=VECTOR('',#6525,3.181980515339E-1);
#6527=CARTESIAN_POINT('',(-1.25E0,0.E0,-5.775E0));
#6528=LINE('',#6527,#6526);
#6529=DIRECTION('',(0.E0,0.E0,1.E0));
#6530=VECTOR('',#6529,5.775E0);
#6531=CARTESIAN_POINT('',(0.E0,1.25E0,-5.775E0));
#6532=LINE('',#6531,#6530);
#6533=DIRECTION('',(0.E0,0.E0,1.E0));
#6534=VECTOR('',#6533,5.775E0);
#6535=CARTESIAN_POINT('',(0.E0,-1.25E0,-5.775E0));
#6536=LINE('',#6535,#6534);
#6537=CARTESIAN_POINT('',(0.E0,0.E0,0.E0));
#6538=DIRECTION('',(0.E0,0.E0,-1.E0));
#6539=DIRECTION('',(0.E0,1.E0,0.E0));
#6540=AXIS2_PLACEMENT_3D('',#6537,#6538,#6539);
#6542=CARTESIAN_POINT('',(0.E0,0.E0,0.E0));
#6543=DIRECTION('',(0.E0,0.E0,1.E0));
#6544=DIRECTION('',(0.E0,1.E0,0.E0));
#6545=AXIS2_PLACEMENT_3D('',#6542,#6543,#6544);
#6547=DIRECTION('',(0.E0,0.E0,1.E0));
#6548=VECTOR('',#6547,2.375E0);
#6549=CARTESIAN_POINT('',(0.E0,-2.25E0,0.E0));
#6550=LINE('',#6549,#6548);
#6551=CARTESIAN_POINT('',(0.E0,0.E0,0.E0));
#6552=DIRECTION('',(0.E0,0.E0,1.E0));
#6553=DIRECTION('',(0.E0,1.E0,0.E0));
#6554=AXIS2_PLACEMENT_3D('',#6551,#6552,#6553);
#6556=DIRECTION('',(0.E0,0.E0,1.E0));
#6557=VECTOR('',#6556,2.375E0);
#6558=CARTESIAN_POINT('',(0.E0,2.25E0,0.E0));
#6559=LINE('',#6558,#6557);
#6560=CARTESIAN_POINT('',(0.E0,0.E0,2.375E0));
#6561=DIRECTION('',(0.E0,0.E0,-1.E0));
#6562=DIRECTION('',(1.E0,0.E0,0.E0));
#6563=AXIS2_PLACEMENT_3D('',#6560,#6561,#6562);
#6565=CARTESIAN_POINT('',(0.E0,0.E0,2.375E0));
#6566=DIRECTION('',(0.E0,0.E0,-1.E0));
#6567=DIRECTION('',(0.E0,-1.E0,0.E0));
#6568=AXIS2_PLACEMENT_3D('',#6565,#6566,#6567);
#6570=CARTESIAN_POINT('',(0.E0,0.E0,0.E0));
#6571=DIRECTION('',(0.E0,0.E0,-1.E0));
#6572=DIRECTION('',(0.E0,1.E0,0.E0));
#6573=AXIS2_PLACEMENT_3D('',#6570,#6571,#6572);
#6575=CARTESIAN_POINT('',(0.E0,0.E0,2.375E0));
#6576=DIRECTION('',(0.E0,0.E0,-1.E0));
#6577=DIRECTION('',(0.E0,1.E0,0.E0));
#6578=AXIS2_PLACEMENT_3D('',#6575,#6576,#6577);
#6580=DIRECTION('',(8.660254037844E-1,0.E0,-5.E-1));
#6581=VECTOR('',#6580,2.5E-1);
#6582=CARTESIAN_POINT('',(2.033493649054E0,0.E0,2.5E0));
#6583=LINE('',#6582,#6581);
#6584=DIRECTION('',(-8.660254037844E-1,0.E0,-5.E-1));
#6585=VECTOR('',#6584,2.5E-1);
#6586=CARTESIAN_POINT('',(-2.033493649054E0,0.E0,2.5E0));
#6587=LINE('',#6586,#6585);
#6588=CARTESIAN_POINT('',(0.E0,0.E0,2.375E0));
#6589=DIRECTION('',(0.E0,0.E0,-1.E0));
#6590=DIRECTION('',(-1.E0,0.E0,0.E0));
#6591=AXIS2_PLACEMENT_3D('',#6588,#6589,#6590);
#6593=DIRECTION('',(-8.660254037844E-1,-5.E-1,0.E0));
#6594=VECTOR('',#6593,1.154700538379E0);
#6595=CARTESIAN_POINT('',(0.E0,1.154700538379E0,2.5E0));
#6596=LINE('',#6595,#6594);
#6597=DIRECTION('',(0.E0,-1.E0,0.E0));
#6598=VECTOR('',#6597,1.154700538379E0);
#6599=CARTESIAN_POINT('',(-1.E0,5.773502691896E-1,2.5E0));
#6600=LINE('',#6599,#6598);
#6601=DIRECTION('',(8.660254037844E-1,-5.E-1,0.E0));
#6602=VECTOR('',#6601,1.154700538379E0);
#6603=CARTESIAN_POINT('',(-1.E0,-5.773502691896E-1,2.5E0));
#6604=LINE('',#6603,#6602);
#6605=DIRECTION('',(8.660254037844E-1,5.E-1,0.E0));
#6606=VECTOR('',#6605,1.154700538379E0);
#6607=CARTESIAN_POINT('',(0.E0,-1.154700538379E0,2.5E0));
#6608=LINE('',#6607,#6606);
#6609=DIRECTION('',(0.E0,1.E0,0.E0));
#6610=VECTOR('',#6609,1.154700538379E0);
#6611=CARTESIAN_POINT('',(1.E0,-5.773502691896E-1,2.5E0));
#6612=LINE('',#6611,#6610);
#6613=DIRECTION('',(-8.660254037844E-1,5.E-1,0.E0));
#6614=VECTOR('',#6613,1.154700538379E0);
#6615=CARTESIAN_POINT('',(1.E0,5.773502691896E-1,2.5E0));
#6616=LINE('',#6615,#6614);
#6617=CARTESIAN_POINT('',(0.E0,0.E0,2.5E0));
#6618=DIRECTION('',(0.E0,0.E0,1.E0));
#6619=DIRECTION('',(-1.E0,0.E0,0.E0));
#6620=AXIS2_PLACEMENT_3D('',#6617,#6618,#6619);
#6622=CARTESIAN_POINT('',(0.E0,0.E0,2.5E0));
#6623=DIRECTION('',(0.E0,0.E0,1.E0));
#6624=DIRECTION('',(1.E0,0.E0,0.E0));
#6625=AXIS2_PLACEMENT_3D('',#6622,#6623,#6624);
#6627=DIRECTION('',(0.E0,0.E0,-1.E0));
#6628=VECTOR('',#6627,1.25E0);
#6629=CARTESIAN_POINT('',(0.E0,1.154700538379E0,2.5E0));
#6630=LINE('',#6629,#6628);
#6631=DIRECTION('',(0.E0,0.E0,-1.E0));
#6632=VECTOR('',#6631,1.25E0);
#6633=CARTESIAN_POINT('',(1.E0,5.773502691896E-1,2.5E0));
#6634=LINE('',#6633,#6632);
#6635=DIRECTION('',(0.E0,0.E0,-1.E0));
#6636=VECTOR('',#6635,1.25E0);
#6637=CARTESIAN_POINT('',(1.E0,-5.773502691896E-1,2.5E0));
#6638=LINE('',#6637,#6636);
#6639=DIRECTION('',(0.E0,0.E0,-1.E0));
#6640=VECTOR('',#6639,1.25E0);
#6641=CARTESIAN_POINT('',(0.E0,-1.154700538379E0,2.5E0));
#6642=LINE('',#6641,#6640);
#6643=DIRECTION('',(0.E0,0.E0,-1.E0));
#6644=VECTOR('',#6643,1.25E0);
#6645=CARTESIAN_POINT('',(-1.E0,-5.773502691896E-1,2.5E0));
#6646=LINE('',#6645,#6644);
#6647=DIRECTION('',(0.E0,0.E0,-1.E0));
#6648=VECTOR('',#6647,1.25E0);
#6649=CARTESIAN_POINT('',(-1.E0,5.773502691896E-1,2.5E0));
#6650=LINE('',#6649,#6648);
#6651=DIRECTION('',(-8.660254037844E-1,-5.E-1,0.E0));
#6652=VECTOR('',#6651,1.154700538379E0);
#6653=CARTESIAN_POINT('',(0.E0,1.154700538379E0,1.25E0));
#6654=LINE('',#6653,#6652);
#6655=DIRECTION('',(-8.660254037844E-1,5.E-1,0.E0));
#6656=VECTOR('',#6655,1.154700538379E0);
#6657=CARTESIAN_POINT('',(1.E0,5.773502691896E-1,1.25E0));
#6658=LINE('',#6657,#6656);
#6659=DIRECTION('',(0.E0,1.E0,0.E0));
#6660=VECTOR('',#6659,1.154700538379E0);
#6661=CARTESIAN_POINT('',(1.E0,-5.773502691896E-1,1.25E0));
#6662=LINE('',#6661,#6660);
#6663=DIRECTION('',(8.660254037844E-1,5.E-1,0.E0));
#6664=VECTOR('',#6663,1.154700538379E0);
#6665=CARTESIAN_POINT('',(0.E0,-1.154700538379E0,1.25E0));
#6666=LINE('',#6665,#6664);
#6667=DIRECTION('',(8.660254037844E-1,-5.E-1,0.E0));
#6668=VECTOR('',#6667,1.154700538379E0);
#6669=CARTESIAN_POINT('',(-1.E0,-5.773502691896E-1,1.25E0));
#6670=LINE('',#6669,#6668);
#6671=DIRECTION('',(0.E0,-1.E0,0.E0));
#6672=VECTOR('',#6671,1.154700538379E0);
#6673=CARTESIAN_POINT('',(-1.E0,5.773502691896E-1,1.25E0));
#6674=LINE('',#6673,#6672);
#6675=CARTESIAN_POINT('',(0.E0,1.25E0,0.E0));
#6676=CARTESIAN_POINT('',(0.E0,-1.25E0,0.E0));
#6677=VERTEX_POINT('',#6675);
#6678=VERTEX_POINT('',#6676);
#6679=CARTESIAN_POINT('',(0.E0,2.25E0,0.E0));
#6680=CARTESIAN_POINT('',(0.E0,-2.25E0,0.E0));
#6681=VERTEX_POINT('',#6679);
#6682=VERTEX_POINT('',#6680);
#6683=CARTESIAN_POINT('',(0.E0,1.154700538379E0,1.25E0));
#6684=CARTESIAN_POINT('',(-1.E0,5.773502691896E-1,1.25E0));
#6685=VERTEX_POINT('',#6683);
#6686=VERTEX_POINT('',#6684);
#6687=CARTESIAN_POINT('',(-1.E0,-5.773502691896E-1,1.25E0));
#6688=VERTEX_POINT('',#6687);
#6689=CARTESIAN_POINT('',(0.E0,-1.154700538379E0,1.25E0));
#6690=VERTEX_POINT('',#6689);
#6691=CARTESIAN_POINT('',(1.E0,-5.773502691896E-1,1.25E0));
#6692=VERTEX_POINT('',#6691);
#6693=CARTESIAN_POINT('',(1.E0,5.773502691896E-1,1.25E0));
#6694=VERTEX_POINT('',#6693);
#6695=CARTESIAN_POINT('',(0.E0,1.154700538379E0,2.5E0));
#6696=CARTESIAN_POINT('',(-1.E0,5.773502691896E-1,2.5E0));
#6697=VERTEX_POINT('',#6695);
#6698=VERTEX_POINT('',#6696);
#6699=CARTESIAN_POINT('',(-1.E0,-5.773502691896E-1,2.5E0));
#6700=VERTEX_POINT('',#6699);
#6701=CARTESIAN_POINT('',(0.E0,-1.154700538379E0,2.5E0));
#6702=VERTEX_POINT('',#6701);
#6703=CARTESIAN_POINT('',(1.E0,-5.773502691896E-1,2.5E0));
#6704=VERTEX_POINT('',#6703);
#6705=CARTESIAN_POINT('',(1.E0,5.773502691896E-1,2.5E0));
#6706=VERTEX_POINT('',#6705);
#6707=CARTESIAN_POINT('',(2.25E0,0.E0,2.375E0));
#6708=CARTESIAN_POINT('',(0.E0,-2.25E0,2.375E0));
#6709=VERTEX_POINT('',#6707);
#6710=VERTEX_POINT('',#6708);
#6711=CARTESIAN_POINT('',(0.E0,2.25E0,2.375E0));
#6712=VERTEX_POINT('',#6711);
#6713=CARTESIAN_POINT('',(-2.033493649054E0,0.E0,2.5E0));
#6714=CARTESIAN_POINT('',(2.033493649054E0,0.E0,2.5E0));
#6715=VERTEX_POINT('',#6713);
#6716=VERTEX_POINT('',#6714);
#6717=CARTESIAN_POINT('',(-2.25E0,0.E0,2.375E0));
#6718=VERTEX_POINT('',#6717);
#6719=CARTESIAN_POINT('',(-1.025E0,0.E0,-6.E0));
#6720=CARTESIAN_POINT('',(1.025E0,0.E0,-6.E0));
#6721=VERTEX_POINT('',#6719);
#6722=VERTEX_POINT('',#6720);
#6723=CARTESIAN_POINT('',(1.25E0,0.E0,-5.775E0));
#6724=CARTESIAN_POINT('',(0.E0,-1.25E0,-5.775E0));
#6725=VERTEX_POINT('',#6723);
#6726=VERTEX_POINT('',#6724);
#6727=CARTESIAN_POINT('',(0.E0,1.25E0,-5.775E0));
#6728=VERTEX_POINT('',#6727);
#6729=CARTESIAN_POINT('',(-1.25E0,0.E0,-5.775E0));
#6730=VERTEX_POINT('',#6729);
#6731=CARTESIAN_POINT('',(0.E0,0.E0,-6.E0));
#6732=DIRECTION('',(0.E0,0.E0,-1.E0));
#6733=DIRECTION('',(0.E0,-1.E0,0.E0));
#6734=AXIS2_PLACEMENT_3D('',#6731,#6732,#6733);
#6735=PLANE('',#6734);
#6737=ORIENTED_EDGE('',*,*,#6736,.T.);
#6739=ORIENTED_EDGE('',*,*,#6738,.T.);
#6740=EDGE_LOOP('',(#6737,#6739));
#6741=FACE_OUTER_BOUND('',#6740,.F.);
#6742=ADVANCED_FACE('',(#6741),#6735,.T.);
#6743=CARTESIAN_POINT('',(0.E0,0.E0,-5.8875E0));
#6744=DIRECTION('',(0.E0,0.E0,1.E0));
#6745=DIRECTION('',(-1.E0,0.E0,0.E0));
#6746=AXIS2_PLACEMENT_3D('',#6743,#6744,#6745);
#6747=CONICAL_SURFACE('',#6746,1.1375E0,4.5E1);
#6748=ORIENTED_EDGE('',*,*,#6736,.F.);
#6750=ORIENTED_EDGE('',*,*,#6749,.F.);
#6752=ORIENTED_EDGE('',*,*,#6751,.F.);
#6754=ORIENTED_EDGE('',*,*,#6753,.F.);
#6756=ORIENTED_EDGE('',*,*,#6755,.T.);
#6757=EDGE_LOOP('',(#6748,#6750,#6752,#6754,#6756));
#6758=FACE_OUTER_BOUND('',#6757,.F.);
#6759=ADVANCED_FACE('',(#6758),#6747,.T.);
#6760=CARTESIAN_POINT('',(0.E0,0.E0,-5.8875E0));
#6761=DIRECTION('',(0.E0,0.E0,1.E0));
#6762=DIRECTION('',(-1.E0,0.E0,0.E0));
#6763=AXIS2_PLACEMENT_3D('',#6760,#6761,#6762);
#6764=CONICAL_SURFACE('',#6763,1.1375E0,4.5E1);
#6765=ORIENTED_EDGE('',*,*,#6738,.F.);
#6766=ORIENTED_EDGE('',*,*,#6755,.F.);
#6768=ORIENTED_EDGE('',*,*,#6767,.F.);
#6770=ORIENTED_EDGE('',*,*,#6769,.F.);
#6771=ORIENTED_EDGE('',*,*,#6749,.T.);
#6772=EDGE_LOOP('',(#6765,#6766,#6768,#6770,#6771));
#6773=FACE_OUTER_BOUND('',#6772,.F.);
#6774=ADVANCED_FACE('',(#6773),#6764,.T.);
#6775=CARTESIAN_POINT('',(0.E0,0.E0,2.925E0));
#6776=DIRECTION('',(0.E0,0.E0,-1.E0));
#6777=DIRECTION('',(0.E0,-1.E0,0.E0));
#6778=AXIS2_PLACEMENT_3D('',#6775,#6776,#6777);
#6779=CYLINDRICAL_SURFACE('',#6778,1.25E0);
#6780=ORIENTED_EDGE('',*,*,#6753,.T.);
#6782=ORIENTED_EDGE('',*,*,#6781,.T.);
#6784=ORIENTED_EDGE('',*,*,#6783,.F.);
#6786=ORIENTED_EDGE('',*,*,#6785,.F.);
#6787=ORIENTED_EDGE('',*,*,#6767,.T.);
#6788=EDGE_LOOP('',(#6780,#6782,#6784,#6786,#6787));
#6789=FACE_OUTER_BOUND('',#6788,.F.);
#6790=ADVANCED_FACE('',(#6789),#6779,.T.);
#6791=CARTESIAN_POINT('',(0.E0,0.E0,2.925E0));
#6792=DIRECTION('',(0.E0,0.E0,-1.E0));
#6793=DIRECTION('',(0.E0,-1.E0,0.E0));
#6794=AXIS2_PLACEMENT_3D('',#6791,#6792,#6793);
#6795=CYLINDRICAL_SURFACE('',#6794,1.25E0);
#6796=ORIENTED_EDGE('',*,*,#6751,.T.);
#6797=ORIENTED_EDGE('',*,*,#6769,.T.);
#6798=ORIENTED_EDGE('',*,*,#6785,.T.);
#6800=ORIENTED_EDGE('',*,*,#6799,.T.);
#6801=ORIENTED_EDGE('',*,*,#6781,.F.);
#6802=EDGE_LOOP('',(#6796,#6797,#6798,#6800,#6801));
#6803=FACE_OUTER_BOUND('',#6802,.F.);
#6804=ADVANCED_FACE('',(#6803),#6795,.T.);
#6805=CARTESIAN_POINT('',(0.E0,0.E0,0.E0));
#6806=DIRECTION('',(0.E0,0.E0,-1.E0));
#6807=DIRECTION('',(0.E0,-1.E0,0.E0));
#6808=AXIS2_PLACEMENT_3D('',#6805,#6806,#6807);
#6809=PLANE('',#6808);
#6811=ORIENTED_EDGE('',*,*,#6810,.T.);
#6813=ORIENTED_EDGE('',*,*,#6812,.F.);
#6814=EDGE_LOOP('',(#6811,#6813));
#6815=FACE_OUTER_BOUND('',#6814,.F.);
#6816=ORIENTED_EDGE('',*,*,#6783,.T.);
#6817=ORIENTED_EDGE('',*,*,#6799,.F.);
#6818=EDGE_LOOP('',(#6816,#6817));
#6819=FACE_BOUND('',#6818,.F.);
#6820=ADVANCED_FACE('',(#6815,#6819),#6809,.T.);
#6821=CARTESIAN_POINT('',(0.E0,0.E0,2.925E0));
#6822=DIRECTION('',(0.E0,0.E0,-1.E0));
#6823=DIRECTION('',(0.E0,-1.E0,0.E0));
#6824=AXIS2_PLACEMENT_3D('',#6821,#6822,#6823);
#6825=CYLINDRICAL_SURFACE('',#6824,2.25E0);
#6827=ORIENTED_EDGE('',*,*,#6826,.F.);
#6829=ORIENTED_EDGE('',*,*,#6828,.F.);
#6830=ORIENTED_EDGE('',*,*,#6810,.F.);
#6832=ORIENTED_EDGE('',*,*,#6831,.T.);
#6834=ORIENTED_EDGE('',*,*,#6833,.F.);
#6835=EDGE_LOOP('',(#6827,#6829,#6830,#6832,#6834));
#6836=FACE_OUTER_BOUND('',#6835,.F.);
#6837=ADVANCED_FACE('',(#6836),#6825,.T.);
#6838=CARTESIAN_POINT('',(0.E0,0.E0,2.4375E0));
#6839=DIRECTION('',(0.E0,0.E0,-1.E0));
#6840=DIRECTION('',(1.E0,0.E0,0.E0));
#6841=AXIS2_PLACEMENT_3D('',#6838,#6839,#6840);
#6842=CONICAL_SURFACE('',#6841,2.141746824527E0,6.E1);
#6844=ORIENTED_EDGE('',*,*,#6843,.T.);
#6845=ORIENTED_EDGE('',*,*,#6826,.T.);
#6847=ORIENTED_EDGE('',*,*,#6846,.F.);
#6849=ORIENTED_EDGE('',*,*,#6848,.T.);
#6851=ORIENTED_EDGE('',*,*,#6850,.T.);
#6852=EDGE_LOOP('',(#6844,#6845,#6847,#6849,#6851));
#6853=FACE_OUTER_BOUND('',#6852,.F.);
#6854=ADVANCED_FACE('',(#6853),#6842,.T.);
#6855=CARTESIAN_POINT('',(0.E0,0.E0,2.925E0));
#6856=DIRECTION('',(0.E0,0.E0,-1.E0));
#6857=DIRECTION('',(0.E0,-1.E0,0.E0));
#6858=AXIS2_PLACEMENT_3D('',#6855,#6856,#6857);
#6859=CYLINDRICAL_SURFACE('',#6858,2.25E0);
#6860=ORIENTED_EDGE('',*,*,#6843,.F.);
#6862=ORIENTED_EDGE('',*,*,#6861,.F.);
#6863=ORIENTED_EDGE('',*,*,#6831,.F.);
#6864=ORIENTED_EDGE('',*,*,#6812,.T.);
#6865=ORIENTED_EDGE('',*,*,#6828,.T.);
#6866=EDGE_LOOP('',(#6860,#6862,#6863,#6864,#6865));
#6867=FACE_OUTER_BOUND('',#6866,.F.);
#6868=ADVANCED_FACE('',(#6867),#6859,.T.);
#6869=CARTESIAN_POINT('',(0.E0,0.E0,2.4375E0));
#6870=DIRECTION('',(0.E0,0.E0,-1.E0));
#6871=DIRECTION('',(1.E0,0.E0,0.E0));
#6872=AXIS2_PLACEMENT_3D('',#6869,#6870,#6871);
#6873=CONICAL_SURFACE('',#6872,2.141746824527E0,6.E1);
#6874=ORIENTED_EDGE('',*,*,#6861,.T.);
#6875=ORIENTED_EDGE('',*,*,#6850,.F.);
#6877=ORIENTED_EDGE('',*,*,#6876,.T.);
#6878=ORIENTED_EDGE('',*,*,#6846,.T.);
#6879=ORIENTED_EDGE('',*,*,#6833,.T.);
#6880=EDGE_LOOP('',(#6874,#6875,#6877,#6878,#6879));
#6881=FACE_OUTER_BOUND('',#6880,.F.);
#6882=ADVANCED_FACE('',(#6881),#6873,.T.);
#6883=CARTESIAN_POINT('',(0.E0,0.E0,2.5E0));
#6884=DIRECTION('',(0.E0,0.E0,-1.E0));
#6885=DIRECTION('',(0.E0,-1.E0,0.E0));
#6886=AXIS2_PLACEMENT_3D('',#6883,#6884,#6885);
#6887=PLANE('',#6886);
#6888=ORIENTED_EDGE('',*,*,#6848,.F.);
#6889=ORIENTED_EDGE('',*,*,#6876,.F.);
#6890=EDGE_LOOP('',(#6888,#6889));
#6891=FACE_OUTER_BOUND('',#6890,.F.);
#6893=ORIENTED_EDGE('',*,*,#6892,.T.);
#6895=ORIENTED_EDGE('',*,*,#6894,.T.);
#6897=ORIENTED_EDGE('',*,*,#6896,.T.);
#6899=ORIENTED_EDGE('',*,*,#6898,.T.);
#6901=ORIENTED_EDGE('',*,*,#6900,.T.);
#6903=ORIENTED_EDGE('',*,*,#6902,.T.);
#6904=EDGE_LOOP('',(#6893,#6895,#6897,#6899,#6901,#6903));
#6905=FACE_BOUND('',#6904,.F.);
#6906=ADVANCED_FACE('',(#6891,#6905),#6887,.F.);
#6907=CARTESIAN_POINT('',(0.E0,1.154700538379E0,2.5E0));
#6908=DIRECTION('',(-5.E-1,8.660254037844E-1,0.E0));
#6909=DIRECTION('',(-8.660254037844E-1,-5.E-1,0.E0));
#6910=AXIS2_PLACEMENT_3D('',#6907,#6908,#6909);
#6911=PLANE('',#6910);
#6912=ORIENTED_EDGE('',*,*,#6892,.F.);
#6914=ORIENTED_EDGE('',*,*,#6913,.T.);
#6916=ORIENTED_EDGE('',*,*,#6915,.T.);
#6918=ORIENTED_EDGE('',*,*,#6917,.F.);
#6919=EDGE_LOOP('',(#6912,#6914,#6916,#6918));
#6920=FACE_OUTER_BOUND('',#6919,.F.);
#6921=ADVANCED_FACE('',(#6920),#6911,.F.);
#6922=CARTESIAN_POINT('',(1.E0,5.773502691896E-1,2.5E0));
#6923=DIRECTION('',(5.E-1,8.660254037844E-1,0.E0));
#6924=DIRECTION('',(-8.660254037844E-1,5.E-1,0.E0));
#6925=AXIS2_PLACEMENT_3D('',#6922,#6923,#6924);
#6926=PLANE('',#6925);
#6927=ORIENTED_EDGE('',*,*,#6902,.F.);
#6929=ORIENTED_EDGE('',*,*,#6928,.T.);
#6931=ORIENTED_EDGE('',*,*,#6930,.T.);
#6932=ORIENTED_EDGE('',*,*,#6913,.F.);
#6933=EDGE_LOOP('',(#6927,#6929,#6931,#6932));
#6934=FACE_OUTER_BOUND('',#6933,.F.);
#6935=ADVANCED_FACE('',(#6934),#6926,.F.);
#6936=CARTESIAN_POINT('',(1.E0,-5.773502691896E-1,2.5E0));
#6937=DIRECTION('',(1.E0,0.E0,0.E0));
#6938=DIRECTION('',(0.E0,1.E0,0.E0));
#6939=AXIS2_PLACEMENT_3D('',#6936,#6937,#6938);
#6940=PLANE('',#6939);
#6941=ORIENTED_EDGE('',*,*,#6900,.F.);
#6943=ORIENTED_EDGE('',*,*,#6942,.T.);
#6945=ORIENTED_EDGE('',*,*,#6944,.T.);
#6946=ORIENTED_EDGE('',*,*,#6928,.F.);
#6947=EDGE_LOOP('',(#6941,#6943,#6945,#6946));
#6948=FACE_OUTER_BOUND('',#6947,.F.);
#6949=ADVANCED_FACE('',(#6948),#6940,.F.);
#6950=CARTESIAN_POINT('',(0.E0,-1.154700538379E0,2.5E0));
#6951=DIRECTION('',(5.E-1,-8.660254037844E-1,0.E0));
#6952=DIRECTION('',(8.660254037844E-1,5.E-1,0.E0));
#6953=AXIS2_PLACEMENT_3D('',#6950,#6951,#6952);
#6954=PLANE('',#6953);
#6955=ORIENTED_EDGE('',*,*,#6898,.F.);
#6957=ORIENTED_EDGE('',*,*,#6956,.T.);
#6959=ORIENTED_EDGE('',*,*,#6958,.T.);
#6960=ORIENTED_EDGE('',*,*,#6942,.F.);
#6961=EDGE_LOOP('',(#6955,#6957,#6959,#6960));
#6962=FACE_OUTER_BOUND('',#6961,.F.);
#6963=ADVANCED_FACE('',(#6962),#6954,.F.);
#6964=CARTESIAN_POINT('',(-1.E0,-5.773502691896E-1,2.5E0));
#6965=DIRECTION('',(-5.E-1,-8.660254037844E-1,0.E0));
#6966=DIRECTION('',(8.660254037844E-1,-5.E-1,0.E0));
#6967=AXIS2_PLACEMENT_3D('',#6964,#6965,#6966);
#6968=PLANE('',#6967);
#6969=ORIENTED_EDGE('',*,*,#6896,.F.);
#6971=ORIENTED_EDGE('',*,*,#6970,.T.);
#6973=ORIENTED_EDGE('',*,*,#6972,.T.);
#6974=ORIENTED_EDGE('',*,*,#6956,.F.);
#6975=EDGE_LOOP('',(#6969,#6971,#6973,#6974));
#6976=FACE_OUTER_BOUND('',#6975,.F.);
#6977=ADVANCED_FACE('',(#6976),#6968,.F.);
#6978=CARTESIAN_POINT('',(-1.E0,5.773502691896E-1,2.5E0));
#6979=DIRECTION('',(-1.E0,0.E0,0.E0));
#6980=DIRECTION('',(0.E0,-1.E0,0.E0));
#6981=AXIS2_PLACEMENT_3D('',#6978,#6979,#6980);
#6982=PLANE('',#6981);
#6983=ORIENTED_EDGE('',*,*,#6894,.F.);
#6984=ORIENTED_EDGE('',*,*,#6917,.T.);
#6986=ORIENTED_EDGE('',*,*,#6985,.T.);
#6987=ORIENTED_EDGE('',*,*,#6970,.F.);
#6988=EDGE_LOOP('',(#6983,#6984,#6986,#6987));
#6989=FACE_OUTER_BOUND('',#6988,.F.);
#6990=ADVANCED_FACE('',(#6989),#6982,.F.);
#6991=CARTESIAN_POINT('',(0.E0,0.E0,1.25E0));
#6992=DIRECTION('',(0.E0,0.E0,1.E0));
#6993=DIRECTION('',(1.E0,0.E0,0.E0));
#6994=AXIS2_PLACEMENT_3D('',#6991,#6992,#6993);
#6995=PLANE('',#6994);
#6996=ORIENTED_EDGE('',*,*,#6915,.F.);
#6997=ORIENTED_EDGE('',*,*,#6930,.F.);
#6998=ORIENTED_EDGE('',*,*,#6944,.F.);
#6999=ORIENTED_EDGE('',*,*,#6958,.F.);
#7000=ORIENTED_EDGE('',*,*,#6972,.F.);
#7001=ORIENTED_EDGE('',*,*,#6985,.F.);
#7002=EDGE_LOOP('',(#6996,#6997,#6998,#6999,#7000,#7001));
#7003=FACE_OUTER_BOUND('',#7002,.F.);
#7004=ADVANCED_FACE('',(#7003),#6995,.T.);
#7005=CLOSED_SHELL('',(#6742,#6759,#6774,#6790,#6804,#6820,#6837,#6854,#6868,
#6882,#6906,#6921,#6935,#6949,#6963,#6977,#6990,#7004));
#7006=CARTESIAN_POINT('',(0.E0,0.E0,-6.E0));
#7007=DIRECTION('',(0.E0,0.E0,-1.E0));
#7008=DIRECTION('',(1.E0,0.E0,0.E0));
#7009=AXIS2_PLACEMENT_3D('',#7006,#7007,#7008);
#7011=DIRECTION('',(0.E0,0.E0,-1.E0));
#7012=VECTOR('',#7011,6.E0);
#7013=CARTESIAN_POINT('',(1.025E0,0.E0,0.E0));
#7014=LINE('',#7013,#7012);
#7015=CARTESIAN_POINT('',(0.E0,0.E0,-6.E0));
#7016=DIRECTION('',(0.E0,0.E0,-1.E0));
#7017=DIRECTION('',(-1.E0,0.E0,0.E0));
#7018=AXIS2_PLACEMENT_3D('',#7015,#7016,#7017);
#7020=DIRECTION('',(0.E0,0.E0,-1.E0));
#7021=VECTOR('',#7020,6.E0);
#7022=CARTESIAN_POINT('',(-1.025E0,0.E0,0.E0));
#7023=LINE('',#7022,#7021);
#7024=CARTESIAN_POINT('',(0.E0,0.E0,0.E0));
#7025=DIRECTION('',(0.E0,0.E0,1.E0));
#7026=DIRECTION('',(1.E0,0.E0,0.E0));
#7027=AXIS2_PLACEMENT_3D('',#7024,#7025,#7026);
#7029=CARTESIAN_POINT('',(0.E0,0.E0,0.E0));
#7030=DIRECTION('',(0.E0,0.E0,1.E0));
#7031=DIRECTION('',(-1.E0,0.E0,0.E0));
#7032=AXIS2_PLACEMENT_3D('',#7029,#7030,#7031);
#7034=CARTESIAN_POINT('',(0.E0,0.E0,0.E0));
#7035=DIRECTION('',(0.E0,0.E0,1.E0));
#7036=DIRECTION('',(1.E0,0.E0,0.E0));
#7037=AXIS2_PLACEMENT_3D('',#7034,#7035,#7036);
#7039=CARTESIAN_POINT('',(0.E0,0.E0,0.E0));
#7040=DIRECTION('',(0.E0,0.E0,1.E0));
#7041=DIRECTION('',(-1.E0,0.E0,0.E0));
#7042=AXIS2_PLACEMENT_3D('',#7039,#7040,#7041);
#7044=CARTESIAN_POINT('',(1.025E0,0.E0,-6.E0));
#7045=CARTESIAN_POINT('',(-1.025E0,0.E0,-6.E0));
#7046=VERTEX_POINT('',#7044);
#7047=VERTEX_POINT('',#7045);
#7048=CARTESIAN_POINT('',(1.025E0,0.E0,0.E0));
#7049=CARTESIAN_POINT('',(-1.025E0,0.E0,0.E0));
#7050=VERTEX_POINT('',#7048);
#7051=VERTEX_POINT('',#7049);
#7052=CARTESIAN_POINT('',(-1.25E0,0.E0,0.E0));
#7053=CARTESIAN_POINT('',(1.25E0,0.E0,0.E0));
#7054=VERTEX_POINT('',#7052);
#7055=VERTEX_POINT('',#7053);
#7056=CARTESIAN_POINT('',(0.E0,0.E0,-6.E0));
#7057=DIRECTION('',(0.E0,0.E0,-1.E0));
#7058=DIRECTION('',(-1.E0,0.E0,0.E0));
#7059=AXIS2_PLACEMENT_3D('',#7056,#7057,#7058);
#7060=CYLINDRICAL_SURFACE('',#7059,1.025E0);
#7062=ORIENTED_EDGE('',*,*,#7061,.T.);
#7064=ORIENTED_EDGE('',*,*,#7063,.F.);
#7066=ORIENTED_EDGE('',*,*,#7065,.T.);
#7068=ORIENTED_EDGE('',*,*,#7067,.T.);
#7069=EDGE_LOOP('',(#7062,#7064,#7066,#7068));
#7070=FACE_OUTER_BOUND('',#7069,.F.);
#7071=ADVANCED_FACE('',(#7070),#7060,.T.);
#7072=CARTESIAN_POINT('',(0.E0,0.E0,-6.E0));
#7073=DIRECTION('',(0.E0,0.E0,-1.E0));
#7074=DIRECTION('',(-1.E0,0.E0,0.E0));
#7075=AXIS2_PLACEMENT_3D('',#7072,#7073,#7074);
#7076=CYLINDRICAL_SURFACE('',#7075,1.025E0);
#7078=ORIENTED_EDGE('',*,*,#7077,.T.);
#7079=ORIENTED_EDGE('',*,*,#7067,.F.);
#7081=ORIENTED_EDGE('',*,*,#7080,.T.);
#7082=ORIENTED_EDGE('',*,*,#7063,.T.);
#7083=EDGE_LOOP('',(#7078,#7079,#7081,#7082));
#7084=FACE_OUTER_BOUND('',#7083,.F.);
#7085=ADVANCED_FACE('',(#7084),#7076,.T.);
#7086=CARTESIAN_POINT('',(0.E0,0.E0,0.E0));
#7087=DIRECTION('',(0.E0,0.E0,-1.E0));
#7088=DIRECTION('',(-1.E0,0.E0,0.E0));
#7089=AXIS2_PLACEMENT_3D('',#7086,#7087,#7088);
#7090=PLANE('',#7089);
#7092=ORIENTED_EDGE('',*,*,#7091,.T.);
#7094=ORIENTED_EDGE('',*,*,#7093,.T.);
#7095=EDGE_LOOP('',(#7092,#7094));
#7096=FACE_OUTER_BOUND('',#7095,.F.);
#7097=ORIENTED_EDGE('',*,*,#7080,.F.);
#7098=ORIENTED_EDGE('',*,*,#7065,.F.);
#7099=EDGE_LOOP('',(#7097,#7098));
#7100=FACE_BOUND('',#7099,.F.);
#7101=ADVANCED_FACE('',(#7096,#7100),#7090,.T.);
#7102=OPEN_SHELL('',(#7071,#7085,#7101));
#7103=MANIFOLD_SOLID_BREP('',#7005);
#7104=SHELL_BASED_SURFACE_MODEL('',(#7102));
#7106=DIMENSIONAL_EXPONENTS(0.E0,0.E0,0.E0,0.E0,0.E0,0.E0,0.E0);
#7108=PLANE_ANGLE_MEASURE_WITH_UNIT(PLANE_ANGLE_MEASURE(1.745329251994E-2),
#7107);
#7109=(CONVERSION_BASED_UNIT('DEGREE',#7108)NAMED_UNIT(*)PLANE_ANGLE_UNIT());
#7111=UNCERTAINTY_MEASURE_WITH_UNIT(LENGTH_MEASURE(1.061795555559E-3),#7105,
'closure',
'Maximum model space distance between geometric entities at asserted connectivities');
#7112=(GEOMETRIC_REPRESENTATION_CONTEXT(3)GLOBAL_UNCERTAINTY_ASSIGNED_CONTEXT((
#7111))GLOBAL_UNIT_ASSIGNED_CONTEXT((#7105,#7109,#7110))REPRESENTATION_CONTEXT(
'ID3','3'));
#7113=CARTESIAN_POINT('',(0.E0,0.E0,0.E0));
#7114=DIRECTION('',(0.E0,0.E0,1.E0));
#7115=DIRECTION('',(1.E0,0.E0,0.E0));
#7118=CARTESIAN_POINT('',(0.E0,0.E0,0.E0));
#7119=DIRECTION('',(0.E0,0.E0,1.E0));
#7120=DIRECTION('',(1.E0,0.E0,0.E0));
#7123=CARTESIAN_POINT('',(0.E0,0.E0,0.E0));
#7124=DIRECTION('',(0.E0,0.E0,1.E0));
#7125=DIRECTION('',(1.E0,0.E0,0.E0));
#7128=SHAPE_REPRESENTATION_RELATIONSHIP('','',#7127,#7117);
#7129=SHAPE_REPRESENTATION_RELATIONSHIP('','',#7127,#7122);
#7130=DESIGN_CONTEXT('',#5814,'design');
#7131=MECHANICAL_CONTEXT('',#5814,'mechanical');
#7132=PRODUCT('WBH_M2_5X6','WBH_M2_5X6','NOT SPECIFIED',(#7131));
#7133=PRODUCT_DEFINITION_FORMATION_WITH_SPECIFIED_SOURCE('8','LAST_VERSION',
#7132,.MADE.);
#7139=CARTESIAN_POINT('',(0.E0,4.5E0,0.E0));
#7140=DIRECTION('',(0.E0,1.E0,0.E0));
#7141=DIRECTION('',(-1.E0,0.E0,0.E0));
#7142=AXIS2_PLACEMENT_3D('',#7139,#7140,#7141);
#7143=ITEM_DEFINED_TRANSFORMATION('','',#7126,#7142);
#7144=(REPRESENTATION_RELATIONSHIP('','',#7127,#5825)REPRESENTATION_RELATIONSHIP_WITH_TRANSFORMATION(#7143)SHAPE_REPRESENTATION_RELATIONSHIP());
#7145=CONTEXT_DEPENDENT_SHAPE_REPRESENTATION(#7144,#7138);
#7147=DIMENSIONAL_EXPONENTS(0.E0,0.E0,0.E0,0.E0,0.E0,0.E0,0.E0);
#7149=PLANE_ANGLE_MEASURE_WITH_UNIT(PLANE_ANGLE_MEASURE(1.745329251994E-2),
#7148);
#7150=(CONVERSION_BASED_UNIT('DEGREE',#7149)NAMED_UNIT(*)PLANE_ANGLE_UNIT());
#7152=UNCERTAINTY_MEASURE_WITH_UNIT(LENGTH_MEASURE(2.885625376469E-3),#7146,
'closure',
'Maximum model space distance between geometric entities at asserted connectivities');
#7153=(GEOMETRIC_REPRESENTATION_CONTEXT(3)GLOBAL_UNCERTAINTY_ASSIGNED_CONTEXT((
#7152))GLOBAL_UNIT_ASSIGNED_CONTEXT((#7146,#7150,#7151))REPRESENTATION_CONTEXT(
'ID4','3'));
#7154=CARTESIAN_POINT('',(0.E0,0.E0,0.E0));
#7155=DIRECTION('',(0.E0,0.E0,1.E0));
#7156=DIRECTION('',(1.E0,0.E0,0.E0));
#7158=MECHANICAL_CONTEXT('',#5814,'mechanical');
#7159=PRODUCT('HN12_C101_WEB_ASM','HN12_C101_WEB_ASM','NOT SPECIFIED',(#7158));
#7160=PRODUCT_DEFINITION_FORMATION_WITH_SPECIFIED_SOURCE('5','LAST_VERSION',
#7159,.MADE.);
#7162=PRODUCT_CATEGORY('part','');
#7163=PRODUCT_RELATED_PRODUCT_CATEGORY('assembly','',(#7159));
#7164=PRODUCT_CATEGORY_RELATIONSHIP('','',#7162,#7163);
#7165=PRODUCT_CATEGORY('part','');
#7166=PRODUCT_RELATED_PRODUCT_CATEGORY('detail','',(#5818,#6476,#7132));
#7167=PRODUCT_CATEGORY_RELATIONSHIP('','',#7165,#7166);
#7168=SECURITY_CLASSIFICATION_LEVEL('unclassified');
#7169=SECURITY_CLASSIFICATION('','',#7168);
#7170=CC_DESIGN_SECURITY_CLASSIFICATION(#7169,(#5819,#6477,#7133,#7160,#5826,
#6481,#7137));
#7171=APPROVAL_STATUS('approved');
#7172=APPROVAL(#7171,'');
#7173=CC_DESIGN_APPROVAL(#7172,(#7169,#5819,#6477,#7133,#7160,#5820,#6478,#7134,
#7161));
#7174=CALENDAR_DATE(121,8,6);
#7175=COORDINATED_UNIVERSAL_TIME_OFFSET(9,0,.AHEAD.);
#7176=LOCAL_TIME(14,29,5.8E1,#7175);
#7177=DATE_AND_TIME(#7174,#7176);
#7178=APPROVAL_DATE_TIME(#7177,#7172);
#7179=DATE_TIME_ROLE('creation_date');
#7180=CC_DESIGN_DATE_AND_TIME_ASSIGNMENT(#7177,#7179,(#5820,#6478,#7134,#7161));
#7181=DATE_TIME_ROLE('classification_date');
#7182=CC_DESIGN_DATE_AND_TIME_ASSIGNMENT(#7177,#7181,(#7169));
#7183=PERSON('UNSPECIFIED','UNSPECIFIED',$,$,$,$);
#7184=ORGANIZATION('UNSPECIFIED','UNSPECIFIED','UNSPECIFIED');
#7185=PERSON_AND_ORGANIZATION(#7183,#7184);
#7186=APPROVAL_ROLE('approver');
#7187=APPROVAL_PERSON_ORGANIZATION(#7185,#7172,#7186);
#7188=PERSON_AND_ORGANIZATION_ROLE('creator');
#7189=CC_DESIGN_PERSON_AND_ORGANIZATION_ASSIGNMENT(#7185,#7188,(#5819,#6477,
#7133,#7160,#5820,#6478,#7134,#7161));
#7190=PERSON_AND_ORGANIZATION_ROLE('design_supplier');
#7191=CC_DESIGN_PERSON_AND_ORGANIZATION_ASSIGNMENT(#7185,#7190,(#5819,#6477,
#7133,#7160));
#7192=PERSON_AND_ORGANIZATION_ROLE('classification_officer');
#7193=CC_DESIGN_PERSON_AND_ORGANIZATION_ASSIGNMENT(#7185,#7192,(#7169));
#7194=PERSON_AND_ORGANIZATION_ROLE('design_owner');
#7195=CC_DESIGN_PERSON_AND_ORGANIZATION_ASSIGNMENT(#7185,#7194,(#7159,#5818,
#6476,#7132));
#6=CIRCLE('',#5,1.5E0);
#27=CIRCLE('',#26,1.05E0);
#32=CIRCLE('',#31,1.05E0);
#49=CIRCLE('',#48,1.05E0);
#54=CIRCLE('',#53,1.05E0);
#59=CIRCLE('',#58,8.E-1);
#64=CIRCLE('',#63,8.E-1);
#69=CIRCLE('',#68,8.5E-1);
#74=CIRCLE('',#73,8.5E-1);
#79=CIRCLE('',#78,8.5E-1);
#84=CIRCLE('',#83,8.5E-1);
#89=CIRCLE('',#88,8.5E-1);
#94=CIRCLE('',#93,8.5E-1);
#99=CIRCLE('',#98,8.5E-1);
#104=CIRCLE('',#103,8.5E-1);
#109=CIRCLE('',#108,8.5E-1);
#114=CIRCLE('',#113,8.5E-1);
#119=CIRCLE('',#118,8.5E-1);
#124=CIRCLE('',#123,8.5E-1);
#145=CIRCLE('',#144,7.5E-1);
#150=CIRCLE('',#149,7.5E-1);
#155=CIRCLE('',#154,7.5E-1);
#160=CIRCLE('',#159,7.5E-1);
#177=CIRCLE('',#176,8.E-1);
#186=CIRCLE('',#185,1.05E0);
#191=CIRCLE('',#190,1.05E0);
#196=CIRCLE('',#195,1.05E0);
#201=CIRCLE('',#200,1.05E0);
#206=CIRCLE('',#205,1.05E0);
#211=CIRCLE('',#210,1.05E0);
#216=CIRCLE('',#215,1.05E0);
#221=CIRCLE('',#220,1.05E0);
#226=CIRCLE('',#225,1.05E0);
#231=CIRCLE('',#230,1.05E0);
#236=CIRCLE('',#235,1.05E0);
#241=CIRCLE('',#240,1.05E0);
#246=CIRCLE('',#245,1.05E0);
#251=CIRCLE('',#250,1.05E0);
#272=CIRCLE('',#271,7.5E-1);
#277=CIRCLE('',#276,7.5E-1);
#282=CIRCLE('',#281,7.5E-1);
#287=CIRCLE('',#286,7.5E-1);
#292=CIRCLE('',#291,8.E-1);
#301=CIRCLE('',#300,8.E-1);
#310=CIRCLE('',#309,8.E-1);
#331=CIRCLE('',#330,8.E-1);
#336=CIRCLE('',#335,8.E-1);
#341=CIRCLE('',#340,8.E-1);
#350=CIRCLE('',#349,8.E-1);
#359=CIRCLE('',#358,8.E-1);
#380=CIRCLE('',#379,8.E-1);
#385=CIRCLE('',#384,8.E-1);
#394=CIRCLE('',#393,8.E-1);
#403=CIRCLE('',#402,8.E-1);
#424=CIRCLE('',#423,8.E-1);
#429=CIRCLE('',#428,8.E-1);
#438=CIRCLE('',#437,8.E-1);
#447=CIRCLE('',#446,8.E-1);
#468=CIRCLE('',#467,8.E-1);
#473=CIRCLE('',#472,8.E-1);
#482=CIRCLE('',#481,8.E-1);
#491=CIRCLE('',#490,8.E-1);
#512=CIRCLE('',#511,8.E-1);
#517=CIRCLE('',#516,8.E-1);
#526=CIRCLE('',#525,8.E-1);
#535=CIRCLE('',#534,8.E-1);
#556=CIRCLE('',#555,8.E-1);
#565=CIRCLE('',#564,4.E0);
#574=CIRCLE('',#573,4.E0);
#581=B_SPLINE_CURVE_WITH_KNOTS('',3,(#575,#576,#577,#578,#579,#580),
.UNSPECIFIED.,.F.,.F.,(4,1,1,4),(0.E0,3.333333333333E-1,6.666666666667E-1,1.E0),
.UNSPECIFIED.);
#586=CIRCLE('',#585,3.8E0);
#593=B_SPLINE_CURVE_WITH_KNOTS('',3,(#587,#588,#589,#590,#591,#592),
.UNSPECIFIED.,.F.,.F.,(4,1,1,4),(0.E0,3.333333333333E-1,6.666666666667E-1,1.E0),
.UNSPECIFIED.);
#598=CIRCLE('',#597,2.5E-1);
#603=CIRCLE('',#602,2.5E-1);
#624=CIRCLE('',#623,1.6E0);
#631=B_SPLINE_CURVE_WITH_KNOTS('',3,(#625,#626,#627,#628,#629,#630),
.UNSPECIFIED.,.F.,.F.,(4,1,1,4),(0.E0,3.333333333333E-1,6.666666666667E-1,1.E0),
.UNSPECIFIED.);
#636=CIRCLE('',#635,1.5E0);
#643=B_SPLINE_CURVE_WITH_KNOTS('',3,(#637,#638,#639,#640,#641,#642),
.UNSPECIFIED.,.F.,.F.,(4,1,1,4),(0.E0,3.333333333333E-1,6.666666666667E-1,1.E0),
.UNSPECIFIED.);
#648=CIRCLE('',#647,8.E-1);
#653=CIRCLE('',#652,8.E-1);
#658=CIRCLE('',#657,8.E-1);
#671=CIRCLE('',#670,8.E-1);
#684=CIRCLE('',#683,9.1E0);
#691=B_SPLINE_CURVE_WITH_KNOTS('',3,(#685,#686,#687,#688,#689,#690),
.UNSPECIFIED.,.F.,.F.,(4,1,1,4),(0.E0,3.333333333333E-1,6.666666666667E-1,1.E0),
.UNSPECIFIED.);
#696=CIRCLE('',#695,8.9E0);
#703=B_SPLINE_CURVE_WITH_KNOTS('',3,(#697,#698,#699,#700,#701,#702),
.UNSPECIFIED.,.F.,.F.,(4,1,1,4),(0.E0,3.333333333333E-1,6.666666666667E-1,1.E0),
.UNSPECIFIED.);
#708=CIRCLE('',#707,9.1E0);
#715=B_SPLINE_CURVE_WITH_KNOTS('',3,(#709,#710,#711,#712,#713,#714),
.UNSPECIFIED.,.F.,.F.,(4,1,1,4),(0.E0,3.333333333333E-1,6.666666666667E-1,1.E0),
.UNSPECIFIED.);
#720=CIRCLE('',#719,8.9E0);
#727=B_SPLINE_CURVE_WITH_KNOTS('',3,(#721,#722,#723,#724,#725,#726),
.UNSPECIFIED.,.F.,.F.,(4,1,1,4),(0.E0,3.333333333333E-1,6.666666666667E-1,1.E0),
.UNSPECIFIED.);
#748=CIRCLE('',#747,9.75E0);
#755=B_SPLINE_CURVE_WITH_KNOTS('',3,(#749,#750,#751,#752,#753,#754),
.UNSPECIFIED.,.F.,.F.,(4,1,1,4),(0.E0,3.333333333333E-1,6.666666666667E-1,1.E0),
.UNSPECIFIED.);
#760=CIRCLE('',#759,9.55E0);
#767=B_SPLINE_CURVE_WITH_KNOTS('',3,(#761,#762,#763,#764,#765,#766),
.UNSPECIFIED.,.F.,.F.,(4,1,1,4),(0.E0,3.333333333333E-1,6.666666666667E-1,1.E0),
.UNSPECIFIED.);
#772=CIRCLE('',#771,9.75E0);
#779=B_SPLINE_CURVE_WITH_KNOTS('',3,(#773,#774,#775,#776,#777,#778),
.UNSPECIFIED.,.F.,.F.,(4,1,1,4),(0.E0,3.333333333333E-1,6.666666666667E-1,1.E0),
.UNSPECIFIED.);
#784=CIRCLE('',#783,9.55E0);
#791=B_SPLINE_CURVE_WITH_KNOTS('',3,(#785,#786,#787,#788,#789,#790),
.UNSPECIFIED.,.F.,.F.,(4,1,1,4),(0.E0,3.333333333333E-1,6.666666666667E-1,1.E0),
.UNSPECIFIED.);
#812=CIRCLE('',#811,9.55E0);
#819=B_SPLINE_CURVE_WITH_KNOTS('',3,(#813,#814,#815,#816,#817,#818),
.UNSPECIFIED.,.F.,.F.,(4,1,1,4),(0.E0,3.333333333333E-1,6.666666666667E-1,1.E0),
.UNSPECIFIED.);
#824=CIRCLE('',#823,9.75E0);
#831=B_SPLINE_CURVE_WITH_KNOTS('',3,(#825,#826,#827,#828,#829,#830),
.UNSPECIFIED.,.F.,.F.,(4,1,1,4),(0.E0,3.333333333333E-1,6.666666666667E-1,1.E0),
.UNSPECIFIED.);
#836=CIRCLE('',#835,9.55E0);
#843=B_SPLINE_CURVE_WITH_KNOTS('',3,(#837,#838,#839,#840,#841,#842),
.UNSPECIFIED.,.F.,.F.,(4,1,1,4),(0.E0,3.333333333333E-1,6.666666666667E-1,1.E0),
.UNSPECIFIED.);
#848=CIRCLE('',#847,9.75E0);
#855=B_SPLINE_CURVE_WITH_KNOTS('',3,(#849,#850,#851,#852,#853,#854),
.UNSPECIFIED.,.F.,.F.,(4,1,1,4),(0.E0,3.333333333333E-1,6.666666666667E-1,1.E0),
.UNSPECIFIED.);
#860=CIRCLE('',#859,3.E0);
#869=CIRCLE('',#868,3.E0);
#902=CIRCLE('',#901,1.E-1);
#911=CIRCLE('',#910,1.E-1);
#924=CIRCLE('',#923,2.7E0);
#933=CIRCLE('',#932,2.7E0);
#942=CIRCLE('',#941,2.7E0);
#951=CIRCLE('',#950,2.7E0);
#960=CIRCLE('',#959,2.7E0);
#969=CIRCLE('',#968,2.7E0);
#978=CIRCLE('',#977,2.7E0);
#987=CIRCLE('',#986,2.7E0);
#996=CIRCLE('',#995,2.7E0);
#1005=CIRCLE('',#1004,2.7E0);
#1014=CIRCLE('',#1013,2.7E0);
#1023=CIRCLE('',#1022,2.7E0);
#1032=CIRCLE('',#1031,2.7E0);
#1041=CIRCLE('',#1040,2.7E0);
#1050=CIRCLE('',#1049,2.7E0);
#1059=CIRCLE('',#1058,2.7E0);
#1068=CIRCLE('',#1067,2.7E0);
#1077=CIRCLE('',#1076,2.7E0);
#1086=CIRCLE('',#1085,2.7E0);
#1095=CIRCLE('',#1094,2.7E0);
#1104=CIRCLE('',#1103,2.7E0);
#1113=CIRCLE('',#1112,2.7E0);
#1122=CIRCLE('',#1121,2.7E0);
#1131=CIRCLE('',#1130,2.7E0);
#1140=CIRCLE('',#1139,2.7E0);
#1149=CIRCLE('',#1148,2.7E0);
#1158=CIRCLE('',#1157,2.7E0);
#1167=CIRCLE('',#1166,2.7E0);
#1176=CIRCLE('',#1175,2.7E0);
#1185=CIRCLE('',#1184,2.7E0);
#1194=CIRCLE('',#1193,2.7E0);
#1203=CIRCLE('',#1202,2.7E0);
#1212=CIRCLE('',#1211,2.7E0);
#1221=CIRCLE('',#1220,2.7E0);
#1230=CIRCLE('',#1229,2.7E0);
#1239=CIRCLE('',#1238,2.7E0);
#1248=CIRCLE('',#1247,2.7E0);
#1257=CIRCLE('',#1256,2.7E0);
#1278=CIRCLE('',#1277,1.E-1);
#1287=CIRCLE('',#1286,1.E-1);
#1308=CIRCLE('',#1307,1.E-1);
#1317=CIRCLE('',#1316,1.E-1);
#1342=CIRCLE('',#1341,1.E-1);
#1351=CIRCLE('',#1350,1.E-1);
#1376=CIRCLE('',#1375,1.E-1);
#1385=CIRCLE('',#1384,1.E-1);
#1410=CIRCLE('',#1409,1.E-1);
#1419=CIRCLE('',#1418,1.E-1);
#1444=CIRCLE('',#1443,1.E-1);
#1453=CIRCLE('',#1452,1.E-1);
#1490=CIRCLE('',#1489,1.E-1);
#1499=CIRCLE('',#1498,1.E-1);
#1524=CIRCLE('',#1523,1.E-1);
#1533=CIRCLE('',#1532,1.E-1);
#1558=CIRCLE('',#1557,1.E-1);
#1567=CIRCLE('',#1566,1.E-1);
#1592=CIRCLE('',#1591,1.E-1);
#1601=CIRCLE('',#1600,1.E-1);
#1626=CIRCLE('',#1625,1.E-1);
#1635=CIRCLE('',#1634,1.E-1);
#1660=CIRCLE('',#1659,1.E-1);
#1669=CIRCLE('',#1668,1.E-1);
#1694=CIRCLE('',#1693,1.E-1);
#1703=CIRCLE('',#1702,1.E-1);
#1728=CIRCLE('',#1727,1.E-1);
#1737=CIRCLE('',#1736,1.E-1);
#1762=CIRCLE('',#1761,1.E-1);
#1771=CIRCLE('',#1770,1.E-1);
#1796=CIRCLE('',#1795,1.E-1);
#1805=CIRCLE('',#1804,1.E-1);
#1830=CIRCLE('',#1829,1.E-1);
#1839=CIRCLE('',#1838,1.E-1);
#1864=CIRCLE('',#1863,1.E-1);
#1873=CIRCLE('',#1872,1.E-1);
#2451=EDGE_CURVE('',#2401,#2399,#6,.T.);
#2453=EDGE_CURVE('',#2187,#2399,#10,.T.);
#2455=EDGE_CURVE('',#2186,#2187,#636,.T.);
#2457=EDGE_CURVE('',#2186,#2401,#14,.T.);
#2468=EDGE_CURVE('',#2405,#2401,#18,.T.);
#2470=EDGE_CURVE('',#2403,#2405,#869,.T.);
#2472=EDGE_CURVE('',#2403,#2399,#22,.T.);
#2482=EDGE_CURVE('',#2309,#2395,#132,.T.);
#2484=EDGE_CURVE('',#2413,#2309,#897,.T.);
#2486=EDGE_CURVE('',#2412,#2413,#877,.T.);
#2488=EDGE_CURVE('',#2405,#2412,#873,.T.);
#2492=EDGE_CURVE('',#2191,#2186,#631,.T.);
#2494=EDGE_CURVE('',#2178,#2191,#607,.T.);
#2496=EDGE_CURVE('',#2178,#2183,#581,.T.);
#2498=EDGE_CURVE('',#2183,#2175,#569,.T.);
#2500=EDGE_CURVE('',#2162,#2175,#267,.T.);
#2502=EDGE_CURVE('',#2162,#2167,#855,.T.);
#2504=EDGE_CURVE('',#2167,#2385,#799,.T.);
#2506=EDGE_CURVE('',#2385,#2387,#791,.T.);
#2508=EDGE_CURVE('',#2387,#2393,#735,.T.);
#2510=EDGE_CURVE('',#2393,#2395,#727,.T.);
#2514=EDGE_CURVE('',#2205,#2209,#27,.T.);
#2516=EDGE_CURVE('',#2209,#2205,#32,.T.);
#2526=EDGE_CURVE('',#2204,#2205,#36,.T.);
#2529=EDGE_CURVE('',#2208,#2209,#40,.T.);
#2531=EDGE_CURVE('',#2204,#2208,#49,.T.);
#2542=EDGE_CURVE('',#2208,#2204,#54,.T.);
#2554=EDGE_CURVE('',#2367,#2365,#136,.T.);
#2556=EDGE_CURVE('',#2375,#2367,#715,.T.);
#2558=EDGE_CURVE('',#2374,#2375,#731,.T.);
#2560=EDGE_CURVE('',#2379,#2374,#779,.T.);
#2562=EDGE_CURVE('',#2166,#2379,#795,.T.);
#2564=EDGE_CURVE('',#2163,#2166,#843,.T.);
#2566=EDGE_CURVE('',#2163,#2381,#263,.T.);
#2568=EDGE_CURVE('',#2381,#2365,#44,.T.);
#2582=EDGE_CURVE('',#2397,#2313,#128,.T.);
#2584=EDGE_CURVE('',#2313,#2236,#1469,.T.);
#2586=EDGE_CURVE('',#2236,#2237,#1032,.T.);
#2588=EDGE_CURVE('',#2237,#2317,#1481,.T.);
#2590=EDGE_CURVE('',#2317,#2315,#1490,.T.);
#2592=EDGE_CURVE('',#2315,#2240,#1503,.T.);
#2594=EDGE_CURVE('',#2240,#2241,#1050,.T.);
#2596=EDGE_CURVE('',#2241,#2321,#1515,.T.);
#2598=EDGE_CURVE('',#2321,#2319,#1524,.T.);
#2600=EDGE_CURVE('',#2319,#2244,#1537,.T.);
#2602=EDGE_CURVE('',#2244,#2245,#1068,.T.);
#2604=EDGE_CURVE('',#2245,#2325,#1549,.T.);
#2606=EDGE_CURVE('',#2325,#2323,#1558,.T.);
#2608=EDGE_CURVE('',#2323,#2248,#1571,.T.);
#2610=EDGE_CURVE('',#2248,#2249,#1086,.T.);
#2612=EDGE_CURVE('',#2249,#2329,#1583,.T.);
#2614=EDGE_CURVE('',#2329,#2327,#1592,.T.);
#2616=EDGE_CURVE('',#2327,#2252,#1605,.T.);
#2618=EDGE_CURVE('',#2252,#2253,#1104,.T.);
#2620=EDGE_CURVE('',#2253,#2333,#1617,.T.);
#2622=EDGE_CURVE('',#2333,#2331,#1626,.T.);
#2624=EDGE_CURVE('',#2331,#2256,#1639,.T.);
#2626=EDGE_CURVE('',#2256,#2257,#1122,.T.);
#2628=EDGE_CURVE('',#2257,#2337,#1651,.T.);
#2630=EDGE_CURVE('',#2337,#2335,#1660,.T.);
#2632=EDGE_CURVE('',#2335,#2260,#1673,.T.);
#2634=EDGE_CURVE('',#2260,#2261,#1140,.T.);
#2636=EDGE_CURVE('',#2261,#2341,#1685,.T.);
#2638=EDGE_CURVE('',#2341,#2339,#1694,.T.);
#2640=EDGE_CURVE('',#2339,#2264,#1707,.T.);
#2642=EDGE_CURVE('',#2264,#2265,#1158,.T.);
#2644=EDGE_CURVE('',#2265,#2345,#1719,.T.);
#2646=EDGE_CURVE('',#2345,#2343,#1728,.T.);
#2648=EDGE_CURVE('',#2343,#2268,#1741,.T.);
#2650=EDGE_CURVE('',#2268,#2269,#1176,.T.);
#2652=EDGE_CURVE('',#2269,#2349,#1753,.T.);
#2654=EDGE_CURVE('',#2349,#2347,#1762,.T.);
#2656=EDGE_CURVE('',#2347,#2272,#1775,.T.);
#2658=EDGE_CURVE('',#2272,#2273,#1194,.T.);
#2660=EDGE_CURVE('',#2273,#2353,#1787,.T.);
#2662=EDGE_CURVE('',#2353,#2351,#1796,.T.);
#2664=EDGE_CURVE('',#2351,#2276,#1809,.T.);
#2666=EDGE_CURVE('',#2276,#2277,#1212,.T.);
#2668=EDGE_CURVE('',#2277,#2357,#1821,.T.);
#2670=EDGE_CURVE('',#2357,#2355,#1830,.T.);
#2672=EDGE_CURVE('',#2355,#2280,#1843,.T.);
#2674=EDGE_CURVE('',#2280,#2281,#1230,.T.);
#2676=EDGE_CURVE('',#2281,#2361,#1855,.T.);
#2678=EDGE_CURVE('',#2361,#2359,#1864,.T.);
#2680=EDGE_CURVE('',#2359,#2284,#1877,.T.);
#2682=EDGE_CURVE('',#2284,#2285,#1248,.T.);
#2684=EDGE_CURVE('',#2285,#2289,#1291,.T.);
#2686=EDGE_CURVE('',#2289,#2287,#1278,.T.);
#2688=EDGE_CURVE('',#2287,#2212,#1265,.T.);
#2690=EDGE_CURVE('',#2212,#2213,#924,.T.);
#2692=EDGE_CURVE('',#2213,#2293,#1299,.T.);
#2694=EDGE_CURVE('',#2293,#2291,#1308,.T.);
#2696=EDGE_CURVE('',#2291,#2216,#1321,.T.);
#2698=EDGE_CURVE('',#2216,#2217,#942,.T.);
#2700=EDGE_CURVE('',#2217,#2297,#1333,.T.);
#2702=EDGE_CURVE('',#2297,#2295,#1342,.T.);
#2704=EDGE_CURVE('',#2295,#2220,#1355,.T.);
#2706=EDGE_CURVE('',#2220,#2221,#960,.T.);
#2708=EDGE_CURVE('',#2221,#2301,#1367,.T.);
#2710=EDGE_CURVE('',#2301,#2299,#1376,.T.);
#2712=EDGE_CURVE('',#2299,#2224,#1389,.T.);
#2714=EDGE_CURVE('',#2224,#2225,#978,.T.);
#2716=EDGE_CURVE('',#2225,#2305,#1401,.T.);
#2718=EDGE_CURVE('',#2305,#2303,#1410,.T.);
#2720=EDGE_CURVE('',#2303,#2228,#1423,.T.);
#2722=EDGE_CURVE('',#2228,#2229,#996,.T.);
#2724=EDGE_CURVE('',#2229,#2417,#1435,.T.);
#2726=EDGE_CURVE('',#2417,#2415,#1444,.T.);
#2728=EDGE_CURVE('',#2415,#2232,#1457,.T.);
#2730=EDGE_CURVE('',#2232,#2233,#1014,.T.);
#2732=EDGE_CURVE('',#2233,#2311,#915,.T.);
#2734=EDGE_CURVE('',#2311,#2308,#902,.T.);
#2736=EDGE_CURVE('',#2308,#2309,#885,.T.);
#2739=EDGE_CURVE('',#2367,#2395,#720,.T.);
#2742=EDGE_CURVE('',#2364,#2365,#140,.T.);
#2744=EDGE_CURVE('',#2397,#2364,#696,.T.);
#2748=EDGE_CURVE('',#1952,#1953,#69,.T.);
#2750=EDGE_CURVE('',#1953,#1952,#74,.T.);
#2754=EDGE_CURVE('',#1960,#1961,#79,.T.);
#2756=EDGE_CURVE('',#1961,#1960,#84,.T.);
#2760=EDGE_CURVE('',#1968,#1969,#89,.T.);
#2762=EDGE_CURVE('',#1969,#1968,#94,.T.);
#2766=EDGE_CURVE('',#1976,#1977,#99,.T.);
#2768=EDGE_CURVE('',#1977,#1976,#104,.T.);
#2772=EDGE_CURVE('',#1984,#1985,#109,.T.);
#2774=EDGE_CURVE('',#1985,#1984,#114,.T.);
#2778=EDGE_CURVE('',#1992,#1993,#119,.T.);
#2780=EDGE_CURVE('',#1993,#1992,#124,.T.);
#2784=EDGE_CURVE('',#2424,#2425,#59,.T.);
#2786=EDGE_CURVE('',#2425,#2424,#64,.T.);
#2790=EDGE_CURVE('',#2432,#2433,#145,.T.);
#2792=EDGE_CURVE('',#2433,#2432,#150,.T.);
#2796=EDGE_CURVE('',#2441,#2445,#155,.T.);
#2798=EDGE_CURVE('',#2445,#2441,#160,.T.);
#2809=EDGE_CURVE('',#2425,#2421,#168,.T.);
#2811=EDGE_CURVE('',#2420,#2421,#336,.T.);
#2813=EDGE_CURVE('',#2424,#2420,#164,.T.);
#2825=EDGE_CURVE('',#2420,#2421,#177,.T.);
#2836=EDGE_CURVE('',#2429,#2428,#201,.T.);
#2838=EDGE_CURVE('',#2421,#2429,#172,.T.);
#2841=EDGE_CURVE('',#2420,#2428,#181,.T.);
#2851=EDGE_CURVE('',#2174,#2175,#565,.T.);
#2853=EDGE_CURVE('',#2174,#2159,#255,.T.);
#2855=EDGE_CURVE('',#2158,#2159,#812,.T.);
#2857=EDGE_CURVE('',#2158,#2381,#259,.T.);
#2860=EDGE_CURVE('',#2162,#2163,#836,.T.);
#2865=EDGE_CURVE('',#2428,#2429,#196,.T.);
#2870=EDGE_CURVE('',#1916,#1917,#206,.T.);
#2872=EDGE_CURVE('',#1917,#1916,#211,.T.);
#2876=EDGE_CURVE('',#1924,#1925,#216,.T.);
#2878=EDGE_CURVE('',#1925,#1924,#221,.T.);
#2882=EDGE_CURVE('',#1932,#1933,#226,.T.);
#2884=EDGE_CURVE('',#1933,#1932,#231,.T.);
#2888=EDGE_CURVE('',#1940,#1941,#236,.T.);
#2890=EDGE_CURVE('',#1941,#1940,#241,.T.);
#2894=EDGE_CURVE('',#1948,#1949,#246,.T.);
#2896=EDGE_CURVE('',#1949,#1948,#251,.T.);
#2900=EDGE_CURVE('',#1908,#1909,#186,.T.);
#2902=EDGE_CURVE('',#1909,#1908,#191,.T.);
#2906=EDGE_CURVE('',#2436,#2437,#272,.T.);
#2908=EDGE_CURVE('',#2437,#2436,#277,.T.);
#2912=EDGE_CURVE('',#2440,#2444,#282,.T.);
#2914=EDGE_CURVE('',#2444,#2440,#287,.T.);
#2925=EDGE_CURVE('',#1904,#1908,#305,.T.);
#2927=EDGE_CURVE('',#1904,#1905,#292,.T.);
#2929=EDGE_CURVE('',#1905,#1909,#296,.T.);
#2941=EDGE_CURVE('',#1904,#1905,#301,.T.);
#2952=EDGE_CURVE('',#1956,#1957,#310,.T.);
#2954=EDGE_CURVE('',#1957,#1904,#314,.T.);
#2957=EDGE_CURVE('',#1956,#1905,#318,.T.);
#2968=EDGE_CURVE('',#1957,#1953,#326,.T.);
#2971=EDGE_CURVE('',#1952,#1956,#322,.T.);
#2983=EDGE_CURVE('',#1957,#1956,#331,.T.);
#3019=EDGE_CURVE('',#1912,#1916,#354,.T.);
#3021=EDGE_CURVE('',#1912,#1913,#341,.T.);
#3023=EDGE_CURVE('',#1913,#1917,#345,.T.);
#3035=EDGE_CURVE('',#1912,#1913,#350,.T.);
#3046=EDGE_CURVE('',#1996,#1997,#359,.T.);
#3048=EDGE_CURVE('',#1997,#1912,#363,.T.);
#3051=EDGE_CURVE('',#1996,#1913,#367,.T.);
#3062=EDGE_CURVE('',#1993,#1997,#375,.T.);
#3065=EDGE_CURVE('',#1992,#1996,#371,.T.);
#3077=EDGE_CURVE('',#1997,#1996,#380,.T.);
#3101=EDGE_CURVE('',#1920,#1924,#398,.T.);
#3103=EDGE_CURVE('',#1920,#1921,#385,.T.);
#3105=EDGE_CURVE('',#1921,#1925,#389,.T.);
#3117=EDGE_CURVE('',#1920,#1921,#394,.T.);
#3128=EDGE_CURVE('',#1988,#1989,#403,.T.);
#3130=EDGE_CURVE('',#1989,#1920,#407,.T.);
#3133=EDGE_CURVE('',#1988,#1921,#411,.T.);
#3144=EDGE_CURVE('',#1989,#1985,#419,.T.);
#3147=EDGE_CURVE('',#1984,#1988,#415,.T.);
#3159=EDGE_CURVE('',#1989,#1988,#424,.T.);
#3183=EDGE_CURVE('',#1928,#1932,#442,.T.);
#3185=EDGE_CURVE('',#1928,#1929,#429,.T.);
#3187=EDGE_CURVE('',#1929,#1933,#433,.T.);
#3199=EDGE_CURVE('',#1928,#1929,#438,.T.);
#3210=EDGE_CURVE('',#1980,#1981,#447,.T.);
#3212=EDGE_CURVE('',#1981,#1928,#451,.T.);
#3215=EDGE_CURVE('',#1980,#1929,#455,.T.);
#3226=EDGE_CURVE('',#1977,#1981,#463,.T.);
#3229=EDGE_CURVE('',#1976,#1980,#459,.T.);
#3241=EDGE_CURVE('',#1981,#1980,#468,.T.);
#3265=EDGE_CURVE('',#1936,#1940,#486,.T.);
#3267=EDGE_CURVE('',#1936,#1937,#473,.T.);
#3269=EDGE_CURVE('',#1937,#1941,#477,.T.);
#3281=EDGE_CURVE('',#1936,#1937,#482,.T.);
#3292=EDGE_CURVE('',#1972,#1973,#491,.T.);
#3294=EDGE_CURVE('',#1973,#1936,#495,.T.);
#3297=EDGE_CURVE('',#1972,#1937,#499,.T.);
#3308=EDGE_CURVE('',#1973,#1969,#507,.T.);
#3311=EDGE_CURVE('',#1968,#1972,#503,.T.);
#3323=EDGE_CURVE('',#1973,#1972,#512,.T.);
#3347=EDGE_CURVE('',#1944,#1948,#530,.T.);
#3349=EDGE_CURVE('',#1944,#1945,#517,.T.);
#3351=EDGE_CURVE('',#1945,#1949,#521,.T.);
#3363=EDGE_CURVE('',#1944,#1945,#526,.T.);
#3374=EDGE_CURVE('',#1964,#1965,#535,.T.);
#3376=EDGE_CURVE('',#1965,#1944,#539,.T.);
#3379=EDGE_CURVE('',#1964,#1945,#543,.T.);
#3390=EDGE_CURVE('',#1961,#1965,#551,.T.);
#3393=EDGE_CURVE('',#1960,#1964,#547,.T.);
#3405=EDGE_CURVE('',#1965,#1964,#556,.T.);
#3428=EDGE_CURVE('',#2182,#2183,#574,.T.);
#3430=EDGE_CURVE('',#2182,#2174,#560,.T.);
#3444=EDGE_CURVE('',#2178,#2179,#586,.T.);
#3446=EDGE_CURVE('',#2182,#2179,#593,.T.);
#3458=EDGE_CURVE('',#2190,#2191,#624,.T.);
#3460=EDGE_CURVE('',#2179,#2190,#611,.T.);
#3464=EDGE_CURVE('',#2152,#2153,#598,.T.);
#3466=EDGE_CURVE('',#2153,#2152,#603,.T.);
#3477=EDGE_CURVE('',#2155,#2153,#619,.T.);
#3479=EDGE_CURVE('',#2155,#2152,#615,.T.);
#3503=EDGE_CURVE('',#2187,#2190,#643,.T.);
#3514=EDGE_CURVE('',#2397,#2391,#691,.T.);
#3516=EDGE_CURVE('',#2391,#2389,#739,.T.);
#3518=EDGE_CURVE('',#2389,#2383,#755,.T.);
#3520=EDGE_CURVE('',#2170,#2383,#803,.T.);
#3522=EDGE_CURVE('',#2170,#2159,#819,.T.);
#3531=EDGE_CURVE('',#2403,#2408,#864,.T.);
#3533=EDGE_CURVE('',#2408,#2409,#881,.T.);
#3535=EDGE_CURVE('',#2409,#2313,#1473,.T.);
#3539=EDGE_CURVE('',#2199,#2201,#648,.T.);
#3541=EDGE_CURVE('',#2201,#2199,#653,.T.);
#3551=EDGE_CURVE('',#2194,#2199,#662,.T.);
#3553=EDGE_CURVE('',#2194,#2197,#658,.T.);
#3555=EDGE_CURVE('',#2197,#2201,#666,.T.);
#3569=EDGE_CURVE('',#2194,#2197,#671,.T.);
#3579=EDGE_CURVE('',#2194,#2195,#675,.T.);
#3582=EDGE_CURVE('',#2195,#2197,#679,.T.);
#3603=EDGE_CURVE('',#2371,#2391,#684,.T.);
#3607=EDGE_CURVE('',#2364,#2371,#703,.T.);
#3617=EDGE_CURVE('',#2393,#2375,#708,.T.);
#3630=EDGE_CURVE('',#2374,#2387,#784,.T.);
#3643=EDGE_CURVE('',#2389,#2370,#760,.T.);
#3647=EDGE_CURVE('',#2370,#2371,#743,.T.);
#3657=EDGE_CURVE('',#2377,#2383,#748,.T.);
#3661=EDGE_CURVE('',#2370,#2377,#767,.T.);
#3671=EDGE_CURVE('',#2385,#2379,#772,.T.);
#3684=EDGE_CURVE('',#2166,#2167,#848,.T.);
#3697=EDGE_CURVE('',#2170,#2171,#824,.T.);
#3701=EDGE_CURVE('',#2171,#2377,#807,.T.);
#3714=EDGE_CURVE('',#2171,#2158,#831,.T.);
#3752=EDGE_CURVE('',#2412,#2408,#860,.T.);
#3767=EDGE_CURVE('',#2101,#2413,#893,.T.);
#3769=EDGE_CURVE('',#2099,#2101,#911,.T.);
#3771=EDGE_CURVE('',#2021,#2099,#919,.T.);
#3773=EDGE_CURVE('',#2020,#2021,#1023,.T.);
#3775=EDGE_CURVE('',#2095,#2020,#1465,.T.);
#3777=EDGE_CURVE('',#2097,#2095,#1453,.T.);
#3779=EDGE_CURVE('',#2017,#2097,#1439,.T.);
#3781=EDGE_CURVE('',#2016,#2017,#1005,.T.);
#3783=EDGE_CURVE('',#2091,#2016,#1431,.T.);
#3785=EDGE_CURVE('',#2093,#2091,#1419,.T.);
#3787=EDGE_CURVE('',#2013,#2093,#1405,.T.);
#3789=EDGE_CURVE('',#2012,#2013,#987,.T.);
#3791=EDGE_CURVE('',#2087,#2012,#1397,.T.);
#3793=EDGE_CURVE('',#2089,#2087,#1385,.T.);
#3795=EDGE_CURVE('',#2009,#2089,#1371,.T.);
#3797=EDGE_CURVE('',#2008,#2009,#969,.T.);
#3799=EDGE_CURVE('',#2083,#2008,#1363,.T.);
#3801=EDGE_CURVE('',#2085,#2083,#1351,.T.);
#3803=EDGE_CURVE('',#2005,#2085,#1337,.T.);
#3805=EDGE_CURVE('',#2004,#2005,#951,.T.);
#3807=EDGE_CURVE('',#2079,#2004,#1329,.T.);
#3809=EDGE_CURVE('',#2081,#2079,#1317,.T.);
#3811=EDGE_CURVE('',#2001,#2081,#1303,.T.);
#3813=EDGE_CURVE('',#2000,#2001,#933,.T.);
#3815=EDGE_CURVE('',#2075,#2000,#1273,.T.);
#3817=EDGE_CURVE('',#2077,#2075,#1287,.T.);
#3819=EDGE_CURVE('',#2073,#2077,#1295,.T.);
#3821=EDGE_CURVE('',#2072,#2073,#1257,.T.);
#3823=EDGE_CURVE('',#2147,#2072,#1885,.T.);
#3825=EDGE_CURVE('',#2149,#2147,#1873,.T.);
#3827=EDGE_CURVE('',#2069,#2149,#1859,.T.);
#3829=EDGE_CURVE('',#2068,#2069,#1239,.T.);
#3831=EDGE_CURVE('',#2143,#2068,#1851,.T.);
#3833=EDGE_CURVE('',#2145,#2143,#1839,.T.);
#3835=EDGE_CURVE('',#2065,#2145,#1825,.T.);
#3837=EDGE_CURVE('',#2064,#2065,#1221,.T.);
#3839=EDGE_CURVE('',#2139,#2064,#1817,.T.);
#3841=EDGE_CURVE('',#2141,#2139,#1805,.T.);
#3843=EDGE_CURVE('',#2061,#2141,#1791,.T.);
#3845=EDGE_CURVE('',#2060,#2061,#1203,.T.);
#3847=EDGE_CURVE('',#2135,#2060,#1783,.T.);
#3849=EDGE_CURVE('',#2137,#2135,#1771,.T.);
#3851=EDGE_CURVE('',#2057,#2137,#1757,.T.);
#3853=EDGE_CURVE('',#2056,#2057,#1185,.T.);
#3855=EDGE_CURVE('',#2131,#2056,#1749,.T.);
#3857=EDGE_CURVE('',#2133,#2131,#1737,.T.);
#3859=EDGE_CURVE('',#2053,#2133,#1723,.T.);
#3861=EDGE_CURVE('',#2052,#2053,#1167,.T.);
#3863=EDGE_CURVE('',#2127,#2052,#1715,.T.);
#3865=EDGE_CURVE('',#2129,#2127,#1703,.T.);
#3867=EDGE_CURVE('',#2049,#2129,#1689,.T.);
#3869=EDGE_CURVE('',#2048,#2049,#1149,.T.);
#3871=EDGE_CURVE('',#2123,#2048,#1681,.T.);
#3873=EDGE_CURVE('',#2125,#2123,#1669,.T.);
#3875=EDGE_CURVE('',#2045,#2125,#1655,.T.);
#3877=EDGE_CURVE('',#2044,#2045,#1131,.T.);
#3879=EDGE_CURVE('',#2119,#2044,#1647,.T.);
#3881=EDGE_CURVE('',#2121,#2119,#1635,.T.);
#3883=EDGE_CURVE('',#2041,#2121,#1621,.T.);
#3885=EDGE_CURVE('',#2040,#2041,#1113,.T.);
#3887=EDGE_CURVE('',#2115,#2040,#1613,.T.);
#3889=EDGE_CURVE('',#2117,#2115,#1601,.T.);
#3891=EDGE_CURVE('',#2037,#2117,#1587,.T.);
#3893=EDGE_CURVE('',#2036,#2037,#1095,.T.);
#3895=EDGE_CURVE('',#2111,#2036,#1579,.T.);
#3897=EDGE_CURVE('',#2113,#2111,#1567,.T.);
#3899=EDGE_CURVE('',#2033,#2113,#1553,.T.);
#3901=EDGE_CURVE('',#2032,#2033,#1077,.T.);
#3903=EDGE_CURVE('',#2107,#2032,#1545,.T.);
#3905=EDGE_CURVE('',#2109,#2107,#1533,.T.);
#3907=EDGE_CURVE('',#2029,#2109,#1519,.T.);
#3909=EDGE_CURVE('',#2028,#2029,#1059,.T.);
#3911=EDGE_CURVE('',#2103,#2028,#1511,.T.);
#3913=EDGE_CURVE('',#2105,#2103,#1499,.T.);
#3915=EDGE_CURVE('',#2025,#2105,#1485,.T.);
#3917=EDGE_CURVE('',#2024,#2025,#1041,.T.);
#3919=EDGE_CURVE('',#2409,#2024,#1477,.T.);
#3931=EDGE_CURVE('',#2308,#2101,#889,.T.);
#3944=EDGE_CURVE('',#2311,#2099,#906,.T.);
#3957=EDGE_CURVE('',#2021,#2233,#1027,.T.);
#3970=EDGE_CURVE('',#2000,#2212,#928,.T.);
#3973=EDGE_CURVE('',#2001,#2213,#937,.T.);
#3984=EDGE_CURVE('',#2004,#2216,#946,.T.);
#3987=EDGE_CURVE('',#2005,#2217,#955,.T.);
#3998=EDGE_CURVE('',#2008,#2220,#964,.T.);
#4001=EDGE_CURVE('',#2009,#2221,#973,.T.);
#4012=EDGE_CURVE('',#2012,#2224,#982,.T.);
#4015=EDGE_CURVE('',#2013,#2225,#991,.T.);
#4026=EDGE_CURVE('',#2016,#2228,#1000,.T.);
#4029=EDGE_CURVE('',#2017,#2229,#1009,.T.);
#4040=EDGE_CURVE('',#2020,#2232,#1018,.T.);
#4053=EDGE_CURVE('',#2024,#2236,#1036,.T.);
#4056=EDGE_CURVE('',#2025,#2237,#1045,.T.);
#4067=EDGE_CURVE('',#2028,#2240,#1054,.T.);
#4070=EDGE_CURVE('',#2029,#2241,#1063,.T.);
#4081=EDGE_CURVE('',#2032,#2244,#1072,.T.);
#4084=EDGE_CURVE('',#2033,#2245,#1081,.T.);
#4095=EDGE_CURVE('',#2036,#2248,#1090,.T.);
#4098=EDGE_CURVE('',#2037,#2249,#1099,.T.);
#4109=EDGE_CURVE('',#2040,#2252,#1108,.T.);
#4112=EDGE_CURVE('',#2041,#2253,#1117,.T.);
#4123=EDGE_CURVE('',#2044,#2256,#1126,.T.);
#4126=EDGE_CURVE('',#2045,#2257,#1135,.T.);
#4137=EDGE_CURVE('',#2048,#2260,#1144,.T.);
#4140=EDGE_CURVE('',#2049,#2261,#1153,.T.);
#4151=EDGE_CURVE('',#2052,#2264,#1162,.T.);
#4154=EDGE_CURVE('',#2053,#2265,#1171,.T.);
#4165=EDGE_CURVE('',#2056,#2268,#1180,.T.);
#4168=EDGE_CURVE('',#2057,#2269,#1189,.T.);
#4179=EDGE_CURVE('',#2060,#2272,#1198,.T.);
#4182=EDGE_CURVE('',#2061,#2273,#1207,.T.);
#4193=EDGE_CURVE('',#2064,#2276,#1216,.T.);
#4196=EDGE_CURVE('',#2065,#2277,#1225,.T.);
#4207=EDGE_CURVE('',#2068,#2280,#1234,.T.);
#4210=EDGE_CURVE('',#2069,#2281,#1243,.T.);
#4221=EDGE_CURVE('',#2072,#2284,#1252,.T.);
#4224=EDGE_CURVE('',#2073,#2285,#1261,.T.);
#4235=EDGE_CURVE('',#2287,#2075,#1269,.T.);
#4248=EDGE_CURVE('',#2289,#2077,#1282,.T.);
#4275=EDGE_CURVE('',#2293,#2081,#1312,.T.);
#4288=EDGE_CURVE('',#2291,#2079,#1325,.T.);
#4313=EDGE_CURVE('',#2297,#2085,#1346,.T.);
#4326=EDGE_CURVE('',#2295,#2083,#1359,.T.);
#4351=EDGE_CURVE('',#2301,#2089,#1380,.T.);
#4364=EDGE_CURVE('',#2299,#2087,#1393,.T.);
#4389=EDGE_CURVE('',#2305,#2093,#1414,.T.);
#4402=EDGE_CURVE('',#2303,#2091,#1427,.T.);
#4427=EDGE_CURVE('',#2417,#2097,#1448,.T.);
#4440=EDGE_CURVE('',#2415,#2095,#1461,.T.);
#4477=EDGE_CURVE('',#2317,#2105,#1494,.T.);
#4490=EDGE_CURVE('',#2315,#2103,#1507,.T.);
#4515=EDGE_CURVE('',#2321,#2109,#1528,.T.);
#4528=EDGE_CURVE('',#2319,#2107,#1541,.T.);
#4553=EDGE_CURVE('',#2325,#2113,#1562,.T.);
#4566=EDGE_CURVE('',#2323,#2111,#1575,.T.);
#4591=EDGE_CURVE('',#2329,#2117,#1596,.T.);
#4604=EDGE_CURVE('',#2327,#2115,#1609,.T.);
#4629=EDGE_CURVE('',#2333,#2121,#1630,.T.);
#4642=EDGE_CURVE('',#2331,#2119,#1643,.T.);
#4667=EDGE_CURVE('',#2337,#2125,#1664,.T.);
#4680=EDGE_CURVE('',#2335,#2123,#1677,.T.);
#4705=EDGE_CURVE('',#2341,#2129,#1698,.T.);
#4718=EDGE_CURVE('',#2339,#2127,#1711,.T.);
#4743=EDGE_CURVE('',#2345,#2133,#1732,.T.);
#4756=EDGE_CURVE('',#2343,#2131,#1745,.T.);
#4781=EDGE_CURVE('',#2349,#2137,#1766,.T.);
#4794=EDGE_CURVE('',#2347,#2135,#1779,.T.);
#4819=EDGE_CURVE('',#2353,#2141,#1800,.T.);
#4832=EDGE_CURVE('',#2351,#2139,#1813,.T.);
#4857=EDGE_CURVE('',#2357,#2145,#1834,.T.);
#4870=EDGE_CURVE('',#2355,#2143,#1847,.T.);
#4895=EDGE_CURVE('',#2361,#2149,#1868,.T.);
#4908=EDGE_CURVE('',#2359,#2147,#1881,.T.);
#4931=EDGE_CURVE('',#2436,#2432,#1889,.T.);
#4934=EDGE_CURVE('',#2437,#2433,#1893,.T.);
#4956=EDGE_CURVE('',#2440,#2441,#1897,.T.);
#4959=EDGE_CURVE('',#2444,#2445,#1901,.T.);
#4982=CIRCLE('',#4981,1.E0);
#4987=CIRCLE('',#4986,1.E0);
#4994=B_SPLINE_CURVE_WITH_KNOTS('',3,(#4988,#4989,#4990,#4991,#4992,#4993),
.UNSPECIFIED.,.F.,.F.,(4,1,1,4),(0.E0,3.333333333333E-1,6.666666666667E-1,1.E0),
.UNSPECIFIED.);
#5001=B_SPLINE_CURVE_WITH_KNOTS('',3,(#4995,#4996,#4997,#4998,#4999,#5000),
.UNSPECIFIED.,.F.,.F.,(4,1,1,4),(0.E0,3.333333333333E-1,6.666666666667E-1,1.E0),
.UNSPECIFIED.);
#5006=CIRCLE('',#5005,1.E0);
#5011=CIRCLE('',#5010,1.E0);
#5020=CIRCLE('',#5019,1.E0);
#5043=EDGE_CURVE('',#5028,#5027,#4982,.T.);
#5045=EDGE_CURVE('',#5027,#5030,#5024,.T.);
#5047=EDGE_CURVE('',#5030,#5034,#4987,.T.);
#5049=EDGE_CURVE('',#5034,#5037,#4994,.T.);
#5051=EDGE_CURVE('',#5037,#5036,#5001,.T.);
#5053=EDGE_CURVE('',#5036,#5032,#5006,.T.);
#5055=EDGE_CURVE('',#5028,#5032,#5015,.T.);
#5065=EDGE_CURVE('',#5027,#5028,#5011,.T.);
#5068=EDGE_CURVE('',#5032,#5030,#5020,.T.);
#5080=CIRCLE('',#5079,1.E0);
#5085=CIRCLE('',#5084,1.E0);
#5094=B_SPLINE_CURVE_WITH_KNOTS('',3,(#5086,#5087,#5088,#5089,#5090,#5091,#5092,
#5093),.UNSPECIFIED.,.F.,.F.,(4,1,1,1,1,4),(0.E0,2.E-1,4.E-1,6.E-1,8.E-1,1.E0),
.UNSPECIFIED.);
#5099=CIRCLE('',#5098,1.E0);
#5104=CIRCLE('',#5103,1.E0);
#5113=CIRCLE('',#5112,1.E0);
#5135=EDGE_CURVE('',#5121,#5120,#5080,.T.);
#5137=EDGE_CURVE('',#5120,#5123,#5117,.T.);
#5139=EDGE_CURVE('',#5123,#5127,#5085,.T.);
#5141=EDGE_CURVE('',#5127,#5129,#5094,.T.);
#5143=EDGE_CURVE('',#5129,#5125,#5099,.T.);
#5145=EDGE_CURVE('',#5121,#5125,#5108,.T.);
#5155=EDGE_CURVE('',#5120,#5121,#5104,.T.);
#5158=EDGE_CURVE('',#5125,#5123,#5113,.T.);
#5170=CIRCLE('',#5169,1.E0);
#5175=CIRCLE('',#5174,1.E0);
#5182=B_SPLINE_CURVE_WITH_KNOTS('',3,(#5176,#5177,#5178,#5179,#5180,#5181),
.UNSPECIFIED.,.F.,.F.,(4,1,1,4),(0.E0,3.333333333333E-1,6.666666666667E-1,1.E0),
.UNSPECIFIED.);
#5189=B_SPLINE_CURVE_WITH_KNOTS('',3,(#5183,#5184,#5185,#5186,#5187,#5188),
.UNSPECIFIED.,.F.,.F.,(4,1,1,4),(0.E0,3.333333333333E-1,6.666666666667E-1,1.E0),
.UNSPECIFIED.);
#5194=CIRCLE('',#5193,1.E0);
#5199=CIRCLE('',#5198,1.E0);
#5208=CIRCLE('',#5207,1.E0);
#5231=EDGE_CURVE('',#5216,#5215,#5170,.T.);
#5233=EDGE_CURVE('',#5215,#5218,#5212,.T.);
#5235=EDGE_CURVE('',#5218,#5222,#5175,.T.);
#5237=EDGE_CURVE('',#5222,#5225,#5182,.T.);
#5239=EDGE_CURVE('',#5225,#5224,#5189,.T.);
#5241=EDGE_CURVE('',#5224,#5220,#5194,.T.);
#5243=EDGE_CURVE('',#5216,#5220,#5203,.T.);
#5253=EDGE_CURVE('',#5215,#5216,#5199,.T.);
#5256=EDGE_CURVE('',#5220,#5218,#5208,.T.);
#5268=CIRCLE('',#5267,1.E0);
#5273=CIRCLE('',#5272,1.E0);
#5282=B_SPLINE_CURVE_WITH_KNOTS('',3,(#5274,#5275,#5276,#5277,#5278,#5279,#5280,
#5281),.UNSPECIFIED.,.F.,.F.,(4,1,1,1,1,4),(0.E0,2.E-1,4.E-1,6.E-1,8.E-1,1.E0),
.UNSPECIFIED.);
#5287=CIRCLE('',#5286,1.E0);
#5292=CIRCLE('',#5291,1.E0);
#5301=CIRCLE('',#5300,1.E0);
#5323=EDGE_CURVE('',#5309,#5308,#5268,.T.);
#5325=EDGE_CURVE('',#5308,#5311,#5305,.T.);
#5327=EDGE_CURVE('',#5311,#5315,#5273,.T.);
#5329=EDGE_CURVE('',#5315,#5317,#5282,.T.);
#5331=EDGE_CURVE('',#5317,#5313,#5287,.T.);
#5333=EDGE_CURVE('',#5309,#5313,#5296,.T.);
#5343=EDGE_CURVE('',#5308,#5309,#5292,.T.);
#5346=EDGE_CURVE('',#5313,#5311,#5301,.T.);
#5358=CIRCLE('',#5357,1.E0);
#5363=CIRCLE('',#5362,1.E0);
#5372=B_SPLINE_CURVE_WITH_KNOTS('',3,(#5364,#5365,#5366,#5367,#5368,#5369,#5370,
#5371),.UNSPECIFIED.,.F.,.F.,(4,1,1,1,1,4),(0.E0,2.E-1,4.E-1,6.E-1,8.E-1,1.E0),
.UNSPECIFIED.);
#5377=CIRCLE('',#5376,1.E0);
#5382=CIRCLE('',#5381,1.E0);
#5391=CIRCLE('',#5390,1.E0);
#5413=EDGE_CURVE('',#5399,#5398,#5358,.T.);
#5415=EDGE_CURVE('',#5398,#5401,#5395,.T.);
#5417=EDGE_CURVE('',#5401,#5405,#5363,.T.);
#5419=EDGE_CURVE('',#5405,#5407,#5372,.T.);
#5421=EDGE_CURVE('',#5407,#5403,#5377,.T.);
#5423=EDGE_CURVE('',#5399,#5403,#5386,.T.);
#5433=EDGE_CURVE('',#5398,#5399,#5382,.T.);
#5436=EDGE_CURVE('',#5403,#5401,#5391,.T.);
#5448=CIRCLE('',#5447,1.E0);
#5453=CIRCLE('',#5452,1.E0);
#5462=B_SPLINE_CURVE_WITH_KNOTS('',3,(#5454,#5455,#5456,#5457,#5458,#5459,#5460,
#5461),.UNSPECIFIED.,.F.,.F.,(4,1,1,1,1,4),(0.E0,2.E-1,4.E-1,6.E-1,8.E-1,1.E0),
.UNSPECIFIED.);
#5467=CIRCLE('',#5466,1.E0);
#5472=CIRCLE('',#5471,1.E0);
#5481=CIRCLE('',#5480,1.E0);
#5503=EDGE_CURVE('',#5489,#5488,#5448,.T.);
#5505=EDGE_CURVE('',#5488,#5491,#5485,.T.);
#5507=EDGE_CURVE('',#5491,#5495,#5453,.T.);
#5509=EDGE_CURVE('',#5495,#5497,#5462,.T.);
#5511=EDGE_CURVE('',#5497,#5493,#5467,.T.);
#5513=EDGE_CURVE('',#5489,#5493,#5476,.T.);
#5523=EDGE_CURVE('',#5488,#5489,#5472,.T.);
#5526=EDGE_CURVE('',#5493,#5491,#5481,.T.);
#5538=CIRCLE('',#5537,1.E0);
#5543=CIRCLE('',#5542,1.E0);
#5548=CIRCLE('',#5547,1.E0);
#5557=CIRCLE('',#5556,1.E0);
#5566=CIRCLE('',#5565,1.E0);
#5575=CIRCLE('',#5574,1.E0);
#5584=CIRCLE('',#5583,1.E0);
#5589=CIRCLE('',#5588,1.E0);
#5594=CIRCLE('',#5593,8.E-1);
#5599=CIRCLE('',#5598,8.E-1);
#5625=EDGE_CURVE('',#5606,#5607,#5552,.T.);
#5627=EDGE_CURVE('',#5607,#5613,#5538,.T.);
#5629=EDGE_CURVE('',#5612,#5613,#5561,.T.);
#5631=EDGE_CURVE('',#5612,#5606,#5543,.T.);
#5641=EDGE_CURVE('',#5609,#5602,#5570,.T.);
#5643=EDGE_CURVE('',#5602,#5603,#5589,.T.);
#5645=EDGE_CURVE('',#5615,#5603,#5579,.T.);
#5647=EDGE_CURVE('',#5615,#5609,#5548,.T.);
#5658=EDGE_CURVE('',#5606,#5612,#5557,.T.);
#5661=EDGE_CURVE('',#5613,#5607,#5566,.T.);
#5672=EDGE_CURVE('',#5609,#5615,#5575,.T.);
#5675=EDGE_CURVE('',#5602,#5603,#5584,.T.);
#5689=EDGE_CURVE('',#5618,#5619,#5594,.T.);
#5691=EDGE_CURVE('',#5619,#5618,#5599,.T.);
#5702=CIRCLE('',#5701,1.E0);
#5707=CIRCLE('',#5706,1.E0);
#5716=B_SPLINE_CURVE_WITH_KNOTS('',3,(#5708,#5709,#5710,#5711,#5712,#5713,#5714,
#5715),.UNSPECIFIED.,.F.,.F.,(4,1,1,1,1,4),(0.E0,2.E-1,4.E-1,6.E-1,8.E-1,1.E0),
.UNSPECIFIED.);
#5721=CIRCLE('',#5720,1.E0);
#5726=CIRCLE('',#5725,1.E0);
#5735=CIRCLE('',#5734,1.E0);
#5757=EDGE_CURVE('',#5743,#5742,#5702,.T.);
#5759=EDGE_CURVE('',#5742,#5746,#5739,.T.);
#5761=EDGE_CURVE('',#5746,#5747,#5707,.T.);
#5763=EDGE_CURVE('',#5747,#5750,#5716,.T.);
#5765=EDGE_CURVE('',#5750,#5751,#5721,.T.);
#5767=EDGE_CURVE('',#5743,#5751,#5730,.T.);
#5777=EDGE_CURVE('',#5742,#5743,#5726,.T.);
#5780=EDGE_CURVE('',#5751,#5746,#5735,.T.);
#5789=(LENGTH_UNIT()NAMED_UNIT(*)SI_UNIT(.MILLI.,.METRE.));
#5791=(NAMED_UNIT(*)PLANE_ANGLE_UNIT()SI_UNIT($,.RADIAN.));
#5794=(NAMED_UNIT(*)SI_UNIT($,.STERADIAN.)SOLID_ANGLE_UNIT());
#5800=AXIS2_PLACEMENT_3D('',#5797,#5798,#5799);
#5801=ADVANCED_BREP_SHAPE_REPRESENTATION('',(#5800,#5787),#5796);
#5805=AXIS2_PLACEMENT_3D('',#5802,#5803,#5804);
#5806=MANIFOLD_SURFACE_SHAPE_REPRESENTATION('',(#5805,#5788),#5796);
#5810=AXIS2_PLACEMENT_3D('',#5807,#5808,#5809);
#5811=SHAPE_REPRESENTATION('',(#5810),#5796);
#5820=PRODUCT_DEFINITION('design','',#5819,#5816);
#5821=PRODUCT_DEFINITION_SHAPE('','SHAPE FOR HN12_C101.',#5820);
#5822=SHAPE_DEFINITION_REPRESENTATION(#5821,#5811);
#5823=SHAPE_DEFINITION_REPRESENTATION(#5824,#5825);
#5824=PRODUCT_DEFINITION_SHAPE('','SHAPE FOR HN12_C101_WEB_ASM.',#7161);
#5825=SHAPE_REPRESENTATION('',(#5831,#6486,#7142,#7157),#7153);
#5826=NEXT_ASSEMBLY_USAGE_OCCURRENCE('0','Next assembly relationship',
'HN12_C101',#7161,#5820,$);
#5827=PRODUCT_DEFINITION_SHAPE('Placement #0',
'Placement of HN12_C101 with respect to HN12_C101_WEB_ASM',#5826);
#5840=CIRCLE('',#5839,8.E-1);
#5845=CIRCLE('',#5844,8.E-1);
#5850=CIRCLE('',#5849,1.E0);
#5855=CIRCLE('',#5854,1.E0);
#5864=CIRCLE('',#5863,1.E0);
#5869=CIRCLE('',#5868,1.E0);
#5886=CIRCLE('',#5885,1.E0);
#5891=CIRCLE('',#5890,1.E0);
#5900=CIRCLE('',#5899,1.9E0);
#5909=CIRCLE('',#5908,1.9E0);
#5914=CIRCLE('',#5913,1.9E0);
#5919=CIRCLE('',#5918,1.9E0);
#5924=CIRCLE('',#5923,1.9E0);
#5937=CIRCLE('',#5936,1.9E0);
#5966=CIRCLE('',#5965,1.726794919243E0);
#5971=CIRCLE('',#5970,1.726794919243E0);
#6081=EDGE_CURVE('',#6066,#6067,#5840,.T.);
#6083=EDGE_CURVE('',#6067,#6066,#5845,.T.);
#6094=EDGE_CURVE('',#6075,#6066,#5873,.T.);
#6096=EDGE_CURVE('',#6071,#6075,#5850,.T.);
#6098=EDGE_CURVE('',#6070,#6071,#5855,.T.);
#6100=EDGE_CURVE('',#6070,#6067,#5859,.T.);
#6112=EDGE_CURVE('',#6073,#6070,#5864,.T.);
#6114=EDGE_CURVE('',#6075,#6073,#5869,.T.);
#6126=EDGE_CURVE('',#6071,#6023,#5881,.T.);
#6128=EDGE_CURVE('',#6022,#6023,#5886,.T.);
#6130=EDGE_CURVE('',#6073,#6022,#5877,.T.);
#6144=EDGE_CURVE('',#6022,#6023,#5891,.T.);
#6155=EDGE_CURVE('',#6026,#6027,#5900,.T.);
#6157=EDGE_CURVE('',#6026,#6027,#5919,.T.);
#6171=EDGE_CURVE('',#6055,#6063,#5914,.T.);
#6173=EDGE_CURVE('',#6027,#6055,#5895,.T.);
#6176=EDGE_CURVE('',#6026,#6057,#5904,.T.);
#6178=EDGE_CURVE('',#6063,#6057,#5937,.T.);
#6188=EDGE_CURVE('',#6054,#6055,#5909,.T.);
#6191=EDGE_CURVE('',#6060,#6063,#5932,.T.);
#6193=EDGE_CURVE('',#6060,#6061,#5966,.T.);
#6195=EDGE_CURVE('',#6061,#6054,#5928,.T.);
#6206=EDGE_CURVE('',#6057,#6054,#5924,.T.);
#6221=EDGE_CURVE('',#6061,#6060,#5971,.T.);
#6237=EDGE_CURVE('',#6042,#6043,#5941,.T.);
#6239=EDGE_CURVE('',#6043,#6045,#5945,.T.);
#6241=EDGE_CURVE('',#6045,#6047,#5949,.T.);
#6243=EDGE_CURVE('',#6047,#6049,#5953,.T.);
#6245=EDGE_CURVE('',#6049,#6051,#5957,.T.);
#6247=EDGE_CURVE('',#6051,#6042,#5961,.T.);
#6258=EDGE_CURVE('',#6042,#6030,#5975,.T.);
#6260=EDGE_CURVE('',#6030,#6031,#5999,.T.);
#6262=EDGE_CURVE('',#6043,#6031,#5995,.T.);
#6273=EDGE_CURVE('',#6051,#6039,#5979,.T.);
#6275=EDGE_CURVE('',#6039,#6030,#6003,.T.);
#6287=EDGE_CURVE('',#6049,#6037,#5983,.T.);
#6289=EDGE_CURVE('',#6037,#6039,#6007,.T.);
#6301=EDGE_CURVE('',#6047,#6035,#5987,.T.);
#6303=EDGE_CURVE('',#6035,#6037,#6011,.T.);
#6315=EDGE_CURVE('',#6045,#6033,#5991,.T.);
#6317=EDGE_CURVE('',#6033,#6035,#6015,.T.);
#6330=EDGE_CURVE('',#6031,#6033,#6019,.T.);
#6355=CIRCLE('',#6354,8.E-1);
#6364=CIRCLE('',#6363,8.E-1);
#6373=CIRCLE('',#6372,8.E-1);
#6378=CIRCLE('',#6377,8.E-1);
#6383=CIRCLE('',#6382,1.E0);
#6388=CIRCLE('',#6387,1.E0);
#6406=EDGE_CURVE('',#6391,#6392,#6355,.T.);
#6408=EDGE_CURVE('',#6396,#6392,#6368,.T.);
#6410=EDGE_CURVE('',#6396,#6395,#6378,.T.);
#6412=EDGE_CURVE('',#6395,#6391,#6359,.T.);
#6422=EDGE_CURVE('',#6392,#6391,#6364,.T.);
#6425=EDGE_CURVE('',#6395,#6396,#6373,.T.);
#6436=EDGE_CURVE('',#6400,#6399,#6383,.T.);
#6438=EDGE_CURVE('',#6399,#6400,#6388,.T.);
#6450=(LENGTH_UNIT()NAMED_UNIT(*)SI_UNIT(.MILLI.,.METRE.));
#6452=(NAMED_UNIT(*)PLANE_ANGLE_UNIT()SI_UNIT($,.RADIAN.));
#6455=(NAMED_UNIT(*)SI_UNIT($,.STERADIAN.)SOLID_ANGLE_UNIT());
#6461=AXIS2_PLACEMENT_3D('',#6458,#6459,#6460);
#6462=ADVANCED_BREP_SHAPE_REPRESENTATION('',(#6461,#6448),#6457);
#6466=AXIS2_PLACEMENT_3D('',#6463,#6464,#6465);
#6467=MANIFOLD_SURFACE_SHAPE_REPRESENTATION('',(#6466,#6449),#6457);
#6471=AXIS2_PLACEMENT_3D('',#6468,#6469,#6470);
#6472=SHAPE_REPRESENTATION('',(#6471),#6457);
#6478=PRODUCT_DEFINITION('design','',#6477,#5816);
#6479=PRODUCT_DEFINITION_SHAPE('','SHAPE FOR WBH_M2X8.',#6478);
#6480=SHAPE_DEFINITION_REPRESENTATION(#6479,#6472);
#6481=NEXT_ASSEMBLY_USAGE_OCCURRENCE('1','Next assembly relationship',
'WBH_M2X8',#7161,#6478,$);
#6482=PRODUCT_DEFINITION_SHAPE('Placement #1',
'Placement of WBH_M2X8 with respect to HN12_C101_WEB_ASM',#6481);
#6495=CIRCLE('',#6494,1.025E0);
#6500=CIRCLE('',#6499,1.025E0);
#6505=CIRCLE('',#6504,1.25E0);
#6510=CIRCLE('',#6509,1.25E0);
#6519=CIRCLE('',#6518,1.25E0);
#6524=CIRCLE('',#6523,1.25E0);
#6541=CIRCLE('',#6540,1.25E0);
#6546=CIRCLE('',#6545,1.25E0);
#6555=CIRCLE('',#6554,2.25E0);
#6564=CIRCLE('',#6563,2.25E0);
#6569=CIRCLE('',#6568,2.25E0);
#6574=CIRCLE('',#6573,2.25E0);
#6579=CIRCLE('',#6578,2.25E0);
#6592=CIRCLE('',#6591,2.25E0);
#6621=CIRCLE('',#6620,2.033493649054E0);
#6626=CIRCLE('',#6625,2.033493649054E0);
#6736=EDGE_CURVE('',#6721,#6722,#6495,.T.);
#6738=EDGE_CURVE('',#6722,#6721,#6500,.T.);
#6749=EDGE_CURVE('',#6730,#6721,#6528,.T.);
#6751=EDGE_CURVE('',#6726,#6730,#6505,.T.);
#6753=EDGE_CURVE('',#6725,#6726,#6510,.T.);
#6755=EDGE_CURVE('',#6725,#6722,#6514,.T.);
#6767=EDGE_CURVE('',#6728,#6725,#6519,.T.);
#6769=EDGE_CURVE('',#6730,#6728,#6524,.T.);
#6781=EDGE_CURVE('',#6726,#6678,#6536,.T.);
#6783=EDGE_CURVE('',#6677,#6678,#6541,.T.);
#6785=EDGE_CURVE('',#6728,#6677,#6532,.T.);
#6799=EDGE_CURVE('',#6677,#6678,#6546,.T.);
#6810=EDGE_CURVE('',#6681,#6682,#6555,.T.);
#6812=EDGE_CURVE('',#6681,#6682,#6574,.T.);
#6826=EDGE_CURVE('',#6710,#6718,#6569,.T.);
#6828=EDGE_CURVE('',#6682,#6710,#6550,.T.);
#6831=EDGE_CURVE('',#6681,#6712,#6559,.T.);
#6833=EDGE_CURVE('',#6718,#6712,#6592,.T.);
#6843=EDGE_CURVE('',#6709,#6710,#6564,.T.);
#6846=EDGE_CURVE('',#6715,#6718,#6587,.T.);
#6848=EDGE_CURVE('',#6715,#6716,#6621,.T.);
#6850=EDGE_CURVE('',#6716,#6709,#6583,.T.);
#6861=EDGE_CURVE('',#6712,#6709,#6579,.T.);
#6876=EDGE_CURVE('',#6716,#6715,#6626,.T.);
#6892=EDGE_CURVE('',#6697,#6698,#6596,.T.);
#6894=EDGE_CURVE('',#6698,#6700,#6600,.T.);
#6896=EDGE_CURVE('',#6700,#6702,#6604,.T.);
#6898=EDGE_CURVE('',#6702,#6704,#6608,.T.);
#6900=EDGE_CURVE('',#6704,#6706,#6612,.T.);
#6902=EDGE_CURVE('',#6706,#6697,#6616,.T.);
#6913=EDGE_CURVE('',#6697,#6685,#6630,.T.);
#6915=EDGE_CURVE('',#6685,#6686,#6654,.T.);
#6917=EDGE_CURVE('',#6698,#6686,#6650,.T.);
#6928=EDGE_CURVE('',#6706,#6694,#6634,.T.);
#6930=EDGE_CURVE('',#6694,#6685,#6658,.T.);
#6942=EDGE_CURVE('',#6704,#6692,#6638,.T.);
#6944=EDGE_CURVE('',#6692,#6694,#6662,.T.);
#6956=EDGE_CURVE('',#6702,#6690,#6642,.T.);
#6958=EDGE_CURVE('',#6690,#6692,#6666,.T.);
#6970=EDGE_CURVE('',#6700,#6688,#6646,.T.);
#6972=EDGE_CURVE('',#6688,#6690,#6670,.T.);
#6985=EDGE_CURVE('',#6686,#6688,#6674,.T.);
#7010=CIRCLE('',#7009,1.025E0);
#7019=CIRCLE('',#7018,1.025E0);
#7028=CIRCLE('',#7027,1.025E0);
#7033=CIRCLE('',#7032,1.025E0);
#7038=CIRCLE('',#7037,1.25E0);
#7043=CIRCLE('',#7042,1.25E0);
#7061=EDGE_CURVE('',#7046,#7047,#7010,.T.);
#7063=EDGE_CURVE('',#7051,#7047,#7023,.T.);
#7065=EDGE_CURVE('',#7051,#7050,#7033,.T.);
#7067=EDGE_CURVE('',#7050,#7046,#7014,.T.);
#7077=EDGE_CURVE('',#7047,#7046,#7019,.T.);
#7080=EDGE_CURVE('',#7050,#7051,#7028,.T.);
#7091=EDGE_CURVE('',#7055,#7054,#7038,.T.);
#7093=EDGE_CURVE('',#7054,#7055,#7043,.T.);
#7105=(LENGTH_UNIT()NAMED_UNIT(*)SI_UNIT(.MILLI.,.METRE.));
#7107=(NAMED_UNIT(*)PLANE_ANGLE_UNIT()SI_UNIT($,.RADIAN.));
#7110=(NAMED_UNIT(*)SI_UNIT($,.STERADIAN.)SOLID_ANGLE_UNIT());
#7116=AXIS2_PLACEMENT_3D('',#7113,#7114,#7115);
#7117=ADVANCED_BREP_SHAPE_REPRESENTATION('',(#7116,#7103),#7112);
#7121=AXIS2_PLACEMENT_3D('',#7118,#7119,#7120);
#7122=MANIFOLD_SURFACE_SHAPE_REPRESENTATION('',(#7121,#7104),#7112);
#7126=AXIS2_PLACEMENT_3D('',#7123,#7124,#7125);
#7127=SHAPE_REPRESENTATION('',(#7126),#7112);
#7134=PRODUCT_DEFINITION('design','',#7133,#7130);
#7135=PRODUCT_DEFINITION_SHAPE('','SHAPE FOR WBH_M2_5X6.',#7134);
#7136=SHAPE_DEFINITION_REPRESENTATION(#7135,#7127);
#7137=NEXT_ASSEMBLY_USAGE_OCCURRENCE('2','Next assembly relationship',
'WBH_M2_5X6',#7161,#7134,$);
#7138=PRODUCT_DEFINITION_SHAPE('Placement #2',
'Placement of WBH_M2_5X6 with respect to HN12_C101_WEB_ASM',#7137);
#7146=(LENGTH_UNIT()NAMED_UNIT(*)SI_UNIT(.MILLI.,.METRE.));
#7148=(NAMED_UNIT(*)PLANE_ANGLE_UNIT()SI_UNIT($,.RADIAN.));
#7151=(NAMED_UNIT(*)SI_UNIT($,.STERADIAN.)SOLID_ANGLE_UNIT());
#7157=AXIS2_PLACEMENT_3D('',#7154,#7155,#7156);
#7161=PRODUCT_DEFINITION('design','',#7160,#7130);
ENDSEC;
END-ISO-10303-21;
