ISO-10303-21;
HEADER;
/* Generated by software containing ST-Developer
 * from STEP Tools, Inc. (www.steptools.com) 
 */

FILE_DESCRIPTION(
/* description */ (''),
/* implementation_level */ '2;1');

FILE_NAME(
/* name */ 'basepart1_forR2.stp',
/* time_stamp */ '2026-05-04T17:25:20+09:00',
/* author */ ('kshau'),
/* organization */ (''),
/* preprocessor_version */ 'ST-DEVELOPER v20',
/* originating_system */ 'Autodesk Inventor 2024',
/* authorisation */ '');

FILE_SCHEMA (('AUTOMOTIVE_DESIGN { 1 0 10303 214 3 1 1 }'));
ENDSEC;

DATA;
#10=MECHANICAL_DESIGN_GEOMETRIC_PRESENTATION_REPRESENTATION('',(#13),#2140);
#11=SHAPE_REPRESENTATION_RELATIONSHIP('SRR','None',#2147,#12);
#12=ADVANCED_BREP_SHAPE_REPRESENTATION('',(#14),#2139);
#13=STYLED_ITEM('',(#2156),#14);
#14=MANIFOLD_SOLID_BREP('\X2\30BD30EA30C330C9\X0\1',#1119);
#15=FACE_BOUND('',#284,.T.);
#16=FACE_BOUND('',#285,.T.);
#17=FACE_BOUND('',#286,.T.);
#18=FACE_BOUND('',#287,.T.);
#19=FACE_BOUND('',#300,.T.);
#20=FACE_BOUND('',#301,.T.);
#21=FACE_BOUND('',#302,.T.);
#22=FACE_BOUND('',#303,.T.);
#23=FACE_BOUND('',#312,.T.);
#24=FACE_BOUND('',#329,.T.);
#25=FACE_BOUND('',#332,.T.);
#26=FACE_BOUND('',#335,.T.);
#27=FACE_BOUND('',#338,.T.);
#28=FACE_BOUND('',#341,.T.);
#29=FACE_BOUND('',#344,.T.);
#30=FACE_BOUND('',#356,.T.);
#31=FACE_BOUND('',#357,.T.);
#32=FACE_BOUND('',#358,.T.);
#33=FACE_BOUND('',#359,.T.);
#34=FACE_BOUND('',#360,.T.);
#35=FACE_BOUND('',#361,.T.);
#36=FACE_BOUND('',#362,.T.);
#37=FACE_BOUND('',#363,.T.);
#38=FACE_BOUND('',#364,.T.);
#39=PLANE('',#1174);
#40=PLANE('',#1177);
#41=PLANE('',#1207);
#42=PLANE('',#1210);
#43=PLANE('',#1236);
#44=PLANE('',#1260);
#45=PLANE('',#1263);
#46=PLANE('',#1269);
#47=PLANE('',#1274);
#48=PLANE('',#1279);
#49=PLANE('',#1284);
#50=PLANE('',#1289);
#51=PLANE('',#1294);
#52=PLANE('',#1309);
#53=B_SPLINE_CURVE_WITH_KNOTS('',3,(#1793,#1794,#1795,#1796,#1797,#1798,
#1799,#1800),.UNSPECIFIED.,.F.,.F.,(4,2,2,4),(0.483580652112036,0.521075936175314,
0.588759294637916,0.589015828703649),.UNSPECIFIED.);
#54=B_SPLINE_CURVE_WITH_KNOTS('',3,(#1809,#1810,#1811,#1812,#1813,#1814,
#1815,#1816),.UNSPECIFIED.,.F.,.F.,(4,2,2,4),(-0.00063784933685419,0.,0.168288705430738,
0.261517424899311),.UNSPECIFIED.);
#55=B_SPLINE_CURVE_WITH_KNOTS('',3,(#1824,#1825,#1826,#1827,#1828,#1829,
#1830,#1831),.UNSPECIFIED.,.F.,.F.,(4,2,2,4),(0.483555292894659,0.52104849744404,
0.588728386581224,0.588984910465832),.UNSPECIFIED.);
#56=B_SPLINE_CURVE_WITH_KNOTS('',3,(#1835,#1836,#1837,#1838,#1839,#1840,
#1841,#1842),.UNSPECIFIED.,.F.,.F.,(4,2,2,4),(-0.000637849575546681,0.,
0.168286816994712,0.261514097765562),.UNSPECIFIED.);
#57=LINE('',#1738,#105);
#58=LINE('',#1739,#106);
#59=LINE('',#1787,#107);
#60=LINE('',#1788,#108);
#61=LINE('',#1791,#109);
#62=LINE('',#1804,#110);
#63=LINE('',#1818,#111);
#64=LINE('',#1822,#112);
#65=LINE('',#1843,#113);
#66=LINE('',#1846,#114);
#67=LINE('',#1850,#115);
#68=LINE('',#1851,#116);
#69=LINE('',#1854,#117);
#70=LINE('',#1906,#118);
#71=LINE('',#1907,#119);
#72=LINE('',#1952,#120);
#73=LINE('',#1953,#121);
#74=LINE('',#1956,#122);
#75=LINE('',#1960,#123);
#76=LINE('',#1961,#124);
#77=LINE('',#1964,#125);
#78=LINE('',#1985,#126);
#79=LINE('',#1986,#127);
#80=LINE('',#2005,#128);
#81=LINE('',#2012,#129);
#82=LINE('',#2020,#130);
#83=LINE('',#2031,#131);
#84=LINE('',#2045,#132);
#85=LINE('',#2046,#133);
#86=LINE('',#2048,#134);
#87=LINE('',#2051,#135);
#88=LINE('',#2053,#136);
#89=LINE('',#2055,#137);
#90=LINE('',#2061,#138);
#91=LINE('',#2070,#139);
#92=LINE('',#2079,#140);
#93=LINE('',#2088,#141);
#94=LINE('',#2097,#142);
#95=LINE('',#2106,#143);
#96=LINE('',#2113,#144);
#97=LINE('',#2115,#145);
#98=LINE('',#2118,#146);
#99=LINE('',#2121,#147);
#100=LINE('',#2123,#148);
#101=LINE('',#2126,#149);
#102=LINE('',#2129,#150);
#103=LINE('',#2131,#151);
#104=LINE('',#2134,#152);
#105=VECTOR('',#1338,10.);
#106=VECTOR('',#1339,10.);
#107=VECTOR('',#1362,10.);
#108=VECTOR('',#1363,10.);
#109=VECTOR('',#1366,10.);
#110=VECTOR('',#1369,40.25);
#111=VECTOR('',#1374,10.);
#112=VECTOR('',#1377,10.);
#113=VECTOR('',#1380,10.);
#114=VECTOR('',#1383,10.);
#115=VECTOR('',#1388,10.);
#116=VECTOR('',#1389,10.);
#117=VECTOR('',#1392,10.);
#118=VECTOR('',#1431,10.);
#119=VECTOR('',#1432,10.);
#120=VECTOR('',#1453,10.);
#121=VECTOR('',#1454,10.);
#122=VECTOR('',#1457,10.);
#123=VECTOR('',#1462,10.);
#124=VECTOR('',#1463,10.);
#125=VECTOR('',#1466,10.);
#126=VECTOR('',#1491,10.);
#127=VECTOR('',#1492,10.);
#128=VECTOR('',#1519,10.);
#129=VECTOR('',#1528,10.);
#130=VECTOR('',#1535,10.);
#131=VECTOR('',#1550,10.);
#132=VECTOR('',#1575,10.);
#133=VECTOR('',#1576,10.);
#134=VECTOR('',#1579,10.);
#135=VECTOR('',#1584,10.);
#136=VECTOR('',#1587,10.);
#137=VECTOR('',#1590,10.);
#138=VECTOR('',#1597,3.);
#139=VECTOR('',#1608,3.);
#140=VECTOR('',#1619,3.);
#141=VECTOR('',#1630,3.);
#142=VECTOR('',#1641,3.);
#143=VECTOR('',#1652,3.);
#144=VECTOR('',#1663,1.7);
#145=VECTOR('',#1666,1.7);
#146=VECTOR('',#1669,1.7);
#147=VECTOR('',#1674,1.7);
#148=VECTOR('',#1677,1.7);
#149=VECTOR('',#1680,1.7);
#150=VECTOR('',#1685,1.7);
#151=VECTOR('',#1688,1.7);
#152=VECTOR('',#1691,1.7);
#153=CYLINDRICAL_SURFACE('',#1153,1.);
#154=CYLINDRICAL_SURFACE('',#1165,1.);
#155=CYLINDRICAL_SURFACE('',#1166,40.25);
#156=CYLINDRICAL_SURFACE('',#1172,2.);
#157=CYLINDRICAL_SURFACE('',#1175,2.);
#158=CYLINDRICAL_SURFACE('',#1193,1.);
#159=CYLINDRICAL_SURFACE('',#1204,1.);
#160=CYLINDRICAL_SURFACE('',#1205,2.);
#161=CYLINDRICAL_SURFACE('',#1208,2.);
#162=CYLINDRICAL_SURFACE('',#1219,1.);
#163=CYLINDRICAL_SURFACE('',#1232,1.);
#164=CYLINDRICAL_SURFACE('',#1246,1.);
#165=CYLINDRICAL_SURFACE('',#1256,1.);
#166=CYLINDRICAL_SURFACE('',#1259,2.);
#167=CYLINDRICAL_SURFACE('',#1261,2.);
#168=CYLINDRICAL_SURFACE('',#1262,2.);
#169=CYLINDRICAL_SURFACE('',#1264,2.);
#170=CYLINDRICAL_SURFACE('',#1265,32.75);
#171=CYLINDRICAL_SURFACE('',#1266,3.);
#172=CYLINDRICAL_SURFACE('',#1271,3.);
#173=CYLINDRICAL_SURFACE('',#1276,3.);
#174=CYLINDRICAL_SURFACE('',#1281,3.);
#175=CYLINDRICAL_SURFACE('',#1286,3.);
#176=CYLINDRICAL_SURFACE('',#1291,3.);
#177=CYLINDRICAL_SURFACE('',#1296,32.75);
#178=CYLINDRICAL_SURFACE('',#1297,1.7);
#179=CYLINDRICAL_SURFACE('',#1298,1.7);
#180=CYLINDRICAL_SURFACE('',#1299,1.7);
#181=CYLINDRICAL_SURFACE('',#1301,1.7);
#182=CYLINDRICAL_SURFACE('',#1302,1.7);
#183=CYLINDRICAL_SURFACE('',#1303,1.7);
#184=CYLINDRICAL_SURFACE('',#1305,1.7);
#185=CYLINDRICAL_SURFACE('',#1306,1.7);
#186=CYLINDRICAL_SURFACE('',#1307,1.7);
#187=TOROIDAL_SURFACE('',#1146,33.75,1.);
#188=TOROIDAL_SURFACE('',#1158,39.25,1.);
#189=TOROIDAL_SURFACE('',#1186,33.75,1.);
#190=TOROIDAL_SURFACE('',#1198,39.25,1.);
#191=TOROIDAL_SURFACE('',#1215,3.,1.);
#192=TOROIDAL_SURFACE('',#1221,3.,1.);
#193=TOROIDAL_SURFACE('',#1225,31.75,1.);
#194=TOROIDAL_SURFACE('',#1229,3.,1.);
#195=TOROIDAL_SURFACE('',#1234,3.,1.);
#196=TOROIDAL_SURFACE('',#1243,3.,1.);
#197=TOROIDAL_SURFACE('',#1248,3.,1.);
#198=TOROIDAL_SURFACE('',#1251,31.75,1.);
#199=TOROIDAL_SURFACE('',#1254,3.,1.);
#200=TOROIDAL_SURFACE('',#1258,3.,1.);
#201=FACE_OUTER_BOUND('',#271,.T.);
#202=FACE_OUTER_BOUND('',#272,.T.);
#203=FACE_OUTER_BOUND('',#273,.T.);
#204=FACE_OUTER_BOUND('',#274,.T.);
#205=FACE_OUTER_BOUND('',#275,.T.);
#206=FACE_OUTER_BOUND('',#276,.T.);
#207=FACE_OUTER_BOUND('',#277,.T.);
#208=FACE_OUTER_BOUND('',#278,.T.);
#209=FACE_OUTER_BOUND('',#279,.T.);
#210=FACE_OUTER_BOUND('',#280,.T.);
#211=FACE_OUTER_BOUND('',#281,.T.);
#212=FACE_OUTER_BOUND('',#282,.T.);
#213=FACE_OUTER_BOUND('',#283,.T.);
#214=FACE_OUTER_BOUND('',#288,.T.);
#215=FACE_OUTER_BOUND('',#289,.T.);
#216=FACE_OUTER_BOUND('',#290,.T.);
#217=FACE_OUTER_BOUND('',#291,.T.);
#218=FACE_OUTER_BOUND('',#292,.T.);
#219=FACE_OUTER_BOUND('',#293,.T.);
#220=FACE_OUTER_BOUND('',#294,.T.);
#221=FACE_OUTER_BOUND('',#295,.T.);
#222=FACE_OUTER_BOUND('',#296,.T.);
#223=FACE_OUTER_BOUND('',#297,.T.);
#224=FACE_OUTER_BOUND('',#298,.T.);
#225=FACE_OUTER_BOUND('',#299,.T.);
#226=FACE_OUTER_BOUND('',#304,.T.);
#227=FACE_OUTER_BOUND('',#305,.T.);
#228=FACE_OUTER_BOUND('',#306,.T.);
#229=FACE_OUTER_BOUND('',#307,.T.);
#230=FACE_OUTER_BOUND('',#308,.T.);
#231=FACE_OUTER_BOUND('',#309,.T.);
#232=FACE_OUTER_BOUND('',#310,.T.);
#233=FACE_OUTER_BOUND('',#311,.T.);
#234=FACE_OUTER_BOUND('',#313,.T.);
#235=FACE_OUTER_BOUND('',#314,.T.);
#236=FACE_OUTER_BOUND('',#315,.T.);
#237=FACE_OUTER_BOUND('',#316,.T.);
#238=FACE_OUTER_BOUND('',#317,.T.);
#239=FACE_OUTER_BOUND('',#318,.T.);
#240=FACE_OUTER_BOUND('',#319,.T.);
#241=FACE_OUTER_BOUND('',#320,.T.);
#242=FACE_OUTER_BOUND('',#321,.T.);
#243=FACE_OUTER_BOUND('',#322,.T.);
#244=FACE_OUTER_BOUND('',#323,.T.);
#245=FACE_OUTER_BOUND('',#324,.T.);
#246=FACE_OUTER_BOUND('',#325,.T.);
#247=FACE_OUTER_BOUND('',#326,.T.);
#248=FACE_OUTER_BOUND('',#327,.T.);
#249=FACE_OUTER_BOUND('',#328,.T.);
#250=FACE_OUTER_BOUND('',#330,.T.);
#251=FACE_OUTER_BOUND('',#331,.T.);
#252=FACE_OUTER_BOUND('',#333,.T.);
#253=FACE_OUTER_BOUND('',#334,.T.);
#254=FACE_OUTER_BOUND('',#336,.T.);
#255=FACE_OUTER_BOUND('',#337,.T.);
#256=FACE_OUTER_BOUND('',#339,.T.);
#257=FACE_OUTER_BOUND('',#340,.T.);
#258=FACE_OUTER_BOUND('',#342,.T.);
#259=FACE_OUTER_BOUND('',#343,.T.);
#260=FACE_OUTER_BOUND('',#345,.T.);
#261=FACE_OUTER_BOUND('',#346,.T.);
#262=FACE_OUTER_BOUND('',#347,.T.);
#263=FACE_OUTER_BOUND('',#348,.T.);
#264=FACE_OUTER_BOUND('',#349,.T.);
#265=FACE_OUTER_BOUND('',#350,.T.);
#266=FACE_OUTER_BOUND('',#351,.T.);
#267=FACE_OUTER_BOUND('',#352,.T.);
#268=FACE_OUTER_BOUND('',#353,.T.);
#269=FACE_OUTER_BOUND('',#354,.T.);
#270=FACE_OUTER_BOUND('',#355,.T.);
#271=EDGE_LOOP('',(#725,#726,#727,#728));
#272=EDGE_LOOP('',(#729,#730,#731,#732));
#273=EDGE_LOOP('',(#733,#734,#735,#736));
#274=EDGE_LOOP('',(#737,#738,#739,#740));
#275=EDGE_LOOP('',(#741,#742,#743,#744));
#276=EDGE_LOOP('',(#745,#746,#747,#748));
#277=EDGE_LOOP('',(#749,#750,#751,#752));
#278=EDGE_LOOP('',(#753,#754,#755,#756));
#279=EDGE_LOOP('',(#757,#758,#759,#760,#761,#762,#763,#764,#765,#766,#767,
#768,#769,#770,#771,#772));
#280=EDGE_LOOP('',(#773,#774,#775,#776));
#281=EDGE_LOOP('',(#777,#778,#779,#780));
#282=EDGE_LOOP('',(#781,#782,#783,#784));
#283=EDGE_LOOP('',(#785,#786,#787,#788,#789,#790,#791,#792));
#284=EDGE_LOOP('',(#793));
#285=EDGE_LOOP('',(#794));
#286=EDGE_LOOP('',(#795));
#287=EDGE_LOOP('',(#796));
#288=EDGE_LOOP('',(#797,#798,#799,#800));
#289=EDGE_LOOP('',(#801,#802,#803,#804));
#290=EDGE_LOOP('',(#805,#806,#807,#808));
#291=EDGE_LOOP('',(#809,#810,#811,#812));
#292=EDGE_LOOP('',(#813,#814,#815,#816));
#293=EDGE_LOOP('',(#817,#818,#819,#820));
#294=EDGE_LOOP('',(#821,#822,#823,#824));
#295=EDGE_LOOP('',(#825,#826,#827,#828));
#296=EDGE_LOOP('',(#829,#830,#831,#832));
#297=EDGE_LOOP('',(#833,#834,#835,#836));
#298=EDGE_LOOP('',(#837,#838,#839,#840));
#299=EDGE_LOOP('',(#841,#842,#843,#844,#845,#846,#847,#848));
#300=EDGE_LOOP('',(#849));
#301=EDGE_LOOP('',(#850));
#302=EDGE_LOOP('',(#851));
#303=EDGE_LOOP('',(#852));
#304=EDGE_LOOP('',(#853,#854,#855,#856));
#305=EDGE_LOOP('',(#857,#858,#859,#860));
#306=EDGE_LOOP('',(#861,#862,#863,#864));
#307=EDGE_LOOP('',(#865,#866,#867,#868));
#308=EDGE_LOOP('',(#869,#870,#871,#872));
#309=EDGE_LOOP('',(#873,#874,#875,#876));
#310=EDGE_LOOP('',(#877,#878,#879,#880));
#311=EDGE_LOOP('',(#881,#882,#883,#884,#885,#886,#887,#888,#889,#890,#891,
#892,#893,#894,#895,#896,#897));
#312=EDGE_LOOP('',(#898));
#313=EDGE_LOOP('',(#899,#900,#901,#902));
#314=EDGE_LOOP('',(#903,#904,#905,#906));
#315=EDGE_LOOP('',(#907,#908,#909,#910));
#316=EDGE_LOOP('',(#911,#912,#913,#914));
#317=EDGE_LOOP('',(#915,#916,#917,#918));
#318=EDGE_LOOP('',(#919,#920,#921,#922));
#319=EDGE_LOOP('',(#923,#924,#925,#926));
#320=EDGE_LOOP('',(#927,#928,#929,#930));
#321=EDGE_LOOP('',(#931,#932,#933,#934));
#322=EDGE_LOOP('',(#935,#936,#937,#938));
#323=EDGE_LOOP('',(#939,#940,#941,#942));
#324=EDGE_LOOP('',(#943,#944,#945,#946));
#325=EDGE_LOOP('',(#947,#948,#949,#950));
#326=EDGE_LOOP('',(#951,#952,#953,#954));
#327=EDGE_LOOP('',(#955,#956,#957,#958));
#328=EDGE_LOOP('',(#959));
#329=EDGE_LOOP('',(#960));
#330=EDGE_LOOP('',(#961,#962,#963,#964));
#331=EDGE_LOOP('',(#965));
#332=EDGE_LOOP('',(#966));
#333=EDGE_LOOP('',(#967,#968,#969,#970));
#334=EDGE_LOOP('',(#971));
#335=EDGE_LOOP('',(#972));
#336=EDGE_LOOP('',(#973,#974,#975,#976));
#337=EDGE_LOOP('',(#977));
#338=EDGE_LOOP('',(#978));
#339=EDGE_LOOP('',(#979,#980,#981,#982));
#340=EDGE_LOOP('',(#983));
#341=EDGE_LOOP('',(#984));
#342=EDGE_LOOP('',(#985,#986,#987,#988));
#343=EDGE_LOOP('',(#989));
#344=EDGE_LOOP('',(#990));
#345=EDGE_LOOP('',(#991,#992,#993,#994));
#346=EDGE_LOOP('',(#995,#996,#997,#998));
#347=EDGE_LOOP('',(#999,#1000,#1001,#1002));
#348=EDGE_LOOP('',(#1003,#1004,#1005,#1006));
#349=EDGE_LOOP('',(#1007,#1008,#1009,#1010));
#350=EDGE_LOOP('',(#1011,#1012,#1013,#1014));
#351=EDGE_LOOP('',(#1015,#1016,#1017,#1018));
#352=EDGE_LOOP('',(#1019,#1020,#1021,#1022));
#353=EDGE_LOOP('',(#1023,#1024,#1025,#1026));
#354=EDGE_LOOP('',(#1027,#1028,#1029,#1030));
#355=EDGE_LOOP('',(#1031));
#356=EDGE_LOOP('',(#1032));
#357=EDGE_LOOP('',(#1033));
#358=EDGE_LOOP('',(#1034));
#359=EDGE_LOOP('',(#1035));
#360=EDGE_LOOP('',(#1036));
#361=EDGE_LOOP('',(#1037));
#362=EDGE_LOOP('',(#1038));
#363=EDGE_LOOP('',(#1039));
#364=EDGE_LOOP('',(#1040));
#365=CIRCLE('',#1142,1.);
#366=CIRCLE('',#1143,1.);
#367=CIRCLE('',#1144,1.);
#368=CIRCLE('',#1145,2.);
#369=CIRCLE('',#1147,1.);
#370=CIRCLE('',#1148,32.75);
#371=CIRCLE('',#1149,33.75);
#372=CIRCLE('',#1150,1.);
#373=CIRCLE('',#1151,2.);
#374=CIRCLE('',#1152,1.);
#375=CIRCLE('',#1154,1.);
#376=CIRCLE('',#1155,1.);
#377=CIRCLE('',#1156,2.);
#378=CIRCLE('',#1157,1.);
#379=CIRCLE('',#1159,1.);
#380=CIRCLE('',#1160,40.25);
#381=CIRCLE('',#1161,39.25);
#382=CIRCLE('',#1162,1.);
#383=CIRCLE('',#1163,2.);
#384=CIRCLE('',#1164,1.);
#385=CIRCLE('',#1167,40.25);
#386=CIRCLE('',#1168,40.25);
#387=CIRCLE('',#1169,40.25);
#388=CIRCLE('',#1170,40.25);
#389=CIRCLE('',#1171,40.25);
#390=CIRCLE('',#1173,2.);
#391=CIRCLE('',#1176,2.);
#392=CIRCLE('',#1178,1.7);
#393=CIRCLE('',#1179,1.7);
#394=CIRCLE('',#1180,1.7);
#395=CIRCLE('',#1181,1.7);
#396=CIRCLE('',#1182,1.00000000000001);
#397=CIRCLE('',#1183,1.);
#398=CIRCLE('',#1184,1.);
#399=CIRCLE('',#1185,2.);
#400=CIRCLE('',#1187,1.);
#401=CIRCLE('',#1188,32.75);
#402=CIRCLE('',#1189,33.75);
#403=CIRCLE('',#1190,1.);
#404=CIRCLE('',#1191,2.);
#405=CIRCLE('',#1192,1.);
#406=CIRCLE('',#1194,1.);
#407=CIRCLE('',#1195,1.);
#408=CIRCLE('',#1196,2.);
#409=CIRCLE('',#1197,1.);
#410=CIRCLE('',#1199,1.);
#411=CIRCLE('',#1200,39.25);
#412=CIRCLE('',#1201,1.);
#413=CIRCLE('',#1202,2.);
#414=CIRCLE('',#1203,1.);
#415=CIRCLE('',#1206,2.);
#416=CIRCLE('',#1209,2.);
#417=CIRCLE('',#1211,1.7);
#418=CIRCLE('',#1212,1.7);
#419=CIRCLE('',#1213,1.7);
#420=CIRCLE('',#1214,1.7);
#421=CIRCLE('',#1216,1.);
#422=CIRCLE('',#1217,2.);
#423=CIRCLE('',#1218,3.);
#424=CIRCLE('',#1220,1.);
#425=CIRCLE('',#1222,1.);
#426=CIRCLE('',#1223,2.);
#427=CIRCLE('',#1224,3.);
#428=CIRCLE('',#1226,1.);
#429=CIRCLE('',#1227,32.75);
#430=CIRCLE('',#1228,31.75);
#431=CIRCLE('',#1230,1.);
#432=CIRCLE('',#1231,3.);
#433=CIRCLE('',#1233,1.);
#434=CIRCLE('',#1235,3.);
#435=CIRCLE('',#1237,3.);
#436=CIRCLE('',#1238,3.);
#437=CIRCLE('',#1239,31.75);
#438=CIRCLE('',#1240,3.);
#439=CIRCLE('',#1241,3.);
#440=CIRCLE('',#1242,1.7);
#441=CIRCLE('',#1244,1.);
#442=CIRCLE('',#1245,2.);
#443=CIRCLE('',#1247,1.);
#444=CIRCLE('',#1249,1.);
#445=CIRCLE('',#1250,2.);
#446=CIRCLE('',#1252,1.);
#447=CIRCLE('',#1253,32.75);
#448=CIRCLE('',#1255,1.);
#449=CIRCLE('',#1257,1.);
#450=CIRCLE('',#1267,3.);
#451=CIRCLE('',#1268,3.);
#452=CIRCLE('',#1270,1.7);
#453=CIRCLE('',#1272,3.);
#454=CIRCLE('',#1273,3.);
#455=CIRCLE('',#1275,1.7);
#456=CIRCLE('',#1277,3.);
#457=CIRCLE('',#1278,3.);
#458=CIRCLE('',#1280,1.7);
#459=CIRCLE('',#1282,3.);
#460=CIRCLE('',#1283,3.);
#461=CIRCLE('',#1285,1.7);
#462=CIRCLE('',#1287,3.);
#463=CIRCLE('',#1288,3.);
#464=CIRCLE('',#1290,1.7);
#465=CIRCLE('',#1292,3.);
#466=CIRCLE('',#1293,3.);
#467=CIRCLE('',#1295,1.7);
#468=CIRCLE('',#1300,1.7);
#469=CIRCLE('',#1304,1.7);
#470=CIRCLE('',#1308,1.7);
#471=VERTEX_POINT('',#1706);
#472=VERTEX_POINT('',#1707);
#473=VERTEX_POINT('',#1709);
#474=VERTEX_POINT('',#1711);
#475=VERTEX_POINT('',#1715);
#476=VERTEX_POINT('',#1716);
#477=VERTEX_POINT('',#1729);
#478=VERTEX_POINT('',#1730);
#479=VERTEX_POINT('',#1735);
#480=VERTEX_POINT('',#1736);
#481=VERTEX_POINT('',#1755);
#482=VERTEX_POINT('',#1756);
#483=VERTEX_POINT('',#1761);
#484=VERTEX_POINT('',#1762);
#485=VERTEX_POINT('',#1781);
#486=VERTEX_POINT('',#1782);
#487=VERTEX_POINT('',#1790);
#488=VERTEX_POINT('',#1792);
#489=VERTEX_POINT('',#1801);
#490=VERTEX_POINT('',#1803);
#491=VERTEX_POINT('',#1806);
#492=VERTEX_POINT('',#1808);
#493=VERTEX_POINT('',#1817);
#494=VERTEX_POINT('',#1819);
#495=VERTEX_POINT('',#1821);
#496=VERTEX_POINT('',#1823);
#497=VERTEX_POINT('',#1832);
#498=VERTEX_POINT('',#1834);
#499=VERTEX_POINT('',#1845);
#500=VERTEX_POINT('',#1849);
#501=VERTEX_POINT('',#1853);
#502=VERTEX_POINT('',#1857);
#503=VERTEX_POINT('',#1859);
#504=VERTEX_POINT('',#1861);
#505=VERTEX_POINT('',#1863);
#506=VERTEX_POINT('',#1874);
#507=VERTEX_POINT('',#1875);
#508=VERTEX_POINT('',#1877);
#509=VERTEX_POINT('',#1879);
#510=VERTEX_POINT('',#1883);
#511=VERTEX_POINT('',#1884);
#512=VERTEX_POINT('',#1897);
#513=VERTEX_POINT('',#1898);
#514=VERTEX_POINT('',#1903);
#515=VERTEX_POINT('',#1904);
#516=VERTEX_POINT('',#1923);
#517=VERTEX_POINT('',#1928);
#518=VERTEX_POINT('',#1946);
#519=VERTEX_POINT('',#1947);
#520=VERTEX_POINT('',#1955);
#521=VERTEX_POINT('',#1959);
#522=VERTEX_POINT('',#1963);
#523=VERTEX_POINT('',#1967);
#524=VERTEX_POINT('',#1969);
#525=VERTEX_POINT('',#1971);
#526=VERTEX_POINT('',#1973);
#527=VERTEX_POINT('',#1976);
#528=VERTEX_POINT('',#1977);
#529=VERTEX_POINT('',#1982);
#530=VERTEX_POINT('',#1983);
#531=VERTEX_POINT('',#1988);
#532=VERTEX_POINT('',#1989);
#533=VERTEX_POINT('',#1994);
#534=VERTEX_POINT('',#1999);
#535=VERTEX_POINT('',#2003);
#536=VERTEX_POINT('',#2009);
#537=VERTEX_POINT('',#2011);
#538=VERTEX_POINT('',#2013);
#539=VERTEX_POINT('',#2015);
#540=VERTEX_POINT('',#2017);
#541=VERTEX_POINT('',#2019);
#542=VERTEX_POINT('',#2022);
#543=VERTEX_POINT('',#2025);
#544=VERTEX_POINT('',#2029);
#545=VERTEX_POINT('',#2033);
#546=VERTEX_POINT('',#2058);
#547=VERTEX_POINT('',#2060);
#548=VERTEX_POINT('',#2064);
#549=VERTEX_POINT('',#2067);
#550=VERTEX_POINT('',#2069);
#551=VERTEX_POINT('',#2073);
#552=VERTEX_POINT('',#2076);
#553=VERTEX_POINT('',#2078);
#554=VERTEX_POINT('',#2082);
#555=VERTEX_POINT('',#2085);
#556=VERTEX_POINT('',#2087);
#557=VERTEX_POINT('',#2091);
#558=VERTEX_POINT('',#2094);
#559=VERTEX_POINT('',#2096);
#560=VERTEX_POINT('',#2100);
#561=VERTEX_POINT('',#2103);
#562=VERTEX_POINT('',#2105);
#563=VERTEX_POINT('',#2109);
#564=VERTEX_POINT('',#2117);
#565=VERTEX_POINT('',#2125);
#566=VERTEX_POINT('',#2133);
#567=EDGE_CURVE('',#471,#472,#365,.T.);
#568=EDGE_CURVE('',#472,#473,#366,.T.);
#569=EDGE_CURVE('',#473,#474,#367,.T.);
#570=EDGE_CURVE('',#474,#471,#368,.T.);
#571=EDGE_CURVE('',#475,#476,#369,.T.);
#572=EDGE_CURVE('',#476,#474,#370,.T.);
#573=EDGE_CURVE('',#473,#475,#371,.T.);
#574=EDGE_CURVE('',#477,#478,#372,.T.);
#575=EDGE_CURVE('',#478,#476,#373,.T.);
#576=EDGE_CURVE('',#475,#477,#374,.T.);
#577=EDGE_CURVE('',#479,#480,#375,.T.);
#578=EDGE_CURVE('',#480,#478,#57,.T.);
#579=EDGE_CURVE('',#477,#479,#58,.T.);
#580=EDGE_CURVE('',#481,#482,#376,.T.);
#581=EDGE_CURVE('',#482,#480,#377,.T.);
#582=EDGE_CURVE('',#479,#481,#378,.T.);
#583=EDGE_CURVE('',#483,#484,#379,.T.);
#584=EDGE_CURVE('',#484,#482,#380,.T.);
#585=EDGE_CURVE('',#481,#483,#381,.T.);
#586=EDGE_CURVE('',#485,#486,#382,.T.);
#587=EDGE_CURVE('',#486,#484,#383,.T.);
#588=EDGE_CURVE('',#483,#485,#384,.T.);
#589=EDGE_CURVE('',#485,#472,#59,.T.);
#590=EDGE_CURVE('',#471,#486,#60,.T.);
#591=EDGE_CURVE('',#487,#484,#61,.T.);
#592=EDGE_CURVE('',#488,#487,#53,.T.);
#593=EDGE_CURVE('',#488,#489,#385,.T.);
#594=EDGE_CURVE('',#489,#490,#62,.T.);
#595=EDGE_CURVE('',#490,#490,#386,.T.);
#596=EDGE_CURVE('',#489,#491,#387,.T.);
#597=EDGE_CURVE('',#492,#491,#54,.T.);
#598=EDGE_CURVE('',#493,#492,#63,.T.);
#599=EDGE_CURVE('',#494,#493,#388,.T.);
#600=EDGE_CURVE('',#495,#494,#64,.T.);
#601=EDGE_CURVE('',#496,#495,#55,.T.);
#602=EDGE_CURVE('',#496,#497,#389,.T.);
#603=EDGE_CURVE('',#498,#497,#56,.T.);
#604=EDGE_CURVE('',#482,#498,#65,.T.);
#605=EDGE_CURVE('',#486,#499,#66,.T.);
#606=EDGE_CURVE('',#487,#499,#390,.T.);
#607=EDGE_CURVE('',#500,#471,#67,.T.);
#608=EDGE_CURVE('',#499,#500,#68,.T.);
#609=EDGE_CURVE('',#474,#501,#69,.T.);
#610=EDGE_CURVE('',#500,#501,#391,.T.);
#611=EDGE_CURVE('',#502,#502,#392,.T.);
#612=EDGE_CURVE('',#503,#503,#393,.T.);
#613=EDGE_CURVE('',#504,#504,#394,.T.);
#614=EDGE_CURVE('',#505,#505,#395,.T.);
#615=EDGE_CURVE('',#506,#507,#396,.T.);
#616=EDGE_CURVE('',#507,#508,#397,.T.);
#617=EDGE_CURVE('',#508,#509,#398,.T.);
#618=EDGE_CURVE('',#509,#506,#399,.T.);
#619=EDGE_CURVE('',#510,#511,#400,.T.);
#620=EDGE_CURVE('',#511,#509,#401,.T.);
#621=EDGE_CURVE('',#508,#510,#402,.T.);
#622=EDGE_CURVE('',#512,#513,#403,.T.);
#623=EDGE_CURVE('',#513,#511,#404,.T.);
#624=EDGE_CURVE('',#510,#512,#405,.T.);
#625=EDGE_CURVE('',#514,#515,#406,.T.);
#626=EDGE_CURVE('',#515,#513,#70,.T.);
#627=EDGE_CURVE('',#512,#514,#71,.T.);
#628=EDGE_CURVE('',#516,#493,#407,.T.);
#629=EDGE_CURVE('',#493,#515,#408,.T.);
#630=EDGE_CURVE('',#514,#516,#409,.T.);
#631=EDGE_CURVE('',#517,#494,#410,.T.);
#632=EDGE_CURVE('',#516,#517,#411,.T.);
#633=EDGE_CURVE('',#518,#519,#412,.T.);
#634=EDGE_CURVE('',#519,#494,#413,.T.);
#635=EDGE_CURVE('',#517,#518,#414,.T.);
#636=EDGE_CURVE('',#518,#507,#72,.T.);
#637=EDGE_CURVE('',#506,#519,#73,.T.);
#638=EDGE_CURVE('',#519,#520,#74,.T.);
#639=EDGE_CURVE('',#495,#520,#415,.T.);
#640=EDGE_CURVE('',#521,#506,#75,.T.);
#641=EDGE_CURVE('',#520,#521,#76,.T.);
#642=EDGE_CURVE('',#509,#522,#77,.T.);
#643=EDGE_CURVE('',#521,#522,#416,.T.);
#644=EDGE_CURVE('',#523,#523,#417,.T.);
#645=EDGE_CURVE('',#524,#524,#418,.T.);
#646=EDGE_CURVE('',#525,#525,#419,.T.);
#647=EDGE_CURVE('',#526,#526,#420,.T.);
#648=EDGE_CURVE('',#527,#528,#421,.T.);
#649=EDGE_CURVE('',#528,#498,#422,.T.);
#650=EDGE_CURVE('',#497,#527,#423,.T.);
#651=EDGE_CURVE('',#529,#530,#424,.T.);
#652=EDGE_CURVE('',#530,#528,#78,.T.);
#653=EDGE_CURVE('',#527,#529,#79,.T.);
#654=EDGE_CURVE('',#531,#532,#425,.T.);
#655=EDGE_CURVE('',#532,#530,#426,.T.);
#656=EDGE_CURVE('',#529,#531,#427,.T.);
#657=EDGE_CURVE('',#533,#501,#428,.T.);
#658=EDGE_CURVE('',#501,#532,#429,.T.);
#659=EDGE_CURVE('',#531,#533,#430,.T.);
#660=EDGE_CURVE('',#534,#500,#431,.T.);
#661=EDGE_CURVE('',#533,#534,#432,.T.);
#662=EDGE_CURVE('',#535,#499,#433,.T.);
#663=EDGE_CURVE('',#534,#535,#80,.T.);
#664=EDGE_CURVE('',#535,#488,#434,.T.);
#665=EDGE_CURVE('',#536,#496,#435,.T.);
#666=EDGE_CURVE('',#537,#536,#81,.T.);
#667=EDGE_CURVE('',#538,#537,#436,.T.);
#668=EDGE_CURVE('',#539,#538,#437,.T.);
#669=EDGE_CURVE('',#540,#539,#438,.T.);
#670=EDGE_CURVE('',#541,#540,#82,.T.);
#671=EDGE_CURVE('',#491,#541,#439,.T.);
#672=EDGE_CURVE('',#542,#542,#440,.T.);
#673=EDGE_CURVE('',#541,#543,#441,.T.);
#674=EDGE_CURVE('',#543,#492,#442,.T.);
#675=EDGE_CURVE('',#540,#544,#443,.T.);
#676=EDGE_CURVE('',#544,#543,#83,.T.);
#677=EDGE_CURVE('',#539,#545,#444,.T.);
#678=EDGE_CURVE('',#545,#544,#445,.T.);
#679=EDGE_CURVE('',#538,#522,#446,.T.);
#680=EDGE_CURVE('',#522,#545,#447,.T.);
#681=EDGE_CURVE('',#537,#521,#448,.T.);
#682=EDGE_CURVE('',#536,#520,#449,.T.);
#683=EDGE_CURVE('',#513,#544,#84,.T.);
#684=EDGE_CURVE('',#545,#511,#85,.T.);
#685=EDGE_CURVE('',#543,#515,#86,.T.);
#686=EDGE_CURVE('',#528,#480,#87,.T.);
#687=EDGE_CURVE('',#478,#530,#88,.T.);
#688=EDGE_CURVE('',#532,#476,#89,.T.);
#689=EDGE_CURVE('',#546,#546,#450,.T.);
#690=EDGE_CURVE('',#546,#547,#90,.T.);
#691=EDGE_CURVE('',#547,#547,#451,.T.);
#692=EDGE_CURVE('',#548,#548,#452,.T.);
#693=EDGE_CURVE('',#549,#549,#453,.T.);
#694=EDGE_CURVE('',#549,#550,#91,.T.);
#695=EDGE_CURVE('',#550,#550,#454,.T.);
#696=EDGE_CURVE('',#551,#551,#455,.T.);
#697=EDGE_CURVE('',#552,#552,#456,.T.);
#698=EDGE_CURVE('',#552,#553,#92,.T.);
#699=EDGE_CURVE('',#553,#553,#457,.T.);
#700=EDGE_CURVE('',#554,#554,#458,.T.);
#701=EDGE_CURVE('',#555,#555,#459,.T.);
#702=EDGE_CURVE('',#555,#556,#93,.T.);
#703=EDGE_CURVE('',#556,#556,#460,.T.);
#704=EDGE_CURVE('',#557,#557,#461,.T.);
#705=EDGE_CURVE('',#558,#558,#462,.T.);
#706=EDGE_CURVE('',#558,#559,#94,.T.);
#707=EDGE_CURVE('',#559,#559,#463,.T.);
#708=EDGE_CURVE('',#560,#560,#464,.T.);
#709=EDGE_CURVE('',#561,#561,#465,.T.);
#710=EDGE_CURVE('',#561,#562,#95,.T.);
#711=EDGE_CURVE('',#562,#562,#466,.T.);
#712=EDGE_CURVE('',#563,#563,#467,.T.);
#713=EDGE_CURVE('',#502,#557,#96,.T.);
#714=EDGE_CURVE('',#503,#560,#97,.T.);
#715=EDGE_CURVE('',#504,#564,#98,.T.);
#716=EDGE_CURVE('',#564,#564,#468,.T.);
#717=EDGE_CURVE('',#505,#563,#99,.T.);
#718=EDGE_CURVE('',#523,#554,#100,.T.);
#719=EDGE_CURVE('',#524,#565,#101,.T.);
#720=EDGE_CURVE('',#565,#565,#469,.T.);
#721=EDGE_CURVE('',#525,#548,#102,.T.);
#722=EDGE_CURVE('',#526,#551,#103,.T.);
#723=EDGE_CURVE('',#542,#566,#104,.T.);
#724=EDGE_CURVE('',#566,#566,#470,.T.);
#725=ORIENTED_EDGE('',*,*,#567,.T.);
#726=ORIENTED_EDGE('',*,*,#568,.T.);
#727=ORIENTED_EDGE('',*,*,#569,.T.);
#728=ORIENTED_EDGE('',*,*,#570,.T.);
#729=ORIENTED_EDGE('',*,*,#571,.T.);
#730=ORIENTED_EDGE('',*,*,#572,.T.);
#731=ORIENTED_EDGE('',*,*,#569,.F.);
#732=ORIENTED_EDGE('',*,*,#573,.T.);
#733=ORIENTED_EDGE('',*,*,#574,.T.);
#734=ORIENTED_EDGE('',*,*,#575,.T.);
#735=ORIENTED_EDGE('',*,*,#571,.F.);
#736=ORIENTED_EDGE('',*,*,#576,.T.);
#737=ORIENTED_EDGE('',*,*,#577,.T.);
#738=ORIENTED_EDGE('',*,*,#578,.T.);
#739=ORIENTED_EDGE('',*,*,#574,.F.);
#740=ORIENTED_EDGE('',*,*,#579,.T.);
#741=ORIENTED_EDGE('',*,*,#580,.T.);
#742=ORIENTED_EDGE('',*,*,#581,.T.);
#743=ORIENTED_EDGE('',*,*,#577,.F.);
#744=ORIENTED_EDGE('',*,*,#582,.T.);
#745=ORIENTED_EDGE('',*,*,#583,.T.);
#746=ORIENTED_EDGE('',*,*,#584,.T.);
#747=ORIENTED_EDGE('',*,*,#580,.F.);
#748=ORIENTED_EDGE('',*,*,#585,.T.);
#749=ORIENTED_EDGE('',*,*,#586,.T.);
#750=ORIENTED_EDGE('',*,*,#587,.T.);
#751=ORIENTED_EDGE('',*,*,#583,.F.);
#752=ORIENTED_EDGE('',*,*,#588,.T.);
#753=ORIENTED_EDGE('',*,*,#586,.F.);
#754=ORIENTED_EDGE('',*,*,#589,.T.);
#755=ORIENTED_EDGE('',*,*,#567,.F.);
#756=ORIENTED_EDGE('',*,*,#590,.T.);
#757=ORIENTED_EDGE('',*,*,#584,.F.);
#758=ORIENTED_EDGE('',*,*,#591,.F.);
#759=ORIENTED_EDGE('',*,*,#592,.F.);
#760=ORIENTED_EDGE('',*,*,#593,.T.);
#761=ORIENTED_EDGE('',*,*,#594,.T.);
#762=ORIENTED_EDGE('',*,*,#595,.T.);
#763=ORIENTED_EDGE('',*,*,#594,.F.);
#764=ORIENTED_EDGE('',*,*,#596,.T.);
#765=ORIENTED_EDGE('',*,*,#597,.F.);
#766=ORIENTED_EDGE('',*,*,#598,.F.);
#767=ORIENTED_EDGE('',*,*,#599,.F.);
#768=ORIENTED_EDGE('',*,*,#600,.F.);
#769=ORIENTED_EDGE('',*,*,#601,.F.);
#770=ORIENTED_EDGE('',*,*,#602,.T.);
#771=ORIENTED_EDGE('',*,*,#603,.F.);
#772=ORIENTED_EDGE('',*,*,#604,.F.);
#773=ORIENTED_EDGE('',*,*,#587,.F.);
#774=ORIENTED_EDGE('',*,*,#605,.T.);
#775=ORIENTED_EDGE('',*,*,#606,.F.);
#776=ORIENTED_EDGE('',*,*,#591,.T.);
#777=ORIENTED_EDGE('',*,*,#590,.F.);
#778=ORIENTED_EDGE('',*,*,#607,.F.);
#779=ORIENTED_EDGE('',*,*,#608,.F.);
#780=ORIENTED_EDGE('',*,*,#605,.F.);
#781=ORIENTED_EDGE('',*,*,#570,.F.);
#782=ORIENTED_EDGE('',*,*,#609,.T.);
#783=ORIENTED_EDGE('',*,*,#610,.F.);
#784=ORIENTED_EDGE('',*,*,#607,.T.);
#785=ORIENTED_EDGE('',*,*,#568,.F.);
#786=ORIENTED_EDGE('',*,*,#589,.F.);
#787=ORIENTED_EDGE('',*,*,#588,.F.);
#788=ORIENTED_EDGE('',*,*,#585,.F.);
#789=ORIENTED_EDGE('',*,*,#582,.F.);
#790=ORIENTED_EDGE('',*,*,#579,.F.);
#791=ORIENTED_EDGE('',*,*,#576,.F.);
#792=ORIENTED_EDGE('',*,*,#573,.F.);
#793=ORIENTED_EDGE('',*,*,#611,.T.);
#794=ORIENTED_EDGE('',*,*,#612,.T.);
#795=ORIENTED_EDGE('',*,*,#613,.T.);
#796=ORIENTED_EDGE('',*,*,#614,.T.);
#797=ORIENTED_EDGE('',*,*,#615,.T.);
#798=ORIENTED_EDGE('',*,*,#616,.T.);
#799=ORIENTED_EDGE('',*,*,#617,.T.);
#800=ORIENTED_EDGE('',*,*,#618,.T.);
#801=ORIENTED_EDGE('',*,*,#619,.T.);
#802=ORIENTED_EDGE('',*,*,#620,.T.);
#803=ORIENTED_EDGE('',*,*,#617,.F.);
#804=ORIENTED_EDGE('',*,*,#621,.T.);
#805=ORIENTED_EDGE('',*,*,#622,.T.);
#806=ORIENTED_EDGE('',*,*,#623,.T.);
#807=ORIENTED_EDGE('',*,*,#619,.F.);
#808=ORIENTED_EDGE('',*,*,#624,.T.);
#809=ORIENTED_EDGE('',*,*,#625,.T.);
#810=ORIENTED_EDGE('',*,*,#626,.T.);
#811=ORIENTED_EDGE('',*,*,#622,.F.);
#812=ORIENTED_EDGE('',*,*,#627,.T.);
#813=ORIENTED_EDGE('',*,*,#628,.T.);
#814=ORIENTED_EDGE('',*,*,#629,.T.);
#815=ORIENTED_EDGE('',*,*,#625,.F.);
#816=ORIENTED_EDGE('',*,*,#630,.T.);
#817=ORIENTED_EDGE('',*,*,#631,.T.);
#818=ORIENTED_EDGE('',*,*,#599,.T.);
#819=ORIENTED_EDGE('',*,*,#628,.F.);
#820=ORIENTED_EDGE('',*,*,#632,.T.);
#821=ORIENTED_EDGE('',*,*,#633,.T.);
#822=ORIENTED_EDGE('',*,*,#634,.T.);
#823=ORIENTED_EDGE('',*,*,#631,.F.);
#824=ORIENTED_EDGE('',*,*,#635,.T.);
#825=ORIENTED_EDGE('',*,*,#633,.F.);
#826=ORIENTED_EDGE('',*,*,#636,.T.);
#827=ORIENTED_EDGE('',*,*,#615,.F.);
#828=ORIENTED_EDGE('',*,*,#637,.T.);
#829=ORIENTED_EDGE('',*,*,#634,.F.);
#830=ORIENTED_EDGE('',*,*,#638,.T.);
#831=ORIENTED_EDGE('',*,*,#639,.F.);
#832=ORIENTED_EDGE('',*,*,#600,.T.);
#833=ORIENTED_EDGE('',*,*,#637,.F.);
#834=ORIENTED_EDGE('',*,*,#640,.F.);
#835=ORIENTED_EDGE('',*,*,#641,.F.);
#836=ORIENTED_EDGE('',*,*,#638,.F.);
#837=ORIENTED_EDGE('',*,*,#618,.F.);
#838=ORIENTED_EDGE('',*,*,#642,.T.);
#839=ORIENTED_EDGE('',*,*,#643,.F.);
#840=ORIENTED_EDGE('',*,*,#640,.T.);
#841=ORIENTED_EDGE('',*,*,#616,.F.);
#842=ORIENTED_EDGE('',*,*,#636,.F.);
#843=ORIENTED_EDGE('',*,*,#635,.F.);
#844=ORIENTED_EDGE('',*,*,#632,.F.);
#845=ORIENTED_EDGE('',*,*,#630,.F.);
#846=ORIENTED_EDGE('',*,*,#627,.F.);
#847=ORIENTED_EDGE('',*,*,#624,.F.);
#848=ORIENTED_EDGE('',*,*,#621,.F.);
#849=ORIENTED_EDGE('',*,*,#644,.T.);
#850=ORIENTED_EDGE('',*,*,#645,.T.);
#851=ORIENTED_EDGE('',*,*,#646,.T.);
#852=ORIENTED_EDGE('',*,*,#647,.T.);
#853=ORIENTED_EDGE('',*,*,#648,.T.);
#854=ORIENTED_EDGE('',*,*,#649,.T.);
#855=ORIENTED_EDGE('',*,*,#603,.T.);
#856=ORIENTED_EDGE('',*,*,#650,.T.);
#857=ORIENTED_EDGE('',*,*,#651,.T.);
#858=ORIENTED_EDGE('',*,*,#652,.T.);
#859=ORIENTED_EDGE('',*,*,#648,.F.);
#860=ORIENTED_EDGE('',*,*,#653,.T.);
#861=ORIENTED_EDGE('',*,*,#654,.T.);
#862=ORIENTED_EDGE('',*,*,#655,.T.);
#863=ORIENTED_EDGE('',*,*,#651,.F.);
#864=ORIENTED_EDGE('',*,*,#656,.T.);
#865=ORIENTED_EDGE('',*,*,#657,.T.);
#866=ORIENTED_EDGE('',*,*,#658,.T.);
#867=ORIENTED_EDGE('',*,*,#654,.F.);
#868=ORIENTED_EDGE('',*,*,#659,.T.);
#869=ORIENTED_EDGE('',*,*,#660,.T.);
#870=ORIENTED_EDGE('',*,*,#610,.T.);
#871=ORIENTED_EDGE('',*,*,#657,.F.);
#872=ORIENTED_EDGE('',*,*,#661,.T.);
#873=ORIENTED_EDGE('',*,*,#662,.T.);
#874=ORIENTED_EDGE('',*,*,#608,.T.);
#875=ORIENTED_EDGE('',*,*,#660,.F.);
#876=ORIENTED_EDGE('',*,*,#663,.T.);
#877=ORIENTED_EDGE('',*,*,#592,.T.);
#878=ORIENTED_EDGE('',*,*,#606,.T.);
#879=ORIENTED_EDGE('',*,*,#662,.F.);
#880=ORIENTED_EDGE('',*,*,#664,.T.);
#881=ORIENTED_EDGE('',*,*,#664,.F.);
#882=ORIENTED_EDGE('',*,*,#663,.F.);
#883=ORIENTED_EDGE('',*,*,#661,.F.);
#884=ORIENTED_EDGE('',*,*,#659,.F.);
#885=ORIENTED_EDGE('',*,*,#656,.F.);
#886=ORIENTED_EDGE('',*,*,#653,.F.);
#887=ORIENTED_EDGE('',*,*,#650,.F.);
#888=ORIENTED_EDGE('',*,*,#602,.F.);
#889=ORIENTED_EDGE('',*,*,#665,.F.);
#890=ORIENTED_EDGE('',*,*,#666,.F.);
#891=ORIENTED_EDGE('',*,*,#667,.F.);
#892=ORIENTED_EDGE('',*,*,#668,.F.);
#893=ORIENTED_EDGE('',*,*,#669,.F.);
#894=ORIENTED_EDGE('',*,*,#670,.F.);
#895=ORIENTED_EDGE('',*,*,#671,.F.);
#896=ORIENTED_EDGE('',*,*,#596,.F.);
#897=ORIENTED_EDGE('',*,*,#593,.F.);
#898=ORIENTED_EDGE('',*,*,#672,.F.);
#899=ORIENTED_EDGE('',*,*,#673,.T.);
#900=ORIENTED_EDGE('',*,*,#674,.T.);
#901=ORIENTED_EDGE('',*,*,#597,.T.);
#902=ORIENTED_EDGE('',*,*,#671,.T.);
#903=ORIENTED_EDGE('',*,*,#675,.T.);
#904=ORIENTED_EDGE('',*,*,#676,.T.);
#905=ORIENTED_EDGE('',*,*,#673,.F.);
#906=ORIENTED_EDGE('',*,*,#670,.T.);
#907=ORIENTED_EDGE('',*,*,#677,.T.);
#908=ORIENTED_EDGE('',*,*,#678,.T.);
#909=ORIENTED_EDGE('',*,*,#675,.F.);
#910=ORIENTED_EDGE('',*,*,#669,.T.);
#911=ORIENTED_EDGE('',*,*,#679,.T.);
#912=ORIENTED_EDGE('',*,*,#680,.T.);
#913=ORIENTED_EDGE('',*,*,#677,.F.);
#914=ORIENTED_EDGE('',*,*,#668,.T.);
#915=ORIENTED_EDGE('',*,*,#681,.T.);
#916=ORIENTED_EDGE('',*,*,#643,.T.);
#917=ORIENTED_EDGE('',*,*,#679,.F.);
#918=ORIENTED_EDGE('',*,*,#667,.T.);
#919=ORIENTED_EDGE('',*,*,#682,.T.);
#920=ORIENTED_EDGE('',*,*,#641,.T.);
#921=ORIENTED_EDGE('',*,*,#681,.F.);
#922=ORIENTED_EDGE('',*,*,#666,.T.);
#923=ORIENTED_EDGE('',*,*,#601,.T.);
#924=ORIENTED_EDGE('',*,*,#639,.T.);
#925=ORIENTED_EDGE('',*,*,#682,.F.);
#926=ORIENTED_EDGE('',*,*,#665,.T.);
#927=ORIENTED_EDGE('',*,*,#623,.F.);
#928=ORIENTED_EDGE('',*,*,#683,.T.);
#929=ORIENTED_EDGE('',*,*,#678,.F.);
#930=ORIENTED_EDGE('',*,*,#684,.T.);
#931=ORIENTED_EDGE('',*,*,#626,.F.);
#932=ORIENTED_EDGE('',*,*,#685,.F.);
#933=ORIENTED_EDGE('',*,*,#676,.F.);
#934=ORIENTED_EDGE('',*,*,#683,.F.);
#935=ORIENTED_EDGE('',*,*,#629,.F.);
#936=ORIENTED_EDGE('',*,*,#598,.T.);
#937=ORIENTED_EDGE('',*,*,#674,.F.);
#938=ORIENTED_EDGE('',*,*,#685,.T.);
#939=ORIENTED_EDGE('',*,*,#581,.F.);
#940=ORIENTED_EDGE('',*,*,#604,.T.);
#941=ORIENTED_EDGE('',*,*,#649,.F.);
#942=ORIENTED_EDGE('',*,*,#686,.T.);
#943=ORIENTED_EDGE('',*,*,#578,.F.);
#944=ORIENTED_EDGE('',*,*,#686,.F.);
#945=ORIENTED_EDGE('',*,*,#652,.F.);
#946=ORIENTED_EDGE('',*,*,#687,.F.);
#947=ORIENTED_EDGE('',*,*,#575,.F.);
#948=ORIENTED_EDGE('',*,*,#687,.T.);
#949=ORIENTED_EDGE('',*,*,#655,.F.);
#950=ORIENTED_EDGE('',*,*,#688,.T.);
#951=ORIENTED_EDGE('',*,*,#572,.F.);
#952=ORIENTED_EDGE('',*,*,#688,.F.);
#953=ORIENTED_EDGE('',*,*,#658,.F.);
#954=ORIENTED_EDGE('',*,*,#609,.F.);
#955=ORIENTED_EDGE('',*,*,#689,.F.);
#956=ORIENTED_EDGE('',*,*,#690,.T.);
#957=ORIENTED_EDGE('',*,*,#691,.T.);
#958=ORIENTED_EDGE('',*,*,#690,.F.);
#959=ORIENTED_EDGE('',*,*,#691,.F.);
#960=ORIENTED_EDGE('',*,*,#692,.F.);
#961=ORIENTED_EDGE('',*,*,#693,.F.);
#962=ORIENTED_EDGE('',*,*,#694,.T.);
#963=ORIENTED_EDGE('',*,*,#695,.T.);
#964=ORIENTED_EDGE('',*,*,#694,.F.);
#965=ORIENTED_EDGE('',*,*,#695,.F.);
#966=ORIENTED_EDGE('',*,*,#696,.F.);
#967=ORIENTED_EDGE('',*,*,#697,.F.);
#968=ORIENTED_EDGE('',*,*,#698,.T.);
#969=ORIENTED_EDGE('',*,*,#699,.T.);
#970=ORIENTED_EDGE('',*,*,#698,.F.);
#971=ORIENTED_EDGE('',*,*,#699,.F.);
#972=ORIENTED_EDGE('',*,*,#700,.F.);
#973=ORIENTED_EDGE('',*,*,#701,.F.);
#974=ORIENTED_EDGE('',*,*,#702,.T.);
#975=ORIENTED_EDGE('',*,*,#703,.T.);
#976=ORIENTED_EDGE('',*,*,#702,.F.);
#977=ORIENTED_EDGE('',*,*,#703,.F.);
#978=ORIENTED_EDGE('',*,*,#704,.F.);
#979=ORIENTED_EDGE('',*,*,#705,.F.);
#980=ORIENTED_EDGE('',*,*,#706,.T.);
#981=ORIENTED_EDGE('',*,*,#707,.T.);
#982=ORIENTED_EDGE('',*,*,#706,.F.);
#983=ORIENTED_EDGE('',*,*,#707,.F.);
#984=ORIENTED_EDGE('',*,*,#708,.F.);
#985=ORIENTED_EDGE('',*,*,#709,.F.);
#986=ORIENTED_EDGE('',*,*,#710,.T.);
#987=ORIENTED_EDGE('',*,*,#711,.T.);
#988=ORIENTED_EDGE('',*,*,#710,.F.);
#989=ORIENTED_EDGE('',*,*,#711,.F.);
#990=ORIENTED_EDGE('',*,*,#712,.F.);
#991=ORIENTED_EDGE('',*,*,#620,.F.);
#992=ORIENTED_EDGE('',*,*,#684,.F.);
#993=ORIENTED_EDGE('',*,*,#680,.F.);
#994=ORIENTED_EDGE('',*,*,#642,.F.);
#995=ORIENTED_EDGE('',*,*,#611,.F.);
#996=ORIENTED_EDGE('',*,*,#713,.T.);
#997=ORIENTED_EDGE('',*,*,#704,.T.);
#998=ORIENTED_EDGE('',*,*,#713,.F.);
#999=ORIENTED_EDGE('',*,*,#612,.F.);
#1000=ORIENTED_EDGE('',*,*,#714,.T.);
#1001=ORIENTED_EDGE('',*,*,#708,.T.);
#1002=ORIENTED_EDGE('',*,*,#714,.F.);
#1003=ORIENTED_EDGE('',*,*,#613,.F.);
#1004=ORIENTED_EDGE('',*,*,#715,.T.);
#1005=ORIENTED_EDGE('',*,*,#716,.F.);
#1006=ORIENTED_EDGE('',*,*,#715,.F.);
#1007=ORIENTED_EDGE('',*,*,#614,.F.);
#1008=ORIENTED_EDGE('',*,*,#717,.T.);
#1009=ORIENTED_EDGE('',*,*,#712,.T.);
#1010=ORIENTED_EDGE('',*,*,#717,.F.);
#1011=ORIENTED_EDGE('',*,*,#644,.F.);
#1012=ORIENTED_EDGE('',*,*,#718,.T.);
#1013=ORIENTED_EDGE('',*,*,#700,.T.);
#1014=ORIENTED_EDGE('',*,*,#718,.F.);
#1015=ORIENTED_EDGE('',*,*,#645,.F.);
#1016=ORIENTED_EDGE('',*,*,#719,.T.);
#1017=ORIENTED_EDGE('',*,*,#720,.F.);
#1018=ORIENTED_EDGE('',*,*,#719,.F.);
#1019=ORIENTED_EDGE('',*,*,#646,.F.);
#1020=ORIENTED_EDGE('',*,*,#721,.T.);
#1021=ORIENTED_EDGE('',*,*,#692,.T.);
#1022=ORIENTED_EDGE('',*,*,#721,.F.);
#1023=ORIENTED_EDGE('',*,*,#647,.F.);
#1024=ORIENTED_EDGE('',*,*,#722,.T.);
#1025=ORIENTED_EDGE('',*,*,#696,.T.);
#1026=ORIENTED_EDGE('',*,*,#722,.F.);
#1027=ORIENTED_EDGE('',*,*,#672,.T.);
#1028=ORIENTED_EDGE('',*,*,#723,.T.);
#1029=ORIENTED_EDGE('',*,*,#724,.F.);
#1030=ORIENTED_EDGE('',*,*,#723,.F.);
#1031=ORIENTED_EDGE('',*,*,#595,.F.);
#1032=ORIENTED_EDGE('',*,*,#689,.T.);
#1033=ORIENTED_EDGE('',*,*,#693,.T.);
#1034=ORIENTED_EDGE('',*,*,#697,.T.);
#1035=ORIENTED_EDGE('',*,*,#701,.T.);
#1036=ORIENTED_EDGE('',*,*,#705,.T.);
#1037=ORIENTED_EDGE('',*,*,#709,.T.);
#1038=ORIENTED_EDGE('',*,*,#716,.T.);
#1039=ORIENTED_EDGE('',*,*,#720,.T.);
#1040=ORIENTED_EDGE('',*,*,#724,.T.);
#1041=(
BOUNDED_SURFACE()
B_SPLINE_SURFACE(2,2,((#1697,#1698,#1699),(#1700,#1701,#1702),(#1703,#1704,
#1705)),.UNSPECIFIED.,.F.,.F.,.F.)
B_SPLINE_SURFACE_WITH_KNOTS((3,3),(3,3),(-1.5707963267949,0.),(-3.14159265358979,
-1.87726131026399),.UNSPECIFIED.)
GEOMETRIC_REPRESENTATION_ITEM()
RATIONAL_B_SPLINE_SURFACE(((1.,0.806749720324077,1.),(0.707106781186549,
0.570458197961506,0.707106781186549),(1.,0.806749720324077,1.)))
REPRESENTATION_ITEM('')
SURFACE()
);
#1042=(
BOUNDED_SURFACE()
B_SPLINE_SURFACE(2,2,((#1720,#1721,#1722),(#1723,#1724,#1725),(#1726,#1727,
#1728)),.UNSPECIFIED.,.F.,.F.,.F.)
B_SPLINE_SURFACE_WITH_KNOTS((3,3),(3,3),(-1.5707963267949,0.),(1.87726131026399,
3.14159265358979),.UNSPECIFIED.)
GEOMETRIC_REPRESENTATION_ITEM()
RATIONAL_B_SPLINE_SURFACE(((1.,0.806749720324077,1.),(0.707106781186549,
0.570458197961507,0.707106781186549),(1.,0.806749720324077,1.)))
REPRESENTATION_ITEM('')
SURFACE()
);
#1043=(
BOUNDED_SURFACE()
B_SPLINE_SURFACE(2,2,((#1740,#1741,#1742,#1743,#1744),(#1745,#1746,#1747,
#1748,#1749),(#1750,#1751,#1752,#1753,#1754)),.UNSPECIFIED.,.F.,.F.,.F.)
B_SPLINE_SURFACE_WITH_KNOTS((3,3),(3,2,3),(-1.5707963267949,0.),(-3.14159265358979,
-2.2173756386874,-1.29315862378501),.UNSPECIFIED.)
GEOMETRIC_REPRESENTATION_ITEM()
RATIONAL_B_SPLINE_SURFACE(((1.,0.895114438491636,1.,0.895114438491636,1.),
(0.707106781186542,0.63294148939542,0.707106781186542,0.63294148939542,
0.707106781186542),(1.,0.895114438491636,1.,0.895114438491636,1.)))
REPRESENTATION_ITEM('')
SURFACE()
);
#1044=(
BOUNDED_SURFACE()
B_SPLINE_SURFACE(2,2,((#1766,#1767,#1768,#1769,#1770),(#1771,#1772,#1773,
#1774,#1775),(#1776,#1777,#1778,#1779,#1780)),.UNSPECIFIED.,.F.,.F.,.F.)
B_SPLINE_SURFACE_WITH_KNOTS((3,3),(3,2,3),(-1.5707963267949,0.),(1.29315862378501,
2.2173756386874,3.14159265358979),.UNSPECIFIED.)
GEOMETRIC_REPRESENTATION_ITEM()
RATIONAL_B_SPLINE_SURFACE(((1.,0.895114438491636,1.,0.895114438491636,1.),
(0.70710678118654,0.632941489395418,0.70710678118654,0.632941489395418,
0.70710678118654),(1.,0.895114438491636,1.,0.895114438491636,1.)))
REPRESENTATION_ITEM('')
SURFACE()
);
#1045=(
BOUNDED_SURFACE()
B_SPLINE_SURFACE(2,2,((#1865,#1866,#1867),(#1868,#1869,#1870),(#1871,#1872,
#1873)),.UNSPECIFIED.,.F.,.F.,.F.)
B_SPLINE_SURFACE_WITH_KNOTS((3,3),(3,3),(-1.5707963267949,0.),(0.,1.2643313433258),
 .UNSPECIFIED.)
GEOMETRIC_REPRESENTATION_ITEM()
RATIONAL_B_SPLINE_SURFACE(((1.,0.806749720324077,1.),(0.707106781186549,
0.570458197961507,0.707106781186549),(1.,0.806749720324077,1.)))
REPRESENTATION_ITEM('')
SURFACE()
);
#1046=(
BOUNDED_SURFACE()
B_SPLINE_SURFACE(2,2,((#1888,#1889,#1890),(#1891,#1892,#1893),(#1894,#1895,
#1896)),.UNSPECIFIED.,.F.,.F.,.F.)
B_SPLINE_SURFACE_WITH_KNOTS((3,3),(3,3),(-1.5707963267949,0.),(-1.26433134332581,
4.44089209850063E-15),.UNSPECIFIED.)
GEOMETRIC_REPRESENTATION_ITEM()
RATIONAL_B_SPLINE_SURFACE(((1.,0.806749720324075,1.),(0.707106781186549,
0.570458197961505,0.707106781186549),(1.,0.806749720324075,1.)))
REPRESENTATION_ITEM('')
SURFACE()
);
#1047=(
BOUNDED_SURFACE()
B_SPLINE_SURFACE(2,2,((#1908,#1909,#1910,#1911,#1912),(#1913,#1914,#1915,
#1916,#1917),(#1918,#1919,#1920,#1921,#1922)),.UNSPECIFIED.,.F.,.F.,.F.)
B_SPLINE_SURFACE_WITH_KNOTS((3,3),(3,2,3),(-1.5707963267949,0.),(0.,0.924217014902391,
1.84843402980478),.UNSPECIFIED.)
GEOMETRIC_REPRESENTATION_ITEM()
RATIONAL_B_SPLINE_SURFACE(((1.,0.895114438491636,1.,0.895114438491636,1.),
(0.707106781186546,0.632941489395423,0.707106781186546,0.632941489395423,
0.707106781186546),(1.,0.895114438491636,1.,0.895114438491636,1.)))
REPRESENTATION_ITEM('')
SURFACE()
);
#1048=(
BOUNDED_SURFACE()
B_SPLINE_SURFACE(2,2,((#1931,#1932,#1933,#1934,#1935),(#1936,#1937,#1938,
#1939,#1940),(#1941,#1942,#1943,#1944,#1945)),.UNSPECIFIED.,.F.,.F.,.F.)
B_SPLINE_SURFACE_WITH_KNOTS((3,3),(3,2,3),(-1.5707963267949,0.),(-1.84843402980478,
-0.924217014902392,0.),.UNSPECIFIED.)
GEOMETRIC_REPRESENTATION_ITEM()
RATIONAL_B_SPLINE_SURFACE(((1.,0.895114438491636,1.,0.895114438491636,1.),
(0.707106781186549,0.632941489395425,0.707106781186549,0.632941489395425,
0.707106781186549),(1.,0.895114438491636,1.,0.895114438491636,1.)))
REPRESENTATION_ITEM('')
SURFACE()
);
#1049=ADVANCED_FACE('',(#201),#1041,.F.);
#1050=ADVANCED_FACE('',(#202),#187,.T.);
#1051=ADVANCED_FACE('',(#203),#1042,.F.);
#1052=ADVANCED_FACE('',(#204),#153,.T.);
#1053=ADVANCED_FACE('',(#205),#1043,.F.);
#1054=ADVANCED_FACE('',(#206),#188,.T.);
#1055=ADVANCED_FACE('',(#207),#1044,.F.);
#1056=ADVANCED_FACE('',(#208),#154,.T.);
#1057=ADVANCED_FACE('',(#209),#155,.T.);
#1058=ADVANCED_FACE('',(#210),#156,.T.);
#1059=ADVANCED_FACE('',(#211),#39,.F.);
#1060=ADVANCED_FACE('',(#212),#157,.T.);
#1061=ADVANCED_FACE('',(#213,#15,#16,#17,#18),#40,.T.);
#1062=ADVANCED_FACE('',(#214),#1045,.F.);
#1063=ADVANCED_FACE('',(#215),#189,.T.);
#1064=ADVANCED_FACE('',(#216),#1046,.F.);
#1065=ADVANCED_FACE('',(#217),#158,.T.);
#1066=ADVANCED_FACE('',(#218),#1047,.F.);
#1067=ADVANCED_FACE('',(#219),#190,.T.);
#1068=ADVANCED_FACE('',(#220),#1048,.F.);
#1069=ADVANCED_FACE('',(#221),#159,.T.);
#1070=ADVANCED_FACE('',(#222),#160,.T.);
#1071=ADVANCED_FACE('',(#223),#41,.F.);
#1072=ADVANCED_FACE('',(#224),#161,.T.);
#1073=ADVANCED_FACE('',(#225,#19,#20,#21,#22),#42,.T.);
#1074=ADVANCED_FACE('',(#226),#191,.F.);
#1075=ADVANCED_FACE('',(#227),#162,.F.);
#1076=ADVANCED_FACE('',(#228),#192,.F.);
#1077=ADVANCED_FACE('',(#229),#193,.F.);
#1078=ADVANCED_FACE('',(#230),#194,.F.);
#1079=ADVANCED_FACE('',(#231),#163,.F.);
#1080=ADVANCED_FACE('',(#232),#195,.F.);
#1081=ADVANCED_FACE('',(#233,#23),#43,.T.);
#1082=ADVANCED_FACE('',(#234),#196,.F.);
#1083=ADVANCED_FACE('',(#235),#164,.F.);
#1084=ADVANCED_FACE('',(#236),#197,.F.);
#1085=ADVANCED_FACE('',(#237),#198,.F.);
#1086=ADVANCED_FACE('',(#238),#199,.F.);
#1087=ADVANCED_FACE('',(#239),#165,.F.);
#1088=ADVANCED_FACE('',(#240),#200,.F.);
#1089=ADVANCED_FACE('',(#241),#166,.T.);
#1090=ADVANCED_FACE('',(#242),#44,.F.);
#1091=ADVANCED_FACE('',(#243),#167,.T.);
#1092=ADVANCED_FACE('',(#244),#168,.T.);
#1093=ADVANCED_FACE('',(#245),#45,.F.);
#1094=ADVANCED_FACE('',(#246),#169,.T.);
#1095=ADVANCED_FACE('',(#247),#170,.F.);
#1096=ADVANCED_FACE('',(#248),#171,.F.);
#1097=ADVANCED_FACE('',(#249,#24),#46,.T.);
#1098=ADVANCED_FACE('',(#250),#172,.F.);
#1099=ADVANCED_FACE('',(#251,#25),#47,.T.);
#1100=ADVANCED_FACE('',(#252),#173,.F.);
#1101=ADVANCED_FACE('',(#253,#26),#48,.T.);
#1102=ADVANCED_FACE('',(#254),#174,.F.);
#1103=ADVANCED_FACE('',(#255,#27),#49,.T.);
#1104=ADVANCED_FACE('',(#256),#175,.F.);
#1105=ADVANCED_FACE('',(#257,#28),#50,.T.);
#1106=ADVANCED_FACE('',(#258),#176,.F.);
#1107=ADVANCED_FACE('',(#259,#29),#51,.T.);
#1108=ADVANCED_FACE('',(#260),#177,.F.);
#1109=ADVANCED_FACE('',(#261),#178,.F.);
#1110=ADVANCED_FACE('',(#262),#179,.F.);
#1111=ADVANCED_FACE('',(#263),#180,.F.);
#1112=ADVANCED_FACE('',(#264),#181,.F.);
#1113=ADVANCED_FACE('',(#265),#182,.F.);
#1114=ADVANCED_FACE('',(#266),#183,.F.);
#1115=ADVANCED_FACE('',(#267),#184,.F.);
#1116=ADVANCED_FACE('',(#268),#185,.F.);
#1117=ADVANCED_FACE('',(#269),#186,.F.);
#1118=ADVANCED_FACE('',(#270,#30,#31,#32,#33,#34,#35,#36,#37,#38),#52,.F.);
#1119=CLOSED_SHELL('',(#1049,#1050,#1051,#1052,#1053,#1054,#1055,#1056,
#1057,#1058,#1059,#1060,#1061,#1062,#1063,#1064,#1065,#1066,#1067,#1068,
#1069,#1070,#1071,#1072,#1073,#1074,#1075,#1076,#1077,#1078,#1079,#1080,
#1081,#1082,#1083,#1084,#1085,#1086,#1087,#1088,#1089,#1090,#1091,#1092,
#1093,#1094,#1095,#1096,#1097,#1098,#1099,#1100,#1101,#1102,#1103,#1104,
#1105,#1106,#1107,#1108,#1109,#1110,#1111,#1112,#1113,#1114,#1115,#1116,
#1117,#1118));
#1120=DERIVED_UNIT_ELEMENT(#1123,1.);
#1121=DERIVED_UNIT_ELEMENT(#2142,-3.);
#1122=DIMENSIONAL_EXPONENTS(0.,1.,0.,0.,0.,0.,0.);
#1123=(
CONVERSION_BASED_UNIT('gram',#1125)
MASS_UNIT()
NAMED_UNIT(#1122)
);
#1124=(
MASS_UNIT()
NAMED_UNIT(*)
SI_UNIT(.KILO.,.GRAM.)
);
#1125=MASS_MEASURE_WITH_UNIT(MASS_MEASURE(0.001),#1124);
#1126=DERIVED_UNIT((#1120,#1121));
#1127=MEASURE_REPRESENTATION_ITEM('density measure',
POSITIVE_RATIO_MEASURE(1.),#1126);
#1128=PROPERTY_DEFINITION_REPRESENTATION(#1133,#1130);
#1129=PROPERTY_DEFINITION_REPRESENTATION(#1134,#1131);
#1130=REPRESENTATION('material name',(#1132),#2139);
#1131=REPRESENTATION('density',(#1127),#2139);
#1132=DESCRIPTIVE_REPRESENTATION_ITEM('\X2\4E00822C\X0\','\X2\4E00822C\X0\');
#1133=PROPERTY_DEFINITION('material property','material name',#2149);
#1134=PROPERTY_DEFINITION('material property','density of part',#2149);
#1135=DATE_TIME_ROLE('creation_date');
#1136=APPLIED_DATE_AND_TIME_ASSIGNMENT(#1137,#1135,(#2149));
#1137=DATE_AND_TIME(#1138,#1139);
#1138=CALENDAR_DATE(2025,25,5);
#1139=LOCAL_TIME(0,0,0.,#1140);
#1140=COORDINATED_UNIVERSAL_TIME_OFFSET(0,0,.BEHIND.);
#1141=AXIS2_PLACEMENT_3D('',#1696,#1310,#1311);
#1142=AXIS2_PLACEMENT_3D('',#1708,#1312,#1313);
#1143=AXIS2_PLACEMENT_3D('',#1710,#1314,#1315);
#1144=AXIS2_PLACEMENT_3D('',#1712,#1316,#1317);
#1145=AXIS2_PLACEMENT_3D('',#1713,#1318,#1319);
#1146=AXIS2_PLACEMENT_3D('',#1714,#1320,#1321);
#1147=AXIS2_PLACEMENT_3D('',#1717,#1322,#1323);
#1148=AXIS2_PLACEMENT_3D('',#1718,#1324,#1325);
#1149=AXIS2_PLACEMENT_3D('',#1719,#1326,#1327);
#1150=AXIS2_PLACEMENT_3D('',#1731,#1328,#1329);
#1151=AXIS2_PLACEMENT_3D('',#1732,#1330,#1331);
#1152=AXIS2_PLACEMENT_3D('',#1733,#1332,#1333);
#1153=AXIS2_PLACEMENT_3D('',#1734,#1334,#1335);
#1154=AXIS2_PLACEMENT_3D('',#1737,#1336,#1337);
#1155=AXIS2_PLACEMENT_3D('',#1757,#1340,#1341);
#1156=AXIS2_PLACEMENT_3D('',#1758,#1342,#1343);
#1157=AXIS2_PLACEMENT_3D('',#1759,#1344,#1345);
#1158=AXIS2_PLACEMENT_3D('',#1760,#1346,#1347);
#1159=AXIS2_PLACEMENT_3D('',#1763,#1348,#1349);
#1160=AXIS2_PLACEMENT_3D('',#1764,#1350,#1351);
#1161=AXIS2_PLACEMENT_3D('',#1765,#1352,#1353);
#1162=AXIS2_PLACEMENT_3D('',#1783,#1354,#1355);
#1163=AXIS2_PLACEMENT_3D('',#1784,#1356,#1357);
#1164=AXIS2_PLACEMENT_3D('',#1785,#1358,#1359);
#1165=AXIS2_PLACEMENT_3D('',#1786,#1360,#1361);
#1166=AXIS2_PLACEMENT_3D('',#1789,#1364,#1365);
#1167=AXIS2_PLACEMENT_3D('',#1802,#1367,#1368);
#1168=AXIS2_PLACEMENT_3D('',#1805,#1370,#1371);
#1169=AXIS2_PLACEMENT_3D('',#1807,#1372,#1373);
#1170=AXIS2_PLACEMENT_3D('',#1820,#1375,#1376);
#1171=AXIS2_PLACEMENT_3D('',#1833,#1378,#1379);
#1172=AXIS2_PLACEMENT_3D('',#1844,#1381,#1382);
#1173=AXIS2_PLACEMENT_3D('',#1847,#1384,#1385);
#1174=AXIS2_PLACEMENT_3D('',#1848,#1386,#1387);
#1175=AXIS2_PLACEMENT_3D('',#1852,#1390,#1391);
#1176=AXIS2_PLACEMENT_3D('',#1855,#1393,#1394);
#1177=AXIS2_PLACEMENT_3D('',#1856,#1395,#1396);
#1178=AXIS2_PLACEMENT_3D('',#1858,#1397,#1398);
#1179=AXIS2_PLACEMENT_3D('',#1860,#1399,#1400);
#1180=AXIS2_PLACEMENT_3D('',#1862,#1401,#1402);
#1181=AXIS2_PLACEMENT_3D('',#1864,#1403,#1404);
#1182=AXIS2_PLACEMENT_3D('',#1876,#1405,#1406);
#1183=AXIS2_PLACEMENT_3D('',#1878,#1407,#1408);
#1184=AXIS2_PLACEMENT_3D('',#1880,#1409,#1410);
#1185=AXIS2_PLACEMENT_3D('',#1881,#1411,#1412);
#1186=AXIS2_PLACEMENT_3D('',#1882,#1413,#1414);
#1187=AXIS2_PLACEMENT_3D('',#1885,#1415,#1416);
#1188=AXIS2_PLACEMENT_3D('',#1886,#1417,#1418);
#1189=AXIS2_PLACEMENT_3D('',#1887,#1419,#1420);
#1190=AXIS2_PLACEMENT_3D('',#1899,#1421,#1422);
#1191=AXIS2_PLACEMENT_3D('',#1900,#1423,#1424);
#1192=AXIS2_PLACEMENT_3D('',#1901,#1425,#1426);
#1193=AXIS2_PLACEMENT_3D('',#1902,#1427,#1428);
#1194=AXIS2_PLACEMENT_3D('',#1905,#1429,#1430);
#1195=AXIS2_PLACEMENT_3D('',#1924,#1433,#1434);
#1196=AXIS2_PLACEMENT_3D('',#1925,#1435,#1436);
#1197=AXIS2_PLACEMENT_3D('',#1926,#1437,#1438);
#1198=AXIS2_PLACEMENT_3D('',#1927,#1439,#1440);
#1199=AXIS2_PLACEMENT_3D('',#1929,#1441,#1442);
#1200=AXIS2_PLACEMENT_3D('',#1930,#1443,#1444);
#1201=AXIS2_PLACEMENT_3D('',#1948,#1445,#1446);
#1202=AXIS2_PLACEMENT_3D('',#1949,#1447,#1448);
#1203=AXIS2_PLACEMENT_3D('',#1950,#1449,#1450);
#1204=AXIS2_PLACEMENT_3D('',#1951,#1451,#1452);
#1205=AXIS2_PLACEMENT_3D('',#1954,#1455,#1456);
#1206=AXIS2_PLACEMENT_3D('',#1957,#1458,#1459);
#1207=AXIS2_PLACEMENT_3D('',#1958,#1460,#1461);
#1208=AXIS2_PLACEMENT_3D('',#1962,#1464,#1465);
#1209=AXIS2_PLACEMENT_3D('',#1965,#1467,#1468);
#1210=AXIS2_PLACEMENT_3D('',#1966,#1469,#1470);
#1211=AXIS2_PLACEMENT_3D('',#1968,#1471,#1472);
#1212=AXIS2_PLACEMENT_3D('',#1970,#1473,#1474);
#1213=AXIS2_PLACEMENT_3D('',#1972,#1475,#1476);
#1214=AXIS2_PLACEMENT_3D('',#1974,#1477,#1478);
#1215=AXIS2_PLACEMENT_3D('',#1975,#1479,#1480);
#1216=AXIS2_PLACEMENT_3D('',#1978,#1481,#1482);
#1217=AXIS2_PLACEMENT_3D('',#1979,#1483,#1484);
#1218=AXIS2_PLACEMENT_3D('',#1980,#1485,#1486);
#1219=AXIS2_PLACEMENT_3D('',#1981,#1487,#1488);
#1220=AXIS2_PLACEMENT_3D('',#1984,#1489,#1490);
#1221=AXIS2_PLACEMENT_3D('',#1987,#1493,#1494);
#1222=AXIS2_PLACEMENT_3D('',#1990,#1495,#1496);
#1223=AXIS2_PLACEMENT_3D('',#1991,#1497,#1498);
#1224=AXIS2_PLACEMENT_3D('',#1992,#1499,#1500);
#1225=AXIS2_PLACEMENT_3D('',#1993,#1501,#1502);
#1226=AXIS2_PLACEMENT_3D('',#1995,#1503,#1504);
#1227=AXIS2_PLACEMENT_3D('',#1996,#1505,#1506);
#1228=AXIS2_PLACEMENT_3D('',#1997,#1507,#1508);
#1229=AXIS2_PLACEMENT_3D('',#1998,#1509,#1510);
#1230=AXIS2_PLACEMENT_3D('',#2000,#1511,#1512);
#1231=AXIS2_PLACEMENT_3D('',#2001,#1513,#1514);
#1232=AXIS2_PLACEMENT_3D('',#2002,#1515,#1516);
#1233=AXIS2_PLACEMENT_3D('',#2004,#1517,#1518);
#1234=AXIS2_PLACEMENT_3D('',#2006,#1520,#1521);
#1235=AXIS2_PLACEMENT_3D('',#2007,#1522,#1523);
#1236=AXIS2_PLACEMENT_3D('',#2008,#1524,#1525);
#1237=AXIS2_PLACEMENT_3D('',#2010,#1526,#1527);
#1238=AXIS2_PLACEMENT_3D('',#2014,#1529,#1530);
#1239=AXIS2_PLACEMENT_3D('',#2016,#1531,#1532);
#1240=AXIS2_PLACEMENT_3D('',#2018,#1533,#1534);
#1241=AXIS2_PLACEMENT_3D('',#2021,#1536,#1537);
#1242=AXIS2_PLACEMENT_3D('',#2023,#1538,#1539);
#1243=AXIS2_PLACEMENT_3D('',#2024,#1540,#1541);
#1244=AXIS2_PLACEMENT_3D('',#2026,#1542,#1543);
#1245=AXIS2_PLACEMENT_3D('',#2027,#1544,#1545);
#1246=AXIS2_PLACEMENT_3D('',#2028,#1546,#1547);
#1247=AXIS2_PLACEMENT_3D('',#2030,#1548,#1549);
#1248=AXIS2_PLACEMENT_3D('',#2032,#1551,#1552);
#1249=AXIS2_PLACEMENT_3D('',#2034,#1553,#1554);
#1250=AXIS2_PLACEMENT_3D('',#2035,#1555,#1556);
#1251=AXIS2_PLACEMENT_3D('',#2036,#1557,#1558);
#1252=AXIS2_PLACEMENT_3D('',#2037,#1559,#1560);
#1253=AXIS2_PLACEMENT_3D('',#2038,#1561,#1562);
#1254=AXIS2_PLACEMENT_3D('',#2039,#1563,#1564);
#1255=AXIS2_PLACEMENT_3D('',#2040,#1565,#1566);
#1256=AXIS2_PLACEMENT_3D('',#2041,#1567,#1568);
#1257=AXIS2_PLACEMENT_3D('',#2042,#1569,#1570);
#1258=AXIS2_PLACEMENT_3D('',#2043,#1571,#1572);
#1259=AXIS2_PLACEMENT_3D('',#2044,#1573,#1574);
#1260=AXIS2_PLACEMENT_3D('',#2047,#1577,#1578);
#1261=AXIS2_PLACEMENT_3D('',#2049,#1580,#1581);
#1262=AXIS2_PLACEMENT_3D('',#2050,#1582,#1583);
#1263=AXIS2_PLACEMENT_3D('',#2052,#1585,#1586);
#1264=AXIS2_PLACEMENT_3D('',#2054,#1588,#1589);
#1265=AXIS2_PLACEMENT_3D('',#2056,#1591,#1592);
#1266=AXIS2_PLACEMENT_3D('',#2057,#1593,#1594);
#1267=AXIS2_PLACEMENT_3D('',#2059,#1595,#1596);
#1268=AXIS2_PLACEMENT_3D('',#2062,#1598,#1599);
#1269=AXIS2_PLACEMENT_3D('',#2063,#1600,#1601);
#1270=AXIS2_PLACEMENT_3D('',#2065,#1602,#1603);
#1271=AXIS2_PLACEMENT_3D('',#2066,#1604,#1605);
#1272=AXIS2_PLACEMENT_3D('',#2068,#1606,#1607);
#1273=AXIS2_PLACEMENT_3D('',#2071,#1609,#1610);
#1274=AXIS2_PLACEMENT_3D('',#2072,#1611,#1612);
#1275=AXIS2_PLACEMENT_3D('',#2074,#1613,#1614);
#1276=AXIS2_PLACEMENT_3D('',#2075,#1615,#1616);
#1277=AXIS2_PLACEMENT_3D('',#2077,#1617,#1618);
#1278=AXIS2_PLACEMENT_3D('',#2080,#1620,#1621);
#1279=AXIS2_PLACEMENT_3D('',#2081,#1622,#1623);
#1280=AXIS2_PLACEMENT_3D('',#2083,#1624,#1625);
#1281=AXIS2_PLACEMENT_3D('',#2084,#1626,#1627);
#1282=AXIS2_PLACEMENT_3D('',#2086,#1628,#1629);
#1283=AXIS2_PLACEMENT_3D('',#2089,#1631,#1632);
#1284=AXIS2_PLACEMENT_3D('',#2090,#1633,#1634);
#1285=AXIS2_PLACEMENT_3D('',#2092,#1635,#1636);
#1286=AXIS2_PLACEMENT_3D('',#2093,#1637,#1638);
#1287=AXIS2_PLACEMENT_3D('',#2095,#1639,#1640);
#1288=AXIS2_PLACEMENT_3D('',#2098,#1642,#1643);
#1289=AXIS2_PLACEMENT_3D('',#2099,#1644,#1645);
#1290=AXIS2_PLACEMENT_3D('',#2101,#1646,#1647);
#1291=AXIS2_PLACEMENT_3D('',#2102,#1648,#1649);
#1292=AXIS2_PLACEMENT_3D('',#2104,#1650,#1651);
#1293=AXIS2_PLACEMENT_3D('',#2107,#1653,#1654);
#1294=AXIS2_PLACEMENT_3D('',#2108,#1655,#1656);
#1295=AXIS2_PLACEMENT_3D('',#2110,#1657,#1658);
#1296=AXIS2_PLACEMENT_3D('',#2111,#1659,#1660);
#1297=AXIS2_PLACEMENT_3D('',#2112,#1661,#1662);
#1298=AXIS2_PLACEMENT_3D('',#2114,#1664,#1665);
#1299=AXIS2_PLACEMENT_3D('',#2116,#1667,#1668);
#1300=AXIS2_PLACEMENT_3D('',#2119,#1670,#1671);
#1301=AXIS2_PLACEMENT_3D('',#2120,#1672,#1673);
#1302=AXIS2_PLACEMENT_3D('',#2122,#1675,#1676);
#1303=AXIS2_PLACEMENT_3D('',#2124,#1678,#1679);
#1304=AXIS2_PLACEMENT_3D('',#2127,#1681,#1682);
#1305=AXIS2_PLACEMENT_3D('',#2128,#1683,#1684);
#1306=AXIS2_PLACEMENT_3D('',#2130,#1686,#1687);
#1307=AXIS2_PLACEMENT_3D('',#2132,#1689,#1690);
#1308=AXIS2_PLACEMENT_3D('',#2135,#1692,#1693);
#1309=AXIS2_PLACEMENT_3D('',#2136,#1694,#1695);
#1310=DIRECTION('axis',(0.,0.,1.));
#1311=DIRECTION('refdir',(1.,0.,0.));
#1312=DIRECTION('center_axis',(-1.,0.,0.));
#1313=DIRECTION('ref_axis',(0.,0.,1.));
#1314=DIRECTION('center_axis',(0.,-1.,0.));
#1315=DIRECTION('ref_axis',(-0.590893297268655,0.,0.806749720324078));
#1316=DIRECTION('center_axis',(0.301690222485955,0.,0.953406004625718));
#1317=DIRECTION('ref_axis',(0.,1.,0.));
#1318=DIRECTION('center_axis',(0.,1.,0.));
#1319=DIRECTION('ref_axis',(-0.590893297268655,0.,0.806749720324078));
#1320=DIRECTION('center_axis',(0.,-1.,0.));
#1321=DIRECTION('ref_axis',(0.,0.,-1.));
#1322=DIRECTION('center_axis',(0.301690222485952,0.,-0.953406004625719));
#1323=DIRECTION('ref_axis',(0.,1.,0.));
#1324=DIRECTION('center_axis',(0.,-1.,0.));
#1325=DIRECTION('ref_axis',(-1.83697019872103E-16,0.,-1.));
#1326=DIRECTION('center_axis',(0.,1.,0.));
#1327=DIRECTION('ref_axis',(-1.83697019872103E-16,0.,-1.));
#1328=DIRECTION('center_axis',(1.,0.,0.));
#1329=DIRECTION('ref_axis',(0.,1.,0.));
#1330=DIRECTION('center_axis',(0.,1.,0.));
#1331=DIRECTION('ref_axis',(0.590893297268653,0.,0.806749720324079));
#1332=DIRECTION('center_axis',(0.,-1.,0.));
#1333=DIRECTION('ref_axis',(0.590893297268653,0.,0.806749720324079));
#1334=DIRECTION('center_axis',(1.,0.,1.12868381054092E-16));
#1335=DIRECTION('ref_axis',(0.,0.707106781186548,0.707106781186548));
#1336=DIRECTION('center_axis',(1.,0.,0.));
#1337=DIRECTION('ref_axis',(0.,1.,0.));
#1338=DIRECTION('',(1.,0.,1.12868381054092E-16));
#1339=DIRECTION('',(-1.,0.,-1.12868381054092E-16));
#1340=DIRECTION('center_axis',(-0.27408458121273,0.,0.961705590262136));
#1341=DIRECTION('ref_axis',(0.,1.,0.));
#1342=DIRECTION('center_axis',(0.,1.,0.));
#1343=DIRECTION('ref_axis',(-0.798149290926431,0.,0.602459715992393));
#1344=DIRECTION('center_axis',(0.,-1.,0.));
#1345=DIRECTION('ref_axis',(-0.798149290926431,0.,0.602459715992393));
#1346=DIRECTION('center_axis',(0.,1.,0.));
#1347=DIRECTION('ref_axis',(1.22464679914735E-16,0.,-1.));
#1348=DIRECTION('center_axis',(-0.274084581212729,0.,-0.961705590262136));
#1349=DIRECTION('ref_axis',(0.,1.,0.));
#1350=DIRECTION('center_axis',(0.,1.,0.));
#1351=DIRECTION('ref_axis',(1.83697019872103E-16,0.,-1.));
#1352=DIRECTION('center_axis',(0.,-1.,0.));
#1353=DIRECTION('ref_axis',(1.83697019872103E-16,0.,-1.));
#1354=DIRECTION('center_axis',(1.,0.,0.));
#1355=DIRECTION('ref_axis',(0.,1.,0.));
#1356=DIRECTION('center_axis',(0.,1.,0.));
#1357=DIRECTION('ref_axis',(0.798149290926431,0.,0.602459715992393));
#1358=DIRECTION('center_axis',(0.,-1.,0.));
#1359=DIRECTION('ref_axis',(0.798149290926431,0.,0.602459715992393));
#1360=DIRECTION('center_axis',(1.,0.,1.12868381054092E-16));
#1361=DIRECTION('ref_axis',(0.,0.707106781186548,0.707106781186548));
#1362=DIRECTION('',(-1.,0.,-1.12868381054092E-16));
#1363=DIRECTION('',(1.,0.,1.12868381054092E-16));
#1364=DIRECTION('center_axis',(0.,1.,0.));
#1365=DIRECTION('ref_axis',(-1.,0.,0.));
#1366=DIRECTION('',(0.,1.,0.));
#1367=DIRECTION('center_axis',(0.,-1.,0.));
#1368=DIRECTION('ref_axis',(-1.,0.,0.));
#1369=DIRECTION('',(0.,-1.,0.));
#1370=DIRECTION('center_axis',(0.,1.,0.));
#1371=DIRECTION('ref_axis',(-1.,0.,0.));
#1372=DIRECTION('center_axis',(0.,-1.,0.));
#1373=DIRECTION('ref_axis',(-1.,0.,0.));
#1374=DIRECTION('',(0.,-1.,0.));
#1375=DIRECTION('center_axis',(0.,1.,0.));
#1376=DIRECTION('ref_axis',(1.60812264967664E-16,0.,1.));
#1377=DIRECTION('',(0.,1.,0.));
#1378=DIRECTION('center_axis',(0.,-1.,0.));
#1379=DIRECTION('ref_axis',(-1.,0.,0.));
#1380=DIRECTION('',(0.,-1.,0.));
#1381=DIRECTION('center_axis',(0.,-1.,0.));
#1382=DIRECTION('ref_axis',(0.79814929092643,0.,0.602459715992394));
#1383=DIRECTION('',(0.,-1.,0.));
#1384=DIRECTION('center_axis',(0.,-1.,0.));
#1385=DIRECTION('ref_axis',(0.798149290926431,0.,0.602459715992393));
#1386=DIRECTION('center_axis',(1.12868381054092E-16,0.,-1.));
#1387=DIRECTION('ref_axis',(1.,0.,1.12868381054092E-16));
#1388=DIRECTION('',(0.,1.,0.));
#1389=DIRECTION('',(-1.,0.,-1.12868381054092E-16));
#1390=DIRECTION('center_axis',(0.,1.,0.));
#1391=DIRECTION('ref_axis',(-0.590893297268656,0.,0.806749720324076));
#1392=DIRECTION('',(0.,-1.,0.));
#1393=DIRECTION('center_axis',(0.,-1.,0.));
#1394=DIRECTION('ref_axis',(-0.590893297268655,0.,0.806749720324077));
#1395=DIRECTION('center_axis',(0.,1.,0.));
#1396=DIRECTION('ref_axis',(0.,0.,1.));
#1397=DIRECTION('center_axis',(0.,-1.,0.));
#1398=DIRECTION('ref_axis',(1.,0.,0.));
#1399=DIRECTION('center_axis',(0.,-1.,0.));
#1400=DIRECTION('ref_axis',(1.,0.,0.));
#1401=DIRECTION('center_axis',(0.,-1.,0.));
#1402=DIRECTION('ref_axis',(1.,0.,0.));
#1403=DIRECTION('center_axis',(0.,-1.,0.));
#1404=DIRECTION('ref_axis',(1.,0.,0.));
#1405=DIRECTION('center_axis',(1.,0.,0.));
#1406=DIRECTION('ref_axis',(0.,0.,-1.));
#1407=DIRECTION('center_axis',(0.,-1.,0.));
#1408=DIRECTION('ref_axis',(0.590893297268655,0.,-0.806749720324077));
#1409=DIRECTION('center_axis',(-0.301690222485954,0.,-0.953406004625719));
#1410=DIRECTION('ref_axis',(0.,1.,0.));
#1411=DIRECTION('center_axis',(0.,1.,0.));
#1412=DIRECTION('ref_axis',(0.590893297268655,0.,-0.806749720324077));
#1413=DIRECTION('center_axis',(0.,-1.,0.));
#1414=DIRECTION('ref_axis',(5.66553889764798E-16,0.,1.));
#1415=DIRECTION('center_axis',(-0.301690222485957,0.,0.953406004625718));
#1416=DIRECTION('ref_axis',(0.,1.,0.));
#1417=DIRECTION('center_axis',(0.,-1.,0.));
#1418=DIRECTION('ref_axis',(2.83276944882399E-16,0.,1.));
#1419=DIRECTION('center_axis',(0.,1.,0.));
#1420=DIRECTION('ref_axis',(2.83276944882399E-16,0.,1.));
#1421=DIRECTION('center_axis',(-1.,0.,4.44089209850063E-15));
#1422=DIRECTION('ref_axis',(0.,1.,0.));
#1423=DIRECTION('center_axis',(0.,1.,0.));
#1424=DIRECTION('ref_axis',(-0.590893297268655,0.,-0.806749720324077));
#1425=DIRECTION('center_axis',(0.,-1.,0.));
#1426=DIRECTION('ref_axis',(-0.590893297268655,0.,-0.806749720324077));
#1427=DIRECTION('center_axis',(-1.,0.,1.12868381054092E-16));
#1428=DIRECTION('ref_axis',(0.,0.707106781186548,-0.707106781186548));
#1429=DIRECTION('center_axis',(-1.,0.,0.));
#1430=DIRECTION('ref_axis',(0.,1.,0.));
#1431=DIRECTION('',(-1.,0.,1.12868381054092E-16));
#1432=DIRECTION('',(1.,0.,-1.12868381054092E-16));
#1433=DIRECTION('center_axis',(0.27408458121273,0.,-0.961705590262136));
#1434=DIRECTION('ref_axis',(0.,1.,0.));
#1435=DIRECTION('center_axis',(0.,1.,0.));
#1436=DIRECTION('ref_axis',(0.798149290926431,0.,-0.602459715992393));
#1437=DIRECTION('center_axis',(0.,-1.,0.));
#1438=DIRECTION('ref_axis',(0.798149290926431,0.,-0.602459715992393));
#1439=DIRECTION('center_axis',(0.,1.,0.));
#1440=DIRECTION('ref_axis',(0.,0.,1.));
#1441=DIRECTION('center_axis',(0.27408458121273,0.,0.961705590262136));
#1442=DIRECTION('ref_axis',(0.,1.,0.));
#1443=DIRECTION('center_axis',(0.,-1.,0.));
#1444=DIRECTION('ref_axis',(1.60812264967664E-16,0.,1.));
#1445=DIRECTION('center_axis',(-1.,0.,0.));
#1446=DIRECTION('ref_axis',(0.,1.,0.));
#1447=DIRECTION('center_axis',(0.,1.,0.));
#1448=DIRECTION('ref_axis',(-0.798149290926431,0.,-0.602459715992393));
#1449=DIRECTION('center_axis',(0.,-1.,0.));
#1450=DIRECTION('ref_axis',(-0.798149290926431,0.,-0.602459715992393));
#1451=DIRECTION('center_axis',(-1.,0.,1.12868381054092E-16));
#1452=DIRECTION('ref_axis',(0.,0.707106781186548,-0.707106781186548));
#1453=DIRECTION('',(1.,0.,-1.12868381054092E-16));
#1454=DIRECTION('',(-1.,0.,1.12868381054092E-16));
#1455=DIRECTION('center_axis',(0.,-1.,0.));
#1456=DIRECTION('ref_axis',(-0.798149290926431,0.,-0.602459715992393));
#1457=DIRECTION('',(0.,-1.,0.));
#1458=DIRECTION('center_axis',(0.,-1.,0.));
#1459=DIRECTION('ref_axis',(-0.798149290926431,0.,-0.602459715992393));
#1460=DIRECTION('center_axis',(1.12868381054092E-16,0.,1.));
#1461=DIRECTION('ref_axis',(-1.,0.,1.12868381054092E-16));
#1462=DIRECTION('',(0.,1.,0.));
#1463=DIRECTION('',(1.,0.,-1.12868381054092E-16));
#1464=DIRECTION('center_axis',(0.,1.,0.));
#1465=DIRECTION('ref_axis',(0.590893297268653,0.,-0.806749720324079));
#1466=DIRECTION('',(0.,-1.,0.));
#1467=DIRECTION('center_axis',(0.,-1.,0.));
#1468=DIRECTION('ref_axis',(0.590893297268653,0.,-0.806749720324079));
#1469=DIRECTION('center_axis',(0.,1.,0.));
#1470=DIRECTION('ref_axis',(0.,0.,1.));
#1471=DIRECTION('center_axis',(0.,-1.,0.));
#1472=DIRECTION('ref_axis',(1.,0.,0.));
#1473=DIRECTION('center_axis',(0.,-1.,0.));
#1474=DIRECTION('ref_axis',(1.,0.,0.));
#1475=DIRECTION('center_axis',(0.,-1.,0.));
#1476=DIRECTION('ref_axis',(1.,0.,0.));
#1477=DIRECTION('center_axis',(0.,-1.,0.));
#1478=DIRECTION('ref_axis',(1.,0.,0.));
#1479=DIRECTION('center_axis',(0.,1.,0.));
#1480=DIRECTION('ref_axis',(0.,0.,1.));
#1481=DIRECTION('center_axis',(1.,0.,0.));
#1482=DIRECTION('ref_axis',(0.,-1.,0.));
#1483=DIRECTION('center_axis',(0.,-1.,0.));
#1484=DIRECTION('ref_axis',(-0.798149290926431,0.,0.602459715992393));
#1485=DIRECTION('center_axis',(0.,1.,0.));
#1486=DIRECTION('ref_axis',(-0.798149290926431,0.,0.602459715992393));
#1487=DIRECTION('center_axis',(1.,0.,1.12868381054092E-16));
#1488=DIRECTION('ref_axis',(0.,-0.707106781186547,-0.707106781186548));
#1489=DIRECTION('center_axis',(1.,0.,0.));
#1490=DIRECTION('ref_axis',(0.,-1.,0.));
#1491=DIRECTION('',(-1.,0.,-1.12868381054092E-16));
#1492=DIRECTION('',(1.,0.,1.12868381054092E-16));
#1493=DIRECTION('center_axis',(0.,1.,0.));
#1494=DIRECTION('ref_axis',(0.,0.,1.));
#1495=DIRECTION('center_axis',(0.301690222485954,0.,-0.953406004625718));
#1496=DIRECTION('ref_axis',(0.,-1.,0.));
#1497=DIRECTION('center_axis',(0.,-1.,0.));
#1498=DIRECTION('ref_axis',(0.590893297268653,0.,0.806749720324079));
#1499=DIRECTION('center_axis',(0.,1.,0.));
#1500=DIRECTION('ref_axis',(0.590893297268653,0.,0.806749720324079));
#1501=DIRECTION('center_axis',(0.,-1.,0.));
#1502=DIRECTION('ref_axis',(0.,0.,-1.));
#1503=DIRECTION('center_axis',(0.301690222485951,0.,0.953406004625719));
#1504=DIRECTION('ref_axis',(0.,-1.,0.));
#1505=DIRECTION('center_axis',(0.,1.,0.));
#1506=DIRECTION('ref_axis',(2.83276944882399E-16,0.,-1.));
#1507=DIRECTION('center_axis',(0.,-1.,0.));
#1508=DIRECTION('ref_axis',(2.83276944882399E-16,0.,-1.));
#1509=DIRECTION('center_axis',(0.,1.,0.));
#1510=DIRECTION('ref_axis',(0.,0.,1.));
#1511=DIRECTION('center_axis',(1.,0.,0.));
#1512=DIRECTION('ref_axis',(0.,-1.,0.));
#1513=DIRECTION('center_axis',(0.,1.,0.));
#1514=DIRECTION('ref_axis',(-0.590893297268655,0.,0.806749720324077));
#1515=DIRECTION('center_axis',(1.,0.,1.12868381054092E-16));
#1516=DIRECTION('ref_axis',(0.,-0.707106781186547,-0.707106781186548));
#1517=DIRECTION('center_axis',(1.,0.,0.));
#1518=DIRECTION('ref_axis',(0.,-1.,0.));
#1519=DIRECTION('',(1.,0.,1.12868381054092E-16));
#1520=DIRECTION('center_axis',(0.,1.,0.));
#1521=DIRECTION('ref_axis',(0.,0.,1.));
#1522=DIRECTION('center_axis',(0.,1.,0.));
#1523=DIRECTION('ref_axis',(0.798149290926431,0.,0.602459715992393));
#1524=DIRECTION('center_axis',(0.,1.,0.));
#1525=DIRECTION('ref_axis',(0.,0.,1.));
#1526=DIRECTION('center_axis',(0.,1.,0.));
#1527=DIRECTION('ref_axis',(-0.798149290926431,0.,-0.602459715992393));
#1528=DIRECTION('',(-1.,0.,1.12868381054092E-16));
#1529=DIRECTION('center_axis',(0.,1.,0.));
#1530=DIRECTION('ref_axis',(0.590893297268653,0.,-0.806749720324078));
#1531=DIRECTION('center_axis',(0.,-1.,0.));
#1532=DIRECTION('ref_axis',(-1.83697019872103E-16,0.,1.));
#1533=DIRECTION('center_axis',(0.,1.,0.));
#1534=DIRECTION('ref_axis',(-0.590893297268657,0.,-0.806749720324076));
#1535=DIRECTION('',(-1.,0.,1.12868381054092E-16));
#1536=DIRECTION('center_axis',(0.,1.,0.));
#1537=DIRECTION('ref_axis',(0.798149290926431,0.,-0.602459715992393));
#1538=DIRECTION('center_axis',(0.,1.,0.));
#1539=DIRECTION('ref_axis',(1.,0.,0.));
#1540=DIRECTION('center_axis',(0.,1.,0.));
#1541=DIRECTION('ref_axis',(0.,0.,1.));
#1542=DIRECTION('center_axis',(-1.,0.,0.));
#1543=DIRECTION('ref_axis',(0.,-1.,0.));
#1544=DIRECTION('center_axis',(0.,-1.,0.));
#1545=DIRECTION('ref_axis',(0.798149290926431,0.,-0.602459715992393));
#1546=DIRECTION('center_axis',(-1.,0.,1.12868381054092E-16));
#1547=DIRECTION('ref_axis',(0.,-0.707106781186547,0.707106781186548));
#1548=DIRECTION('center_axis',(-1.,0.,0.));
#1549=DIRECTION('ref_axis',(0.,-1.,0.));
#1550=DIRECTION('',(1.,0.,-1.12868381054092E-16));
#1551=DIRECTION('center_axis',(0.,1.,0.));
#1552=DIRECTION('ref_axis',(0.,0.,1.));
#1553=DIRECTION('center_axis',(-0.301690222485954,0.,0.953406004625719));
#1554=DIRECTION('ref_axis',(0.,-1.,0.));
#1555=DIRECTION('center_axis',(0.,-1.,0.));
#1556=DIRECTION('ref_axis',(-0.590893297268657,0.,-0.806749720324076));
#1557=DIRECTION('center_axis',(0.,-1.,0.));
#1558=DIRECTION('ref_axis',(-1.22464679914735E-16,0.,1.));
#1559=DIRECTION('center_axis',(-0.301690222485956,0.,-0.953406004625718));
#1560=DIRECTION('ref_axis',(0.,-1.,0.));
#1561=DIRECTION('center_axis',(0.,1.,0.));
#1562=DIRECTION('ref_axis',(-1.83697019872103E-16,0.,1.));
#1563=DIRECTION('center_axis',(0.,1.,0.));
#1564=DIRECTION('ref_axis',(0.,0.,1.));
#1565=DIRECTION('center_axis',(-1.,0.,0.));
#1566=DIRECTION('ref_axis',(0.,-1.,0.));
#1567=DIRECTION('center_axis',(-1.,0.,1.12868381054092E-16));
#1568=DIRECTION('ref_axis',(0.,-0.707106781186547,0.707106781186548));
#1569=DIRECTION('center_axis',(-1.,0.,0.));
#1570=DIRECTION('ref_axis',(0.,-1.,0.));
#1571=DIRECTION('center_axis',(0.,1.,0.));
#1572=DIRECTION('ref_axis',(0.,0.,1.));
#1573=DIRECTION('center_axis',(0.,-1.,0.));
#1574=DIRECTION('ref_axis',(-0.590893297268656,0.,-0.806749720324076));
#1575=DIRECTION('',(0.,-1.,0.));
#1576=DIRECTION('',(0.,1.,0.));
#1577=DIRECTION('center_axis',(1.12868381054092E-16,0.,1.));
#1578=DIRECTION('ref_axis',(-1.,0.,1.12868381054092E-16));
#1579=DIRECTION('',(0.,1.,0.));
#1580=DIRECTION('center_axis',(0.,1.,0.));
#1581=DIRECTION('ref_axis',(0.79814929092643,0.,-0.602459715992394));
#1582=DIRECTION('center_axis',(0.,1.,0.));
#1583=DIRECTION('ref_axis',(-0.798149290926431,0.,0.602459715992393));
#1584=DIRECTION('',(0.,1.,0.));
#1585=DIRECTION('center_axis',(1.12868381054092E-16,0.,-1.));
#1586=DIRECTION('ref_axis',(1.,0.,1.12868381054092E-16));
#1587=DIRECTION('',(0.,-1.,0.));
#1588=DIRECTION('center_axis',(0.,-1.,0.));
#1589=DIRECTION('ref_axis',(0.590893297268653,0.,0.806749720324079));
#1590=DIRECTION('',(0.,1.,0.));
#1591=DIRECTION('center_axis',(0.,-1.,0.));
#1592=DIRECTION('ref_axis',(1.,0.,0.));
#1593=DIRECTION('center_axis',(0.,1.,0.));
#1594=DIRECTION('ref_axis',(1.,0.,0.));
#1595=DIRECTION('center_axis',(0.,1.,0.));
#1596=DIRECTION('ref_axis',(1.,0.,0.));
#1597=DIRECTION('',(0.,1.,0.));
#1598=DIRECTION('center_axis',(0.,1.,0.));
#1599=DIRECTION('ref_axis',(1.,0.,0.));
#1600=DIRECTION('center_axis',(0.,-1.,0.));
#1601=DIRECTION('ref_axis',(0.,0.,-1.));
#1602=DIRECTION('center_axis',(0.,-1.,0.));
#1603=DIRECTION('ref_axis',(1.,0.,0.));
#1604=DIRECTION('center_axis',(0.,1.,0.));
#1605=DIRECTION('ref_axis',(1.,0.,0.));
#1606=DIRECTION('center_axis',(0.,1.,0.));
#1607=DIRECTION('ref_axis',(1.,0.,0.));
#1608=DIRECTION('',(0.,1.,0.));
#1609=DIRECTION('center_axis',(0.,1.,0.));
#1610=DIRECTION('ref_axis',(1.,0.,0.));
#1611=DIRECTION('center_axis',(0.,-1.,0.));
#1612=DIRECTION('ref_axis',(0.,0.,-1.));
#1613=DIRECTION('center_axis',(0.,-1.,0.));
#1614=DIRECTION('ref_axis',(1.,0.,0.));
#1615=DIRECTION('center_axis',(0.,1.,0.));
#1616=DIRECTION('ref_axis',(1.,0.,0.));
#1617=DIRECTION('center_axis',(0.,1.,0.));
#1618=DIRECTION('ref_axis',(1.,0.,0.));
#1619=DIRECTION('',(0.,1.,0.));
#1620=DIRECTION('center_axis',(0.,1.,0.));
#1621=DIRECTION('ref_axis',(1.,0.,0.));
#1622=DIRECTION('center_axis',(0.,-1.,0.));
#1623=DIRECTION('ref_axis',(0.,0.,-1.));
#1624=DIRECTION('center_axis',(0.,-1.,0.));
#1625=DIRECTION('ref_axis',(1.,0.,0.));
#1626=DIRECTION('center_axis',(0.,1.,0.));
#1627=DIRECTION('ref_axis',(1.,0.,0.));
#1628=DIRECTION('center_axis',(0.,1.,0.));
#1629=DIRECTION('ref_axis',(1.,0.,0.));
#1630=DIRECTION('',(0.,1.,0.));
#1631=DIRECTION('center_axis',(0.,1.,0.));
#1632=DIRECTION('ref_axis',(1.,0.,0.));
#1633=DIRECTION('center_axis',(0.,-1.,0.));
#1634=DIRECTION('ref_axis',(0.,0.,-1.));
#1635=DIRECTION('center_axis',(0.,-1.,0.));
#1636=DIRECTION('ref_axis',(1.,0.,0.));
#1637=DIRECTION('center_axis',(0.,1.,0.));
#1638=DIRECTION('ref_axis',(1.,0.,0.));
#1639=DIRECTION('center_axis',(0.,1.,0.));
#1640=DIRECTION('ref_axis',(1.,0.,0.));
#1641=DIRECTION('',(0.,1.,0.));
#1642=DIRECTION('center_axis',(0.,1.,0.));
#1643=DIRECTION('ref_axis',(1.,0.,0.));
#1644=DIRECTION('center_axis',(0.,-1.,0.));
#1645=DIRECTION('ref_axis',(0.,0.,-1.));
#1646=DIRECTION('center_axis',(0.,-1.,0.));
#1647=DIRECTION('ref_axis',(1.,0.,0.));
#1648=DIRECTION('center_axis',(0.,1.,0.));
#1649=DIRECTION('ref_axis',(1.,0.,0.));
#1650=DIRECTION('center_axis',(0.,1.,0.));
#1651=DIRECTION('ref_axis',(1.,0.,0.));
#1652=DIRECTION('',(0.,1.,0.));
#1653=DIRECTION('center_axis',(0.,1.,0.));
#1654=DIRECTION('ref_axis',(1.,0.,0.));
#1655=DIRECTION('center_axis',(0.,-1.,0.));
#1656=DIRECTION('ref_axis',(0.,0.,-1.));
#1657=DIRECTION('center_axis',(0.,-1.,0.));
#1658=DIRECTION('ref_axis',(1.,0.,0.));
#1659=DIRECTION('center_axis',(0.,-1.,0.));
#1660=DIRECTION('ref_axis',(1.,0.,0.));
#1661=DIRECTION('center_axis',(0.,1.,0.));
#1662=DIRECTION('ref_axis',(1.,0.,0.));
#1663=DIRECTION('',(0.,-1.,0.));
#1664=DIRECTION('center_axis',(0.,1.,0.));
#1665=DIRECTION('ref_axis',(1.,0.,0.));
#1666=DIRECTION('',(0.,-1.,0.));
#1667=DIRECTION('center_axis',(0.,1.,0.));
#1668=DIRECTION('ref_axis',(1.,0.,0.));
#1669=DIRECTION('',(0.,-1.,0.));
#1670=DIRECTION('center_axis',(0.,1.,0.));
#1671=DIRECTION('ref_axis',(1.,0.,0.));
#1672=DIRECTION('center_axis',(0.,1.,0.));
#1673=DIRECTION('ref_axis',(1.,0.,0.));
#1674=DIRECTION('',(0.,-1.,0.));
#1675=DIRECTION('center_axis',(0.,1.,0.));
#1676=DIRECTION('ref_axis',(1.,0.,0.));
#1677=DIRECTION('',(0.,-1.,0.));
#1678=DIRECTION('center_axis',(0.,1.,0.));
#1679=DIRECTION('ref_axis',(1.,0.,0.));
#1680=DIRECTION('',(0.,-1.,0.));
#1681=DIRECTION('center_axis',(0.,1.,0.));
#1682=DIRECTION('ref_axis',(1.,0.,0.));
#1683=DIRECTION('center_axis',(0.,1.,0.));
#1684=DIRECTION('ref_axis',(1.,0.,0.));
#1685=DIRECTION('',(0.,-1.,0.));
#1686=DIRECTION('center_axis',(0.,1.,0.));
#1687=DIRECTION('ref_axis',(1.,0.,0.));
#1688=DIRECTION('',(0.,-1.,0.));
#1689=DIRECTION('center_axis',(0.,1.,0.));
#1690=DIRECTION('ref_axis',(1.,0.,0.));
#1691=DIRECTION('',(0.,-1.,0.));
#1692=DIRECTION('center_axis',(0.,1.,0.));
#1693=DIRECTION('ref_axis',(1.,0.,0.));
#1694=DIRECTION('center_axis',(0.,1.,0.));
#1695=DIRECTION('ref_axis',(0.,0.,1.));
#1696=CARTESIAN_POINT('',(0.,0.,0.));
#1697=CARTESIAN_POINT('Ctrl Pts',(33.1308586607437,17.2,-9.48373523138691));
#1698=CARTESIAN_POINT('Ctrl Pts',(32.398421719791,17.2,-9.48373523138691));
#1699=CARTESIAN_POINT('Ctrl Pts',(32.177452656118,17.2,-10.182045008901));
#1700=CARTESIAN_POINT('Ctrl Pts',(33.1308586607437,17.2,-8.48373523138691));
#1701=CARTESIAN_POINT('Ctrl Pts',(31.6659847788382,17.2,-8.48373523138691));
#1702=CARTESIAN_POINT('Ctrl Pts',(31.2240466514923,17.2,-9.88035478641501));
#1703=CARTESIAN_POINT('Ctrl Pts',(33.1308586607437,16.2,-8.48373523138691));
#1704=CARTESIAN_POINT('Ctrl Pts',(31.6659847788382,16.2,-8.48373523138691));
#1705=CARTESIAN_POINT('Ctrl Pts',(31.2240466514923,16.2,-9.88035478641501));
#1706=CARTESIAN_POINT('',(33.1308586607437,16.2,-8.48373523138692));
#1707=CARTESIAN_POINT('',(33.1308586607437,17.2,-9.48373523138691));
#1708=CARTESIAN_POINT('Origin',(33.1308586607437,16.2,-9.48373523138691));
#1709=CARTESIAN_POINT('',(32.177452656118,17.2,-10.182045008901));
#1710=CARTESIAN_POINT('Origin',(33.1308586607437,17.2,-10.4837352313869));
#1711=CARTESIAN_POINT('',(31.2240466514923,16.2,-9.880354786415));
#1712=CARTESIAN_POINT('Origin',(32.177452656118,16.2,-10.182045008901));
#1713=CARTESIAN_POINT('Origin',(33.1308586607437,16.2,-10.4837352313869));
#1714=CARTESIAN_POINT('Origin',(0.,16.2,0.));
#1715=CARTESIAN_POINT('',(-32.177452656118,17.2,-10.182045008901));
#1716=CARTESIAN_POINT('',(-31.2240466514923,16.2,-9.88035478641502));
#1717=CARTESIAN_POINT('Origin',(-32.177452656118,16.2,-10.182045008901));
#1718=CARTESIAN_POINT('Origin',(0.,16.2,0.));
#1719=CARTESIAN_POINT('Origin',(0.,17.2,0.));
#1720=CARTESIAN_POINT('Ctrl Pts',(-32.177452656118,17.2,-10.182045008901));
#1721=CARTESIAN_POINT('Ctrl Pts',(-32.398421719791,17.2,-9.48373523138693));
#1722=CARTESIAN_POINT('Ctrl Pts',(-33.1308586607437,17.2,-9.48373523138693));
#1723=CARTESIAN_POINT('Ctrl Pts',(-31.2240466514923,17.2,-9.88035478641502));
#1724=CARTESIAN_POINT('Ctrl Pts',(-31.6659847788382,17.2,-8.48373523138693));
#1725=CARTESIAN_POINT('Ctrl Pts',(-33.1308586607437,17.2,-8.48373523138693));
#1726=CARTESIAN_POINT('Ctrl Pts',(-31.2240466514923,16.2,-9.88035478641502));
#1727=CARTESIAN_POINT('Ctrl Pts',(-31.6659847788382,16.2,-8.48373523138693));
#1728=CARTESIAN_POINT('Ctrl Pts',(-33.1308586607437,16.2,-8.48373523138693));
#1729=CARTESIAN_POINT('',(-33.1308586607437,17.2,-9.48373523138693));
#1730=CARTESIAN_POINT('',(-33.1308586607437,16.2,-8.48373523138692));
#1731=CARTESIAN_POINT('Origin',(-33.1308586607437,16.2,-9.48373523138693));
#1732=CARTESIAN_POINT('Origin',(-33.1308586607437,16.2,-10.4837352313869));
#1733=CARTESIAN_POINT('Origin',(-33.1308586607437,17.2,-10.4837352313869));
#1734=CARTESIAN_POINT('Origin',(-19.6728794062011,16.2,-9.48373523138692));
#1735=CARTESIAN_POINT('',(-36.7852388275267,17.2,-9.48373523138692));
#1736=CARTESIAN_POINT('',(-36.7852388275267,16.2,-8.48373523138692));
#1737=CARTESIAN_POINT('Origin',(-36.7852388275267,16.2,-9.48373523138692));
#1738=CARTESIAN_POINT('',(-19.6728794062011,16.2,-8.48373523138692));
#1739=CARTESIAN_POINT('',(-19.6728794062011,17.2,-9.48373523138692));
#1740=CARTESIAN_POINT('Ctrl Pts',(-36.7852388275267,17.2,-9.48373523138692));
#1741=CARTESIAN_POINT('Ctrl Pts',(-37.2833164284554,17.2,-9.48373523138692));
#1742=CARTESIAN_POINT('Ctrl Pts',(-37.5833881184531,17.2,-9.88127551539453));
#1743=CARTESIAN_POINT('Ctrl Pts',(-37.8834598084508,17.2,-10.2788157994021));
#1744=CARTESIAN_POINT('Ctrl Pts',(-37.7469444177888,17.2,-10.7578198125997));
#1745=CARTESIAN_POINT('Ctrl Pts',(-36.7852388275267,17.2,-8.48373523138692));
#1746=CARTESIAN_POINT('Ctrl Pts',(-37.7813940293842,17.2,-8.48373523138692));
#1747=CARTESIAN_POINT('Ctrl Pts',(-38.3815374093795,17.2,-9.27881579940214));
#1748=CARTESIAN_POINT('Ctrl Pts',(-38.9816807893749,17.2,-10.0738963674174));
#1749=CARTESIAN_POINT('Ctrl Pts',(-38.708650008051,17.2,-11.0319043938124));
#1750=CARTESIAN_POINT('Ctrl Pts',(-36.7852388275267,16.2,-8.48373523138692));
#1751=CARTESIAN_POINT('Ctrl Pts',(-37.7813940293842,16.2,-8.48373523138692));
#1752=CARTESIAN_POINT('Ctrl Pts',(-38.3815374093795,16.2,-9.27881579940214));
#1753=CARTESIAN_POINT('Ctrl Pts',(-38.9816807893749,16.2,-10.0738963674174));
#1754=CARTESIAN_POINT('Ctrl Pts',(-38.708650008051,16.2,-11.0319043938124));
#1755=CARTESIAN_POINT('',(-37.7469444177888,17.2,-10.7578198125997));
#1756=CARTESIAN_POINT('',(-38.708650008051,16.2,-11.0319043938124));
#1757=CARTESIAN_POINT('Origin',(-37.7469444177888,16.2,-10.7578198125997));
#1758=CARTESIAN_POINT('Origin',(-36.7852388275267,16.2,-10.4837352313869));
#1759=CARTESIAN_POINT('Origin',(-36.7852388275267,17.2,-10.4837352313869));
#1760=CARTESIAN_POINT('Origin',(0.,16.2,0.));
#1761=CARTESIAN_POINT('',(37.7469444177888,17.2,-10.7578198125996));
#1762=CARTESIAN_POINT('',(38.708650008051,16.2,-11.0319043938124));
#1763=CARTESIAN_POINT('Origin',(37.7469444177888,16.2,-10.7578198125996));
#1764=CARTESIAN_POINT('Origin',(0.,16.2,0.));
#1765=CARTESIAN_POINT('Origin',(0.,17.2,0.));
#1766=CARTESIAN_POINT('Ctrl Pts',(37.7469444177888,17.2,-10.7578198125996));
#1767=CARTESIAN_POINT('Ctrl Pts',(37.8834598084508,17.2,-10.2788157994021));
#1768=CARTESIAN_POINT('Ctrl Pts',(37.5833881184531,17.2,-9.88127551539453));
#1769=CARTESIAN_POINT('Ctrl Pts',(37.2833164284554,17.2,-9.48373523138692));
#1770=CARTESIAN_POINT('Ctrl Pts',(36.7852388275267,17.2,-9.48373523138692));
#1771=CARTESIAN_POINT('Ctrl Pts',(38.708650008051,17.2,-11.0319043938124));
#1772=CARTESIAN_POINT('Ctrl Pts',(38.9816807893749,17.2,-10.0738963674173));
#1773=CARTESIAN_POINT('Ctrl Pts',(38.3815374093796,17.2,-9.27881579940213));
#1774=CARTESIAN_POINT('Ctrl Pts',(37.7813940293842,17.2,-8.48373523138692));
#1775=CARTESIAN_POINT('Ctrl Pts',(36.7852388275267,17.2,-8.48373523138692));
#1776=CARTESIAN_POINT('Ctrl Pts',(38.708650008051,16.2,-11.0319043938124));
#1777=CARTESIAN_POINT('Ctrl Pts',(38.9816807893749,16.2,-10.0738963674173));
#1778=CARTESIAN_POINT('Ctrl Pts',(38.3815374093796,16.2,-9.27881579940213));
#1779=CARTESIAN_POINT('Ctrl Pts',(37.7813940293842,16.2,-8.48373523138692));
#1780=CARTESIAN_POINT('Ctrl Pts',(36.7852388275267,16.2,-8.48373523138692));
#1781=CARTESIAN_POINT('',(36.7852388275267,17.2,-9.48373523138692));
#1782=CARTESIAN_POINT('',(36.7852388275267,16.2,-8.48373523138691));
#1783=CARTESIAN_POINT('Origin',(36.7852388275267,16.2,-9.48373523138692));
#1784=CARTESIAN_POINT('Origin',(36.7852388275267,16.2,-10.4837352313869));
#1785=CARTESIAN_POINT('Origin',(36.7852388275267,17.2,-10.4837352313869));
#1786=CARTESIAN_POINT('Origin',(-19.6728794062011,16.2,-9.48373523138692));
#1787=CARTESIAN_POINT('',(-19.6728794062011,17.2,-9.48373523138692));
#1788=CARTESIAN_POINT('',(-19.6728794062011,16.2,-8.48373523138692));
#1789=CARTESIAN_POINT('Origin',(0.,0.,0.));
#1790=CARTESIAN_POINT('',(38.708650008051,4.7,-11.0319043938124));
#1791=CARTESIAN_POINT('',(38.708650008051,0.,-11.0319043938124));
#1792=CARTESIAN_POINT('',(39.2742285599068,3.7,-8.80894267345432));
#1793=CARTESIAN_POINT('Ctrl Pts',(39.2742285599068,3.7,-8.80894267345432));
#1794=CARTESIAN_POINT('Ctrl Pts',(39.2323376226269,3.70000000000001,-8.99571131372218));
#1795=CARTESIAN_POINT('Ctrl Pts',(39.1766673799248,3.72792563115691,-9.23845519084167));
#1796=CARTESIAN_POINT('Ctrl Pts',(38.968671394429,4.02343937659798,-10.0907826848739));
#1797=CARTESIAN_POINT('Ctrl Pts',(38.836621446424,4.37801116984137,-10.5826582062873));
#1798=CARTESIAN_POINT('Ctrl Pts',(38.7096095044138,4.69758661717953,-11.0285373046603));
#1799=CARTESIAN_POINT('Ctrl Pts',(38.7091298106433,4.69879330985761,-11.0302208666572));
#1800=CARTESIAN_POINT('Ctrl Pts',(38.708650008051,4.7,-11.0319043938124));
#1801=CARTESIAN_POINT('',(40.25,3.7,-4.9292033665681E-15));
#1802=CARTESIAN_POINT('Origin',(0.,3.7,0.));
#1803=CARTESIAN_POINT('',(40.25,0.,-4.9292033665681E-15));
#1804=CARTESIAN_POINT('',(40.25,0.,-4.9292033665681E-15));
#1805=CARTESIAN_POINT('Origin',(0.,0.,0.));
#1806=CARTESIAN_POINT('',(39.2742285599068,3.7,8.80894267345432));
#1807=CARTESIAN_POINT('Origin',(0.,3.7,0.));
#1808=CARTESIAN_POINT('',(38.708650008051,4.7,11.0319043938124));
#1809=CARTESIAN_POINT('Ctrl Pts',(38.708650008051,4.7,11.0319043938124));
#1810=CARTESIAN_POINT('Ctrl Pts',(38.7091298106425,4.6987933098596,11.03022086666));
#1811=CARTESIAN_POINT('Ctrl Pts',(38.7096095044146,4.69758661717753,11.0285373046575));
#1812=CARTESIAN_POINT('Ctrl Pts',(38.8366214477084,4.37801116660959,10.5826582017783));
#1813=CARTESIAN_POINT('Ctrl Pts',(38.9686713949388,4.02343937587367,10.0907826827848));
#1814=CARTESIAN_POINT('Ctrl Pts',(39.1766673799248,3.72792563115692,9.23845519084168));
#1815=CARTESIAN_POINT('Ctrl Pts',(39.2323376226269,3.70000000000001,8.99571131372218));
#1816=CARTESIAN_POINT('Ctrl Pts',(39.2742285599068,3.7,8.80894267345432));
#1817=CARTESIAN_POINT('',(38.708650008051,16.2,11.0319043938124));
#1818=CARTESIAN_POINT('',(38.708650008051,0.,11.0319043938124));
#1819=CARTESIAN_POINT('',(-38.708650008051,16.2,11.0319043938124));
#1820=CARTESIAN_POINT('Origin',(0.,16.2,0.));
#1821=CARTESIAN_POINT('',(-38.708650008051,4.7,11.0319043938124));
#1822=CARTESIAN_POINT('',(-38.708650008051,0.,11.0319043938124));
#1823=CARTESIAN_POINT('',(-39.2742285599068,3.7,8.80894267345432));
#1824=CARTESIAN_POINT('Ctrl Pts',(-39.2742285599068,3.7,8.80894267345432));
#1825=CARTESIAN_POINT('Ctrl Pts',(-39.2323376226269,3.7,8.99571131372227));
#1826=CARTESIAN_POINT('Ctrl Pts',(-39.1766673799247,3.72792563115694,9.23845519084176));
#1827=CARTESIAN_POINT('Ctrl Pts',(-38.9686708319044,4.02344017581403,10.090784989991));
#1828=CARTESIAN_POINT('Ctrl Pts',(-38.8366200292121,4.37801473582801,10.582663181451));
#1829=CARTESIAN_POINT('Ctrl Pts',(-38.7096095042351,4.6975866176271,11.0285373052876));
#1830=CARTESIAN_POINT('Ctrl Pts',(-38.7091298108213,4.69879330941005,11.0302208660328));
#1831=CARTESIAN_POINT('Ctrl Pts',(-38.708650008051,4.7,11.0319043938124));
#1832=CARTESIAN_POINT('',(-39.2742285599068,3.7,-8.80894267345432));
#1833=CARTESIAN_POINT('Origin',(0.,3.7,0.));
#1834=CARTESIAN_POINT('',(-38.708650008051,4.7,-11.0319043938124));
#1835=CARTESIAN_POINT('Ctrl Pts',(-38.708650008051,4.7,-11.0319043938124));
#1836=CARTESIAN_POINT('Ctrl Pts',(-38.7091298108221,4.69879330940804,-11.03022086603));
#1837=CARTESIAN_POINT('Ctrl Pts',(-38.7096095042343,4.69758661762911,-11.0285373052904));
#1838=CARTESIAN_POINT('Ctrl Pts',(-38.8366200278537,4.37801473924577,-10.5826631862195));
#1839=CARTESIAN_POINT('Ctrl Pts',(-38.9686708313653,4.02344017657996,-10.0907849922001));
#1840=CARTESIAN_POINT('Ctrl Pts',(-39.1766673799247,3.72792563115697,-9.23845519084184));
#1841=CARTESIAN_POINT('Ctrl Pts',(-39.2323376226268,3.7,-8.99571131372235));
#1842=CARTESIAN_POINT('Ctrl Pts',(-39.2742285599068,3.7,-8.80894267345432));
#1843=CARTESIAN_POINT('',(-38.708650008051,0.,-11.0319043938124));
#1844=CARTESIAN_POINT('Origin',(36.7852388275267,0.,-10.4837352313869));
#1845=CARTESIAN_POINT('',(36.7852388275267,4.7,-8.48373523138691));
#1846=CARTESIAN_POINT('',(36.7852388275267,0.,-8.48373523138691));
#1847=CARTESIAN_POINT('Origin',(36.7852388275267,4.7,-10.4837352313869));
#1848=CARTESIAN_POINT('Origin',(-39.3457588124022,17.2,-8.48373523138692));
#1849=CARTESIAN_POINT('',(33.1308586607437,4.7,-8.48373523138692));
#1850=CARTESIAN_POINT('',(33.1308586607437,17.2,-8.48373523138692));
#1851=CARTESIAN_POINT('',(-19.6728794062011,4.7,-8.48373523138692));
#1852=CARTESIAN_POINT('Origin',(33.1308586607437,17.2,-10.4837352313869));
#1853=CARTESIAN_POINT('',(31.2240466514923,4.7,-9.880354786415));
#1854=CARTESIAN_POINT('',(31.2240466514923,17.2,-9.880354786415));
#1855=CARTESIAN_POINT('Origin',(33.1308586607437,4.7,-10.4837352313869));
#1856=CARTESIAN_POINT('Origin',(0.,17.2,0.));
#1857=CARTESIAN_POINT('',(-29.6606221738427,17.2,-23.4617477535587));
#1858=CARTESIAN_POINT('Origin',(-27.9606221738427,17.2,-23.4617477535587));
#1859=CARTESIAN_POINT('',(-8.03815848484295,17.2,-35.9454829849456));
#1860=CARTESIAN_POINT('Origin',(-6.33815848484295,17.2,-35.9454829849456));
#1861=CARTESIAN_POINT('',(16.55,17.2,-31.609927238132));
#1862=CARTESIAN_POINT('Origin',(18.25,17.2,-31.609927238132));
#1863=CARTESIAN_POINT('',(32.5987806586857,17.2,-12.4837352313869));
#1864=CARTESIAN_POINT('Origin',(34.2987806586857,17.2,-12.4837352313869));
#1865=CARTESIAN_POINT('Ctrl Pts',(-33.1308586607437,17.2,9.48373523138693));
#1866=CARTESIAN_POINT('Ctrl Pts',(-32.398421719791,17.2,9.48373523138693));
#1867=CARTESIAN_POINT('Ctrl Pts',(-32.177452656118,17.2,10.182045008901));
#1868=CARTESIAN_POINT('Ctrl Pts',(-33.1308586607437,17.2,8.48373523138693));
#1869=CARTESIAN_POINT('Ctrl Pts',(-31.6659847788382,17.2,8.48373523138693));
#1870=CARTESIAN_POINT('Ctrl Pts',(-31.2240466514923,17.2,9.88035478641502));
#1871=CARTESIAN_POINT('Ctrl Pts',(-33.1308586607437,16.2,8.48373523138693));
#1872=CARTESIAN_POINT('Ctrl Pts',(-31.6659847788382,16.2,8.48373523138693));
#1873=CARTESIAN_POINT('Ctrl Pts',(-31.2240466514923,16.2,9.88035478641502));
#1874=CARTESIAN_POINT('',(-33.1308586607437,16.2,8.48373523138692));
#1875=CARTESIAN_POINT('',(-33.1308586607437,17.2,9.48373523138693));
#1876=CARTESIAN_POINT('Origin',(-33.1308586607437,16.2,9.48373523138693));
#1877=CARTESIAN_POINT('',(-32.177452656118,17.2,10.182045008901));
#1878=CARTESIAN_POINT('Origin',(-33.1308586607437,17.2,10.4837352313869));
#1879=CARTESIAN_POINT('',(-31.2240466514923,16.2,9.88035478641502));
#1880=CARTESIAN_POINT('Origin',(-32.177452656118,16.2,10.182045008901));
#1881=CARTESIAN_POINT('Origin',(-33.1308586607437,16.2,10.4837352313869));
#1882=CARTESIAN_POINT('Origin',(0.,16.2,0.));
#1883=CARTESIAN_POINT('',(32.177452656118,17.2,10.182045008901));
#1884=CARTESIAN_POINT('',(31.2240466514923,16.2,9.880354786415));
#1885=CARTESIAN_POINT('Origin',(32.177452656118,16.2,10.182045008901));
#1886=CARTESIAN_POINT('Origin',(0.,16.2,0.));
#1887=CARTESIAN_POINT('Origin',(0.,17.2,0.));
#1888=CARTESIAN_POINT('Ctrl Pts',(32.177452656118,17.2,10.182045008901));
#1889=CARTESIAN_POINT('Ctrl Pts',(32.398421719791,17.2,9.48373523138691));
#1890=CARTESIAN_POINT('Ctrl Pts',(33.1308586607437,17.2,9.48373523138692));
#1891=CARTESIAN_POINT('Ctrl Pts',(31.2240466514923,17.2,9.88035478641501));
#1892=CARTESIAN_POINT('Ctrl Pts',(31.6659847788382,17.2,8.48373523138691));
#1893=CARTESIAN_POINT('Ctrl Pts',(33.1308586607437,17.2,8.48373523138692));
#1894=CARTESIAN_POINT('Ctrl Pts',(31.2240466514923,16.2,9.88035478641501));
#1895=CARTESIAN_POINT('Ctrl Pts',(31.6659847788382,16.2,8.48373523138691));
#1896=CARTESIAN_POINT('Ctrl Pts',(33.1308586607437,16.2,8.48373523138692));
#1897=CARTESIAN_POINT('',(33.1308586607437,17.2,9.48373523138691));
#1898=CARTESIAN_POINT('',(33.1308586607437,16.2,8.48373523138692));
#1899=CARTESIAN_POINT('Origin',(33.1308586607437,16.2,9.48373523138691));
#1900=CARTESIAN_POINT('Origin',(33.1308586607437,16.2,10.4837352313869));
#1901=CARTESIAN_POINT('Origin',(33.1308586607437,17.2,10.4837352313869));
#1902=CARTESIAN_POINT('Origin',(19.6728794062011,16.2,9.48373523138692));
#1903=CARTESIAN_POINT('',(36.7852388275267,17.2,9.48373523138691));
#1904=CARTESIAN_POINT('',(36.7852388275267,16.2,8.48373523138691));
#1905=CARTESIAN_POINT('Origin',(36.7852388275267,16.2,9.48373523138691));
#1906=CARTESIAN_POINT('',(19.6728794062011,16.2,8.48373523138692));
#1907=CARTESIAN_POINT('',(19.6728794062011,17.2,9.48373523138692));
#1908=CARTESIAN_POINT('Ctrl Pts',(36.7852388275267,17.2,9.48373523138692));
#1909=CARTESIAN_POINT('Ctrl Pts',(37.2833164284554,17.2,9.48373523138692));
#1910=CARTESIAN_POINT('Ctrl Pts',(37.5833881184531,17.2,9.88127551539453));
#1911=CARTESIAN_POINT('Ctrl Pts',(37.8834598084508,17.2,10.2788157994021));
#1912=CARTESIAN_POINT('Ctrl Pts',(37.7469444177888,17.2,10.7578198125996));
#1913=CARTESIAN_POINT('Ctrl Pts',(36.7852388275267,17.2,8.48373523138692));
#1914=CARTESIAN_POINT('Ctrl Pts',(37.7813940293842,17.2,8.48373523138692));
#1915=CARTESIAN_POINT('Ctrl Pts',(38.3815374093795,17.2,9.27881579940213));
#1916=CARTESIAN_POINT('Ctrl Pts',(38.9816807893749,17.2,10.0738963674173));
#1917=CARTESIAN_POINT('Ctrl Pts',(38.708650008051,17.2,11.0319043938124));
#1918=CARTESIAN_POINT('Ctrl Pts',(36.7852388275267,16.2,8.48373523138692));
#1919=CARTESIAN_POINT('Ctrl Pts',(37.7813940293842,16.2,8.48373523138692));
#1920=CARTESIAN_POINT('Ctrl Pts',(38.3815374093795,16.2,9.27881579940213));
#1921=CARTESIAN_POINT('Ctrl Pts',(38.9816807893749,16.2,10.0738963674173));
#1922=CARTESIAN_POINT('Ctrl Pts',(38.708650008051,16.2,11.0319043938124));
#1923=CARTESIAN_POINT('',(37.7469444177888,17.2,10.7578198125996));
#1924=CARTESIAN_POINT('Origin',(37.7469444177888,16.2,10.7578198125996));
#1925=CARTESIAN_POINT('Origin',(36.7852388275267,16.2,10.4837352313869));
#1926=CARTESIAN_POINT('Origin',(36.7852388275267,17.2,10.4837352313869));
#1927=CARTESIAN_POINT('Origin',(0.,16.2,0.));
#1928=CARTESIAN_POINT('',(-37.7469444177888,17.2,10.7578198125997));
#1929=CARTESIAN_POINT('Origin',(-37.7469444177888,16.2,10.7578198125997));
#1930=CARTESIAN_POINT('Origin',(0.,17.2,0.));
#1931=CARTESIAN_POINT('Ctrl Pts',(-37.7469444177888,17.2,10.7578198125997));
#1932=CARTESIAN_POINT('Ctrl Pts',(-37.8834598084508,17.2,10.2788157994021));
#1933=CARTESIAN_POINT('Ctrl Pts',(-37.5833881184531,17.2,9.88127551539453));
#1934=CARTESIAN_POINT('Ctrl Pts',(-37.2833164284554,17.2,9.48373523138692));
#1935=CARTESIAN_POINT('Ctrl Pts',(-36.7852388275267,17.2,9.48373523138692));
#1936=CARTESIAN_POINT('Ctrl Pts',(-38.708650008051,17.2,11.0319043938124));
#1937=CARTESIAN_POINT('Ctrl Pts',(-38.9816807893749,17.2,10.0738963674174));
#1938=CARTESIAN_POINT('Ctrl Pts',(-38.3815374093795,17.2,9.27881579940214));
#1939=CARTESIAN_POINT('Ctrl Pts',(-37.7813940293842,17.2,8.48373523138692));
#1940=CARTESIAN_POINT('Ctrl Pts',(-36.7852388275267,17.2,8.48373523138692));
#1941=CARTESIAN_POINT('Ctrl Pts',(-38.708650008051,16.2,11.0319043938124));
#1942=CARTESIAN_POINT('Ctrl Pts',(-38.9816807893749,16.2,10.0738963674174));
#1943=CARTESIAN_POINT('Ctrl Pts',(-38.3815374093795,16.2,9.27881579940214));
#1944=CARTESIAN_POINT('Ctrl Pts',(-37.7813940293842,16.2,8.48373523138692));
#1945=CARTESIAN_POINT('Ctrl Pts',(-36.7852388275267,16.2,8.48373523138692));
#1946=CARTESIAN_POINT('',(-36.7852388275267,17.2,9.48373523138692));
#1947=CARTESIAN_POINT('',(-36.7852388275267,16.2,8.48373523138692));
#1948=CARTESIAN_POINT('Origin',(-36.7852388275267,16.2,9.48373523138692));
#1949=CARTESIAN_POINT('Origin',(-36.7852388275267,16.2,10.4837352313869));
#1950=CARTESIAN_POINT('Origin',(-36.7852388275267,17.2,10.4837352313869));
#1951=CARTESIAN_POINT('Origin',(19.6728794062011,16.2,9.48373523138692));
#1952=CARTESIAN_POINT('',(19.6728794062011,17.2,9.48373523138692));
#1953=CARTESIAN_POINT('',(19.6728794062011,16.2,8.48373523138692));
#1954=CARTESIAN_POINT('Origin',(-36.7852388275267,0.,10.4837352313869));
#1955=CARTESIAN_POINT('',(-36.7852388275267,4.7,8.48373523138692));
#1956=CARTESIAN_POINT('',(-36.7852388275267,0.,8.48373523138692));
#1957=CARTESIAN_POINT('Origin',(-36.7852388275267,4.7,10.4837352313869));
#1958=CARTESIAN_POINT('Origin',(39.3457588124022,17.2,8.48373523138691));
#1959=CARTESIAN_POINT('',(-33.1308586607437,4.7,8.48373523138692));
#1960=CARTESIAN_POINT('',(-33.1308586607437,17.2,8.48373523138692));
#1961=CARTESIAN_POINT('',(19.6728794062011,4.7,8.48373523138692));
#1962=CARTESIAN_POINT('Origin',(-33.1308586607437,17.2,10.4837352313869));
#1963=CARTESIAN_POINT('',(-31.2240466514923,4.7,9.88035478641502));
#1964=CARTESIAN_POINT('',(-31.2240466514923,17.2,9.88035478641502));
#1965=CARTESIAN_POINT('Origin',(-33.1308586607437,4.7,10.4837352313869));
#1966=CARTESIAN_POINT('Origin',(0.,17.2,0.));
#1967=CARTESIAN_POINT('',(32.5987806586857,17.2,12.4837352313869));
#1968=CARTESIAN_POINT('Origin',(34.2987806586857,17.2,12.4837352313869));
#1969=CARTESIAN_POINT('',(16.55,17.2,31.609927238132));
#1970=CARTESIAN_POINT('Origin',(18.25,17.2,31.609927238132));
#1971=CARTESIAN_POINT('',(-8.03815848484296,17.2,35.9454829849456));
#1972=CARTESIAN_POINT('Origin',(-6.33815848484296,17.2,35.9454829849456));
#1973=CARTESIAN_POINT('',(-29.6606221738427,17.2,23.4617477535587));
#1974=CARTESIAN_POINT('Origin',(-27.9606221738427,17.2,23.4617477535587));
#1975=CARTESIAN_POINT('Origin',(-36.7852388275267,4.7,-10.4837352313869));
#1976=CARTESIAN_POINT('',(-36.7852388275267,3.7,-7.48373523138692));
#1977=CARTESIAN_POINT('',(-36.7852388275267,4.7,-8.48373523138692));
#1978=CARTESIAN_POINT('Origin',(-36.7852388275267,4.7,-7.48373523138692));
#1979=CARTESIAN_POINT('Origin',(-36.7852388275267,4.7,-10.4837352313869));
#1980=CARTESIAN_POINT('Origin',(-36.7852388275267,3.7,-10.4837352313869));
#1981=CARTESIAN_POINT('Origin',(-19.6728794062011,4.7,-7.48373523138692));
#1982=CARTESIAN_POINT('',(-33.1308586607437,3.7,-7.48373523138692));
#1983=CARTESIAN_POINT('',(-33.1308586607437,4.7,-8.48373523138692));
#1984=CARTESIAN_POINT('Origin',(-33.1308586607437,4.7,-7.48373523138692));
#1985=CARTESIAN_POINT('',(-19.6728794062011,4.7,-8.48373523138692));
#1986=CARTESIAN_POINT('',(-19.6728794062011,3.7,-7.48373523138692));
#1987=CARTESIAN_POINT('Origin',(-33.1308586607437,4.7,-10.4837352313869));
#1988=CARTESIAN_POINT('',(-30.2706406468666,3.7,-9.57866456392907));
#1989=CARTESIAN_POINT('',(-31.2240466514923,4.7,-9.88035478641502));
#1990=CARTESIAN_POINT('Origin',(-30.2706406468666,4.7,-9.57866456392907));
#1991=CARTESIAN_POINT('Origin',(-33.1308586607437,4.7,-10.4837352313869));
#1992=CARTESIAN_POINT('Origin',(-33.1308586607437,3.7,-10.4837352313869));
#1993=CARTESIAN_POINT('Origin',(0.,4.7,0.));
#1994=CARTESIAN_POINT('',(30.2706406468666,3.7,-9.57866456392905));
#1995=CARTESIAN_POINT('Origin',(30.2706406468666,4.7,-9.57866456392905));
#1996=CARTESIAN_POINT('Origin',(0.,4.7,0.));
#1997=CARTESIAN_POINT('Origin',(0.,3.7,0.));
#1998=CARTESIAN_POINT('Origin',(33.1308586607437,4.7,-10.4837352313869));
#1999=CARTESIAN_POINT('',(33.1308586607437,3.7,-7.48373523138691));
#2000=CARTESIAN_POINT('Origin',(33.1308586607437,4.7,-7.48373523138691));
#2001=CARTESIAN_POINT('Origin',(33.1308586607437,3.7,-10.4837352313869));
#2002=CARTESIAN_POINT('Origin',(-19.6728794062011,4.7,-7.48373523138692));
#2003=CARTESIAN_POINT('',(36.7852388275267,3.7,-7.48373523138691));
#2004=CARTESIAN_POINT('Origin',(36.7852388275267,4.7,-7.48373523138691));
#2005=CARTESIAN_POINT('',(-19.6728794062011,3.7,-7.48373523138692));
#2006=CARTESIAN_POINT('Origin',(36.7852388275267,4.7,-10.4837352313869));
#2007=CARTESIAN_POINT('Origin',(36.7852388275267,3.7,-10.4837352313869));
#2008=CARTESIAN_POINT('Origin',(0.,3.7,0.));
#2009=CARTESIAN_POINT('',(-36.7852388275267,3.7,7.48373523138692));
#2010=CARTESIAN_POINT('Origin',(-36.7852388275267,3.7,10.4837352313869));
#2011=CARTESIAN_POINT('',(-33.1308586607437,3.7,7.48373523138693));
#2012=CARTESIAN_POINT('',(19.6728794062011,3.7,7.48373523138692));
#2013=CARTESIAN_POINT('',(-30.2706406468666,3.7,9.57866456392907));
#2014=CARTESIAN_POINT('Origin',(-33.1308586607437,3.7,10.4837352313869));
#2015=CARTESIAN_POINT('',(30.2706406468666,3.7,9.57866456392905));
#2016=CARTESIAN_POINT('Origin',(0.,3.7,0.));
#2017=CARTESIAN_POINT('',(33.1308586607437,3.7,7.48373523138692));
#2018=CARTESIAN_POINT('Origin',(33.1308586607437,3.7,10.4837352313869));
#2019=CARTESIAN_POINT('',(36.7852388275267,3.7,7.48373523138692));
#2020=CARTESIAN_POINT('',(19.6728794062011,3.7,7.48373523138692));
#2021=CARTESIAN_POINT('Origin',(36.7852388275267,3.7,10.4837352313869));
#2022=CARTESIAN_POINT('',(-38.2,3.69999999999999,2.0818995585505E-16));
#2023=CARTESIAN_POINT('Origin',(-36.5,3.69999999999999,0.));
#2024=CARTESIAN_POINT('Origin',(36.7852388275267,4.7,10.4837352313869));
#2025=CARTESIAN_POINT('',(36.7852388275267,4.7,8.48373523138691));
#2026=CARTESIAN_POINT('Origin',(36.7852388275267,4.7,7.48373523138692));
#2027=CARTESIAN_POINT('Origin',(36.7852388275267,4.7,10.4837352313869));
#2028=CARTESIAN_POINT('Origin',(19.6728794062011,4.7,7.48373523138692));
#2029=CARTESIAN_POINT('',(33.1308586607437,4.7,8.48373523138692));
#2030=CARTESIAN_POINT('Origin',(33.1308586607437,4.7,7.48373523138692));
#2031=CARTESIAN_POINT('',(19.6728794062011,4.7,8.48373523138692));
#2032=CARTESIAN_POINT('Origin',(33.1308586607437,4.7,10.4837352313869));
#2033=CARTESIAN_POINT('',(31.2240466514923,4.7,9.880354786415));
#2034=CARTESIAN_POINT('Origin',(30.2706406468666,4.7,9.57866456392905));
#2035=CARTESIAN_POINT('Origin',(33.1308586607437,4.7,10.4837352313869));
#2036=CARTESIAN_POINT('Origin',(0.,4.7,0.));
#2037=CARTESIAN_POINT('Origin',(-30.2706406468666,4.7,9.57866456392907));
#2038=CARTESIAN_POINT('Origin',(0.,4.7,0.));
#2039=CARTESIAN_POINT('Origin',(-33.1308586607437,4.7,10.4837352313869));
#2040=CARTESIAN_POINT('Origin',(-33.1308586607437,4.7,7.48373523138693));
#2041=CARTESIAN_POINT('Origin',(19.6728794062011,4.7,7.48373523138692));
#2042=CARTESIAN_POINT('Origin',(-36.7852388275267,4.7,7.48373523138692));
#2043=CARTESIAN_POINT('Origin',(-36.7852388275267,4.7,10.4837352313869));
#2044=CARTESIAN_POINT('Origin',(33.1308586607437,17.2,10.4837352313869));
#2045=CARTESIAN_POINT('',(33.1308586607437,17.2,8.48373523138692));
#2046=CARTESIAN_POINT('',(31.2240466514923,17.2,9.880354786415));
#2047=CARTESIAN_POINT('Origin',(39.3457588124022,17.2,8.48373523138691));
#2048=CARTESIAN_POINT('',(36.7852388275267,0.,8.48373523138691));
#2049=CARTESIAN_POINT('Origin',(36.7852388275267,0.,10.4837352313869));
#2050=CARTESIAN_POINT('Origin',(-36.7852388275267,0.,-10.4837352313869));
#2051=CARTESIAN_POINT('',(-36.7852388275267,0.,-8.48373523138692));
#2052=CARTESIAN_POINT('Origin',(-39.3457588124022,17.2,-8.48373523138692));
#2053=CARTESIAN_POINT('',(-33.1308586607437,17.2,-8.48373523138692));
#2054=CARTESIAN_POINT('Origin',(-33.1308586607437,17.2,-10.4837352313869));
#2055=CARTESIAN_POINT('',(-31.2240466514923,17.2,-9.88035478641502));
#2056=CARTESIAN_POINT('Origin',(0.,17.2,0.));
#2057=CARTESIAN_POINT('Origin',(-6.33815848484295,0.,35.9454829849456));
#2058=CARTESIAN_POINT('',(-9.33815848484295,0.,35.9454829849456));
#2059=CARTESIAN_POINT('Origin',(-6.33815848484295,0.,35.9454829849456));
#2060=CARTESIAN_POINT('',(-9.33815848484295,3.,35.9454829849456));
#2061=CARTESIAN_POINT('',(-9.33815848484295,0.,35.9454829849456));
#2062=CARTESIAN_POINT('Origin',(-6.33815848484295,3.,35.9454829849456));
#2063=CARTESIAN_POINT('Origin',(-6.33815848484295,3.,35.9454829849456));
#2064=CARTESIAN_POINT('',(-8.03815848484296,3.00000000000001,35.9454829849456));
#2065=CARTESIAN_POINT('Origin',(-6.33815848484296,3.00000000000001,35.9454829849456));
#2066=CARTESIAN_POINT('Origin',(-27.9606221738427,0.,23.4617477535587));
#2067=CARTESIAN_POINT('',(-30.9606221738427,0.,23.4617477535587));
#2068=CARTESIAN_POINT('Origin',(-27.9606221738427,0.,23.4617477535587));
#2069=CARTESIAN_POINT('',(-30.9606221738427,3.,23.4617477535587));
#2070=CARTESIAN_POINT('',(-30.9606221738427,0.,23.4617477535587));
#2071=CARTESIAN_POINT('Origin',(-27.9606221738427,3.,23.4617477535587));
#2072=CARTESIAN_POINT('Origin',(-27.9606221738427,3.,23.4617477535587));
#2073=CARTESIAN_POINT('',(-29.6606221738427,3.00000000000001,23.4617477535587));
#2074=CARTESIAN_POINT('Origin',(-27.9606221738427,3.00000000000001,23.4617477535587));
#2075=CARTESIAN_POINT('Origin',(34.2987806586857,0.,12.4837352313869));
#2076=CARTESIAN_POINT('',(31.2987806586857,0.,12.4837352313869));
#2077=CARTESIAN_POINT('Origin',(34.2987806586857,0.,12.4837352313869));
#2078=CARTESIAN_POINT('',(31.2987806586857,3.,12.4837352313869));
#2079=CARTESIAN_POINT('',(31.2987806586857,0.,12.4837352313869));
#2080=CARTESIAN_POINT('Origin',(34.2987806586857,3.,12.4837352313869));
#2081=CARTESIAN_POINT('Origin',(34.2987806586857,3.,12.4837352313869));
#2082=CARTESIAN_POINT('',(32.5987806586857,3.00000000000001,12.4837352313869));
#2083=CARTESIAN_POINT('Origin',(34.2987806586857,3.00000000000001,12.4837352313869));
#2084=CARTESIAN_POINT('Origin',(-27.9606221738427,0.,-23.4617477535587));
#2085=CARTESIAN_POINT('',(-30.9606221738427,0.,-23.4617477535587));
#2086=CARTESIAN_POINT('Origin',(-27.9606221738427,0.,-23.4617477535587));
#2087=CARTESIAN_POINT('',(-30.9606221738427,3.,-23.4617477535587));
#2088=CARTESIAN_POINT('',(-30.9606221738427,0.,-23.4617477535587));
#2089=CARTESIAN_POINT('Origin',(-27.9606221738427,3.,-23.4617477535587));
#2090=CARTESIAN_POINT('Origin',(-27.9606221738427,3.,-23.4617477535587));
#2091=CARTESIAN_POINT('',(-29.6606221738427,3.00000000000001,-23.4617477535587));
#2092=CARTESIAN_POINT('Origin',(-27.9606221738427,3.00000000000001,-23.4617477535587));
#2093=CARTESIAN_POINT('Origin',(-6.33815848484296,0.,-35.9454829849456));
#2094=CARTESIAN_POINT('',(-9.33815848484296,0.,-35.9454829849456));
#2095=CARTESIAN_POINT('Origin',(-6.33815848484296,0.,-35.9454829849456));
#2096=CARTESIAN_POINT('',(-9.33815848484296,3.,-35.9454829849456));
#2097=CARTESIAN_POINT('',(-9.33815848484296,0.,-35.9454829849456));
#2098=CARTESIAN_POINT('Origin',(-6.33815848484296,3.,-35.9454829849456));
#2099=CARTESIAN_POINT('Origin',(-6.33815848484296,3.,-35.9454829849456));
#2100=CARTESIAN_POINT('',(-8.03815848484295,3.00000000000001,-35.9454829849456));
#2101=CARTESIAN_POINT('Origin',(-6.33815848484295,3.00000000000001,-35.9454829849456));
#2102=CARTESIAN_POINT('Origin',(34.2987806586857,0.,-12.4837352313869));
#2103=CARTESIAN_POINT('',(31.2987806586857,0.,-12.4837352313869));
#2104=CARTESIAN_POINT('Origin',(34.2987806586857,0.,-12.4837352313869));
#2105=CARTESIAN_POINT('',(31.2987806586857,3.,-12.4837352313869));
#2106=CARTESIAN_POINT('',(31.2987806586857,0.,-12.4837352313869));
#2107=CARTESIAN_POINT('Origin',(34.2987806586857,3.,-12.4837352313869));
#2108=CARTESIAN_POINT('Origin',(34.2987806586857,3.,-12.4837352313869));
#2109=CARTESIAN_POINT('',(32.5987806586857,3.00000000000001,-12.4837352313869));
#2110=CARTESIAN_POINT('Origin',(34.2987806586857,3.00000000000001,-12.4837352313869));
#2111=CARTESIAN_POINT('Origin',(0.,17.2,0.));
#2112=CARTESIAN_POINT('Origin',(-27.9606221738427,-97.9361802388806,-23.4617477535587));
#2113=CARTESIAN_POINT('',(-29.6606221738427,-97.9361802388806,-23.4617477535587));
#2114=CARTESIAN_POINT('Origin',(-6.33815848484295,-97.9361802388806,-35.9454829849456));
#2115=CARTESIAN_POINT('',(-8.03815848484295,-97.9361802388806,-35.9454829849456));
#2116=CARTESIAN_POINT('Origin',(18.25,-97.9361802388806,-31.609927238132));
#2117=CARTESIAN_POINT('',(16.55,0.,-31.609927238132));
#2118=CARTESIAN_POINT('',(16.55,-97.9361802388806,-31.609927238132));
#2119=CARTESIAN_POINT('Origin',(18.25,0.,-31.609927238132));
#2120=CARTESIAN_POINT('Origin',(34.2987806586857,-97.9361802388806,-12.4837352313869));
#2121=CARTESIAN_POINT('',(32.5987806586857,-97.9361802388806,-12.4837352313869));
#2122=CARTESIAN_POINT('Origin',(34.2987806586857,-97.9361802388806,12.4837352313869));
#2123=CARTESIAN_POINT('',(32.5987806586857,-97.9361802388806,12.4837352313869));
#2124=CARTESIAN_POINT('Origin',(18.25,-97.9361802388806,31.609927238132));
#2125=CARTESIAN_POINT('',(16.55,0.,31.609927238132));
#2126=CARTESIAN_POINT('',(16.55,-97.9361802388806,31.609927238132));
#2127=CARTESIAN_POINT('Origin',(18.25,0.,31.609927238132));
#2128=CARTESIAN_POINT('Origin',(-6.33815848484296,-97.9361802388806,35.9454829849456));
#2129=CARTESIAN_POINT('',(-8.03815848484296,-97.9361802388806,35.9454829849456));
#2130=CARTESIAN_POINT('Origin',(-27.9606221738427,-97.9361802388806,23.4617477535587));
#2131=CARTESIAN_POINT('',(-29.6606221738427,-97.9361802388806,23.4617477535587));
#2132=CARTESIAN_POINT('Origin',(-36.5,-97.9361802388806,0.));
#2133=CARTESIAN_POINT('',(-38.2,0.,2.0818995585505E-16));
#2134=CARTESIAN_POINT('',(-38.2,-97.9361802388806,2.0818995585505E-16));
#2135=CARTESIAN_POINT('Origin',(-36.5,0.,0.));
#2136=CARTESIAN_POINT('Origin',(0.,0.,0.));
#2137=UNCERTAINTY_MEASURE_WITH_UNIT(LENGTH_MEASURE(0.01),#2141,
'DISTANCE_ACCURACY_VALUE',
'Maximum model space distance between geometric entities at asserted c
onnectivities');
#2138=UNCERTAINTY_MEASURE_WITH_UNIT(LENGTH_MEASURE(0.01),#2141,
'DISTANCE_ACCURACY_VALUE',
'Maximum model space distance between geometric entities at asserted c
onnectivities');
#2139=(
GEOMETRIC_REPRESENTATION_CONTEXT(3)
GLOBAL_UNCERTAINTY_ASSIGNED_CONTEXT((#2137))
GLOBAL_UNIT_ASSIGNED_CONTEXT((#2141,#2143,#2144))
REPRESENTATION_CONTEXT('','3D')
);
#2140=(
GEOMETRIC_REPRESENTATION_CONTEXT(3)
GLOBAL_UNCERTAINTY_ASSIGNED_CONTEXT((#2138))
GLOBAL_UNIT_ASSIGNED_CONTEXT((#2141,#2143,#2144))
REPRESENTATION_CONTEXT('','3D')
);
#2141=(
LENGTH_UNIT()
NAMED_UNIT(*)
SI_UNIT(.MILLI.,.METRE.)
);
#2142=(
LENGTH_UNIT()
NAMED_UNIT(*)
SI_UNIT(.CENTI.,.METRE.)
);
#2143=(
NAMED_UNIT(*)
PLANE_ANGLE_UNIT()
SI_UNIT($,.RADIAN.)
);
#2144=(
NAMED_UNIT(*)
SI_UNIT($,.STERADIAN.)
SOLID_ANGLE_UNIT()
);
#2145=SHAPE_DEFINITION_REPRESENTATION(#2146,#2147);
#2146=PRODUCT_DEFINITION_SHAPE('',$,#2149);
#2147=SHAPE_REPRESENTATION('',(#1141),#2139);
#2148=PRODUCT_DEFINITION_CONTEXT('part definition',#2153,'design');
#2149=PRODUCT_DEFINITION('basepart1_forR2','basepart1_forR2',#2150,#2148);
#2150=PRODUCT_DEFINITION_FORMATION('',$,#2155);
#2151=PRODUCT_RELATED_PRODUCT_CATEGORY('basepart1_forR2',
'basepart1_forR2',(#2155));
#2152=APPLICATION_PROTOCOL_DEFINITION('international standard',
'automotive_design',2009,#2153);
#2153=APPLICATION_CONTEXT(
'Core Data for Automotive Mechanical Design Process');
#2154=PRODUCT_CONTEXT('part definition',#2153,'mechanical');
#2155=PRODUCT('basepart1_forR2','basepart1_forR2',$,(#2154));
#2156=PRESENTATION_STYLE_ASSIGNMENT((#2157));
#2157=SURFACE_STYLE_USAGE(.BOTH.,#2160);
#2158=SURFACE_STYLE_RENDERING_WITH_PROPERTIES($,#2164,(#2159));
#2159=SURFACE_STYLE_TRANSPARENT(0.);
#2160=SURFACE_SIDE_STYLE('',(#2161,#2158));
#2161=SURFACE_STYLE_FILL_AREA(#2162);
#2162=FILL_AREA_STYLE('',(#2163));
#2163=FILL_AREA_STYLE_COLOUR('',#2164);
#2164=COLOUR_RGB('',0.0196078431372549,0.0196078431372549,0.0196078431372549);
ENDSEC;
END-ISO-10303-21;
