ISO-10303-21;
HEADER;
/* Generated by software containing ST-Developer
 * from STEP Tools, Inc. (www.steptools.com) 
 */

FILE_DESCRIPTION(
/* description */ (''),
/* implementation_level */ '2;1');

FILE_NAME(
/* name */ 'bridge_rails_support.stp',
/* time_stamp */ '2026-05-04T17:30:16+09:00',
/* author */ ('kshau'),
/* organization */ (''),
/* preprocessor_version */ 'ST-DEVELOPER v20',
/* originating_system */ 'Autodesk Inventor 2024',
/* authorisation */ '');

FILE_SCHEMA (('AUTOMOTIVE_DESIGN { 1 0 10303 214 3 1 1 }'));
ENDSEC;

DATA;
#10=MECHANICAL_DESIGN_GEOMETRIC_PRESENTATION_REPRESENTATION('',(#13),#7158);
#11=SHAPE_REPRESENTATION_RELATIONSHIP('SRR','None',#7165,#12);
#12=ADVANCED_BREP_SHAPE_REPRESENTATION('',(#14),#7157);
#13=STYLED_ITEM('',(#7174),#14);
#14=MANIFOLD_SOLID_BREP('\X2\30BD30EA30C330C9\X0\1',#4117);
#15=TOROIDAL_SURFACE('',#4195,1.5,0.5);
#16=TOROIDAL_SURFACE('',#4205,1.5,0.5);
#17=TOROIDAL_SURFACE('',#4225,1.5,0.5);
#18=TOROIDAL_SURFACE('',#4236,1.5,0.5);
#19=TOROIDAL_SURFACE('',#4246,1.5,0.5);
#20=TOROIDAL_SURFACE('',#4256,1.5,0.5);
#21=TOROIDAL_SURFACE('',#4267,1.5,0.5);
#22=TOROIDAL_SURFACE('',#4277,1.5,0.5);
#23=B_SPLINE_CURVE_WITH_KNOTS('',3,(#6001,#6002,#6003,#6004,#6005,#6006,
#6007,#6008),.UNSPECIFIED.,.F.,.F.,(4,1,1,2,4),(-0.15235464892618,-0.0914127893557077,
-0.0609418595704718,0.,0.000548502601274326),.UNSPECIFIED.);
#24=B_SPLINE_CURVE_WITH_KNOTS('',3,(#6009,#6010,#6011,#6012,#6013,#6014,
#6015,#6016),.UNSPECIFIED.,.F.,.F.,(4,2,1,1,4),(-0.000548502601274326,0.,
0.0609418595704718,0.0914127893557077,0.15235464892618),.UNSPECIFIED.);
#25=B_SPLINE_CURVE_WITH_KNOTS('',3,(#6035,#6036,#6037,#6038,#6039,#6040,
#6041,#6042,#6043,#6044),.UNSPECIFIED.,.F.,.F.,(4,2,2,2,4),(0.0858215857641403,
0.108305415677002,0.130789245589864,0.149395872935239,0.168002500280614),
 .UNSPECIFIED.);
#26=B_SPLINE_CURVE_WITH_KNOTS('',3,(#6084,#6085,#6086,#6087,#6088,#6089,
#6090,#6091),.UNSPECIFIED.,.F.,.F.,(4,1,1,2,4),(-0.151975590972333,-0.0911853545833996,
-0.0607902363889331,0.,0.000623810952415706),.UNSPECIFIED.);
#27=B_SPLINE_CURVE_WITH_KNOTS('',3,(#6092,#6093,#6094,#6095,#6096,#6097,
#6098,#6099),.UNSPECIFIED.,.F.,.F.,(4,2,1,1,4),(-0.000623810952415706,0.,
0.0607902363889331,0.0911853545833996,0.151975590972333),.UNSPECIFIED.);
#28=B_SPLINE_CURVE_WITH_KNOTS('',3,(#6118,#6119,#6120,#6121,#6122,#6123,
#6124,#6125,#6126,#6127),.UNSPECIFIED.,.F.,.F.,(4,2,2,2,4),(0.,0.0037492512678278,
0.00749850253565559,0.0117627649067384,0.0160270272778212),
 .UNSPECIFIED.);
#29=B_SPLINE_CURVE_WITH_KNOTS('',3,(#6193,#6194,#6195,#6196,#6197,#6198,
#6199,#6200),.UNSPECIFIED.,.F.,.F.,(4,1,1,2,4),(-0.151974634798272,-0.121579707838618,
-0.0911847808789633,0.,0.000624927834825029),.UNSPECIFIED.);
#30=B_SPLINE_CURVE_WITH_KNOTS('',3,(#6201,#6202,#6203,#6204,#6205,#6206,
#6207,#6208),.UNSPECIFIED.,.F.,.F.,(4,2,1,1,4),(-0.000624927834825029,0.,
0.0911847808789633,0.121579707838618,0.151974634798272),.UNSPECIFIED.);
#31=B_SPLINE_CURVE_WITH_KNOTS('',3,(#6268,#6269,#6270,#6271,#6272,#6273,
#6274,#6275),.UNSPECIFIED.,.F.,.F.,(4,1,1,2,4),(-0.152354646768028,-0.0914127880608166,
-0.0609418587072111,0.,0.000548514848992411),.UNSPECIFIED.);
#32=B_SPLINE_CURVE_WITH_KNOTS('',3,(#6276,#6277,#6278,#6279,#6280,#6281,
#6282,#6283),.UNSPECIFIED.,.F.,.F.,(4,2,1,1,4),(-0.000548514848992411,0.,
0.0609418587072111,0.0914127880608166,0.152354646768028),.UNSPECIFIED.);
#33=B_SPLINE_CURVE_WITH_KNOTS('',3,(#6302,#6303,#6304,#6305,#6306,#6307,
#6308,#6309,#6310,#6311),.UNSPECIFIED.,.F.,.F.,(4,2,2,2,4),(0.336005000561229,
0.354611627906604,0.373218255251979,0.395702085164841,0.418185915077703),
 .UNSPECIFIED.);
#34=B_SPLINE_CURVE_WITH_KNOTS('',3,(#6351,#6352,#6353,#6354,#6355,#6356,
#6357,#6358),.UNSPECIFIED.,.F.,.F.,(4,1,1,2,4),(-0.152354648926181,-0.0914127893557088,
-0.0609418595704725,0.,0.0005485026012732),.UNSPECIFIED.);
#35=B_SPLINE_CURVE_WITH_KNOTS('',3,(#6359,#6360,#6361,#6362,#6363,#6364,
#6365,#6366),.UNSPECIFIED.,.F.,.F.,(4,2,1,1,4),(-0.0005485026012732,0.,
0.0609418595704725,0.0914127893557088,0.152354648926181),.UNSPECIFIED.);
#36=B_SPLINE_CURVE_WITH_KNOTS('',3,(#6383,#6384,#6385,#6386,#6387,#6388,
#6389,#6390,#6391,#6392),.UNSPECIFIED.,.F.,.F.,(4,2,2,2,4),(0.0159420949744809,
0.0202063573455636,0.0244706197166463,0.028219870984474,0.0319691222523017),
 .UNSPECIFIED.);
#37=B_SPLINE_CURVE_WITH_KNOTS('',3,(#6433,#6434,#6435,#6436,#6437,#6438,
#6439,#6440),.UNSPECIFIED.,.F.,.F.,(4,1,1,2,4),(-0.15197463484164,-0.0911847809049837,
-0.0607898539366558,0.,0.000624927784186875),.UNSPECIFIED.);
#38=B_SPLINE_CURVE_WITH_KNOTS('',3,(#6441,#6442,#6443,#6444,#6445,#6446,
#6447,#6448),.UNSPECIFIED.,.F.,.F.,(4,2,1,1,4),(-0.000624927784186875,0.,
0.0607898539366558,0.0911847809049837,0.15197463484164),.UNSPECIFIED.);
#39=B_SPLINE_CURVE_WITH_KNOTS('',3,(#6506,#6507,#6508,#6509,#6510,#6511,
#6512,#6513),.UNSPECIFIED.,.F.,.F.,(4,1,1,2,4),(-0.152354648926178,-0.0914127893557069,
-0.0609418595704713,0.,0.000548502601275412),.UNSPECIFIED.);
#40=B_SPLINE_CURVE_WITH_KNOTS('',3,(#6514,#6515,#6516,#6517,#6518,#6519,
#6520,#6521),.UNSPECIFIED.,.F.,.F.,(4,2,1,1,4),(-0.000548502601275412,0.,
0.0609418595704713,0.0914127893557069,0.152354648926178),.UNSPECIFIED.);
#41=B_SPLINE_CURVE_WITH_KNOTS('',3,(#6575,#6576,#6577,#6578,#6579,#6580,
#6581,#6582),.UNSPECIFIED.,.F.,.F.,(4,1,1,2,4),(-0.151974635352466,-0.121579708281972,
-0.0911847812114794,0.,0.000624927187725342),.UNSPECIFIED.);
#42=B_SPLINE_CURVE_WITH_KNOTS('',3,(#6583,#6584,#6585,#6586,#6587,#6588,
#6589,#6590),.UNSPECIFIED.,.F.,.F.,(4,2,1,1,4),(-0.000624927187725342,0.,
0.0911847812114794,0.121579708281972,0.151974635352466),.UNSPECIFIED.);
#43=B_SPLINE_SURFACE_WITH_KNOTS('',3,3,((#5965,#5966,#5967,#5968,#5969,
#5970,#5971,#5972),(#5973,#5974,#5975,#5976,#5977,#5978,#5979,#5980),(#5981,
#5982,#5983,#5984,#5985,#5986,#5987,#5988),(#5989,#5990,#5991,#5992,#5993,
#5994,#5995,#5996)),.UNSPECIFIED.,.F.,.F.,.F.,(4,4),(4,2,1,1,4),(0.,1.),
(-0.000548502601274326,0.,0.0609418595704718,0.0914127893557077,0.15235464892618),
 .UNSPECIFIED.);
#44=B_SPLINE_SURFACE_WITH_KNOTS('',3,3,((#6048,#6049,#6050,#6051,#6052,
#6053,#6054,#6055),(#6056,#6057,#6058,#6059,#6060,#6061,#6062,#6063),(#6064,
#6065,#6066,#6067,#6068,#6069,#6070,#6071),(#6072,#6073,#6074,#6075,#6076,
#6077,#6078,#6079)),.UNSPECIFIED.,.F.,.F.,.F.,(4,4),(4,2,1,1,4),(0.,1.),
(-0.000623810952415706,0.,0.0607902363889331,0.0911853545833996,0.151975590972333),
 .UNSPECIFIED.);
#45=B_SPLINE_SURFACE_WITH_KNOTS('',3,3,((#6157,#6158,#6159,#6160,#6161,
#6162,#6163,#6164),(#6165,#6166,#6167,#6168,#6169,#6170,#6171,#6172),(#6173,
#6174,#6175,#6176,#6177,#6178,#6179,#6180),(#6181,#6182,#6183,#6184,#6185,
#6186,#6187,#6188)),.UNSPECIFIED.,.F.,.F.,.F.,(4,4),(4,2,1,1,4),(0.,1.),
(-0.000624927834825029,0.,0.0911847808789633,0.121579707838618,0.151974634798272),
 .UNSPECIFIED.);
#46=B_SPLINE_SURFACE_WITH_KNOTS('',3,3,((#6232,#6233,#6234,#6235,#6236,
#6237,#6238,#6239),(#6240,#6241,#6242,#6243,#6244,#6245,#6246,#6247),(#6248,
#6249,#6250,#6251,#6252,#6253,#6254,#6255),(#6256,#6257,#6258,#6259,#6260,
#6261,#6262,#6263)),.UNSPECIFIED.,.F.,.F.,.F.,(4,4),(4,2,1,1,4),(0.,1.),
(-0.000548514848992411,0.,0.0609418587072111,0.0914127880608166,0.152354646768028),
 .UNSPECIFIED.);
#47=B_SPLINE_SURFACE_WITH_KNOTS('',3,3,((#6315,#6316,#6317,#6318,#6319,
#6320,#6321,#6322),(#6323,#6324,#6325,#6326,#6327,#6328,#6329,#6330),(#6331,
#6332,#6333,#6334,#6335,#6336,#6337,#6338),(#6339,#6340,#6341,#6342,#6343,
#6344,#6345,#6346)),.UNSPECIFIED.,.F.,.F.,.F.,(4,4),(4,2,1,1,4),(0.,1.),
(-0.0005485026012732,0.,0.0609418595704725,0.0914127893557088,0.152354648926181),
 .UNSPECIFIED.);
#48=B_SPLINE_SURFACE_WITH_KNOTS('',3,3,((#6397,#6398,#6399,#6400,#6401,
#6402,#6403,#6404),(#6405,#6406,#6407,#6408,#6409,#6410,#6411,#6412),(#6413,
#6414,#6415,#6416,#6417,#6418,#6419,#6420),(#6421,#6422,#6423,#6424,#6425,
#6426,#6427,#6428)),.UNSPECIFIED.,.F.,.F.,.F.,(4,4),(4,2,1,1,4),(0.,1.),
(-0.000624927784186875,0.,0.0607898539366558,0.0911847809049837,0.15197463484164),
 .UNSPECIFIED.);
#49=B_SPLINE_SURFACE_WITH_KNOTS('',3,3,((#6470,#6471,#6472,#6473,#6474,
#6475,#6476,#6477),(#6478,#6479,#6480,#6481,#6482,#6483,#6484,#6485),(#6486,
#6487,#6488,#6489,#6490,#6491,#6492,#6493),(#6494,#6495,#6496,#6497,#6498,
#6499,#6500,#6501)),.UNSPECIFIED.,.F.,.F.,.F.,(4,4),(4,2,1,1,4),(0.,1.),
(-0.000548502601275412,0.,0.0609418595704713,0.0914127893557069,0.152354648926178),
 .UNSPECIFIED.);
#50=B_SPLINE_SURFACE_WITH_KNOTS('',3,3,((#6539,#6540,#6541,#6542,#6543,
#6544,#6545,#6546),(#6547,#6548,#6549,#6550,#6551,#6552,#6553,#6554),(#6555,
#6556,#6557,#6558,#6559,#6560,#6561,#6562),(#6563,#6564,#6565,#6566,#6567,
#6568,#6569,#6570)),.UNSPECIFIED.,.F.,.F.,.F.,(4,4),(4,2,1,1,4),(0.,1.),
(-0.000624927187725342,0.,0.0911847812114794,0.121579708281972,0.151974635352466),
 .UNSPECIFIED.);
#51=ELLIPSE('',#4193,0.707106781186554,0.5);
#52=ELLIPSE('',#4203,0.707106781186554,0.5);
#53=ELLIPSE('',#4223,0.707106781186554,0.5);
#54=ELLIPSE('',#4234,0.707106781186554,0.5);
#55=ELLIPSE('',#4244,0.707106781186549,0.5);
#56=ELLIPSE('',#4254,0.707106781186549,0.5);
#57=ELLIPSE('',#4265,0.707106781186549,0.5);
#58=ELLIPSE('',#4275,0.707106781186549,0.5);
#59=FACE_BOUND('',#467,.T.);
#60=FACE_BOUND('',#468,.T.);
#61=FACE_BOUND('',#469,.T.);
#62=FACE_BOUND('',#470,.T.);
#63=FACE_BOUND('',#471,.T.);
#64=FACE_BOUND('',#472,.T.);
#65=FACE_BOUND('',#473,.T.);
#66=FACE_BOUND('',#480,.T.);
#67=FACE_BOUND('',#481,.T.);
#68=FACE_BOUND('',#482,.T.);
#69=FACE_BOUND('',#483,.T.);
#70=FACE_BOUND('',#484,.T.);
#71=FACE_BOUND('',#485,.T.);
#72=FACE_BOUND('',#486,.T.);
#73=FACE_BOUND('',#553,.T.);
#74=FACE_BOUND('',#554,.T.);
#75=FACE_BOUND('',#555,.T.);
#76=FACE_BOUND('',#556,.T.);
#77=FACE_BOUND('',#557,.T.);
#78=FACE_BOUND('',#558,.T.);
#79=FACE_BOUND('',#559,.T.);
#80=FACE_BOUND('',#560,.T.);
#81=FACE_BOUND('',#561,.T.);
#82=FACE_BOUND('',#564,.T.);
#83=FACE_BOUND('',#565,.T.);
#84=FACE_BOUND('',#566,.T.);
#85=FACE_BOUND('',#567,.T.);
#86=FACE_BOUND('',#568,.T.);
#87=FACE_BOUND('',#569,.T.);
#88=FACE_BOUND('',#570,.T.);
#89=FACE_BOUND('',#571,.T.);
#90=FACE_BOUND('',#572,.T.);
#91=FACE_BOUND('',#599,.T.);
#92=FACE_BOUND('',#607,.T.);
#93=FACE_BOUND('',#615,.T.);
#94=FACE_BOUND('',#623,.T.);
#95=FACE_BOUND('',#631,.T.);
#96=FACE_BOUND('',#639,.T.);
#97=FACE_BOUND('',#647,.T.);
#98=FACE_BOUND('',#655,.T.);
#99=FACE_BOUND('',#663,.T.);
#100=FACE_BOUND('',#671,.T.);
#101=FACE_BOUND('',#679,.T.);
#102=FACE_BOUND('',#687,.T.);
#103=FACE_BOUND('',#695,.T.);
#104=FACE_BOUND('',#703,.T.);
#105=FACE_BOUND('',#724,.T.);
#106=FACE_BOUND('',#725,.T.);
#107=FACE_BOUND('',#727,.T.);
#108=FACE_BOUND('',#728,.T.);
#109=PLANE('',#4143);
#110=PLANE('',#4147);
#111=PLANE('',#4153);
#112=PLANE('',#4159);
#113=PLANE('',#4163);
#114=PLANE('',#4164);
#115=PLANE('',#4176);
#116=PLANE('',#4177);
#117=PLANE('',#4181);
#118=PLANE('',#4182);
#119=PLANE('',#4200);
#120=PLANE('',#4214);
#121=PLANE('',#4215);
#122=PLANE('',#4220);
#123=PLANE('',#4221);
#124=PLANE('',#4230);
#125=PLANE('',#4241);
#126=PLANE('',#4251);
#127=PLANE('',#4261);
#128=PLANE('',#4272);
#129=PLANE('',#4282);
#130=PLANE('',#4283);
#131=PLANE('',#4288);
#132=PLANE('',#4289);
#133=PLANE('',#4302);
#134=PLANE('',#4313);
#135=PLANE('',#4315);
#136=PLANE('',#4320);
#137=PLANE('',#4322);
#138=PLANE('',#4324);
#139=PLANE('',#4326);
#140=PLANE('',#4328);
#141=PLANE('',#4330);
#142=PLANE('',#4332);
#143=PLANE('',#4333);
#144=PLANE('',#4334);
#145=PLANE('',#4335);
#146=PLANE('',#4336);
#147=PLANE('',#4337);
#148=PLANE('',#4338);
#149=PLANE('',#4339);
#150=PLANE('',#4341);
#151=PLANE('',#4342);
#152=PLANE('',#4343);
#153=PLANE('',#4344);
#154=PLANE('',#4345);
#155=PLANE('',#4346);
#156=PLANE('',#4347);
#157=PLANE('',#4349);
#158=PLANE('',#4350);
#159=PLANE('',#4351);
#160=PLANE('',#4352);
#161=PLANE('',#4353);
#162=PLANE('',#4354);
#163=PLANE('',#4355);
#164=PLANE('',#4357);
#165=PLANE('',#4358);
#166=PLANE('',#4359);
#167=PLANE('',#4360);
#168=PLANE('',#4361);
#169=PLANE('',#4362);
#170=PLANE('',#4363);
#171=PLANE('',#4365);
#172=PLANE('',#4366);
#173=PLANE('',#4367);
#174=PLANE('',#4368);
#175=PLANE('',#4369);
#176=PLANE('',#4370);
#177=PLANE('',#4371);
#178=PLANE('',#4373);
#179=PLANE('',#4374);
#180=PLANE('',#4375);
#181=PLANE('',#4376);
#182=PLANE('',#4377);
#183=PLANE('',#4378);
#184=PLANE('',#4379);
#185=PLANE('',#4381);
#186=PLANE('',#4382);
#187=PLANE('',#4383);
#188=PLANE('',#4384);
#189=PLANE('',#4385);
#190=PLANE('',#4386);
#191=PLANE('',#4387);
#192=PLANE('',#4389);
#193=PLANE('',#4390);
#194=PLANE('',#4391);
#195=PLANE('',#4392);
#196=PLANE('',#4393);
#197=PLANE('',#4394);
#198=PLANE('',#4395);
#199=PLANE('',#4397);
#200=PLANE('',#4398);
#201=PLANE('',#4399);
#202=PLANE('',#4400);
#203=PLANE('',#4401);
#204=PLANE('',#4402);
#205=PLANE('',#4403);
#206=PLANE('',#4405);
#207=PLANE('',#4406);
#208=PLANE('',#4407);
#209=PLANE('',#4408);
#210=PLANE('',#4409);
#211=PLANE('',#4410);
#212=PLANE('',#4411);
#213=PLANE('',#4413);
#214=PLANE('',#4414);
#215=PLANE('',#4415);
#216=PLANE('',#4416);
#217=PLANE('',#4417);
#218=PLANE('',#4418);
#219=PLANE('',#4419);
#220=PLANE('',#4421);
#221=PLANE('',#4422);
#222=PLANE('',#4423);
#223=PLANE('',#4424);
#224=PLANE('',#4425);
#225=PLANE('',#4426);
#226=PLANE('',#4427);
#227=PLANE('',#4429);
#228=PLANE('',#4430);
#229=PLANE('',#4431);
#230=PLANE('',#4432);
#231=PLANE('',#4433);
#232=PLANE('',#4434);
#233=PLANE('',#4435);
#234=PLANE('',#4437);
#235=PLANE('',#4438);
#236=PLANE('',#4439);
#237=PLANE('',#4440);
#238=PLANE('',#4441);
#239=PLANE('',#4442);
#240=PLANE('',#4443);
#241=PLANE('',#4470);
#242=PLANE('',#4471);
#243=PLANE('',#4472);
#244=PLANE('',#4473);
#245=PLANE('',#4474);
#246=PLANE('',#4475);
#247=FACE_OUTER_BOUND('',#465,.T.);
#248=FACE_OUTER_BOUND('',#466,.T.);
#249=FACE_OUTER_BOUND('',#474,.T.);
#250=FACE_OUTER_BOUND('',#475,.T.);
#251=FACE_OUTER_BOUND('',#476,.T.);
#252=FACE_OUTER_BOUND('',#477,.T.);
#253=FACE_OUTER_BOUND('',#478,.T.);
#254=FACE_OUTER_BOUND('',#479,.T.);
#255=FACE_OUTER_BOUND('',#487,.T.);
#256=FACE_OUTER_BOUND('',#488,.T.);
#257=FACE_OUTER_BOUND('',#489,.T.);
#258=FACE_OUTER_BOUND('',#490,.T.);
#259=FACE_OUTER_BOUND('',#491,.T.);
#260=FACE_OUTER_BOUND('',#492,.T.);
#261=FACE_OUTER_BOUND('',#493,.T.);
#262=FACE_OUTER_BOUND('',#494,.T.);
#263=FACE_OUTER_BOUND('',#495,.T.);
#264=FACE_OUTER_BOUND('',#496,.T.);
#265=FACE_OUTER_BOUND('',#497,.T.);
#266=FACE_OUTER_BOUND('',#498,.T.);
#267=FACE_OUTER_BOUND('',#499,.T.);
#268=FACE_OUTER_BOUND('',#500,.T.);
#269=FACE_OUTER_BOUND('',#501,.T.);
#270=FACE_OUTER_BOUND('',#502,.T.);
#271=FACE_OUTER_BOUND('',#503,.T.);
#272=FACE_OUTER_BOUND('',#504,.T.);
#273=FACE_OUTER_BOUND('',#505,.T.);
#274=FACE_OUTER_BOUND('',#506,.T.);
#275=FACE_OUTER_BOUND('',#507,.T.);
#276=FACE_OUTER_BOUND('',#508,.T.);
#277=FACE_OUTER_BOUND('',#509,.T.);
#278=FACE_OUTER_BOUND('',#510,.T.);
#279=FACE_OUTER_BOUND('',#511,.T.);
#280=FACE_OUTER_BOUND('',#512,.T.);
#281=FACE_OUTER_BOUND('',#513,.T.);
#282=FACE_OUTER_BOUND('',#514,.T.);
#283=FACE_OUTER_BOUND('',#515,.T.);
#284=FACE_OUTER_BOUND('',#516,.T.);
#285=FACE_OUTER_BOUND('',#517,.T.);
#286=FACE_OUTER_BOUND('',#518,.T.);
#287=FACE_OUTER_BOUND('',#519,.T.);
#288=FACE_OUTER_BOUND('',#520,.T.);
#289=FACE_OUTER_BOUND('',#521,.T.);
#290=FACE_OUTER_BOUND('',#522,.T.);
#291=FACE_OUTER_BOUND('',#523,.T.);
#292=FACE_OUTER_BOUND('',#524,.T.);
#293=FACE_OUTER_BOUND('',#525,.T.);
#294=FACE_OUTER_BOUND('',#526,.T.);
#295=FACE_OUTER_BOUND('',#527,.T.);
#296=FACE_OUTER_BOUND('',#528,.T.);
#297=FACE_OUTER_BOUND('',#529,.T.);
#298=FACE_OUTER_BOUND('',#530,.T.);
#299=FACE_OUTER_BOUND('',#531,.T.);
#300=FACE_OUTER_BOUND('',#532,.T.);
#301=FACE_OUTER_BOUND('',#533,.T.);
#302=FACE_OUTER_BOUND('',#534,.T.);
#303=FACE_OUTER_BOUND('',#535,.T.);
#304=FACE_OUTER_BOUND('',#536,.T.);
#305=FACE_OUTER_BOUND('',#537,.T.);
#306=FACE_OUTER_BOUND('',#538,.T.);
#307=FACE_OUTER_BOUND('',#539,.T.);
#308=FACE_OUTER_BOUND('',#540,.T.);
#309=FACE_OUTER_BOUND('',#541,.T.);
#310=FACE_OUTER_BOUND('',#542,.T.);
#311=FACE_OUTER_BOUND('',#543,.T.);
#312=FACE_OUTER_BOUND('',#544,.T.);
#313=FACE_OUTER_BOUND('',#545,.T.);
#314=FACE_OUTER_BOUND('',#546,.T.);
#315=FACE_OUTER_BOUND('',#547,.T.);
#316=FACE_OUTER_BOUND('',#548,.T.);
#317=FACE_OUTER_BOUND('',#549,.T.);
#318=FACE_OUTER_BOUND('',#550,.T.);
#319=FACE_OUTER_BOUND('',#551,.T.);
#320=FACE_OUTER_BOUND('',#552,.T.);
#321=FACE_OUTER_BOUND('',#562,.T.);
#322=FACE_OUTER_BOUND('',#563,.T.);
#323=FACE_OUTER_BOUND('',#573,.T.);
#324=FACE_OUTER_BOUND('',#574,.T.);
#325=FACE_OUTER_BOUND('',#575,.T.);
#326=FACE_OUTER_BOUND('',#576,.T.);
#327=FACE_OUTER_BOUND('',#577,.T.);
#328=FACE_OUTER_BOUND('',#578,.T.);
#329=FACE_OUTER_BOUND('',#579,.T.);
#330=FACE_OUTER_BOUND('',#580,.T.);
#331=FACE_OUTER_BOUND('',#581,.T.);
#332=FACE_OUTER_BOUND('',#582,.T.);
#333=FACE_OUTER_BOUND('',#583,.T.);
#334=FACE_OUTER_BOUND('',#584,.T.);
#335=FACE_OUTER_BOUND('',#585,.T.);
#336=FACE_OUTER_BOUND('',#586,.T.);
#337=FACE_OUTER_BOUND('',#587,.T.);
#338=FACE_OUTER_BOUND('',#588,.T.);
#339=FACE_OUTER_BOUND('',#589,.T.);
#340=FACE_OUTER_BOUND('',#590,.T.);
#341=FACE_OUTER_BOUND('',#591,.T.);
#342=FACE_OUTER_BOUND('',#592,.T.);
#343=FACE_OUTER_BOUND('',#593,.T.);
#344=FACE_OUTER_BOUND('',#594,.T.);
#345=FACE_OUTER_BOUND('',#595,.T.);
#346=FACE_OUTER_BOUND('',#596,.T.);
#347=FACE_OUTER_BOUND('',#597,.T.);
#348=FACE_OUTER_BOUND('',#598,.T.);
#349=FACE_OUTER_BOUND('',#600,.T.);
#350=FACE_OUTER_BOUND('',#601,.T.);
#351=FACE_OUTER_BOUND('',#602,.T.);
#352=FACE_OUTER_BOUND('',#603,.T.);
#353=FACE_OUTER_BOUND('',#604,.T.);
#354=FACE_OUTER_BOUND('',#605,.T.);
#355=FACE_OUTER_BOUND('',#606,.T.);
#356=FACE_OUTER_BOUND('',#608,.T.);
#357=FACE_OUTER_BOUND('',#609,.T.);
#358=FACE_OUTER_BOUND('',#610,.T.);
#359=FACE_OUTER_BOUND('',#611,.T.);
#360=FACE_OUTER_BOUND('',#612,.T.);
#361=FACE_OUTER_BOUND('',#613,.T.);
#362=FACE_OUTER_BOUND('',#614,.T.);
#363=FACE_OUTER_BOUND('',#616,.T.);
#364=FACE_OUTER_BOUND('',#617,.T.);
#365=FACE_OUTER_BOUND('',#618,.T.);
#366=FACE_OUTER_BOUND('',#619,.T.);
#367=FACE_OUTER_BOUND('',#620,.T.);
#368=FACE_OUTER_BOUND('',#621,.T.);
#369=FACE_OUTER_BOUND('',#622,.T.);
#370=FACE_OUTER_BOUND('',#624,.T.);
#371=FACE_OUTER_BOUND('',#625,.T.);
#372=FACE_OUTER_BOUND('',#626,.T.);
#373=FACE_OUTER_BOUND('',#627,.T.);
#374=FACE_OUTER_BOUND('',#628,.T.);
#375=FACE_OUTER_BOUND('',#629,.T.);
#376=FACE_OUTER_BOUND('',#630,.T.);
#377=FACE_OUTER_BOUND('',#632,.T.);
#378=FACE_OUTER_BOUND('',#633,.T.);
#379=FACE_OUTER_BOUND('',#634,.T.);
#380=FACE_OUTER_BOUND('',#635,.T.);
#381=FACE_OUTER_BOUND('',#636,.T.);
#382=FACE_OUTER_BOUND('',#637,.T.);
#383=FACE_OUTER_BOUND('',#638,.T.);
#384=FACE_OUTER_BOUND('',#640,.T.);
#385=FACE_OUTER_BOUND('',#641,.T.);
#386=FACE_OUTER_BOUND('',#642,.T.);
#387=FACE_OUTER_BOUND('',#643,.T.);
#388=FACE_OUTER_BOUND('',#644,.T.);
#389=FACE_OUTER_BOUND('',#645,.T.);
#390=FACE_OUTER_BOUND('',#646,.T.);
#391=FACE_OUTER_BOUND('',#648,.T.);
#392=FACE_OUTER_BOUND('',#649,.T.);
#393=FACE_OUTER_BOUND('',#650,.T.);
#394=FACE_OUTER_BOUND('',#651,.T.);
#395=FACE_OUTER_BOUND('',#652,.T.);
#396=FACE_OUTER_BOUND('',#653,.T.);
#397=FACE_OUTER_BOUND('',#654,.T.);
#398=FACE_OUTER_BOUND('',#656,.T.);
#399=FACE_OUTER_BOUND('',#657,.T.);
#400=FACE_OUTER_BOUND('',#658,.T.);
#401=FACE_OUTER_BOUND('',#659,.T.);
#402=FACE_OUTER_BOUND('',#660,.T.);
#403=FACE_OUTER_BOUND('',#661,.T.);
#404=FACE_OUTER_BOUND('',#662,.T.);
#405=FACE_OUTER_BOUND('',#664,.T.);
#406=FACE_OUTER_BOUND('',#665,.T.);
#407=FACE_OUTER_BOUND('',#666,.T.);
#408=FACE_OUTER_BOUND('',#667,.T.);
#409=FACE_OUTER_BOUND('',#668,.T.);
#410=FACE_OUTER_BOUND('',#669,.T.);
#411=FACE_OUTER_BOUND('',#670,.T.);
#412=FACE_OUTER_BOUND('',#672,.T.);
#413=FACE_OUTER_BOUND('',#673,.T.);
#414=FACE_OUTER_BOUND('',#674,.T.);
#415=FACE_OUTER_BOUND('',#675,.T.);
#416=FACE_OUTER_BOUND('',#676,.T.);
#417=FACE_OUTER_BOUND('',#677,.T.);
#418=FACE_OUTER_BOUND('',#678,.T.);
#419=FACE_OUTER_BOUND('',#680,.T.);
#420=FACE_OUTER_BOUND('',#681,.T.);
#421=FACE_OUTER_BOUND('',#682,.T.);
#422=FACE_OUTER_BOUND('',#683,.T.);
#423=FACE_OUTER_BOUND('',#684,.T.);
#424=FACE_OUTER_BOUND('',#685,.T.);
#425=FACE_OUTER_BOUND('',#686,.T.);
#426=FACE_OUTER_BOUND('',#688,.T.);
#427=FACE_OUTER_BOUND('',#689,.T.);
#428=FACE_OUTER_BOUND('',#690,.T.);
#429=FACE_OUTER_BOUND('',#691,.T.);
#430=FACE_OUTER_BOUND('',#692,.T.);
#431=FACE_OUTER_BOUND('',#693,.T.);
#432=FACE_OUTER_BOUND('',#694,.T.);
#433=FACE_OUTER_BOUND('',#696,.T.);
#434=FACE_OUTER_BOUND('',#697,.T.);
#435=FACE_OUTER_BOUND('',#698,.T.);
#436=FACE_OUTER_BOUND('',#699,.T.);
#437=FACE_OUTER_BOUND('',#700,.T.);
#438=FACE_OUTER_BOUND('',#701,.T.);
#439=FACE_OUTER_BOUND('',#702,.T.);
#440=FACE_OUTER_BOUND('',#704,.T.);
#441=FACE_OUTER_BOUND('',#705,.T.);
#442=FACE_OUTER_BOUND('',#706,.T.);
#443=FACE_OUTER_BOUND('',#707,.T.);
#444=FACE_OUTER_BOUND('',#708,.T.);
#445=FACE_OUTER_BOUND('',#709,.T.);
#446=FACE_OUTER_BOUND('',#710,.T.);
#447=FACE_OUTER_BOUND('',#711,.T.);
#448=FACE_OUTER_BOUND('',#712,.T.);
#449=FACE_OUTER_BOUND('',#713,.T.);
#450=FACE_OUTER_BOUND('',#714,.T.);
#451=FACE_OUTER_BOUND('',#715,.T.);
#452=FACE_OUTER_BOUND('',#716,.T.);
#453=FACE_OUTER_BOUND('',#717,.T.);
#454=FACE_OUTER_BOUND('',#718,.T.);
#455=FACE_OUTER_BOUND('',#719,.T.);
#456=FACE_OUTER_BOUND('',#720,.T.);
#457=FACE_OUTER_BOUND('',#721,.T.);
#458=FACE_OUTER_BOUND('',#722,.T.);
#459=FACE_OUTER_BOUND('',#723,.T.);
#460=FACE_OUTER_BOUND('',#726,.T.);
#461=FACE_OUTER_BOUND('',#729,.T.);
#462=FACE_OUTER_BOUND('',#730,.T.);
#463=FACE_OUTER_BOUND('',#731,.T.);
#464=FACE_OUTER_BOUND('',#732,.T.);
#465=EDGE_LOOP('',(#2675,#2676,#2677,#2678));
#466=EDGE_LOOP('',(#2679,#2680,#2681,#2682));
#467=EDGE_LOOP('',(#2683,#2684,#2685,#2686,#2687,#2688));
#468=EDGE_LOOP('',(#2689,#2690,#2691,#2692,#2693,#2694));
#469=EDGE_LOOP('',(#2695,#2696,#2697,#2698,#2699,#2700));
#470=EDGE_LOOP('',(#2701,#2702,#2703,#2704,#2705,#2706));
#471=EDGE_LOOP('',(#2707,#2708,#2709,#2710,#2711,#2712));
#472=EDGE_LOOP('',(#2713,#2714,#2715,#2716,#2717,#2718));
#473=EDGE_LOOP('',(#2719,#2720,#2721,#2722,#2723,#2724));
#474=EDGE_LOOP('',(#2725,#2726,#2727,#2728));
#475=EDGE_LOOP('',(#2729,#2730,#2731,#2732,#2733,#2734,#2735,#2736,#2737,
#2738));
#476=EDGE_LOOP('',(#2739,#2740,#2741,#2742));
#477=EDGE_LOOP('',(#2743,#2744,#2745,#2746,#2747,#2748,#2749,#2750,#2751,
#2752));
#478=EDGE_LOOP('',(#2753,#2754,#2755,#2756));
#479=EDGE_LOOP('',(#2757,#2758,#2759,#2760));
#480=EDGE_LOOP('',(#2761,#2762,#2763,#2764,#2765,#2766));
#481=EDGE_LOOP('',(#2767,#2768,#2769,#2770,#2771,#2772));
#482=EDGE_LOOP('',(#2773,#2774,#2775,#2776,#2777,#2778));
#483=EDGE_LOOP('',(#2779,#2780,#2781,#2782,#2783,#2784));
#484=EDGE_LOOP('',(#2785,#2786,#2787,#2788,#2789,#2790));
#485=EDGE_LOOP('',(#2791,#2792,#2793,#2794,#2795,#2796));
#486=EDGE_LOOP('',(#2797,#2798,#2799,#2800,#2801,#2802));
#487=EDGE_LOOP('',(#2803,#2804,#2805,#2806));
#488=EDGE_LOOP('',(#2807,#2808,#2809,#2810));
#489=EDGE_LOOP('',(#2811,#2812,#2813,#2814,#2815,#2816,#2817,#2818,#2819,
#2820,#2821,#2822,#2823,#2824,#2825,#2826,#2827,#2828,#2829,#2830,#2831,
#2832,#2833,#2834));
#490=EDGE_LOOP('',(#2835,#2836,#2837,#2838));
#491=EDGE_LOOP('',(#2839,#2840,#2841,#2842));
#492=EDGE_LOOP('',(#2843,#2844,#2845,#2846,#2847));
#493=EDGE_LOOP('',(#2848,#2849,#2850,#2851));
#494=EDGE_LOOP('',(#2852,#2853,#2854,#2855));
#495=EDGE_LOOP('',(#2856,#2857,#2858,#2859,#2860,#2861,#2862,#2863,#2864,
#2865,#2866,#2867,#2868,#2869,#2870,#2871,#2872,#2873,#2874,#2875,#2876,
#2877,#2878,#2879));
#496=EDGE_LOOP('',(#2880,#2881,#2882,#2883));
#497=EDGE_LOOP('',(#2884,#2885,#2886));
#498=EDGE_LOOP('',(#2887,#2888,#2889,#2890));
#499=EDGE_LOOP('',(#2891,#2892,#2893,#2894));
#500=EDGE_LOOP('',(#2895,#2896,#2897,#2898,#2899));
#501=EDGE_LOOP('',(#2900,#2901,#2902,#2903));
#502=EDGE_LOOP('',(#2904,#2905,#2906,#2907));
#503=EDGE_LOOP('',(#2908,#2909,#2910));
#504=EDGE_LOOP('',(#2911,#2912,#2913,#2914));
#505=EDGE_LOOP('',(#2915,#2916,#2917,#2918));
#506=EDGE_LOOP('',(#2919,#2920,#2921,#2922,#2923,#2924,#2925,#2926));
#507=EDGE_LOOP('',(#2927,#2928,#2929,#2930));
#508=EDGE_LOOP('',(#2931,#2932,#2933,#2934));
#509=EDGE_LOOP('',(#2935,#2936,#2937,#2938,#2939));
#510=EDGE_LOOP('',(#2940,#2941,#2942,#2943));
#511=EDGE_LOOP('',(#2944,#2945,#2946,#2947));
#512=EDGE_LOOP('',(#2948,#2949,#2950,#2951,#2952));
#513=EDGE_LOOP('',(#2953,#2954,#2955,#2956));
#514=EDGE_LOOP('',(#2957,#2958,#2959));
#515=EDGE_LOOP('',(#2960,#2961,#2962,#2963));
#516=EDGE_LOOP('',(#2964,#2965,#2966,#2967));
#517=EDGE_LOOP('',(#2968,#2969,#2970,#2971,#2972));
#518=EDGE_LOOP('',(#2973,#2974,#2975,#2976,#2977));
#519=EDGE_LOOP('',(#2978,#2979,#2980,#2981));
#520=EDGE_LOOP('',(#2982,#2983,#2984));
#521=EDGE_LOOP('',(#2985,#2986,#2987,#2988));
#522=EDGE_LOOP('',(#2989,#2990,#2991,#2992));
#523=EDGE_LOOP('',(#2993,#2994,#2995,#2996,#2997));
#524=EDGE_LOOP('',(#2998,#2999,#3000,#3001));
#525=EDGE_LOOP('',(#3002,#3003,#3004,#3005));
#526=EDGE_LOOP('',(#3006,#3007,#3008));
#527=EDGE_LOOP('',(#3009,#3010,#3011,#3012));
#528=EDGE_LOOP('',(#3013,#3014,#3015,#3016));
#529=EDGE_LOOP('',(#3017,#3018,#3019,#3020,#3021));
#530=EDGE_LOOP('',(#3022,#3023,#3024,#3025));
#531=EDGE_LOOP('',(#3026,#3027,#3028,#3029));
#532=EDGE_LOOP('',(#3030,#3031,#3032));
#533=EDGE_LOOP('',(#3033,#3034,#3035,#3036));
#534=EDGE_LOOP('',(#3037,#3038,#3039,#3040));
#535=EDGE_LOOP('',(#3041,#3042,#3043,#3044,#3045));
#536=EDGE_LOOP('',(#3046,#3047,#3048,#3049,#3050));
#537=EDGE_LOOP('',(#3051,#3052,#3053,#3054));
#538=EDGE_LOOP('',(#3055,#3056,#3057));
#539=EDGE_LOOP('',(#3058,#3059,#3060,#3061));
#540=EDGE_LOOP('',(#3062,#3063,#3064,#3065));
#541=EDGE_LOOP('',(#3066,#3067,#3068,#3069,#3070));
#542=EDGE_LOOP('',(#3071,#3072,#3073,#3074));
#543=EDGE_LOOP('',(#3075,#3076,#3077,#3078));
#544=EDGE_LOOP('',(#3079,#3080,#3081));
#545=EDGE_LOOP('',(#3082,#3083,#3084,#3085));
#546=EDGE_LOOP('',(#3086,#3087,#3088,#3089));
#547=EDGE_LOOP('',(#3090,#3091,#3092,#3093));
#548=EDGE_LOOP('',(#3094,#3095,#3096,#3097));
#549=EDGE_LOOP('',(#3098,#3099,#3100,#3101,#3102));
#550=EDGE_LOOP('',(#3103,#3104,#3105,#3106,#3107));
#551=EDGE_LOOP('',(#3108,#3109,#3110,#3111));
#552=EDGE_LOOP('',(#3112,#3113,#3114,#3115,#3116,#3117,#3118,#3119,#3120,
#3121,#3122,#3123,#3124,#3125));
#553=EDGE_LOOP('',(#3126));
#554=EDGE_LOOP('',(#3127));
#555=EDGE_LOOP('',(#3128));
#556=EDGE_LOOP('',(#3129));
#557=EDGE_LOOP('',(#3130));
#558=EDGE_LOOP('',(#3131));
#559=EDGE_LOOP('',(#3132));
#560=EDGE_LOOP('',(#3133));
#561=EDGE_LOOP('',(#3134));
#562=EDGE_LOOP('',(#3135,#3136,#3137,#3138,#3139));
#563=EDGE_LOOP('',(#3140,#3141,#3142,#3143,#3144,#3145,#3146,#3147,#3148,
#3149,#3150,#3151));
#564=EDGE_LOOP('',(#3152));
#565=EDGE_LOOP('',(#3153));
#566=EDGE_LOOP('',(#3154));
#567=EDGE_LOOP('',(#3155));
#568=EDGE_LOOP('',(#3156));
#569=EDGE_LOOP('',(#3157));
#570=EDGE_LOOP('',(#3158));
#571=EDGE_LOOP('',(#3159));
#572=EDGE_LOOP('',(#3160));
#573=EDGE_LOOP('',(#3161,#3162,#3163,#3164));
#574=EDGE_LOOP('',(#3165,#3166,#3167,#3168));
#575=EDGE_LOOP('',(#3169,#3170,#3171,#3172));
#576=EDGE_LOOP('',(#3173,#3174,#3175,#3176,#3177,#3178,#3179,#3180,#3181,
#3182,#3183,#3184,#3185,#3186,#3187,#3188));
#577=EDGE_LOOP('',(#3189,#3190,#3191,#3192,#3193));
#578=EDGE_LOOP('',(#3194,#3195,#3196,#3197,#3198));
#579=EDGE_LOOP('',(#3199,#3200,#3201,#3202));
#580=EDGE_LOOP('',(#3203,#3204,#3205,#3206));
#581=EDGE_LOOP('',(#3207,#3208,#3209,#3210,#3211,#3212,#3213,#3214,#3215,
#3216,#3217,#3218,#3219,#3220,#3221,#3222));
#582=EDGE_LOOP('',(#3223,#3224,#3225,#3226));
#583=EDGE_LOOP('',(#3227,#3228,#3229,#3230));
#584=EDGE_LOOP('',(#3231,#3232,#3233,#3234));
#585=EDGE_LOOP('',(#3235,#3236,#3237,#3238,#3239));
#586=EDGE_LOOP('',(#3240,#3241,#3242,#3243));
#587=EDGE_LOOP('',(#3244,#3245,#3246,#3247,#3248));
#588=EDGE_LOOP('',(#3249,#3250,#3251,#3252));
#589=EDGE_LOOP('',(#3253,#3254,#3255,#3256,#3257));
#590=EDGE_LOOP('',(#3258,#3259,#3260,#3261));
#591=EDGE_LOOP('',(#3262,#3263,#3264,#3265,#3266));
#592=EDGE_LOOP('',(#3267,#3268,#3269,#3270));
#593=EDGE_LOOP('',(#3271,#3272,#3273,#3274));
#594=EDGE_LOOP('',(#3275,#3276,#3277,#3278));
#595=EDGE_LOOP('',(#3279,#3280,#3281,#3282));
#596=EDGE_LOOP('',(#3283,#3284,#3285,#3286));
#597=EDGE_LOOP('',(#3287,#3288,#3289,#3290));
#598=EDGE_LOOP('',(#3291,#3292,#3293,#3294,#3295,#3296));
#599=EDGE_LOOP('',(#3297));
#600=EDGE_LOOP('',(#3298,#3299,#3300,#3301));
#601=EDGE_LOOP('',(#3302,#3303,#3304,#3305));
#602=EDGE_LOOP('',(#3306,#3307,#3308,#3309));
#603=EDGE_LOOP('',(#3310,#3311,#3312,#3313));
#604=EDGE_LOOP('',(#3314,#3315,#3316,#3317));
#605=EDGE_LOOP('',(#3318,#3319,#3320,#3321));
#606=EDGE_LOOP('',(#3322,#3323,#3324,#3325,#3326,#3327));
#607=EDGE_LOOP('',(#3328));
#608=EDGE_LOOP('',(#3329,#3330,#3331,#3332));
#609=EDGE_LOOP('',(#3333,#3334,#3335,#3336));
#610=EDGE_LOOP('',(#3337,#3338,#3339,#3340));
#611=EDGE_LOOP('',(#3341,#3342,#3343,#3344));
#612=EDGE_LOOP('',(#3345,#3346,#3347,#3348));
#613=EDGE_LOOP('',(#3349,#3350,#3351,#3352));
#614=EDGE_LOOP('',(#3353,#3354,#3355,#3356,#3357,#3358));
#615=EDGE_LOOP('',(#3359));
#616=EDGE_LOOP('',(#3360,#3361,#3362,#3363));
#617=EDGE_LOOP('',(#3364,#3365,#3366,#3367));
#618=EDGE_LOOP('',(#3368,#3369,#3370,#3371));
#619=EDGE_LOOP('',(#3372,#3373,#3374,#3375));
#620=EDGE_LOOP('',(#3376,#3377,#3378,#3379));
#621=EDGE_LOOP('',(#3380,#3381,#3382,#3383));
#622=EDGE_LOOP('',(#3384,#3385,#3386,#3387,#3388,#3389));
#623=EDGE_LOOP('',(#3390));
#624=EDGE_LOOP('',(#3391,#3392,#3393,#3394));
#625=EDGE_LOOP('',(#3395,#3396,#3397,#3398));
#626=EDGE_LOOP('',(#3399,#3400,#3401,#3402));
#627=EDGE_LOOP('',(#3403,#3404,#3405,#3406));
#628=EDGE_LOOP('',(#3407,#3408,#3409,#3410));
#629=EDGE_LOOP('',(#3411,#3412,#3413,#3414));
#630=EDGE_LOOP('',(#3415,#3416,#3417,#3418,#3419,#3420));
#631=EDGE_LOOP('',(#3421));
#632=EDGE_LOOP('',(#3422,#3423,#3424,#3425));
#633=EDGE_LOOP('',(#3426,#3427,#3428,#3429));
#634=EDGE_LOOP('',(#3430,#3431,#3432,#3433));
#635=EDGE_LOOP('',(#3434,#3435,#3436,#3437));
#636=EDGE_LOOP('',(#3438,#3439,#3440,#3441));
#637=EDGE_LOOP('',(#3442,#3443,#3444,#3445));
#638=EDGE_LOOP('',(#3446,#3447,#3448,#3449,#3450,#3451));
#639=EDGE_LOOP('',(#3452));
#640=EDGE_LOOP('',(#3453,#3454,#3455,#3456));
#641=EDGE_LOOP('',(#3457,#3458,#3459,#3460));
#642=EDGE_LOOP('',(#3461,#3462,#3463,#3464));
#643=EDGE_LOOP('',(#3465,#3466,#3467,#3468));
#644=EDGE_LOOP('',(#3469,#3470,#3471,#3472));
#645=EDGE_LOOP('',(#3473,#3474,#3475,#3476));
#646=EDGE_LOOP('',(#3477,#3478,#3479,#3480,#3481,#3482));
#647=EDGE_LOOP('',(#3483));
#648=EDGE_LOOP('',(#3484,#3485,#3486,#3487));
#649=EDGE_LOOP('',(#3488,#3489,#3490,#3491));
#650=EDGE_LOOP('',(#3492,#3493,#3494,#3495));
#651=EDGE_LOOP('',(#3496,#3497,#3498,#3499));
#652=EDGE_LOOP('',(#3500,#3501,#3502,#3503));
#653=EDGE_LOOP('',(#3504,#3505,#3506,#3507));
#654=EDGE_LOOP('',(#3508,#3509,#3510,#3511,#3512,#3513));
#655=EDGE_LOOP('',(#3514));
#656=EDGE_LOOP('',(#3515,#3516,#3517,#3518));
#657=EDGE_LOOP('',(#3519,#3520,#3521,#3522));
#658=EDGE_LOOP('',(#3523,#3524,#3525,#3526));
#659=EDGE_LOOP('',(#3527,#3528,#3529,#3530));
#660=EDGE_LOOP('',(#3531,#3532,#3533,#3534));
#661=EDGE_LOOP('',(#3535,#3536,#3537,#3538));
#662=EDGE_LOOP('',(#3539,#3540,#3541,#3542,#3543,#3544));
#663=EDGE_LOOP('',(#3545));
#664=EDGE_LOOP('',(#3546,#3547,#3548,#3549));
#665=EDGE_LOOP('',(#3550,#3551,#3552,#3553));
#666=EDGE_LOOP('',(#3554,#3555,#3556,#3557));
#667=EDGE_LOOP('',(#3558,#3559,#3560,#3561));
#668=EDGE_LOOP('',(#3562,#3563,#3564,#3565));
#669=EDGE_LOOP('',(#3566,#3567,#3568,#3569));
#670=EDGE_LOOP('',(#3570,#3571,#3572,#3573,#3574,#3575));
#671=EDGE_LOOP('',(#3576));
#672=EDGE_LOOP('',(#3577,#3578,#3579,#3580));
#673=EDGE_LOOP('',(#3581,#3582,#3583,#3584));
#674=EDGE_LOOP('',(#3585,#3586,#3587,#3588));
#675=EDGE_LOOP('',(#3589,#3590,#3591,#3592));
#676=EDGE_LOOP('',(#3593,#3594,#3595,#3596));
#677=EDGE_LOOP('',(#3597,#3598,#3599,#3600));
#678=EDGE_LOOP('',(#3601,#3602,#3603,#3604,#3605,#3606));
#679=EDGE_LOOP('',(#3607));
#680=EDGE_LOOP('',(#3608,#3609,#3610,#3611));
#681=EDGE_LOOP('',(#3612,#3613,#3614,#3615));
#682=EDGE_LOOP('',(#3616,#3617,#3618,#3619));
#683=EDGE_LOOP('',(#3620,#3621,#3622,#3623));
#684=EDGE_LOOP('',(#3624,#3625,#3626,#3627));
#685=EDGE_LOOP('',(#3628,#3629,#3630,#3631));
#686=EDGE_LOOP('',(#3632,#3633,#3634,#3635,#3636,#3637));
#687=EDGE_LOOP('',(#3638));
#688=EDGE_LOOP('',(#3639,#3640,#3641,#3642));
#689=EDGE_LOOP('',(#3643,#3644,#3645,#3646));
#690=EDGE_LOOP('',(#3647,#3648,#3649,#3650));
#691=EDGE_LOOP('',(#3651,#3652,#3653,#3654));
#692=EDGE_LOOP('',(#3655,#3656,#3657,#3658));
#693=EDGE_LOOP('',(#3659,#3660,#3661,#3662));
#694=EDGE_LOOP('',(#3663,#3664,#3665,#3666,#3667,#3668));
#695=EDGE_LOOP('',(#3669));
#696=EDGE_LOOP('',(#3670,#3671,#3672,#3673));
#697=EDGE_LOOP('',(#3674,#3675,#3676,#3677));
#698=EDGE_LOOP('',(#3678,#3679,#3680,#3681));
#699=EDGE_LOOP('',(#3682,#3683,#3684,#3685));
#700=EDGE_LOOP('',(#3686,#3687,#3688,#3689));
#701=EDGE_LOOP('',(#3690,#3691,#3692,#3693));
#702=EDGE_LOOP('',(#3694,#3695,#3696,#3697,#3698,#3699));
#703=EDGE_LOOP('',(#3700));
#704=EDGE_LOOP('',(#3701,#3702,#3703,#3704));
#705=EDGE_LOOP('',(#3705,#3706,#3707,#3708));
#706=EDGE_LOOP('',(#3709,#3710,#3711,#3712));
#707=EDGE_LOOP('',(#3713,#3714,#3715,#3716));
#708=EDGE_LOOP('',(#3717,#3718,#3719,#3720));
#709=EDGE_LOOP('',(#3721,#3722,#3723,#3724));
#710=EDGE_LOOP('',(#3725,#3726,#3727,#3728));
#711=EDGE_LOOP('',(#3729,#3730,#3731,#3732));
#712=EDGE_LOOP('',(#3733,#3734,#3735,#3736));
#713=EDGE_LOOP('',(#3737,#3738,#3739,#3740));
#714=EDGE_LOOP('',(#3741,#3742,#3743,#3744));
#715=EDGE_LOOP('',(#3745,#3746,#3747,#3748));
#716=EDGE_LOOP('',(#3749,#3750,#3751,#3752));
#717=EDGE_LOOP('',(#3753,#3754,#3755,#3756));
#718=EDGE_LOOP('',(#3757,#3758,#3759,#3760));
#719=EDGE_LOOP('',(#3761,#3762,#3763,#3764));
#720=EDGE_LOOP('',(#3765,#3766,#3767,#3768));
#721=EDGE_LOOP('',(#3769,#3770,#3771,#3772));
#722=EDGE_LOOP('',(#3773,#3774,#3775,#3776,#3777,#3778,#3779,#3780));
#723=EDGE_LOOP('',(#3781,#3782,#3783,#3784,#3785));
#724=EDGE_LOOP('',(#3786));
#725=EDGE_LOOP('',(#3787));
#726=EDGE_LOOP('',(#3788,#3789,#3790,#3791,#3792));
#727=EDGE_LOOP('',(#3793));
#728=EDGE_LOOP('',(#3794));
#729=EDGE_LOOP('',(#3795,#3796,#3797,#3798,#3799,#3800,#3801,#3802,#3803,
#3804,#3805,#3806,#3807,#3808,#3809,#3810));
#730=EDGE_LOOP('',(#3811,#3812,#3813,#3814));
#731=EDGE_LOOP('',(#3815,#3816,#3817,#3818));
#732=EDGE_LOOP('',(#3819,#3820,#3821,#3822,#3823,#3824,#3825,#3826,#3827,
#3828,#3829,#3830,#3831,#3832,#3833,#3834));
#733=LINE('',#5590,#1167);
#734=LINE('',#5593,#1168);
#735=LINE('',#5596,#1169);
#736=LINE('',#5598,#1170);
#737=LINE('',#5599,#1171);
#738=LINE('',#5602,#1172);
#739=LINE('',#5604,#1173);
#740=LINE('',#5606,#1174);
#741=LINE('',#5608,#1175);
#742=LINE('',#5610,#1176);
#743=LINE('',#5611,#1177);
#744=LINE('',#5614,#1178);
#745=LINE('',#5616,#1179);
#746=LINE('',#5618,#1180);
#747=LINE('',#5620,#1181);
#748=LINE('',#5622,#1182);
#749=LINE('',#5623,#1183);
#750=LINE('',#5626,#1184);
#751=LINE('',#5628,#1185);
#752=LINE('',#5630,#1186);
#753=LINE('',#5632,#1187);
#754=LINE('',#5634,#1188);
#755=LINE('',#5635,#1189);
#756=LINE('',#5638,#1190);
#757=LINE('',#5640,#1191);
#758=LINE('',#5642,#1192);
#759=LINE('',#5644,#1193);
#760=LINE('',#5646,#1194);
#761=LINE('',#5647,#1195);
#762=LINE('',#5650,#1196);
#763=LINE('',#5652,#1197);
#764=LINE('',#5654,#1198);
#765=LINE('',#5656,#1199);
#766=LINE('',#5658,#1200);
#767=LINE('',#5659,#1201);
#768=LINE('',#5662,#1202);
#769=LINE('',#5664,#1203);
#770=LINE('',#5666,#1204);
#771=LINE('',#5668,#1205);
#772=LINE('',#5670,#1206);
#773=LINE('',#5671,#1207);
#774=LINE('',#5674,#1208);
#775=LINE('',#5676,#1209);
#776=LINE('',#5678,#1210);
#777=LINE('',#5680,#1211);
#778=LINE('',#5682,#1212);
#779=LINE('',#5683,#1213);
#780=LINE('',#5689,#1214);
#781=LINE('',#5692,#1215);
#782=LINE('',#5695,#1216);
#783=LINE('',#5697,#1217);
#784=LINE('',#5698,#1218);
#785=LINE('',#5700,#1219);
#786=LINE('',#5704,#1220);
#787=LINE('',#5707,#1221);
#788=LINE('',#5712,#1222);
#789=LINE('',#5716,#1223);
#790=LINE('',#5720,#1224);
#791=LINE('',#5724,#1225);
#792=LINE('',#5726,#1226);
#793=LINE('',#5728,#1227);
#794=LINE('',#5730,#1228);
#795=LINE('',#5731,#1229);
#796=LINE('',#5736,#1230);
#797=LINE('',#5739,#1231);
#798=LINE('',#5740,#1232);
#799=LINE('',#5743,#1233);
#800=LINE('',#5745,#1234);
#801=LINE('',#5747,#1235);
#802=LINE('',#5749,#1236);
#803=LINE('',#5751,#1237);
#804=LINE('',#5752,#1238);
#805=LINE('',#5755,#1239);
#806=LINE('',#5757,#1240);
#807=LINE('',#5759,#1241);
#808=LINE('',#5761,#1242);
#809=LINE('',#5763,#1243);
#810=LINE('',#5764,#1244);
#811=LINE('',#5767,#1245);
#812=LINE('',#5769,#1246);
#813=LINE('',#5771,#1247);
#814=LINE('',#5773,#1248);
#815=LINE('',#5775,#1249);
#816=LINE('',#5776,#1250);
#817=LINE('',#5779,#1251);
#818=LINE('',#5781,#1252);
#819=LINE('',#5783,#1253);
#820=LINE('',#5785,#1254);
#821=LINE('',#5787,#1255);
#822=LINE('',#5788,#1256);
#823=LINE('',#5791,#1257);
#824=LINE('',#5793,#1258);
#825=LINE('',#5795,#1259);
#826=LINE('',#5797,#1260);
#827=LINE('',#5799,#1261);
#828=LINE('',#5800,#1262);
#829=LINE('',#5803,#1263);
#830=LINE('',#5805,#1264);
#831=LINE('',#5807,#1265);
#832=LINE('',#5809,#1266);
#833=LINE('',#5811,#1267);
#834=LINE('',#5812,#1268);
#835=LINE('',#5815,#1269);
#836=LINE('',#5817,#1270);
#837=LINE('',#5819,#1271);
#838=LINE('',#5821,#1272);
#839=LINE('',#5823,#1273);
#840=LINE('',#5824,#1274);
#841=LINE('',#5830,#1275);
#842=LINE('',#5833,#1276);
#843=LINE('',#5836,#1277);
#844=LINE('',#5838,#1278);
#845=LINE('',#5839,#1279);
#846=LINE('',#5842,#1280);
#847=LINE('',#5846,#1281);
#848=LINE('',#5850,#1282);
#849=LINE('',#5854,#1283);
#850=LINE('',#5858,#1284);
#851=LINE('',#5862,#1285);
#852=LINE('',#5866,#1286);
#853=LINE('',#5870,#1287);
#854=LINE('',#5872,#1288);
#855=LINE('',#5874,#1289);
#856=LINE('',#5876,#1290);
#857=LINE('',#5878,#1291);
#858=LINE('',#5882,#1292);
#859=LINE('',#5886,#1293);
#860=LINE('',#5889,#1294);
#861=LINE('',#5892,#1295);
#862=LINE('',#5893,#1296);
#863=LINE('',#5896,#1297);
#864=LINE('',#5898,#1298);
#865=LINE('',#5899,#1299);
#866=LINE('',#5905,#1300);
#867=LINE('',#5908,#1301);
#868=LINE('',#5911,#1302);
#869=LINE('',#5913,#1303);
#870=LINE('',#5914,#1304);
#871=LINE('',#5917,#1305);
#872=LINE('',#5921,#1306);
#873=LINE('',#5925,#1307);
#874=LINE('',#5929,#1308);
#875=LINE('',#5933,#1309);
#876=LINE('',#5937,#1310);
#877=LINE('',#5939,#1311);
#878=LINE('',#5941,#1312);
#879=LINE('',#5943,#1313);
#880=LINE('',#5945,#1314);
#881=LINE('',#5949,#1315);
#882=LINE('',#5953,#1316);
#883=LINE('',#5957,#1317);
#884=LINE('',#5961,#1318);
#885=LINE('',#5963,#1319);
#886=LINE('',#6024,#1320);
#887=LINE('',#6025,#1321);
#888=LINE('',#6027,#1322);
#889=LINE('',#6029,#1323);
#890=LINE('',#6033,#1324);
#891=LINE('',#6046,#1325);
#892=LINE('',#6107,#1326);
#893=LINE('',#6108,#1327);
#894=LINE('',#6113,#1328);
#895=LINE('',#6128,#1329);
#896=LINE('',#6131,#1330);
#897=LINE('',#6132,#1331);
#898=LINE('',#6135,#1332);
#899=LINE('',#6136,#1333);
#900=LINE('',#6139,#1334);
#901=LINE('',#6143,#1335);
#902=LINE('',#6146,#1336);
#903=LINE('',#6148,#1337);
#904=LINE('',#6151,#1338);
#905=LINE('',#6152,#1339);
#906=LINE('',#6155,#1340);
#907=LINE('',#6216,#1341);
#908=LINE('',#6217,#1342);
#909=LINE('',#6220,#1343);
#910=LINE('',#6221,#1344);
#911=LINE('',#6224,#1345);
#912=LINE('',#6228,#1346);
#913=LINE('',#6230,#1347);
#914=LINE('',#6291,#1348);
#915=LINE('',#6292,#1349);
#916=LINE('',#6294,#1350);
#917=LINE('',#6296,#1351);
#918=LINE('',#6300,#1352);
#919=LINE('',#6313,#1353);
#920=LINE('',#6374,#1354);
#921=LINE('',#6375,#1355);
#922=LINE('',#6378,#1356);
#923=LINE('',#6379,#1357);
#924=LINE('',#6382,#1358);
#925=LINE('',#6395,#1359);
#926=LINE('',#6456,#1360);
#927=LINE('',#6457,#1361);
#928=LINE('',#6460,#1362);
#929=LINE('',#6461,#1363);
#930=LINE('',#6464,#1364);
#931=LINE('',#6468,#1365);
#932=LINE('',#6528,#1366);
#933=LINE('',#6530,#1367);
#934=LINE('',#6532,#1368);
#935=LINE('',#6535,#1369);
#936=LINE('',#6537,#1370);
#937=LINE('',#6598,#1371);
#938=LINE('',#6599,#1372);
#939=LINE('',#6602,#1373);
#940=LINE('',#6603,#1374);
#941=LINE('',#6606,#1375);
#942=LINE('',#6607,#1376);
#943=LINE('',#6610,#1377);
#944=LINE('',#6614,#1378);
#945=LINE('',#6617,#1379);
#946=LINE('',#6620,#1380);
#947=LINE('',#6621,#1381);
#948=LINE('',#6623,#1382);
#949=LINE('',#6624,#1383);
#950=LINE('',#6626,#1384);
#951=LINE('',#6627,#1385);
#952=LINE('',#6628,#1386);
#953=LINE('',#6651,#1387);
#954=LINE('',#6653,#1388);
#955=LINE('',#6654,#1389);
#956=LINE('',#6656,#1390);
#957=LINE('',#6657,#1391);
#958=LINE('',#6658,#1392);
#959=LINE('',#6678,#1393);
#960=LINE('',#6679,#1394);
#961=LINE('',#6681,#1395);
#962=LINE('',#6683,#1396);
#963=LINE('',#6685,#1397);
#964=LINE('',#6690,#1398);
#965=LINE('',#6694,#1399);
#966=LINE('',#6695,#1400);
#967=LINE('',#6697,#1401);
#968=LINE('',#6698,#1402);
#969=LINE('',#6701,#1403);
#970=LINE('',#6704,#1404);
#971=LINE('',#6707,#1405);
#972=LINE('',#6710,#1406);
#973=LINE('',#6713,#1407);
#974=LINE('',#6717,#1408);
#975=LINE('',#6719,#1409);
#976=LINE('',#6720,#1410);
#977=LINE('',#6723,#1411);
#978=LINE('',#6724,#1412);
#979=LINE('',#6727,#1413);
#980=LINE('',#6728,#1414);
#981=LINE('',#6731,#1415);
#982=LINE('',#6732,#1416);
#983=LINE('',#6735,#1417);
#984=LINE('',#6736,#1418);
#985=LINE('',#6738,#1419);
#986=LINE('',#6744,#1420);
#987=LINE('',#6746,#1421);
#988=LINE('',#6747,#1422);
#989=LINE('',#6750,#1423);
#990=LINE('',#6751,#1424);
#991=LINE('',#6754,#1425);
#992=LINE('',#6755,#1426);
#993=LINE('',#6758,#1427);
#994=LINE('',#6759,#1428);
#995=LINE('',#6762,#1429);
#996=LINE('',#6763,#1430);
#997=LINE('',#6765,#1431);
#998=LINE('',#6771,#1432);
#999=LINE('',#6773,#1433);
#1000=LINE('',#6774,#1434);
#1001=LINE('',#6777,#1435);
#1002=LINE('',#6778,#1436);
#1003=LINE('',#6781,#1437);
#1004=LINE('',#6782,#1438);
#1005=LINE('',#6785,#1439);
#1006=LINE('',#6786,#1440);
#1007=LINE('',#6789,#1441);
#1008=LINE('',#6790,#1442);
#1009=LINE('',#6792,#1443);
#1010=LINE('',#6798,#1444);
#1011=LINE('',#6800,#1445);
#1012=LINE('',#6801,#1446);
#1013=LINE('',#6804,#1447);
#1014=LINE('',#6805,#1448);
#1015=LINE('',#6808,#1449);
#1016=LINE('',#6809,#1450);
#1017=LINE('',#6812,#1451);
#1018=LINE('',#6813,#1452);
#1019=LINE('',#6816,#1453);
#1020=LINE('',#6817,#1454);
#1021=LINE('',#6819,#1455);
#1022=LINE('',#6825,#1456);
#1023=LINE('',#6827,#1457);
#1024=LINE('',#6828,#1458);
#1025=LINE('',#6831,#1459);
#1026=LINE('',#6832,#1460);
#1027=LINE('',#6835,#1461);
#1028=LINE('',#6836,#1462);
#1029=LINE('',#6839,#1463);
#1030=LINE('',#6840,#1464);
#1031=LINE('',#6843,#1465);
#1032=LINE('',#6844,#1466);
#1033=LINE('',#6846,#1467);
#1034=LINE('',#6852,#1468);
#1035=LINE('',#6854,#1469);
#1036=LINE('',#6855,#1470);
#1037=LINE('',#6858,#1471);
#1038=LINE('',#6859,#1472);
#1039=LINE('',#6862,#1473);
#1040=LINE('',#6863,#1474);
#1041=LINE('',#6866,#1475);
#1042=LINE('',#6867,#1476);
#1043=LINE('',#6870,#1477);
#1044=LINE('',#6871,#1478);
#1045=LINE('',#6873,#1479);
#1046=LINE('',#6879,#1480);
#1047=LINE('',#6881,#1481);
#1048=LINE('',#6882,#1482);
#1049=LINE('',#6885,#1483);
#1050=LINE('',#6886,#1484);
#1051=LINE('',#6889,#1485);
#1052=LINE('',#6890,#1486);
#1053=LINE('',#6893,#1487);
#1054=LINE('',#6894,#1488);
#1055=LINE('',#6897,#1489);
#1056=LINE('',#6898,#1490);
#1057=LINE('',#6900,#1491);
#1058=LINE('',#6906,#1492);
#1059=LINE('',#6908,#1493);
#1060=LINE('',#6909,#1494);
#1061=LINE('',#6912,#1495);
#1062=LINE('',#6913,#1496);
#1063=LINE('',#6916,#1497);
#1064=LINE('',#6917,#1498);
#1065=LINE('',#6920,#1499);
#1066=LINE('',#6921,#1500);
#1067=LINE('',#6924,#1501);
#1068=LINE('',#6925,#1502);
#1069=LINE('',#6927,#1503);
#1070=LINE('',#6933,#1504);
#1071=LINE('',#6935,#1505);
#1072=LINE('',#6936,#1506);
#1073=LINE('',#6939,#1507);
#1074=LINE('',#6940,#1508);
#1075=LINE('',#6943,#1509);
#1076=LINE('',#6944,#1510);
#1077=LINE('',#6947,#1511);
#1078=LINE('',#6948,#1512);
#1079=LINE('',#6951,#1513);
#1080=LINE('',#6952,#1514);
#1081=LINE('',#6954,#1515);
#1082=LINE('',#6960,#1516);
#1083=LINE('',#6962,#1517);
#1084=LINE('',#6963,#1518);
#1085=LINE('',#6966,#1519);
#1086=LINE('',#6967,#1520);
#1087=LINE('',#6970,#1521);
#1088=LINE('',#6971,#1522);
#1089=LINE('',#6974,#1523);
#1090=LINE('',#6975,#1524);
#1091=LINE('',#6978,#1525);
#1092=LINE('',#6979,#1526);
#1093=LINE('',#6981,#1527);
#1094=LINE('',#6987,#1528);
#1095=LINE('',#6989,#1529);
#1096=LINE('',#6990,#1530);
#1097=LINE('',#6993,#1531);
#1098=LINE('',#6994,#1532);
#1099=LINE('',#6997,#1533);
#1100=LINE('',#6998,#1534);
#1101=LINE('',#7001,#1535);
#1102=LINE('',#7002,#1536);
#1103=LINE('',#7005,#1537);
#1104=LINE('',#7006,#1538);
#1105=LINE('',#7008,#1539);
#1106=LINE('',#7014,#1540);
#1107=LINE('',#7016,#1541);
#1108=LINE('',#7017,#1542);
#1109=LINE('',#7020,#1543);
#1110=LINE('',#7021,#1544);
#1111=LINE('',#7024,#1545);
#1112=LINE('',#7025,#1546);
#1113=LINE('',#7028,#1547);
#1114=LINE('',#7029,#1548);
#1115=LINE('',#7032,#1549);
#1116=LINE('',#7033,#1550);
#1117=LINE('',#7035,#1551);
#1118=LINE('',#7041,#1552);
#1119=LINE('',#7043,#1553);
#1120=LINE('',#7044,#1554);
#1121=LINE('',#7047,#1555);
#1122=LINE('',#7048,#1556);
#1123=LINE('',#7051,#1557);
#1124=LINE('',#7052,#1558);
#1125=LINE('',#7055,#1559);
#1126=LINE('',#7056,#1560);
#1127=LINE('',#7059,#1561);
#1128=LINE('',#7060,#1562);
#1129=LINE('',#7062,#1563);
#1130=LINE('',#7068,#1564);
#1131=LINE('',#7070,#1565);
#1132=LINE('',#7071,#1566);
#1133=LINE('',#7074,#1567);
#1134=LINE('',#7075,#1568);
#1135=LINE('',#7078,#1569);
#1136=LINE('',#7079,#1570);
#1137=LINE('',#7082,#1571);
#1138=LINE('',#7083,#1572);
#1139=LINE('',#7086,#1573);
#1140=LINE('',#7087,#1574);
#1141=LINE('',#7089,#1575);
#1142=LINE('',#7095,#1576);
#1143=LINE('',#7098,#1577);
#1144=LINE('',#7100,#1578);
#1145=LINE('',#7102,#1579);
#1146=LINE('',#7104,#1580);
#1147=LINE('',#7106,#1581);
#1148=LINE('',#7108,#1582);
#1149=LINE('',#7111,#1583);
#1150=LINE('',#7114,#1584);
#1151=LINE('',#7117,#1585);
#1152=LINE('',#7120,#1586);
#1153=LINE('',#7122,#1587);
#1154=LINE('',#7124,#1588);
#1155=LINE('',#7126,#1589);
#1156=LINE('',#7128,#1590);
#1157=LINE('',#7130,#1591);
#1158=LINE('',#7132,#1592);
#1159=LINE('',#7135,#1593);
#1160=LINE('',#7141,#1594);
#1161=LINE('',#7144,#1595);
#1162=LINE('',#7145,#1596);
#1163=LINE('',#7147,#1597);
#1164=LINE('',#7148,#1598);
#1165=LINE('',#7150,#1599);
#1166=LINE('',#7153,#1600);
#1167=VECTOR('',#4482,10.);
#1168=VECTOR('',#4485,10.);
#1169=VECTOR('',#4488,10.);
#1170=VECTOR('',#4489,10.);
#1171=VECTOR('',#4490,10.);
#1172=VECTOR('',#4491,10.);
#1173=VECTOR('',#4492,10.);
#1174=VECTOR('',#4493,10.);
#1175=VECTOR('',#4494,10.);
#1176=VECTOR('',#4495,10.);
#1177=VECTOR('',#4496,10.);
#1178=VECTOR('',#4497,10.);
#1179=VECTOR('',#4498,10.);
#1180=VECTOR('',#4499,10.);
#1181=VECTOR('',#4500,10.);
#1182=VECTOR('',#4501,10.);
#1183=VECTOR('',#4502,10.);
#1184=VECTOR('',#4503,10.);
#1185=VECTOR('',#4504,10.);
#1186=VECTOR('',#4505,10.);
#1187=VECTOR('',#4506,10.);
#1188=VECTOR('',#4507,10.);
#1189=VECTOR('',#4508,10.);
#1190=VECTOR('',#4509,10.);
#1191=VECTOR('',#4510,10.);
#1192=VECTOR('',#4511,10.);
#1193=VECTOR('',#4512,10.);
#1194=VECTOR('',#4513,10.);
#1195=VECTOR('',#4514,10.);
#1196=VECTOR('',#4515,10.);
#1197=VECTOR('',#4516,10.);
#1198=VECTOR('',#4517,10.);
#1199=VECTOR('',#4518,10.);
#1200=VECTOR('',#4519,10.);
#1201=VECTOR('',#4520,10.);
#1202=VECTOR('',#4521,10.);
#1203=VECTOR('',#4522,10.);
#1204=VECTOR('',#4523,10.);
#1205=VECTOR('',#4524,10.);
#1206=VECTOR('',#4525,10.);
#1207=VECTOR('',#4526,10.);
#1208=VECTOR('',#4527,10.);
#1209=VECTOR('',#4528,10.);
#1210=VECTOR('',#4529,10.);
#1211=VECTOR('',#4530,10.);
#1212=VECTOR('',#4531,10.);
#1213=VECTOR('',#4532,10.);
#1214=VECTOR('',#4537,10.);
#1215=VECTOR('',#4540,10.);
#1216=VECTOR('',#4543,10.);
#1217=VECTOR('',#4544,10.);
#1218=VECTOR('',#4545,10.);
#1219=VECTOR('',#4546,10.);
#1220=VECTOR('',#4549,10.);
#1221=VECTOR('',#4552,10.);
#1222=VECTOR('',#4557,10.);
#1223=VECTOR('',#4562,10.);
#1224=VECTOR('',#4565,10.);
#1225=VECTOR('',#4568,10.);
#1226=VECTOR('',#4569,10.);
#1227=VECTOR('',#4570,10.);
#1228=VECTOR('',#4571,10.);
#1229=VECTOR('',#4572,10.);
#1230=VECTOR('',#4577,10.);
#1231=VECTOR('',#4582,10.);
#1232=VECTOR('',#4583,10.);
#1233=VECTOR('',#4584,10.);
#1234=VECTOR('',#4585,10.);
#1235=VECTOR('',#4586,10.);
#1236=VECTOR('',#4587,10.);
#1237=VECTOR('',#4588,10.);
#1238=VECTOR('',#4589,10.);
#1239=VECTOR('',#4590,10.);
#1240=VECTOR('',#4591,10.);
#1241=VECTOR('',#4592,10.);
#1242=VECTOR('',#4593,10.);
#1243=VECTOR('',#4594,10.);
#1244=VECTOR('',#4595,10.);
#1245=VECTOR('',#4596,10.);
#1246=VECTOR('',#4597,10.);
#1247=VECTOR('',#4598,10.);
#1248=VECTOR('',#4599,10.);
#1249=VECTOR('',#4600,10.);
#1250=VECTOR('',#4601,10.);
#1251=VECTOR('',#4602,10.);
#1252=VECTOR('',#4603,10.);
#1253=VECTOR('',#4604,10.);
#1254=VECTOR('',#4605,10.);
#1255=VECTOR('',#4606,10.);
#1256=VECTOR('',#4607,10.);
#1257=VECTOR('',#4608,10.);
#1258=VECTOR('',#4609,10.);
#1259=VECTOR('',#4610,10.);
#1260=VECTOR('',#4611,10.);
#1261=VECTOR('',#4612,10.);
#1262=VECTOR('',#4613,10.);
#1263=VECTOR('',#4614,10.);
#1264=VECTOR('',#4615,10.);
#1265=VECTOR('',#4616,10.);
#1266=VECTOR('',#4617,10.);
#1267=VECTOR('',#4618,10.);
#1268=VECTOR('',#4619,10.);
#1269=VECTOR('',#4620,10.);
#1270=VECTOR('',#4621,10.);
#1271=VECTOR('',#4622,10.);
#1272=VECTOR('',#4623,10.);
#1273=VECTOR('',#4624,10.);
#1274=VECTOR('',#4625,10.);
#1275=VECTOR('',#4630,10.);
#1276=VECTOR('',#4633,10.);
#1277=VECTOR('',#4636,10.);
#1278=VECTOR('',#4637,10.);
#1279=VECTOR('',#4638,10.);
#1280=VECTOR('',#4641,10.);
#1281=VECTOR('',#4644,10.);
#1282=VECTOR('',#4647,10.);
#1283=VECTOR('',#4650,10.);
#1284=VECTOR('',#4653,10.);
#1285=VECTOR('',#4656,10.);
#1286=VECTOR('',#4659,10.);
#1287=VECTOR('',#4662,10.);
#1288=VECTOR('',#4663,10.);
#1289=VECTOR('',#4664,10.);
#1290=VECTOR('',#4665,10.);
#1291=VECTOR('',#4666,10.);
#1292=VECTOR('',#4669,10.);
#1293=VECTOR('',#4674,10.);
#1294=VECTOR('',#4677,10.);
#1295=VECTOR('',#4680,10.);
#1296=VECTOR('',#4681,10.);
#1297=VECTOR('',#4684,10.);
#1298=VECTOR('',#4685,10.);
#1299=VECTOR('',#4686,10.);
#1300=VECTOR('',#4691,10.);
#1301=VECTOR('',#4694,10.);
#1302=VECTOR('',#4697,10.);
#1303=VECTOR('',#4698,10.);
#1304=VECTOR('',#4699,10.);
#1305=VECTOR('',#4702,10.);
#1306=VECTOR('',#4705,10.);
#1307=VECTOR('',#4708,10.);
#1308=VECTOR('',#4711,10.);
#1309=VECTOR('',#4714,10.);
#1310=VECTOR('',#4717,10.);
#1311=VECTOR('',#4718,10.);
#1312=VECTOR('',#4719,10.);
#1313=VECTOR('',#4720,10.);
#1314=VECTOR('',#4721,10.);
#1315=VECTOR('',#4724,10.);
#1316=VECTOR('',#4727,10.);
#1317=VECTOR('',#4730,10.);
#1318=VECTOR('',#4735,10.);
#1319=VECTOR('',#4736,10.);
#1320=VECTOR('',#4751,10.);
#1321=VECTOR('',#4752,10.);
#1322=VECTOR('',#4755,10.);
#1323=VECTOR('',#4758,10.);
#1324=VECTOR('',#4761,10.);
#1325=VECTOR('',#4762,10.);
#1326=VECTOR('',#4777,10.);
#1327=VECTOR('',#4778,10.);
#1328=VECTOR('',#4783,10.);
#1329=VECTOR('',#4788,10.);
#1330=VECTOR('',#4791,10.);
#1331=VECTOR('',#4792,10.);
#1332=VECTOR('',#4795,10.);
#1333=VECTOR('',#4796,10.);
#1334=VECTOR('',#4799,10.);
#1335=VECTOR('',#4804,10.);
#1336=VECTOR('',#4807,10.);
#1337=VECTOR('',#4810,10.);
#1338=VECTOR('',#4813,10.);
#1339=VECTOR('',#4814,10.);
#1340=VECTOR('',#4817,10.);
#1341=VECTOR('',#4832,10.);
#1342=VECTOR('',#4833,10.);
#1343=VECTOR('',#4836,10.);
#1344=VECTOR('',#4837,10.);
#1345=VECTOR('',#4840,10.);
#1346=VECTOR('',#4845,10.);
#1347=VECTOR('',#4846,10.);
#1348=VECTOR('',#4861,10.);
#1349=VECTOR('',#4862,10.);
#1350=VECTOR('',#4865,10.);
#1351=VECTOR('',#4868,10.);
#1352=VECTOR('',#4871,10.);
#1353=VECTOR('',#4872,10.);
#1354=VECTOR('',#4887,10.);
#1355=VECTOR('',#4888,10.);
#1356=VECTOR('',#4891,10.);
#1357=VECTOR('',#4892,10.);
#1358=VECTOR('',#4895,10.);
#1359=VECTOR('',#4898,10.);
#1360=VECTOR('',#4913,10.);
#1361=VECTOR('',#4914,10.);
#1362=VECTOR('',#4917,10.);
#1363=VECTOR('',#4918,10.);
#1364=VECTOR('',#4921,10.);
#1365=VECTOR('',#4926,10.);
#1366=VECTOR('',#4941,10.);
#1367=VECTOR('',#4944,10.);
#1368=VECTOR('',#4947,10.);
#1369=VECTOR('',#4950,10.);
#1370=VECTOR('',#4951,10.);
#1371=VECTOR('',#4966,10.);
#1372=VECTOR('',#4967,10.);
#1373=VECTOR('',#4970,10.);
#1374=VECTOR('',#4971,10.);
#1375=VECTOR('',#4974,10.);
#1376=VECTOR('',#4975,10.);
#1377=VECTOR('',#4978,10.);
#1378=VECTOR('',#4983,10.);
#1379=VECTOR('',#4986,10.);
#1380=VECTOR('',#4989,10.);
#1381=VECTOR('',#4990,10.);
#1382=VECTOR('',#4993,10.);
#1383=VECTOR('',#4994,10.);
#1384=VECTOR('',#4995,10.);
#1385=VECTOR('',#4996,10.);
#1386=VECTOR('',#4997,10.);
#1387=VECTOR('',#5022,10.);
#1388=VECTOR('',#5025,10.);
#1389=VECTOR('',#5026,10.);
#1390=VECTOR('',#5027,10.);
#1391=VECTOR('',#5028,10.);
#1392=VECTOR('',#5029,10.);
#1393=VECTOR('',#5050,10.);
#1394=VECTOR('',#5051,10.);
#1395=VECTOR('',#5054,10.);
#1396=VECTOR('',#5057,10.);
#1397=VECTOR('',#5060,10.);
#1398=VECTOR('',#5067,10.);
#1399=VECTOR('',#5072,10.);
#1400=VECTOR('',#5073,10.);
#1401=VECTOR('',#5076,10.);
#1402=VECTOR('',#5077,10.);
#1403=VECTOR('',#5082,10.);
#1404=VECTOR('',#5087,10.);
#1405=VECTOR('',#5092,10.);
#1406=VECTOR('',#5097,10.);
#1407=VECTOR('',#5102,10.);
#1408=VECTOR('',#5107,10.);
#1409=VECTOR('',#5108,10.);
#1410=VECTOR('',#5109,10.);
#1411=VECTOR('',#5112,10.);
#1412=VECTOR('',#5113,10.);
#1413=VECTOR('',#5116,10.);
#1414=VECTOR('',#5117,10.);
#1415=VECTOR('',#5120,10.);
#1416=VECTOR('',#5121,10.);
#1417=VECTOR('',#5124,10.);
#1418=VECTOR('',#5125,10.);
#1419=VECTOR('',#5128,10.);
#1420=VECTOR('',#5135,10.);
#1421=VECTOR('',#5136,10.);
#1422=VECTOR('',#5137,10.);
#1423=VECTOR('',#5140,10.);
#1424=VECTOR('',#5141,10.);
#1425=VECTOR('',#5144,10.);
#1426=VECTOR('',#5145,10.);
#1427=VECTOR('',#5148,10.);
#1428=VECTOR('',#5149,10.);
#1429=VECTOR('',#5152,10.);
#1430=VECTOR('',#5153,10.);
#1431=VECTOR('',#5156,10.);
#1432=VECTOR('',#5163,10.);
#1433=VECTOR('',#5164,10.);
#1434=VECTOR('',#5165,10.);
#1435=VECTOR('',#5168,10.);
#1436=VECTOR('',#5169,10.);
#1437=VECTOR('',#5172,10.);
#1438=VECTOR('',#5173,10.);
#1439=VECTOR('',#5176,10.);
#1440=VECTOR('',#5177,10.);
#1441=VECTOR('',#5180,10.);
#1442=VECTOR('',#5181,10.);
#1443=VECTOR('',#5184,10.);
#1444=VECTOR('',#5191,10.);
#1445=VECTOR('',#5192,10.);
#1446=VECTOR('',#5193,10.);
#1447=VECTOR('',#5196,10.);
#1448=VECTOR('',#5197,10.);
#1449=VECTOR('',#5200,10.);
#1450=VECTOR('',#5201,10.);
#1451=VECTOR('',#5204,10.);
#1452=VECTOR('',#5205,10.);
#1453=VECTOR('',#5208,10.);
#1454=VECTOR('',#5209,10.);
#1455=VECTOR('',#5212,10.);
#1456=VECTOR('',#5219,10.);
#1457=VECTOR('',#5220,10.);
#1458=VECTOR('',#5221,10.);
#1459=VECTOR('',#5224,10.);
#1460=VECTOR('',#5225,10.);
#1461=VECTOR('',#5228,10.);
#1462=VECTOR('',#5229,10.);
#1463=VECTOR('',#5232,10.);
#1464=VECTOR('',#5233,10.);
#1465=VECTOR('',#5236,10.);
#1466=VECTOR('',#5237,10.);
#1467=VECTOR('',#5240,10.);
#1468=VECTOR('',#5247,10.);
#1469=VECTOR('',#5248,10.);
#1470=VECTOR('',#5249,10.);
#1471=VECTOR('',#5252,10.);
#1472=VECTOR('',#5253,10.);
#1473=VECTOR('',#5256,10.);
#1474=VECTOR('',#5257,10.);
#1475=VECTOR('',#5260,10.);
#1476=VECTOR('',#5261,10.);
#1477=VECTOR('',#5264,10.);
#1478=VECTOR('',#5265,10.);
#1479=VECTOR('',#5268,10.);
#1480=VECTOR('',#5275,10.);
#1481=VECTOR('',#5276,10.);
#1482=VECTOR('',#5277,10.);
#1483=VECTOR('',#5280,10.);
#1484=VECTOR('',#5281,10.);
#1485=VECTOR('',#5284,10.);
#1486=VECTOR('',#5285,10.);
#1487=VECTOR('',#5288,10.);
#1488=VECTOR('',#5289,10.);
#1489=VECTOR('',#5292,10.);
#1490=VECTOR('',#5293,10.);
#1491=VECTOR('',#5296,10.);
#1492=VECTOR('',#5303,10.);
#1493=VECTOR('',#5304,10.);
#1494=VECTOR('',#5305,10.);
#1495=VECTOR('',#5308,10.);
#1496=VECTOR('',#5309,10.);
#1497=VECTOR('',#5312,10.);
#1498=VECTOR('',#5313,10.);
#1499=VECTOR('',#5316,10.);
#1500=VECTOR('',#5317,10.);
#1501=VECTOR('',#5320,10.);
#1502=VECTOR('',#5321,10.);
#1503=VECTOR('',#5324,10.);
#1504=VECTOR('',#5331,10.);
#1505=VECTOR('',#5332,10.);
#1506=VECTOR('',#5333,10.);
#1507=VECTOR('',#5336,10.);
#1508=VECTOR('',#5337,10.);
#1509=VECTOR('',#5340,10.);
#1510=VECTOR('',#5341,10.);
#1511=VECTOR('',#5344,10.);
#1512=VECTOR('',#5345,10.);
#1513=VECTOR('',#5348,10.);
#1514=VECTOR('',#5349,10.);
#1515=VECTOR('',#5352,10.);
#1516=VECTOR('',#5359,10.);
#1517=VECTOR('',#5360,10.);
#1518=VECTOR('',#5361,10.);
#1519=VECTOR('',#5364,10.);
#1520=VECTOR('',#5365,10.);
#1521=VECTOR('',#5368,10.);
#1522=VECTOR('',#5369,10.);
#1523=VECTOR('',#5372,10.);
#1524=VECTOR('',#5373,10.);
#1525=VECTOR('',#5376,10.);
#1526=VECTOR('',#5377,10.);
#1527=VECTOR('',#5380,10.);
#1528=VECTOR('',#5387,10.);
#1529=VECTOR('',#5388,10.);
#1530=VECTOR('',#5389,10.);
#1531=VECTOR('',#5392,10.);
#1532=VECTOR('',#5393,10.);
#1533=VECTOR('',#5396,10.);
#1534=VECTOR('',#5397,10.);
#1535=VECTOR('',#5400,10.);
#1536=VECTOR('',#5401,10.);
#1537=VECTOR('',#5404,10.);
#1538=VECTOR('',#5405,10.);
#1539=VECTOR('',#5408,10.);
#1540=VECTOR('',#5415,10.);
#1541=VECTOR('',#5416,10.);
#1542=VECTOR('',#5417,10.);
#1543=VECTOR('',#5420,10.);
#1544=VECTOR('',#5421,10.);
#1545=VECTOR('',#5424,10.);
#1546=VECTOR('',#5425,10.);
#1547=VECTOR('',#5428,10.);
#1548=VECTOR('',#5429,10.);
#1549=VECTOR('',#5432,10.);
#1550=VECTOR('',#5433,10.);
#1551=VECTOR('',#5436,10.);
#1552=VECTOR('',#5443,10.);
#1553=VECTOR('',#5444,10.);
#1554=VECTOR('',#5445,10.);
#1555=VECTOR('',#5448,10.);
#1556=VECTOR('',#5449,10.);
#1557=VECTOR('',#5452,10.);
#1558=VECTOR('',#5453,10.);
#1559=VECTOR('',#5456,10.);
#1560=VECTOR('',#5457,10.);
#1561=VECTOR('',#5460,10.);
#1562=VECTOR('',#5461,10.);
#1563=VECTOR('',#5464,10.);
#1564=VECTOR('',#5471,10.);
#1565=VECTOR('',#5472,10.);
#1566=VECTOR('',#5473,10.);
#1567=VECTOR('',#5476,10.);
#1568=VECTOR('',#5477,10.);
#1569=VECTOR('',#5480,10.);
#1570=VECTOR('',#5481,10.);
#1571=VECTOR('',#5484,10.);
#1572=VECTOR('',#5485,10.);
#1573=VECTOR('',#5488,10.);
#1574=VECTOR('',#5489,10.);
#1575=VECTOR('',#5492,10.);
#1576=VECTOR('',#5499,1.15);
#1577=VECTOR('',#5504,1.15);
#1578=VECTOR('',#5507,1.15);
#1579=VECTOR('',#5510,1.15);
#1580=VECTOR('',#5513,1.15);
#1581=VECTOR('',#5516,1.15);
#1582=VECTOR('',#5519,1.15);
#1583=VECTOR('',#5522,1.15);
#1584=VECTOR('',#5527,1.15);
#1585=VECTOR('',#5530,1.15);
#1586=VECTOR('',#5535,1.15);
#1587=VECTOR('',#5538,1.15);
#1588=VECTOR('',#5541,1.15);
#1589=VECTOR('',#5544,1.15);
#1590=VECTOR('',#5547,1.15);
#1591=VECTOR('',#5550,1.15);
#1592=VECTOR('',#5553,1.15);
#1593=VECTOR('',#5556,1.15);
#1594=VECTOR('',#5563,10.);
#1595=VECTOR('',#5568,10.);
#1596=VECTOR('',#5569,10.);
#1597=VECTOR('',#5572,10.);
#1598=VECTOR('',#5573,10.);
#1599=VECTOR('',#5576,10.);
#1600=VECTOR('',#5581,10.);
#1601=CIRCLE('',#4141,2.);
#1602=CIRCLE('',#4142,2.);
#1603=CIRCLE('',#4145,2.);
#1604=CIRCLE('',#4146,2.);
#1605=CIRCLE('',#4148,1.);
#1606=CIRCLE('',#4149,1.);
#1607=CIRCLE('',#4151,2.);
#1608=CIRCLE('',#4152,2.);
#1609=CIRCLE('',#4154,1.);
#1610=CIRCLE('',#4155,1.);
#1611=CIRCLE('',#4157,2.);
#1612=CIRCLE('',#4158,2.);
#1613=CIRCLE('',#4161,0.5);
#1614=CIRCLE('',#4162,0.5);
#1615=CIRCLE('',#4165,1.);
#1616=CIRCLE('',#4166,1.);
#1617=CIRCLE('',#4167,0.5);
#1618=CIRCLE('',#4168,0.5);
#1619=CIRCLE('',#4169,0.1);
#1620=CIRCLE('',#4170,0.1);
#1621=CIRCLE('',#4171,0.5);
#1622=CIRCLE('',#4172,0.1);
#1623=CIRCLE('',#4173,0.5);
#1624=CIRCLE('',#4175,0.5);
#1625=CIRCLE('',#4179,0.5);
#1626=CIRCLE('',#4180,0.5);
#1627=CIRCLE('',#4183,1.);
#1628=CIRCLE('',#4184,1.);
#1629=CIRCLE('',#4185,0.5);
#1630=CIRCLE('',#4186,0.5);
#1631=CIRCLE('',#4187,0.1);
#1632=CIRCLE('',#4188,0.5);
#1633=CIRCLE('',#4189,0.1);
#1634=CIRCLE('',#4190,0.1);
#1635=CIRCLE('',#4191,0.5);
#1636=CIRCLE('',#4194,0.499999999999998);
#1637=CIRCLE('',#4196,0.499999999999998);
#1638=CIRCLE('',#4197,1.);
#1639=CIRCLE('',#4198,1.5);
#1640=CIRCLE('',#4204,0.499999999999993);
#1641=CIRCLE('',#4206,0.499999999999972);
#1642=CIRCLE('',#4207,1.5);
#1643=CIRCLE('',#4208,1.);
#1644=CIRCLE('',#4211,5.);
#1645=CIRCLE('',#4212,5.);
#1646=CIRCLE('',#4213,5.);
#1647=CIRCLE('',#4217,1.);
#1648=CIRCLE('',#4219,0.5);
#1649=CIRCLE('',#4224,0.499999999999993);
#1650=CIRCLE('',#4226,0.499999999999989);
#1651=CIRCLE('',#4227,1.5);
#1652=CIRCLE('',#4228,1.);
#1653=CIRCLE('',#4232,1.);
#1654=CIRCLE('',#4235,0.5);
#1655=CIRCLE('',#4237,0.5);
#1656=CIRCLE('',#4238,1.);
#1657=CIRCLE('',#4239,1.5);
#1658=CIRCLE('',#4245,0.499999999999998);
#1659=CIRCLE('',#4247,0.499999999999998);
#1660=CIRCLE('',#4248,1.);
#1661=CIRCLE('',#4249,1.5);
#1662=CIRCLE('',#4255,0.499999999999999);
#1663=CIRCLE('',#4257,0.500000000000005);
#1664=CIRCLE('',#4258,1.5);
#1665=CIRCLE('',#4259,1.);
#1666=CIRCLE('',#4263,1.);
#1667=CIRCLE('',#4266,0.499999999999999);
#1668=CIRCLE('',#4268,0.499999999999999);
#1669=CIRCLE('',#4269,1.);
#1670=CIRCLE('',#4270,1.5);
#1671=CIRCLE('',#4276,0.499999999999999);
#1672=CIRCLE('',#4278,0.500000000000005);
#1673=CIRCLE('',#4279,1.5);
#1674=CIRCLE('',#4280,1.);
#1675=CIRCLE('',#4285,1.);
#1676=CIRCLE('',#4287,1.);
#1677=CIRCLE('',#4290,5.);
#1678=CIRCLE('',#4291,1.15);
#1679=CIRCLE('',#4292,1.15);
#1680=CIRCLE('',#4293,1.15);
#1681=CIRCLE('',#4294,1.15);
#1682=CIRCLE('',#4295,1.15);
#1683=CIRCLE('',#4296,1.15);
#1684=CIRCLE('',#4297,1.15);
#1685=CIRCLE('',#4298,1.15);
#1686=CIRCLE('',#4299,1.15);
#1687=CIRCLE('',#4301,1.);
#1688=CIRCLE('',#4303,1.15);
#1689=CIRCLE('',#4304,1.15);
#1690=CIRCLE('',#4305,1.15);
#1691=CIRCLE('',#4306,1.15);
#1692=CIRCLE('',#4307,1.15);
#1693=CIRCLE('',#4308,1.15);
#1694=CIRCLE('',#4309,1.15);
#1695=CIRCLE('',#4310,1.15);
#1696=CIRCLE('',#4311,1.15);
#1697=CIRCLE('',#4317,1.);
#1698=CIRCLE('',#4319,1.);
#1699=CIRCLE('',#4340,1.15);
#1700=CIRCLE('',#4348,1.15);
#1701=CIRCLE('',#4356,1.15);
#1702=CIRCLE('',#4364,1.15);
#1703=CIRCLE('',#4372,1.15);
#1704=CIRCLE('',#4380,1.15);
#1705=CIRCLE('',#4388,1.15);
#1706=CIRCLE('',#4396,1.15);
#1707=CIRCLE('',#4404,1.15);
#1708=CIRCLE('',#4412,1.15);
#1709=CIRCLE('',#4420,1.15);
#1710=CIRCLE('',#4428,1.15);
#1711=CIRCLE('',#4436,1.15);
#1712=CIRCLE('',#4444,1.15);
#1713=CIRCLE('',#4446,1.15);
#1714=CIRCLE('',#4454,1.15);
#1715=CIRCLE('',#4457,1.15);
#1716=CIRCLE('',#4466,1.15);
#1717=CIRCLE('',#4468,5.);
#1718=CIRCLE('',#4469,5.);
#1719=VERTEX_POINT('',#5586);
#1720=VERTEX_POINT('',#5587);
#1721=VERTEX_POINT('',#5589);
#1722=VERTEX_POINT('',#5591);
#1723=VERTEX_POINT('',#5595);
#1724=VERTEX_POINT('',#5597);
#1725=VERTEX_POINT('',#5600);
#1726=VERTEX_POINT('',#5601);
#1727=VERTEX_POINT('',#5603);
#1728=VERTEX_POINT('',#5605);
#1729=VERTEX_POINT('',#5607);
#1730=VERTEX_POINT('',#5609);
#1731=VERTEX_POINT('',#5612);
#1732=VERTEX_POINT('',#5613);
#1733=VERTEX_POINT('',#5615);
#1734=VERTEX_POINT('',#5617);
#1735=VERTEX_POINT('',#5619);
#1736=VERTEX_POINT('',#5621);
#1737=VERTEX_POINT('',#5624);
#1738=VERTEX_POINT('',#5625);
#1739=VERTEX_POINT('',#5627);
#1740=VERTEX_POINT('',#5629);
#1741=VERTEX_POINT('',#5631);
#1742=VERTEX_POINT('',#5633);
#1743=VERTEX_POINT('',#5636);
#1744=VERTEX_POINT('',#5637);
#1745=VERTEX_POINT('',#5639);
#1746=VERTEX_POINT('',#5641);
#1747=VERTEX_POINT('',#5643);
#1748=VERTEX_POINT('',#5645);
#1749=VERTEX_POINT('',#5648);
#1750=VERTEX_POINT('',#5649);
#1751=VERTEX_POINT('',#5651);
#1752=VERTEX_POINT('',#5653);
#1753=VERTEX_POINT('',#5655);
#1754=VERTEX_POINT('',#5657);
#1755=VERTEX_POINT('',#5660);
#1756=VERTEX_POINT('',#5661);
#1757=VERTEX_POINT('',#5663);
#1758=VERTEX_POINT('',#5665);
#1759=VERTEX_POINT('',#5667);
#1760=VERTEX_POINT('',#5669);
#1761=VERTEX_POINT('',#5672);
#1762=VERTEX_POINT('',#5673);
#1763=VERTEX_POINT('',#5675);
#1764=VERTEX_POINT('',#5677);
#1765=VERTEX_POINT('',#5679);
#1766=VERTEX_POINT('',#5681);
#1767=VERTEX_POINT('',#5685);
#1768=VERTEX_POINT('',#5686);
#1769=VERTEX_POINT('',#5688);
#1770=VERTEX_POINT('',#5690);
#1771=VERTEX_POINT('',#5694);
#1772=VERTEX_POINT('',#5696);
#1773=VERTEX_POINT('',#5699);
#1774=VERTEX_POINT('',#5701);
#1775=VERTEX_POINT('',#5703);
#1776=VERTEX_POINT('',#5705);
#1777=VERTEX_POINT('',#5709);
#1778=VERTEX_POINT('',#5711);
#1779=VERTEX_POINT('',#5715);
#1780=VERTEX_POINT('',#5717);
#1781=VERTEX_POINT('',#5719);
#1782=VERTEX_POINT('',#5721);
#1783=VERTEX_POINT('',#5723);
#1784=VERTEX_POINT('',#5725);
#1785=VERTEX_POINT('',#5727);
#1786=VERTEX_POINT('',#5729);
#1787=VERTEX_POINT('',#5733);
#1788=VERTEX_POINT('',#5735);
#1789=VERTEX_POINT('',#5741);
#1790=VERTEX_POINT('',#5742);
#1791=VERTEX_POINT('',#5744);
#1792=VERTEX_POINT('',#5746);
#1793=VERTEX_POINT('',#5748);
#1794=VERTEX_POINT('',#5750);
#1795=VERTEX_POINT('',#5753);
#1796=VERTEX_POINT('',#5754);
#1797=VERTEX_POINT('',#5756);
#1798=VERTEX_POINT('',#5758);
#1799=VERTEX_POINT('',#5760);
#1800=VERTEX_POINT('',#5762);
#1801=VERTEX_POINT('',#5765);
#1802=VERTEX_POINT('',#5766);
#1803=VERTEX_POINT('',#5768);
#1804=VERTEX_POINT('',#5770);
#1805=VERTEX_POINT('',#5772);
#1806=VERTEX_POINT('',#5774);
#1807=VERTEX_POINT('',#5777);
#1808=VERTEX_POINT('',#5778);
#1809=VERTEX_POINT('',#5780);
#1810=VERTEX_POINT('',#5782);
#1811=VERTEX_POINT('',#5784);
#1812=VERTEX_POINT('',#5786);
#1813=VERTEX_POINT('',#5789);
#1814=VERTEX_POINT('',#5790);
#1815=VERTEX_POINT('',#5792);
#1816=VERTEX_POINT('',#5794);
#1817=VERTEX_POINT('',#5796);
#1818=VERTEX_POINT('',#5798);
#1819=VERTEX_POINT('',#5801);
#1820=VERTEX_POINT('',#5802);
#1821=VERTEX_POINT('',#5804);
#1822=VERTEX_POINT('',#5806);
#1823=VERTEX_POINT('',#5808);
#1824=VERTEX_POINT('',#5810);
#1825=VERTEX_POINT('',#5813);
#1826=VERTEX_POINT('',#5814);
#1827=VERTEX_POINT('',#5816);
#1828=VERTEX_POINT('',#5818);
#1829=VERTEX_POINT('',#5820);
#1830=VERTEX_POINT('',#5822);
#1831=VERTEX_POINT('',#5826);
#1832=VERTEX_POINT('',#5827);
#1833=VERTEX_POINT('',#5829);
#1834=VERTEX_POINT('',#5831);
#1835=VERTEX_POINT('',#5835);
#1836=VERTEX_POINT('',#5837);
#1837=VERTEX_POINT('',#5841);
#1838=VERTEX_POINT('',#5843);
#1839=VERTEX_POINT('',#5845);
#1840=VERTEX_POINT('',#5847);
#1841=VERTEX_POINT('',#5849);
#1842=VERTEX_POINT('',#5851);
#1843=VERTEX_POINT('',#5853);
#1844=VERTEX_POINT('',#5855);
#1845=VERTEX_POINT('',#5857);
#1846=VERTEX_POINT('',#5859);
#1847=VERTEX_POINT('',#5861);
#1848=VERTEX_POINT('',#5863);
#1849=VERTEX_POINT('',#5865);
#1850=VERTEX_POINT('',#5867);
#1851=VERTEX_POINT('',#5869);
#1852=VERTEX_POINT('',#5871);
#1853=VERTEX_POINT('',#5873);
#1854=VERTEX_POINT('',#5875);
#1855=VERTEX_POINT('',#5877);
#1856=VERTEX_POINT('',#5879);
#1857=VERTEX_POINT('',#5881);
#1858=VERTEX_POINT('',#5885);
#1859=VERTEX_POINT('',#5887);
#1860=VERTEX_POINT('',#5891);
#1861=VERTEX_POINT('',#5895);
#1862=VERTEX_POINT('',#5897);
#1863=VERTEX_POINT('',#5901);
#1864=VERTEX_POINT('',#5902);
#1865=VERTEX_POINT('',#5904);
#1866=VERTEX_POINT('',#5906);
#1867=VERTEX_POINT('',#5910);
#1868=VERTEX_POINT('',#5912);
#1869=VERTEX_POINT('',#5916);
#1870=VERTEX_POINT('',#5918);
#1871=VERTEX_POINT('',#5920);
#1872=VERTEX_POINT('',#5922);
#1873=VERTEX_POINT('',#5924);
#1874=VERTEX_POINT('',#5926);
#1875=VERTEX_POINT('',#5928);
#1876=VERTEX_POINT('',#5930);
#1877=VERTEX_POINT('',#5932);
#1878=VERTEX_POINT('',#5934);
#1879=VERTEX_POINT('',#5936);
#1880=VERTEX_POINT('',#5938);
#1881=VERTEX_POINT('',#5940);
#1882=VERTEX_POINT('',#5942);
#1883=VERTEX_POINT('',#5944);
#1884=VERTEX_POINT('',#5946);
#1885=VERTEX_POINT('',#5948);
#1886=VERTEX_POINT('',#5950);
#1887=VERTEX_POINT('',#5952);
#1888=VERTEX_POINT('',#5954);
#1889=VERTEX_POINT('',#5956);
#1890=VERTEX_POINT('',#5960);
#1891=VERTEX_POINT('',#5962);
#1892=VERTEX_POINT('',#5997);
#1893=VERTEX_POINT('',#5998);
#1894=VERTEX_POINT('',#6000);
#1895=VERTEX_POINT('',#6018);
#1896=VERTEX_POINT('',#6019);
#1897=VERTEX_POINT('',#6031);
#1898=VERTEX_POINT('',#6032);
#1899=VERTEX_POINT('',#6034);
#1900=VERTEX_POINT('',#6045);
#1901=VERTEX_POINT('',#6080);
#1902=VERTEX_POINT('',#6081);
#1903=VERTEX_POINT('',#6083);
#1904=VERTEX_POINT('',#6101);
#1905=VERTEX_POINT('',#6102);
#1906=VERTEX_POINT('',#6110);
#1907=VERTEX_POINT('',#6112);
#1908=VERTEX_POINT('',#6115);
#1909=VERTEX_POINT('',#6117);
#1910=VERTEX_POINT('',#6130);
#1911=VERTEX_POINT('',#6134);
#1912=VERTEX_POINT('',#6138);
#1913=VERTEX_POINT('',#6142);
#1914=VERTEX_POINT('',#6144);
#1915=VERTEX_POINT('',#6150);
#1916=VERTEX_POINT('',#6154);
#1917=VERTEX_POINT('',#6189);
#1918=VERTEX_POINT('',#6190);
#1919=VERTEX_POINT('',#6192);
#1920=VERTEX_POINT('',#6210);
#1921=VERTEX_POINT('',#6211);
#1922=VERTEX_POINT('',#6219);
#1923=VERTEX_POINT('',#6223);
#1924=VERTEX_POINT('',#6227);
#1925=VERTEX_POINT('',#6229);
#1926=VERTEX_POINT('',#6264);
#1927=VERTEX_POINT('',#6265);
#1928=VERTEX_POINT('',#6267);
#1929=VERTEX_POINT('',#6285);
#1930=VERTEX_POINT('',#6286);
#1931=VERTEX_POINT('',#6298);
#1932=VERTEX_POINT('',#6299);
#1933=VERTEX_POINT('',#6301);
#1934=VERTEX_POINT('',#6312);
#1935=VERTEX_POINT('',#6347);
#1936=VERTEX_POINT('',#6348);
#1937=VERTEX_POINT('',#6350);
#1938=VERTEX_POINT('',#6368);
#1939=VERTEX_POINT('',#6369);
#1940=VERTEX_POINT('',#6377);
#1941=VERTEX_POINT('',#6381);
#1942=VERTEX_POINT('',#6394);
#1943=VERTEX_POINT('',#6429);
#1944=VERTEX_POINT('',#6430);
#1945=VERTEX_POINT('',#6432);
#1946=VERTEX_POINT('',#6450);
#1947=VERTEX_POINT('',#6451);
#1948=VERTEX_POINT('',#6459);
#1949=VERTEX_POINT('',#6463);
#1950=VERTEX_POINT('',#6467);
#1951=VERTEX_POINT('',#6502);
#1952=VERTEX_POINT('',#6503);
#1953=VERTEX_POINT('',#6505);
#1954=VERTEX_POINT('',#6523);
#1955=VERTEX_POINT('',#6534);
#1956=VERTEX_POINT('',#6536);
#1957=VERTEX_POINT('',#6571);
#1958=VERTEX_POINT('',#6572);
#1959=VERTEX_POINT('',#6574);
#1960=VERTEX_POINT('',#6592);
#1961=VERTEX_POINT('',#6593);
#1962=VERTEX_POINT('',#6601);
#1963=VERTEX_POINT('',#6605);
#1964=VERTEX_POINT('',#6609);
#1965=VERTEX_POINT('',#6613);
#1966=VERTEX_POINT('',#6615);
#1967=VERTEX_POINT('',#6619);
#1968=VERTEX_POINT('',#6625);
#1969=VERTEX_POINT('',#6630);
#1970=VERTEX_POINT('',#6632);
#1971=VERTEX_POINT('',#6634);
#1972=VERTEX_POINT('',#6636);
#1973=VERTEX_POINT('',#6638);
#1974=VERTEX_POINT('',#6640);
#1975=VERTEX_POINT('',#6642);
#1976=VERTEX_POINT('',#6644);
#1977=VERTEX_POINT('',#6646);
#1978=VERTEX_POINT('',#6649);
#1979=VERTEX_POINT('',#6655);
#1980=VERTEX_POINT('',#6659);
#1981=VERTEX_POINT('',#6661);
#1982=VERTEX_POINT('',#6663);
#1983=VERTEX_POINT('',#6665);
#1984=VERTEX_POINT('',#6667);
#1985=VERTEX_POINT('',#6669);
#1986=VERTEX_POINT('',#6671);
#1987=VERTEX_POINT('',#6673);
#1988=VERTEX_POINT('',#6675);
#1989=VERTEX_POINT('',#6689);
#1990=VERTEX_POINT('',#6693);
#1991=VERTEX_POINT('',#6716);
#1992=VERTEX_POINT('',#6718);
#1993=VERTEX_POINT('',#6722);
#1994=VERTEX_POINT('',#6726);
#1995=VERTEX_POINT('',#6730);
#1996=VERTEX_POINT('',#6734);
#1997=VERTEX_POINT('',#6740);
#1998=VERTEX_POINT('',#6743);
#1999=VERTEX_POINT('',#6745);
#2000=VERTEX_POINT('',#6749);
#2001=VERTEX_POINT('',#6753);
#2002=VERTEX_POINT('',#6757);
#2003=VERTEX_POINT('',#6761);
#2004=VERTEX_POINT('',#6767);
#2005=VERTEX_POINT('',#6770);
#2006=VERTEX_POINT('',#6772);
#2007=VERTEX_POINT('',#6776);
#2008=VERTEX_POINT('',#6780);
#2009=VERTEX_POINT('',#6784);
#2010=VERTEX_POINT('',#6788);
#2011=VERTEX_POINT('',#6794);
#2012=VERTEX_POINT('',#6797);
#2013=VERTEX_POINT('',#6799);
#2014=VERTEX_POINT('',#6803);
#2015=VERTEX_POINT('',#6807);
#2016=VERTEX_POINT('',#6811);
#2017=VERTEX_POINT('',#6815);
#2018=VERTEX_POINT('',#6821);
#2019=VERTEX_POINT('',#6824);
#2020=VERTEX_POINT('',#6826);
#2021=VERTEX_POINT('',#6830);
#2022=VERTEX_POINT('',#6834);
#2023=VERTEX_POINT('',#6838);
#2024=VERTEX_POINT('',#6842);
#2025=VERTEX_POINT('',#6848);
#2026=VERTEX_POINT('',#6851);
#2027=VERTEX_POINT('',#6853);
#2028=VERTEX_POINT('',#6857);
#2029=VERTEX_POINT('',#6861);
#2030=VERTEX_POINT('',#6865);
#2031=VERTEX_POINT('',#6869);
#2032=VERTEX_POINT('',#6875);
#2033=VERTEX_POINT('',#6878);
#2034=VERTEX_POINT('',#6880);
#2035=VERTEX_POINT('',#6884);
#2036=VERTEX_POINT('',#6888);
#2037=VERTEX_POINT('',#6892);
#2038=VERTEX_POINT('',#6896);
#2039=VERTEX_POINT('',#6902);
#2040=VERTEX_POINT('',#6905);
#2041=VERTEX_POINT('',#6907);
#2042=VERTEX_POINT('',#6911);
#2043=VERTEX_POINT('',#6915);
#2044=VERTEX_POINT('',#6919);
#2045=VERTEX_POINT('',#6923);
#2046=VERTEX_POINT('',#6929);
#2047=VERTEX_POINT('',#6932);
#2048=VERTEX_POINT('',#6934);
#2049=VERTEX_POINT('',#6938);
#2050=VERTEX_POINT('',#6942);
#2051=VERTEX_POINT('',#6946);
#2052=VERTEX_POINT('',#6950);
#2053=VERTEX_POINT('',#6956);
#2054=VERTEX_POINT('',#6959);
#2055=VERTEX_POINT('',#6961);
#2056=VERTEX_POINT('',#6965);
#2057=VERTEX_POINT('',#6969);
#2058=VERTEX_POINT('',#6973);
#2059=VERTEX_POINT('',#6977);
#2060=VERTEX_POINT('',#6983);
#2061=VERTEX_POINT('',#6986);
#2062=VERTEX_POINT('',#6988);
#2063=VERTEX_POINT('',#6992);
#2064=VERTEX_POINT('',#6996);
#2065=VERTEX_POINT('',#7000);
#2066=VERTEX_POINT('',#7004);
#2067=VERTEX_POINT('',#7010);
#2068=VERTEX_POINT('',#7013);
#2069=VERTEX_POINT('',#7015);
#2070=VERTEX_POINT('',#7019);
#2071=VERTEX_POINT('',#7023);
#2072=VERTEX_POINT('',#7027);
#2073=VERTEX_POINT('',#7031);
#2074=VERTEX_POINT('',#7037);
#2075=VERTEX_POINT('',#7040);
#2076=VERTEX_POINT('',#7042);
#2077=VERTEX_POINT('',#7046);
#2078=VERTEX_POINT('',#7050);
#2079=VERTEX_POINT('',#7054);
#2080=VERTEX_POINT('',#7058);
#2081=VERTEX_POINT('',#7064);
#2082=VERTEX_POINT('',#7067);
#2083=VERTEX_POINT('',#7069);
#2084=VERTEX_POINT('',#7073);
#2085=VERTEX_POINT('',#7077);
#2086=VERTEX_POINT('',#7081);
#2087=VERTEX_POINT('',#7085);
#2088=VERTEX_POINT('',#7091);
#2089=VERTEX_POINT('',#7094);
#2090=VERTEX_POINT('',#7110);
#2091=VERTEX_POINT('',#7116);
#2092=VERTEX_POINT('',#7134);
#2093=VERTEX_POINT('',#7138);
#2094=VERTEX_POINT('',#7140);
#2095=EDGE_CURVE('',#1719,#1720,#1601,.T.);
#2096=EDGE_CURVE('',#1720,#1721,#733,.T.);
#2097=EDGE_CURVE('',#1721,#1722,#1602,.T.);
#2098=EDGE_CURVE('',#1722,#1719,#734,.T.);
#2099=EDGE_CURVE('',#1720,#1723,#735,.T.);
#2100=EDGE_CURVE('',#1724,#1723,#736,.T.);
#2101=EDGE_CURVE('',#1724,#1721,#737,.T.);
#2102=EDGE_CURVE('',#1725,#1726,#738,.T.);
#2103=EDGE_CURVE('',#1726,#1727,#739,.T.);
#2104=EDGE_CURVE('',#1727,#1728,#740,.T.);
#2105=EDGE_CURVE('',#1728,#1729,#741,.T.);
#2106=EDGE_CURVE('',#1729,#1730,#742,.T.);
#2107=EDGE_CURVE('',#1730,#1725,#743,.T.);
#2108=EDGE_CURVE('',#1731,#1732,#744,.T.);
#2109=EDGE_CURVE('',#1732,#1733,#745,.T.);
#2110=EDGE_CURVE('',#1733,#1734,#746,.T.);
#2111=EDGE_CURVE('',#1734,#1735,#747,.T.);
#2112=EDGE_CURVE('',#1735,#1736,#748,.T.);
#2113=EDGE_CURVE('',#1736,#1731,#749,.T.);
#2114=EDGE_CURVE('',#1737,#1738,#750,.T.);
#2115=EDGE_CURVE('',#1738,#1739,#751,.T.);
#2116=EDGE_CURVE('',#1739,#1740,#752,.T.);
#2117=EDGE_CURVE('',#1740,#1741,#753,.T.);
#2118=EDGE_CURVE('',#1741,#1742,#754,.T.);
#2119=EDGE_CURVE('',#1742,#1737,#755,.T.);
#2120=EDGE_CURVE('',#1743,#1744,#756,.T.);
#2121=EDGE_CURVE('',#1744,#1745,#757,.T.);
#2122=EDGE_CURVE('',#1745,#1746,#758,.T.);
#2123=EDGE_CURVE('',#1746,#1747,#759,.T.);
#2124=EDGE_CURVE('',#1747,#1748,#760,.T.);
#2125=EDGE_CURVE('',#1748,#1743,#761,.T.);
#2126=EDGE_CURVE('',#1749,#1750,#762,.T.);
#2127=EDGE_CURVE('',#1750,#1751,#763,.T.);
#2128=EDGE_CURVE('',#1751,#1752,#764,.T.);
#2129=EDGE_CURVE('',#1752,#1753,#765,.T.);
#2130=EDGE_CURVE('',#1753,#1754,#766,.T.);
#2131=EDGE_CURVE('',#1754,#1749,#767,.T.);
#2132=EDGE_CURVE('',#1755,#1756,#768,.T.);
#2133=EDGE_CURVE('',#1756,#1757,#769,.T.);
#2134=EDGE_CURVE('',#1757,#1758,#770,.T.);
#2135=EDGE_CURVE('',#1758,#1759,#771,.T.);
#2136=EDGE_CURVE('',#1759,#1760,#772,.T.);
#2137=EDGE_CURVE('',#1760,#1755,#773,.T.);
#2138=EDGE_CURVE('',#1761,#1762,#774,.T.);
#2139=EDGE_CURVE('',#1762,#1763,#775,.T.);
#2140=EDGE_CURVE('',#1763,#1764,#776,.T.);
#2141=EDGE_CURVE('',#1764,#1765,#777,.T.);
#2142=EDGE_CURVE('',#1765,#1766,#778,.T.);
#2143=EDGE_CURVE('',#1766,#1761,#779,.T.);
#2144=EDGE_CURVE('',#1767,#1768,#1603,.T.);
#2145=EDGE_CURVE('',#1768,#1769,#780,.T.);
#2146=EDGE_CURVE('',#1769,#1770,#1604,.T.);
#2147=EDGE_CURVE('',#1770,#1767,#781,.T.);
#2148=EDGE_CURVE('',#1722,#1771,#782,.T.);
#2149=EDGE_CURVE('',#1771,#1772,#783,.T.);
#2150=EDGE_CURVE('',#1769,#1772,#784,.T.);
#2151=EDGE_CURVE('',#1773,#1768,#785,.T.);
#2152=EDGE_CURVE('',#1773,#1774,#1605,.F.);
#2153=EDGE_CURVE('',#1775,#1774,#786,.T.);
#2154=EDGE_CURVE('',#1776,#1775,#1606,.T.);
#2155=EDGE_CURVE('',#1719,#1776,#787,.T.);
#2156=EDGE_CURVE('',#1723,#1777,#1607,.T.);
#2157=EDGE_CURVE('',#1777,#1778,#788,.T.);
#2158=EDGE_CURVE('',#1778,#1724,#1608,.T.);
#2159=EDGE_CURVE('',#1779,#1777,#789,.T.);
#2160=EDGE_CURVE('',#1779,#1780,#1609,.F.);
#2161=EDGE_CURVE('',#1780,#1781,#790,.T.);
#2162=EDGE_CURVE('',#1782,#1781,#1610,.T.);
#2163=EDGE_CURVE('',#1783,#1782,#791,.T.);
#2164=EDGE_CURVE('',#1784,#1783,#792,.T.);
#2165=EDGE_CURVE('',#1785,#1784,#793,.T.);
#2166=EDGE_CURVE('',#1786,#1785,#794,.T.);
#2167=EDGE_CURVE('',#1786,#1778,#795,.T.);
#2168=EDGE_CURVE('',#1783,#1787,#1611,.T.);
#2169=EDGE_CURVE('',#1787,#1788,#796,.T.);
#2170=EDGE_CURVE('',#1788,#1784,#1612,.T.);
#2171=EDGE_CURVE('',#1788,#1770,#797,.T.);
#2172=EDGE_CURVE('',#1787,#1767,#798,.T.);
#2173=EDGE_CURVE('',#1789,#1790,#799,.T.);
#2174=EDGE_CURVE('',#1790,#1791,#800,.T.);
#2175=EDGE_CURVE('',#1791,#1792,#801,.T.);
#2176=EDGE_CURVE('',#1792,#1793,#802,.T.);
#2177=EDGE_CURVE('',#1793,#1794,#803,.T.);
#2178=EDGE_CURVE('',#1794,#1789,#804,.T.);
#2179=EDGE_CURVE('',#1795,#1796,#805,.T.);
#2180=EDGE_CURVE('',#1796,#1797,#806,.T.);
#2181=EDGE_CURVE('',#1797,#1798,#807,.T.);
#2182=EDGE_CURVE('',#1798,#1799,#808,.T.);
#2183=EDGE_CURVE('',#1799,#1800,#809,.T.);
#2184=EDGE_CURVE('',#1800,#1795,#810,.T.);
#2185=EDGE_CURVE('',#1801,#1802,#811,.T.);
#2186=EDGE_CURVE('',#1802,#1803,#812,.T.);
#2187=EDGE_CURVE('',#1803,#1804,#813,.T.);
#2188=EDGE_CURVE('',#1804,#1805,#814,.T.);
#2189=EDGE_CURVE('',#1805,#1806,#815,.T.);
#2190=EDGE_CURVE('',#1806,#1801,#816,.T.);
#2191=EDGE_CURVE('',#1807,#1808,#817,.T.);
#2192=EDGE_CURVE('',#1808,#1809,#818,.T.);
#2193=EDGE_CURVE('',#1809,#1810,#819,.T.);
#2194=EDGE_CURVE('',#1810,#1811,#820,.T.);
#2195=EDGE_CURVE('',#1811,#1812,#821,.T.);
#2196=EDGE_CURVE('',#1812,#1807,#822,.T.);
#2197=EDGE_CURVE('',#1813,#1814,#823,.T.);
#2198=EDGE_CURVE('',#1814,#1815,#824,.T.);
#2199=EDGE_CURVE('',#1815,#1816,#825,.T.);
#2200=EDGE_CURVE('',#1816,#1817,#826,.T.);
#2201=EDGE_CURVE('',#1817,#1818,#827,.T.);
#2202=EDGE_CURVE('',#1818,#1813,#828,.T.);
#2203=EDGE_CURVE('',#1819,#1820,#829,.T.);
#2204=EDGE_CURVE('',#1820,#1821,#830,.T.);
#2205=EDGE_CURVE('',#1821,#1822,#831,.T.);
#2206=EDGE_CURVE('',#1822,#1823,#832,.T.);
#2207=EDGE_CURVE('',#1823,#1824,#833,.T.);
#2208=EDGE_CURVE('',#1824,#1819,#834,.T.);
#2209=EDGE_CURVE('',#1825,#1826,#835,.T.);
#2210=EDGE_CURVE('',#1826,#1827,#836,.T.);
#2211=EDGE_CURVE('',#1827,#1828,#837,.T.);
#2212=EDGE_CURVE('',#1828,#1829,#838,.T.);
#2213=EDGE_CURVE('',#1829,#1830,#839,.T.);
#2214=EDGE_CURVE('',#1830,#1825,#840,.T.);
#2215=EDGE_CURVE('',#1831,#1832,#1613,.T.);
#2216=EDGE_CURVE('',#1832,#1833,#841,.T.);
#2217=EDGE_CURVE('',#1833,#1834,#1614,.T.);
#2218=EDGE_CURVE('',#1834,#1831,#842,.T.);
#2219=EDGE_CURVE('',#1832,#1835,#843,.T.);
#2220=EDGE_CURVE('',#1836,#1835,#844,.T.);
#2221=EDGE_CURVE('',#1836,#1833,#845,.T.);
#2222=EDGE_CURVE('',#1831,#1837,#846,.T.);
#2223=EDGE_CURVE('',#1838,#1837,#1615,.T.);
#2224=EDGE_CURVE('',#1838,#1839,#847,.T.);
#2225=EDGE_CURVE('',#1840,#1839,#1616,.T.);
#2226=EDGE_CURVE('',#1840,#1841,#848,.T.);
#2227=EDGE_CURVE('',#1842,#1841,#1617,.T.);
#2228=EDGE_CURVE('',#1843,#1842,#849,.T.);
#2229=EDGE_CURVE('',#1844,#1843,#1618,.T.);
#2230=EDGE_CURVE('',#1844,#1845,#850,.T.);
#2231=EDGE_CURVE('',#1846,#1845,#1619,.T.);
#2232=EDGE_CURVE('',#1846,#1847,#851,.T.);
#2233=EDGE_CURVE('',#1848,#1847,#1620,.T.);
#2234=EDGE_CURVE('',#1848,#1849,#852,.T.);
#2235=EDGE_CURVE('',#1850,#1849,#1621,.T.);
#2236=EDGE_CURVE('',#1851,#1850,#853,.T.);
#2237=EDGE_CURVE('',#1851,#1852,#854,.T.);
#2238=EDGE_CURVE('',#1852,#1853,#855,.T.);
#2239=EDGE_CURVE('',#1854,#1853,#856,.T.);
#2240=EDGE_CURVE('',#1854,#1855,#857,.T.);
#2241=EDGE_CURVE('',#1856,#1855,#1622,.T.);
#2242=EDGE_CURVE('',#1856,#1857,#858,.T.);
#2243=EDGE_CURVE('',#1835,#1857,#1623,.T.);
#2244=EDGE_CURVE('',#1841,#1858,#859,.T.);
#2245=EDGE_CURVE('',#1858,#1859,#1624,.T.);
#2246=EDGE_CURVE('',#1859,#1842,#860,.T.);
#2247=EDGE_CURVE('',#1859,#1860,#861,.T.);
#2248=EDGE_CURVE('',#1843,#1860,#862,.T.);
#2249=EDGE_CURVE('',#1861,#1858,#863,.T.);
#2250=EDGE_CURVE('',#1862,#1861,#864,.T.);
#2251=EDGE_CURVE('',#1860,#1862,#865,.T.);
#2252=EDGE_CURVE('',#1863,#1864,#1625,.T.);
#2253=EDGE_CURVE('',#1864,#1865,#866,.T.);
#2254=EDGE_CURVE('',#1865,#1866,#1626,.T.);
#2255=EDGE_CURVE('',#1866,#1863,#867,.T.);
#2256=EDGE_CURVE('',#1867,#1864,#868,.T.);
#2257=EDGE_CURVE('',#1868,#1867,#869,.T.);
#2258=EDGE_CURVE('',#1868,#1865,#870,.T.);
#2259=EDGE_CURVE('',#1863,#1869,#871,.T.);
#2260=EDGE_CURVE('',#1870,#1869,#1627,.T.);
#2261=EDGE_CURVE('',#1870,#1871,#872,.T.);
#2262=EDGE_CURVE('',#1872,#1871,#1628,.T.);
#2263=EDGE_CURVE('',#1872,#1873,#873,.T.);
#2264=EDGE_CURVE('',#1874,#1873,#1629,.T.);
#2265=EDGE_CURVE('',#1874,#1875,#874,.T.);
#2266=EDGE_CURVE('',#1876,#1875,#1630,.T.);
#2267=EDGE_CURVE('',#1876,#1877,#875,.T.);
#2268=EDGE_CURVE('',#1878,#1877,#1631,.T.);
#2269=EDGE_CURVE('',#1878,#1879,#876,.T.);
#2270=EDGE_CURVE('',#1880,#1879,#877,.T.);
#2271=EDGE_CURVE('',#1881,#1880,#878,.T.);
#2272=EDGE_CURVE('',#1881,#1882,#879,.T.);
#2273=EDGE_CURVE('',#1882,#1883,#880,.T.);
#2274=EDGE_CURVE('',#1884,#1883,#1632,.T.);
#2275=EDGE_CURVE('',#1884,#1885,#881,.T.);
#2276=EDGE_CURVE('',#1886,#1885,#1633,.T.);
#2277=EDGE_CURVE('',#1886,#1887,#882,.T.);
#2278=EDGE_CURVE('',#1888,#1887,#1634,.T.);
#2279=EDGE_CURVE('',#1888,#1889,#883,.T.);
#2280=EDGE_CURVE('',#1867,#1889,#1635,.T.);
#2281=EDGE_CURVE('',#1890,#1876,#884,.T.);
#2282=EDGE_CURVE('',#1875,#1891,#885,.T.);
#2283=EDGE_CURVE('',#1891,#1890,#51,.T.);
#2284=EDGE_CURVE('',#1892,#1893,#1636,.T.);
#2285=EDGE_CURVE('',#1893,#1894,#23,.T.);
#2286=EDGE_CURVE('',#1894,#1892,#24,.T.);
#2287=EDGE_CURVE('',#1895,#1896,#1637,.T.);
#2288=EDGE_CURVE('',#1896,#1893,#1638,.T.);
#2289=EDGE_CURVE('',#1892,#1895,#1639,.T.);
#2290=EDGE_CURVE('',#1891,#1896,#886,.T.);
#2291=EDGE_CURVE('',#1895,#1890,#887,.T.);
#2292=EDGE_CURVE('',#1877,#1892,#888,.T.);
#2293=EDGE_CURVE('',#1878,#1894,#889,.T.);
#2294=EDGE_CURVE('',#1897,#1898,#890,.T.);
#2295=EDGE_CURVE('',#1898,#1899,#25,.T.);
#2296=EDGE_CURVE('',#1899,#1900,#891,.T.);
#2297=EDGE_CURVE('',#1900,#1897,#52,.T.);
#2298=EDGE_CURVE('',#1901,#1902,#1640,.T.);
#2299=EDGE_CURVE('',#1902,#1903,#26,.T.);
#2300=EDGE_CURVE('',#1903,#1901,#27,.T.);
#2301=EDGE_CURVE('',#1904,#1905,#1641,.T.);
#2302=EDGE_CURVE('',#1905,#1902,#1642,.T.);
#2303=EDGE_CURVE('',#1901,#1904,#1643,.T.);
#2304=EDGE_CURVE('',#1900,#1905,#892,.T.);
#2305=EDGE_CURVE('',#1904,#1897,#893,.T.);
#2306=EDGE_CURVE('',#1898,#1906,#1644,.T.);
#2307=EDGE_CURVE('',#1906,#1907,#894,.T.);
#2308=EDGE_CURVE('',#1907,#1880,#1645,.T.);
#2309=EDGE_CURVE('',#1879,#1908,#1646,.T.);
#2310=EDGE_CURVE('',#1909,#1908,#28,.T.);
#2311=EDGE_CURVE('',#1909,#1899,#895,.T.);
#2312=EDGE_CURVE('',#1897,#1910,#896,.T.);
#2313=EDGE_CURVE('',#1906,#1910,#897,.T.);
#2314=EDGE_CURVE('',#1911,#1904,#898,.T.);
#2315=EDGE_CURVE('',#1910,#1911,#899,.T.);
#2316=EDGE_CURVE('',#1903,#1912,#900,.T.);
#2317=EDGE_CURVE('',#1912,#1911,#1647,.T.);
#2318=EDGE_CURVE('',#1873,#1913,#901,.T.);
#2319=EDGE_CURVE('',#1913,#1914,#1648,.T.);
#2320=EDGE_CURVE('',#1914,#1874,#902,.T.);
#2321=EDGE_CURVE('',#1914,#1891,#903,.T.);
#2322=EDGE_CURVE('',#1915,#1913,#904,.T.);
#2323=EDGE_CURVE('',#1896,#1915,#905,.T.);
#2324=EDGE_CURVE('',#1889,#1916,#906,.T.);
#2325=EDGE_CURVE('',#1916,#1868,#53,.T.);
#2326=EDGE_CURVE('',#1917,#1918,#1649,.T.);
#2327=EDGE_CURVE('',#1918,#1919,#29,.T.);
#2328=EDGE_CURVE('',#1919,#1917,#30,.T.);
#2329=EDGE_CURVE('',#1920,#1921,#1650,.T.);
#2330=EDGE_CURVE('',#1921,#1918,#1651,.T.);
#2331=EDGE_CURVE('',#1917,#1920,#1652,.T.);
#2332=EDGE_CURVE('',#1916,#1921,#907,.T.);
#2333=EDGE_CURVE('',#1920,#1868,#908,.T.);
#2334=EDGE_CURVE('',#1922,#1920,#909,.T.);
#2335=EDGE_CURVE('',#1866,#1922,#910,.T.);
#2336=EDGE_CURVE('',#1919,#1923,#911,.T.);
#2337=EDGE_CURVE('',#1923,#1922,#1653,.T.);
#2338=EDGE_CURVE('',#1924,#1884,#912,.T.);
#2339=EDGE_CURVE('',#1883,#1925,#913,.T.);
#2340=EDGE_CURVE('',#1925,#1924,#54,.T.);
#2341=EDGE_CURVE('',#1926,#1927,#1654,.T.);
#2342=EDGE_CURVE('',#1927,#1928,#31,.T.);
#2343=EDGE_CURVE('',#1928,#1926,#32,.T.);
#2344=EDGE_CURVE('',#1929,#1930,#1655,.T.);
#2345=EDGE_CURVE('',#1930,#1927,#1656,.T.);
#2346=EDGE_CURVE('',#1926,#1929,#1657,.T.);
#2347=EDGE_CURVE('',#1925,#1930,#914,.T.);
#2348=EDGE_CURVE('',#1929,#1924,#915,.T.);
#2349=EDGE_CURVE('',#1885,#1926,#916,.T.);
#2350=EDGE_CURVE('',#1886,#1928,#917,.T.);
#2351=EDGE_CURVE('',#1931,#1932,#918,.T.);
#2352=EDGE_CURVE('',#1932,#1933,#33,.T.);
#2353=EDGE_CURVE('',#1933,#1934,#919,.T.);
#2354=EDGE_CURVE('',#1934,#1931,#55,.T.);
#2355=EDGE_CURVE('',#1935,#1936,#1658,.T.);
#2356=EDGE_CURVE('',#1936,#1937,#34,.T.);
#2357=EDGE_CURVE('',#1937,#1935,#35,.T.);
#2358=EDGE_CURVE('',#1938,#1939,#1659,.T.);
#2359=EDGE_CURVE('',#1939,#1936,#1660,.T.);
#2360=EDGE_CURVE('',#1935,#1938,#1661,.T.);
#2361=EDGE_CURVE('',#1934,#1939,#920,.T.);
#2362=EDGE_CURVE('',#1938,#1931,#921,.T.);
#2363=EDGE_CURVE('',#1940,#1935,#922,.T.);
#2364=EDGE_CURVE('',#1932,#1940,#923,.T.);
#2365=EDGE_CURVE('',#1941,#1937,#924,.T.);
#2366=EDGE_CURVE('',#1941,#1940,#36,.T.);
#2367=EDGE_CURVE('',#1857,#1942,#925,.T.);
#2368=EDGE_CURVE('',#1942,#1836,#56,.T.);
#2369=EDGE_CURVE('',#1943,#1944,#1662,.T.);
#2370=EDGE_CURVE('',#1944,#1945,#37,.T.);
#2371=EDGE_CURVE('',#1945,#1943,#38,.T.);
#2372=EDGE_CURVE('',#1946,#1947,#1663,.T.);
#2373=EDGE_CURVE('',#1947,#1944,#1664,.T.);
#2374=EDGE_CURVE('',#1943,#1946,#1665,.T.);
#2375=EDGE_CURVE('',#1942,#1947,#926,.T.);
#2376=EDGE_CURVE('',#1946,#1836,#927,.T.);
#2377=EDGE_CURVE('',#1948,#1946,#928,.T.);
#2378=EDGE_CURVE('',#1834,#1948,#929,.T.);
#2379=EDGE_CURVE('',#1945,#1949,#930,.T.);
#2380=EDGE_CURVE('',#1949,#1948,#1666,.T.);
#2381=EDGE_CURVE('',#1950,#1844,#931,.T.);
#2382=EDGE_CURVE('',#1860,#1950,#57,.T.);
#2383=EDGE_CURVE('',#1951,#1952,#1667,.T.);
#2384=EDGE_CURVE('',#1952,#1953,#39,.T.);
#2385=EDGE_CURVE('',#1953,#1951,#40,.T.);
#2386=EDGE_CURVE('',#1954,#1862,#1668,.T.);
#2387=EDGE_CURVE('',#1862,#1952,#1669,.T.);
#2388=EDGE_CURVE('',#1951,#1954,#1670,.T.);
#2389=EDGE_CURVE('',#1954,#1950,#932,.T.);
#2390=EDGE_CURVE('',#1845,#1951,#933,.T.);
#2391=EDGE_CURVE('',#1846,#1953,#934,.T.);
#2392=EDGE_CURVE('',#1955,#1850,#935,.T.);
#2393=EDGE_CURVE('',#1849,#1956,#936,.T.);
#2394=EDGE_CURVE('',#1956,#1955,#58,.T.);
#2395=EDGE_CURVE('',#1957,#1958,#1671,.T.);
#2396=EDGE_CURVE('',#1958,#1959,#41,.T.);
#2397=EDGE_CURVE('',#1959,#1957,#42,.T.);
#2398=EDGE_CURVE('',#1960,#1961,#1672,.T.);
#2399=EDGE_CURVE('',#1961,#1958,#1673,.T.);
#2400=EDGE_CURVE('',#1957,#1960,#1674,.T.);
#2401=EDGE_CURVE('',#1956,#1961,#937,.T.);
#2402=EDGE_CURVE('',#1960,#1955,#938,.T.);
#2403=EDGE_CURVE('',#1955,#1962,#939,.T.);
#2404=EDGE_CURVE('',#1962,#1851,#940,.T.);
#2405=EDGE_CURVE('',#1963,#1960,#941,.T.);
#2406=EDGE_CURVE('',#1962,#1963,#942,.T.);
#2407=EDGE_CURVE('',#1959,#1964,#943,.T.);
#2408=EDGE_CURVE('',#1964,#1963,#1675,.T.);
#2409=EDGE_CURVE('',#1939,#1965,#944,.T.);
#2410=EDGE_CURVE('',#1965,#1966,#1676,.T.);
#2411=EDGE_CURVE('',#1966,#1937,#945,.T.);
#2412=EDGE_CURVE('',#1967,#1934,#946,.T.);
#2413=EDGE_CURVE('',#1965,#1967,#947,.T.);
#2414=EDGE_CURVE('',#1912,#1966,#948,.T.);
#2415=EDGE_CURVE('',#1903,#1908,#949,.T.);
#2416=EDGE_CURVE('',#1968,#1894,#950,.T.);
#2417=EDGE_CURVE('',#1949,#1968,#951,.T.);
#2418=EDGE_CURVE('',#1945,#1855,#952,.T.);
#2419=EDGE_CURVE('',#1941,#1854,#1677,.T.);
#2420=EDGE_CURVE('',#1969,#1969,#1678,.T.);
#2421=EDGE_CURVE('',#1970,#1970,#1679,.T.);
#2422=EDGE_CURVE('',#1971,#1971,#1680,.T.);
#2423=EDGE_CURVE('',#1972,#1972,#1681,.T.);
#2424=EDGE_CURVE('',#1973,#1973,#1682,.T.);
#2425=EDGE_CURVE('',#1974,#1974,#1683,.T.);
#2426=EDGE_CURVE('',#1975,#1975,#1684,.T.);
#2427=EDGE_CURVE('',#1976,#1976,#1685,.T.);
#2428=EDGE_CURVE('',#1977,#1977,#1686,.T.);
#2429=EDGE_CURVE('',#1861,#1978,#1687,.T.);
#2430=EDGE_CURVE('',#1978,#1953,#953,.T.);
#2431=EDGE_CURVE('',#1923,#1978,#954,.T.);
#2432=EDGE_CURVE('',#1919,#1887,#955,.T.);
#2433=EDGE_CURVE('',#1979,#1928,#956,.T.);
#2434=EDGE_CURVE('',#1964,#1979,#957,.T.);
#2435=EDGE_CURVE('',#1959,#1847,#958,.T.);
#2436=EDGE_CURVE('',#1980,#1980,#1688,.T.);
#2437=EDGE_CURVE('',#1981,#1981,#1689,.T.);
#2438=EDGE_CURVE('',#1982,#1982,#1690,.T.);
#2439=EDGE_CURVE('',#1983,#1983,#1691,.T.);
#2440=EDGE_CURVE('',#1984,#1984,#1692,.T.);
#2441=EDGE_CURVE('',#1985,#1985,#1693,.T.);
#2442=EDGE_CURVE('',#1986,#1986,#1694,.T.);
#2443=EDGE_CURVE('',#1987,#1987,#1695,.T.);
#2444=EDGE_CURVE('',#1988,#1988,#1696,.T.);
#2445=EDGE_CURVE('',#1781,#1838,#959,.T.);
#2446=EDGE_CURVE('',#1837,#1782,#960,.T.);
#2447=EDGE_CURVE('',#1839,#1780,#961,.T.);
#2448=EDGE_CURVE('',#1779,#1840,#962,.T.);
#2449=EDGE_CURVE('',#1869,#1776,#963,.T.);
#2450=EDGE_CURVE('',#1915,#1968,#1697,.T.);
#2451=EDGE_CURVE('',#1930,#1989,#964,.T.);
#2452=EDGE_CURVE('',#1989,#1979,#1698,.T.);
#2453=EDGE_CURVE('',#1990,#1925,#965,.T.);
#2454=EDGE_CURVE('',#1989,#1990,#966,.T.);
#2455=EDGE_CURVE('',#1773,#1872,#967,.T.);
#2456=EDGE_CURVE('',#1871,#1774,#968,.T.);
#2457=EDGE_CURVE('',#1775,#1870,#969,.T.);
#2458=EDGE_CURVE('',#1902,#1909,#970,.T.);
#2459=EDGE_CURVE('',#1918,#1888,#971,.T.);
#2460=EDGE_CURVE('',#1958,#1848,#972,.T.);
#2461=EDGE_CURVE('',#1944,#1856,#973,.T.);
#2462=EDGE_CURVE('',#1761,#1991,#974,.T.);
#2463=EDGE_CURVE('',#1991,#1992,#975,.T.);
#2464=EDGE_CURVE('',#1762,#1992,#976,.T.);
#2465=EDGE_CURVE('',#1766,#1993,#977,.T.);
#2466=EDGE_CURVE('',#1993,#1991,#978,.T.);
#2467=EDGE_CURVE('',#1765,#1994,#979,.T.);
#2468=EDGE_CURVE('',#1994,#1993,#980,.T.);
#2469=EDGE_CURVE('',#1764,#1995,#981,.T.);
#2470=EDGE_CURVE('',#1995,#1994,#982,.T.);
#2471=EDGE_CURVE('',#1763,#1996,#983,.T.);
#2472=EDGE_CURVE('',#1996,#1995,#984,.T.);
#2473=EDGE_CURVE('',#1992,#1996,#985,.T.);
#2474=EDGE_CURVE('',#1997,#1997,#1699,.T.);
#2475=EDGE_CURVE('',#1825,#1998,#986,.T.);
#2476=EDGE_CURVE('',#1998,#1999,#987,.T.);
#2477=EDGE_CURVE('',#1826,#1999,#988,.T.);
#2478=EDGE_CURVE('',#1830,#2000,#989,.T.);
#2479=EDGE_CURVE('',#2000,#1998,#990,.T.);
#2480=EDGE_CURVE('',#1829,#2001,#991,.T.);
#2481=EDGE_CURVE('',#2001,#2000,#992,.T.);
#2482=EDGE_CURVE('',#1828,#2002,#993,.T.);
#2483=EDGE_CURVE('',#2002,#2001,#994,.T.);
#2484=EDGE_CURVE('',#1827,#2003,#995,.T.);
#2485=EDGE_CURVE('',#2003,#2002,#996,.T.);
#2486=EDGE_CURVE('',#1999,#2003,#997,.T.);
#2487=EDGE_CURVE('',#2004,#2004,#1700,.T.);
#2488=EDGE_CURVE('',#1755,#2005,#998,.T.);
#2489=EDGE_CURVE('',#2005,#2006,#999,.T.);
#2490=EDGE_CURVE('',#1756,#2006,#1000,.T.);
#2491=EDGE_CURVE('',#1760,#2007,#1001,.T.);
#2492=EDGE_CURVE('',#2007,#2005,#1002,.T.);
#2493=EDGE_CURVE('',#1759,#2008,#1003,.T.);
#2494=EDGE_CURVE('',#2008,#2007,#1004,.T.);
#2495=EDGE_CURVE('',#1758,#2009,#1005,.T.);
#2496=EDGE_CURVE('',#2009,#2008,#1006,.T.);
#2497=EDGE_CURVE('',#1757,#2010,#1007,.T.);
#2498=EDGE_CURVE('',#2010,#2009,#1008,.T.);
#2499=EDGE_CURVE('',#2006,#2010,#1009,.T.);
#2500=EDGE_CURVE('',#2011,#2011,#1701,.T.);
#2501=EDGE_CURVE('',#1819,#2012,#1010,.T.);
#2502=EDGE_CURVE('',#2012,#2013,#1011,.T.);
#2503=EDGE_CURVE('',#1820,#2013,#1012,.T.);
#2504=EDGE_CURVE('',#1824,#2014,#1013,.T.);
#2505=EDGE_CURVE('',#2014,#2012,#1014,.T.);
#2506=EDGE_CURVE('',#1823,#2015,#1015,.T.);
#2507=EDGE_CURVE('',#2015,#2014,#1016,.T.);
#2508=EDGE_CURVE('',#1822,#2016,#1017,.T.);
#2509=EDGE_CURVE('',#2016,#2015,#1018,.T.);
#2510=EDGE_CURVE('',#1821,#2017,#1019,.T.);
#2511=EDGE_CURVE('',#2017,#2016,#1020,.T.);
#2512=EDGE_CURVE('',#2013,#2017,#1021,.T.);
#2513=EDGE_CURVE('',#2018,#2018,#1702,.T.);
#2514=EDGE_CURVE('',#1749,#2019,#1022,.T.);
#2515=EDGE_CURVE('',#2019,#2020,#1023,.T.);
#2516=EDGE_CURVE('',#1750,#2020,#1024,.T.);
#2517=EDGE_CURVE('',#1754,#2021,#1025,.T.);
#2518=EDGE_CURVE('',#2021,#2019,#1026,.T.);
#2519=EDGE_CURVE('',#1753,#2022,#1027,.T.);
#2520=EDGE_CURVE('',#2022,#2021,#1028,.T.);
#2521=EDGE_CURVE('',#1752,#2023,#1029,.T.);
#2522=EDGE_CURVE('',#2023,#2022,#1030,.T.);
#2523=EDGE_CURVE('',#1751,#2024,#1031,.T.);
#2524=EDGE_CURVE('',#2024,#2023,#1032,.T.);
#2525=EDGE_CURVE('',#2020,#2024,#1033,.T.);
#2526=EDGE_CURVE('',#2025,#2025,#1703,.T.);
#2527=EDGE_CURVE('',#1743,#2026,#1034,.T.);
#2528=EDGE_CURVE('',#2026,#2027,#1035,.T.);
#2529=EDGE_CURVE('',#1744,#2027,#1036,.T.);
#2530=EDGE_CURVE('',#1748,#2028,#1037,.T.);
#2531=EDGE_CURVE('',#2028,#2026,#1038,.T.);
#2532=EDGE_CURVE('',#1747,#2029,#1039,.T.);
#2533=EDGE_CURVE('',#2029,#2028,#1040,.T.);
#2534=EDGE_CURVE('',#1746,#2030,#1041,.T.);
#2535=EDGE_CURVE('',#2030,#2029,#1042,.T.);
#2536=EDGE_CURVE('',#1745,#2031,#1043,.T.);
#2537=EDGE_CURVE('',#2031,#2030,#1044,.T.);
#2538=EDGE_CURVE('',#2027,#2031,#1045,.T.);
#2539=EDGE_CURVE('',#2032,#2032,#1704,.T.);
#2540=EDGE_CURVE('',#1813,#2033,#1046,.T.);
#2541=EDGE_CURVE('',#2033,#2034,#1047,.T.);
#2542=EDGE_CURVE('',#1814,#2034,#1048,.T.);
#2543=EDGE_CURVE('',#1818,#2035,#1049,.T.);
#2544=EDGE_CURVE('',#2035,#2033,#1050,.T.);
#2545=EDGE_CURVE('',#1817,#2036,#1051,.T.);
#2546=EDGE_CURVE('',#2036,#2035,#1052,.T.);
#2547=EDGE_CURVE('',#1816,#2037,#1053,.T.);
#2548=EDGE_CURVE('',#2037,#2036,#1054,.T.);
#2549=EDGE_CURVE('',#1815,#2038,#1055,.T.);
#2550=EDGE_CURVE('',#2038,#2037,#1056,.T.);
#2551=EDGE_CURVE('',#2034,#2038,#1057,.T.);
#2552=EDGE_CURVE('',#2039,#2039,#1705,.T.);
#2553=EDGE_CURVE('',#1737,#2040,#1058,.T.);
#2554=EDGE_CURVE('',#2040,#2041,#1059,.T.);
#2555=EDGE_CURVE('',#1738,#2041,#1060,.T.);
#2556=EDGE_CURVE('',#1742,#2042,#1061,.T.);
#2557=EDGE_CURVE('',#2042,#2040,#1062,.T.);
#2558=EDGE_CURVE('',#1741,#2043,#1063,.T.);
#2559=EDGE_CURVE('',#2043,#2042,#1064,.T.);
#2560=EDGE_CURVE('',#1740,#2044,#1065,.T.);
#2561=EDGE_CURVE('',#2044,#2043,#1066,.T.);
#2562=EDGE_CURVE('',#1739,#2045,#1067,.T.);
#2563=EDGE_CURVE('',#2045,#2044,#1068,.T.);
#2564=EDGE_CURVE('',#2041,#2045,#1069,.T.);
#2565=EDGE_CURVE('',#2046,#2046,#1706,.T.);
#2566=EDGE_CURVE('',#1807,#2047,#1070,.T.);
#2567=EDGE_CURVE('',#2047,#2048,#1071,.T.);
#2568=EDGE_CURVE('',#1808,#2048,#1072,.T.);
#2569=EDGE_CURVE('',#1812,#2049,#1073,.T.);
#2570=EDGE_CURVE('',#2049,#2047,#1074,.T.);
#2571=EDGE_CURVE('',#1811,#2050,#1075,.T.);
#2572=EDGE_CURVE('',#2050,#2049,#1076,.T.);
#2573=EDGE_CURVE('',#1810,#2051,#1077,.T.);
#2574=EDGE_CURVE('',#2051,#2050,#1078,.T.);
#2575=EDGE_CURVE('',#1809,#2052,#1079,.T.);
#2576=EDGE_CURVE('',#2052,#2051,#1080,.T.);
#2577=EDGE_CURVE('',#2048,#2052,#1081,.T.);
#2578=EDGE_CURVE('',#2053,#2053,#1707,.T.);
#2579=EDGE_CURVE('',#1731,#2054,#1082,.T.);
#2580=EDGE_CURVE('',#2054,#2055,#1083,.T.);
#2581=EDGE_CURVE('',#1732,#2055,#1084,.T.);
#2582=EDGE_CURVE('',#1736,#2056,#1085,.T.);
#2583=EDGE_CURVE('',#2056,#2054,#1086,.T.);
#2584=EDGE_CURVE('',#1735,#2057,#1087,.T.);
#2585=EDGE_CURVE('',#2057,#2056,#1088,.T.);
#2586=EDGE_CURVE('',#1734,#2058,#1089,.T.);
#2587=EDGE_CURVE('',#2058,#2057,#1090,.T.);
#2588=EDGE_CURVE('',#1733,#2059,#1091,.T.);
#2589=EDGE_CURVE('',#2059,#2058,#1092,.T.);
#2590=EDGE_CURVE('',#2055,#2059,#1093,.T.);
#2591=EDGE_CURVE('',#2060,#2060,#1708,.T.);
#2592=EDGE_CURVE('',#1801,#2061,#1094,.T.);
#2593=EDGE_CURVE('',#2061,#2062,#1095,.T.);
#2594=EDGE_CURVE('',#1802,#2062,#1096,.T.);
#2595=EDGE_CURVE('',#1806,#2063,#1097,.T.);
#2596=EDGE_CURVE('',#2063,#2061,#1098,.T.);
#2597=EDGE_CURVE('',#1805,#2064,#1099,.T.);
#2598=EDGE_CURVE('',#2064,#2063,#1100,.T.);
#2599=EDGE_CURVE('',#1804,#2065,#1101,.T.);
#2600=EDGE_CURVE('',#2065,#2064,#1102,.T.);
#2601=EDGE_CURVE('',#1803,#2066,#1103,.T.);
#2602=EDGE_CURVE('',#2066,#2065,#1104,.T.);
#2603=EDGE_CURVE('',#2062,#2066,#1105,.T.);
#2604=EDGE_CURVE('',#2067,#2067,#1709,.T.);
#2605=EDGE_CURVE('',#1795,#2068,#1106,.T.);
#2606=EDGE_CURVE('',#2068,#2069,#1107,.T.);
#2607=EDGE_CURVE('',#1796,#2069,#1108,.T.);
#2608=EDGE_CURVE('',#1800,#2070,#1109,.T.);
#2609=EDGE_CURVE('',#2070,#2068,#1110,.T.);
#2610=EDGE_CURVE('',#1799,#2071,#1111,.T.);
#2611=EDGE_CURVE('',#2071,#2070,#1112,.T.);
#2612=EDGE_CURVE('',#1798,#2072,#1113,.T.);
#2613=EDGE_CURVE('',#2072,#2071,#1114,.T.);
#2614=EDGE_CURVE('',#1797,#2073,#1115,.T.);
#2615=EDGE_CURVE('',#2073,#2072,#1116,.T.);
#2616=EDGE_CURVE('',#2069,#2073,#1117,.T.);
#2617=EDGE_CURVE('',#2074,#2074,#1710,.T.);
#2618=EDGE_CURVE('',#1725,#2075,#1118,.T.);
#2619=EDGE_CURVE('',#2075,#2076,#1119,.T.);
#2620=EDGE_CURVE('',#1726,#2076,#1120,.T.);
#2621=EDGE_CURVE('',#1730,#2077,#1121,.T.);
#2622=EDGE_CURVE('',#2077,#2075,#1122,.T.);
#2623=EDGE_CURVE('',#1729,#2078,#1123,.T.);
#2624=EDGE_CURVE('',#2078,#2077,#1124,.T.);
#2625=EDGE_CURVE('',#1728,#2079,#1125,.T.);
#2626=EDGE_CURVE('',#2079,#2078,#1126,.T.);
#2627=EDGE_CURVE('',#1727,#2080,#1127,.T.);
#2628=EDGE_CURVE('',#2080,#2079,#1128,.T.);
#2629=EDGE_CURVE('',#2076,#2080,#1129,.T.);
#2630=EDGE_CURVE('',#2081,#2081,#1711,.T.);
#2631=EDGE_CURVE('',#1789,#2082,#1130,.T.);
#2632=EDGE_CURVE('',#2082,#2083,#1131,.T.);
#2633=EDGE_CURVE('',#1790,#2083,#1132,.T.);
#2634=EDGE_CURVE('',#1794,#2084,#1133,.T.);
#2635=EDGE_CURVE('',#2084,#2082,#1134,.T.);
#2636=EDGE_CURVE('',#1793,#2085,#1135,.T.);
#2637=EDGE_CURVE('',#2085,#2084,#1136,.T.);
#2638=EDGE_CURVE('',#1792,#2086,#1137,.T.);
#2639=EDGE_CURVE('',#2086,#2085,#1138,.T.);
#2640=EDGE_CURVE('',#1791,#2087,#1139,.T.);
#2641=EDGE_CURVE('',#2087,#2086,#1140,.T.);
#2642=EDGE_CURVE('',#2083,#2087,#1141,.T.);
#2643=EDGE_CURVE('',#2088,#2088,#1712,.T.);
#2644=EDGE_CURVE('',#1980,#2089,#1142,.T.);
#2645=EDGE_CURVE('',#2089,#2089,#1713,.T.);
#2646=EDGE_CURVE('',#1981,#2060,#1143,.T.);
#2647=EDGE_CURVE('',#1982,#2011,#1144,.T.);
#2648=EDGE_CURVE('',#1983,#2025,#1145,.T.);
#2649=EDGE_CURVE('',#1984,#2032,#1146,.T.);
#2650=EDGE_CURVE('',#1985,#2081,#1147,.T.);
#2651=EDGE_CURVE('',#1986,#2046,#1148,.T.);
#2652=EDGE_CURVE('',#1987,#2090,#1149,.T.);
#2653=EDGE_CURVE('',#2090,#2090,#1714,.T.);
#2654=EDGE_CURVE('',#1988,#1997,#1150,.T.);
#2655=EDGE_CURVE('',#1969,#2091,#1151,.T.);
#2656=EDGE_CURVE('',#2091,#2091,#1715,.T.);
#2657=EDGE_CURVE('',#1970,#2088,#1152,.T.);
#2658=EDGE_CURVE('',#1971,#2039,#1153,.T.);
#2659=EDGE_CURVE('',#1972,#2004,#1154,.T.);
#2660=EDGE_CURVE('',#1973,#2053,#1155,.T.);
#2661=EDGE_CURVE('',#1974,#2074,#1156,.T.);
#2662=EDGE_CURVE('',#1975,#2067,#1157,.T.);
#2663=EDGE_CURVE('',#1976,#2018,#1158,.T.);
#2664=EDGE_CURVE('',#1977,#2092,#1159,.T.);
#2665=EDGE_CURVE('',#2092,#2092,#1716,.T.);
#2666=EDGE_CURVE('',#1853,#2093,#1717,.T.);
#2667=EDGE_CURVE('',#2093,#2094,#1160,.T.);
#2668=EDGE_CURVE('',#2094,#1933,#1718,.T.);
#2669=EDGE_CURVE('',#1852,#1786,#1161,.T.);
#2670=EDGE_CURVE('',#2093,#1785,#1162,.T.);
#2671=EDGE_CURVE('',#1772,#1907,#1163,.T.);
#2672=EDGE_CURVE('',#1771,#1881,#1164,.T.);
#2673=EDGE_CURVE('',#1882,#1990,#1165,.T.);
#2674=EDGE_CURVE('',#1967,#2094,#1166,.T.);
#2675=ORIENTED_EDGE('',*,*,#2095,.T.);
#2676=ORIENTED_EDGE('',*,*,#2096,.T.);
#2677=ORIENTED_EDGE('',*,*,#2097,.T.);
#2678=ORIENTED_EDGE('',*,*,#2098,.T.);
#2679=ORIENTED_EDGE('',*,*,#2096,.F.);
#2680=ORIENTED_EDGE('',*,*,#2099,.T.);
#2681=ORIENTED_EDGE('',*,*,#2100,.F.);
#2682=ORIENTED_EDGE('',*,*,#2101,.T.);
#2683=ORIENTED_EDGE('',*,*,#2102,.T.);
#2684=ORIENTED_EDGE('',*,*,#2103,.T.);
#2685=ORIENTED_EDGE('',*,*,#2104,.T.);
#2686=ORIENTED_EDGE('',*,*,#2105,.T.);
#2687=ORIENTED_EDGE('',*,*,#2106,.T.);
#2688=ORIENTED_EDGE('',*,*,#2107,.T.);
#2689=ORIENTED_EDGE('',*,*,#2108,.T.);
#2690=ORIENTED_EDGE('',*,*,#2109,.T.);
#2691=ORIENTED_EDGE('',*,*,#2110,.T.);
#2692=ORIENTED_EDGE('',*,*,#2111,.T.);
#2693=ORIENTED_EDGE('',*,*,#2112,.T.);
#2694=ORIENTED_EDGE('',*,*,#2113,.T.);
#2695=ORIENTED_EDGE('',*,*,#2114,.T.);
#2696=ORIENTED_EDGE('',*,*,#2115,.T.);
#2697=ORIENTED_EDGE('',*,*,#2116,.T.);
#2698=ORIENTED_EDGE('',*,*,#2117,.T.);
#2699=ORIENTED_EDGE('',*,*,#2118,.T.);
#2700=ORIENTED_EDGE('',*,*,#2119,.T.);
#2701=ORIENTED_EDGE('',*,*,#2120,.T.);
#2702=ORIENTED_EDGE('',*,*,#2121,.T.);
#2703=ORIENTED_EDGE('',*,*,#2122,.T.);
#2704=ORIENTED_EDGE('',*,*,#2123,.T.);
#2705=ORIENTED_EDGE('',*,*,#2124,.T.);
#2706=ORIENTED_EDGE('',*,*,#2125,.T.);
#2707=ORIENTED_EDGE('',*,*,#2126,.T.);
#2708=ORIENTED_EDGE('',*,*,#2127,.T.);
#2709=ORIENTED_EDGE('',*,*,#2128,.T.);
#2710=ORIENTED_EDGE('',*,*,#2129,.T.);
#2711=ORIENTED_EDGE('',*,*,#2130,.T.);
#2712=ORIENTED_EDGE('',*,*,#2131,.T.);
#2713=ORIENTED_EDGE('',*,*,#2132,.T.);
#2714=ORIENTED_EDGE('',*,*,#2133,.T.);
#2715=ORIENTED_EDGE('',*,*,#2134,.T.);
#2716=ORIENTED_EDGE('',*,*,#2135,.T.);
#2717=ORIENTED_EDGE('',*,*,#2136,.T.);
#2718=ORIENTED_EDGE('',*,*,#2137,.T.);
#2719=ORIENTED_EDGE('',*,*,#2138,.T.);
#2720=ORIENTED_EDGE('',*,*,#2139,.T.);
#2721=ORIENTED_EDGE('',*,*,#2140,.T.);
#2722=ORIENTED_EDGE('',*,*,#2141,.T.);
#2723=ORIENTED_EDGE('',*,*,#2142,.T.);
#2724=ORIENTED_EDGE('',*,*,#2143,.T.);
#2725=ORIENTED_EDGE('',*,*,#2144,.T.);
#2726=ORIENTED_EDGE('',*,*,#2145,.T.);
#2727=ORIENTED_EDGE('',*,*,#2146,.T.);
#2728=ORIENTED_EDGE('',*,*,#2147,.T.);
#2729=ORIENTED_EDGE('',*,*,#2098,.F.);
#2730=ORIENTED_EDGE('',*,*,#2148,.T.);
#2731=ORIENTED_EDGE('',*,*,#2149,.T.);
#2732=ORIENTED_EDGE('',*,*,#2150,.F.);
#2733=ORIENTED_EDGE('',*,*,#2145,.F.);
#2734=ORIENTED_EDGE('',*,*,#2151,.F.);
#2735=ORIENTED_EDGE('',*,*,#2152,.T.);
#2736=ORIENTED_EDGE('',*,*,#2153,.F.);
#2737=ORIENTED_EDGE('',*,*,#2154,.F.);
#2738=ORIENTED_EDGE('',*,*,#2155,.F.);
#2739=ORIENTED_EDGE('',*,*,#2156,.T.);
#2740=ORIENTED_EDGE('',*,*,#2157,.T.);
#2741=ORIENTED_EDGE('',*,*,#2158,.T.);
#2742=ORIENTED_EDGE('',*,*,#2100,.T.);
#2743=ORIENTED_EDGE('',*,*,#2157,.F.);
#2744=ORIENTED_EDGE('',*,*,#2159,.F.);
#2745=ORIENTED_EDGE('',*,*,#2160,.T.);
#2746=ORIENTED_EDGE('',*,*,#2161,.T.);
#2747=ORIENTED_EDGE('',*,*,#2162,.F.);
#2748=ORIENTED_EDGE('',*,*,#2163,.F.);
#2749=ORIENTED_EDGE('',*,*,#2164,.F.);
#2750=ORIENTED_EDGE('',*,*,#2165,.F.);
#2751=ORIENTED_EDGE('',*,*,#2166,.F.);
#2752=ORIENTED_EDGE('',*,*,#2167,.T.);
#2753=ORIENTED_EDGE('',*,*,#2168,.T.);
#2754=ORIENTED_EDGE('',*,*,#2169,.T.);
#2755=ORIENTED_EDGE('',*,*,#2170,.T.);
#2756=ORIENTED_EDGE('',*,*,#2164,.T.);
#2757=ORIENTED_EDGE('',*,*,#2147,.F.);
#2758=ORIENTED_EDGE('',*,*,#2171,.F.);
#2759=ORIENTED_EDGE('',*,*,#2169,.F.);
#2760=ORIENTED_EDGE('',*,*,#2172,.T.);
#2761=ORIENTED_EDGE('',*,*,#2173,.T.);
#2762=ORIENTED_EDGE('',*,*,#2174,.T.);
#2763=ORIENTED_EDGE('',*,*,#2175,.T.);
#2764=ORIENTED_EDGE('',*,*,#2176,.T.);
#2765=ORIENTED_EDGE('',*,*,#2177,.T.);
#2766=ORIENTED_EDGE('',*,*,#2178,.T.);
#2767=ORIENTED_EDGE('',*,*,#2179,.T.);
#2768=ORIENTED_EDGE('',*,*,#2180,.T.);
#2769=ORIENTED_EDGE('',*,*,#2181,.T.);
#2770=ORIENTED_EDGE('',*,*,#2182,.T.);
#2771=ORIENTED_EDGE('',*,*,#2183,.T.);
#2772=ORIENTED_EDGE('',*,*,#2184,.T.);
#2773=ORIENTED_EDGE('',*,*,#2185,.T.);
#2774=ORIENTED_EDGE('',*,*,#2186,.T.);
#2775=ORIENTED_EDGE('',*,*,#2187,.T.);
#2776=ORIENTED_EDGE('',*,*,#2188,.T.);
#2777=ORIENTED_EDGE('',*,*,#2189,.T.);
#2778=ORIENTED_EDGE('',*,*,#2190,.T.);
#2779=ORIENTED_EDGE('',*,*,#2191,.T.);
#2780=ORIENTED_EDGE('',*,*,#2192,.T.);
#2781=ORIENTED_EDGE('',*,*,#2193,.T.);
#2782=ORIENTED_EDGE('',*,*,#2194,.T.);
#2783=ORIENTED_EDGE('',*,*,#2195,.T.);
#2784=ORIENTED_EDGE('',*,*,#2196,.T.);
#2785=ORIENTED_EDGE('',*,*,#2197,.T.);
#2786=ORIENTED_EDGE('',*,*,#2198,.T.);
#2787=ORIENTED_EDGE('',*,*,#2199,.T.);
#2788=ORIENTED_EDGE('',*,*,#2200,.T.);
#2789=ORIENTED_EDGE('',*,*,#2201,.T.);
#2790=ORIENTED_EDGE('',*,*,#2202,.T.);
#2791=ORIENTED_EDGE('',*,*,#2203,.T.);
#2792=ORIENTED_EDGE('',*,*,#2204,.T.);
#2793=ORIENTED_EDGE('',*,*,#2205,.T.);
#2794=ORIENTED_EDGE('',*,*,#2206,.T.);
#2795=ORIENTED_EDGE('',*,*,#2207,.T.);
#2796=ORIENTED_EDGE('',*,*,#2208,.T.);
#2797=ORIENTED_EDGE('',*,*,#2209,.T.);
#2798=ORIENTED_EDGE('',*,*,#2210,.T.);
#2799=ORIENTED_EDGE('',*,*,#2211,.T.);
#2800=ORIENTED_EDGE('',*,*,#2212,.T.);
#2801=ORIENTED_EDGE('',*,*,#2213,.T.);
#2802=ORIENTED_EDGE('',*,*,#2214,.T.);
#2803=ORIENTED_EDGE('',*,*,#2215,.T.);
#2804=ORIENTED_EDGE('',*,*,#2216,.T.);
#2805=ORIENTED_EDGE('',*,*,#2217,.T.);
#2806=ORIENTED_EDGE('',*,*,#2218,.T.);
#2807=ORIENTED_EDGE('',*,*,#2216,.F.);
#2808=ORIENTED_EDGE('',*,*,#2219,.T.);
#2809=ORIENTED_EDGE('',*,*,#2220,.F.);
#2810=ORIENTED_EDGE('',*,*,#2221,.T.);
#2811=ORIENTED_EDGE('',*,*,#2215,.F.);
#2812=ORIENTED_EDGE('',*,*,#2222,.T.);
#2813=ORIENTED_EDGE('',*,*,#2223,.F.);
#2814=ORIENTED_EDGE('',*,*,#2224,.T.);
#2815=ORIENTED_EDGE('',*,*,#2225,.F.);
#2816=ORIENTED_EDGE('',*,*,#2226,.T.);
#2817=ORIENTED_EDGE('',*,*,#2227,.F.);
#2818=ORIENTED_EDGE('',*,*,#2228,.F.);
#2819=ORIENTED_EDGE('',*,*,#2229,.F.);
#2820=ORIENTED_EDGE('',*,*,#2230,.T.);
#2821=ORIENTED_EDGE('',*,*,#2231,.F.);
#2822=ORIENTED_EDGE('',*,*,#2232,.T.);
#2823=ORIENTED_EDGE('',*,*,#2233,.F.);
#2824=ORIENTED_EDGE('',*,*,#2234,.T.);
#2825=ORIENTED_EDGE('',*,*,#2235,.F.);
#2826=ORIENTED_EDGE('',*,*,#2236,.F.);
#2827=ORIENTED_EDGE('',*,*,#2237,.T.);
#2828=ORIENTED_EDGE('',*,*,#2238,.T.);
#2829=ORIENTED_EDGE('',*,*,#2239,.F.);
#2830=ORIENTED_EDGE('',*,*,#2240,.T.);
#2831=ORIENTED_EDGE('',*,*,#2241,.F.);
#2832=ORIENTED_EDGE('',*,*,#2242,.T.);
#2833=ORIENTED_EDGE('',*,*,#2243,.F.);
#2834=ORIENTED_EDGE('',*,*,#2219,.F.);
#2835=ORIENTED_EDGE('',*,*,#2227,.T.);
#2836=ORIENTED_EDGE('',*,*,#2244,.T.);
#2837=ORIENTED_EDGE('',*,*,#2245,.T.);
#2838=ORIENTED_EDGE('',*,*,#2246,.T.);
#2839=ORIENTED_EDGE('',*,*,#2246,.F.);
#2840=ORIENTED_EDGE('',*,*,#2247,.T.);
#2841=ORIENTED_EDGE('',*,*,#2248,.F.);
#2842=ORIENTED_EDGE('',*,*,#2228,.T.);
#2843=ORIENTED_EDGE('',*,*,#2245,.F.);
#2844=ORIENTED_EDGE('',*,*,#2249,.F.);
#2845=ORIENTED_EDGE('',*,*,#2250,.F.);
#2846=ORIENTED_EDGE('',*,*,#2251,.F.);
#2847=ORIENTED_EDGE('',*,*,#2247,.F.);
#2848=ORIENTED_EDGE('',*,*,#2252,.T.);
#2849=ORIENTED_EDGE('',*,*,#2253,.T.);
#2850=ORIENTED_EDGE('',*,*,#2254,.T.);
#2851=ORIENTED_EDGE('',*,*,#2255,.T.);
#2852=ORIENTED_EDGE('',*,*,#2253,.F.);
#2853=ORIENTED_EDGE('',*,*,#2256,.F.);
#2854=ORIENTED_EDGE('',*,*,#2257,.F.);
#2855=ORIENTED_EDGE('',*,*,#2258,.T.);
#2856=ORIENTED_EDGE('',*,*,#2252,.F.);
#2857=ORIENTED_EDGE('',*,*,#2259,.T.);
#2858=ORIENTED_EDGE('',*,*,#2260,.F.);
#2859=ORIENTED_EDGE('',*,*,#2261,.T.);
#2860=ORIENTED_EDGE('',*,*,#2262,.F.);
#2861=ORIENTED_EDGE('',*,*,#2263,.T.);
#2862=ORIENTED_EDGE('',*,*,#2264,.F.);
#2863=ORIENTED_EDGE('',*,*,#2265,.T.);
#2864=ORIENTED_EDGE('',*,*,#2266,.F.);
#2865=ORIENTED_EDGE('',*,*,#2267,.T.);
#2866=ORIENTED_EDGE('',*,*,#2268,.F.);
#2867=ORIENTED_EDGE('',*,*,#2269,.T.);
#2868=ORIENTED_EDGE('',*,*,#2270,.F.);
#2869=ORIENTED_EDGE('',*,*,#2271,.F.);
#2870=ORIENTED_EDGE('',*,*,#2272,.T.);
#2871=ORIENTED_EDGE('',*,*,#2273,.T.);
#2872=ORIENTED_EDGE('',*,*,#2274,.F.);
#2873=ORIENTED_EDGE('',*,*,#2275,.T.);
#2874=ORIENTED_EDGE('',*,*,#2276,.F.);
#2875=ORIENTED_EDGE('',*,*,#2277,.T.);
#2876=ORIENTED_EDGE('',*,*,#2278,.F.);
#2877=ORIENTED_EDGE('',*,*,#2279,.T.);
#2878=ORIENTED_EDGE('',*,*,#2280,.F.);
#2879=ORIENTED_EDGE('',*,*,#2256,.T.);
#2880=ORIENTED_EDGE('',*,*,#2281,.T.);
#2881=ORIENTED_EDGE('',*,*,#2266,.T.);
#2882=ORIENTED_EDGE('',*,*,#2282,.T.);
#2883=ORIENTED_EDGE('',*,*,#2283,.T.);
#2884=ORIENTED_EDGE('',*,*,#2284,.T.);
#2885=ORIENTED_EDGE('',*,*,#2285,.T.);
#2886=ORIENTED_EDGE('',*,*,#2286,.T.);
#2887=ORIENTED_EDGE('',*,*,#2287,.T.);
#2888=ORIENTED_EDGE('',*,*,#2288,.T.);
#2889=ORIENTED_EDGE('',*,*,#2284,.F.);
#2890=ORIENTED_EDGE('',*,*,#2289,.T.);
#2891=ORIENTED_EDGE('',*,*,#2290,.T.);
#2892=ORIENTED_EDGE('',*,*,#2287,.F.);
#2893=ORIENTED_EDGE('',*,*,#2291,.T.);
#2894=ORIENTED_EDGE('',*,*,#2283,.F.);
#2895=ORIENTED_EDGE('',*,*,#2281,.F.);
#2896=ORIENTED_EDGE('',*,*,#2291,.F.);
#2897=ORIENTED_EDGE('',*,*,#2289,.F.);
#2898=ORIENTED_EDGE('',*,*,#2292,.F.);
#2899=ORIENTED_EDGE('',*,*,#2267,.F.);
#2900=ORIENTED_EDGE('',*,*,#2286,.F.);
#2901=ORIENTED_EDGE('',*,*,#2293,.F.);
#2902=ORIENTED_EDGE('',*,*,#2268,.T.);
#2903=ORIENTED_EDGE('',*,*,#2292,.T.);
#2904=ORIENTED_EDGE('',*,*,#2294,.T.);
#2905=ORIENTED_EDGE('',*,*,#2295,.T.);
#2906=ORIENTED_EDGE('',*,*,#2296,.T.);
#2907=ORIENTED_EDGE('',*,*,#2297,.T.);
#2908=ORIENTED_EDGE('',*,*,#2298,.T.);
#2909=ORIENTED_EDGE('',*,*,#2299,.T.);
#2910=ORIENTED_EDGE('',*,*,#2300,.T.);
#2911=ORIENTED_EDGE('',*,*,#2301,.T.);
#2912=ORIENTED_EDGE('',*,*,#2302,.T.);
#2913=ORIENTED_EDGE('',*,*,#2298,.F.);
#2914=ORIENTED_EDGE('',*,*,#2303,.T.);
#2915=ORIENTED_EDGE('',*,*,#2304,.T.);
#2916=ORIENTED_EDGE('',*,*,#2301,.F.);
#2917=ORIENTED_EDGE('',*,*,#2305,.T.);
#2918=ORIENTED_EDGE('',*,*,#2297,.F.);
#2919=ORIENTED_EDGE('',*,*,#2295,.F.);
#2920=ORIENTED_EDGE('',*,*,#2306,.T.);
#2921=ORIENTED_EDGE('',*,*,#2307,.T.);
#2922=ORIENTED_EDGE('',*,*,#2308,.T.);
#2923=ORIENTED_EDGE('',*,*,#2270,.T.);
#2924=ORIENTED_EDGE('',*,*,#2309,.T.);
#2925=ORIENTED_EDGE('',*,*,#2310,.F.);
#2926=ORIENTED_EDGE('',*,*,#2311,.T.);
#2927=ORIENTED_EDGE('',*,*,#2294,.F.);
#2928=ORIENTED_EDGE('',*,*,#2312,.T.);
#2929=ORIENTED_EDGE('',*,*,#2313,.F.);
#2930=ORIENTED_EDGE('',*,*,#2306,.F.);
#2931=ORIENTED_EDGE('',*,*,#2305,.F.);
#2932=ORIENTED_EDGE('',*,*,#2314,.F.);
#2933=ORIENTED_EDGE('',*,*,#2315,.F.);
#2934=ORIENTED_EDGE('',*,*,#2312,.F.);
#2935=ORIENTED_EDGE('',*,*,#2303,.F.);
#2936=ORIENTED_EDGE('',*,*,#2300,.F.);
#2937=ORIENTED_EDGE('',*,*,#2316,.T.);
#2938=ORIENTED_EDGE('',*,*,#2317,.T.);
#2939=ORIENTED_EDGE('',*,*,#2314,.T.);
#2940=ORIENTED_EDGE('',*,*,#2264,.T.);
#2941=ORIENTED_EDGE('',*,*,#2318,.T.);
#2942=ORIENTED_EDGE('',*,*,#2319,.T.);
#2943=ORIENTED_EDGE('',*,*,#2320,.T.);
#2944=ORIENTED_EDGE('',*,*,#2282,.F.);
#2945=ORIENTED_EDGE('',*,*,#2265,.F.);
#2946=ORIENTED_EDGE('',*,*,#2320,.F.);
#2947=ORIENTED_EDGE('',*,*,#2321,.T.);
#2948=ORIENTED_EDGE('',*,*,#2290,.F.);
#2949=ORIENTED_EDGE('',*,*,#2321,.F.);
#2950=ORIENTED_EDGE('',*,*,#2319,.F.);
#2951=ORIENTED_EDGE('',*,*,#2322,.F.);
#2952=ORIENTED_EDGE('',*,*,#2323,.F.);
#2953=ORIENTED_EDGE('',*,*,#2257,.T.);
#2954=ORIENTED_EDGE('',*,*,#2280,.T.);
#2955=ORIENTED_EDGE('',*,*,#2324,.T.);
#2956=ORIENTED_EDGE('',*,*,#2325,.T.);
#2957=ORIENTED_EDGE('',*,*,#2326,.T.);
#2958=ORIENTED_EDGE('',*,*,#2327,.T.);
#2959=ORIENTED_EDGE('',*,*,#2328,.T.);
#2960=ORIENTED_EDGE('',*,*,#2329,.T.);
#2961=ORIENTED_EDGE('',*,*,#2330,.T.);
#2962=ORIENTED_EDGE('',*,*,#2326,.F.);
#2963=ORIENTED_EDGE('',*,*,#2331,.T.);
#2964=ORIENTED_EDGE('',*,*,#2332,.T.);
#2965=ORIENTED_EDGE('',*,*,#2329,.F.);
#2966=ORIENTED_EDGE('',*,*,#2333,.T.);
#2967=ORIENTED_EDGE('',*,*,#2325,.F.);
#2968=ORIENTED_EDGE('',*,*,#2254,.F.);
#2969=ORIENTED_EDGE('',*,*,#2258,.F.);
#2970=ORIENTED_EDGE('',*,*,#2333,.F.);
#2971=ORIENTED_EDGE('',*,*,#2334,.F.);
#2972=ORIENTED_EDGE('',*,*,#2335,.F.);
#2973=ORIENTED_EDGE('',*,*,#2331,.F.);
#2974=ORIENTED_EDGE('',*,*,#2328,.F.);
#2975=ORIENTED_EDGE('',*,*,#2336,.T.);
#2976=ORIENTED_EDGE('',*,*,#2337,.T.);
#2977=ORIENTED_EDGE('',*,*,#2334,.T.);
#2978=ORIENTED_EDGE('',*,*,#2338,.T.);
#2979=ORIENTED_EDGE('',*,*,#2274,.T.);
#2980=ORIENTED_EDGE('',*,*,#2339,.T.);
#2981=ORIENTED_EDGE('',*,*,#2340,.T.);
#2982=ORIENTED_EDGE('',*,*,#2341,.T.);
#2983=ORIENTED_EDGE('',*,*,#2342,.T.);
#2984=ORIENTED_EDGE('',*,*,#2343,.T.);
#2985=ORIENTED_EDGE('',*,*,#2344,.T.);
#2986=ORIENTED_EDGE('',*,*,#2345,.T.);
#2987=ORIENTED_EDGE('',*,*,#2341,.F.);
#2988=ORIENTED_EDGE('',*,*,#2346,.T.);
#2989=ORIENTED_EDGE('',*,*,#2347,.T.);
#2990=ORIENTED_EDGE('',*,*,#2344,.F.);
#2991=ORIENTED_EDGE('',*,*,#2348,.T.);
#2992=ORIENTED_EDGE('',*,*,#2340,.F.);
#2993=ORIENTED_EDGE('',*,*,#2338,.F.);
#2994=ORIENTED_EDGE('',*,*,#2348,.F.);
#2995=ORIENTED_EDGE('',*,*,#2346,.F.);
#2996=ORIENTED_EDGE('',*,*,#2349,.F.);
#2997=ORIENTED_EDGE('',*,*,#2275,.F.);
#2998=ORIENTED_EDGE('',*,*,#2343,.F.);
#2999=ORIENTED_EDGE('',*,*,#2350,.F.);
#3000=ORIENTED_EDGE('',*,*,#2276,.T.);
#3001=ORIENTED_EDGE('',*,*,#2349,.T.);
#3002=ORIENTED_EDGE('',*,*,#2351,.T.);
#3003=ORIENTED_EDGE('',*,*,#2352,.T.);
#3004=ORIENTED_EDGE('',*,*,#2353,.T.);
#3005=ORIENTED_EDGE('',*,*,#2354,.T.);
#3006=ORIENTED_EDGE('',*,*,#2355,.T.);
#3007=ORIENTED_EDGE('',*,*,#2356,.T.);
#3008=ORIENTED_EDGE('',*,*,#2357,.T.);
#3009=ORIENTED_EDGE('',*,*,#2358,.T.);
#3010=ORIENTED_EDGE('',*,*,#2359,.T.);
#3011=ORIENTED_EDGE('',*,*,#2355,.F.);
#3012=ORIENTED_EDGE('',*,*,#2360,.T.);
#3013=ORIENTED_EDGE('',*,*,#2361,.T.);
#3014=ORIENTED_EDGE('',*,*,#2358,.F.);
#3015=ORIENTED_EDGE('',*,*,#2362,.T.);
#3016=ORIENTED_EDGE('',*,*,#2354,.F.);
#3017=ORIENTED_EDGE('',*,*,#2351,.F.);
#3018=ORIENTED_EDGE('',*,*,#2362,.F.);
#3019=ORIENTED_EDGE('',*,*,#2360,.F.);
#3020=ORIENTED_EDGE('',*,*,#2363,.F.);
#3021=ORIENTED_EDGE('',*,*,#2364,.F.);
#3022=ORIENTED_EDGE('',*,*,#2357,.F.);
#3023=ORIENTED_EDGE('',*,*,#2365,.F.);
#3024=ORIENTED_EDGE('',*,*,#2366,.T.);
#3025=ORIENTED_EDGE('',*,*,#2363,.T.);
#3026=ORIENTED_EDGE('',*,*,#2220,.T.);
#3027=ORIENTED_EDGE('',*,*,#2243,.T.);
#3028=ORIENTED_EDGE('',*,*,#2367,.T.);
#3029=ORIENTED_EDGE('',*,*,#2368,.T.);
#3030=ORIENTED_EDGE('',*,*,#2369,.T.);
#3031=ORIENTED_EDGE('',*,*,#2370,.T.);
#3032=ORIENTED_EDGE('',*,*,#2371,.T.);
#3033=ORIENTED_EDGE('',*,*,#2372,.T.);
#3034=ORIENTED_EDGE('',*,*,#2373,.T.);
#3035=ORIENTED_EDGE('',*,*,#2369,.F.);
#3036=ORIENTED_EDGE('',*,*,#2374,.T.);
#3037=ORIENTED_EDGE('',*,*,#2375,.T.);
#3038=ORIENTED_EDGE('',*,*,#2372,.F.);
#3039=ORIENTED_EDGE('',*,*,#2376,.T.);
#3040=ORIENTED_EDGE('',*,*,#2368,.F.);
#3041=ORIENTED_EDGE('',*,*,#2217,.F.);
#3042=ORIENTED_EDGE('',*,*,#2221,.F.);
#3043=ORIENTED_EDGE('',*,*,#2376,.F.);
#3044=ORIENTED_EDGE('',*,*,#2377,.F.);
#3045=ORIENTED_EDGE('',*,*,#2378,.F.);
#3046=ORIENTED_EDGE('',*,*,#2374,.F.);
#3047=ORIENTED_EDGE('',*,*,#2371,.F.);
#3048=ORIENTED_EDGE('',*,*,#2379,.T.);
#3049=ORIENTED_EDGE('',*,*,#2380,.T.);
#3050=ORIENTED_EDGE('',*,*,#2377,.T.);
#3051=ORIENTED_EDGE('',*,*,#2381,.T.);
#3052=ORIENTED_EDGE('',*,*,#2229,.T.);
#3053=ORIENTED_EDGE('',*,*,#2248,.T.);
#3054=ORIENTED_EDGE('',*,*,#2382,.T.);
#3055=ORIENTED_EDGE('',*,*,#2383,.T.);
#3056=ORIENTED_EDGE('',*,*,#2384,.T.);
#3057=ORIENTED_EDGE('',*,*,#2385,.T.);
#3058=ORIENTED_EDGE('',*,*,#2386,.T.);
#3059=ORIENTED_EDGE('',*,*,#2387,.T.);
#3060=ORIENTED_EDGE('',*,*,#2383,.F.);
#3061=ORIENTED_EDGE('',*,*,#2388,.T.);
#3062=ORIENTED_EDGE('',*,*,#2251,.T.);
#3063=ORIENTED_EDGE('',*,*,#2386,.F.);
#3064=ORIENTED_EDGE('',*,*,#2389,.T.);
#3065=ORIENTED_EDGE('',*,*,#2382,.F.);
#3066=ORIENTED_EDGE('',*,*,#2381,.F.);
#3067=ORIENTED_EDGE('',*,*,#2389,.F.);
#3068=ORIENTED_EDGE('',*,*,#2388,.F.);
#3069=ORIENTED_EDGE('',*,*,#2390,.F.);
#3070=ORIENTED_EDGE('',*,*,#2230,.F.);
#3071=ORIENTED_EDGE('',*,*,#2385,.F.);
#3072=ORIENTED_EDGE('',*,*,#2391,.F.);
#3073=ORIENTED_EDGE('',*,*,#2231,.T.);
#3074=ORIENTED_EDGE('',*,*,#2390,.T.);
#3075=ORIENTED_EDGE('',*,*,#2392,.T.);
#3076=ORIENTED_EDGE('',*,*,#2235,.T.);
#3077=ORIENTED_EDGE('',*,*,#2393,.T.);
#3078=ORIENTED_EDGE('',*,*,#2394,.T.);
#3079=ORIENTED_EDGE('',*,*,#2395,.T.);
#3080=ORIENTED_EDGE('',*,*,#2396,.T.);
#3081=ORIENTED_EDGE('',*,*,#2397,.T.);
#3082=ORIENTED_EDGE('',*,*,#2398,.T.);
#3083=ORIENTED_EDGE('',*,*,#2399,.T.);
#3084=ORIENTED_EDGE('',*,*,#2395,.F.);
#3085=ORIENTED_EDGE('',*,*,#2400,.T.);
#3086=ORIENTED_EDGE('',*,*,#2401,.T.);
#3087=ORIENTED_EDGE('',*,*,#2398,.F.);
#3088=ORIENTED_EDGE('',*,*,#2402,.T.);
#3089=ORIENTED_EDGE('',*,*,#2394,.F.);
#3090=ORIENTED_EDGE('',*,*,#2392,.F.);
#3091=ORIENTED_EDGE('',*,*,#2403,.T.);
#3092=ORIENTED_EDGE('',*,*,#2404,.T.);
#3093=ORIENTED_EDGE('',*,*,#2236,.T.);
#3094=ORIENTED_EDGE('',*,*,#2402,.F.);
#3095=ORIENTED_EDGE('',*,*,#2405,.F.);
#3096=ORIENTED_EDGE('',*,*,#2406,.F.);
#3097=ORIENTED_EDGE('',*,*,#2403,.F.);
#3098=ORIENTED_EDGE('',*,*,#2400,.F.);
#3099=ORIENTED_EDGE('',*,*,#2397,.F.);
#3100=ORIENTED_EDGE('',*,*,#2407,.T.);
#3101=ORIENTED_EDGE('',*,*,#2408,.T.);
#3102=ORIENTED_EDGE('',*,*,#2405,.T.);
#3103=ORIENTED_EDGE('',*,*,#2359,.F.);
#3104=ORIENTED_EDGE('',*,*,#2409,.T.);
#3105=ORIENTED_EDGE('',*,*,#2410,.T.);
#3106=ORIENTED_EDGE('',*,*,#2411,.T.);
#3107=ORIENTED_EDGE('',*,*,#2356,.F.);
#3108=ORIENTED_EDGE('',*,*,#2361,.F.);
#3109=ORIENTED_EDGE('',*,*,#2412,.F.);
#3110=ORIENTED_EDGE('',*,*,#2413,.F.);
#3111=ORIENTED_EDGE('',*,*,#2409,.F.);
#3112=ORIENTED_EDGE('',*,*,#2411,.F.);
#3113=ORIENTED_EDGE('',*,*,#2414,.F.);
#3114=ORIENTED_EDGE('',*,*,#2316,.F.);
#3115=ORIENTED_EDGE('',*,*,#2415,.T.);
#3116=ORIENTED_EDGE('',*,*,#2309,.F.);
#3117=ORIENTED_EDGE('',*,*,#2269,.F.);
#3118=ORIENTED_EDGE('',*,*,#2293,.T.);
#3119=ORIENTED_EDGE('',*,*,#2416,.F.);
#3120=ORIENTED_EDGE('',*,*,#2417,.F.);
#3121=ORIENTED_EDGE('',*,*,#2379,.F.);
#3122=ORIENTED_EDGE('',*,*,#2418,.T.);
#3123=ORIENTED_EDGE('',*,*,#2240,.F.);
#3124=ORIENTED_EDGE('',*,*,#2419,.F.);
#3125=ORIENTED_EDGE('',*,*,#2365,.T.);
#3126=ORIENTED_EDGE('',*,*,#2420,.T.);
#3127=ORIENTED_EDGE('',*,*,#2421,.T.);
#3128=ORIENTED_EDGE('',*,*,#2422,.T.);
#3129=ORIENTED_EDGE('',*,*,#2423,.T.);
#3130=ORIENTED_EDGE('',*,*,#2424,.T.);
#3131=ORIENTED_EDGE('',*,*,#2425,.T.);
#3132=ORIENTED_EDGE('',*,*,#2426,.T.);
#3133=ORIENTED_EDGE('',*,*,#2427,.T.);
#3134=ORIENTED_EDGE('',*,*,#2428,.T.);
#3135=ORIENTED_EDGE('',*,*,#2387,.F.);
#3136=ORIENTED_EDGE('',*,*,#2250,.T.);
#3137=ORIENTED_EDGE('',*,*,#2429,.T.);
#3138=ORIENTED_EDGE('',*,*,#2430,.T.);
#3139=ORIENTED_EDGE('',*,*,#2384,.F.);
#3140=ORIENTED_EDGE('',*,*,#2430,.F.);
#3141=ORIENTED_EDGE('',*,*,#2431,.F.);
#3142=ORIENTED_EDGE('',*,*,#2336,.F.);
#3143=ORIENTED_EDGE('',*,*,#2432,.T.);
#3144=ORIENTED_EDGE('',*,*,#2277,.F.);
#3145=ORIENTED_EDGE('',*,*,#2350,.T.);
#3146=ORIENTED_EDGE('',*,*,#2433,.F.);
#3147=ORIENTED_EDGE('',*,*,#2434,.F.);
#3148=ORIENTED_EDGE('',*,*,#2407,.F.);
#3149=ORIENTED_EDGE('',*,*,#2435,.T.);
#3150=ORIENTED_EDGE('',*,*,#2232,.F.);
#3151=ORIENTED_EDGE('',*,*,#2391,.T.);
#3152=ORIENTED_EDGE('',*,*,#2436,.T.);
#3153=ORIENTED_EDGE('',*,*,#2437,.T.);
#3154=ORIENTED_EDGE('',*,*,#2438,.T.);
#3155=ORIENTED_EDGE('',*,*,#2439,.T.);
#3156=ORIENTED_EDGE('',*,*,#2440,.T.);
#3157=ORIENTED_EDGE('',*,*,#2441,.T.);
#3158=ORIENTED_EDGE('',*,*,#2442,.T.);
#3159=ORIENTED_EDGE('',*,*,#2443,.T.);
#3160=ORIENTED_EDGE('',*,*,#2444,.T.);
#3161=ORIENTED_EDGE('',*,*,#2162,.T.);
#3162=ORIENTED_EDGE('',*,*,#2445,.T.);
#3163=ORIENTED_EDGE('',*,*,#2223,.T.);
#3164=ORIENTED_EDGE('',*,*,#2446,.T.);
#3165=ORIENTED_EDGE('',*,*,#2445,.F.);
#3166=ORIENTED_EDGE('',*,*,#2161,.F.);
#3167=ORIENTED_EDGE('',*,*,#2447,.F.);
#3168=ORIENTED_EDGE('',*,*,#2224,.F.);
#3169=ORIENTED_EDGE('',*,*,#2160,.F.);
#3170=ORIENTED_EDGE('',*,*,#2448,.T.);
#3171=ORIENTED_EDGE('',*,*,#2225,.T.);
#3172=ORIENTED_EDGE('',*,*,#2447,.T.);
#3173=ORIENTED_EDGE('',*,*,#2244,.F.);
#3174=ORIENTED_EDGE('',*,*,#2226,.F.);
#3175=ORIENTED_EDGE('',*,*,#2448,.F.);
#3176=ORIENTED_EDGE('',*,*,#2159,.T.);
#3177=ORIENTED_EDGE('',*,*,#2156,.F.);
#3178=ORIENTED_EDGE('',*,*,#2099,.F.);
#3179=ORIENTED_EDGE('',*,*,#2095,.F.);
#3180=ORIENTED_EDGE('',*,*,#2155,.T.);
#3181=ORIENTED_EDGE('',*,*,#2449,.F.);
#3182=ORIENTED_EDGE('',*,*,#2259,.F.);
#3183=ORIENTED_EDGE('',*,*,#2255,.F.);
#3184=ORIENTED_EDGE('',*,*,#2335,.T.);
#3185=ORIENTED_EDGE('',*,*,#2337,.F.);
#3186=ORIENTED_EDGE('',*,*,#2431,.T.);
#3187=ORIENTED_EDGE('',*,*,#2429,.F.);
#3188=ORIENTED_EDGE('',*,*,#2249,.T.);
#3189=ORIENTED_EDGE('',*,*,#2288,.F.);
#3190=ORIENTED_EDGE('',*,*,#2323,.T.);
#3191=ORIENTED_EDGE('',*,*,#2450,.T.);
#3192=ORIENTED_EDGE('',*,*,#2416,.T.);
#3193=ORIENTED_EDGE('',*,*,#2285,.F.);
#3194=ORIENTED_EDGE('',*,*,#2345,.F.);
#3195=ORIENTED_EDGE('',*,*,#2451,.T.);
#3196=ORIENTED_EDGE('',*,*,#2452,.T.);
#3197=ORIENTED_EDGE('',*,*,#2433,.T.);
#3198=ORIENTED_EDGE('',*,*,#2342,.F.);
#3199=ORIENTED_EDGE('',*,*,#2347,.F.);
#3200=ORIENTED_EDGE('',*,*,#2453,.F.);
#3201=ORIENTED_EDGE('',*,*,#2454,.F.);
#3202=ORIENTED_EDGE('',*,*,#2451,.F.);
#3203=ORIENTED_EDGE('',*,*,#2152,.F.);
#3204=ORIENTED_EDGE('',*,*,#2455,.T.);
#3205=ORIENTED_EDGE('',*,*,#2262,.T.);
#3206=ORIENTED_EDGE('',*,*,#2456,.T.);
#3207=ORIENTED_EDGE('',*,*,#2218,.F.);
#3208=ORIENTED_EDGE('',*,*,#2378,.T.);
#3209=ORIENTED_EDGE('',*,*,#2380,.F.);
#3210=ORIENTED_EDGE('',*,*,#2417,.T.);
#3211=ORIENTED_EDGE('',*,*,#2450,.F.);
#3212=ORIENTED_EDGE('',*,*,#2322,.T.);
#3213=ORIENTED_EDGE('',*,*,#2318,.F.);
#3214=ORIENTED_EDGE('',*,*,#2263,.F.);
#3215=ORIENTED_EDGE('',*,*,#2455,.F.);
#3216=ORIENTED_EDGE('',*,*,#2151,.T.);
#3217=ORIENTED_EDGE('',*,*,#2144,.F.);
#3218=ORIENTED_EDGE('',*,*,#2172,.F.);
#3219=ORIENTED_EDGE('',*,*,#2168,.F.);
#3220=ORIENTED_EDGE('',*,*,#2163,.T.);
#3221=ORIENTED_EDGE('',*,*,#2446,.F.);
#3222=ORIENTED_EDGE('',*,*,#2222,.F.);
#3223=ORIENTED_EDGE('',*,*,#2154,.T.);
#3224=ORIENTED_EDGE('',*,*,#2457,.T.);
#3225=ORIENTED_EDGE('',*,*,#2260,.T.);
#3226=ORIENTED_EDGE('',*,*,#2449,.T.);
#3227=ORIENTED_EDGE('',*,*,#2456,.F.);
#3228=ORIENTED_EDGE('',*,*,#2261,.F.);
#3229=ORIENTED_EDGE('',*,*,#2457,.F.);
#3230=ORIENTED_EDGE('',*,*,#2153,.T.);
#3231=ORIENTED_EDGE('',*,*,#2299,.F.);
#3232=ORIENTED_EDGE('',*,*,#2458,.T.);
#3233=ORIENTED_EDGE('',*,*,#2310,.T.);
#3234=ORIENTED_EDGE('',*,*,#2415,.F.);
#3235=ORIENTED_EDGE('',*,*,#2296,.F.);
#3236=ORIENTED_EDGE('',*,*,#2311,.F.);
#3237=ORIENTED_EDGE('',*,*,#2458,.F.);
#3238=ORIENTED_EDGE('',*,*,#2302,.F.);
#3239=ORIENTED_EDGE('',*,*,#2304,.F.);
#3240=ORIENTED_EDGE('',*,*,#2327,.F.);
#3241=ORIENTED_EDGE('',*,*,#2459,.T.);
#3242=ORIENTED_EDGE('',*,*,#2278,.T.);
#3243=ORIENTED_EDGE('',*,*,#2432,.F.);
#3244=ORIENTED_EDGE('',*,*,#2324,.F.);
#3245=ORIENTED_EDGE('',*,*,#2279,.F.);
#3246=ORIENTED_EDGE('',*,*,#2459,.F.);
#3247=ORIENTED_EDGE('',*,*,#2330,.F.);
#3248=ORIENTED_EDGE('',*,*,#2332,.F.);
#3249=ORIENTED_EDGE('',*,*,#2396,.F.);
#3250=ORIENTED_EDGE('',*,*,#2460,.T.);
#3251=ORIENTED_EDGE('',*,*,#2233,.T.);
#3252=ORIENTED_EDGE('',*,*,#2435,.F.);
#3253=ORIENTED_EDGE('',*,*,#2393,.F.);
#3254=ORIENTED_EDGE('',*,*,#2234,.F.);
#3255=ORIENTED_EDGE('',*,*,#2460,.F.);
#3256=ORIENTED_EDGE('',*,*,#2399,.F.);
#3257=ORIENTED_EDGE('',*,*,#2401,.F.);
#3258=ORIENTED_EDGE('',*,*,#2370,.F.);
#3259=ORIENTED_EDGE('',*,*,#2461,.T.);
#3260=ORIENTED_EDGE('',*,*,#2241,.T.);
#3261=ORIENTED_EDGE('',*,*,#2418,.F.);
#3262=ORIENTED_EDGE('',*,*,#2367,.F.);
#3263=ORIENTED_EDGE('',*,*,#2242,.F.);
#3264=ORIENTED_EDGE('',*,*,#2461,.F.);
#3265=ORIENTED_EDGE('',*,*,#2373,.F.);
#3266=ORIENTED_EDGE('',*,*,#2375,.F.);
#3267=ORIENTED_EDGE('',*,*,#2138,.F.);
#3268=ORIENTED_EDGE('',*,*,#2462,.T.);
#3269=ORIENTED_EDGE('',*,*,#2463,.T.);
#3270=ORIENTED_EDGE('',*,*,#2464,.F.);
#3271=ORIENTED_EDGE('',*,*,#2143,.F.);
#3272=ORIENTED_EDGE('',*,*,#2465,.T.);
#3273=ORIENTED_EDGE('',*,*,#2466,.T.);
#3274=ORIENTED_EDGE('',*,*,#2462,.F.);
#3275=ORIENTED_EDGE('',*,*,#2142,.F.);
#3276=ORIENTED_EDGE('',*,*,#2467,.T.);
#3277=ORIENTED_EDGE('',*,*,#2468,.T.);
#3278=ORIENTED_EDGE('',*,*,#2465,.F.);
#3279=ORIENTED_EDGE('',*,*,#2141,.F.);
#3280=ORIENTED_EDGE('',*,*,#2469,.T.);
#3281=ORIENTED_EDGE('',*,*,#2470,.T.);
#3282=ORIENTED_EDGE('',*,*,#2467,.F.);
#3283=ORIENTED_EDGE('',*,*,#2140,.F.);
#3284=ORIENTED_EDGE('',*,*,#2471,.T.);
#3285=ORIENTED_EDGE('',*,*,#2472,.T.);
#3286=ORIENTED_EDGE('',*,*,#2469,.F.);
#3287=ORIENTED_EDGE('',*,*,#2139,.F.);
#3288=ORIENTED_EDGE('',*,*,#2464,.T.);
#3289=ORIENTED_EDGE('',*,*,#2473,.T.);
#3290=ORIENTED_EDGE('',*,*,#2471,.F.);
#3291=ORIENTED_EDGE('',*,*,#2473,.F.);
#3292=ORIENTED_EDGE('',*,*,#2463,.F.);
#3293=ORIENTED_EDGE('',*,*,#2466,.F.);
#3294=ORIENTED_EDGE('',*,*,#2468,.F.);
#3295=ORIENTED_EDGE('',*,*,#2470,.F.);
#3296=ORIENTED_EDGE('',*,*,#2472,.F.);
#3297=ORIENTED_EDGE('',*,*,#2474,.F.);
#3298=ORIENTED_EDGE('',*,*,#2209,.F.);
#3299=ORIENTED_EDGE('',*,*,#2475,.T.);
#3300=ORIENTED_EDGE('',*,*,#2476,.T.);
#3301=ORIENTED_EDGE('',*,*,#2477,.F.);
#3302=ORIENTED_EDGE('',*,*,#2214,.F.);
#3303=ORIENTED_EDGE('',*,*,#2478,.T.);
#3304=ORIENTED_EDGE('',*,*,#2479,.T.);
#3305=ORIENTED_EDGE('',*,*,#2475,.F.);
#3306=ORIENTED_EDGE('',*,*,#2213,.F.);
#3307=ORIENTED_EDGE('',*,*,#2480,.T.);
#3308=ORIENTED_EDGE('',*,*,#2481,.T.);
#3309=ORIENTED_EDGE('',*,*,#2478,.F.);
#3310=ORIENTED_EDGE('',*,*,#2212,.F.);
#3311=ORIENTED_EDGE('',*,*,#2482,.T.);
#3312=ORIENTED_EDGE('',*,*,#2483,.T.);
#3313=ORIENTED_EDGE('',*,*,#2480,.F.);
#3314=ORIENTED_EDGE('',*,*,#2211,.F.);
#3315=ORIENTED_EDGE('',*,*,#2484,.T.);
#3316=ORIENTED_EDGE('',*,*,#2485,.T.);
#3317=ORIENTED_EDGE('',*,*,#2482,.F.);
#3318=ORIENTED_EDGE('',*,*,#2210,.F.);
#3319=ORIENTED_EDGE('',*,*,#2477,.T.);
#3320=ORIENTED_EDGE('',*,*,#2486,.T.);
#3321=ORIENTED_EDGE('',*,*,#2484,.F.);
#3322=ORIENTED_EDGE('',*,*,#2486,.F.);
#3323=ORIENTED_EDGE('',*,*,#2476,.F.);
#3324=ORIENTED_EDGE('',*,*,#2479,.F.);
#3325=ORIENTED_EDGE('',*,*,#2481,.F.);
#3326=ORIENTED_EDGE('',*,*,#2483,.F.);
#3327=ORIENTED_EDGE('',*,*,#2485,.F.);
#3328=ORIENTED_EDGE('',*,*,#2487,.F.);
#3329=ORIENTED_EDGE('',*,*,#2132,.F.);
#3330=ORIENTED_EDGE('',*,*,#2488,.T.);
#3331=ORIENTED_EDGE('',*,*,#2489,.T.);
#3332=ORIENTED_EDGE('',*,*,#2490,.F.);
#3333=ORIENTED_EDGE('',*,*,#2137,.F.);
#3334=ORIENTED_EDGE('',*,*,#2491,.T.);
#3335=ORIENTED_EDGE('',*,*,#2492,.T.);
#3336=ORIENTED_EDGE('',*,*,#2488,.F.);
#3337=ORIENTED_EDGE('',*,*,#2136,.F.);
#3338=ORIENTED_EDGE('',*,*,#2493,.T.);
#3339=ORIENTED_EDGE('',*,*,#2494,.T.);
#3340=ORIENTED_EDGE('',*,*,#2491,.F.);
#3341=ORIENTED_EDGE('',*,*,#2135,.F.);
#3342=ORIENTED_EDGE('',*,*,#2495,.T.);
#3343=ORIENTED_EDGE('',*,*,#2496,.T.);
#3344=ORIENTED_EDGE('',*,*,#2493,.F.);
#3345=ORIENTED_EDGE('',*,*,#2134,.F.);
#3346=ORIENTED_EDGE('',*,*,#2497,.T.);
#3347=ORIENTED_EDGE('',*,*,#2498,.T.);
#3348=ORIENTED_EDGE('',*,*,#2495,.F.);
#3349=ORIENTED_EDGE('',*,*,#2133,.F.);
#3350=ORIENTED_EDGE('',*,*,#2490,.T.);
#3351=ORIENTED_EDGE('',*,*,#2499,.T.);
#3352=ORIENTED_EDGE('',*,*,#2497,.F.);
#3353=ORIENTED_EDGE('',*,*,#2499,.F.);
#3354=ORIENTED_EDGE('',*,*,#2489,.F.);
#3355=ORIENTED_EDGE('',*,*,#2492,.F.);
#3356=ORIENTED_EDGE('',*,*,#2494,.F.);
#3357=ORIENTED_EDGE('',*,*,#2496,.F.);
#3358=ORIENTED_EDGE('',*,*,#2498,.F.);
#3359=ORIENTED_EDGE('',*,*,#2500,.F.);
#3360=ORIENTED_EDGE('',*,*,#2203,.F.);
#3361=ORIENTED_EDGE('',*,*,#2501,.T.);
#3362=ORIENTED_EDGE('',*,*,#2502,.T.);
#3363=ORIENTED_EDGE('',*,*,#2503,.F.);
#3364=ORIENTED_EDGE('',*,*,#2208,.F.);
#3365=ORIENTED_EDGE('',*,*,#2504,.T.);
#3366=ORIENTED_EDGE('',*,*,#2505,.T.);
#3367=ORIENTED_EDGE('',*,*,#2501,.F.);
#3368=ORIENTED_EDGE('',*,*,#2207,.F.);
#3369=ORIENTED_EDGE('',*,*,#2506,.T.);
#3370=ORIENTED_EDGE('',*,*,#2507,.T.);
#3371=ORIENTED_EDGE('',*,*,#2504,.F.);
#3372=ORIENTED_EDGE('',*,*,#2206,.F.);
#3373=ORIENTED_EDGE('',*,*,#2508,.T.);
#3374=ORIENTED_EDGE('',*,*,#2509,.T.);
#3375=ORIENTED_EDGE('',*,*,#2506,.F.);
#3376=ORIENTED_EDGE('',*,*,#2205,.F.);
#3377=ORIENTED_EDGE('',*,*,#2510,.T.);
#3378=ORIENTED_EDGE('',*,*,#2511,.T.);
#3379=ORIENTED_EDGE('',*,*,#2508,.F.);
#3380=ORIENTED_EDGE('',*,*,#2204,.F.);
#3381=ORIENTED_EDGE('',*,*,#2503,.T.);
#3382=ORIENTED_EDGE('',*,*,#2512,.T.);
#3383=ORIENTED_EDGE('',*,*,#2510,.F.);
#3384=ORIENTED_EDGE('',*,*,#2512,.F.);
#3385=ORIENTED_EDGE('',*,*,#2502,.F.);
#3386=ORIENTED_EDGE('',*,*,#2505,.F.);
#3387=ORIENTED_EDGE('',*,*,#2507,.F.);
#3388=ORIENTED_EDGE('',*,*,#2509,.F.);
#3389=ORIENTED_EDGE('',*,*,#2511,.F.);
#3390=ORIENTED_EDGE('',*,*,#2513,.F.);
#3391=ORIENTED_EDGE('',*,*,#2126,.F.);
#3392=ORIENTED_EDGE('',*,*,#2514,.T.);
#3393=ORIENTED_EDGE('',*,*,#2515,.T.);
#3394=ORIENTED_EDGE('',*,*,#2516,.F.);
#3395=ORIENTED_EDGE('',*,*,#2131,.F.);
#3396=ORIENTED_EDGE('',*,*,#2517,.T.);
#3397=ORIENTED_EDGE('',*,*,#2518,.T.);
#3398=ORIENTED_EDGE('',*,*,#2514,.F.);
#3399=ORIENTED_EDGE('',*,*,#2130,.F.);
#3400=ORIENTED_EDGE('',*,*,#2519,.T.);
#3401=ORIENTED_EDGE('',*,*,#2520,.T.);
#3402=ORIENTED_EDGE('',*,*,#2517,.F.);
#3403=ORIENTED_EDGE('',*,*,#2129,.F.);
#3404=ORIENTED_EDGE('',*,*,#2521,.T.);
#3405=ORIENTED_EDGE('',*,*,#2522,.T.);
#3406=ORIENTED_EDGE('',*,*,#2519,.F.);
#3407=ORIENTED_EDGE('',*,*,#2128,.F.);
#3408=ORIENTED_EDGE('',*,*,#2523,.T.);
#3409=ORIENTED_EDGE('',*,*,#2524,.T.);
#3410=ORIENTED_EDGE('',*,*,#2521,.F.);
#3411=ORIENTED_EDGE('',*,*,#2127,.F.);
#3412=ORIENTED_EDGE('',*,*,#2516,.T.);
#3413=ORIENTED_EDGE('',*,*,#2525,.T.);
#3414=ORIENTED_EDGE('',*,*,#2523,.F.);
#3415=ORIENTED_EDGE('',*,*,#2525,.F.);
#3416=ORIENTED_EDGE('',*,*,#2515,.F.);
#3417=ORIENTED_EDGE('',*,*,#2518,.F.);
#3418=ORIENTED_EDGE('',*,*,#2520,.F.);
#3419=ORIENTED_EDGE('',*,*,#2522,.F.);
#3420=ORIENTED_EDGE('',*,*,#2524,.F.);
#3421=ORIENTED_EDGE('',*,*,#2526,.F.);
#3422=ORIENTED_EDGE('',*,*,#2120,.F.);
#3423=ORIENTED_EDGE('',*,*,#2527,.T.);
#3424=ORIENTED_EDGE('',*,*,#2528,.T.);
#3425=ORIENTED_EDGE('',*,*,#2529,.F.);
#3426=ORIENTED_EDGE('',*,*,#2125,.F.);
#3427=ORIENTED_EDGE('',*,*,#2530,.T.);
#3428=ORIENTED_EDGE('',*,*,#2531,.T.);
#3429=ORIENTED_EDGE('',*,*,#2527,.F.);
#3430=ORIENTED_EDGE('',*,*,#2124,.F.);
#3431=ORIENTED_EDGE('',*,*,#2532,.T.);
#3432=ORIENTED_EDGE('',*,*,#2533,.T.);
#3433=ORIENTED_EDGE('',*,*,#2530,.F.);
#3434=ORIENTED_EDGE('',*,*,#2123,.F.);
#3435=ORIENTED_EDGE('',*,*,#2534,.T.);
#3436=ORIENTED_EDGE('',*,*,#2535,.T.);
#3437=ORIENTED_EDGE('',*,*,#2532,.F.);
#3438=ORIENTED_EDGE('',*,*,#2122,.F.);
#3439=ORIENTED_EDGE('',*,*,#2536,.T.);
#3440=ORIENTED_EDGE('',*,*,#2537,.T.);
#3441=ORIENTED_EDGE('',*,*,#2534,.F.);
#3442=ORIENTED_EDGE('',*,*,#2121,.F.);
#3443=ORIENTED_EDGE('',*,*,#2529,.T.);
#3444=ORIENTED_EDGE('',*,*,#2538,.T.);
#3445=ORIENTED_EDGE('',*,*,#2536,.F.);
#3446=ORIENTED_EDGE('',*,*,#2538,.F.);
#3447=ORIENTED_EDGE('',*,*,#2528,.F.);
#3448=ORIENTED_EDGE('',*,*,#2531,.F.);
#3449=ORIENTED_EDGE('',*,*,#2533,.F.);
#3450=ORIENTED_EDGE('',*,*,#2535,.F.);
#3451=ORIENTED_EDGE('',*,*,#2537,.F.);
#3452=ORIENTED_EDGE('',*,*,#2539,.F.);
#3453=ORIENTED_EDGE('',*,*,#2197,.F.);
#3454=ORIENTED_EDGE('',*,*,#2540,.T.);
#3455=ORIENTED_EDGE('',*,*,#2541,.T.);
#3456=ORIENTED_EDGE('',*,*,#2542,.F.);
#3457=ORIENTED_EDGE('',*,*,#2202,.F.);
#3458=ORIENTED_EDGE('',*,*,#2543,.T.);
#3459=ORIENTED_EDGE('',*,*,#2544,.T.);
#3460=ORIENTED_EDGE('',*,*,#2540,.F.);
#3461=ORIENTED_EDGE('',*,*,#2201,.F.);
#3462=ORIENTED_EDGE('',*,*,#2545,.T.);
#3463=ORIENTED_EDGE('',*,*,#2546,.T.);
#3464=ORIENTED_EDGE('',*,*,#2543,.F.);
#3465=ORIENTED_EDGE('',*,*,#2200,.F.);
#3466=ORIENTED_EDGE('',*,*,#2547,.T.);
#3467=ORIENTED_EDGE('',*,*,#2548,.T.);
#3468=ORIENTED_EDGE('',*,*,#2545,.F.);
#3469=ORIENTED_EDGE('',*,*,#2199,.F.);
#3470=ORIENTED_EDGE('',*,*,#2549,.T.);
#3471=ORIENTED_EDGE('',*,*,#2550,.T.);
#3472=ORIENTED_EDGE('',*,*,#2547,.F.);
#3473=ORIENTED_EDGE('',*,*,#2198,.F.);
#3474=ORIENTED_EDGE('',*,*,#2542,.T.);
#3475=ORIENTED_EDGE('',*,*,#2551,.T.);
#3476=ORIENTED_EDGE('',*,*,#2549,.F.);
#3477=ORIENTED_EDGE('',*,*,#2551,.F.);
#3478=ORIENTED_EDGE('',*,*,#2541,.F.);
#3479=ORIENTED_EDGE('',*,*,#2544,.F.);
#3480=ORIENTED_EDGE('',*,*,#2546,.F.);
#3481=ORIENTED_EDGE('',*,*,#2548,.F.);
#3482=ORIENTED_EDGE('',*,*,#2550,.F.);
#3483=ORIENTED_EDGE('',*,*,#2552,.F.);
#3484=ORIENTED_EDGE('',*,*,#2114,.F.);
#3485=ORIENTED_EDGE('',*,*,#2553,.T.);
#3486=ORIENTED_EDGE('',*,*,#2554,.T.);
#3487=ORIENTED_EDGE('',*,*,#2555,.F.);
#3488=ORIENTED_EDGE('',*,*,#2119,.F.);
#3489=ORIENTED_EDGE('',*,*,#2556,.T.);
#3490=ORIENTED_EDGE('',*,*,#2557,.T.);
#3491=ORIENTED_EDGE('',*,*,#2553,.F.);
#3492=ORIENTED_EDGE('',*,*,#2118,.F.);
#3493=ORIENTED_EDGE('',*,*,#2558,.T.);
#3494=ORIENTED_EDGE('',*,*,#2559,.T.);
#3495=ORIENTED_EDGE('',*,*,#2556,.F.);
#3496=ORIENTED_EDGE('',*,*,#2117,.F.);
#3497=ORIENTED_EDGE('',*,*,#2560,.T.);
#3498=ORIENTED_EDGE('',*,*,#2561,.T.);
#3499=ORIENTED_EDGE('',*,*,#2558,.F.);
#3500=ORIENTED_EDGE('',*,*,#2116,.F.);
#3501=ORIENTED_EDGE('',*,*,#2562,.T.);
#3502=ORIENTED_EDGE('',*,*,#2563,.T.);
#3503=ORIENTED_EDGE('',*,*,#2560,.F.);
#3504=ORIENTED_EDGE('',*,*,#2115,.F.);
#3505=ORIENTED_EDGE('',*,*,#2555,.T.);
#3506=ORIENTED_EDGE('',*,*,#2564,.T.);
#3507=ORIENTED_EDGE('',*,*,#2562,.F.);
#3508=ORIENTED_EDGE('',*,*,#2564,.F.);
#3509=ORIENTED_EDGE('',*,*,#2554,.F.);
#3510=ORIENTED_EDGE('',*,*,#2557,.F.);
#3511=ORIENTED_EDGE('',*,*,#2559,.F.);
#3512=ORIENTED_EDGE('',*,*,#2561,.F.);
#3513=ORIENTED_EDGE('',*,*,#2563,.F.);
#3514=ORIENTED_EDGE('',*,*,#2565,.F.);
#3515=ORIENTED_EDGE('',*,*,#2191,.F.);
#3516=ORIENTED_EDGE('',*,*,#2566,.T.);
#3517=ORIENTED_EDGE('',*,*,#2567,.T.);
#3518=ORIENTED_EDGE('',*,*,#2568,.F.);
#3519=ORIENTED_EDGE('',*,*,#2196,.F.);
#3520=ORIENTED_EDGE('',*,*,#2569,.T.);
#3521=ORIENTED_EDGE('',*,*,#2570,.T.);
#3522=ORIENTED_EDGE('',*,*,#2566,.F.);
#3523=ORIENTED_EDGE('',*,*,#2195,.F.);
#3524=ORIENTED_EDGE('',*,*,#2571,.T.);
#3525=ORIENTED_EDGE('',*,*,#2572,.T.);
#3526=ORIENTED_EDGE('',*,*,#2569,.F.);
#3527=ORIENTED_EDGE('',*,*,#2194,.F.);
#3528=ORIENTED_EDGE('',*,*,#2573,.T.);
#3529=ORIENTED_EDGE('',*,*,#2574,.T.);
#3530=ORIENTED_EDGE('',*,*,#2571,.F.);
#3531=ORIENTED_EDGE('',*,*,#2193,.F.);
#3532=ORIENTED_EDGE('',*,*,#2575,.T.);
#3533=ORIENTED_EDGE('',*,*,#2576,.T.);
#3534=ORIENTED_EDGE('',*,*,#2573,.F.);
#3535=ORIENTED_EDGE('',*,*,#2192,.F.);
#3536=ORIENTED_EDGE('',*,*,#2568,.T.);
#3537=ORIENTED_EDGE('',*,*,#2577,.T.);
#3538=ORIENTED_EDGE('',*,*,#2575,.F.);
#3539=ORIENTED_EDGE('',*,*,#2577,.F.);
#3540=ORIENTED_EDGE('',*,*,#2567,.F.);
#3541=ORIENTED_EDGE('',*,*,#2570,.F.);
#3542=ORIENTED_EDGE('',*,*,#2572,.F.);
#3543=ORIENTED_EDGE('',*,*,#2574,.F.);
#3544=ORIENTED_EDGE('',*,*,#2576,.F.);
#3545=ORIENTED_EDGE('',*,*,#2578,.F.);
#3546=ORIENTED_EDGE('',*,*,#2108,.F.);
#3547=ORIENTED_EDGE('',*,*,#2579,.T.);
#3548=ORIENTED_EDGE('',*,*,#2580,.T.);
#3549=ORIENTED_EDGE('',*,*,#2581,.F.);
#3550=ORIENTED_EDGE('',*,*,#2113,.F.);
#3551=ORIENTED_EDGE('',*,*,#2582,.T.);
#3552=ORIENTED_EDGE('',*,*,#2583,.T.);
#3553=ORIENTED_EDGE('',*,*,#2579,.F.);
#3554=ORIENTED_EDGE('',*,*,#2112,.F.);
#3555=ORIENTED_EDGE('',*,*,#2584,.T.);
#3556=ORIENTED_EDGE('',*,*,#2585,.T.);
#3557=ORIENTED_EDGE('',*,*,#2582,.F.);
#3558=ORIENTED_EDGE('',*,*,#2111,.F.);
#3559=ORIENTED_EDGE('',*,*,#2586,.T.);
#3560=ORIENTED_EDGE('',*,*,#2587,.T.);
#3561=ORIENTED_EDGE('',*,*,#2584,.F.);
#3562=ORIENTED_EDGE('',*,*,#2110,.F.);
#3563=ORIENTED_EDGE('',*,*,#2588,.T.);
#3564=ORIENTED_EDGE('',*,*,#2589,.T.);
#3565=ORIENTED_EDGE('',*,*,#2586,.F.);
#3566=ORIENTED_EDGE('',*,*,#2109,.F.);
#3567=ORIENTED_EDGE('',*,*,#2581,.T.);
#3568=ORIENTED_EDGE('',*,*,#2590,.T.);
#3569=ORIENTED_EDGE('',*,*,#2588,.F.);
#3570=ORIENTED_EDGE('',*,*,#2590,.F.);
#3571=ORIENTED_EDGE('',*,*,#2580,.F.);
#3572=ORIENTED_EDGE('',*,*,#2583,.F.);
#3573=ORIENTED_EDGE('',*,*,#2585,.F.);
#3574=ORIENTED_EDGE('',*,*,#2587,.F.);
#3575=ORIENTED_EDGE('',*,*,#2589,.F.);
#3576=ORIENTED_EDGE('',*,*,#2591,.F.);
#3577=ORIENTED_EDGE('',*,*,#2185,.F.);
#3578=ORIENTED_EDGE('',*,*,#2592,.T.);
#3579=ORIENTED_EDGE('',*,*,#2593,.T.);
#3580=ORIENTED_EDGE('',*,*,#2594,.F.);
#3581=ORIENTED_EDGE('',*,*,#2190,.F.);
#3582=ORIENTED_EDGE('',*,*,#2595,.T.);
#3583=ORIENTED_EDGE('',*,*,#2596,.T.);
#3584=ORIENTED_EDGE('',*,*,#2592,.F.);
#3585=ORIENTED_EDGE('',*,*,#2189,.F.);
#3586=ORIENTED_EDGE('',*,*,#2597,.T.);
#3587=ORIENTED_EDGE('',*,*,#2598,.T.);
#3588=ORIENTED_EDGE('',*,*,#2595,.F.);
#3589=ORIENTED_EDGE('',*,*,#2188,.F.);
#3590=ORIENTED_EDGE('',*,*,#2599,.T.);
#3591=ORIENTED_EDGE('',*,*,#2600,.T.);
#3592=ORIENTED_EDGE('',*,*,#2597,.F.);
#3593=ORIENTED_EDGE('',*,*,#2187,.F.);
#3594=ORIENTED_EDGE('',*,*,#2601,.T.);
#3595=ORIENTED_EDGE('',*,*,#2602,.T.);
#3596=ORIENTED_EDGE('',*,*,#2599,.F.);
#3597=ORIENTED_EDGE('',*,*,#2186,.F.);
#3598=ORIENTED_EDGE('',*,*,#2594,.T.);
#3599=ORIENTED_EDGE('',*,*,#2603,.T.);
#3600=ORIENTED_EDGE('',*,*,#2601,.F.);
#3601=ORIENTED_EDGE('',*,*,#2603,.F.);
#3602=ORIENTED_EDGE('',*,*,#2593,.F.);
#3603=ORIENTED_EDGE('',*,*,#2596,.F.);
#3604=ORIENTED_EDGE('',*,*,#2598,.F.);
#3605=ORIENTED_EDGE('',*,*,#2600,.F.);
#3606=ORIENTED_EDGE('',*,*,#2602,.F.);
#3607=ORIENTED_EDGE('',*,*,#2604,.F.);
#3608=ORIENTED_EDGE('',*,*,#2179,.F.);
#3609=ORIENTED_EDGE('',*,*,#2605,.T.);
#3610=ORIENTED_EDGE('',*,*,#2606,.T.);
#3611=ORIENTED_EDGE('',*,*,#2607,.F.);
#3612=ORIENTED_EDGE('',*,*,#2184,.F.);
#3613=ORIENTED_EDGE('',*,*,#2608,.T.);
#3614=ORIENTED_EDGE('',*,*,#2609,.T.);
#3615=ORIENTED_EDGE('',*,*,#2605,.F.);
#3616=ORIENTED_EDGE('',*,*,#2183,.F.);
#3617=ORIENTED_EDGE('',*,*,#2610,.T.);
#3618=ORIENTED_EDGE('',*,*,#2611,.T.);
#3619=ORIENTED_EDGE('',*,*,#2608,.F.);
#3620=ORIENTED_EDGE('',*,*,#2182,.F.);
#3621=ORIENTED_EDGE('',*,*,#2612,.T.);
#3622=ORIENTED_EDGE('',*,*,#2613,.T.);
#3623=ORIENTED_EDGE('',*,*,#2610,.F.);
#3624=ORIENTED_EDGE('',*,*,#2181,.F.);
#3625=ORIENTED_EDGE('',*,*,#2614,.T.);
#3626=ORIENTED_EDGE('',*,*,#2615,.T.);
#3627=ORIENTED_EDGE('',*,*,#2612,.F.);
#3628=ORIENTED_EDGE('',*,*,#2180,.F.);
#3629=ORIENTED_EDGE('',*,*,#2607,.T.);
#3630=ORIENTED_EDGE('',*,*,#2616,.T.);
#3631=ORIENTED_EDGE('',*,*,#2614,.F.);
#3632=ORIENTED_EDGE('',*,*,#2616,.F.);
#3633=ORIENTED_EDGE('',*,*,#2606,.F.);
#3634=ORIENTED_EDGE('',*,*,#2609,.F.);
#3635=ORIENTED_EDGE('',*,*,#2611,.F.);
#3636=ORIENTED_EDGE('',*,*,#2613,.F.);
#3637=ORIENTED_EDGE('',*,*,#2615,.F.);
#3638=ORIENTED_EDGE('',*,*,#2617,.F.);
#3639=ORIENTED_EDGE('',*,*,#2102,.F.);
#3640=ORIENTED_EDGE('',*,*,#2618,.T.);
#3641=ORIENTED_EDGE('',*,*,#2619,.T.);
#3642=ORIENTED_EDGE('',*,*,#2620,.F.);
#3643=ORIENTED_EDGE('',*,*,#2107,.F.);
#3644=ORIENTED_EDGE('',*,*,#2621,.T.);
#3645=ORIENTED_EDGE('',*,*,#2622,.T.);
#3646=ORIENTED_EDGE('',*,*,#2618,.F.);
#3647=ORIENTED_EDGE('',*,*,#2106,.F.);
#3648=ORIENTED_EDGE('',*,*,#2623,.T.);
#3649=ORIENTED_EDGE('',*,*,#2624,.T.);
#3650=ORIENTED_EDGE('',*,*,#2621,.F.);
#3651=ORIENTED_EDGE('',*,*,#2105,.F.);
#3652=ORIENTED_EDGE('',*,*,#2625,.T.);
#3653=ORIENTED_EDGE('',*,*,#2626,.T.);
#3654=ORIENTED_EDGE('',*,*,#2623,.F.);
#3655=ORIENTED_EDGE('',*,*,#2104,.F.);
#3656=ORIENTED_EDGE('',*,*,#2627,.T.);
#3657=ORIENTED_EDGE('',*,*,#2628,.T.);
#3658=ORIENTED_EDGE('',*,*,#2625,.F.);
#3659=ORIENTED_EDGE('',*,*,#2103,.F.);
#3660=ORIENTED_EDGE('',*,*,#2620,.T.);
#3661=ORIENTED_EDGE('',*,*,#2629,.T.);
#3662=ORIENTED_EDGE('',*,*,#2627,.F.);
#3663=ORIENTED_EDGE('',*,*,#2629,.F.);
#3664=ORIENTED_EDGE('',*,*,#2619,.F.);
#3665=ORIENTED_EDGE('',*,*,#2622,.F.);
#3666=ORIENTED_EDGE('',*,*,#2624,.F.);
#3667=ORIENTED_EDGE('',*,*,#2626,.F.);
#3668=ORIENTED_EDGE('',*,*,#2628,.F.);
#3669=ORIENTED_EDGE('',*,*,#2630,.F.);
#3670=ORIENTED_EDGE('',*,*,#2173,.F.);
#3671=ORIENTED_EDGE('',*,*,#2631,.T.);
#3672=ORIENTED_EDGE('',*,*,#2632,.T.);
#3673=ORIENTED_EDGE('',*,*,#2633,.F.);
#3674=ORIENTED_EDGE('',*,*,#2178,.F.);
#3675=ORIENTED_EDGE('',*,*,#2634,.T.);
#3676=ORIENTED_EDGE('',*,*,#2635,.T.);
#3677=ORIENTED_EDGE('',*,*,#2631,.F.);
#3678=ORIENTED_EDGE('',*,*,#2177,.F.);
#3679=ORIENTED_EDGE('',*,*,#2636,.T.);
#3680=ORIENTED_EDGE('',*,*,#2637,.T.);
#3681=ORIENTED_EDGE('',*,*,#2634,.F.);
#3682=ORIENTED_EDGE('',*,*,#2176,.F.);
#3683=ORIENTED_EDGE('',*,*,#2638,.T.);
#3684=ORIENTED_EDGE('',*,*,#2639,.T.);
#3685=ORIENTED_EDGE('',*,*,#2636,.F.);
#3686=ORIENTED_EDGE('',*,*,#2175,.F.);
#3687=ORIENTED_EDGE('',*,*,#2640,.T.);
#3688=ORIENTED_EDGE('',*,*,#2641,.T.);
#3689=ORIENTED_EDGE('',*,*,#2638,.F.);
#3690=ORIENTED_EDGE('',*,*,#2174,.F.);
#3691=ORIENTED_EDGE('',*,*,#2633,.T.);
#3692=ORIENTED_EDGE('',*,*,#2642,.T.);
#3693=ORIENTED_EDGE('',*,*,#2640,.F.);
#3694=ORIENTED_EDGE('',*,*,#2642,.F.);
#3695=ORIENTED_EDGE('',*,*,#2632,.F.);
#3696=ORIENTED_EDGE('',*,*,#2635,.F.);
#3697=ORIENTED_EDGE('',*,*,#2637,.F.);
#3698=ORIENTED_EDGE('',*,*,#2639,.F.);
#3699=ORIENTED_EDGE('',*,*,#2641,.F.);
#3700=ORIENTED_EDGE('',*,*,#2643,.F.);
#3701=ORIENTED_EDGE('',*,*,#2436,.F.);
#3702=ORIENTED_EDGE('',*,*,#2644,.T.);
#3703=ORIENTED_EDGE('',*,*,#2645,.F.);
#3704=ORIENTED_EDGE('',*,*,#2644,.F.);
#3705=ORIENTED_EDGE('',*,*,#2437,.F.);
#3706=ORIENTED_EDGE('',*,*,#2646,.T.);
#3707=ORIENTED_EDGE('',*,*,#2591,.T.);
#3708=ORIENTED_EDGE('',*,*,#2646,.F.);
#3709=ORIENTED_EDGE('',*,*,#2438,.F.);
#3710=ORIENTED_EDGE('',*,*,#2647,.T.);
#3711=ORIENTED_EDGE('',*,*,#2500,.T.);
#3712=ORIENTED_EDGE('',*,*,#2647,.F.);
#3713=ORIENTED_EDGE('',*,*,#2439,.F.);
#3714=ORIENTED_EDGE('',*,*,#2648,.T.);
#3715=ORIENTED_EDGE('',*,*,#2526,.T.);
#3716=ORIENTED_EDGE('',*,*,#2648,.F.);
#3717=ORIENTED_EDGE('',*,*,#2440,.F.);
#3718=ORIENTED_EDGE('',*,*,#2649,.T.);
#3719=ORIENTED_EDGE('',*,*,#2539,.T.);
#3720=ORIENTED_EDGE('',*,*,#2649,.F.);
#3721=ORIENTED_EDGE('',*,*,#2441,.F.);
#3722=ORIENTED_EDGE('',*,*,#2650,.T.);
#3723=ORIENTED_EDGE('',*,*,#2630,.T.);
#3724=ORIENTED_EDGE('',*,*,#2650,.F.);
#3725=ORIENTED_EDGE('',*,*,#2442,.F.);
#3726=ORIENTED_EDGE('',*,*,#2651,.T.);
#3727=ORIENTED_EDGE('',*,*,#2565,.T.);
#3728=ORIENTED_EDGE('',*,*,#2651,.F.);
#3729=ORIENTED_EDGE('',*,*,#2443,.F.);
#3730=ORIENTED_EDGE('',*,*,#2652,.T.);
#3731=ORIENTED_EDGE('',*,*,#2653,.F.);
#3732=ORIENTED_EDGE('',*,*,#2652,.F.);
#3733=ORIENTED_EDGE('',*,*,#2444,.F.);
#3734=ORIENTED_EDGE('',*,*,#2654,.T.);
#3735=ORIENTED_EDGE('',*,*,#2474,.T.);
#3736=ORIENTED_EDGE('',*,*,#2654,.F.);
#3737=ORIENTED_EDGE('',*,*,#2420,.F.);
#3738=ORIENTED_EDGE('',*,*,#2655,.T.);
#3739=ORIENTED_EDGE('',*,*,#2656,.F.);
#3740=ORIENTED_EDGE('',*,*,#2655,.F.);
#3741=ORIENTED_EDGE('',*,*,#2421,.F.);
#3742=ORIENTED_EDGE('',*,*,#2657,.T.);
#3743=ORIENTED_EDGE('',*,*,#2643,.T.);
#3744=ORIENTED_EDGE('',*,*,#2657,.F.);
#3745=ORIENTED_EDGE('',*,*,#2422,.F.);
#3746=ORIENTED_EDGE('',*,*,#2658,.T.);
#3747=ORIENTED_EDGE('',*,*,#2552,.T.);
#3748=ORIENTED_EDGE('',*,*,#2658,.F.);
#3749=ORIENTED_EDGE('',*,*,#2423,.F.);
#3750=ORIENTED_EDGE('',*,*,#2659,.T.);
#3751=ORIENTED_EDGE('',*,*,#2487,.T.);
#3752=ORIENTED_EDGE('',*,*,#2659,.F.);
#3753=ORIENTED_EDGE('',*,*,#2424,.F.);
#3754=ORIENTED_EDGE('',*,*,#2660,.T.);
#3755=ORIENTED_EDGE('',*,*,#2578,.T.);
#3756=ORIENTED_EDGE('',*,*,#2660,.F.);
#3757=ORIENTED_EDGE('',*,*,#2425,.F.);
#3758=ORIENTED_EDGE('',*,*,#2661,.T.);
#3759=ORIENTED_EDGE('',*,*,#2617,.T.);
#3760=ORIENTED_EDGE('',*,*,#2661,.F.);
#3761=ORIENTED_EDGE('',*,*,#2426,.F.);
#3762=ORIENTED_EDGE('',*,*,#2662,.T.);
#3763=ORIENTED_EDGE('',*,*,#2604,.T.);
#3764=ORIENTED_EDGE('',*,*,#2662,.F.);
#3765=ORIENTED_EDGE('',*,*,#2427,.F.);
#3766=ORIENTED_EDGE('',*,*,#2663,.T.);
#3767=ORIENTED_EDGE('',*,*,#2513,.T.);
#3768=ORIENTED_EDGE('',*,*,#2663,.F.);
#3769=ORIENTED_EDGE('',*,*,#2428,.F.);
#3770=ORIENTED_EDGE('',*,*,#2664,.T.);
#3771=ORIENTED_EDGE('',*,*,#2665,.F.);
#3772=ORIENTED_EDGE('',*,*,#2664,.F.);
#3773=ORIENTED_EDGE('',*,*,#2352,.F.);
#3774=ORIENTED_EDGE('',*,*,#2364,.T.);
#3775=ORIENTED_EDGE('',*,*,#2366,.F.);
#3776=ORIENTED_EDGE('',*,*,#2419,.T.);
#3777=ORIENTED_EDGE('',*,*,#2239,.T.);
#3778=ORIENTED_EDGE('',*,*,#2666,.T.);
#3779=ORIENTED_EDGE('',*,*,#2667,.T.);
#3780=ORIENTED_EDGE('',*,*,#2668,.T.);
#3781=ORIENTED_EDGE('',*,*,#2666,.F.);
#3782=ORIENTED_EDGE('',*,*,#2238,.F.);
#3783=ORIENTED_EDGE('',*,*,#2669,.T.);
#3784=ORIENTED_EDGE('',*,*,#2166,.T.);
#3785=ORIENTED_EDGE('',*,*,#2670,.F.);
#3786=ORIENTED_EDGE('',*,*,#2653,.T.);
#3787=ORIENTED_EDGE('',*,*,#2656,.T.);
#3788=ORIENTED_EDGE('',*,*,#2308,.F.);
#3789=ORIENTED_EDGE('',*,*,#2671,.F.);
#3790=ORIENTED_EDGE('',*,*,#2149,.F.);
#3791=ORIENTED_EDGE('',*,*,#2672,.T.);
#3792=ORIENTED_EDGE('',*,*,#2271,.T.);
#3793=ORIENTED_EDGE('',*,*,#2645,.T.);
#3794=ORIENTED_EDGE('',*,*,#2665,.T.);
#3795=ORIENTED_EDGE('',*,*,#2406,.T.);
#3796=ORIENTED_EDGE('',*,*,#2408,.F.);
#3797=ORIENTED_EDGE('',*,*,#2434,.T.);
#3798=ORIENTED_EDGE('',*,*,#2452,.F.);
#3799=ORIENTED_EDGE('',*,*,#2454,.T.);
#3800=ORIENTED_EDGE('',*,*,#2673,.F.);
#3801=ORIENTED_EDGE('',*,*,#2272,.F.);
#3802=ORIENTED_EDGE('',*,*,#2672,.F.);
#3803=ORIENTED_EDGE('',*,*,#2148,.F.);
#3804=ORIENTED_EDGE('',*,*,#2097,.F.);
#3805=ORIENTED_EDGE('',*,*,#2101,.F.);
#3806=ORIENTED_EDGE('',*,*,#2158,.F.);
#3807=ORIENTED_EDGE('',*,*,#2167,.F.);
#3808=ORIENTED_EDGE('',*,*,#2669,.F.);
#3809=ORIENTED_EDGE('',*,*,#2237,.F.);
#3810=ORIENTED_EDGE('',*,*,#2404,.F.);
#3811=ORIENTED_EDGE('',*,*,#2339,.F.);
#3812=ORIENTED_EDGE('',*,*,#2273,.F.);
#3813=ORIENTED_EDGE('',*,*,#2673,.T.);
#3814=ORIENTED_EDGE('',*,*,#2453,.T.);
#3815=ORIENTED_EDGE('',*,*,#2353,.F.);
#3816=ORIENTED_EDGE('',*,*,#2668,.F.);
#3817=ORIENTED_EDGE('',*,*,#2674,.F.);
#3818=ORIENTED_EDGE('',*,*,#2412,.T.);
#3819=ORIENTED_EDGE('',*,*,#2667,.F.);
#3820=ORIENTED_EDGE('',*,*,#2670,.T.);
#3821=ORIENTED_EDGE('',*,*,#2165,.T.);
#3822=ORIENTED_EDGE('',*,*,#2170,.F.);
#3823=ORIENTED_EDGE('',*,*,#2171,.T.);
#3824=ORIENTED_EDGE('',*,*,#2146,.F.);
#3825=ORIENTED_EDGE('',*,*,#2150,.T.);
#3826=ORIENTED_EDGE('',*,*,#2671,.T.);
#3827=ORIENTED_EDGE('',*,*,#2307,.F.);
#3828=ORIENTED_EDGE('',*,*,#2313,.T.);
#3829=ORIENTED_EDGE('',*,*,#2315,.T.);
#3830=ORIENTED_EDGE('',*,*,#2317,.F.);
#3831=ORIENTED_EDGE('',*,*,#2414,.T.);
#3832=ORIENTED_EDGE('',*,*,#2410,.F.);
#3833=ORIENTED_EDGE('',*,*,#2413,.T.);
#3834=ORIENTED_EDGE('',*,*,#2674,.T.);
#3835=CYLINDRICAL_SURFACE('',#4140,2.);
#3836=CYLINDRICAL_SURFACE('',#4144,2.);
#3837=CYLINDRICAL_SURFACE('',#4150,2.);
#3838=CYLINDRICAL_SURFACE('',#4156,2.);
#3839=CYLINDRICAL_SURFACE('',#4160,0.5);
#3840=CYLINDRICAL_SURFACE('',#4174,0.5);
#3841=CYLINDRICAL_SURFACE('',#4178,0.5);
#3842=CYLINDRICAL_SURFACE('',#4192,0.5);
#3843=CYLINDRICAL_SURFACE('',#4199,0.5);
#3844=CYLINDRICAL_SURFACE('',#4201,0.1);
#3845=CYLINDRICAL_SURFACE('',#4202,0.5);
#3846=CYLINDRICAL_SURFACE('',#4209,0.5);
#3847=CYLINDRICAL_SURFACE('',#4210,5.);
#3848=CYLINDRICAL_SURFACE('',#4216,1.);
#3849=CYLINDRICAL_SURFACE('',#4218,0.5);
#3850=CYLINDRICAL_SURFACE('',#4222,0.5);
#3851=CYLINDRICAL_SURFACE('',#4229,0.5);
#3852=CYLINDRICAL_SURFACE('',#4231,1.);
#3853=CYLINDRICAL_SURFACE('',#4233,0.5);
#3854=CYLINDRICAL_SURFACE('',#4240,0.5);
#3855=CYLINDRICAL_SURFACE('',#4242,0.1);
#3856=CYLINDRICAL_SURFACE('',#4243,0.5);
#3857=CYLINDRICAL_SURFACE('',#4250,0.5);
#3858=CYLINDRICAL_SURFACE('',#4252,0.1);
#3859=CYLINDRICAL_SURFACE('',#4253,0.5);
#3860=CYLINDRICAL_SURFACE('',#4260,0.5);
#3861=CYLINDRICAL_SURFACE('',#4262,1.);
#3862=CYLINDRICAL_SURFACE('',#4264,0.5);
#3863=CYLINDRICAL_SURFACE('',#4271,0.5);
#3864=CYLINDRICAL_SURFACE('',#4273,0.1);
#3865=CYLINDRICAL_SURFACE('',#4274,0.5);
#3866=CYLINDRICAL_SURFACE('',#4281,0.5);
#3867=CYLINDRICAL_SURFACE('',#4284,1.);
#3868=CYLINDRICAL_SURFACE('',#4286,1.);
#3869=CYLINDRICAL_SURFACE('',#4300,1.);
#3870=CYLINDRICAL_SURFACE('',#4312,1.);
#3871=CYLINDRICAL_SURFACE('',#4314,1.);
#3872=CYLINDRICAL_SURFACE('',#4316,1.);
#3873=CYLINDRICAL_SURFACE('',#4318,1.);
#3874=CYLINDRICAL_SURFACE('',#4321,1.);
#3875=CYLINDRICAL_SURFACE('',#4323,1.);
#3876=CYLINDRICAL_SURFACE('',#4325,0.1);
#3877=CYLINDRICAL_SURFACE('',#4327,0.1);
#3878=CYLINDRICAL_SURFACE('',#4329,0.1);
#3879=CYLINDRICAL_SURFACE('',#4331,0.1);
#3880=CYLINDRICAL_SURFACE('',#4445,1.15);
#3881=CYLINDRICAL_SURFACE('',#4447,1.15);
#3882=CYLINDRICAL_SURFACE('',#4448,1.15);
#3883=CYLINDRICAL_SURFACE('',#4449,1.15);
#3884=CYLINDRICAL_SURFACE('',#4450,1.15);
#3885=CYLINDRICAL_SURFACE('',#4451,1.15);
#3886=CYLINDRICAL_SURFACE('',#4452,1.15);
#3887=CYLINDRICAL_SURFACE('',#4453,1.15);
#3888=CYLINDRICAL_SURFACE('',#4455,1.15);
#3889=CYLINDRICAL_SURFACE('',#4456,1.15);
#3890=CYLINDRICAL_SURFACE('',#4458,1.15);
#3891=CYLINDRICAL_SURFACE('',#4459,1.15);
#3892=CYLINDRICAL_SURFACE('',#4460,1.15);
#3893=CYLINDRICAL_SURFACE('',#4461,1.15);
#3894=CYLINDRICAL_SURFACE('',#4462,1.15);
#3895=CYLINDRICAL_SURFACE('',#4463,1.15);
#3896=CYLINDRICAL_SURFACE('',#4464,1.15);
#3897=CYLINDRICAL_SURFACE('',#4465,1.15);
#3898=CYLINDRICAL_SURFACE('',#4467,5.);
#3899=ADVANCED_FACE('',(#247),#3835,.F.);
#3900=ADVANCED_FACE('',(#248,#59,#60,#61,#62,#63,#64,#65),#109,.T.);
#3901=ADVANCED_FACE('',(#249),#3836,.F.);
#3902=ADVANCED_FACE('',(#250),#110,.T.);
#3903=ADVANCED_FACE('',(#251),#3837,.F.);
#3904=ADVANCED_FACE('',(#252),#111,.T.);
#3905=ADVANCED_FACE('',(#253),#3838,.F.);
#3906=ADVANCED_FACE('',(#254,#66,#67,#68,#69,#70,#71,#72),#112,.T.);
#3907=ADVANCED_FACE('',(#255),#3839,.T.);
#3908=ADVANCED_FACE('',(#256),#113,.T.);
#3909=ADVANCED_FACE('',(#257),#114,.T.);
#3910=ADVANCED_FACE('',(#258),#3840,.T.);
#3911=ADVANCED_FACE('',(#259),#115,.T.);
#3912=ADVANCED_FACE('',(#260),#116,.F.);
#3913=ADVANCED_FACE('',(#261),#3841,.T.);
#3914=ADVANCED_FACE('',(#262),#117,.T.);
#3915=ADVANCED_FACE('',(#263),#118,.T.);
#3916=ADVANCED_FACE('',(#264),#3842,.T.);
#3917=ADVANCED_FACE('',(#265),#43,.F.);
#3918=ADVANCED_FACE('',(#266),#15,.T.);
#3919=ADVANCED_FACE('',(#267),#3843,.T.);
#3920=ADVANCED_FACE('',(#268),#119,.F.);
#3921=ADVANCED_FACE('',(#269),#3844,.F.);
#3922=ADVANCED_FACE('',(#270),#3845,.T.);
#3923=ADVANCED_FACE('',(#271),#44,.F.);
#3924=ADVANCED_FACE('',(#272),#16,.T.);
#3925=ADVANCED_FACE('',(#273),#3846,.T.);
#3926=ADVANCED_FACE('',(#274),#3847,.T.);
#3927=ADVANCED_FACE('',(#275),#120,.T.);
#3928=ADVANCED_FACE('',(#276),#121,.F.);
#3929=ADVANCED_FACE('',(#277),#3848,.F.);
#3930=ADVANCED_FACE('',(#278),#3849,.T.);
#3931=ADVANCED_FACE('',(#279),#122,.T.);
#3932=ADVANCED_FACE('',(#280),#123,.F.);
#3933=ADVANCED_FACE('',(#281),#3850,.T.);
#3934=ADVANCED_FACE('',(#282),#45,.F.);
#3935=ADVANCED_FACE('',(#283),#17,.T.);
#3936=ADVANCED_FACE('',(#284),#3851,.T.);
#3937=ADVANCED_FACE('',(#285),#124,.F.);
#3938=ADVANCED_FACE('',(#286),#3852,.F.);
#3939=ADVANCED_FACE('',(#287),#3853,.T.);
#3940=ADVANCED_FACE('',(#288),#46,.F.);
#3941=ADVANCED_FACE('',(#289),#18,.T.);
#3942=ADVANCED_FACE('',(#290),#3854,.T.);
#3943=ADVANCED_FACE('',(#291),#125,.F.);
#3944=ADVANCED_FACE('',(#292),#3855,.F.);
#3945=ADVANCED_FACE('',(#293),#3856,.T.);
#3946=ADVANCED_FACE('',(#294),#47,.F.);
#3947=ADVANCED_FACE('',(#295),#19,.T.);
#3948=ADVANCED_FACE('',(#296),#3857,.T.);
#3949=ADVANCED_FACE('',(#297),#126,.F.);
#3950=ADVANCED_FACE('',(#298),#3858,.F.);
#3951=ADVANCED_FACE('',(#299),#3859,.T.);
#3952=ADVANCED_FACE('',(#300),#48,.F.);
#3953=ADVANCED_FACE('',(#301),#20,.T.);
#3954=ADVANCED_FACE('',(#302),#3860,.T.);
#3955=ADVANCED_FACE('',(#303),#127,.F.);
#3956=ADVANCED_FACE('',(#304),#3861,.F.);
#3957=ADVANCED_FACE('',(#305),#3862,.T.);
#3958=ADVANCED_FACE('',(#306),#49,.F.);
#3959=ADVANCED_FACE('',(#307),#21,.T.);
#3960=ADVANCED_FACE('',(#308),#3863,.T.);
#3961=ADVANCED_FACE('',(#309),#128,.F.);
#3962=ADVANCED_FACE('',(#310),#3864,.F.);
#3963=ADVANCED_FACE('',(#311),#3865,.T.);
#3964=ADVANCED_FACE('',(#312),#50,.F.);
#3965=ADVANCED_FACE('',(#313),#22,.T.);
#3966=ADVANCED_FACE('',(#314),#3866,.T.);
#3967=ADVANCED_FACE('',(#315),#129,.T.);
#3968=ADVANCED_FACE('',(#316),#130,.F.);
#3969=ADVANCED_FACE('',(#317),#3867,.F.);
#3970=ADVANCED_FACE('',(#318),#3868,.F.);
#3971=ADVANCED_FACE('',(#319),#131,.F.);
#3972=ADVANCED_FACE('',(#320,#73,#74,#75,#76,#77,#78,#79,#80,#81),#132,
 .T.);
#3973=ADVANCED_FACE('',(#321),#3869,.F.);
#3974=ADVANCED_FACE('',(#322,#82,#83,#84,#85,#86,#87,#88,#89,#90),#133,
 .T.);
#3975=ADVANCED_FACE('',(#323),#3870,.F.);
#3976=ADVANCED_FACE('',(#324),#134,.F.);
#3977=ADVANCED_FACE('',(#325),#3871,.F.);
#3978=ADVANCED_FACE('',(#326),#135,.F.);
#3979=ADVANCED_FACE('',(#327),#3872,.F.);
#3980=ADVANCED_FACE('',(#328),#3873,.F.);
#3981=ADVANCED_FACE('',(#329),#136,.F.);
#3982=ADVANCED_FACE('',(#330),#3874,.F.);
#3983=ADVANCED_FACE('',(#331),#137,.F.);
#3984=ADVANCED_FACE('',(#332),#3875,.F.);
#3985=ADVANCED_FACE('',(#333),#138,.F.);
#3986=ADVANCED_FACE('',(#334),#3876,.F.);
#3987=ADVANCED_FACE('',(#335),#139,.F.);
#3988=ADVANCED_FACE('',(#336),#3877,.F.);
#3989=ADVANCED_FACE('',(#337),#140,.F.);
#3990=ADVANCED_FACE('',(#338),#3878,.F.);
#3991=ADVANCED_FACE('',(#339),#141,.F.);
#3992=ADVANCED_FACE('',(#340),#3879,.F.);
#3993=ADVANCED_FACE('',(#341),#142,.F.);
#3994=ADVANCED_FACE('',(#342),#143,.F.);
#3995=ADVANCED_FACE('',(#343),#144,.F.);
#3996=ADVANCED_FACE('',(#344),#145,.F.);
#3997=ADVANCED_FACE('',(#345),#146,.F.);
#3998=ADVANCED_FACE('',(#346),#147,.F.);
#3999=ADVANCED_FACE('',(#347),#148,.F.);
#4000=ADVANCED_FACE('',(#348,#91),#149,.T.);
#4001=ADVANCED_FACE('',(#349),#150,.F.);
#4002=ADVANCED_FACE('',(#350),#151,.F.);
#4003=ADVANCED_FACE('',(#351),#152,.F.);
#4004=ADVANCED_FACE('',(#352),#153,.F.);
#4005=ADVANCED_FACE('',(#353),#154,.F.);
#4006=ADVANCED_FACE('',(#354),#155,.F.);
#4007=ADVANCED_FACE('',(#355,#92),#156,.F.);
#4008=ADVANCED_FACE('',(#356),#157,.F.);
#4009=ADVANCED_FACE('',(#357),#158,.F.);
#4010=ADVANCED_FACE('',(#358),#159,.F.);
#4011=ADVANCED_FACE('',(#359),#160,.F.);
#4012=ADVANCED_FACE('',(#360),#161,.F.);
#4013=ADVANCED_FACE('',(#361),#162,.F.);
#4014=ADVANCED_FACE('',(#362,#93),#163,.F.);
#4015=ADVANCED_FACE('',(#363),#164,.F.);
#4016=ADVANCED_FACE('',(#364),#165,.F.);
#4017=ADVANCED_FACE('',(#365),#166,.F.);
#4018=ADVANCED_FACE('',(#366),#167,.F.);
#4019=ADVANCED_FACE('',(#367),#168,.F.);
#4020=ADVANCED_FACE('',(#368),#169,.F.);
#4021=ADVANCED_FACE('',(#369,#94),#170,.F.);
#4022=ADVANCED_FACE('',(#370),#171,.F.);
#4023=ADVANCED_FACE('',(#371),#172,.F.);
#4024=ADVANCED_FACE('',(#372),#173,.F.);
#4025=ADVANCED_FACE('',(#373),#174,.F.);
#4026=ADVANCED_FACE('',(#374),#175,.F.);
#4027=ADVANCED_FACE('',(#375),#176,.F.);
#4028=ADVANCED_FACE('',(#376,#95),#177,.F.);
#4029=ADVANCED_FACE('',(#377),#178,.F.);
#4030=ADVANCED_FACE('',(#378),#179,.F.);
#4031=ADVANCED_FACE('',(#379),#180,.F.);
#4032=ADVANCED_FACE('',(#380),#181,.F.);
#4033=ADVANCED_FACE('',(#381),#182,.F.);
#4034=ADVANCED_FACE('',(#382),#183,.F.);
#4035=ADVANCED_FACE('',(#383,#96),#184,.F.);
#4036=ADVANCED_FACE('',(#384),#185,.F.);
#4037=ADVANCED_FACE('',(#385),#186,.F.);
#4038=ADVANCED_FACE('',(#386),#187,.F.);
#4039=ADVANCED_FACE('',(#387),#188,.F.);
#4040=ADVANCED_FACE('',(#388),#189,.F.);
#4041=ADVANCED_FACE('',(#389),#190,.F.);
#4042=ADVANCED_FACE('',(#390,#97),#191,.F.);
#4043=ADVANCED_FACE('',(#391),#192,.F.);
#4044=ADVANCED_FACE('',(#392),#193,.F.);
#4045=ADVANCED_FACE('',(#393),#194,.F.);
#4046=ADVANCED_FACE('',(#394),#195,.F.);
#4047=ADVANCED_FACE('',(#395),#196,.F.);
#4048=ADVANCED_FACE('',(#396),#197,.F.);
#4049=ADVANCED_FACE('',(#397,#98),#198,.F.);
#4050=ADVANCED_FACE('',(#398),#199,.F.);
#4051=ADVANCED_FACE('',(#399),#200,.F.);
#4052=ADVANCED_FACE('',(#400),#201,.F.);
#4053=ADVANCED_FACE('',(#401),#202,.F.);
#4054=ADVANCED_FACE('',(#402),#203,.F.);
#4055=ADVANCED_FACE('',(#403),#204,.F.);
#4056=ADVANCED_FACE('',(#404,#99),#205,.F.);
#4057=ADVANCED_FACE('',(#405),#206,.F.);
#4058=ADVANCED_FACE('',(#406),#207,.F.);
#4059=ADVANCED_FACE('',(#407),#208,.F.);
#4060=ADVANCED_FACE('',(#408),#209,.F.);
#4061=ADVANCED_FACE('',(#409),#210,.F.);
#4062=ADVANCED_FACE('',(#410),#211,.F.);
#4063=ADVANCED_FACE('',(#411,#100),#212,.F.);
#4064=ADVANCED_FACE('',(#412),#213,.F.);
#4065=ADVANCED_FACE('',(#413),#214,.F.);
#4066=ADVANCED_FACE('',(#414),#215,.F.);
#4067=ADVANCED_FACE('',(#415),#216,.F.);
#4068=ADVANCED_FACE('',(#416),#217,.F.);
#4069=ADVANCED_FACE('',(#417),#218,.F.);
#4070=ADVANCED_FACE('',(#418,#101),#219,.F.);
#4071=ADVANCED_FACE('',(#419),#220,.F.);
#4072=ADVANCED_FACE('',(#420),#221,.F.);
#4073=ADVANCED_FACE('',(#421),#222,.F.);
#4074=ADVANCED_FACE('',(#422),#223,.F.);
#4075=ADVANCED_FACE('',(#423),#224,.F.);
#4076=ADVANCED_FACE('',(#424),#225,.F.);
#4077=ADVANCED_FACE('',(#425,#102),#226,.F.);
#4078=ADVANCED_FACE('',(#426),#227,.F.);
#4079=ADVANCED_FACE('',(#427),#228,.F.);
#4080=ADVANCED_FACE('',(#428),#229,.F.);
#4081=ADVANCED_FACE('',(#429),#230,.F.);
#4082=ADVANCED_FACE('',(#430),#231,.F.);
#4083=ADVANCED_FACE('',(#431),#232,.F.);
#4084=ADVANCED_FACE('',(#432,#103),#233,.F.);
#4085=ADVANCED_FACE('',(#433),#234,.F.);
#4086=ADVANCED_FACE('',(#434),#235,.F.);
#4087=ADVANCED_FACE('',(#435),#236,.F.);
#4088=ADVANCED_FACE('',(#436),#237,.F.);
#4089=ADVANCED_FACE('',(#437),#238,.F.);
#4090=ADVANCED_FACE('',(#438),#239,.F.);
#4091=ADVANCED_FACE('',(#439,#104),#240,.T.);
#4092=ADVANCED_FACE('',(#440),#3880,.F.);
#4093=ADVANCED_FACE('',(#441),#3881,.F.);
#4094=ADVANCED_FACE('',(#442),#3882,.F.);
#4095=ADVANCED_FACE('',(#443),#3883,.F.);
#4096=ADVANCED_FACE('',(#444),#3884,.F.);
#4097=ADVANCED_FACE('',(#445),#3885,.F.);
#4098=ADVANCED_FACE('',(#446),#3886,.F.);
#4099=ADVANCED_FACE('',(#447),#3887,.F.);
#4100=ADVANCED_FACE('',(#448),#3888,.F.);
#4101=ADVANCED_FACE('',(#449),#3889,.F.);
#4102=ADVANCED_FACE('',(#450),#3890,.F.);
#4103=ADVANCED_FACE('',(#451),#3891,.F.);
#4104=ADVANCED_FACE('',(#452),#3892,.F.);
#4105=ADVANCED_FACE('',(#453),#3893,.F.);
#4106=ADVANCED_FACE('',(#454),#3894,.F.);
#4107=ADVANCED_FACE('',(#455),#3895,.F.);
#4108=ADVANCED_FACE('',(#456),#3896,.F.);
#4109=ADVANCED_FACE('',(#457),#3897,.F.);
#4110=ADVANCED_FACE('',(#458),#3898,.T.);
#4111=ADVANCED_FACE('',(#459,#105,#106),#241,.T.);
#4112=ADVANCED_FACE('',(#460,#107,#108),#242,.T.);
#4113=ADVANCED_FACE('',(#461),#243,.F.);
#4114=ADVANCED_FACE('',(#462),#244,.T.);
#4115=ADVANCED_FACE('',(#463),#245,.T.);
#4116=ADVANCED_FACE('',(#464),#246,.T.);
#4117=CLOSED_SHELL('',(#3899,#3900,#3901,#3902,#3903,#3904,#3905,#3906,
#3907,#3908,#3909,#3910,#3911,#3912,#3913,#3914,#3915,#3916,#3917,#3918,
#3919,#3920,#3921,#3922,#3923,#3924,#3925,#3926,#3927,#3928,#3929,#3930,
#3931,#3932,#3933,#3934,#3935,#3936,#3937,#3938,#3939,#3940,#3941,#3942,
#3943,#3944,#3945,#3946,#3947,#3948,#3949,#3950,#3951,#3952,#3953,#3954,
#3955,#3956,#3957,#3958,#3959,#3960,#3961,#3962,#3963,#3964,#3965,#3966,
#3967,#3968,#3969,#3970,#3971,#3972,#3973,#3974,#3975,#3976,#3977,#3978,
#3979,#3980,#3981,#3982,#3983,#3984,#3985,#3986,#3987,#3988,#3989,#3990,
#3991,#3992,#3993,#3994,#3995,#3996,#3997,#3998,#3999,#4000,#4001,#4002,
#4003,#4004,#4005,#4006,#4007,#4008,#4009,#4010,#4011,#4012,#4013,#4014,
#4015,#4016,#4017,#4018,#4019,#4020,#4021,#4022,#4023,#4024,#4025,#4026,
#4027,#4028,#4029,#4030,#4031,#4032,#4033,#4034,#4035,#4036,#4037,#4038,
#4039,#4040,#4041,#4042,#4043,#4044,#4045,#4046,#4047,#4048,#4049,#4050,
#4051,#4052,#4053,#4054,#4055,#4056,#4057,#4058,#4059,#4060,#4061,#4062,
#4063,#4064,#4065,#4066,#4067,#4068,#4069,#4070,#4071,#4072,#4073,#4074,
#4075,#4076,#4077,#4078,#4079,#4080,#4081,#4082,#4083,#4084,#4085,#4086,
#4087,#4088,#4089,#4090,#4091,#4092,#4093,#4094,#4095,#4096,#4097,#4098,
#4099,#4100,#4101,#4102,#4103,#4104,#4105,#4106,#4107,#4108,#4109,#4110,
#4111,#4112,#4113,#4114,#4115,#4116));
#4118=DERIVED_UNIT_ELEMENT(#4121,1.);
#4119=DERIVED_UNIT_ELEMENT(#7160,-3.);
#4120=DIMENSIONAL_EXPONENTS(0.,1.,0.,0.,0.,0.,0.);
#4121=(
CONVERSION_BASED_UNIT('gram',#4123)
MASS_UNIT()
NAMED_UNIT(#4120)
);
#4122=(
MASS_UNIT()
NAMED_UNIT(*)
SI_UNIT(.KILO.,.GRAM.)
);
#4123=MASS_MEASURE_WITH_UNIT(MASS_MEASURE(0.001),#4122);
#4124=DERIVED_UNIT((#4118,#4119));
#4125=MEASURE_REPRESENTATION_ITEM('density measure',
POSITIVE_RATIO_MEASURE(1.),#4124);
#4126=PROPERTY_DEFINITION_REPRESENTATION(#4131,#4128);
#4127=PROPERTY_DEFINITION_REPRESENTATION(#4132,#4129);
#4128=REPRESENTATION('material name',(#4130),#7157);
#4129=REPRESENTATION('density',(#4125),#7157);
#4130=DESCRIPTIVE_REPRESENTATION_ITEM('\X2\4E00822C\X0\','\X2\4E00822C\X0\');
#4131=PROPERTY_DEFINITION('material property','material name',#7167);
#4132=PROPERTY_DEFINITION('material property','density of part',#7167);
#4133=DATE_TIME_ROLE('creation_date');
#4134=APPLIED_DATE_AND_TIME_ASSIGNMENT(#4135,#4133,(#7167));
#4135=DATE_AND_TIME(#4136,#4137);
#4136=CALENDAR_DATE(2025,26,6);
#4137=LOCAL_TIME(0,0,0.,#4138);
#4138=COORDINATED_UNIVERSAL_TIME_OFFSET(0,0,.BEHIND.);
#4139=AXIS2_PLACEMENT_3D('',#5584,#4476,#4477);
#4140=AXIS2_PLACEMENT_3D('',#5585,#4478,#4479);
#4141=AXIS2_PLACEMENT_3D('',#5588,#4480,#4481);
#4142=AXIS2_PLACEMENT_3D('',#5592,#4483,#4484);
#4143=AXIS2_PLACEMENT_3D('',#5594,#4486,#4487);
#4144=AXIS2_PLACEMENT_3D('',#5684,#4533,#4534);
#4145=AXIS2_PLACEMENT_3D('',#5687,#4535,#4536);
#4146=AXIS2_PLACEMENT_3D('',#5691,#4538,#4539);
#4147=AXIS2_PLACEMENT_3D('',#5693,#4541,#4542);
#4148=AXIS2_PLACEMENT_3D('',#5702,#4547,#4548);
#4149=AXIS2_PLACEMENT_3D('',#5706,#4550,#4551);
#4150=AXIS2_PLACEMENT_3D('',#5708,#4553,#4554);
#4151=AXIS2_PLACEMENT_3D('',#5710,#4555,#4556);
#4152=AXIS2_PLACEMENT_3D('',#5713,#4558,#4559);
#4153=AXIS2_PLACEMENT_3D('',#5714,#4560,#4561);
#4154=AXIS2_PLACEMENT_3D('',#5718,#4563,#4564);
#4155=AXIS2_PLACEMENT_3D('',#5722,#4566,#4567);
#4156=AXIS2_PLACEMENT_3D('',#5732,#4573,#4574);
#4157=AXIS2_PLACEMENT_3D('',#5734,#4575,#4576);
#4158=AXIS2_PLACEMENT_3D('',#5737,#4578,#4579);
#4159=AXIS2_PLACEMENT_3D('',#5738,#4580,#4581);
#4160=AXIS2_PLACEMENT_3D('',#5825,#4626,#4627);
#4161=AXIS2_PLACEMENT_3D('',#5828,#4628,#4629);
#4162=AXIS2_PLACEMENT_3D('',#5832,#4631,#4632);
#4163=AXIS2_PLACEMENT_3D('',#5834,#4634,#4635);
#4164=AXIS2_PLACEMENT_3D('',#5840,#4639,#4640);
#4165=AXIS2_PLACEMENT_3D('',#5844,#4642,#4643);
#4166=AXIS2_PLACEMENT_3D('',#5848,#4645,#4646);
#4167=AXIS2_PLACEMENT_3D('',#5852,#4648,#4649);
#4168=AXIS2_PLACEMENT_3D('',#5856,#4651,#4652);
#4169=AXIS2_PLACEMENT_3D('',#5860,#4654,#4655);
#4170=AXIS2_PLACEMENT_3D('',#5864,#4657,#4658);
#4171=AXIS2_PLACEMENT_3D('',#5868,#4660,#4661);
#4172=AXIS2_PLACEMENT_3D('',#5880,#4667,#4668);
#4173=AXIS2_PLACEMENT_3D('',#5883,#4670,#4671);
#4174=AXIS2_PLACEMENT_3D('',#5884,#4672,#4673);
#4175=AXIS2_PLACEMENT_3D('',#5888,#4675,#4676);
#4176=AXIS2_PLACEMENT_3D('',#5890,#4678,#4679);
#4177=AXIS2_PLACEMENT_3D('',#5894,#4682,#4683);
#4178=AXIS2_PLACEMENT_3D('',#5900,#4687,#4688);
#4179=AXIS2_PLACEMENT_3D('',#5903,#4689,#4690);
#4180=AXIS2_PLACEMENT_3D('',#5907,#4692,#4693);
#4181=AXIS2_PLACEMENT_3D('',#5909,#4695,#4696);
#4182=AXIS2_PLACEMENT_3D('',#5915,#4700,#4701);
#4183=AXIS2_PLACEMENT_3D('',#5919,#4703,#4704);
#4184=AXIS2_PLACEMENT_3D('',#5923,#4706,#4707);
#4185=AXIS2_PLACEMENT_3D('',#5927,#4709,#4710);
#4186=AXIS2_PLACEMENT_3D('',#5931,#4712,#4713);
#4187=AXIS2_PLACEMENT_3D('',#5935,#4715,#4716);
#4188=AXIS2_PLACEMENT_3D('',#5947,#4722,#4723);
#4189=AXIS2_PLACEMENT_3D('',#5951,#4725,#4726);
#4190=AXIS2_PLACEMENT_3D('',#5955,#4728,#4729);
#4191=AXIS2_PLACEMENT_3D('',#5958,#4731,#4732);
#4192=AXIS2_PLACEMENT_3D('',#5959,#4733,#4734);
#4193=AXIS2_PLACEMENT_3D('',#5964,#4737,#4738);
#4194=AXIS2_PLACEMENT_3D('',#5999,#4739,#4740);
#4195=AXIS2_PLACEMENT_3D('',#6017,#4741,#4742);
#4196=AXIS2_PLACEMENT_3D('',#6020,#4743,#4744);
#4197=AXIS2_PLACEMENT_3D('',#6021,#4745,#4746);
#4198=AXIS2_PLACEMENT_3D('',#6022,#4747,#4748);
#4199=AXIS2_PLACEMENT_3D('',#6023,#4749,#4750);
#4200=AXIS2_PLACEMENT_3D('',#6026,#4753,#4754);
#4201=AXIS2_PLACEMENT_3D('',#6028,#4756,#4757);
#4202=AXIS2_PLACEMENT_3D('',#6030,#4759,#4760);
#4203=AXIS2_PLACEMENT_3D('',#6047,#4763,#4764);
#4204=AXIS2_PLACEMENT_3D('',#6082,#4765,#4766);
#4205=AXIS2_PLACEMENT_3D('',#6100,#4767,#4768);
#4206=AXIS2_PLACEMENT_3D('',#6103,#4769,#4770);
#4207=AXIS2_PLACEMENT_3D('',#6104,#4771,#4772);
#4208=AXIS2_PLACEMENT_3D('',#6105,#4773,#4774);
#4209=AXIS2_PLACEMENT_3D('',#6106,#4775,#4776);
#4210=AXIS2_PLACEMENT_3D('',#6109,#4779,#4780);
#4211=AXIS2_PLACEMENT_3D('',#6111,#4781,#4782);
#4212=AXIS2_PLACEMENT_3D('',#6114,#4784,#4785);
#4213=AXIS2_PLACEMENT_3D('',#6116,#4786,#4787);
#4214=AXIS2_PLACEMENT_3D('',#6129,#4789,#4790);
#4215=AXIS2_PLACEMENT_3D('',#6133,#4793,#4794);
#4216=AXIS2_PLACEMENT_3D('',#6137,#4797,#4798);
#4217=AXIS2_PLACEMENT_3D('',#6140,#4800,#4801);
#4218=AXIS2_PLACEMENT_3D('',#6141,#4802,#4803);
#4219=AXIS2_PLACEMENT_3D('',#6145,#4805,#4806);
#4220=AXIS2_PLACEMENT_3D('',#6147,#4808,#4809);
#4221=AXIS2_PLACEMENT_3D('',#6149,#4811,#4812);
#4222=AXIS2_PLACEMENT_3D('',#6153,#4815,#4816);
#4223=AXIS2_PLACEMENT_3D('',#6156,#4818,#4819);
#4224=AXIS2_PLACEMENT_3D('',#6191,#4820,#4821);
#4225=AXIS2_PLACEMENT_3D('',#6209,#4822,#4823);
#4226=AXIS2_PLACEMENT_3D('',#6212,#4824,#4825);
#4227=AXIS2_PLACEMENT_3D('',#6213,#4826,#4827);
#4228=AXIS2_PLACEMENT_3D('',#6214,#4828,#4829);
#4229=AXIS2_PLACEMENT_3D('',#6215,#4830,#4831);
#4230=AXIS2_PLACEMENT_3D('',#6218,#4834,#4835);
#4231=AXIS2_PLACEMENT_3D('',#6222,#4838,#4839);
#4232=AXIS2_PLACEMENT_3D('',#6225,#4841,#4842);
#4233=AXIS2_PLACEMENT_3D('',#6226,#4843,#4844);
#4234=AXIS2_PLACEMENT_3D('',#6231,#4847,#4848);
#4235=AXIS2_PLACEMENT_3D('',#6266,#4849,#4850);
#4236=AXIS2_PLACEMENT_3D('',#6284,#4851,#4852);
#4237=AXIS2_PLACEMENT_3D('',#6287,#4853,#4854);
#4238=AXIS2_PLACEMENT_3D('',#6288,#4855,#4856);
#4239=AXIS2_PLACEMENT_3D('',#6289,#4857,#4858);
#4240=AXIS2_PLACEMENT_3D('',#6290,#4859,#4860);
#4241=AXIS2_PLACEMENT_3D('',#6293,#4863,#4864);
#4242=AXIS2_PLACEMENT_3D('',#6295,#4866,#4867);
#4243=AXIS2_PLACEMENT_3D('',#6297,#4869,#4870);
#4244=AXIS2_PLACEMENT_3D('',#6314,#4873,#4874);
#4245=AXIS2_PLACEMENT_3D('',#6349,#4875,#4876);
#4246=AXIS2_PLACEMENT_3D('',#6367,#4877,#4878);
#4247=AXIS2_PLACEMENT_3D('',#6370,#4879,#4880);
#4248=AXIS2_PLACEMENT_3D('',#6371,#4881,#4882);
#4249=AXIS2_PLACEMENT_3D('',#6372,#4883,#4884);
#4250=AXIS2_PLACEMENT_3D('',#6373,#4885,#4886);
#4251=AXIS2_PLACEMENT_3D('',#6376,#4889,#4890);
#4252=AXIS2_PLACEMENT_3D('',#6380,#4893,#4894);
#4253=AXIS2_PLACEMENT_3D('',#6393,#4896,#4897);
#4254=AXIS2_PLACEMENT_3D('',#6396,#4899,#4900);
#4255=AXIS2_PLACEMENT_3D('',#6431,#4901,#4902);
#4256=AXIS2_PLACEMENT_3D('',#6449,#4903,#4904);
#4257=AXIS2_PLACEMENT_3D('',#6452,#4905,#4906);
#4258=AXIS2_PLACEMENT_3D('',#6453,#4907,#4908);
#4259=AXIS2_PLACEMENT_3D('',#6454,#4909,#4910);
#4260=AXIS2_PLACEMENT_3D('',#6455,#4911,#4912);
#4261=AXIS2_PLACEMENT_3D('',#6458,#4915,#4916);
#4262=AXIS2_PLACEMENT_3D('',#6462,#4919,#4920);
#4263=AXIS2_PLACEMENT_3D('',#6465,#4922,#4923);
#4264=AXIS2_PLACEMENT_3D('',#6466,#4924,#4925);
#4265=AXIS2_PLACEMENT_3D('',#6469,#4927,#4928);
#4266=AXIS2_PLACEMENT_3D('',#6504,#4929,#4930);
#4267=AXIS2_PLACEMENT_3D('',#6522,#4931,#4932);
#4268=AXIS2_PLACEMENT_3D('',#6524,#4933,#4934);
#4269=AXIS2_PLACEMENT_3D('',#6525,#4935,#4936);
#4270=AXIS2_PLACEMENT_3D('',#6526,#4937,#4938);
#4271=AXIS2_PLACEMENT_3D('',#6527,#4939,#4940);
#4272=AXIS2_PLACEMENT_3D('',#6529,#4942,#4943);
#4273=AXIS2_PLACEMENT_3D('',#6531,#4945,#4946);
#4274=AXIS2_PLACEMENT_3D('',#6533,#4948,#4949);
#4275=AXIS2_PLACEMENT_3D('',#6538,#4952,#4953);
#4276=AXIS2_PLACEMENT_3D('',#6573,#4954,#4955);
#4277=AXIS2_PLACEMENT_3D('',#6591,#4956,#4957);
#4278=AXIS2_PLACEMENT_3D('',#6594,#4958,#4959);
#4279=AXIS2_PLACEMENT_3D('',#6595,#4960,#4961);
#4280=AXIS2_PLACEMENT_3D('',#6596,#4962,#4963);
#4281=AXIS2_PLACEMENT_3D('',#6597,#4964,#4965);
#4282=AXIS2_PLACEMENT_3D('',#6600,#4968,#4969);
#4283=AXIS2_PLACEMENT_3D('',#6604,#4972,#4973);
#4284=AXIS2_PLACEMENT_3D('',#6608,#4976,#4977);
#4285=AXIS2_PLACEMENT_3D('',#6611,#4979,#4980);
#4286=AXIS2_PLACEMENT_3D('',#6612,#4981,#4982);
#4287=AXIS2_PLACEMENT_3D('',#6616,#4984,#4985);
#4288=AXIS2_PLACEMENT_3D('',#6618,#4987,#4988);
#4289=AXIS2_PLACEMENT_3D('',#6622,#4991,#4992);
#4290=AXIS2_PLACEMENT_3D('',#6629,#4998,#4999);
#4291=AXIS2_PLACEMENT_3D('',#6631,#5000,#5001);
#4292=AXIS2_PLACEMENT_3D('',#6633,#5002,#5003);
#4293=AXIS2_PLACEMENT_3D('',#6635,#5004,#5005);
#4294=AXIS2_PLACEMENT_3D('',#6637,#5006,#5007);
#4295=AXIS2_PLACEMENT_3D('',#6639,#5008,#5009);
#4296=AXIS2_PLACEMENT_3D('',#6641,#5010,#5011);
#4297=AXIS2_PLACEMENT_3D('',#6643,#5012,#5013);
#4298=AXIS2_PLACEMENT_3D('',#6645,#5014,#5015);
#4299=AXIS2_PLACEMENT_3D('',#6647,#5016,#5017);
#4300=AXIS2_PLACEMENT_3D('',#6648,#5018,#5019);
#4301=AXIS2_PLACEMENT_3D('',#6650,#5020,#5021);
#4302=AXIS2_PLACEMENT_3D('',#6652,#5023,#5024);
#4303=AXIS2_PLACEMENT_3D('',#6660,#5030,#5031);
#4304=AXIS2_PLACEMENT_3D('',#6662,#5032,#5033);
#4305=AXIS2_PLACEMENT_3D('',#6664,#5034,#5035);
#4306=AXIS2_PLACEMENT_3D('',#6666,#5036,#5037);
#4307=AXIS2_PLACEMENT_3D('',#6668,#5038,#5039);
#4308=AXIS2_PLACEMENT_3D('',#6670,#5040,#5041);
#4309=AXIS2_PLACEMENT_3D('',#6672,#5042,#5043);
#4310=AXIS2_PLACEMENT_3D('',#6674,#5044,#5045);
#4311=AXIS2_PLACEMENT_3D('',#6676,#5046,#5047);
#4312=AXIS2_PLACEMENT_3D('',#6677,#5048,#5049);
#4313=AXIS2_PLACEMENT_3D('',#6680,#5052,#5053);
#4314=AXIS2_PLACEMENT_3D('',#6682,#5055,#5056);
#4315=AXIS2_PLACEMENT_3D('',#6684,#5058,#5059);
#4316=AXIS2_PLACEMENT_3D('',#6686,#5061,#5062);
#4317=AXIS2_PLACEMENT_3D('',#6687,#5063,#5064);
#4318=AXIS2_PLACEMENT_3D('',#6688,#5065,#5066);
#4319=AXIS2_PLACEMENT_3D('',#6691,#5068,#5069);
#4320=AXIS2_PLACEMENT_3D('',#6692,#5070,#5071);
#4321=AXIS2_PLACEMENT_3D('',#6696,#5074,#5075);
#4322=AXIS2_PLACEMENT_3D('',#6699,#5078,#5079);
#4323=AXIS2_PLACEMENT_3D('',#6700,#5080,#5081);
#4324=AXIS2_PLACEMENT_3D('',#6702,#5083,#5084);
#4325=AXIS2_PLACEMENT_3D('',#6703,#5085,#5086);
#4326=AXIS2_PLACEMENT_3D('',#6705,#5088,#5089);
#4327=AXIS2_PLACEMENT_3D('',#6706,#5090,#5091);
#4328=AXIS2_PLACEMENT_3D('',#6708,#5093,#5094);
#4329=AXIS2_PLACEMENT_3D('',#6709,#5095,#5096);
#4330=AXIS2_PLACEMENT_3D('',#6711,#5098,#5099);
#4331=AXIS2_PLACEMENT_3D('',#6712,#5100,#5101);
#4332=AXIS2_PLACEMENT_3D('',#6714,#5103,#5104);
#4333=AXIS2_PLACEMENT_3D('',#6715,#5105,#5106);
#4334=AXIS2_PLACEMENT_3D('',#6721,#5110,#5111);
#4335=AXIS2_PLACEMENT_3D('',#6725,#5114,#5115);
#4336=AXIS2_PLACEMENT_3D('',#6729,#5118,#5119);
#4337=AXIS2_PLACEMENT_3D('',#6733,#5122,#5123);
#4338=AXIS2_PLACEMENT_3D('',#6737,#5126,#5127);
#4339=AXIS2_PLACEMENT_3D('',#6739,#5129,#5130);
#4340=AXIS2_PLACEMENT_3D('',#6741,#5131,#5132);
#4341=AXIS2_PLACEMENT_3D('',#6742,#5133,#5134);
#4342=AXIS2_PLACEMENT_3D('',#6748,#5138,#5139);
#4343=AXIS2_PLACEMENT_3D('',#6752,#5142,#5143);
#4344=AXIS2_PLACEMENT_3D('',#6756,#5146,#5147);
#4345=AXIS2_PLACEMENT_3D('',#6760,#5150,#5151);
#4346=AXIS2_PLACEMENT_3D('',#6764,#5154,#5155);
#4347=AXIS2_PLACEMENT_3D('',#6766,#5157,#5158);
#4348=AXIS2_PLACEMENT_3D('',#6768,#5159,#5160);
#4349=AXIS2_PLACEMENT_3D('',#6769,#5161,#5162);
#4350=AXIS2_PLACEMENT_3D('',#6775,#5166,#5167);
#4351=AXIS2_PLACEMENT_3D('',#6779,#5170,#5171);
#4352=AXIS2_PLACEMENT_3D('',#6783,#5174,#5175);
#4353=AXIS2_PLACEMENT_3D('',#6787,#5178,#5179);
#4354=AXIS2_PLACEMENT_3D('',#6791,#5182,#5183);
#4355=AXIS2_PLACEMENT_3D('',#6793,#5185,#5186);
#4356=AXIS2_PLACEMENT_3D('',#6795,#5187,#5188);
#4357=AXIS2_PLACEMENT_3D('',#6796,#5189,#5190);
#4358=AXIS2_PLACEMENT_3D('',#6802,#5194,#5195);
#4359=AXIS2_PLACEMENT_3D('',#6806,#5198,#5199);
#4360=AXIS2_PLACEMENT_3D('',#6810,#5202,#5203);
#4361=AXIS2_PLACEMENT_3D('',#6814,#5206,#5207);
#4362=AXIS2_PLACEMENT_3D('',#6818,#5210,#5211);
#4363=AXIS2_PLACEMENT_3D('',#6820,#5213,#5214);
#4364=AXIS2_PLACEMENT_3D('',#6822,#5215,#5216);
#4365=AXIS2_PLACEMENT_3D('',#6823,#5217,#5218);
#4366=AXIS2_PLACEMENT_3D('',#6829,#5222,#5223);
#4367=AXIS2_PLACEMENT_3D('',#6833,#5226,#5227);
#4368=AXIS2_PLACEMENT_3D('',#6837,#5230,#5231);
#4369=AXIS2_PLACEMENT_3D('',#6841,#5234,#5235);
#4370=AXIS2_PLACEMENT_3D('',#6845,#5238,#5239);
#4371=AXIS2_PLACEMENT_3D('',#6847,#5241,#5242);
#4372=AXIS2_PLACEMENT_3D('',#6849,#5243,#5244);
#4373=AXIS2_PLACEMENT_3D('',#6850,#5245,#5246);
#4374=AXIS2_PLACEMENT_3D('',#6856,#5250,#5251);
#4375=AXIS2_PLACEMENT_3D('',#6860,#5254,#5255);
#4376=AXIS2_PLACEMENT_3D('',#6864,#5258,#5259);
#4377=AXIS2_PLACEMENT_3D('',#6868,#5262,#5263);
#4378=AXIS2_PLACEMENT_3D('',#6872,#5266,#5267);
#4379=AXIS2_PLACEMENT_3D('',#6874,#5269,#5270);
#4380=AXIS2_PLACEMENT_3D('',#6876,#5271,#5272);
#4381=AXIS2_PLACEMENT_3D('',#6877,#5273,#5274);
#4382=AXIS2_PLACEMENT_3D('',#6883,#5278,#5279);
#4383=AXIS2_PLACEMENT_3D('',#6887,#5282,#5283);
#4384=AXIS2_PLACEMENT_3D('',#6891,#5286,#5287);
#4385=AXIS2_PLACEMENT_3D('',#6895,#5290,#5291);
#4386=AXIS2_PLACEMENT_3D('',#6899,#5294,#5295);
#4387=AXIS2_PLACEMENT_3D('',#6901,#5297,#5298);
#4388=AXIS2_PLACEMENT_3D('',#6903,#5299,#5300);
#4389=AXIS2_PLACEMENT_3D('',#6904,#5301,#5302);
#4390=AXIS2_PLACEMENT_3D('',#6910,#5306,#5307);
#4391=AXIS2_PLACEMENT_3D('',#6914,#5310,#5311);
#4392=AXIS2_PLACEMENT_3D('',#6918,#5314,#5315);
#4393=AXIS2_PLACEMENT_3D('',#6922,#5318,#5319);
#4394=AXIS2_PLACEMENT_3D('',#6926,#5322,#5323);
#4395=AXIS2_PLACEMENT_3D('',#6928,#5325,#5326);
#4396=AXIS2_PLACEMENT_3D('',#6930,#5327,#5328);
#4397=AXIS2_PLACEMENT_3D('',#6931,#5329,#5330);
#4398=AXIS2_PLACEMENT_3D('',#6937,#5334,#5335);
#4399=AXIS2_PLACEMENT_3D('',#6941,#5338,#5339);
#4400=AXIS2_PLACEMENT_3D('',#6945,#5342,#5343);
#4401=AXIS2_PLACEMENT_3D('',#6949,#5346,#5347);
#4402=AXIS2_PLACEMENT_3D('',#6953,#5350,#5351);
#4403=AXIS2_PLACEMENT_3D('',#6955,#5353,#5354);
#4404=AXIS2_PLACEMENT_3D('',#6957,#5355,#5356);
#4405=AXIS2_PLACEMENT_3D('',#6958,#5357,#5358);
#4406=AXIS2_PLACEMENT_3D('',#6964,#5362,#5363);
#4407=AXIS2_PLACEMENT_3D('',#6968,#5366,#5367);
#4408=AXIS2_PLACEMENT_3D('',#6972,#5370,#5371);
#4409=AXIS2_PLACEMENT_3D('',#6976,#5374,#5375);
#4410=AXIS2_PLACEMENT_3D('',#6980,#5378,#5379);
#4411=AXIS2_PLACEMENT_3D('',#6982,#5381,#5382);
#4412=AXIS2_PLACEMENT_3D('',#6984,#5383,#5384);
#4413=AXIS2_PLACEMENT_3D('',#6985,#5385,#5386);
#4414=AXIS2_PLACEMENT_3D('',#6991,#5390,#5391);
#4415=AXIS2_PLACEMENT_3D('',#6995,#5394,#5395);
#4416=AXIS2_PLACEMENT_3D('',#6999,#5398,#5399);
#4417=AXIS2_PLACEMENT_3D('',#7003,#5402,#5403);
#4418=AXIS2_PLACEMENT_3D('',#7007,#5406,#5407);
#4419=AXIS2_PLACEMENT_3D('',#7009,#5409,#5410);
#4420=AXIS2_PLACEMENT_3D('',#7011,#5411,#5412);
#4421=AXIS2_PLACEMENT_3D('',#7012,#5413,#5414);
#4422=AXIS2_PLACEMENT_3D('',#7018,#5418,#5419);
#4423=AXIS2_PLACEMENT_3D('',#7022,#5422,#5423);
#4424=AXIS2_PLACEMENT_3D('',#7026,#5426,#5427);
#4425=AXIS2_PLACEMENT_3D('',#7030,#5430,#5431);
#4426=AXIS2_PLACEMENT_3D('',#7034,#5434,#5435);
#4427=AXIS2_PLACEMENT_3D('',#7036,#5437,#5438);
#4428=AXIS2_PLACEMENT_3D('',#7038,#5439,#5440);
#4429=AXIS2_PLACEMENT_3D('',#7039,#5441,#5442);
#4430=AXIS2_PLACEMENT_3D('',#7045,#5446,#5447);
#4431=AXIS2_PLACEMENT_3D('',#7049,#5450,#5451);
#4432=AXIS2_PLACEMENT_3D('',#7053,#5454,#5455);
#4433=AXIS2_PLACEMENT_3D('',#7057,#5458,#5459);
#4434=AXIS2_PLACEMENT_3D('',#7061,#5462,#5463);
#4435=AXIS2_PLACEMENT_3D('',#7063,#5465,#5466);
#4436=AXIS2_PLACEMENT_3D('',#7065,#5467,#5468);
#4437=AXIS2_PLACEMENT_3D('',#7066,#5469,#5470);
#4438=AXIS2_PLACEMENT_3D('',#7072,#5474,#5475);
#4439=AXIS2_PLACEMENT_3D('',#7076,#5478,#5479);
#4440=AXIS2_PLACEMENT_3D('',#7080,#5482,#5483);
#4441=AXIS2_PLACEMENT_3D('',#7084,#5486,#5487);
#4442=AXIS2_PLACEMENT_3D('',#7088,#5490,#5491);
#4443=AXIS2_PLACEMENT_3D('',#7090,#5493,#5494);
#4444=AXIS2_PLACEMENT_3D('',#7092,#5495,#5496);
#4445=AXIS2_PLACEMENT_3D('',#7093,#5497,#5498);
#4446=AXIS2_PLACEMENT_3D('',#7096,#5500,#5501);
#4447=AXIS2_PLACEMENT_3D('',#7097,#5502,#5503);
#4448=AXIS2_PLACEMENT_3D('',#7099,#5505,#5506);
#4449=AXIS2_PLACEMENT_3D('',#7101,#5508,#5509);
#4450=AXIS2_PLACEMENT_3D('',#7103,#5511,#5512);
#4451=AXIS2_PLACEMENT_3D('',#7105,#5514,#5515);
#4452=AXIS2_PLACEMENT_3D('',#7107,#5517,#5518);
#4453=AXIS2_PLACEMENT_3D('',#7109,#5520,#5521);
#4454=AXIS2_PLACEMENT_3D('',#7112,#5523,#5524);
#4455=AXIS2_PLACEMENT_3D('',#7113,#5525,#5526);
#4456=AXIS2_PLACEMENT_3D('',#7115,#5528,#5529);
#4457=AXIS2_PLACEMENT_3D('',#7118,#5531,#5532);
#4458=AXIS2_PLACEMENT_3D('',#7119,#5533,#5534);
#4459=AXIS2_PLACEMENT_3D('',#7121,#5536,#5537);
#4460=AXIS2_PLACEMENT_3D('',#7123,#5539,#5540);
#4461=AXIS2_PLACEMENT_3D('',#7125,#5542,#5543);
#4462=AXIS2_PLACEMENT_3D('',#7127,#5545,#5546);
#4463=AXIS2_PLACEMENT_3D('',#7129,#5548,#5549);
#4464=AXIS2_PLACEMENT_3D('',#7131,#5551,#5552);
#4465=AXIS2_PLACEMENT_3D('',#7133,#5554,#5555);
#4466=AXIS2_PLACEMENT_3D('',#7136,#5557,#5558);
#4467=AXIS2_PLACEMENT_3D('',#7137,#5559,#5560);
#4468=AXIS2_PLACEMENT_3D('',#7139,#5561,#5562);
#4469=AXIS2_PLACEMENT_3D('',#7142,#5564,#5565);
#4470=AXIS2_PLACEMENT_3D('',#7143,#5566,#5567);
#4471=AXIS2_PLACEMENT_3D('',#7146,#5570,#5571);
#4472=AXIS2_PLACEMENT_3D('',#7149,#5574,#5575);
#4473=AXIS2_PLACEMENT_3D('',#7151,#5577,#5578);
#4474=AXIS2_PLACEMENT_3D('',#7152,#5579,#5580);
#4475=AXIS2_PLACEMENT_3D('',#7154,#5582,#5583);
#4476=DIRECTION('axis',(0.,0.,1.));
#4477=DIRECTION('refdir',(1.,0.,0.));
#4478=DIRECTION('center_axis',(0.,0.,1.));
#4479=DIRECTION('ref_axis',(0.707106781186546,0.707106781186549,0.));
#4480=DIRECTION('center_axis',(1.11022302462516E-16,0.,1.));
#4481=DIRECTION('ref_axis',(0.707106781186546,0.707106781186549,0.));
#4482=DIRECTION('',(0.,0.,-1.));
#4483=DIRECTION('center_axis',(0.,0.,-1.));
#4484=DIRECTION('ref_axis',(0.707106781186546,0.707106781186549,0.));
#4485=DIRECTION('',(0.,0.,1.));
#4486=DIRECTION('center_axis',(1.11022302462516E-16,-1.,0.));
#4487=DIRECTION('ref_axis',(1.,1.11022302462516E-16,0.));
#4488=DIRECTION('',(-1.,-1.11022302462516E-16,1.11022302462516E-16));
#4489=DIRECTION('',(0.,0.,1.));
#4490=DIRECTION('',(1.,1.11022302462516E-16,0.));
#4491=DIRECTION('',(-0.500000000000001,-5.55111512312579E-17,-0.866025403784438));
#4492=DIRECTION('',(-1.,-1.11022302462516E-16,-2.74708955197652E-15));
#4493=DIRECTION('',(-0.500000000000002,-5.5511151231258E-17,0.866025403784438));
#4494=DIRECTION('',(0.500000000000001,5.55111512312579E-17,0.866025403784438));
#4495=DIRECTION('',(1.,1.11022302462516E-16,0.));
#4496=DIRECTION('',(0.500000000000001,5.5511151231258E-17,-0.866025403784438));
#4497=DIRECTION('',(-0.500000000000001,-5.55111512312579E-17,-0.866025403784438));
#4498=DIRECTION('',(-1.,-1.11022302462516E-16,-2.74708955197653E-15));
#4499=DIRECTION('',(-0.500000000000006,-5.55111512312585E-17,0.866025403784435));
#4500=DIRECTION('',(0.500000000000001,5.55111512312579E-17,0.866025403784438));
#4501=DIRECTION('',(1.,1.11022302462516E-16,0.));
#4502=DIRECTION('',(0.500000000000001,5.5511151231258E-17,-0.866025403784438));
#4503=DIRECTION('',(-0.499999999999999,-5.55111512312577E-17,-0.866025403784439));
#4504=DIRECTION('',(-1.,-1.11022302462516E-16,-2.74708955197653E-15));
#4505=DIRECTION('',(-0.500000000000002,-5.5511151231258E-17,0.866025403784438));
#4506=DIRECTION('',(0.500000000000001,5.55111512312579E-17,0.866025403784438));
#4507=DIRECTION('',(1.,1.11022302462516E-16,0.));
#4508=DIRECTION('',(0.500000000000002,5.55111512312581E-17,-0.866025403784437));
#4509=DIRECTION('',(-0.500000000000001,-5.55111512312579E-17,-0.866025403784438));
#4510=DIRECTION('',(-1.,-1.11022302462516E-16,-2.74708955197652E-15));
#4511=DIRECTION('',(-0.500000000000002,-5.5511151231258E-17,0.866025403784438));
#4512=DIRECTION('',(0.500000000000001,5.55111512312579E-17,0.866025403784438));
#4513=DIRECTION('',(1.,1.11022302462516E-16,0.));
#4514=DIRECTION('',(0.500000000000001,5.5511151231258E-17,-0.866025403784438));
#4515=DIRECTION('',(-0.500000000000001,-5.55111512312579E-17,-0.866025403784438));
#4516=DIRECTION('',(-1.,-1.11022302462516E-16,-2.74708955197652E-15));
#4517=DIRECTION('',(-0.500000000000002,-5.5511151231258E-17,0.866025403784438));
#4518=DIRECTION('',(0.500000000000001,5.55111512312579E-17,0.866025403784438));
#4519=DIRECTION('',(1.,1.11022302462516E-16,0.));
#4520=DIRECTION('',(0.500000000000001,5.5511151231258E-17,-0.866025403784438));
#4521=DIRECTION('',(-0.500000000000001,-5.55111512312579E-17,-0.866025403784438));
#4522=DIRECTION('',(-1.,-1.11022302462516E-16,-2.74708955197653E-15));
#4523=DIRECTION('',(-0.500000000000006,-5.55111512312585E-17,0.866025403784435));
#4524=DIRECTION('',(0.500000000000001,5.55111512312579E-17,0.866025403784438));
#4525=DIRECTION('',(1.,1.11022302462516E-16,0.));
#4526=DIRECTION('',(0.500000000000001,5.5511151231258E-17,-0.866025403784438));
#4527=DIRECTION('',(-0.500000000000001,-5.5511151231258E-17,0.866025403784438));
#4528=DIRECTION('',(0.5,5.55111512312579E-17,0.866025403784439));
#4529=DIRECTION('',(1.,1.11022302462516E-16,0.));
#4530=DIRECTION('',(0.500000000000002,5.55111512312581E-17,-0.866025403784437));
#4531=DIRECTION('',(-0.499999999999999,-5.55111512312577E-17,-0.866025403784439));
#4532=DIRECTION('',(-1.,-1.11022302462516E-16,-2.74708955197653E-15));
#4533=DIRECTION('center_axis',(0.,0.,1.));
#4534=DIRECTION('ref_axis',(0.707106781186546,0.707106781186549,0.));
#4535=DIRECTION('center_axis',(0.,0.,-1.));
#4536=DIRECTION('ref_axis',(0.707106781186546,0.707106781186549,0.));
#4537=DIRECTION('',(0.,0.,1.));
#4538=DIRECTION('center_axis',(0.,0.,1.));
#4539=DIRECTION('ref_axis',(0.707106781186546,0.707106781186549,0.));
#4540=DIRECTION('',(0.,0.,-1.));
#4541=DIRECTION('center_axis',(-1.,0.,0.));
#4542=DIRECTION('ref_axis',(0.,-1.,0.));
#4543=DIRECTION('',(0.,-1.,0.));
#4544=DIRECTION('',(0.,0.,1.));
#4545=DIRECTION('',(0.,-1.,0.));
#4546=DIRECTION('',(0.,-1.,0.));
#4547=DIRECTION('center_axis',(-1.,0.,0.));
#4548=DIRECTION('ref_axis',(0.,-0.707106781186546,0.707106781186549));
#4549=DIRECTION('',(0.,0.,1.));
#4550=DIRECTION('center_axis',(-1.,0.,0.));
#4551=DIRECTION('ref_axis',(0.,-0.707106781186548,-0.707106781186548));
#4552=DIRECTION('',(0.,1.,0.));
#4553=DIRECTION('center_axis',(0.,0.,1.));
#4554=DIRECTION('ref_axis',(-0.707106781186548,0.707106781186548,0.));
#4555=DIRECTION('center_axis',(1.11022302462516E-16,0.,1.));
#4556=DIRECTION('ref_axis',(-0.707106781186548,0.707106781186548,0.));
#4557=DIRECTION('',(0.,0.,-1.));
#4558=DIRECTION('center_axis',(0.,0.,-1.));
#4559=DIRECTION('ref_axis',(-0.707106781186548,0.707106781186548,0.));
#4560=DIRECTION('center_axis',(1.,2.0664923678458E-16,0.));
#4561=DIRECTION('ref_axis',(-2.0664923678458E-16,1.,0.));
#4562=DIRECTION('',(2.0664923678458E-16,-1.,-2.29426740699457E-32));
#4563=DIRECTION('center_axis',(1.,2.0664923678458E-16,0.));
#4564=DIRECTION('ref_axis',(0.,-0.707106781186548,-0.707106781186548));
#4565=DIRECTION('',(0.,0.,1.));
#4566=DIRECTION('center_axis',(1.,2.0664923678458E-16,0.));
#4567=DIRECTION('ref_axis',(0.,-0.707106781186546,0.707106781186549));
#4568=DIRECTION('',(-2.0664923678458E-16,1.,0.));
#4569=DIRECTION('',(0.,0.,-1.));
#4570=DIRECTION('',(-2.0664923678458E-16,1.,0.));
#4571=DIRECTION('',(0.,0.,1.));
#4572=DIRECTION('',(-2.0664923678458E-16,1.,0.));
#4573=DIRECTION('center_axis',(0.,0.,1.));
#4574=DIRECTION('ref_axis',(-0.707106781186548,0.707106781186548,0.));
#4575=DIRECTION('center_axis',(0.,0.,-1.));
#4576=DIRECTION('ref_axis',(-0.707106781186548,0.707106781186548,0.));
#4577=DIRECTION('',(0.,0.,1.));
#4578=DIRECTION('center_axis',(0.,0.,1.));
#4579=DIRECTION('ref_axis',(-0.707106781186548,0.707106781186548,0.));
#4580=DIRECTION('center_axis',(1.11022302462516E-16,-1.,0.));
#4581=DIRECTION('ref_axis',(1.,1.11022302462516E-16,0.));
#4582=DIRECTION('',(1.,1.11022302462516E-16,0.));
#4583=DIRECTION('',(1.,1.11022302462516E-16,0.));
#4584=DIRECTION('',(-0.5,-5.55111512312578E-17,0.866025403784439));
#4585=DIRECTION('',(0.5,5.55111512312579E-17,0.866025403784438));
#4586=DIRECTION('',(1.,1.11022302462516E-16,1.71693096998533E-16));
#4587=DIRECTION('',(0.5,5.55111512312579E-17,-0.866025403784438));
#4588=DIRECTION('',(-0.500000000000001,-5.55111512312579E-17,-0.866025403784438));
#4589=DIRECTION('',(-1.,-1.11022302462516E-16,1.0301585819912E-15));
#4590=DIRECTION('',(-1.,-1.11022302462516E-16,1.03015858199119E-15));
#4591=DIRECTION('',(-0.500000000000001,-5.55111512312579E-17,0.866025403784438));
#4592=DIRECTION('',(0.500000000000001,5.55111512312579E-17,0.866025403784438));
#4593=DIRECTION('',(1.,1.11022302462516E-16,1.71693096998532E-16));
#4594=DIRECTION('',(0.5,5.55111512312579E-17,-0.866025403784438));
#4595=DIRECTION('',(-0.500000000000001,-5.55111512312579E-17,-0.866025403784438));
#4596=DIRECTION('',(-1.,-1.11022302462516E-16,1.03015858199119E-15));
#4597=DIRECTION('',(-0.500000000000001,-5.55111512312579E-17,0.866025403784438));
#4598=DIRECTION('',(0.500000000000001,5.55111512312579E-17,0.866025403784438));
#4599=DIRECTION('',(1.,1.11022302462516E-16,1.71693096998532E-16));
#4600=DIRECTION('',(0.5,5.55111512312579E-17,-0.866025403784438));
#4601=DIRECTION('',(-0.500000000000001,-5.55111512312579E-17,-0.866025403784438));
#4602=DIRECTION('',(-1.,-1.11022302462516E-16,1.03015858199119E-15));
#4603=DIRECTION('',(-0.500000000000001,-5.55111512312579E-17,0.866025403784438));
#4604=DIRECTION('',(0.500000000000001,5.55111512312579E-17,0.866025403784438));
#4605=DIRECTION('',(1.,1.11022302462516E-16,1.71693096998532E-16));
#4606=DIRECTION('',(0.5,5.55111512312579E-17,-0.866025403784438));
#4607=DIRECTION('',(-0.500000000000001,-5.55111512312579E-17,-0.866025403784438));
#4608=DIRECTION('',(-1.,-1.11022302462516E-16,1.0301585819912E-15));
#4609=DIRECTION('',(-0.5,-5.55111512312578E-17,0.866025403784439));
#4610=DIRECTION('',(0.5,5.55111512312578E-17,0.866025403784439));
#4611=DIRECTION('',(1.,1.11022302462516E-16,1.71693096998533E-16));
#4612=DIRECTION('',(0.5,5.55111512312579E-17,-0.866025403784438));
#4613=DIRECTION('',(-0.500000000000001,-5.55111512312579E-17,-0.866025403784438));
#4614=DIRECTION('',(-1.,-1.11022302462516E-16,1.03015858199119E-15));
#4615=DIRECTION('',(-0.500000000000001,-5.55111512312579E-17,0.866025403784438));
#4616=DIRECTION('',(0.500000000000001,5.55111512312579E-17,0.866025403784438));
#4617=DIRECTION('',(1.,1.11022302462516E-16,1.71693096998532E-16));
#4618=DIRECTION('',(0.5,5.55111512312579E-17,-0.866025403784438));
#4619=DIRECTION('',(-0.500000000000001,-5.55111512312579E-17,-0.866025403784438));
#4620=DIRECTION('',(-1.,-1.11022302462516E-16,1.03015858199119E-15));
#4621=DIRECTION('',(-0.500000000000001,-5.55111512312579E-17,0.866025403784438));
#4622=DIRECTION('',(0.500000000000001,5.55111512312579E-17,0.866025403784438));
#4623=DIRECTION('',(1.,1.11022302462516E-16,1.71693096998532E-16));
#4624=DIRECTION('',(0.5,5.55111512312579E-17,-0.866025403784438));
#4625=DIRECTION('',(-0.500000000000001,-5.55111512312579E-17,-0.866025403784438));
#4626=DIRECTION('center_axis',(-1.,0.,0.));
#4627=DIRECTION('ref_axis',(0.,0.707106781186548,-0.707106781186548));
#4628=DIRECTION('center_axis',(1.,3.06161699786838E-16,0.));
#4629=DIRECTION('ref_axis',(0.,0.707106781186548,-0.707106781186548));
#4630=DIRECTION('',(1.,0.,0.));
#4631=DIRECTION('center_axis',(-1.,0.,0.));
#4632=DIRECTION('ref_axis',(0.,0.707106781186548,-0.707106781186548));
#4633=DIRECTION('',(-1.,0.,0.));
#4634=DIRECTION('center_axis',(0.,1.,0.));
#4635=DIRECTION('ref_axis',(-1.,0.,0.));
#4636=DIRECTION('',(0.,0.,1.));
#4637=DIRECTION('',(-1.,0.,4.16333634234434E-17));
#4638=DIRECTION('',(0.,0.,-1.));
#4639=DIRECTION('center_axis',(-1.,-3.06161699786838E-16,0.));
#4640=DIRECTION('ref_axis',(3.06161699786838E-16,-1.,0.));
#4641=DIRECTION('',(3.06161699786838E-16,-1.,0.));
#4642=DIRECTION('center_axis',(-1.,-3.06161699786838E-16,0.));
#4643=DIRECTION('ref_axis',(0.,-0.707106781186546,0.707106781186549));
#4644=DIRECTION('',(0.,0.,-1.));
#4645=DIRECTION('center_axis',(-1.,-3.06161699786838E-16,0.));
#4646=DIRECTION('ref_axis',(0.,-0.707106781186548,-0.707106781186548));
#4647=DIRECTION('',(-3.06161699786838E-16,1.,3.39907768361723E-32));
#4648=DIRECTION('center_axis',(1.,3.06161699786838E-16,0.));
#4649=DIRECTION('ref_axis',(0.,0.707106781186544,0.707106781186551));
#4650=DIRECTION('',(0.,0.,1.));
#4651=DIRECTION('center_axis',(1.,3.06161699786838E-16,0.));
#4652=DIRECTION('ref_axis',(0.,0.707106781186548,-0.707106781186548));
#4653=DIRECTION('',(3.06161699786838E-16,-1.,-1.69953884180861E-32));
#4654=DIRECTION('center_axis',(-1.,-3.06161699786838E-16,0.));
#4655=DIRECTION('ref_axis',(0.,-0.707106781186555,0.70710678118654));
#4656=DIRECTION('',(0.,0.,-1.));
#4657=DIRECTION('center_axis',(-1.,-3.06161699786838E-16,0.));
#4658=DIRECTION('ref_axis',(0.,-0.707106781186555,-0.70710678118654));
#4659=DIRECTION('',(-3.06161699786838E-16,1.,0.));
#4660=DIRECTION('center_axis',(1.,3.06161699786838E-16,0.));
#4661=DIRECTION('ref_axis',(0.,0.707106781186546,0.707106781186549));
#4662=DIRECTION('',(0.,0.,1.));
#4663=DIRECTION('',(3.06161699786838E-16,-1.,0.));
#4664=DIRECTION('',(0.,0.,1.));
#4665=DIRECTION('',(3.06161699786838E-16,-1.,0.));
#4666=DIRECTION('',(0.,0.,-1.));
#4667=DIRECTION('center_axis',(-1.,-3.06161699786838E-16,0.));
#4668=DIRECTION('ref_axis',(0.,-0.707106781186563,-0.707106781186532));
#4669=DIRECTION('',(-3.06161699786838E-16,1.,1.27465413135646E-32));
#4670=DIRECTION('center_axis',(1.,3.06161699786838E-16,0.));
#4671=DIRECTION('ref_axis',(0.,0.707106781186548,0.707106781186548));
#4672=DIRECTION('center_axis',(1.,0.,-1.11022302462516E-16));
#4673=DIRECTION('ref_axis',(0.,0.707106781186544,0.707106781186551));
#4674=DIRECTION('',(1.,0.,-1.11022302462516E-16));
#4675=DIRECTION('center_axis',(-1.,0.,0.));
#4676=DIRECTION('ref_axis',(0.,0.707106781186544,0.707106781186551));
#4677=DIRECTION('',(-1.,0.,1.11022302462516E-16));
#4678=DIRECTION('center_axis',(0.,1.,0.));
#4679=DIRECTION('ref_axis',(-1.,0.,0.));
#4680=DIRECTION('',(0.,0.,-1.));
#4681=DIRECTION('',(1.,0.,-5.55111512312578E-17));
#4682=DIRECTION('center_axis',(-1.,0.,0.));
#4683=DIRECTION('ref_axis',(0.,0.,-1.));
#4684=DIRECTION('',(0.,1.,0.));
#4685=DIRECTION('',(0.,0.,1.));
#4686=DIRECTION('',(0.,-1.,0.));
#4687=DIRECTION('center_axis',(1.,0.,-1.11022302462516E-16));
#4688=DIRECTION('ref_axis',(0.,0.707106781186544,0.707106781186551));
#4689=DIRECTION('center_axis',(-1.,0.,0.));
#4690=DIRECTION('ref_axis',(0.,0.707106781186544,0.707106781186551));
#4691=DIRECTION('',(-1.,0.,1.11022302462516E-16));
#4692=DIRECTION('center_axis',(1.,0.,-1.07009448156642E-16));
#4693=DIRECTION('ref_axis',(0.,0.707106781186544,0.707106781186551));
#4694=DIRECTION('',(1.,0.,-1.11022302462516E-16));
#4695=DIRECTION('center_axis',(0.,1.,0.));
#4696=DIRECTION('ref_axis',(-1.,0.,0.));
#4697=DIRECTION('',(0.,0.,1.));
#4698=DIRECTION('',(1.,0.,-5.55111512312578E-17));
#4699=DIRECTION('',(1.07009448156642E-16,0.,1.));
#4700=DIRECTION('center_axis',(1.,0.,0.));
#4701=DIRECTION('ref_axis',(0.,1.,0.));
#4702=DIRECTION('',(0.,-1.,0.));
#4703=DIRECTION('center_axis',(1.,0.,0.));
#4704=DIRECTION('ref_axis',(0.,-0.707106781186548,-0.707106781186548));
#4705=DIRECTION('',(0.,0.,1.));
#4706=DIRECTION('center_axis',(1.,0.,0.));
#4707=DIRECTION('ref_axis',(0.,-0.707106781186546,0.707106781186549));
#4708=DIRECTION('',(0.,1.,0.));
#4709=DIRECTION('center_axis',(-1.,0.,0.));
#4710=DIRECTION('ref_axis',(0.,0.707106781186548,-0.707106781186548));
#4711=DIRECTION('',(0.,0.,1.));
#4712=DIRECTION('center_axis',(-1.,0.,0.));
#4713=DIRECTION('ref_axis',(0.,0.707106781186548,0.707106781186548));
#4714=DIRECTION('',(0.,-1.,0.));
#4715=DIRECTION('center_axis',(1.,0.,0.));
#4716=DIRECTION('ref_axis',(0.,-0.707106781186563,-0.707106781186532));
#4717=DIRECTION('',(0.,0.,1.));
#4718=DIRECTION('',(0.,1.,0.));
#4719=DIRECTION('',(0.,0.,1.));
#4720=DIRECTION('',(0.,1.,0.));
#4721=DIRECTION('',(0.,0.,1.));
#4722=DIRECTION('center_axis',(-1.,0.,0.));
#4723=DIRECTION('ref_axis',(0.,0.707106781186546,0.707106781186549));
#4724=DIRECTION('',(0.,-1.,0.));
#4725=DIRECTION('center_axis',(1.,0.,0.));
#4726=DIRECTION('ref_axis',(0.,-0.707106781186555,-0.70710678118654));
#4727=DIRECTION('',(0.,0.,1.));
#4728=DIRECTION('center_axis',(1.,0.,0.));
#4729=DIRECTION('ref_axis',(0.,-0.707106781186555,0.70710678118654));
#4730=DIRECTION('',(0.,1.,0.));
#4731=DIRECTION('center_axis',(-1.,0.,0.));
#4732=DIRECTION('ref_axis',(0.,0.707106781186544,-0.707106781186551));
#4733=DIRECTION('center_axis',(1.,0.,-4.16333634234434E-17));
#4734=DIRECTION('ref_axis',(0.,0.707106781186548,0.707106781186548));
#4735=DIRECTION('',(1.,0.,-4.16333634234434E-17));
#4736=DIRECTION('',(-1.,0.,4.16333634234434E-17));
#4737=DIRECTION('center_axis',(0.707106781186541,0.707106781186554,0.));
#4738=DIRECTION('ref_axis',(-0.707106781186554,0.707106781186541,5.8878467200641E-17));
#4739=DIRECTION('center_axis',(-0.600000000000009,-0.799999999999994,7.10542735760097E-15));
#4740=DIRECTION('ref_axis',(0.,8.88178419700128E-15,1.));
#4741=DIRECTION('center_axis',(4.16333634234434E-17,0.,1.));
#4742=DIRECTION('ref_axis',(1.,0.,0.));
#4743=DIRECTION('center_axis',(0.,-1.,0.));
#4744=DIRECTION('ref_axis',(0.,0.,1.));
#4745=DIRECTION('center_axis',(-4.16333634234434E-17,0.,-1.));
#4746=DIRECTION('ref_axis',(0.847316320612934,-0.531088554596085,-6.93889390390721E-17));
#4747=DIRECTION('center_axis',(4.16333634234434E-17,0.,1.));
#4748=DIRECTION('ref_axis',(0.847316320612934,-0.531088554596085,-3.52766283106932E-17));
#4749=DIRECTION('center_axis',(0.,-1.,0.));
#4750=DIRECTION('ref_axis',(-0.707106781186554,0.,0.707106781186541));
#4751=DIRECTION('',(0.,-1.,0.));
#4752=DIRECTION('',(0.,1.,0.));
#4753=DIRECTION('center_axis',(-4.16333634234434E-17,0.,-1.));
#4754=DIRECTION('ref_axis',(1.,0.,-4.16333634234434E-17));
#4755=DIRECTION('',(-1.,0.,4.16333634234434E-17));
#4756=DIRECTION('center_axis',(1.,0.,-4.16333634234434E-17));
#4757=DIRECTION('ref_axis',(0.,-0.707106781186563,-0.707106781186532));
#4758=DIRECTION('',(-1.,0.,4.16333634234434E-17));
#4759=DIRECTION('center_axis',(-1.,0.,-6.93889390390723E-18));
#4760=DIRECTION('ref_axis',(0.,0.707106781186548,-0.707106781186548));
#4761=DIRECTION('',(1.,0.,6.93889390390723E-18));
#4762=DIRECTION('',(-1.,0.,-6.93889390390723E-18));
#4763=DIRECTION('center_axis',(0.707106781186541,0.707106781186554,0.));
#4764=DIRECTION('ref_axis',(0.707106781186554,-0.707106781186541,9.81307786677351E-18));
#4765=DIRECTION('center_axis',(-0.600000000000009,-0.799999999999994,-7.10542735760097E-15));
#4766=DIRECTION('ref_axis',(-0.799999999999994,0.600000000000009,0.));
#4767=DIRECTION('center_axis',(-6.93889390390723E-18,0.,1.));
#4768=DIRECTION('ref_axis',(1.,0.,0.));
#4769=DIRECTION('center_axis',(0.,-1.,0.));
#4770=DIRECTION('ref_axis',(-1.,0.,0.));
#4771=DIRECTION('center_axis',(6.93889390390723E-18,0.,-1.));
#4772=DIRECTION('ref_axis',(0.847316320612928,-0.531088554596095,5.87943805178215E-18));
#4773=DIRECTION('center_axis',(-6.93889390390723E-18,0.,1.));
#4774=DIRECTION('ref_axis',(0.847316320612928,-0.531088554596095,0.));
#4775=DIRECTION('center_axis',(0.,-1.,0.));
#4776=DIRECTION('ref_axis',(-0.707106781186554,0.,-0.707106781186541));
#4777=DIRECTION('',(0.,-1.,0.));
#4778=DIRECTION('',(0.,1.,0.));
#4779=DIRECTION('center_axis',(0.,1.,0.));
#4780=DIRECTION('ref_axis',(0.707106781186547,0.,0.707106781186547));
#4781=DIRECTION('center_axis',(0.,-1.,0.));
#4782=DIRECTION('ref_axis',(0.707106781186547,0.,0.707106781186547));
#4783=DIRECTION('',(0.,-1.,0.));
#4784=DIRECTION('center_axis',(-1.2490009027033E-16,1.,0.));
#4785=DIRECTION('ref_axis',(0.707106781186547,0.,0.707106781186547));
#4786=DIRECTION('center_axis',(0.,-1.,0.));
#4787=DIRECTION('ref_axis',(0.707106781186547,0.,0.707106781186547));
#4788=DIRECTION('',(0.,1.,0.));
#4789=DIRECTION('center_axis',(0.,1.,0.));
#4790=DIRECTION('ref_axis',(-1.,0.,0.));
#4791=DIRECTION('',(1.07009448156642E-16,0.,1.));
#4792=DIRECTION('',(-1.,0.,0.));
#4793=DIRECTION('center_axis',(1.,0.,-1.07009448156642E-16));
#4794=DIRECTION('ref_axis',(1.07009448156642E-16,0.,1.));
#4795=DIRECTION('',(-1.07009448156642E-16,0.,-1.));
#4796=DIRECTION('',(0.,-1.,0.));
#4797=DIRECTION('center_axis',(1.07009448156642E-16,0.,1.));
#4798=DIRECTION('ref_axis',(0.707106781186552,-0.707106781186543,0.));
#4799=DIRECTION('',(1.07009448156642E-16,0.,1.));
#4800=DIRECTION('center_axis',(0.,0.,1.));
#4801=DIRECTION('ref_axis',(0.707106781186552,-0.707106781186543,0.));
#4802=DIRECTION('center_axis',(-1.,0.,0.));
#4803=DIRECTION('ref_axis',(0.,0.707106781186548,-0.707106781186548));
#4804=DIRECTION('',(-1.,0.,0.));
#4805=DIRECTION('center_axis',(1.,0.,-1.07009448156642E-16));
#4806=DIRECTION('ref_axis',(0.,0.707106781186548,-0.707106781186548));
#4807=DIRECTION('',(1.,0.,0.));
#4808=DIRECTION('center_axis',(0.,1.,0.));
#4809=DIRECTION('ref_axis',(-1.,0.,0.));
#4810=DIRECTION('',(1.07009448156642E-16,0.,1.));
#4811=DIRECTION('center_axis',(1.,0.,-1.07009448156642E-16));
#4812=DIRECTION('ref_axis',(1.07009448156642E-16,0.,1.));
#4813=DIRECTION('',(0.,1.,0.));
#4814=DIRECTION('',(-1.07009448156642E-16,0.,-1.));
#4815=DIRECTION('center_axis',(-1.,0.,5.55111512312578E-17));
#4816=DIRECTION('ref_axis',(0.,0.707106781186544,-0.707106781186551));
#4817=DIRECTION('',(-1.,0.,5.55111512312578E-17));
#4818=DIRECTION('center_axis',(0.707106781186541,0.707106781186554,0.));
#4819=DIRECTION('ref_axis',(0.707106781186554,-0.707106781186541,-7.8504622934188E-17));
#4820=DIRECTION('center_axis',(-0.600000000000009,-0.799999999999994,3.55271367880049E-15));
#4821=DIRECTION('ref_axis',(-0.799999999999994,0.600000000000009,0.));
#4822=DIRECTION('center_axis',(5.55111512312578E-17,0.,1.));
#4823=DIRECTION('ref_axis',(1.,0.,0.));
#4824=DIRECTION('center_axis',(0.,-1.,0.));
#4825=DIRECTION('ref_axis',(-1.,0.,0.));
#4826=DIRECTION('center_axis',(-5.55111512312578E-17,0.,-1.));
#4827=DIRECTION('ref_axis',(0.84731632061293,-0.531088554596092,-4.70355044142573E-17));
#4828=DIRECTION('center_axis',(5.55111512312578E-17,0.,1.));
#4829=DIRECTION('ref_axis',(0.84731632061293,-0.531088554596092,-6.93889390390718E-17));
#4830=DIRECTION('center_axis',(0.,-1.,0.));
#4831=DIRECTION('ref_axis',(-0.707106781186554,0.,-0.707106781186541));
#4832=DIRECTION('',(0.,-1.,0.));
#4833=DIRECTION('',(0.,1.,0.));
#4834=DIRECTION('center_axis',(1.,0.,-1.07009448156642E-16));
#4835=DIRECTION('ref_axis',(1.07009448156642E-16,0.,1.));
#4836=DIRECTION('',(-1.07009448156642E-16,0.,-1.));
#4837=DIRECTION('',(0.,-1.,0.));
#4838=DIRECTION('center_axis',(1.07009448156642E-16,0.,1.));
#4839=DIRECTION('ref_axis',(0.707106781186552,-0.707106781186543,0.));
#4840=DIRECTION('',(1.07009448156642E-16,0.,1.));
#4841=DIRECTION('center_axis',(1.11022302462516E-16,0.,1.));
#4842=DIRECTION('ref_axis',(0.707106781186552,-0.707106781186543,0.));
#4843=DIRECTION('center_axis',(1.,0.,0.));
#4844=DIRECTION('ref_axis',(0.,0.707106781186546,0.707106781186549));
#4845=DIRECTION('',(1.,0.,0.));
#4846=DIRECTION('',(-1.,0.,0.));
#4847=DIRECTION('center_axis',(0.707106781186541,0.707106781186554,0.));
#4848=DIRECTION('ref_axis',(-0.707106781186554,0.707106781186541,0.));
#4849=DIRECTION('center_axis',(-0.600000000000011,-0.799999999999991,7.10542735760093E-15));
#4850=DIRECTION('ref_axis',(0.,8.88178419700125E-15,1.));
#4851=DIRECTION('center_axis',(0.,0.,1.));
#4852=DIRECTION('ref_axis',(1.,0.,0.));
#4853=DIRECTION('center_axis',(0.,-1.,0.));
#4854=DIRECTION('ref_axis',(0.,0.,1.));
#4855=DIRECTION('center_axis',(0.,0.,-1.));
#4856=DIRECTION('ref_axis',(0.847316320612934,-0.531088554596085,0.));
#4857=DIRECTION('center_axis',(0.,0.,1.));
#4858=DIRECTION('ref_axis',(0.847316320612934,-0.531088554596085,0.));
#4859=DIRECTION('center_axis',(0.,-1.,0.));
#4860=DIRECTION('ref_axis',(-0.707106781186553,0.,0.707106781186542));
#4861=DIRECTION('',(0.,-1.,0.));
#4862=DIRECTION('',(0.,1.,0.));
#4863=DIRECTION('center_axis',(0.,0.,-1.));
#4864=DIRECTION('ref_axis',(1.,0.,0.));
#4865=DIRECTION('',(-1.,0.,0.));
#4866=DIRECTION('center_axis',(1.,0.,0.));
#4867=DIRECTION('ref_axis',(0.,-0.707106781186555,-0.70710678118654));
#4868=DIRECTION('',(-1.,0.,0.));
#4869=DIRECTION('center_axis',(-1.,0.,-6.93889390390723E-18));
#4870=DIRECTION('ref_axis',(0.,0.707106781186548,-0.707106781186548));
#4871=DIRECTION('',(-1.,0.,-6.93889390390723E-18));
#4872=DIRECTION('',(1.,0.,6.93889390390723E-18));
#4873=DIRECTION('center_axis',(-0.707106781186546,0.707106781186549,0.));
#4874=DIRECTION('ref_axis',(0.707106781186549,0.707106781186546,9.81307786677357E-18));
#4875=DIRECTION('center_axis',(0.6,-0.8,0.));
#4876=DIRECTION('ref_axis',(0.,0.,-1.));
#4877=DIRECTION('center_axis',(6.93889390390723E-18,0.,-1.));
#4878=DIRECTION('ref_axis',(-1.,0.,0.));
#4879=DIRECTION('center_axis',(0.,-1.,0.));
#4880=DIRECTION('ref_axis',(0.,0.,-1.));
#4881=DIRECTION('center_axis',(-6.93889390390723E-18,0.,1.));
#4882=DIRECTION('ref_axis',(-0.847316320612929,-0.531088554596094,0.));
#4883=DIRECTION('center_axis',(6.93889390390723E-18,0.,-1.));
#4884=DIRECTION('ref_axis',(-0.847316320612929,-0.531088554596094,-5.87943805178216E-18));
#4885=DIRECTION('center_axis',(0.,-1.,0.));
#4886=DIRECTION('ref_axis',(0.707106781186544,0.,-0.707106781186551));
#4887=DIRECTION('',(0.,-1.,0.));
#4888=DIRECTION('',(0.,1.,0.));
#4889=DIRECTION('center_axis',(-6.93889390390723E-18,0.,1.));
#4890=DIRECTION('ref_axis',(-1.,0.,-6.93889390390723E-18));
#4891=DIRECTION('',(1.,0.,6.93889390390723E-18));
#4892=DIRECTION('',(3.06161699786838E-16,-1.,0.));
#4893=DIRECTION('center_axis',(-1.,0.,-6.93889390390723E-18));
#4894=DIRECTION('ref_axis',(0.,-0.707106781186563,0.707106781186532));
#4895=DIRECTION('',(1.,0.,6.93889390390723E-18));
#4896=DIRECTION('center_axis',(1.,0.,-4.16333634234434E-17));
#4897=DIRECTION('ref_axis',(0.,0.707106781186548,0.707106781186548));
#4898=DIRECTION('',(1.,0.,-4.16333634234434E-17));
#4899=DIRECTION('center_axis',(-0.707106781186546,0.707106781186549,0.));
#4900=DIRECTION('ref_axis',(-0.707106781186549,-0.707106781186546,5.88784672006414E-17));
#4901=DIRECTION('center_axis',(0.599999999999997,-0.800000000000002,-3.55271367880052E-15));
#4902=DIRECTION('ref_axis',(0.800000000000002,0.599999999999997,0.));
#4903=DIRECTION('center_axis',(-4.16333634234434E-17,0.,-1.));
#4904=DIRECTION('ref_axis',(-1.,0.,0.));
#4905=DIRECTION('center_axis',(0.,-1.,0.));
#4906=DIRECTION('ref_axis',(1.,0.,0.));
#4907=DIRECTION('center_axis',(4.16333634234434E-17,0.,1.));
#4908=DIRECTION('ref_axis',(-0.847316320612929,-0.531088554596094,3.52766283106929E-17));
#4909=DIRECTION('center_axis',(-4.16333634234434E-17,0.,-1.));
#4910=DIRECTION('ref_axis',(-0.847316320612929,-0.531088554596094,6.93889390390724E-17));
#4911=DIRECTION('center_axis',(0.,-1.,0.));
#4912=DIRECTION('ref_axis',(0.707106781186551,0.,0.707106781186544));
#4913=DIRECTION('',(0.,-1.,0.));
#4914=DIRECTION('',(0.,1.,0.));
#4915=DIRECTION('center_axis',(-1.,0.,0.));
#4916=DIRECTION('ref_axis',(0.,0.,-1.));
#4917=DIRECTION('',(0.,0.,1.));
#4918=DIRECTION('',(0.,-1.,0.));
#4919=DIRECTION('center_axis',(0.,0.,-1.));
#4920=DIRECTION('ref_axis',(-0.707106781186546,-0.707106781186549,0.));
#4921=DIRECTION('',(0.,0.,-1.));
#4922=DIRECTION('center_axis',(0.,0.,-1.));
#4923=DIRECTION('ref_axis',(-0.707106781186546,-0.707106781186549,0.));
#4924=DIRECTION('center_axis',(-1.,0.,5.55111512312578E-17));
#4925=DIRECTION('ref_axis',(0.,0.707106781186548,-0.707106781186548));
#4926=DIRECTION('',(-1.,0.,5.55111512312578E-17));
#4927=DIRECTION('center_axis',(-0.707106781186546,0.707106781186549,0.));
#4928=DIRECTION('ref_axis',(0.707106781186549,0.707106781186546,-7.85046229341886E-17));
#4929=DIRECTION('center_axis',(0.600000000000007,-0.799999999999995,-1.06581410364014E-14));
#4930=DIRECTION('ref_axis',(0.,1.33226762955019E-14,-1.));
#4931=DIRECTION('center_axis',(-5.55111512312578E-17,0.,-1.));
#4932=DIRECTION('ref_axis',(-1.,0.,0.));
#4933=DIRECTION('center_axis',(0.,-1.,0.));
#4934=DIRECTION('ref_axis',(0.,0.,-1.));
#4935=DIRECTION('center_axis',(5.55111512312578E-17,0.,1.));
#4936=DIRECTION('ref_axis',(-0.847316320612929,-0.531088554596094,6.93889390390724E-17));
#4937=DIRECTION('center_axis',(-5.55111512312578E-17,0.,-1.));
#4938=DIRECTION('ref_axis',(-0.847316320612929,-0.531088554596094,4.70355044142572E-17));
#4939=DIRECTION('center_axis',(0.,-1.,0.));
#4940=DIRECTION('ref_axis',(0.707106781186551,0.,-0.707106781186544));
#4941=DIRECTION('',(0.,1.,0.));
#4942=DIRECTION('center_axis',(5.55111512312578E-17,0.,1.));
#4943=DIRECTION('ref_axis',(-1.,0.,5.55111512312578E-17));
#4944=DIRECTION('',(1.,0.,-5.55111512312578E-17));
#4945=DIRECTION('center_axis',(-1.,0.,5.55111512312578E-17));
#4946=DIRECTION('ref_axis',(0.,-0.707106781186555,0.70710678118654));
#4947=DIRECTION('',(1.,0.,-5.55111512312578E-17));
#4948=DIRECTION('center_axis',(1.,0.,0.));
#4949=DIRECTION('ref_axis',(0.,0.707106781186546,0.707106781186549));
#4950=DIRECTION('',(-1.,0.,0.));
#4951=DIRECTION('',(1.,0.,0.));
#4952=DIRECTION('center_axis',(-0.707106781186546,0.707106781186549,0.));
#4953=DIRECTION('ref_axis',(-0.707106781186549,-0.707106781186546,0.));
#4954=DIRECTION('center_axis',(0.600000000000002,-0.799999999999998,0.));
#4955=DIRECTION('ref_axis',(0.799999999999998,0.600000000000002,0.));
#4956=DIRECTION('center_axis',(0.,0.,-1.));
#4957=DIRECTION('ref_axis',(-1.,0.,0.));
#4958=DIRECTION('center_axis',(0.,-1.,0.));
#4959=DIRECTION('ref_axis',(1.,0.,0.));
#4960=DIRECTION('center_axis',(0.,0.,1.));
#4961=DIRECTION('ref_axis',(-0.847316320612929,-0.531088554596094,0.));
#4962=DIRECTION('center_axis',(0.,0.,-1.));
#4963=DIRECTION('ref_axis',(-0.847316320612929,-0.531088554596094,0.));
#4964=DIRECTION('center_axis',(0.,-1.,0.));
#4965=DIRECTION('ref_axis',(0.707106781186549,0.,0.707106781186546));
#4966=DIRECTION('',(0.,-1.,0.));
#4967=DIRECTION('',(0.,1.,0.));
#4968=DIRECTION('center_axis',(0.,1.,0.));
#4969=DIRECTION('ref_axis',(-1.,0.,0.));
#4970=DIRECTION('',(0.,0.,-1.));
#4971=DIRECTION('',(-1.,0.,0.));
#4972=DIRECTION('center_axis',(-1.,0.,0.));
#4973=DIRECTION('ref_axis',(0.,0.,-1.));
#4974=DIRECTION('',(0.,0.,1.));
#4975=DIRECTION('',(0.,-1.,0.));
#4976=DIRECTION('center_axis',(0.,0.,-1.));
#4977=DIRECTION('ref_axis',(-0.707106781186546,-0.707106781186549,0.));
#4978=DIRECTION('',(0.,0.,-1.));
#4979=DIRECTION('center_axis',(0.,0.,-1.));
#4980=DIRECTION('ref_axis',(-0.707106781186546,-0.707106781186549,0.));
#4981=DIRECTION('center_axis',(0.,0.,-1.));
#4982=DIRECTION('ref_axis',(-0.707106781186546,-0.707106781186549,0.));
#4983=DIRECTION('',(0.,0.,1.));
#4984=DIRECTION('center_axis',(0.,0.,1.));
#4985=DIRECTION('ref_axis',(-0.707106781186546,-0.707106781186549,0.));
#4986=DIRECTION('',(0.,0.,-1.));
#4987=DIRECTION('center_axis',(-1.,0.,0.));
#4988=DIRECTION('ref_axis',(0.,0.,-1.));
#4989=DIRECTION('',(0.,0.,-1.));
#4990=DIRECTION('',(0.,1.,0.));
#4991=DIRECTION('center_axis',(0.,1.,0.));
#4992=DIRECTION('ref_axis',(-1.,0.,0.));
#4993=DIRECTION('',(-1.,0.,0.));
#4994=DIRECTION('',(1.,0.,6.93889390390723E-18));
#4995=DIRECTION('',(1.07009448156642E-16,0.,1.));
#4996=DIRECTION('',(1.,0.,0.));
#4997=DIRECTION('',(-1.,0.,4.16333634234434E-17));
#4998=DIRECTION('center_axis',(0.,-1.,0.));
#4999=DIRECTION('ref_axis',(-0.707106781186547,-6.2803698347351E-16,0.707106781186548));
#5000=DIRECTION('center_axis',(0.,-1.,0.));
#5001=DIRECTION('ref_axis',(1.,0.,0.));
#5002=DIRECTION('center_axis',(0.,-1.,0.));
#5003=DIRECTION('ref_axis',(1.,0.,0.));
#5004=DIRECTION('center_axis',(0.,-1.,0.));
#5005=DIRECTION('ref_axis',(1.,0.,0.));
#5006=DIRECTION('center_axis',(0.,-1.,0.));
#5007=DIRECTION('ref_axis',(1.,0.,0.));
#5008=DIRECTION('center_axis',(0.,-1.,0.));
#5009=DIRECTION('ref_axis',(1.,0.,0.));
#5010=DIRECTION('center_axis',(0.,-1.,0.));
#5011=DIRECTION('ref_axis',(1.,0.,0.));
#5012=DIRECTION('center_axis',(0.,-1.,0.));
#5013=DIRECTION('ref_axis',(1.,0.,0.));
#5014=DIRECTION('center_axis',(0.,-1.,0.));
#5015=DIRECTION('ref_axis',(1.,0.,0.));
#5016=DIRECTION('center_axis',(0.,-1.,0.));
#5017=DIRECTION('ref_axis',(1.,0.,0.));
#5018=DIRECTION('center_axis',(0.,0.,-1.));
#5019=DIRECTION('ref_axis',(-0.707106781186546,-0.707106781186549,0.));
#5020=DIRECTION('center_axis',(1.11022302462516E-16,0.,1.));
#5021=DIRECTION('ref_axis',(-0.707106781186546,-0.707106781186549,0.));
#5022=DIRECTION('',(0.,0.,-1.));
#5023=DIRECTION('center_axis',(0.,1.,0.));
#5024=DIRECTION('ref_axis',(-1.,0.,0.));
#5025=DIRECTION('',(-1.,0.,1.11022302462516E-16));
#5026=DIRECTION('',(1.,0.,-5.55111512312578E-17));
#5027=DIRECTION('',(1.07009448156642E-16,0.,1.));
#5028=DIRECTION('',(1.,0.,0.));
#5029=DIRECTION('',(-1.,0.,0.));
#5030=DIRECTION('center_axis',(0.,-1.,0.));
#5031=DIRECTION('ref_axis',(1.,0.,0.));
#5032=DIRECTION('center_axis',(0.,-1.,0.));
#5033=DIRECTION('ref_axis',(1.,0.,0.));
#5034=DIRECTION('center_axis',(0.,-1.,0.));
#5035=DIRECTION('ref_axis',(1.,0.,0.));
#5036=DIRECTION('center_axis',(0.,-1.,0.));
#5037=DIRECTION('ref_axis',(1.,0.,0.));
#5038=DIRECTION('center_axis',(0.,-1.,0.));
#5039=DIRECTION('ref_axis',(1.,0.,0.));
#5040=DIRECTION('center_axis',(0.,-1.,0.));
#5041=DIRECTION('ref_axis',(1.,0.,0.));
#5042=DIRECTION('center_axis',(0.,-1.,0.));
#5043=DIRECTION('ref_axis',(1.,0.,0.));
#5044=DIRECTION('center_axis',(0.,-1.,0.));
#5045=DIRECTION('ref_axis',(1.,0.,0.));
#5046=DIRECTION('center_axis',(0.,-1.,0.));
#5047=DIRECTION('ref_axis',(1.,0.,0.));
#5048=DIRECTION('center_axis',(-1.,0.,0.));
#5049=DIRECTION('ref_axis',(0.,-0.707106781186546,0.707106781186549));
#5050=DIRECTION('',(-1.,0.,0.));
#5051=DIRECTION('',(1.,0.,0.));
#5052=DIRECTION('center_axis',(0.,-1.,0.));
#5053=DIRECTION('ref_axis',(0.,0.,-1.));
#5054=DIRECTION('',(1.,0.,-1.11022302462516E-16));
#5055=DIRECTION('center_axis',(1.,0.,-1.11022302462516E-16));
#5056=DIRECTION('ref_axis',(0.,-0.707106781186548,-0.707106781186548));
#5057=DIRECTION('',(-1.,0.,1.11022302462516E-16));
#5058=DIRECTION('center_axis',(-1.11022302462516E-16,0.,-1.));
#5059=DIRECTION('ref_axis',(1.,0.,-1.11022302462516E-16));
#5060=DIRECTION('',(-1.,0.,1.11022302462516E-16));
#5061=DIRECTION('center_axis',(1.07009448156642E-16,0.,1.));
#5062=DIRECTION('ref_axis',(0.707106781186552,-0.707106781186543,0.));
#5063=DIRECTION('center_axis',(0.,0.,-1.));
#5064=DIRECTION('ref_axis',(0.707106781186552,-0.707106781186543,0.));
#5065=DIRECTION('center_axis',(1.07009448156642E-16,0.,1.));
#5066=DIRECTION('ref_axis',(0.707106781186552,-0.707106781186543,-7.56671064425921E-17));
#5067=DIRECTION('',(-1.07009448156642E-16,0.,-1.));
#5068=DIRECTION('center_axis',(0.,0.,-1.));
#5069=DIRECTION('ref_axis',(0.707106781186552,-0.707106781186543,-7.56671064425921E-17));
#5070=DIRECTION('center_axis',(1.,0.,-1.07009448156642E-16));
#5071=DIRECTION('ref_axis',(1.07009448156642E-16,0.,1.));
#5072=DIRECTION('',(1.07009448156642E-16,0.,1.));
#5073=DIRECTION('',(0.,1.,0.));
#5074=DIRECTION('center_axis',(-1.,0.,0.));
#5075=DIRECTION('ref_axis',(0.,-0.707106781186546,0.707106781186549));
#5076=DIRECTION('',(1.,0.,0.));
#5077=DIRECTION('',(-1.,0.,0.));
#5078=DIRECTION('center_axis',(0.,0.,1.));
#5079=DIRECTION('ref_axis',(-1.,0.,0.));
#5080=DIRECTION('center_axis',(1.,0.,-1.11022302462516E-16));
#5081=DIRECTION('ref_axis',(0.,-0.707106781186548,-0.707106781186548));
#5082=DIRECTION('',(1.,0.,-1.11022302462516E-16));
#5083=DIRECTION('center_axis',(0.,-1.,0.));
#5084=DIRECTION('ref_axis',(0.,0.,-1.));
#5085=DIRECTION('center_axis',(-1.,0.,-6.93889390390723E-18));
#5086=DIRECTION('ref_axis',(0.,-0.707106781186563,0.707106781186532));
#5087=DIRECTION('',(1.,0.,6.93889390390723E-18));
#5088=DIRECTION('center_axis',(-6.93889390390723E-18,0.,1.));
#5089=DIRECTION('ref_axis',(-1.,0.,-6.93889390390723E-18));
#5090=DIRECTION('center_axis',(-1.,0.,5.55111512312578E-17));
#5091=DIRECTION('ref_axis',(0.,-0.707106781186555,0.70710678118654));
#5092=DIRECTION('',(1.,0.,-5.55111512312578E-17));
#5093=DIRECTION('center_axis',(5.55111512312578E-17,0.,1.));
#5094=DIRECTION('ref_axis',(-1.,0.,5.55111512312578E-17));
#5095=DIRECTION('center_axis',(1.,0.,0.));
#5096=DIRECTION('ref_axis',(0.,-0.707106781186555,-0.70710678118654));
#5097=DIRECTION('',(-1.,0.,0.));
#5098=DIRECTION('center_axis',(0.,0.,-1.));
#5099=DIRECTION('ref_axis',(1.,0.,0.));
#5100=DIRECTION('center_axis',(1.,0.,-4.16333634234434E-17));
#5101=DIRECTION('ref_axis',(0.,-0.707106781186563,-0.707106781186532));
#5102=DIRECTION('',(-1.,0.,4.16333634234434E-17));
#5103=DIRECTION('center_axis',(-4.16333634234434E-17,0.,-1.));
#5104=DIRECTION('ref_axis',(1.,0.,-4.16333634234434E-17));
#5105=DIRECTION('center_axis',(-0.866025403784438,0.,-0.500000000000001));
#5106=DIRECTION('ref_axis',(-0.500000000000001,-5.5511151231258E-17,0.866025403784438));
#5107=DIRECTION('',(0.,1.,0.));
#5108=DIRECTION('',(-0.500000000000001,-5.5511151231258E-17,0.866025403784438));
#5109=DIRECTION('',(0.,1.,0.));
#5110=DIRECTION('center_axis',(2.74708955197653E-15,0.,-1.));
#5111=DIRECTION('ref_axis',(-1.,-1.11022302462516E-16,-2.74708955197653E-15));
#5112=DIRECTION('',(0.,1.,0.));
#5113=DIRECTION('',(-1.,-1.11022302462516E-16,-2.74708955197653E-15));
#5114=DIRECTION('center_axis',(0.866025403784439,0.,-0.499999999999999));
#5115=DIRECTION('ref_axis',(-0.499999999999999,-5.55111512312577E-17,-0.866025403784439));
#5116=DIRECTION('',(0.,1.,0.));
#5117=DIRECTION('',(-0.499999999999999,-5.55111512312577E-17,-0.866025403784439));
#5118=DIRECTION('center_axis',(0.866025403784437,0.,0.500000000000002));
#5119=DIRECTION('ref_axis',(0.500000000000002,5.55111512312581E-17,-0.866025403784437));
#5120=DIRECTION('',(0.,1.,0.));
#5121=DIRECTION('',(0.500000000000002,5.55111512312581E-17,-0.866025403784437));
#5122=DIRECTION('center_axis',(0.,0.,1.));
#5123=DIRECTION('ref_axis',(1.,1.11022302462516E-16,0.));
#5124=DIRECTION('',(0.,1.,0.));
#5125=DIRECTION('',(1.,1.11022302462516E-16,0.));
#5126=DIRECTION('center_axis',(-0.866025403784439,0.,0.5));
#5127=DIRECTION('ref_axis',(0.5,5.55111512312579E-17,0.866025403784439));
#5128=DIRECTION('',(0.5,5.55111512312579E-17,0.866025403784439));
#5129=DIRECTION('center_axis',(1.11022302462516E-16,-1.,0.));
#5130=DIRECTION('ref_axis',(0.,0.,-1.));
#5131=DIRECTION('center_axis',(1.11022302462516E-16,-1.,0.));
#5132=DIRECTION('ref_axis',(1.,0.,0.));
#5133=DIRECTION('center_axis',(-1.03015858199119E-15,0.,-1.));
#5134=DIRECTION('ref_axis',(-1.,-1.11022302462516E-16,1.03015858199119E-15));
#5135=DIRECTION('',(0.,1.,0.));
#5136=DIRECTION('',(-1.,-1.11022302462516E-16,1.03015858199119E-15));
#5137=DIRECTION('',(0.,1.,0.));
#5138=DIRECTION('center_axis',(0.866025403784438,0.,-0.500000000000001));
#5139=DIRECTION('ref_axis',(-0.500000000000001,-5.55111512312579E-17,-0.866025403784438));
#5140=DIRECTION('',(0.,1.,0.));
#5141=DIRECTION('',(-0.500000000000001,-5.55111512312579E-17,-0.866025403784438));
#5142=DIRECTION('center_axis',(0.866025403784438,0.,0.5));
#5143=DIRECTION('ref_axis',(0.5,5.55111512312579E-17,-0.866025403784438));
#5144=DIRECTION('',(0.,1.,0.));
#5145=DIRECTION('',(0.5,5.55111512312579E-17,-0.866025403784438));
#5146=DIRECTION('center_axis',(-1.71693096998532E-16,0.,1.));
#5147=DIRECTION('ref_axis',(1.,1.11022302462516E-16,1.71693096998532E-16));
#5148=DIRECTION('',(0.,1.,0.));
#5149=DIRECTION('',(1.,1.11022302462516E-16,1.71693096998532E-16));
#5150=DIRECTION('center_axis',(-0.866025403784438,0.,0.500000000000001));
#5151=DIRECTION('ref_axis',(0.500000000000001,5.55111512312579E-17,0.866025403784438));
#5152=DIRECTION('',(0.,1.,0.));
#5153=DIRECTION('',(0.500000000000001,5.55111512312579E-17,0.866025403784438));
#5154=DIRECTION('center_axis',(-0.866025403784438,0.,-0.500000000000001));
#5155=DIRECTION('ref_axis',(-0.500000000000001,-5.55111512312579E-17,0.866025403784438));
#5156=DIRECTION('',(-0.500000000000001,-5.55111512312579E-17,0.866025403784438));
#5157=DIRECTION('center_axis',(0.,1.,0.));
#5158=DIRECTION('ref_axis',(0.,0.,1.));
#5159=DIRECTION('center_axis',(0.,-1.,0.));
#5160=DIRECTION('ref_axis',(1.,0.,0.));
#5161=DIRECTION('center_axis',(0.866025403784438,0.,-0.500000000000001));
#5162=DIRECTION('ref_axis',(-0.500000000000001,-5.55111512312579E-17,-0.866025403784438));
#5163=DIRECTION('',(0.,1.,0.));
#5164=DIRECTION('',(-0.500000000000001,-5.55111512312579E-17,-0.866025403784438));
#5165=DIRECTION('',(0.,1.,0.));
#5166=DIRECTION('center_axis',(0.866025403784438,0.,0.500000000000001));
#5167=DIRECTION('ref_axis',(0.500000000000001,5.5511151231258E-17,-0.866025403784438));
#5168=DIRECTION('',(0.,1.,0.));
#5169=DIRECTION('',(0.500000000000001,5.5511151231258E-17,-0.866025403784438));
#5170=DIRECTION('center_axis',(0.,0.,1.));
#5171=DIRECTION('ref_axis',(1.,1.11022302462516E-16,0.));
#5172=DIRECTION('',(0.,1.,0.));
#5173=DIRECTION('',(1.,1.11022302462516E-16,0.));
#5174=DIRECTION('center_axis',(-0.866025403784438,0.,0.500000000000001));
#5175=DIRECTION('ref_axis',(0.500000000000001,5.55111512312579E-17,0.866025403784438));
#5176=DIRECTION('',(0.,1.,0.));
#5177=DIRECTION('',(0.500000000000001,5.55111512312579E-17,0.866025403784438));
#5178=DIRECTION('center_axis',(-0.866025403784435,0.,-0.500000000000006));
#5179=DIRECTION('ref_axis',(-0.500000000000006,-5.55111512312585E-17,0.866025403784435));
#5180=DIRECTION('',(0.,1.,0.));
#5181=DIRECTION('',(-0.500000000000006,-5.55111512312585E-17,0.866025403784435));
#5182=DIRECTION('center_axis',(2.74708955197653E-15,0.,-1.));
#5183=DIRECTION('ref_axis',(-1.,-1.11022302462516E-16,-2.74708955197653E-15));
#5184=DIRECTION('',(-1.,-1.11022302462516E-16,-2.74708955197653E-15));
#5185=DIRECTION('center_axis',(0.,1.,0.));
#5186=DIRECTION('ref_axis',(0.,0.,1.));
#5187=DIRECTION('center_axis',(0.,-1.,0.));
#5188=DIRECTION('ref_axis',(1.,0.,0.));
#5189=DIRECTION('center_axis',(-1.03015858199119E-15,0.,-1.));
#5190=DIRECTION('ref_axis',(-1.,-1.11022302462516E-16,1.03015858199119E-15));
#5191=DIRECTION('',(0.,1.,0.));
#5192=DIRECTION('',(-1.,-1.11022302462516E-16,1.03015858199119E-15));
#5193=DIRECTION('',(0.,1.,0.));
#5194=DIRECTION('center_axis',(0.866025403784438,0.,-0.500000000000001));
#5195=DIRECTION('ref_axis',(-0.500000000000001,-5.55111512312579E-17,-0.866025403784438));
#5196=DIRECTION('',(0.,1.,0.));
#5197=DIRECTION('',(-0.500000000000001,-5.55111512312579E-17,-0.866025403784438));
#5198=DIRECTION('center_axis',(0.866025403784438,0.,0.5));
#5199=DIRECTION('ref_axis',(0.5,5.55111512312579E-17,-0.866025403784438));
#5200=DIRECTION('',(0.,1.,0.));
#5201=DIRECTION('',(0.5,5.55111512312579E-17,-0.866025403784438));
#5202=DIRECTION('center_axis',(-1.71693096998532E-16,0.,1.));
#5203=DIRECTION('ref_axis',(1.,1.11022302462516E-16,1.71693096998532E-16));
#5204=DIRECTION('',(0.,1.,0.));
#5205=DIRECTION('',(1.,1.11022302462516E-16,1.71693096998532E-16));
#5206=DIRECTION('center_axis',(-0.866025403784438,0.,0.500000000000001));
#5207=DIRECTION('ref_axis',(0.500000000000001,5.55111512312579E-17,0.866025403784438));
#5208=DIRECTION('',(0.,1.,0.));
#5209=DIRECTION('',(0.500000000000001,5.55111512312579E-17,0.866025403784438));
#5210=DIRECTION('center_axis',(-0.866025403784438,0.,-0.500000000000001));
#5211=DIRECTION('ref_axis',(-0.500000000000001,-5.55111512312579E-17,0.866025403784438));
#5212=DIRECTION('',(-0.500000000000001,-5.55111512312579E-17,0.866025403784438));
#5213=DIRECTION('center_axis',(0.,1.,0.));
#5214=DIRECTION('ref_axis',(0.,0.,1.));
#5215=DIRECTION('center_axis',(0.,-1.,0.));
#5216=DIRECTION('ref_axis',(1.,0.,0.));
#5217=DIRECTION('center_axis',(0.866025403784438,0.,-0.500000000000001));
#5218=DIRECTION('ref_axis',(-0.500000000000001,-5.55111512312579E-17,-0.866025403784438));
#5219=DIRECTION('',(0.,1.,0.));
#5220=DIRECTION('',(-0.500000000000001,-5.55111512312579E-17,-0.866025403784438));
#5221=DIRECTION('',(0.,1.,0.));
#5222=DIRECTION('center_axis',(0.866025403784438,0.,0.500000000000001));
#5223=DIRECTION('ref_axis',(0.500000000000001,5.5511151231258E-17,-0.866025403784438));
#5224=DIRECTION('',(0.,1.,0.));
#5225=DIRECTION('',(0.500000000000001,5.5511151231258E-17,-0.866025403784438));
#5226=DIRECTION('center_axis',(0.,0.,1.));
#5227=DIRECTION('ref_axis',(1.,1.11022302462516E-16,0.));
#5228=DIRECTION('',(0.,1.,0.));
#5229=DIRECTION('',(1.,1.11022302462516E-16,0.));
#5230=DIRECTION('center_axis',(-0.866025403784438,0.,0.500000000000001));
#5231=DIRECTION('ref_axis',(0.500000000000001,5.55111512312579E-17,0.866025403784438));
#5232=DIRECTION('',(0.,1.,0.));
#5233=DIRECTION('',(0.500000000000001,5.55111512312579E-17,0.866025403784438));
#5234=DIRECTION('center_axis',(-0.866025403784438,0.,-0.500000000000002));
#5235=DIRECTION('ref_axis',(-0.500000000000002,-5.5511151231258E-17,0.866025403784438));
#5236=DIRECTION('',(0.,1.,0.));
#5237=DIRECTION('',(-0.500000000000002,-5.5511151231258E-17,0.866025403784438));
#5238=DIRECTION('center_axis',(2.74708955197652E-15,0.,-1.));
#5239=DIRECTION('ref_axis',(-1.,-1.11022302462516E-16,-2.74708955197652E-15));
#5240=DIRECTION('',(-1.,-1.11022302462516E-16,-2.74708955197652E-15));
#5241=DIRECTION('center_axis',(0.,1.,0.));
#5242=DIRECTION('ref_axis',(0.,0.,1.));
#5243=DIRECTION('center_axis',(0.,-1.,0.));
#5244=DIRECTION('ref_axis',(1.,0.,0.));
#5245=DIRECTION('center_axis',(0.866025403784438,0.,-0.500000000000001));
#5246=DIRECTION('ref_axis',(-0.500000000000001,-5.55111512312579E-17,-0.866025403784438));
#5247=DIRECTION('',(0.,1.,0.));
#5248=DIRECTION('',(-0.500000000000001,-5.55111512312579E-17,-0.866025403784438));
#5249=DIRECTION('',(0.,1.,0.));
#5250=DIRECTION('center_axis',(0.866025403784438,0.,0.500000000000001));
#5251=DIRECTION('ref_axis',(0.500000000000001,5.5511151231258E-17,-0.866025403784438));
#5252=DIRECTION('',(0.,1.,0.));
#5253=DIRECTION('',(0.500000000000001,5.5511151231258E-17,-0.866025403784438));
#5254=DIRECTION('center_axis',(0.,0.,1.));
#5255=DIRECTION('ref_axis',(1.,1.11022302462516E-16,0.));
#5256=DIRECTION('',(0.,1.,0.));
#5257=DIRECTION('',(1.,1.11022302462516E-16,0.));
#5258=DIRECTION('center_axis',(-0.866025403784438,0.,0.500000000000001));
#5259=DIRECTION('ref_axis',(0.500000000000001,5.55111512312579E-17,0.866025403784438));
#5260=DIRECTION('',(0.,1.,0.));
#5261=DIRECTION('',(0.500000000000001,5.55111512312579E-17,0.866025403784438));
#5262=DIRECTION('center_axis',(-0.866025403784438,0.,-0.500000000000002));
#5263=DIRECTION('ref_axis',(-0.500000000000002,-5.5511151231258E-17,0.866025403784438));
#5264=DIRECTION('',(0.,1.,0.));
#5265=DIRECTION('',(-0.500000000000002,-5.5511151231258E-17,0.866025403784438));
#5266=DIRECTION('center_axis',(2.74708955197652E-15,0.,-1.));
#5267=DIRECTION('ref_axis',(-1.,-1.11022302462516E-16,-2.74708955197652E-15));
#5268=DIRECTION('',(-1.,-1.11022302462516E-16,-2.74708955197652E-15));
#5269=DIRECTION('center_axis',(0.,1.,0.));
#5270=DIRECTION('ref_axis',(0.,0.,1.));
#5271=DIRECTION('center_axis',(0.,-1.,0.));
#5272=DIRECTION('ref_axis',(1.,0.,0.));
#5273=DIRECTION('center_axis',(-1.0301585819912E-15,0.,-1.));
#5274=DIRECTION('ref_axis',(-1.,-1.11022302462516E-16,1.0301585819912E-15));
#5275=DIRECTION('',(0.,1.,0.));
#5276=DIRECTION('',(-1.,-1.11022302462516E-16,1.0301585819912E-15));
#5277=DIRECTION('',(0.,1.,0.));
#5278=DIRECTION('center_axis',(0.866025403784438,0.,-0.500000000000001));
#5279=DIRECTION('ref_axis',(-0.500000000000001,-5.55111512312579E-17,-0.866025403784438));
#5280=DIRECTION('',(0.,1.,0.));
#5281=DIRECTION('',(-0.500000000000001,-5.55111512312579E-17,-0.866025403784438));
#5282=DIRECTION('center_axis',(0.866025403784438,0.,0.5));
#5283=DIRECTION('ref_axis',(0.5,5.55111512312579E-17,-0.866025403784438));
#5284=DIRECTION('',(0.,1.,0.));
#5285=DIRECTION('',(0.5,5.55111512312579E-17,-0.866025403784438));
#5286=DIRECTION('center_axis',(-1.71693096998533E-16,0.,1.));
#5287=DIRECTION('ref_axis',(1.,1.11022302462516E-16,1.71693096998533E-16));
#5288=DIRECTION('',(0.,1.,0.));
#5289=DIRECTION('',(1.,1.11022302462516E-16,1.71693096998533E-16));
#5290=DIRECTION('center_axis',(-0.866025403784439,0.,0.5));
#5291=DIRECTION('ref_axis',(0.5,5.55111512312578E-17,0.866025403784439));
#5292=DIRECTION('',(0.,1.,0.));
#5293=DIRECTION('',(0.5,5.55111512312578E-17,0.866025403784439));
#5294=DIRECTION('center_axis',(-0.866025403784439,0.,-0.5));
#5295=DIRECTION('ref_axis',(-0.5,-5.55111512312578E-17,0.866025403784439));
#5296=DIRECTION('',(-0.5,-5.55111512312578E-17,0.866025403784439));
#5297=DIRECTION('center_axis',(0.,1.,0.));
#5298=DIRECTION('ref_axis',(0.,0.,1.));
#5299=DIRECTION('center_axis',(0.,-1.,0.));
#5300=DIRECTION('ref_axis',(1.,0.,0.));
#5301=DIRECTION('center_axis',(0.866025403784439,0.,-0.499999999999999));
#5302=DIRECTION('ref_axis',(-0.499999999999999,-5.55111512312577E-17,-0.866025403784439));
#5303=DIRECTION('',(0.,1.,0.));
#5304=DIRECTION('',(-0.499999999999999,-5.55111512312577E-17,-0.866025403784439));
#5305=DIRECTION('',(0.,1.,0.));
#5306=DIRECTION('center_axis',(0.866025403784437,0.,0.500000000000002));
#5307=DIRECTION('ref_axis',(0.500000000000002,5.55111512312581E-17,-0.866025403784437));
#5308=DIRECTION('',(0.,1.,0.));
#5309=DIRECTION('',(0.500000000000002,5.55111512312581E-17,-0.866025403784437));
#5310=DIRECTION('center_axis',(0.,0.,1.));
#5311=DIRECTION('ref_axis',(1.,1.11022302462516E-16,0.));
#5312=DIRECTION('',(0.,1.,0.));
#5313=DIRECTION('',(1.,1.11022302462516E-16,0.));
#5314=DIRECTION('center_axis',(-0.866025403784438,0.,0.500000000000001));
#5315=DIRECTION('ref_axis',(0.500000000000001,5.55111512312579E-17,0.866025403784438));
#5316=DIRECTION('',(0.,1.,0.));
#5317=DIRECTION('',(0.500000000000001,5.55111512312579E-17,0.866025403784438));
#5318=DIRECTION('center_axis',(-0.866025403784438,0.,-0.500000000000002));
#5319=DIRECTION('ref_axis',(-0.500000000000002,-5.5511151231258E-17,0.866025403784438));
#5320=DIRECTION('',(0.,1.,0.));
#5321=DIRECTION('',(-0.500000000000002,-5.5511151231258E-17,0.866025403784438));
#5322=DIRECTION('center_axis',(2.74708955197653E-15,0.,-1.));
#5323=DIRECTION('ref_axis',(-1.,-1.11022302462516E-16,-2.74708955197653E-15));
#5324=DIRECTION('',(-1.,-1.11022302462516E-16,-2.74708955197653E-15));
#5325=DIRECTION('center_axis',(0.,1.,0.));
#5326=DIRECTION('ref_axis',(0.,0.,1.));
#5327=DIRECTION('center_axis',(0.,-1.,0.));
#5328=DIRECTION('ref_axis',(1.,0.,0.));
#5329=DIRECTION('center_axis',(-1.03015858199119E-15,0.,-1.));
#5330=DIRECTION('ref_axis',(-1.,-1.11022302462516E-16,1.03015858199119E-15));
#5331=DIRECTION('',(0.,1.,0.));
#5332=DIRECTION('',(-1.,-1.11022302462516E-16,1.03015858199119E-15));
#5333=DIRECTION('',(0.,1.,0.));
#5334=DIRECTION('center_axis',(0.866025403784438,0.,-0.500000000000001));
#5335=DIRECTION('ref_axis',(-0.500000000000001,-5.55111512312579E-17,-0.866025403784438));
#5336=DIRECTION('',(0.,1.,0.));
#5337=DIRECTION('',(-0.500000000000001,-5.55111512312579E-17,-0.866025403784438));
#5338=DIRECTION('center_axis',(0.866025403784438,0.,0.5));
#5339=DIRECTION('ref_axis',(0.5,5.55111512312579E-17,-0.866025403784438));
#5340=DIRECTION('',(0.,1.,0.));
#5341=DIRECTION('',(0.5,5.55111512312579E-17,-0.866025403784438));
#5342=DIRECTION('center_axis',(-1.71693096998532E-16,0.,1.));
#5343=DIRECTION('ref_axis',(1.,1.11022302462516E-16,1.71693096998532E-16));
#5344=DIRECTION('',(0.,1.,0.));
#5345=DIRECTION('',(1.,1.11022302462516E-16,1.71693096998532E-16));
#5346=DIRECTION('center_axis',(-0.866025403784438,0.,0.500000000000001));
#5347=DIRECTION('ref_axis',(0.500000000000001,5.55111512312579E-17,0.866025403784438));
#5348=DIRECTION('',(0.,1.,0.));
#5349=DIRECTION('',(0.500000000000001,5.55111512312579E-17,0.866025403784438));
#5350=DIRECTION('center_axis',(-0.866025403784438,0.,-0.500000000000001));
#5351=DIRECTION('ref_axis',(-0.500000000000001,-5.55111512312579E-17,0.866025403784438));
#5352=DIRECTION('',(-0.500000000000001,-5.55111512312579E-17,0.866025403784438));
#5353=DIRECTION('center_axis',(0.,1.,0.));
#5354=DIRECTION('ref_axis',(0.,0.,1.));
#5355=DIRECTION('center_axis',(0.,-1.,0.));
#5356=DIRECTION('ref_axis',(1.,0.,0.));
#5357=DIRECTION('center_axis',(0.866025403784438,0.,-0.500000000000001));
#5358=DIRECTION('ref_axis',(-0.500000000000001,-5.55111512312579E-17,-0.866025403784438));
#5359=DIRECTION('',(0.,1.,0.));
#5360=DIRECTION('',(-0.500000000000001,-5.55111512312579E-17,-0.866025403784438));
#5361=DIRECTION('',(0.,1.,0.));
#5362=DIRECTION('center_axis',(0.866025403784438,0.,0.500000000000001));
#5363=DIRECTION('ref_axis',(0.500000000000001,5.5511151231258E-17,-0.866025403784438));
#5364=DIRECTION('',(0.,1.,0.));
#5365=DIRECTION('',(0.500000000000001,5.5511151231258E-17,-0.866025403784438));
#5366=DIRECTION('center_axis',(0.,0.,1.));
#5367=DIRECTION('ref_axis',(1.,1.11022302462516E-16,0.));
#5368=DIRECTION('',(0.,1.,0.));
#5369=DIRECTION('',(1.,1.11022302462516E-16,0.));
#5370=DIRECTION('center_axis',(-0.866025403784438,0.,0.500000000000001));
#5371=DIRECTION('ref_axis',(0.500000000000001,5.55111512312579E-17,0.866025403784438));
#5372=DIRECTION('',(0.,1.,0.));
#5373=DIRECTION('',(0.500000000000001,5.55111512312579E-17,0.866025403784438));
#5374=DIRECTION('center_axis',(-0.866025403784435,0.,-0.500000000000006));
#5375=DIRECTION('ref_axis',(-0.500000000000006,-5.55111512312585E-17,0.866025403784435));
#5376=DIRECTION('',(0.,1.,0.));
#5377=DIRECTION('',(-0.500000000000006,-5.55111512312585E-17,0.866025403784435));
#5378=DIRECTION('center_axis',(2.74708955197653E-15,0.,-1.));
#5379=DIRECTION('ref_axis',(-1.,-1.11022302462516E-16,-2.74708955197653E-15));
#5380=DIRECTION('',(-1.,-1.11022302462516E-16,-2.74708955197653E-15));
#5381=DIRECTION('center_axis',(0.,1.,0.));
#5382=DIRECTION('ref_axis',(0.,0.,1.));
#5383=DIRECTION('center_axis',(0.,-1.,0.));
#5384=DIRECTION('ref_axis',(1.,0.,0.));
#5385=DIRECTION('center_axis',(-1.03015858199119E-15,0.,-1.));
#5386=DIRECTION('ref_axis',(-1.,-1.11022302462516E-16,1.03015858199119E-15));
#5387=DIRECTION('',(0.,1.,0.));
#5388=DIRECTION('',(-1.,-1.11022302462516E-16,1.03015858199119E-15));
#5389=DIRECTION('',(0.,1.,0.));
#5390=DIRECTION('center_axis',(0.866025403784438,0.,-0.500000000000001));
#5391=DIRECTION('ref_axis',(-0.500000000000001,-5.55111512312579E-17,-0.866025403784438));
#5392=DIRECTION('',(0.,1.,0.));
#5393=DIRECTION('',(-0.500000000000001,-5.55111512312579E-17,-0.866025403784438));
#5394=DIRECTION('center_axis',(0.866025403784438,0.,0.5));
#5395=DIRECTION('ref_axis',(0.5,5.55111512312579E-17,-0.866025403784438));
#5396=DIRECTION('',(0.,1.,0.));
#5397=DIRECTION('',(0.5,5.55111512312579E-17,-0.866025403784438));
#5398=DIRECTION('center_axis',(-1.71693096998532E-16,0.,1.));
#5399=DIRECTION('ref_axis',(1.,1.11022302462516E-16,1.71693096998532E-16));
#5400=DIRECTION('',(0.,1.,0.));
#5401=DIRECTION('',(1.,1.11022302462516E-16,1.71693096998532E-16));
#5402=DIRECTION('center_axis',(-0.866025403784438,0.,0.500000000000001));
#5403=DIRECTION('ref_axis',(0.500000000000001,5.55111512312579E-17,0.866025403784438));
#5404=DIRECTION('',(0.,1.,0.));
#5405=DIRECTION('',(0.500000000000001,5.55111512312579E-17,0.866025403784438));
#5406=DIRECTION('center_axis',(-0.866025403784438,0.,-0.500000000000001));
#5407=DIRECTION('ref_axis',(-0.500000000000001,-5.55111512312579E-17,0.866025403784438));
#5408=DIRECTION('',(-0.500000000000001,-5.55111512312579E-17,0.866025403784438));
#5409=DIRECTION('center_axis',(0.,1.,0.));
#5410=DIRECTION('ref_axis',(0.,0.,1.));
#5411=DIRECTION('center_axis',(0.,-1.,0.));
#5412=DIRECTION('ref_axis',(1.,0.,0.));
#5413=DIRECTION('center_axis',(-1.03015858199119E-15,0.,-1.));
#5414=DIRECTION('ref_axis',(-1.,-1.11022302462516E-16,1.03015858199119E-15));
#5415=DIRECTION('',(0.,1.,0.));
#5416=DIRECTION('',(-1.,-1.11022302462516E-16,1.03015858199119E-15));
#5417=DIRECTION('',(0.,1.,0.));
#5418=DIRECTION('center_axis',(0.866025403784438,0.,-0.500000000000001));
#5419=DIRECTION('ref_axis',(-0.500000000000001,-5.55111512312579E-17,-0.866025403784438));
#5420=DIRECTION('',(0.,1.,0.));
#5421=DIRECTION('',(-0.500000000000001,-5.55111512312579E-17,-0.866025403784438));
#5422=DIRECTION('center_axis',(0.866025403784438,0.,0.5));
#5423=DIRECTION('ref_axis',(0.5,5.55111512312579E-17,-0.866025403784438));
#5424=DIRECTION('',(0.,1.,0.));
#5425=DIRECTION('',(0.5,5.55111512312579E-17,-0.866025403784438));
#5426=DIRECTION('center_axis',(-1.71693096998532E-16,0.,1.));
#5427=DIRECTION('ref_axis',(1.,1.11022302462516E-16,1.71693096998532E-16));
#5428=DIRECTION('',(0.,1.,0.));
#5429=DIRECTION('',(1.,1.11022302462516E-16,1.71693096998532E-16));
#5430=DIRECTION('center_axis',(-0.866025403784438,0.,0.500000000000001));
#5431=DIRECTION('ref_axis',(0.500000000000001,5.55111512312579E-17,0.866025403784438));
#5432=DIRECTION('',(0.,1.,0.));
#5433=DIRECTION('',(0.500000000000001,5.55111512312579E-17,0.866025403784438));
#5434=DIRECTION('center_axis',(-0.866025403784438,0.,-0.500000000000001));
#5435=DIRECTION('ref_axis',(-0.500000000000001,-5.55111512312579E-17,0.866025403784438));
#5436=DIRECTION('',(-0.500000000000001,-5.55111512312579E-17,0.866025403784438));
#5437=DIRECTION('center_axis',(0.,1.,0.));
#5438=DIRECTION('ref_axis',(0.,0.,1.));
#5439=DIRECTION('center_axis',(0.,-1.,0.));
#5440=DIRECTION('ref_axis',(1.,0.,0.));
#5441=DIRECTION('center_axis',(0.866025403784438,0.,-0.500000000000001));
#5442=DIRECTION('ref_axis',(-0.500000000000001,-5.55111512312579E-17,-0.866025403784438));
#5443=DIRECTION('',(0.,1.,0.));
#5444=DIRECTION('',(-0.500000000000001,-5.55111512312579E-17,-0.866025403784438));
#5445=DIRECTION('',(0.,1.,0.));
#5446=DIRECTION('center_axis',(0.866025403784438,0.,0.500000000000001));
#5447=DIRECTION('ref_axis',(0.500000000000001,5.5511151231258E-17,-0.866025403784438));
#5448=DIRECTION('',(0.,1.,0.));
#5449=DIRECTION('',(0.500000000000001,5.5511151231258E-17,-0.866025403784438));
#5450=DIRECTION('center_axis',(0.,0.,1.));
#5451=DIRECTION('ref_axis',(1.,1.11022302462516E-16,0.));
#5452=DIRECTION('',(0.,1.,0.));
#5453=DIRECTION('',(1.,1.11022302462516E-16,0.));
#5454=DIRECTION('center_axis',(-0.866025403784438,0.,0.500000000000001));
#5455=DIRECTION('ref_axis',(0.500000000000001,5.55111512312579E-17,0.866025403784438));
#5456=DIRECTION('',(0.,1.,0.));
#5457=DIRECTION('',(0.500000000000001,5.55111512312579E-17,0.866025403784438));
#5458=DIRECTION('center_axis',(-0.866025403784438,0.,-0.500000000000002));
#5459=DIRECTION('ref_axis',(-0.500000000000002,-5.5511151231258E-17,0.866025403784438));
#5460=DIRECTION('',(0.,1.,0.));
#5461=DIRECTION('',(-0.500000000000002,-5.5511151231258E-17,0.866025403784438));
#5462=DIRECTION('center_axis',(2.74708955197652E-15,0.,-1.));
#5463=DIRECTION('ref_axis',(-1.,-1.11022302462516E-16,-2.74708955197652E-15));
#5464=DIRECTION('',(-1.,-1.11022302462516E-16,-2.74708955197652E-15));
#5465=DIRECTION('center_axis',(0.,1.,0.));
#5466=DIRECTION('ref_axis',(0.,0.,1.));
#5467=DIRECTION('center_axis',(0.,-1.,0.));
#5468=DIRECTION('ref_axis',(1.,0.,0.));
#5469=DIRECTION('center_axis',(-0.866025403784439,0.,-0.5));
#5470=DIRECTION('ref_axis',(-0.5,-5.55111512312578E-17,0.866025403784439));
#5471=DIRECTION('',(0.,1.,0.));
#5472=DIRECTION('',(-0.5,-5.55111512312578E-17,0.866025403784439));
#5473=DIRECTION('',(0.,1.,0.));
#5474=DIRECTION('center_axis',(-1.0301585819912E-15,0.,-1.));
#5475=DIRECTION('ref_axis',(-1.,-1.11022302462516E-16,1.0301585819912E-15));
#5476=DIRECTION('',(0.,1.,0.));
#5477=DIRECTION('',(-1.,-1.11022302462516E-16,1.0301585819912E-15));
#5478=DIRECTION('center_axis',(0.866025403784438,0.,-0.500000000000001));
#5479=DIRECTION('ref_axis',(-0.500000000000001,-5.55111512312579E-17,-0.866025403784438));
#5480=DIRECTION('',(0.,1.,0.));
#5481=DIRECTION('',(-0.500000000000001,-5.55111512312579E-17,-0.866025403784438));
#5482=DIRECTION('center_axis',(0.866025403784438,0.,0.5));
#5483=DIRECTION('ref_axis',(0.5,5.55111512312579E-17,-0.866025403784438));
#5484=DIRECTION('',(0.,1.,0.));
#5485=DIRECTION('',(0.5,5.55111512312579E-17,-0.866025403784438));
#5486=DIRECTION('center_axis',(-1.71693096998533E-16,0.,1.));
#5487=DIRECTION('ref_axis',(1.,1.11022302462516E-16,1.71693096998533E-16));
#5488=DIRECTION('',(0.,1.,0.));
#5489=DIRECTION('',(1.,1.11022302462516E-16,1.71693096998533E-16));
#5490=DIRECTION('center_axis',(-0.866025403784438,0.,0.5));
#5491=DIRECTION('ref_axis',(0.5,5.55111512312579E-17,0.866025403784438));
#5492=DIRECTION('',(0.5,5.55111512312579E-17,0.866025403784438));
#5493=DIRECTION('center_axis',(1.11022302462516E-16,-1.,0.));
#5494=DIRECTION('ref_axis',(0.,0.,-1.));
#5495=DIRECTION('center_axis',(1.11022302462516E-16,-1.,0.));
#5496=DIRECTION('ref_axis',(1.,0.,0.));
#5497=DIRECTION('center_axis',(0.,1.,0.));
#5498=DIRECTION('ref_axis',(1.,0.,0.));
#5499=DIRECTION('',(0.,-1.,0.));
#5500=DIRECTION('center_axis',(-1.2490009027033E-16,1.,0.));
#5501=DIRECTION('ref_axis',(1.,0.,0.));
#5502=DIRECTION('center_axis',(0.,1.,0.));
#5503=DIRECTION('ref_axis',(1.,0.,0.));
#5504=DIRECTION('',(0.,-1.,0.));
#5505=DIRECTION('center_axis',(0.,1.,0.));
#5506=DIRECTION('ref_axis',(1.,0.,0.));
#5507=DIRECTION('',(0.,-1.,0.));
#5508=DIRECTION('center_axis',(0.,1.,0.));
#5509=DIRECTION('ref_axis',(1.,0.,0.));
#5510=DIRECTION('',(0.,-1.,0.));
#5511=DIRECTION('center_axis',(0.,1.,0.));
#5512=DIRECTION('ref_axis',(1.,0.,0.));
#5513=DIRECTION('',(0.,-1.,0.));
#5514=DIRECTION('center_axis',(0.,1.,0.));
#5515=DIRECTION('ref_axis',(1.,0.,0.));
#5516=DIRECTION('',(0.,-1.,0.));
#5517=DIRECTION('center_axis',(0.,1.,0.));
#5518=DIRECTION('ref_axis',(1.,0.,0.));
#5519=DIRECTION('',(0.,-1.,0.));
#5520=DIRECTION('center_axis',(0.,1.,0.));
#5521=DIRECTION('ref_axis',(1.,0.,0.));
#5522=DIRECTION('',(0.,-1.,0.));
#5523=DIRECTION('center_axis',(0.,1.,0.));
#5524=DIRECTION('ref_axis',(1.,0.,0.));
#5525=DIRECTION('center_axis',(0.,1.,0.));
#5526=DIRECTION('ref_axis',(1.,0.,0.));
#5527=DIRECTION('',(0.,-1.,0.));
#5528=DIRECTION('center_axis',(0.,1.,0.));
#5529=DIRECTION('ref_axis',(1.,0.,0.));
#5530=DIRECTION('',(0.,-1.,0.));
#5531=DIRECTION('center_axis',(0.,1.,0.));
#5532=DIRECTION('ref_axis',(1.,0.,0.));
#5533=DIRECTION('center_axis',(0.,1.,0.));
#5534=DIRECTION('ref_axis',(1.,0.,0.));
#5535=DIRECTION('',(0.,-1.,0.));
#5536=DIRECTION('center_axis',(0.,1.,0.));
#5537=DIRECTION('ref_axis',(1.,0.,0.));
#5538=DIRECTION('',(0.,-1.,0.));
#5539=DIRECTION('center_axis',(0.,1.,0.));
#5540=DIRECTION('ref_axis',(1.,0.,0.));
#5541=DIRECTION('',(0.,-1.,0.));
#5542=DIRECTION('center_axis',(0.,1.,0.));
#5543=DIRECTION('ref_axis',(1.,0.,0.));
#5544=DIRECTION('',(0.,-1.,0.));
#5545=DIRECTION('center_axis',(0.,1.,0.));
#5546=DIRECTION('ref_axis',(1.,0.,0.));
#5547=DIRECTION('',(0.,-1.,0.));
#5548=DIRECTION('center_axis',(0.,1.,0.));
#5549=DIRECTION('ref_axis',(1.,0.,0.));
#5550=DIRECTION('',(0.,-1.,0.));
#5551=DIRECTION('center_axis',(0.,1.,0.));
#5552=DIRECTION('ref_axis',(1.,0.,0.));
#5553=DIRECTION('',(0.,-1.,0.));
#5554=DIRECTION('center_axis',(0.,1.,0.));
#5555=DIRECTION('ref_axis',(1.,0.,0.));
#5556=DIRECTION('',(0.,-1.,0.));
#5557=DIRECTION('center_axis',(-1.2490009027033E-16,1.,0.));
#5558=DIRECTION('ref_axis',(1.,0.,0.));
#5559=DIRECTION('center_axis',(3.06161699786838E-16,-1.,0.));
#5560=DIRECTION('ref_axis',(-0.707106781186547,-6.2803698347351E-16,0.707106781186548));
#5561=DIRECTION('center_axis',(0.,1.,0.));
#5562=DIRECTION('ref_axis',(-0.707106781186547,-6.2803698347351E-16,0.707106781186548));
#5563=DIRECTION('',(-3.06161699786838E-16,1.,0.));
#5564=DIRECTION('center_axis',(0.,-1.,0.));
#5565=DIRECTION('ref_axis',(-0.707106781186547,-6.2803698347351E-16,0.707106781186548));
#5566=DIRECTION('center_axis',(0.,-1.,0.));
#5567=DIRECTION('ref_axis',(1.,0.,0.));
#5568=DIRECTION('',(1.,0.,0.));
#5569=DIRECTION('',(1.,0.,0.));
#5570=DIRECTION('center_axis',(1.2490009027033E-16,-1.,0.));
#5571=DIRECTION('ref_axis',(1.,1.2490009027033E-16,0.));
#5572=DIRECTION('',(1.,1.2490009027033E-16,0.));
#5573=DIRECTION('',(1.,1.2490009027033E-16,0.));
#5574=DIRECTION('center_axis',(0.,0.,1.));
#5575=DIRECTION('ref_axis',(1.,0.,0.));
#5576=DIRECTION('',(-1.,0.,0.));
#5577=DIRECTION('center_axis',(0.,1.,0.));
#5578=DIRECTION('ref_axis',(-1.,0.,0.));
#5579=DIRECTION('center_axis',(0.,1.,0.));
#5580=DIRECTION('ref_axis',(-1.,0.,0.));
#5581=DIRECTION('',(-1.,0.,0.));
#5582=DIRECTION('center_axis',(0.,0.,1.));
#5583=DIRECTION('ref_axis',(1.,0.,0.));
#5584=CARTESIAN_POINT('',(0.,0.,0.));
#5585=CARTESIAN_POINT('Origin',(138.,9.29000000000002,0.));
#5586=CARTESIAN_POINT('',(140.,9.29000000000002,12.5));
#5587=CARTESIAN_POINT('',(138.,11.29,12.5));
#5588=CARTESIAN_POINT('Origin',(138.,9.29000000000002,12.5));
#5589=CARTESIAN_POINT('',(138.,11.29,0.));
#5590=CARTESIAN_POINT('',(138.,11.29,0.));
#5591=CARTESIAN_POINT('',(140.,9.29000000000002,0.));
#5592=CARTESIAN_POINT('Origin',(138.,9.29000000000002,0.));
#5593=CARTESIAN_POINT('',(140.,9.29000000000002,0.));
#5594=CARTESIAN_POINT('Origin',(20.,11.29,0.));
#5595=CARTESIAN_POINT('',(22.,11.29,12.5));
#5596=CARTESIAN_POINT('',(10.,11.29,12.5));
#5597=CARTESIAN_POINT('',(22.,11.29,0.));
#5598=CARTESIAN_POINT('',(22.,11.29,0.));
#5599=CARTESIAN_POINT('',(20.,11.29,0.));
#5600=CARTESIAN_POINT('',(68.2331615074619,11.29,6.25000000000003));
#5601=CARTESIAN_POINT('',(66.616580753731,11.29,3.45000000000003));
#5602=CARTESIAN_POINT('',(60.850851625616,11.29,-6.53653579257493));
#5603=CARTESIAN_POINT('',(63.3834192462691,11.29,3.45000000000002));
#5604=CARTESIAN_POINT('',(43.3082903768655,11.29,3.44999999999997));
#5605=CARTESIAN_POINT('',(61.7668384925381,11.29,6.25000000000002));
#5606=CARTESIAN_POINT('',(58.7074387512495,11.29,11.549035792575));
#5607=CARTESIAN_POINT('',(63.3834192462691,11.29,9.05000000000003));
#5608=CARTESIAN_POINT('',(55.1928189875576,11.29,-5.13653579257493));
#5609=CARTESIAN_POINT('',(66.616580753731,11.29,9.05000000000003));
#5610=CARTESIAN_POINT('',(41.6917096231345,11.29,9.05000000000003));
#5611=CARTESIAN_POINT('',(62.7488906355769,11.29,15.749035792575));
#5612=CARTESIAN_POINT('',(128.233161507462,11.29,6.25000000000004));
#5613=CARTESIAN_POINT('',(126.616580753731,11.29,3.45000000000005));
#5614=CARTESIAN_POINT('',(113.350851625616,11.29,-19.5269168493415));
#5615=CARTESIAN_POINT('',(123.383419246269,11.29,3.45000000000004));
#5616=CARTESIAN_POINT('',(73.3082903768655,11.29,3.4499999999999));
#5617=CARTESIAN_POINT('',(121.766838492538,11.29,6.25000000000003));
#5618=CARTESIAN_POINT('',(111.207438751249,11.29,24.5394168493417));
#5619=CARTESIAN_POINT('',(123.383419246269,11.29,9.05000000000004));
#5620=CARTESIAN_POINT('',(107.692818987558,11.29,-18.1269168493415));
#5621=CARTESIAN_POINT('',(126.616580753731,11.29,9.05000000000004));
#5622=CARTESIAN_POINT('',(71.6917096231345,11.29,9.05000000000004));
#5623=CARTESIAN_POINT('',(115.248890635577,11.29,28.7394168493416));
#5624=CARTESIAN_POINT('',(53.2331615074619,11.29,6.25000000000003));
#5625=CARTESIAN_POINT('',(51.616580753731,11.29,3.45000000000003));
#5626=CARTESIAN_POINT('',(47.725851625616,11.29,-3.28894052838327));
#5627=CARTESIAN_POINT('',(48.3834192462691,11.29,3.45000000000002));
#5628=CARTESIAN_POINT('',(35.8082903768655,11.29,3.44999999999999));
#5629=CARTESIAN_POINT('',(46.7668384925381,11.29,6.25000000000001));
#5630=CARTESIAN_POINT('',(45.5824387512495,11.29,8.30144052838332));
#5631=CARTESIAN_POINT('',(48.3834192462691,11.29,9.05000000000002));
#5632=CARTESIAN_POINT('',(42.0678189875576,11.29,-1.88894052838329));
#5633=CARTESIAN_POINT('',(51.616580753731,11.29,9.05000000000002));
#5634=CARTESIAN_POINT('',(34.1917096231345,11.29,9.05000000000002));
#5635=CARTESIAN_POINT('',(49.6238906355768,11.29,12.5014405283833));
#5636=CARTESIAN_POINT('',(83.2331615074619,11.29,6.25000000000003));
#5637=CARTESIAN_POINT('',(81.616580753731,11.29,3.45000000000004));
#5638=CARTESIAN_POINT('',(73.975851625616,11.29,-9.78413105676657));
#5639=CARTESIAN_POINT('',(78.3834192462691,11.29,3.45000000000003));
#5640=CARTESIAN_POINT('',(50.8082903768655,11.29,3.44999999999995));
#5641=CARTESIAN_POINT('',(76.7668384925381,11.29,6.25000000000002));
#5642=CARTESIAN_POINT('',(71.8324387512495,11.29,14.7966310567666));
#5643=CARTESIAN_POINT('',(78.3834192462691,11.29,9.05000000000003));
#5644=CARTESIAN_POINT('',(68.3178189875576,11.29,-8.38413105676658));
#5645=CARTESIAN_POINT('',(81.616580753731,11.29,9.05000000000003));
#5646=CARTESIAN_POINT('',(49.1917096231345,11.29,9.05000000000003));
#5647=CARTESIAN_POINT('',(75.8738906355768,11.29,18.9966310567666));
#5648=CARTESIAN_POINT('',(98.2331615074619,11.29,6.25000000000004));
#5649=CARTESIAN_POINT('',(96.616580753731,11.29,3.45000000000004));
#5650=CARTESIAN_POINT('',(87.100851625616,11.29,-13.0317263209582));
#5651=CARTESIAN_POINT('',(93.3834192462691,11.29,3.45000000000003));
#5652=CARTESIAN_POINT('',(58.3082903768655,11.29,3.44999999999994));
#5653=CARTESIAN_POINT('',(91.7668384925381,11.29,6.25000000000003));
#5654=CARTESIAN_POINT('',(84.9574387512494,11.29,18.0442263209583));
#5655=CARTESIAN_POINT('',(93.3834192462691,11.29,9.05000000000003));
#5656=CARTESIAN_POINT('',(81.4428189875576,11.29,-11.6317263209582));
#5657=CARTESIAN_POINT('',(96.616580753731,11.29,9.05000000000003));
#5658=CARTESIAN_POINT('',(56.6917096231345,11.29,9.05000000000003));
#5659=CARTESIAN_POINT('',(88.9988906355768,11.29,22.2442263209583));
#5660=CARTESIAN_POINT('',(113.233161507462,11.29,6.25000000000004));
#5661=CARTESIAN_POINT('',(111.616580753731,11.29,3.45000000000005));
#5662=CARTESIAN_POINT('',(100.225851625616,11.29,-16.2793215851499));
#5663=CARTESIAN_POINT('',(108.383419246269,11.29,3.45000000000004));
#5664=CARTESIAN_POINT('',(65.8082903768655,11.29,3.44999999999992));
#5665=CARTESIAN_POINT('',(106.766838492538,11.29,6.25000000000003));
#5666=CARTESIAN_POINT('',(98.0824387512493,11.29,21.2918215851501));
#5667=CARTESIAN_POINT('',(108.383419246269,11.29,9.05000000000004));
#5668=CARTESIAN_POINT('',(94.5678189875576,11.29,-14.8793215851499));
#5669=CARTESIAN_POINT('',(111.616580753731,11.29,9.05000000000004));
#5670=CARTESIAN_POINT('',(64.1917096231345,11.29,9.05000000000004));
#5671=CARTESIAN_POINT('',(102.123890635577,11.29,25.4918215851499));
#5672=CARTESIAN_POINT('',(33.3834192462691,11.29,3.45000000000002));
#5673=CARTESIAN_POINT('',(31.7668384925381,11.29,6.25000000000001));
#5674=CARTESIAN_POINT('',(32.4574387512495,11.29,5.05384526419166));
#5675=CARTESIAN_POINT('',(33.3834192462691,11.29,9.05000000000001));
#5676=CARTESIAN_POINT('',(28.9428189875577,11.29,1.35865473580836));
#5677=CARTESIAN_POINT('',(36.616580753731,11.29,9.05000000000001));
#5678=CARTESIAN_POINT('',(26.6917096231345,11.29,9.05000000000001));
#5679=CARTESIAN_POINT('',(38.2331615074619,11.29,6.25000000000002));
#5680=CARTESIAN_POINT('',(36.4988906355769,11.29,9.25384526419167));
#5681=CARTESIAN_POINT('',(36.616580753731,11.29,3.45000000000002));
#5682=CARTESIAN_POINT('',(34.600851625616,11.29,-0.0413452641916295));
#5683=CARTESIAN_POINT('',(28.3082903768655,11.29,3.45));
#5684=CARTESIAN_POINT('Origin',(138.,9.29000000000002,0.));
#5685=CARTESIAN_POINT('',(138.,11.29,29.));
#5686=CARTESIAN_POINT('',(140.,9.29000000000002,29.));
#5687=CARTESIAN_POINT('Origin',(138.,9.29000000000002,29.));
#5688=CARTESIAN_POINT('',(140.,9.29000000000002,41.5));
#5689=CARTESIAN_POINT('',(140.,9.29000000000002,0.));
#5690=CARTESIAN_POINT('',(138.,11.29,41.5));
#5691=CARTESIAN_POINT('Origin',(138.,9.29000000000002,41.5));
#5692=CARTESIAN_POINT('',(138.,11.29,0.));
#5693=CARTESIAN_POINT('Origin',(140.,11.29,0.));
#5694=CARTESIAN_POINT('',(140.,9.71445146547012E-15,0.));
#5695=CARTESIAN_POINT('',(140.,21.49,0.));
#5696=CARTESIAN_POINT('',(140.,9.71445146547012E-15,41.5));
#5697=CARTESIAN_POINT('',(140.,9.71445146547012E-15,0.));
#5698=CARTESIAN_POINT('',(140.,21.49,41.5));
#5699=CARTESIAN_POINT('',(140.,12.29,29.));
#5700=CARTESIAN_POINT('',(140.,16.39,29.));
#5701=CARTESIAN_POINT('',(140.,11.29,28.));
#5702=CARTESIAN_POINT('Origin',(140.,12.29,28.));
#5703=CARTESIAN_POINT('',(140.,11.29,13.5));
#5704=CARTESIAN_POINT('',(140.,11.29,0.));
#5705=CARTESIAN_POINT('',(140.,12.29,12.5));
#5706=CARTESIAN_POINT('Origin',(140.,12.29,13.5));
#5707=CARTESIAN_POINT('',(140.,16.39,12.5));
#5708=CARTESIAN_POINT('Origin',(22.,9.29,0.));
#5709=CARTESIAN_POINT('',(20.,9.29,12.5));
#5710=CARTESIAN_POINT('Origin',(22.,9.29,12.5));
#5711=CARTESIAN_POINT('',(20.,9.29,0.));
#5712=CARTESIAN_POINT('',(20.,9.29,0.));
#5713=CARTESIAN_POINT('Origin',(22.,9.29,0.));
#5714=CARTESIAN_POINT('Origin',(20.,0.,0.));
#5715=CARTESIAN_POINT('',(20.,12.29,12.5));
#5716=CARTESIAN_POINT('',(20.,10.745,12.5));
#5717=CARTESIAN_POINT('',(20.,11.29,13.5));
#5718=CARTESIAN_POINT('Origin',(20.,12.29,13.5));
#5719=CARTESIAN_POINT('',(20.,11.29,28.));
#5720=CARTESIAN_POINT('',(20.,11.29,0.));
#5721=CARTESIAN_POINT('',(20.,12.29,29.));
#5722=CARTESIAN_POINT('Origin',(20.,12.29,28.));
#5723=CARTESIAN_POINT('',(20.,9.29,29.));
#5724=CARTESIAN_POINT('',(20.,10.745,29.));
#5725=CARTESIAN_POINT('',(20.,9.29,41.5));
#5726=CARTESIAN_POINT('',(20.,9.29,0.));
#5727=CARTESIAN_POINT('',(20.,0.,41.5));
#5728=CARTESIAN_POINT('',(20.,0.,41.5));
#5729=CARTESIAN_POINT('',(20.,0.,0.));
#5730=CARTESIAN_POINT('',(20.,0.,0.));
#5731=CARTESIAN_POINT('',(20.,0.,0.));
#5732=CARTESIAN_POINT('Origin',(22.,9.29,0.));
#5733=CARTESIAN_POINT('',(22.,11.29,29.));
#5734=CARTESIAN_POINT('Origin',(22.,9.29,29.));
#5735=CARTESIAN_POINT('',(22.,11.29,41.5));
#5736=CARTESIAN_POINT('',(22.,11.29,0.));
#5737=CARTESIAN_POINT('Origin',(22.,9.29,41.5));
#5738=CARTESIAN_POINT('Origin',(20.,11.29,0.));
#5739=CARTESIAN_POINT('',(20.,11.29,41.5));
#5740=CARTESIAN_POINT('',(90.,11.29,29.));
#5741=CARTESIAN_POINT('',(33.383419246269,11.29,32.45));
#5742=CARTESIAN_POINT('',(31.7668384925381,11.29,35.25));
#5743=CARTESIAN_POINT('',(38.7361229286867,11.29,23.1788452641916));
#5744=CARTESIAN_POINT('',(33.383419246269,11.29,38.05));
#5745=CARTESIAN_POINT('',(22.6641348101205,11.29,19.4836547358084));
#5746=CARTESIAN_POINT('',(36.616580753731,11.29,38.05));
#5747=CARTESIAN_POINT('',(26.6917096231345,11.29,38.05));
#5748=CARTESIAN_POINT('',(38.2331615074619,11.29,35.25));
#5749=CARTESIAN_POINT('',(42.7775748130141,11.29,27.3788452641917));
#5750=CARTESIAN_POINT('',(36.616580753731,11.29,32.45));
#5751=CARTESIAN_POINT('',(28.3221674481788,11.29,18.0836547358084));
#5752=CARTESIAN_POINT('',(28.3082903768655,11.29,32.45));
#5753=CARTESIAN_POINT('',(96.616580753731,11.29,32.45));
#5754=CARTESIAN_POINT('',(93.383419246269,11.29,32.45));
#5755=CARTESIAN_POINT('',(58.3082903768655,11.29,32.45));
#5756=CARTESIAN_POINT('',(91.7668384925381,11.29,35.25));
#5757=CARTESIAN_POINT('',(91.2361229286867,11.29,36.1692263209583));
#5758=CARTESIAN_POINT('',(93.383419246269,11.29,38.05));
#5759=CARTESIAN_POINT('',(75.1641348101204,11.29,6.49327367904178));
#5760=CARTESIAN_POINT('',(96.616580753731,11.29,38.05));
#5761=CARTESIAN_POINT('',(56.6917096231345,11.29,38.05));
#5762=CARTESIAN_POINT('',(98.2331615074619,11.29,35.25));
#5763=CARTESIAN_POINT('',(95.2775748130141,11.29,40.3692263209582));
#5764=CARTESIAN_POINT('',(80.8221674481788,11.29,5.09327367904177));
#5765=CARTESIAN_POINT('',(111.616580753731,11.29,32.45));
#5766=CARTESIAN_POINT('',(108.383419246269,11.29,32.45));
#5767=CARTESIAN_POINT('',(65.8082903768655,11.29,32.4500000000001));
#5768=CARTESIAN_POINT('',(106.766838492538,11.29,35.25));
#5769=CARTESIAN_POINT('',(104.361122928687,11.29,39.4168215851499));
#5770=CARTESIAN_POINT('',(108.383419246269,11.29,38.05));
#5771=CARTESIAN_POINT('',(88.2891348101204,11.29,3.24567841485013));
#5772=CARTESIAN_POINT('',(111.616580753731,11.29,38.05));
#5773=CARTESIAN_POINT('',(64.1917096231345,11.29,38.05));
#5774=CARTESIAN_POINT('',(113.233161507462,11.29,35.25));
#5775=CARTESIAN_POINT('',(108.402574813014,11.29,43.6168215851499));
#5776=CARTESIAN_POINT('',(93.9471674481787,11.29,1.84567841485013));
#5777=CARTESIAN_POINT('',(81.616580753731,11.29,32.45));
#5778=CARTESIAN_POINT('',(78.383419246269,11.29,32.45));
#5779=CARTESIAN_POINT('',(50.8082903768655,11.29,32.45));
#5780=CARTESIAN_POINT('',(76.7668384925381,11.29,35.25));
#5781=CARTESIAN_POINT('',(78.1111229286867,11.29,32.9216310567666));
#5782=CARTESIAN_POINT('',(78.383419246269,11.29,38.05));
#5783=CARTESIAN_POINT('',(62.0391348101204,11.29,9.74086894323342));
#5784=CARTESIAN_POINT('',(81.616580753731,11.29,38.05));
#5785=CARTESIAN_POINT('',(49.1917096231345,11.29,38.05));
#5786=CARTESIAN_POINT('',(83.2331615074619,11.29,35.25));
#5787=CARTESIAN_POINT('',(82.1525748130141,11.29,37.1216310567666));
#5788=CARTESIAN_POINT('',(67.6971674481788,11.29,8.34086894323342));
#5789=CARTESIAN_POINT('',(51.616580753731,11.29,32.45));
#5790=CARTESIAN_POINT('',(48.383419246269,11.29,32.45));
#5791=CARTESIAN_POINT('',(35.8082903768655,11.29,32.45));
#5792=CARTESIAN_POINT('',(46.7668384925381,11.29,35.25));
#5793=CARTESIAN_POINT('',(51.8611229286867,11.29,26.4264405283833));
#5794=CARTESIAN_POINT('',(48.383419246269,11.29,38.05));
#5795=CARTESIAN_POINT('',(35.7891348101205,11.29,16.2360594716167));
#5796=CARTESIAN_POINT('',(51.616580753731,11.29,38.05));
#5797=CARTESIAN_POINT('',(34.1917096231345,11.29,38.05));
#5798=CARTESIAN_POINT('',(53.2331615074619,11.29,35.25));
#5799=CARTESIAN_POINT('',(55.9025748130141,11.29,30.6264405283833));
#5800=CARTESIAN_POINT('',(41.4471674481788,11.29,14.8360594716167));
#5801=CARTESIAN_POINT('',(126.616580753731,11.29,32.45));
#5802=CARTESIAN_POINT('',(123.383419246269,11.29,32.45));
#5803=CARTESIAN_POINT('',(73.3082903768655,11.29,32.4500000000001));
#5804=CARTESIAN_POINT('',(121.766838492538,11.29,35.25));
#5805=CARTESIAN_POINT('',(117.486122928687,11.29,42.6644168493416));
#5806=CARTESIAN_POINT('',(123.383419246269,11.29,38.05));
#5807=CARTESIAN_POINT('',(101.41413481012,11.29,-0.00191684934151226));
#5808=CARTESIAN_POINT('',(126.616580753731,11.29,38.05));
#5809=CARTESIAN_POINT('',(71.6917096231345,11.29,38.05));
#5810=CARTESIAN_POINT('',(128.233161507462,11.29,35.25));
#5811=CARTESIAN_POINT('',(121.527574813014,11.29,46.8644168493416));
#5812=CARTESIAN_POINT('',(107.072167448179,11.29,-1.40191684934152));
#5813=CARTESIAN_POINT('',(66.616580753731,11.29,32.45));
#5814=CARTESIAN_POINT('',(63.383419246269,11.29,32.45));
#5815=CARTESIAN_POINT('',(43.3082903768655,11.29,32.45));
#5816=CARTESIAN_POINT('',(61.7668384925381,11.29,35.25));
#5817=CARTESIAN_POINT('',(64.9861229286867,11.29,29.674035792575));
#5818=CARTESIAN_POINT('',(63.383419246269,11.29,38.05));
#5819=CARTESIAN_POINT('',(48.9141348101204,11.29,12.9884642074251));
#5820=CARTESIAN_POINT('',(66.616580753731,11.29,38.05));
#5821=CARTESIAN_POINT('',(41.6917096231345,11.29,38.05));
#5822=CARTESIAN_POINT('',(68.2331615074619,11.29,35.25));
#5823=CARTESIAN_POINT('',(69.0275748130141,11.29,33.874035792575));
#5824=CARTESIAN_POINT('',(54.5721674481788,11.29,11.5884642074251));
#5825=CARTESIAN_POINT('Origin',(90.,20.99,29.5));
#5826=CARTESIAN_POINT('',(1.53080849893412E-16,20.99,29.));
#5827=CARTESIAN_POINT('',(-6.57941492841915E-15,21.49,29.5));
#5828=CARTESIAN_POINT('Origin',(0.,20.99,29.5));
#5829=CARTESIAN_POINT('',(19.7,21.49,29.5));
#5830=CARTESIAN_POINT('',(90.,21.49,29.5));
#5831=CARTESIAN_POINT('',(19.7,20.99,29.));
#5832=CARTESIAN_POINT('Origin',(19.7,20.99,29.5));
#5833=CARTESIAN_POINT('',(90.,20.99,29.));
#5834=CARTESIAN_POINT('Origin',(20.,21.49,0.));
#5835=CARTESIAN_POINT('',(-6.57941492841915E-15,21.49,31.15));
#5836=CARTESIAN_POINT('',(-6.57941492841915E-15,21.49,0.));
#5837=CARTESIAN_POINT('',(19.7,21.49,31.15));
#5838=CARTESIAN_POINT('',(10.,21.49,31.15));
#5839=CARTESIAN_POINT('',(19.7,21.49,15.825));
#5840=CARTESIAN_POINT('Origin',(-6.57941492841915E-15,21.49,0.));
#5841=CARTESIAN_POINT('',(2.8166876380389E-15,12.29,29.));
#5842=CARTESIAN_POINT('',(0.,21.49,29.));
#5843=CARTESIAN_POINT('',(0.,11.29,28.));
#5844=CARTESIAN_POINT('Origin',(0.,12.29,28.));
#5845=CARTESIAN_POINT('',(0.,11.29,13.5));
#5846=CARTESIAN_POINT('',(0.,11.29,10.375));
#5847=CARTESIAN_POINT('',(-3.76272729038024E-15,12.29,12.5));
#5848=CARTESIAN_POINT('Origin',(-8.88178419700125E-15,12.29,13.5));
#5849=CARTESIAN_POINT('',(-6.42633407852573E-15,20.99,12.5));
#5850=CARTESIAN_POINT('',(-6.57941492841915E-15,21.49,12.5));
#5851=CARTESIAN_POINT('',(-6.57941492841915E-15,21.49,12.));
#5852=CARTESIAN_POINT('Origin',(-3.33066907387547E-15,20.99,12.));
#5853=CARTESIAN_POINT('',(-6.57941492841915E-15,21.49,10.35));
#5854=CARTESIAN_POINT('',(-6.57941492841915E-15,21.49,0.));
#5855=CARTESIAN_POINT('',(-6.50825729785752E-15,20.99,9.85000000000001));
#5856=CARTESIAN_POINT('Origin',(-6.66133814775094E-15,20.99,10.35));
#5857=CARTESIAN_POINT('',(-5.25299432873149E-15,16.89,9.85000000000001));
#5858=CARTESIAN_POINT('',(-6.66133814775094E-15,21.49,9.85000000000001));
#5859=CARTESIAN_POINT('',(-8.88178419700125E-15,16.79,9.75000000000001));
#5860=CARTESIAN_POINT('Origin',(-8.88178419700125E-15,16.89,9.75000000000001));
#5861=CARTESIAN_POINT('',(-8.88178419700125E-15,16.79,2.75));
#5862=CARTESIAN_POINT('',(-8.88178419700125E-15,16.79,3.125));
#5863=CARTESIAN_POINT('',(-5.1710711093997E-15,16.89,2.65));
#5864=CARTESIAN_POINT('Origin',(-8.88178419700125E-15,16.89,2.75));
#5865=CARTESIAN_POINT('',(-6.42633407852573E-15,20.99,2.65));
#5866=CARTESIAN_POINT('',(-6.57941492841915E-15,21.49,2.65));
#5867=CARTESIAN_POINT('',(-6.57941492841915E-15,21.49,2.15));
#5868=CARTESIAN_POINT('Origin',(-6.66133814775094E-15,20.99,2.15));
#5869=CARTESIAN_POINT('',(-6.57941492841915E-15,21.49,0.));
#5870=CARTESIAN_POINT('',(-6.57941492841915E-15,21.49,0.));
#5871=CARTESIAN_POINT('',(0.,0.,0.));
#5872=CARTESIAN_POINT('',(-6.57941492841915E-15,21.49,0.));
#5873=CARTESIAN_POINT('',(0.,0.,36.5));
#5874=CARTESIAN_POINT('',(0.,0.,0.));
#5875=CARTESIAN_POINT('',(-8.88178419700125E-15,16.79,36.5));
#5876=CARTESIAN_POINT('',(-4.9960036108132E-15,16.1175,36.5));
#5877=CARTESIAN_POINT('',(-8.88178419700125E-15,16.79,31.75));
#5878=CARTESIAN_POINT('',(-8.88178419700125E-15,16.79,3.125));
#5879=CARTESIAN_POINT('',(-5.1710711093997E-15,16.89,31.65));
#5880=CARTESIAN_POINT('Origin',(-8.88178419700125E-15,16.89,31.75));
#5881=CARTESIAN_POINT('',(-6.42633407852573E-15,20.99,31.65));
#5882=CARTESIAN_POINT('',(-6.57941492841915E-15,21.49,31.65));
#5883=CARTESIAN_POINT('Origin',(-3.33066907387547E-15,20.99,31.15));
#5884=CARTESIAN_POINT('Origin',(10.,20.99,12.));
#5885=CARTESIAN_POINT('',(19.7,20.99,12.5));
#5886=CARTESIAN_POINT('',(10.,20.99,12.5));
#5887=CARTESIAN_POINT('',(19.7,21.49,12.));
#5888=CARTESIAN_POINT('Origin',(19.7,20.99,12.));
#5889=CARTESIAN_POINT('',(10.,21.49,12.));
#5890=CARTESIAN_POINT('Origin',(20.,21.49,0.));
#5891=CARTESIAN_POINT('',(19.7,21.49,10.35));
#5892=CARTESIAN_POINT('',(19.7,21.49,15.825));
#5893=CARTESIAN_POINT('',(19.85,21.49,10.35));
#5894=CARTESIAN_POINT('Origin',(19.7,21.49,31.65));
#5895=CARTESIAN_POINT('',(19.7,17.79,12.5));
#5896=CARTESIAN_POINT('',(19.7,21.49,12.5));
#5897=CARTESIAN_POINT('',(19.7,17.79,10.35));
#5898=CARTESIAN_POINT('',(19.7,17.79,15.825));
#5899=CARTESIAN_POINT('',(19.7,21.49,10.35));
#5900=CARTESIAN_POINT('Origin',(80.,20.99,12.));
#5901=CARTESIAN_POINT('',(160.,20.99,12.5));
#5902=CARTESIAN_POINT('',(160.,21.49,12.));
#5903=CARTESIAN_POINT('Origin',(160.,20.99,12.));
#5904=CARTESIAN_POINT('',(140.3,21.49,12.));
#5905=CARTESIAN_POINT('',(80.,21.49,12.));
#5906=CARTESIAN_POINT('',(140.3,20.99,12.5));
#5907=CARTESIAN_POINT('Origin',(140.3,20.99,12.));
#5908=CARTESIAN_POINT('',(80.,20.99,12.5));
#5909=CARTESIAN_POINT('Origin',(160.,21.49,0.));
#5910=CARTESIAN_POINT('',(160.,21.49,10.35));
#5911=CARTESIAN_POINT('',(160.,21.49,0.));
#5912=CARTESIAN_POINT('',(140.3,21.49,10.35));
#5913=CARTESIAN_POINT('',(160.,21.49,10.35));
#5914=CARTESIAN_POINT('',(140.3,21.49,4.925));
#5915=CARTESIAN_POINT('Origin',(160.,1.22124532708767E-14,0.));
#5916=CARTESIAN_POINT('',(160.,12.29,12.5));
#5917=CARTESIAN_POINT('',(160.,10.745,12.5));
#5918=CARTESIAN_POINT('',(160.,11.29,13.5));
#5919=CARTESIAN_POINT('Origin',(160.,12.29,13.5));
#5920=CARTESIAN_POINT('',(160.,11.29,28.));
#5921=CARTESIAN_POINT('',(160.,11.29,10.375));
#5922=CARTESIAN_POINT('',(160.,12.29,29.));
#5923=CARTESIAN_POINT('Origin',(160.,12.29,28.));
#5924=CARTESIAN_POINT('',(160.,20.99,29.));
#5925=CARTESIAN_POINT('',(160.,10.745,29.));
#5926=CARTESIAN_POINT('',(160.,21.49,29.5));
#5927=CARTESIAN_POINT('Origin',(160.,20.99,29.5));
#5928=CARTESIAN_POINT('',(160.,21.49,31.15));
#5929=CARTESIAN_POINT('',(160.,21.49,0.));
#5930=CARTESIAN_POINT('',(160.,20.99,31.65));
#5931=CARTESIAN_POINT('Origin',(160.,20.99,31.15));
#5932=CARTESIAN_POINT('',(160.,16.89,31.65));
#5933=CARTESIAN_POINT('',(160.,10.745,31.65));
#5934=CARTESIAN_POINT('',(160.,16.79,31.75));
#5935=CARTESIAN_POINT('Origin',(160.,16.89,31.75));
#5936=CARTESIAN_POINT('',(160.,16.79,36.5));
#5937=CARTESIAN_POINT('',(160.,16.79,3.125));
#5938=CARTESIAN_POINT('',(160.,1.22124532708767E-14,36.5));
#5939=CARTESIAN_POINT('',(160.,5.37250000000001,36.5));
#5940=CARTESIAN_POINT('',(160.,1.22124532708767E-14,0.));
#5941=CARTESIAN_POINT('',(160.,1.22124532708767E-14,0.));
#5942=CARTESIAN_POINT('',(160.,21.49,0.));
#5943=CARTESIAN_POINT('',(160.,1.33226762955019E-14,0.));
#5944=CARTESIAN_POINT('',(160.,21.49,2.15));
#5945=CARTESIAN_POINT('',(160.,21.49,0.));
#5946=CARTESIAN_POINT('',(160.,20.99,2.65));
#5947=CARTESIAN_POINT('Origin',(160.,20.99,2.15));
#5948=CARTESIAN_POINT('',(160.,16.89,2.65));
#5949=CARTESIAN_POINT('',(160.,10.745,2.65));
#5950=CARTESIAN_POINT('',(160.,16.79,2.75));
#5951=CARTESIAN_POINT('Origin',(160.,16.89,2.75));
#5952=CARTESIAN_POINT('',(160.,16.79,9.75));
#5953=CARTESIAN_POINT('',(160.,16.79,3.125));
#5954=CARTESIAN_POINT('',(160.,16.89,9.85));
#5955=CARTESIAN_POINT('Origin',(160.,16.89,9.75));
#5956=CARTESIAN_POINT('',(160.,20.99,9.85));
#5957=CARTESIAN_POINT('',(160.,10.745,9.85));
#5958=CARTESIAN_POINT('Origin',(160.,20.99,10.35));
#5959=CARTESIAN_POINT('Origin',(150.15,20.99,31.15));
#5960=CARTESIAN_POINT('',(140.8,20.99,31.65));
#5961=CARTESIAN_POINT('',(150.15,20.99,31.65));
#5962=CARTESIAN_POINT('',(140.3,21.49,31.15));
#5963=CARTESIAN_POINT('',(150.15,21.49,31.15));
#5964=CARTESIAN_POINT('Origin',(140.8,20.99,31.15));
#5965=CARTESIAN_POINT('Ctrl Pts',(139.3,16.79,31.75));
#5966=CARTESIAN_POINT('Ctrl Pts',(139.301545228388,16.79,31.7498371186262));
#5967=CARTESIAN_POINT('Ctrl Pts',(139.303090052672,16.7900003092731,31.7496742997231));
#5968=CARTESIAN_POINT('Ctrl Pts',(139.476386676868,16.7901043124729,31.7314039180842));
#5969=CARTESIAN_POINT('Ctrl Pts',(139.735312765196,16.7976446972425,31.7039704200457));
#5970=CARTESIAN_POINT('Ctrl Pts',(140.14852379022,16.8298147255912,31.6655786416465));
#5971=CARTESIAN_POINT('Ctrl Pts',(140.378116280859,16.8629147290798,31.65));
#5972=CARTESIAN_POINT('Ctrl Pts',(140.5,16.89,31.65));
#5973=CARTESIAN_POINT('Ctrl Pts',(139.3,16.79,31.75));
#5974=CARTESIAN_POINT('Ctrl Pts',(139.301374545049,16.7899944277077,31.7495617823079));
#5975=CARTESIAN_POINT('Ctrl Pts',(139.302745802409,16.7900086655692,31.7491358016584));
#5976=CARTESIAN_POINT('Ctrl Pts',(139.456772624557,16.7897069166612,31.7001061128581));
#5977=CARTESIAN_POINT('Ctrl Pts',(139.687038033691,16.8250195256791,31.6280334088527));
#5978=CARTESIAN_POINT('Ctrl Pts',(140.037978498428,16.9442215757753,31.5722016045286));
#5979=CARTESIAN_POINT('Ctrl Pts',(140.213479625338,17.0311581329209,31.6024971993991));
#5980=CARTESIAN_POINT('Ctrl Pts',(140.290560489761,17.0470796326795,31.65));
#5981=CARTESIAN_POINT('Ctrl Pts',(139.3,16.79,31.75));
#5982=CARTESIAN_POINT('Ctrl Pts',(139.301203306058,16.7899955274166,31.7492907919247));
#5983=CARTESIAN_POINT('Ctrl Pts',(139.30240180509,16.7900074373072,31.7485923090084));
#5984=CARTESIAN_POINT('Ctrl Pts',(139.437280179921,16.7899680547188,31.669233670603));
#5985=CARTESIAN_POINT('Ctrl Pts',(139.638480396616,16.8323110441366,31.5505698275726));
#5986=CARTESIAN_POINT('Ctrl Pts',(139.92863535866,16.9895545891402,31.4086345670046));
#5987=CARTESIAN_POINT('Ctrl Pts',(140.055421996844,17.126007270171,31.3806750056716));
#5988=CARTESIAN_POINT('Ctrl Pts',(140.1,17.19,31.4117993877991));
#5989=CARTESIAN_POINT('Ctrl Pts',(139.3,16.79,31.75));
#5990=CARTESIAN_POINT('Ctrl Pts',(139.301030152259,16.79,31.7490227117575));
#5991=CARTESIAN_POINT('Ctrl Pts',(139.302060035115,16.7900012370922,31.7480457983387));
#5992=CARTESIAN_POINT('Ctrl Pts',(139.417591117912,16.7904172498913,31.6384235085057));
#5993=CARTESIAN_POINT('Ctrl Pts',(139.590208510131,16.8205787889701,31.4738225202744));
#5994=CARTESIAN_POINT('Ctrl Pts',(139.865682526813,16.9492589023647,31.243471849879));
#5995=CARTESIAN_POINT('Ctrl Pts',(140.018744187239,17.0816589163192,31.15));
#5996=CARTESIAN_POINT('Ctrl Pts',(140.1,17.19,31.15));
#5997=CARTESIAN_POINT('',(140.5,16.89,31.65));
#5998=CARTESIAN_POINT('',(140.1,17.19,31.15));
#5999=CARTESIAN_POINT('Origin',(140.5,16.89,31.15));
#6000=CARTESIAN_POINT('',(139.3,16.79,31.75));
#6001=CARTESIAN_POINT('Ctrl Pts',(140.1,17.19,31.15));
#6002=CARTESIAN_POINT('Ctrl Pts',(140.018744187239,17.0816589163192,31.15));
#6003=CARTESIAN_POINT('Ctrl Pts',(139.865682526813,16.9492589023647,31.243471849879));
#6004=CARTESIAN_POINT('Ctrl Pts',(139.590208510131,16.8205787889701,31.4738225202744));
#6005=CARTESIAN_POINT('Ctrl Pts',(139.417591117912,16.7904172498913,31.6384235085057));
#6006=CARTESIAN_POINT('Ctrl Pts',(139.302060035115,16.7900012370922,31.7480457983387));
#6007=CARTESIAN_POINT('Ctrl Pts',(139.301030152259,16.79,31.7490227117575));
#6008=CARTESIAN_POINT('Ctrl Pts',(139.3,16.79,31.75));
#6009=CARTESIAN_POINT('Ctrl Pts',(139.3,16.79,31.75));
#6010=CARTESIAN_POINT('Ctrl Pts',(139.301545228388,16.79,31.7498371186262));
#6011=CARTESIAN_POINT('Ctrl Pts',(139.303090052672,16.7900003092731,31.7496742997231));
#6012=CARTESIAN_POINT('Ctrl Pts',(139.476386676868,16.7901043124729,31.7314039180842));
#6013=CARTESIAN_POINT('Ctrl Pts',(139.735312765196,16.7976446972425,31.7039704200457));
#6014=CARTESIAN_POINT('Ctrl Pts',(140.14852379022,16.8298147255912,31.6655786416465));
#6015=CARTESIAN_POINT('Ctrl Pts',(140.378116280859,16.8629147290798,31.65));
#6016=CARTESIAN_POINT('Ctrl Pts',(140.5,16.89,31.65));
#6017=CARTESIAN_POINT('Origin',(139.3,17.79,31.15));
#6018=CARTESIAN_POINT('',(140.8,17.79,31.65));
#6019=CARTESIAN_POINT('',(140.3,17.79,31.15));
#6020=CARTESIAN_POINT('Origin',(140.8,17.79,31.15));
#6021=CARTESIAN_POINT('Origin',(139.3,17.79,31.15));
#6022=CARTESIAN_POINT('Origin',(139.3,17.79,31.65));
#6023=CARTESIAN_POINT('Origin',(140.8,21.49,31.15));
#6024=CARTESIAN_POINT('',(140.3,21.49,31.15));
#6025=CARTESIAN_POINT('',(140.8,21.49,31.65));
#6026=CARTESIAN_POINT('Origin',(140.3,21.49,31.65));
#6027=CARTESIAN_POINT('',(140.15,16.89,31.65));
#6028=CARTESIAN_POINT('Origin',(140.15,16.89,31.75));
#6029=CARTESIAN_POINT('',(140.15,16.79,31.75));
#6030=CARTESIAN_POINT('Origin',(160.,20.99,39.35));
#6031=CARTESIAN_POINT('',(140.3,21.49,39.35));
#6032=CARTESIAN_POINT('',(159.108223460329,21.49,39.35));
#6033=CARTESIAN_POINT('',(160.,21.49,39.35));
#6034=CARTESIAN_POINT('',(159.413332074521,20.99,38.85));
#6035=CARTESIAN_POINT('Ctrl Pts',(159.108223460329,21.49,39.35));
#6036=CARTESIAN_POINT('Ctrl Pts',(159.150942737164,21.49,39.2884209349826));
#6037=CARTESIAN_POINT('Ctrl Pts',(159.195503544399,21.4779644747496,39.2209207781927));
#6038=CARTESIAN_POINT('Ctrl Pts',(159.27546595187,21.4246948292485,39.0934630800993));
#6039=CARTESIAN_POINT('Ctrl Pts',(159.310920002817,21.3833729124966,39.0335751681753));
#6040=CARTESIAN_POINT('Ctrl Pts',(159.360969529768,21.290499360153,38.9462262504104));
#6041=CARTESIAN_POINT('Ctrl Pts',(159.380697986553,21.2368263778568,38.9104430292001));
#6042=CARTESIAN_POINT('Ctrl Pts',(159.406846917948,21.1175936250768,38.8622977506229));
#6043=CARTESIAN_POINT('Ctrl Pts',(159.413332074521,21.0520220911513,38.85));
#6044=CARTESIAN_POINT('Ctrl Pts',(159.413332074521,20.99,38.85));
#6045=CARTESIAN_POINT('',(140.8,20.99,38.85));
#6046=CARTESIAN_POINT('',(160.,20.99,38.85));
#6047=CARTESIAN_POINT('Origin',(140.8,20.99,39.35));
#6048=CARTESIAN_POINT('Ctrl Pts',(139.3,16.79,38.75));
#6049=CARTESIAN_POINT('Ctrl Pts',(139.301171589594,16.79,38.7511114674809));
#6050=CARTESIAN_POINT('Ctrl Pts',(139.302342550345,16.7900013770663,38.7522223903486));
#6051=CARTESIAN_POINT('Ctrl Pts',(139.417776648782,16.7905066766082,38.8617253426971));
#6052=CARTESIAN_POINT('Ctrl Pts',(139.591513293852,16.8211013049692,39.0272706464879));
#6053=CARTESIAN_POINT('Ctrl Pts',(139.866017880047,16.9498406256362,39.2565376413426));
#6054=CARTESIAN_POINT('Ctrl Pts',(140.018946351481,17.0819284686419,39.35));
#6055=CARTESIAN_POINT('Ctrl Pts',(140.1,17.19,39.35));
#6056=CARTESIAN_POINT('Ctrl Pts',(139.3,16.79,38.75));
#6057=CARTESIAN_POINT('Ctrl Pts',(139.301368754915,16.7899952373317,38.7508040368965));
#6058=CARTESIAN_POINT('Ctrl Pts',(139.302730975867,16.7900083139729,38.7516034321046));
#6059=CARTESIAN_POINT('Ctrl Pts',(139.437504396545,16.7900429728648,38.8307985359713));
#6060=CARTESIAN_POINT('Ctrl Pts',(139.639954771539,16.8329587581426,38.9502477881996));
#6061=CARTESIAN_POINT('Ctrl Pts',(139.92884049339,16.9900944037557,39.0913196422429));
#6062=CARTESIAN_POINT('Ctrl Pts',(140.055729932588,17.1263217317202,39.1193713263845));
#6063=CARTESIAN_POINT('Ctrl Pts',(140.1,17.19,39.0882006122009));
#6064=CARTESIAN_POINT('Ctrl Pts',(139.3,16.79,38.75));
#6065=CARTESIAN_POINT('Ctrl Pts',(139.301561489333,16.7899950359544,38.7504986395365));
#6066=CARTESIAN_POINT('Ctrl Pts',(139.303124139665,16.7900088836873,38.7509825018201));
#6067=CARTESIAN_POINT('Ctrl Pts',(139.456965320361,16.7897422499173,38.7999842562348));
#6068=CARTESIAN_POINT('Ctrl Pts',(139.68883041739,16.8254044049643,38.8724015789028));
#6069=CARTESIAN_POINT('Ctrl Pts',(140.038407594191,16.9444071096073,38.9275918660526));
#6070=CARTESIAN_POINT('Ctrl Pts',(140.21384730771,17.0312044655199,38.8976682593958));
#6071=CARTESIAN_POINT('Ctrl Pts',(140.290560489761,17.0470796326795,38.85));
#6072=CARTESIAN_POINT('Ctrl Pts',(139.3,16.79,38.75));
#6073=CARTESIAN_POINT('Ctrl Pts',(139.301757384392,16.79,38.7501852445804));
#6074=CARTESIAN_POINT('Ctrl Pts',(139.303513825517,16.7900003442666,38.7503703983915));
#6075=CARTESIAN_POINT('Ctrl Pts',(139.476664973173,16.790126669152,38.7686208904494));
#6076=CARTESIAN_POINT('Ctrl Pts',(139.737269940777,16.7977753262422,38.7962117744146));
#6077=CARTESIAN_POINT('Ctrl Pts',(140.149026820071,16.829960156409,38.8344229402237));
#6078=CARTESIAN_POINT('Ctrl Pts',(140.378419527222,16.8629821171602,38.85));
#6079=CARTESIAN_POINT('Ctrl Pts',(140.5,16.89,38.85));
#6080=CARTESIAN_POINT('',(140.1,17.19,39.35));
#6081=CARTESIAN_POINT('',(140.5,16.89,38.85));
#6082=CARTESIAN_POINT('Origin',(140.5,16.89,39.35));
#6083=CARTESIAN_POINT('',(139.3,16.79,38.75));
#6084=CARTESIAN_POINT('Ctrl Pts',(140.5,16.89,38.85));
#6085=CARTESIAN_POINT('Ctrl Pts',(140.378419527222,16.8629821171602,38.85));
#6086=CARTESIAN_POINT('Ctrl Pts',(140.149026820071,16.829960156409,38.8344229402237));
#6087=CARTESIAN_POINT('Ctrl Pts',(139.737269940777,16.7977753262422,38.7962117744146));
#6088=CARTESIAN_POINT('Ctrl Pts',(139.476664973173,16.790126669152,38.7686208904494));
#6089=CARTESIAN_POINT('Ctrl Pts',(139.303513825517,16.7900003442666,38.7503703983915));
#6090=CARTESIAN_POINT('Ctrl Pts',(139.301757384392,16.79,38.7501852445804));
#6091=CARTESIAN_POINT('Ctrl Pts',(139.3,16.79,38.75));
#6092=CARTESIAN_POINT('Ctrl Pts',(139.3,16.79,38.75));
#6093=CARTESIAN_POINT('Ctrl Pts',(139.301171589594,16.79,38.7511114674809));
#6094=CARTESIAN_POINT('Ctrl Pts',(139.302342550345,16.7900013770663,38.7522223903486));
#6095=CARTESIAN_POINT('Ctrl Pts',(139.417776648782,16.7905066766082,38.8617253426971));
#6096=CARTESIAN_POINT('Ctrl Pts',(139.591513293852,16.8211013049692,39.0272706464879));
#6097=CARTESIAN_POINT('Ctrl Pts',(139.866017880047,16.9498406256362,39.2565376413426));
#6098=CARTESIAN_POINT('Ctrl Pts',(140.018946351481,17.0819284686419,39.35));
#6099=CARTESIAN_POINT('Ctrl Pts',(140.1,17.19,39.35));
#6100=CARTESIAN_POINT('Origin',(139.3,17.79,39.35));
#6101=CARTESIAN_POINT('',(140.3,17.79,39.35));
#6102=CARTESIAN_POINT('',(140.8,17.79,38.85));
#6103=CARTESIAN_POINT('Origin',(140.8,17.79,39.35));
#6104=CARTESIAN_POINT('Origin',(139.3,17.79,38.85));
#6105=CARTESIAN_POINT('Origin',(139.3,17.79,39.35));
#6106=CARTESIAN_POINT('Origin',(140.8,21.49,39.35));
#6107=CARTESIAN_POINT('',(140.8,21.49,38.85));
#6108=CARTESIAN_POINT('',(140.3,21.49,39.35));
#6109=CARTESIAN_POINT('Origin',(155.,5.37250000000001,36.5));
#6110=CARTESIAN_POINT('',(155.,21.49,41.5));
#6111=CARTESIAN_POINT('Origin',(155.,21.49,36.5));
#6112=CARTESIAN_POINT('',(155.,1.15879528195251E-14,41.5));
#6113=CARTESIAN_POINT('',(155.,5.37250000000001,41.5));
#6114=CARTESIAN_POINT('Origin',(155.,9.99200722162641E-15,36.5));
#6115=CARTESIAN_POINT('',(159.465142774873,16.79,38.75));
#6116=CARTESIAN_POINT('Origin',(155.,16.79,36.5));
#6117=CARTESIAN_POINT('',(159.413332074521,16.89,38.85));
#6118=CARTESIAN_POINT('Ctrl Pts',(159.413332074521,16.89,38.85));
#6119=CARTESIAN_POINT('Ctrl Pts',(159.413332074521,16.8775024957739,38.85));
#6120=CARTESIAN_POINT('Ctrl Pts',(159.414664828546,16.8643028752401,38.8475028759478));
#6121=CARTESIAN_POINT('Ctrl Pts',(159.419845506582,16.8402785016342,38.8377322106936));
#6122=CARTESIAN_POINT('Ctrl Pts',(159.423694811685,16.829456618097,38.8304523473781));
#6123=CARTESIAN_POINT('Ctrl Pts',(159.432789619807,16.8112881111279,38.8131114885572));
#6124=CARTESIAN_POINT('Ctrl Pts',(159.438841662057,16.8031978639717,38.8014972166679));
#6125=CARTESIAN_POINT('Ctrl Pts',(159.451819886615,16.7925492511864,38.7762901634402));
#6126=CARTESIAN_POINT('Ctrl Pts',(159.458746381316,16.79,38.7626936935443));
#6127=CARTESIAN_POINT('Ctrl Pts',(159.465142774873,16.79,38.75));
#6128=CARTESIAN_POINT('',(159.413332074521,5.37250000000001,38.85));
#6129=CARTESIAN_POINT('Origin',(160.,21.49,0.));
#6130=CARTESIAN_POINT('',(140.3,21.49,41.5));
#6131=CARTESIAN_POINT('',(140.3,21.49,19.425));
#6132=CARTESIAN_POINT('',(160.,21.49,41.5));
#6133=CARTESIAN_POINT('Origin',(140.3,21.49,38.85));
#6134=CARTESIAN_POINT('',(140.3,17.79,41.5));
#6135=CARTESIAN_POINT('',(140.3,17.79,19.425));
#6136=CARTESIAN_POINT('',(140.3,16.1175,41.5));
#6137=CARTESIAN_POINT('Origin',(139.3,17.79,19.425));
#6138=CARTESIAN_POINT('',(139.3,16.79,41.5));
#6139=CARTESIAN_POINT('',(139.3,16.79,19.425));
#6140=CARTESIAN_POINT('Origin',(139.3,17.79,41.5));
#6141=CARTESIAN_POINT('Origin',(160.,20.99,29.5));
#6142=CARTESIAN_POINT('',(140.3,20.99,29.));
#6143=CARTESIAN_POINT('',(160.,20.99,29.));
#6144=CARTESIAN_POINT('',(140.3,21.49,29.5));
#6145=CARTESIAN_POINT('Origin',(140.3,20.99,29.5));
#6146=CARTESIAN_POINT('',(160.,21.49,29.5));
#6147=CARTESIAN_POINT('Origin',(160.,21.49,0.));
#6148=CARTESIAN_POINT('',(140.3,21.49,4.925));
#6149=CARTESIAN_POINT('Origin',(140.3,21.49,9.85));
#6150=CARTESIAN_POINT('',(140.3,17.79,29.));
#6151=CARTESIAN_POINT('',(140.3,21.49,29.));
#6152=CARTESIAN_POINT('',(140.3,17.79,4.925));
#6153=CARTESIAN_POINT('Origin',(160.,20.99,10.35));
#6154=CARTESIAN_POINT('',(140.8,20.99,9.85));
#6155=CARTESIAN_POINT('',(160.,20.99,9.85));
#6156=CARTESIAN_POINT('Origin',(140.8,20.99,10.35));
#6157=CARTESIAN_POINT('Ctrl Pts',(139.3,16.79,9.75));
#6158=CARTESIAN_POINT('Ctrl Pts',(139.30117368722,16.79,9.75111345746325));
#6159=CARTESIAN_POINT('Ctrl Pts',(139.302346918321,16.7900014896401,9.75222767609935));
#6160=CARTESIAN_POINT('Ctrl Pts',(139.474873194,16.7907307667301,9.91564707393366));
#6161=CARTESIAN_POINT('Ctrl Pts',(139.706974429164,16.8491484047631,10.1388287008759));
#6162=CARTESIAN_POINT('Ctrl Pts',(139.966937657548,17.0360322324884,10.3174720778384));
#6163=CARTESIAN_POINT('Ctrl Pts',(140.05947343072,17.135964574294,10.35));
#6164=CARTESIAN_POINT('Ctrl Pts',(140.1,17.19,10.35));
#6165=CARTESIAN_POINT('Ctrl Pts',(139.3,16.79,9.75));
#6166=CARTESIAN_POINT('Ctrl Pts',(139.301364349134,16.7899679019088,9.75080561615764));
#6167=CARTESIAN_POINT('Ctrl Pts',(139.302743267519,16.7900363474127,9.75160782581058));
#6168=CARTESIAN_POINT('Ctrl Pts',(139.503729593762,16.7886985567641,9.86955368648586));
#6169=CARTESIAN_POINT('Ctrl Pts',(139.775717246548,16.876949084257,10.0312668965694));
#6170=CARTESIAN_POINT('Ctrl Pts',(140.012950585364,17.0793706761283,10.1092838601729));
#6171=CARTESIAN_POINT('Ctrl Pts',(140.076697885158,17.1585271686238,10.1020887493593));
#6172=CARTESIAN_POINT('Ctrl Pts',(140.1,17.19,10.0882006122009));
#6173=CARTESIAN_POINT('Ctrl Pts',(139.3,16.79,9.75));
#6174=CARTESIAN_POINT('Ctrl Pts',(139.301558387936,16.7899609584944,9.75049733124489));
#6175=CARTESIAN_POINT('Ctrl Pts',(139.303136202852,16.7900437550663,9.7509871307428));
#6176=CARTESIAN_POINT('Ctrl Pts',(139.532674600561,16.7879234454753,9.82389060821887));
#6177=CARTESIAN_POINT('Ctrl Pts',(139.8438792681,16.8648736422267,9.92143263500224));
#6178=CARTESIAN_POINT('Ctrl Pts',(140.154214488052,17.0022874995274,9.9082658735033));
#6179=CARTESIAN_POINT('Ctrl Pts',(140.251405631389,17.0394279024003,9.87165099422687));
#6180=CARTESIAN_POINT('Ctrl Pts',(140.290560489761,17.0470796326795,9.85));
#6181=CARTESIAN_POINT('Ctrl Pts',(139.3,16.79,9.75));
#6182=CARTESIAN_POINT('Ctrl Pts',(139.30176053083,16.79,9.75018557624408));
#6183=CARTESIAN_POINT('Ctrl Pts',(139.303520377481,16.79000037241,9.75037127934988));
#6184=CARTESIAN_POINT('Ctrl Pts',(139.562309790997,16.7901826916827,9.77760784565531));
#6185=CARTESIAN_POINT('Ctrl Pts',(139.910461643747,16.8047871011908,9.81480478347931));
#6186=CARTESIAN_POINT('Ctrl Pts',(140.300406486321,16.8515080581222,9.84457867963968));
#6187=CARTESIAN_POINT('Ctrl Pts',(140.439210146081,16.8764911435737,9.85));
#6188=CARTESIAN_POINT('Ctrl Pts',(140.5,16.89,9.85));
#6189=CARTESIAN_POINT('',(140.1,17.19,10.35));
#6190=CARTESIAN_POINT('',(140.5,16.89,9.85));
#6191=CARTESIAN_POINT('Origin',(140.5,16.89,10.35));
#6192=CARTESIAN_POINT('',(139.3,16.79,9.75));
#6193=CARTESIAN_POINT('Ctrl Pts',(140.5,16.89,9.85));
#6194=CARTESIAN_POINT('Ctrl Pts',(140.439210146081,16.8764911435737,9.85));
#6195=CARTESIAN_POINT('Ctrl Pts',(140.300406486321,16.8515080581222,9.84457867963968));
#6196=CARTESIAN_POINT('Ctrl Pts',(139.910461643747,16.8047871011908,9.81480478347931));
#6197=CARTESIAN_POINT('Ctrl Pts',(139.562309790997,16.7901826916827,9.77760784565531));
#6198=CARTESIAN_POINT('Ctrl Pts',(139.303520377481,16.79000037241,9.75037127934988));
#6199=CARTESIAN_POINT('Ctrl Pts',(139.30176053083,16.79,9.75018557624408));
#6200=CARTESIAN_POINT('Ctrl Pts',(139.3,16.79,9.75));
#6201=CARTESIAN_POINT('Ctrl Pts',(139.3,16.79,9.75));
#6202=CARTESIAN_POINT('Ctrl Pts',(139.30117368722,16.79,9.75111345746325));
#6203=CARTESIAN_POINT('Ctrl Pts',(139.302346918321,16.7900014896401,9.75222767609935));
#6204=CARTESIAN_POINT('Ctrl Pts',(139.474873194,16.7907307667301,9.91564707393366));
#6205=CARTESIAN_POINT('Ctrl Pts',(139.706974429164,16.8491484047631,10.1388287008759));
#6206=CARTESIAN_POINT('Ctrl Pts',(139.966937657548,17.0360322324884,10.3174720778384));
#6207=CARTESIAN_POINT('Ctrl Pts',(140.05947343072,17.135964574294,10.35));
#6208=CARTESIAN_POINT('Ctrl Pts',(140.1,17.19,10.35));
#6209=CARTESIAN_POINT('Origin',(139.3,17.79,10.35));
#6210=CARTESIAN_POINT('',(140.3,17.79,10.35));
#6211=CARTESIAN_POINT('',(140.8,17.79,9.85));
#6212=CARTESIAN_POINT('Origin',(140.8,17.79,10.35));
#6213=CARTESIAN_POINT('Origin',(139.3,17.79,9.85));
#6214=CARTESIAN_POINT('Origin',(139.3,17.79,10.35));
#6215=CARTESIAN_POINT('Origin',(140.8,21.49,10.35));
#6216=CARTESIAN_POINT('',(140.8,21.49,9.85));
#6217=CARTESIAN_POINT('',(140.3,21.49,10.35));
#6218=CARTESIAN_POINT('Origin',(140.3,21.49,9.85));
#6219=CARTESIAN_POINT('',(140.3,17.79,12.5));
#6220=CARTESIAN_POINT('',(140.3,17.79,4.925));
#6221=CARTESIAN_POINT('',(140.3,21.49,12.5));
#6222=CARTESIAN_POINT('Origin',(139.3,17.79,4.925));
#6223=CARTESIAN_POINT('',(139.3,16.79,12.5));
#6224=CARTESIAN_POINT('',(139.3,16.79,4.925));
#6225=CARTESIAN_POINT('Origin',(139.3,17.79,12.5));
#6226=CARTESIAN_POINT('Origin',(150.15,20.99,2.15));
#6227=CARTESIAN_POINT('',(140.8,20.99,2.65));
#6228=CARTESIAN_POINT('',(150.15,20.99,2.65));
#6229=CARTESIAN_POINT('',(140.3,21.49,2.15));
#6230=CARTESIAN_POINT('',(150.15,21.49,2.15));
#6231=CARTESIAN_POINT('Origin',(140.8,20.99,2.15));
#6232=CARTESIAN_POINT('Ctrl Pts',(139.3,16.79,2.75));
#6233=CARTESIAN_POINT('Ctrl Pts',(139.301545262892,16.79,2.74983711498928));
#6234=CARTESIAN_POINT('Ctrl Pts',(139.303090121886,16.7900003093631,2.74967429238243));
#6235=CARTESIAN_POINT('Ctrl Pts',(139.476386741798,16.7901043022722,2.73140391868253));
#6236=CARTESIAN_POINT('Ctrl Pts',(139.735313230393,16.7976446722468,2.70397039727081));
#6237=CARTESIAN_POINT('Ctrl Pts',(140.148524140235,16.8298147212656,2.6655786530087));
#6238=CARTESIAN_POINT('Ctrl Pts',(140.378116282586,16.8629147294635,2.65));
#6239=CARTESIAN_POINT('Ctrl Pts',(140.5,16.89,2.65));
#6240=CARTESIAN_POINT('Ctrl Pts',(139.3,16.79,2.75));
#6241=CARTESIAN_POINT('Ctrl Pts',(139.301374574353,16.7899944290727,2.74956177165115));
#6242=CARTESIAN_POINT('Ctrl Pts',(139.302745865451,16.7900086643066,2.74913578328646));
#6243=CARTESIAN_POINT('Ctrl Pts',(139.456772591255,16.7897069858963,2.70010602594414));
#6244=CARTESIAN_POINT('Ctrl Pts',(139.687038482862,16.8250195325918,2.62803331894609));
#6245=CARTESIAN_POINT('Ctrl Pts',(140.03797876808,16.9442216631432,2.57220167497758));
#6246=CARTESIAN_POINT('Ctrl Pts',(140.213479671198,17.0311580766723,2.60249716937281));
#6247=CARTESIAN_POINT('Ctrl Pts',(140.290560489761,17.0470796326795,2.65));
#6248=CARTESIAN_POINT('Ctrl Pts',(139.3,16.79,2.75));
#6249=CARTESIAN_POINT('Ctrl Pts',(139.301203333532,16.7899955278106,2.74929077813181));
#6250=CARTESIAN_POINT('Ctrl Pts',(139.302401858183,16.7900074373059,2.74859227494011));
#6251=CARTESIAN_POINT('Ctrl Pts',(139.437280280325,16.7899680376499,2.66923381921163));
#6252=CARTESIAN_POINT('Ctrl Pts',(139.63848074988,16.8323109666779,2.55056972541143));
#6253=CARTESIAN_POINT('Ctrl Pts',(139.928635559072,16.9895545844791,2.40863473353219));
#6254=CARTESIAN_POINT('Ctrl Pts',(140.055422013876,17.1260072601666,2.3806749499129));
#6255=CARTESIAN_POINT('Ctrl Pts',(140.1,17.19,2.41179938779915));
#6256=CARTESIAN_POINT('Ctrl Pts',(139.3,16.79,2.75));
#6257=CARTESIAN_POINT('Ctrl Pts',(139.301030175262,16.79,2.74902268993554));
#6258=CARTESIAN_POINT('Ctrl Pts',(139.302060081257,16.7900012374524,2.74804575429458));
#6259=CARTESIAN_POINT('Ctrl Pts',(139.417591161199,16.7904172090889,2.63842351209498));
#6260=CARTESIAN_POINT('Ctrl Pts',(139.590208820262,16.820578688987,2.4738223836248));
#6261=CARTESIAN_POINT('Ctrl Pts',(139.865682760157,16.9492588850622,2.24347191805211));
#6262=CARTESIAN_POINT('Ctrl Pts',(140.01874418839,17.0816589178538,2.15));
#6263=CARTESIAN_POINT('Ctrl Pts',(140.1,17.19,2.15));
#6264=CARTESIAN_POINT('',(140.5,16.89,2.65));
#6265=CARTESIAN_POINT('',(140.1,17.19,2.15));
#6266=CARTESIAN_POINT('Origin',(140.5,16.89,2.15));
#6267=CARTESIAN_POINT('',(139.3,16.79,2.75));
#6268=CARTESIAN_POINT('Ctrl Pts',(140.1,17.19,2.15));
#6269=CARTESIAN_POINT('Ctrl Pts',(140.01874418839,17.0816589178538,2.15));
#6270=CARTESIAN_POINT('Ctrl Pts',(139.865682760157,16.9492588850622,2.24347191805211));
#6271=CARTESIAN_POINT('Ctrl Pts',(139.590208820262,16.820578688987,2.4738223836248));
#6272=CARTESIAN_POINT('Ctrl Pts',(139.417591161199,16.7904172090889,2.63842351209498));
#6273=CARTESIAN_POINT('Ctrl Pts',(139.302060081257,16.7900012374524,2.74804575429458));
#6274=CARTESIAN_POINT('Ctrl Pts',(139.301030175262,16.79,2.74902268993554));
#6275=CARTESIAN_POINT('Ctrl Pts',(139.3,16.79,2.75));
#6276=CARTESIAN_POINT('Ctrl Pts',(139.3,16.79,2.75));
#6277=CARTESIAN_POINT('Ctrl Pts',(139.301545262892,16.79,2.74983711498928));
#6278=CARTESIAN_POINT('Ctrl Pts',(139.303090121886,16.7900003093631,2.74967429238243));
#6279=CARTESIAN_POINT('Ctrl Pts',(139.476386741798,16.7901043022722,2.73140391868253));
#6280=CARTESIAN_POINT('Ctrl Pts',(139.735313230393,16.7976446722468,2.70397039727081));
#6281=CARTESIAN_POINT('Ctrl Pts',(140.148524140235,16.8298147212656,2.6655786530087));
#6282=CARTESIAN_POINT('Ctrl Pts',(140.378116282586,16.8629147294635,2.65));
#6283=CARTESIAN_POINT('Ctrl Pts',(140.5,16.89,2.65));
#6284=CARTESIAN_POINT('Origin',(139.3,17.79,2.15));
#6285=CARTESIAN_POINT('',(140.8,17.79,2.65));
#6286=CARTESIAN_POINT('',(140.3,17.79,2.15));
#6287=CARTESIAN_POINT('Origin',(140.8,17.79,2.15));
#6288=CARTESIAN_POINT('Origin',(139.3,17.79,2.15));
#6289=CARTESIAN_POINT('Origin',(139.3,17.79,2.65));
#6290=CARTESIAN_POINT('Origin',(140.8,21.49,2.15));
#6291=CARTESIAN_POINT('',(140.3,21.49,2.15));
#6292=CARTESIAN_POINT('',(140.8,21.49,2.65));
#6293=CARTESIAN_POINT('Origin',(140.3,21.49,2.65));
#6294=CARTESIAN_POINT('',(140.15,16.89,2.65));
#6295=CARTESIAN_POINT('Origin',(140.15,16.89,2.75));
#6296=CARTESIAN_POINT('',(140.15,16.79,2.75));
#6297=CARTESIAN_POINT('Origin',(19.85,20.99,39.35));
#6298=CARTESIAN_POINT('',(19.2,20.99,38.85));
#6299=CARTESIAN_POINT('',(0.586667925478517,20.99,38.85));
#6300=CARTESIAN_POINT('',(19.85,20.99,38.85));
#6301=CARTESIAN_POINT('',(0.891776539670693,21.49,39.35));
#6302=CARTESIAN_POINT('Ctrl Pts',(0.586667925478517,20.99,38.85));
#6303=CARTESIAN_POINT('Ctrl Pts',(0.586667925478517,21.0520220911513,38.85));
#6304=CARTESIAN_POINT('Ctrl Pts',(0.593153082051968,21.1175936250767,38.8622977506229));
#6305=CARTESIAN_POINT('Ctrl Pts',(0.619302013447378,21.2368263778568,38.9104430292001));
#6306=CARTESIAN_POINT('Ctrl Pts',(0.639030470231971,21.290499360153,38.9462262504104));
#6307=CARTESIAN_POINT('Ctrl Pts',(0.689079997183295,21.3833729124966,39.0335751681753));
#6308=CARTESIAN_POINT('Ctrl Pts',(0.724534048129562,21.4246948292485,39.0934630800993));
#6309=CARTESIAN_POINT('Ctrl Pts',(0.804496455601066,21.4779644747496,39.2209207781927));
#6310=CARTESIAN_POINT('Ctrl Pts',(0.849057262836255,21.49,39.2884209349826));
#6311=CARTESIAN_POINT('Ctrl Pts',(0.891776539670694,21.49,39.35));
#6312=CARTESIAN_POINT('',(19.7,21.49,39.35));
#6313=CARTESIAN_POINT('',(19.85,21.49,39.35));
#6314=CARTESIAN_POINT('Origin',(19.2,20.99,39.35));
#6315=CARTESIAN_POINT('Ctrl Pts',(20.7,16.79,38.75));
#6316=CARTESIAN_POINT('Ctrl Pts',(20.6984547716119,16.79,38.7501628813738));
#6317=CARTESIAN_POINT('Ctrl Pts',(20.6969099465814,16.7900003098054,38.7503257007266));
#6318=CARTESIAN_POINT('Ctrl Pts',(20.523613445471,16.7901042250886,38.7685960081052));
#6319=CARTESIAN_POINT('Ctrl Pts',(20.2646875825408,16.7976443744048,38.7960293133987));
#6320=CARTESIAN_POINT('Ctrl Pts',(19.8514771831391,16.8298142408599,38.8344209648558));
#6321=CARTESIAN_POINT('Ctrl Pts',(19.6218837191409,16.8629147290798,38.85));
#6322=CARTESIAN_POINT('Ctrl Pts',(19.5,16.89,38.85));
#6323=CARTESIAN_POINT('Ctrl Pts',(20.7,16.79,38.75));
#6324=CARTESIAN_POINT('Ctrl Pts',(20.698625454951,16.7899944277077,38.7504382176921));
#6325=CARTESIAN_POINT('Ctrl Pts',(20.6972541968449,16.7900086661015,38.7508641987913));
#6326=CARTESIAN_POINT('Ctrl Pts',(20.5432274977818,16.7897068292769,38.7998938133313));
#6327=CARTESIAN_POINT('Ctrl Pts',(20.3129623140461,16.8250192028414,38.8719663245917));
#6328=CARTESIAN_POINT('Ctrl Pts',(19.9620224749309,16.944221091044,38.9277980019737));
#6329=CARTESIAN_POINT('Ctrl Pts',(19.7865203746619,17.0311581329209,38.8975028006009));
#6330=CARTESIAN_POINT('Ctrl Pts',(19.7094395102393,17.0470796326795,38.85));
#6331=CARTESIAN_POINT('Ctrl Pts',(20.7,16.79,38.75));
#6332=CARTESIAN_POINT('Ctrl Pts',(20.6987966939421,16.7899955274166,38.7507092080753));
#6333=CARTESIAN_POINT('Ctrl Pts',(20.697598194412,16.7900074394365,38.7514076936898));
#6334=CARTESIAN_POINT('Ctrl Pts',(20.5627199016366,16.7899677051816,38.8307658865342));
#6335=CARTESIAN_POINT('Ctrl Pts',(20.3615198352083,16.8323097527856,38.9494285730944));
#6336=CARTESIAN_POINT('Ctrl Pts',(20.0713652902462,16.9895526502148,39.0913630720095));
#6337=CARTESIAN_POINT('Ctrl Pts',(19.9445780031561,17.126007270171,39.1193249943284));
#6338=CARTESIAN_POINT('Ctrl Pts',(19.9,17.19,39.0882006122009));
#6339=CARTESIAN_POINT('Ctrl Pts',(20.7,16.79,38.75));
#6340=CARTESIAN_POINT('Ctrl Pts',(20.6989698477415,16.79,38.7509772882425));
#6341=CARTESIAN_POINT('Ctrl Pts',(20.6979399643876,16.7900012392215,38.7519542043595));
#6342=CARTESIAN_POINT('Ctrl Pts',(20.5824089636463,16.7904169003541,38.8615760486316));
#6343=CARTESIAN_POINT('Ctrl Pts',(20.4097917216936,16.820577497619,39.0261758803925));
#6344=CARTESIAN_POINT('Ctrl Pts',(20.1343181220924,16.9492569634393,39.2565257891351));
#6345=CARTESIAN_POINT('Ctrl Pts',(19.9812558127606,17.0816589163192,39.35));
#6346=CARTESIAN_POINT('Ctrl Pts',(19.9,17.19,39.35));
#6347=CARTESIAN_POINT('',(19.5,16.89,38.85));
#6348=CARTESIAN_POINT('',(19.9,17.19,39.35));
#6349=CARTESIAN_POINT('Origin',(19.5,16.89,39.35));
#6350=CARTESIAN_POINT('',(20.7,16.79,38.75));
#6351=CARTESIAN_POINT('Ctrl Pts',(19.9,17.19,39.35));
#6352=CARTESIAN_POINT('Ctrl Pts',(19.9812558127606,17.0816589163192,39.35));
#6353=CARTESIAN_POINT('Ctrl Pts',(20.1343181220924,16.9492569634393,39.2565257891351));
#6354=CARTESIAN_POINT('Ctrl Pts',(20.4097917216936,16.820577497619,39.0261758803925));
#6355=CARTESIAN_POINT('Ctrl Pts',(20.5824089636463,16.7904169003541,38.8615760486316));
#6356=CARTESIAN_POINT('Ctrl Pts',(20.6979399643876,16.7900012392215,38.7519542043595));
#6357=CARTESIAN_POINT('Ctrl Pts',(20.6989698477415,16.79,38.7509772882425));
#6358=CARTESIAN_POINT('Ctrl Pts',(20.7,16.79,38.75));
#6359=CARTESIAN_POINT('Ctrl Pts',(20.7,16.79,38.75));
#6360=CARTESIAN_POINT('Ctrl Pts',(20.6984547716119,16.79,38.7501628813738));
#6361=CARTESIAN_POINT('Ctrl Pts',(20.6969099465814,16.7900003098054,38.7503257007266));
#6362=CARTESIAN_POINT('Ctrl Pts',(20.523613445471,16.7901042250886,38.7685960081052));
#6363=CARTESIAN_POINT('Ctrl Pts',(20.2646875825408,16.7976443744048,38.7960293133987));
#6364=CARTESIAN_POINT('Ctrl Pts',(19.8514771831391,16.8298142408599,38.8344209648558));
#6365=CARTESIAN_POINT('Ctrl Pts',(19.6218837191409,16.8629147290798,38.85));
#6366=CARTESIAN_POINT('Ctrl Pts',(19.5,16.89,38.85));
#6367=CARTESIAN_POINT('Origin',(20.7,17.79,39.35));
#6368=CARTESIAN_POINT('',(19.2,17.79,38.85));
#6369=CARTESIAN_POINT('',(19.7,17.79,39.35));
#6370=CARTESIAN_POINT('Origin',(19.2,17.79,39.35));
#6371=CARTESIAN_POINT('Origin',(20.7,17.79,39.35));
#6372=CARTESIAN_POINT('Origin',(20.7,17.79,38.85));
#6373=CARTESIAN_POINT('Origin',(19.2,21.49,39.35));
#6374=CARTESIAN_POINT('',(19.7,21.49,39.35));
#6375=CARTESIAN_POINT('',(19.2,21.49,38.85));
#6376=CARTESIAN_POINT('Origin',(19.7,21.49,38.85));
#6377=CARTESIAN_POINT('',(0.586667925478518,16.89,38.85));
#6378=CARTESIAN_POINT('',(79.85,16.89,38.85));
#6379=CARTESIAN_POINT('',(0.586667925478518,16.1175,38.85));
#6380=CARTESIAN_POINT('Origin',(79.85,16.89,38.75));
#6381=CARTESIAN_POINT('',(0.534857225127053,16.79,38.75));
#6382=CARTESIAN_POINT('',(79.85,16.79,38.75));
#6383=CARTESIAN_POINT('Ctrl Pts',(0.534857225127053,16.79,38.75));
#6384=CARTESIAN_POINT('Ctrl Pts',(0.541253618683679,16.79,38.7626936935443));
#6385=CARTESIAN_POINT('Ctrl Pts',(0.54818011338522,16.7925492511864,38.7762901634402));
#6386=CARTESIAN_POINT('Ctrl Pts',(0.561158337943284,16.8031978639717,38.801497216668));
#6387=CARTESIAN_POINT('Ctrl Pts',(0.567210380193377,16.8112881111279,38.8131114885572));
#6388=CARTESIAN_POINT('Ctrl Pts',(0.576305188314727,16.829456618097,38.8304523473781));
#6389=CARTESIAN_POINT('Ctrl Pts',(0.580154493418415,16.8402785016342,38.8377322106936));
#6390=CARTESIAN_POINT('Ctrl Pts',(0.585335171454188,16.8643028752401,38.8475028759478));
#6391=CARTESIAN_POINT('Ctrl Pts',(0.586667925478518,16.8775024957739,38.85));
#6392=CARTESIAN_POINT('Ctrl Pts',(0.586667925478518,16.89,38.85));
#6393=CARTESIAN_POINT('Origin',(10.,20.99,31.15));
#6394=CARTESIAN_POINT('',(19.2,20.99,31.65));
#6395=CARTESIAN_POINT('',(10.,20.99,31.65));
#6396=CARTESIAN_POINT('Origin',(19.2,20.99,31.15));
#6397=CARTESIAN_POINT('Ctrl Pts',(20.7,16.79,31.75));
#6398=CARTESIAN_POINT('Ctrl Pts',(20.6988263128748,16.79,31.748886542627));
#6399=CARTESIAN_POINT('Ctrl Pts',(20.6976532539851,16.7900013880631,31.7477736272771));
#6400=CARTESIAN_POINT('Ctrl Pts',(20.5822180251709,16.7905067215514,31.6382698831314));
#6401=CARTESIAN_POINT('Ctrl Pts',(20.408487023962,16.8210988027939,31.4727306802116));
#6402=CARTESIAN_POINT('Ctrl Pts',(20.133982605908,16.9498375702308,31.2434642669489));
#6403=CARTESIAN_POINT('Ctrl Pts',(19.9810531385822,17.0819291485571,31.15));
#6404=CARTESIAN_POINT('Ctrl Pts',(19.9,17.19,31.15));
#6405=CARTESIAN_POINT('Ctrl Pts',(20.7,16.79,31.75));
#6406=CARTESIAN_POINT('Ctrl Pts',(20.6986287969497,16.7899952328843,31.7491945288895));
#6407=CARTESIAN_POINT('Ctrl Pts',(20.6972641308917,16.7900083344248,31.748393687774));
#6408=CARTESIAN_POINT('Ctrl Pts',(20.5624893426948,16.7900434091906,31.6691984927293));
#6409=CARTESIAN_POINT('Ctrl Pts',(20.3600453664975,16.8329564276637,31.5497538705154));
#6410=CARTESIAN_POINT('Ctrl Pts',(20.0711600866848,16.9900914912175,31.4086829989832));
#6411=CARTESIAN_POINT('Ctrl Pts',(19.9442697400546,17.1263222285634,31.3806286518512));
#6412=CARTESIAN_POINT('Ctrl Pts',(19.9,17.19,31.4117993877992));
#6413=CARTESIAN_POINT('Ctrl Pts',(20.7,16.79,31.75));
#6414=CARTESIAN_POINT('Ctrl Pts',(20.6984357175616,16.789995033361,31.749500473099));
#6415=CARTESIAN_POINT('Ctrl Pts',(20.6968702614688,16.7900088976816,31.749015733622));
#6416=CARTESIAN_POINT('Ctrl Pts',(20.5430278615622,16.7897433054108,31.7000134978875));
#6417=CARTESIAN_POINT('Ctrl Pts',(20.3111702645945,16.8254041535665,31.6275983785865));
#6418=CARTESIAN_POINT('Ctrl Pts',(19.9615936950355,16.9444070081882,31.5724086531423));
#6419=CARTESIAN_POINT('Ctrl Pts',(19.7861519860579,17.0312044808688,31.6023319931305));
#6420=CARTESIAN_POINT('Ctrl Pts',(19.7094395102393,17.0470796326795,31.65));
#6421=CARTESIAN_POINT('Ctrl Pts',(20.7,16.79,31.75));
#6422=CARTESIAN_POINT('Ctrl Pts',(20.6982394693121,16.79,31.7498144237711));
#6423=CARTESIAN_POINT('Ctrl Pts',(20.6964798809777,16.7900003470158,31.7496289378795));
#6424=CARTESIAN_POINT('Ctrl Pts',(20.5233270377571,16.7901266803877,31.7313783138552));
#6425=CARTESIAN_POINT('Ctrl Pts',(20.2627305359432,16.7977747006984,31.7037884467019));
#6426=CARTESIAN_POINT('Ctrl Pts',(19.8509739088623,16.8299593925577,31.6655773778248));
#6427=CARTESIAN_POINT('Ctrl Pts',(19.6215797078734,16.8629822871392,31.65));
#6428=CARTESIAN_POINT('Ctrl Pts',(19.5,16.89,31.65));
#6429=CARTESIAN_POINT('',(19.9,17.19,31.15));
#6430=CARTESIAN_POINT('',(19.5,16.89,31.65));
#6431=CARTESIAN_POINT('Origin',(19.5,16.89,31.15));
#6432=CARTESIAN_POINT('',(20.7,16.79,31.75));
#6433=CARTESIAN_POINT('Ctrl Pts',(19.5,16.89,31.65));
#6434=CARTESIAN_POINT('Ctrl Pts',(19.6215797078734,16.8629822871392,31.65));
#6435=CARTESIAN_POINT('Ctrl Pts',(19.8509739088623,16.8299593925577,31.6655773778248));
#6436=CARTESIAN_POINT('Ctrl Pts',(20.2627305359432,16.7977747006984,31.7037884467019));
#6437=CARTESIAN_POINT('Ctrl Pts',(20.5233270377571,16.7901266803877,31.7313783138552));
#6438=CARTESIAN_POINT('Ctrl Pts',(20.6964798809777,16.7900003470158,31.7496289378795));
#6439=CARTESIAN_POINT('Ctrl Pts',(20.6982394693121,16.79,31.7498144237711));
#6440=CARTESIAN_POINT('Ctrl Pts',(20.7,16.79,31.75));
#6441=CARTESIAN_POINT('Ctrl Pts',(20.7,16.79,31.75));
#6442=CARTESIAN_POINT('Ctrl Pts',(20.6988263128748,16.79,31.748886542627));
#6443=CARTESIAN_POINT('Ctrl Pts',(20.6976532539851,16.7900013880631,31.7477736272771));
#6444=CARTESIAN_POINT('Ctrl Pts',(20.5822180251709,16.7905067215514,31.6382698831314));
#6445=CARTESIAN_POINT('Ctrl Pts',(20.408487023962,16.8210988027939,31.4727306802116));
#6446=CARTESIAN_POINT('Ctrl Pts',(20.133982605908,16.9498375702308,31.2434642669489));
#6447=CARTESIAN_POINT('Ctrl Pts',(19.9810531385822,17.0819291485571,31.15));
#6448=CARTESIAN_POINT('Ctrl Pts',(19.9,17.19,31.15));
#6449=CARTESIAN_POINT('Origin',(20.7,17.79,31.15));
#6450=CARTESIAN_POINT('',(19.7,17.79,31.15));
#6451=CARTESIAN_POINT('',(19.2,17.79,31.65));
#6452=CARTESIAN_POINT('Origin',(19.2,17.79,31.15));
#6453=CARTESIAN_POINT('Origin',(20.7,17.79,31.65));
#6454=CARTESIAN_POINT('Origin',(20.7,17.79,31.15));
#6455=CARTESIAN_POINT('Origin',(19.2,21.49,31.15));
#6456=CARTESIAN_POINT('',(19.2,21.49,31.65));
#6457=CARTESIAN_POINT('',(19.7,21.49,31.15));
#6458=CARTESIAN_POINT('Origin',(19.7,21.49,31.65));
#6459=CARTESIAN_POINT('',(19.7,17.79,29.));
#6460=CARTESIAN_POINT('',(19.7,17.79,15.825));
#6461=CARTESIAN_POINT('',(19.7,21.49,29.));
#6462=CARTESIAN_POINT('Origin',(20.7,17.79,15.825));
#6463=CARTESIAN_POINT('',(20.7,16.79,29.));
#6464=CARTESIAN_POINT('',(20.7,16.79,15.825));
#6465=CARTESIAN_POINT('Origin',(20.7,17.79,29.));
#6466=CARTESIAN_POINT('Origin',(19.85,20.99,10.35));
#6467=CARTESIAN_POINT('',(19.2,20.99,9.85000000000001));
#6468=CARTESIAN_POINT('',(19.85,20.99,9.85000000000001));
#6469=CARTESIAN_POINT('Origin',(19.2,20.99,10.35));
#6470=CARTESIAN_POINT('Ctrl Pts',(20.7,16.79,9.75000000000001));
#6471=CARTESIAN_POINT('Ctrl Pts',(20.6984547716118,16.79,9.75016288137377));
#6472=CARTESIAN_POINT('Ctrl Pts',(20.6969099458211,16.790000310348,9.75032570118504));
#6473=CARTESIAN_POINT('Ctrl Pts',(20.5236135700721,16.7901041360241,9.76859593286074));
#6474=CARTESIAN_POINT('Ctrl Pts',(20.2646879353559,16.7976440457509,9.79602904202672));
#6475=CARTESIAN_POINT('Ctrl Pts',(19.8514781771427,16.8298137462646,9.83442056336429));
#6476=CARTESIAN_POINT('Ctrl Pts',(19.621883719141,16.8629147290798,9.85));
#6477=CARTESIAN_POINT('Ctrl Pts',(19.5,16.89,9.85000000000001));
#6478=CARTESIAN_POINT('Ctrl Pts',(20.7,16.79,9.75000000000001));
#6479=CARTESIAN_POINT('Ctrl Pts',(20.6986254549509,16.7899944277077,9.75043821769209));
#6480=CARTESIAN_POINT('Ctrl Pts',(20.6972541960845,16.7900086666441,9.75086419924974));
#6481=CARTESIAN_POINT('Ctrl Pts',(20.543227622383,16.7897067402124,9.7998937380869));
#6482=CARTESIAN_POINT('Ctrl Pts',(20.3129626668612,16.8250188741875,9.87196605321972));
#6483=CARTESIAN_POINT('Ctrl Pts',(19.9620234689345,16.9442205964487,9.92779760048217));
#6484=CARTESIAN_POINT('Ctrl Pts',(19.7865203746619,17.0311581329209,9.89750280060093));
#6485=CARTESIAN_POINT('Ctrl Pts',(19.7094395102393,17.0470796326795,9.85000000000001));
#6486=CARTESIAN_POINT('Ctrl Pts',(20.7,16.79,9.75000000000001));
#6487=CARTESIAN_POINT('Ctrl Pts',(20.698796693942,16.7899955274166,9.75070920807535));
#6488=CARTESIAN_POINT('Ctrl Pts',(20.697598193905,16.7900074416067,9.75140769644052));
#6489=CARTESIAN_POINT('Ctrl Pts',(20.5627199847046,16.789967348924,9.83076543506743));
#6490=CARTESIAN_POINT('Ctrl Pts',(20.3615200704185,16.83230843817,9.94942694486221));
#6491=CARTESIAN_POINT('Ctrl Pts',(20.0713659529155,16.9895506718339,10.0913606630603));
#6492=CARTESIAN_POINT('Ctrl Pts',(19.9445780031561,17.126007270171,10.1193249943284));
#6493=CARTESIAN_POINT('Ctrl Pts',(19.9,17.19,10.0882006122009));
#6494=CARTESIAN_POINT('Ctrl Pts',(20.7,16.79,9.75000000000001));
#6495=CARTESIAN_POINT('Ctrl Pts',(20.6989698477414,16.79,9.75097728824249));
#6496=CARTESIAN_POINT('Ctrl Pts',(20.6979399638807,16.7900012413918,9.75195420711021));
#6497=CARTESIAN_POINT('Ctrl Pts',(20.5824090467143,16.7904165440965,9.86157559716477));
#6498=CARTESIAN_POINT('Ctrl Pts',(20.4097919569038,16.8205761830034,10.0261742521604));
#6499=CARTESIAN_POINT('Ctrl Pts',(20.1343187847617,16.9492549850584,10.2565233801858));
#6500=CARTESIAN_POINT('Ctrl Pts',(19.9812558127606,17.0816589163192,10.35));
#6501=CARTESIAN_POINT('Ctrl Pts',(19.9,17.19,10.35));
#6502=CARTESIAN_POINT('',(19.5,16.89,9.85000000000001));
#6503=CARTESIAN_POINT('',(19.9,17.19,10.35));
#6504=CARTESIAN_POINT('Origin',(19.5,16.89,10.35));
#6505=CARTESIAN_POINT('',(20.7,16.79,9.75000000000001));
#6506=CARTESIAN_POINT('Ctrl Pts',(19.9,17.19,10.35));
#6507=CARTESIAN_POINT('Ctrl Pts',(19.9812558127606,17.0816589163192,10.35));
#6508=CARTESIAN_POINT('Ctrl Pts',(20.1343187847617,16.9492549850584,10.2565233801858));
#6509=CARTESIAN_POINT('Ctrl Pts',(20.4097919569038,16.8205761830034,10.0261742521604));
#6510=CARTESIAN_POINT('Ctrl Pts',(20.5824090467143,16.7904165440965,9.86157559716477));
#6511=CARTESIAN_POINT('Ctrl Pts',(20.6979399638807,16.7900012413918,9.75195420711021));
#6512=CARTESIAN_POINT('Ctrl Pts',(20.6989698477414,16.79,9.75097728824249));
#6513=CARTESIAN_POINT('Ctrl Pts',(20.7,16.79,9.75000000000001));
#6514=CARTESIAN_POINT('Ctrl Pts',(20.7,16.79,9.75000000000001));
#6515=CARTESIAN_POINT('Ctrl Pts',(20.6984547716118,16.79,9.75016288137377));
#6516=CARTESIAN_POINT('Ctrl Pts',(20.6969099458211,16.790000310348,9.75032570118504));
#6517=CARTESIAN_POINT('Ctrl Pts',(20.5236135700721,16.7901041360241,9.76859593286074));
#6518=CARTESIAN_POINT('Ctrl Pts',(20.2646879353559,16.7976440457509,9.79602904202672));
#6519=CARTESIAN_POINT('Ctrl Pts',(19.8514781771427,16.8298137462646,9.83442056336429));
#6520=CARTESIAN_POINT('Ctrl Pts',(19.621883719141,16.8629147290798,9.85));
#6521=CARTESIAN_POINT('Ctrl Pts',(19.5,16.89,9.85000000000001));
#6522=CARTESIAN_POINT('Origin',(20.7,17.79,10.35));
#6523=CARTESIAN_POINT('',(19.2,17.79,9.85000000000001));
#6524=CARTESIAN_POINT('Origin',(19.2,17.79,10.35));
#6525=CARTESIAN_POINT('Origin',(20.7,17.79,10.35));
#6526=CARTESIAN_POINT('Origin',(20.7,17.79,9.85000000000001));
#6527=CARTESIAN_POINT('Origin',(19.2,21.49,10.35));
#6528=CARTESIAN_POINT('',(19.2,21.49,9.85000000000001));
#6529=CARTESIAN_POINT('Origin',(19.7,21.49,9.85000000000001));
#6530=CARTESIAN_POINT('',(79.85,16.89,9.85));
#6531=CARTESIAN_POINT('Origin',(79.85,16.89,9.75));
#6532=CARTESIAN_POINT('',(79.85,16.79,9.75));
#6533=CARTESIAN_POINT('Origin',(10.,20.99,2.15));
#6534=CARTESIAN_POINT('',(19.7,21.49,2.15));
#6535=CARTESIAN_POINT('',(10.,21.49,2.15));
#6536=CARTESIAN_POINT('',(19.2,20.99,2.65));
#6537=CARTESIAN_POINT('',(10.,20.99,2.65));
#6538=CARTESIAN_POINT('Origin',(19.2,20.99,2.15));
#6539=CARTESIAN_POINT('Ctrl Pts',(20.7,16.79,2.75));
#6540=CARTESIAN_POINT('Ctrl Pts',(20.6988263139948,16.79,2.74888654369004));
#6541=CARTESIAN_POINT('Ctrl Pts',(20.6976530850864,16.7900014890774,2.74777232398108));
#6542=CARTESIAN_POINT('Ctrl Pts',(20.5251265986265,16.7907308860625,2.58435340778028));
#6543=CARTESIAN_POINT('Ctrl Pts',(20.2930253288512,16.8491484004489,2.3611730147871));
#6544=CARTESIAN_POINT('Ctrl Pts',(20.0330623802703,17.036032014659,2.18252846160585));
#6545=CARTESIAN_POINT('Ctrl Pts',(19.9405265694273,17.1359645740969,2.15));
#6546=CARTESIAN_POINT('Ctrl Pts',(19.9,17.19,2.15));
#6547=CARTESIAN_POINT('Ctrl Pts',(20.7,16.79,2.75));
#6548=CARTESIAN_POINT('Ctrl Pts',(20.6986356522808,16.7899679019185,2.74919438468194));
#6549=CARTESIAN_POINT('Ctrl Pts',(20.6972567362971,16.7900363468347,2.74839217362304));
#6550=CARTESIAN_POINT('Ctrl Pts',(20.4962701992837,16.7886986758549,2.63044679454618));
#6551=CARTESIAN_POINT('Ctrl Pts',(20.224282511394,16.8769490798671,2.4687348188914));
#6552=CARTESIAN_POINT('Ctrl Pts',(19.9870494524053,17.0793704582966,2.39071667901204));
#6553=CARTESIAN_POINT('Ctrl Pts',(19.9233021148958,17.1585271685319,2.39791125064461));
#6554=CARTESIAN_POINT('Ctrl Pts',(19.9,17.19,2.41179938779915));
#6555=CARTESIAN_POINT('Ctrl Pts',(20.7,16.79,2.75));
#6556=CARTESIAN_POINT('Ctrl Pts',(20.6984416136865,16.7899609585097,2.74950266926604));
#6557=CARTESIAN_POINT('Ctrl Pts',(20.6968638018524,16.790043754902,2.74901286991275));
#6558=CARTESIAN_POINT('Ctrl Pts',(20.4673250879484,16.7879234747385,2.67610947271939));
#6559=CARTESIAN_POINT('Ctrl Pts',(20.1561203687683,16.8648736408918,2.57856765079344));
#6560=CARTESIAN_POINT('Ctrl Pts',(19.8457855684623,17.0022874448895,2.59173421632317));
#6561=CARTESIAN_POINT('Ctrl Pts',(19.74859436879,17.0394279024271,2.6283490056468));
#6562=CARTESIAN_POINT('Ctrl Pts',(19.7094395102393,17.0470796326795,2.65));
#6563=CARTESIAN_POINT('Ctrl Pts',(20.7,16.79,2.75));
#6564=CARTESIAN_POINT('Ctrl Pts',(20.6982394709924,16.79,2.7498144239485));
#6565=CARTESIAN_POINT('Ctrl Pts',(20.6964796276296,16.7900003722693,2.74962872066351));
#6566=CARTESIAN_POINT('Ctrl Pts',(20.4376898979406,16.7901827215159,2.72239223463065));
#6567=CARTESIAN_POINT('Ctrl Pts',(20.0895379932769,16.804787100112,2.68519550246448));
#6568=CARTESIAN_POINT('Ctrl Pts',(19.6995935704056,16.8515080036647,2.65542141026774));
#6569=CARTESIAN_POINT('Ctrl Pts',(19.5607898541412,16.8764911435239,2.65));
#6570=CARTESIAN_POINT('Ctrl Pts',(19.5,16.89,2.65));
#6571=CARTESIAN_POINT('',(19.9,17.19,2.15));
#6572=CARTESIAN_POINT('',(19.5,16.89,2.65));
#6573=CARTESIAN_POINT('Origin',(19.5,16.89,2.15));
#6574=CARTESIAN_POINT('',(20.7,16.79,2.75));
#6575=CARTESIAN_POINT('Ctrl Pts',(19.5,16.89,2.65));
#6576=CARTESIAN_POINT('Ctrl Pts',(19.5607898541412,16.8764911435239,2.65));
#6577=CARTESIAN_POINT('Ctrl Pts',(19.6995935704056,16.8515080036647,2.65542141026774));
#6578=CARTESIAN_POINT('Ctrl Pts',(20.0895379932769,16.804787100112,2.68519550246448));
#6579=CARTESIAN_POINT('Ctrl Pts',(20.4376898979406,16.7901827215159,2.72239223463065));
#6580=CARTESIAN_POINT('Ctrl Pts',(20.6964796276296,16.7900003722693,2.74962872066351));
#6581=CARTESIAN_POINT('Ctrl Pts',(20.6982394709924,16.79,2.7498144239485));
#6582=CARTESIAN_POINT('Ctrl Pts',(20.7,16.79,2.75));
#6583=CARTESIAN_POINT('Ctrl Pts',(20.7,16.79,2.75));
#6584=CARTESIAN_POINT('Ctrl Pts',(20.6988263139948,16.79,2.74888654369004));
#6585=CARTESIAN_POINT('Ctrl Pts',(20.6976530850864,16.7900014890774,2.74777232398108));
#6586=CARTESIAN_POINT('Ctrl Pts',(20.5251265986265,16.7907308860625,2.58435340778028));
#6587=CARTESIAN_POINT('Ctrl Pts',(20.2930253288512,16.8491484004489,2.3611730147871));
#6588=CARTESIAN_POINT('Ctrl Pts',(20.0330623802703,17.036032014659,2.18252846160585));
#6589=CARTESIAN_POINT('Ctrl Pts',(19.9405265694273,17.1359645740969,2.15));
#6590=CARTESIAN_POINT('Ctrl Pts',(19.9,17.19,2.15));
#6591=CARTESIAN_POINT('Origin',(20.7,17.79,2.15));
#6592=CARTESIAN_POINT('',(19.7,17.79,2.15));
#6593=CARTESIAN_POINT('',(19.2,17.79,2.65));
#6594=CARTESIAN_POINT('Origin',(19.2,17.79,2.15));
#6595=CARTESIAN_POINT('Origin',(20.7,17.79,2.65));
#6596=CARTESIAN_POINT('Origin',(20.7,17.79,2.15));
#6597=CARTESIAN_POINT('Origin',(19.2,21.49,2.15));
#6598=CARTESIAN_POINT('',(19.2,21.49,2.65));
#6599=CARTESIAN_POINT('',(19.7,21.49,2.15));
#6600=CARTESIAN_POINT('Origin',(20.,21.49,0.));
#6601=CARTESIAN_POINT('',(19.7,21.49,0.));
#6602=CARTESIAN_POINT('',(19.7,21.49,1.325));
#6603=CARTESIAN_POINT('',(20.,21.49,0.));
#6604=CARTESIAN_POINT('Origin',(19.7,21.49,2.65));
#6605=CARTESIAN_POINT('',(19.7,17.79,0.));
#6606=CARTESIAN_POINT('',(19.7,17.79,1.325));
#6607=CARTESIAN_POINT('',(19.7,16.1175,0.));
#6608=CARTESIAN_POINT('Origin',(20.7,17.79,1.325));
#6609=CARTESIAN_POINT('',(20.7,16.79,0.));
#6610=CARTESIAN_POINT('',(20.7,16.79,1.325));
#6611=CARTESIAN_POINT('Origin',(20.7,17.79,0.));
#6612=CARTESIAN_POINT('Origin',(20.7,17.79,20.75));
#6613=CARTESIAN_POINT('',(19.7,17.79,41.5));
#6614=CARTESIAN_POINT('',(19.7,17.79,20.75));
#6615=CARTESIAN_POINT('',(20.7,16.79,41.5));
#6616=CARTESIAN_POINT('Origin',(20.7,17.79,41.5));
#6617=CARTESIAN_POINT('',(20.7,16.79,20.75));
#6618=CARTESIAN_POINT('Origin',(19.7,21.49,41.5));
#6619=CARTESIAN_POINT('',(19.7,21.49,41.5));
#6620=CARTESIAN_POINT('',(19.7,21.49,20.75));
#6621=CARTESIAN_POINT('',(19.7,16.1175,41.5));
#6622=CARTESIAN_POINT('Origin',(140.,16.79,0.));
#6623=CARTESIAN_POINT('',(115.075,16.79,41.5));
#6624=CARTESIAN_POINT('',(150.,16.79,38.75));
#6625=CARTESIAN_POINT('',(139.3,16.79,29.));
#6626=CARTESIAN_POINT('',(139.3,16.79,4.925));
#6627=CARTESIAN_POINT('',(155.075,16.79,29.));
#6628=CARTESIAN_POINT('',(70.,16.79,31.75));
#6629=CARTESIAN_POINT('Origin',(4.99999999999999,16.79,36.5));
#6630=CARTESIAN_POINT('',(3.85,16.79,35.25));
#6631=CARTESIAN_POINT('Origin',(5.,16.79,35.25));
#6632=CARTESIAN_POINT('',(33.85,16.79,35.25));
#6633=CARTESIAN_POINT('Origin',(35.,16.79,35.25));
#6634=CARTESIAN_POINT('',(48.85,16.79,35.25));
#6635=CARTESIAN_POINT('Origin',(50.,16.79,35.25));
#6636=CARTESIAN_POINT('',(63.85,16.79,35.25));
#6637=CARTESIAN_POINT('Origin',(65.,16.79,35.25));
#6638=CARTESIAN_POINT('',(78.85,16.79,35.25));
#6639=CARTESIAN_POINT('Origin',(80.,16.79,35.25));
#6640=CARTESIAN_POINT('',(93.85,16.79,35.25));
#6641=CARTESIAN_POINT('Origin',(95.,16.79,35.25));
#6642=CARTESIAN_POINT('',(108.85,16.79,35.25));
#6643=CARTESIAN_POINT('Origin',(110.,16.79,35.25));
#6644=CARTESIAN_POINT('',(123.85,16.79,35.25));
#6645=CARTESIAN_POINT('Origin',(125.,16.79,35.25));
#6646=CARTESIAN_POINT('',(153.85,16.79,35.25));
#6647=CARTESIAN_POINT('Origin',(155.,16.79,35.25));
#6648=CARTESIAN_POINT('Origin',(20.7,17.79,15.825));
#6649=CARTESIAN_POINT('',(20.7,16.79,12.5));
#6650=CARTESIAN_POINT('Origin',(20.7,17.79,12.5));
#6651=CARTESIAN_POINT('',(20.7,16.79,15.825));
#6652=CARTESIAN_POINT('Origin',(140.,16.79,0.));
#6653=CARTESIAN_POINT('',(75.075,16.79,12.5));
#6654=CARTESIAN_POINT('',(150.,16.79,9.75));
#6655=CARTESIAN_POINT('',(139.3,16.79,0.));
#6656=CARTESIAN_POINT('',(139.3,16.79,9.09580309331446E-17));
#6657=CARTESIAN_POINT('',(115.075,16.79,0.));
#6658=CARTESIAN_POINT('',(70.,16.79,2.75));
#6659=CARTESIAN_POINT('',(153.85,16.79,6.25));
#6660=CARTESIAN_POINT('Origin',(155.,16.79,6.25));
#6661=CARTESIAN_POINT('',(123.85,16.79,6.25));
#6662=CARTESIAN_POINT('Origin',(125.,16.79,6.25));
#6663=CARTESIAN_POINT('',(108.85,16.79,6.25000000000001));
#6664=CARTESIAN_POINT('Origin',(110.,16.79,6.25000000000001));
#6665=CARTESIAN_POINT('',(93.85,16.79,6.25000000000001));
#6666=CARTESIAN_POINT('Origin',(95.,16.79,6.25000000000001));
#6667=CARTESIAN_POINT('',(78.85,16.79,6.25000000000001));
#6668=CARTESIAN_POINT('Origin',(80.,16.79,6.25000000000001));
#6669=CARTESIAN_POINT('',(63.85,16.79,6.25000000000001));
#6670=CARTESIAN_POINT('Origin',(65.,16.79,6.25000000000001));
#6671=CARTESIAN_POINT('',(48.85,16.79,6.25000000000002));
#6672=CARTESIAN_POINT('Origin',(50.,16.79,6.25000000000002));
#6673=CARTESIAN_POINT('',(3.85,16.79,6.25000000000002));
#6674=CARTESIAN_POINT('Origin',(5.,16.79,6.25000000000002));
#6675=CARTESIAN_POINT('',(33.85,16.79,6.25000000000002));
#6676=CARTESIAN_POINT('Origin',(35.,16.79,6.25000000000002));
#6677=CARTESIAN_POINT('Origin',(120.,12.29,28.));
#6678=CARTESIAN_POINT('',(120.,11.29,28.));
#6679=CARTESIAN_POINT('',(120.,12.29,29.));
#6680=CARTESIAN_POINT('Origin',(80.,11.29,20.75));
#6681=CARTESIAN_POINT('',(40.,11.29,13.5));
#6682=CARTESIAN_POINT('Origin',(40.,12.29,13.5));
#6683=CARTESIAN_POINT('',(40.,12.29,12.5));
#6684=CARTESIAN_POINT('Origin',(0.,21.49,12.5));
#6685=CARTESIAN_POINT('',(40.,12.29,12.5));
#6686=CARTESIAN_POINT('Origin',(139.3,17.79,4.925));
#6687=CARTESIAN_POINT('Origin',(139.3,17.79,29.));
#6688=CARTESIAN_POINT('Origin',(139.3,17.79,9.09580309331446E-17));
#6689=CARTESIAN_POINT('',(140.3,17.79,0.));
#6690=CARTESIAN_POINT('',(140.3,17.79,-1.60514172234985E-17));
#6691=CARTESIAN_POINT('Origin',(139.3,17.79,-6.34566027568884E-15));
#6692=CARTESIAN_POINT('Origin',(140.3,21.49,0.));
#6693=CARTESIAN_POINT('',(140.3,21.49,0.));
#6694=CARTESIAN_POINT('',(140.3,21.49,1.05404306434292E-15));
#6695=CARTESIAN_POINT('',(140.3,16.1175,0.));
#6696=CARTESIAN_POINT('Origin',(120.,12.29,28.));
#6697=CARTESIAN_POINT('',(120.,12.29,29.));
#6698=CARTESIAN_POINT('',(120.,11.29,28.));
#6699=CARTESIAN_POINT('Origin',(160.,21.49,29.));
#6700=CARTESIAN_POINT('Origin',(40.,12.29,13.5));
#6701=CARTESIAN_POINT('',(40.,11.29,13.5));
#6702=CARTESIAN_POINT('Origin',(80.,11.29,20.75));
#6703=CARTESIAN_POINT('Origin',(150.,16.89,38.75));
#6704=CARTESIAN_POINT('',(150.,16.89,38.85));
#6705=CARTESIAN_POINT('Origin',(160.,21.49,38.85));
#6706=CARTESIAN_POINT('Origin',(150.,16.89,9.75));
#6707=CARTESIAN_POINT('',(150.,16.89,9.85));
#6708=CARTESIAN_POINT('Origin',(160.,21.49,9.85));
#6709=CARTESIAN_POINT('Origin',(70.,16.89,2.75));
#6710=CARTESIAN_POINT('',(70.,16.89,2.65));
#6711=CARTESIAN_POINT('Origin',(0.,21.49,2.65));
#6712=CARTESIAN_POINT('Origin',(70.,16.89,31.75));
#6713=CARTESIAN_POINT('',(70.,16.89,31.65));
#6714=CARTESIAN_POINT('Origin',(0.,21.49,31.65));
#6715=CARTESIAN_POINT('Origin',(33.3834192462691,11.29,3.45000000000001));
#6716=CARTESIAN_POINT('',(33.3834192462691,13.29,3.45000000000002));
#6717=CARTESIAN_POINT('',(33.3834192462691,11.29,3.45000000000002));
#6718=CARTESIAN_POINT('',(31.7668384925381,13.29,6.25000000000001));
#6719=CARTESIAN_POINT('',(31.7668384925381,13.29,6.25000000000002));
#6720=CARTESIAN_POINT('',(31.7668384925381,11.29,6.25000000000001));
#6721=CARTESIAN_POINT('Origin',(36.616580753731,11.29,3.45000000000002));
#6722=CARTESIAN_POINT('',(36.616580753731,13.29,3.45000000000002));
#6723=CARTESIAN_POINT('',(36.616580753731,11.29,3.45000000000002));
#6724=CARTESIAN_POINT('',(33.3834192462691,13.29,3.45000000000002));
#6725=CARTESIAN_POINT('Origin',(38.2331615074619,11.29,6.25000000000002));
#6726=CARTESIAN_POINT('',(38.2331615074619,13.29,6.25000000000002));
#6727=CARTESIAN_POINT('',(38.2331615074619,11.29,6.25000000000002));
#6728=CARTESIAN_POINT('',(36.616580753731,13.29,3.45000000000002));
#6729=CARTESIAN_POINT('Origin',(36.616580753731,11.29,9.05000000000001));
#6730=CARTESIAN_POINT('',(36.616580753731,13.29,9.05000000000001));
#6731=CARTESIAN_POINT('',(36.616580753731,11.29,9.05000000000001));
#6732=CARTESIAN_POINT('',(38.2331615074619,13.29,6.25000000000002));
#6733=CARTESIAN_POINT('Origin',(33.3834192462691,11.29,9.05000000000001));
#6734=CARTESIAN_POINT('',(33.3834192462691,13.29,9.05000000000001));
#6735=CARTESIAN_POINT('',(33.3834192462691,11.29,9.05000000000001));
#6736=CARTESIAN_POINT('',(36.616580753731,13.29,9.05000000000001));
#6737=CARTESIAN_POINT('Origin',(31.7668384925381,11.29,6.25000000000001));
#6738=CARTESIAN_POINT('',(33.3834192462691,13.29,9.05000000000001));
#6739=CARTESIAN_POINT('Origin',(35.,13.29,6.25000000000002));
#6740=CARTESIAN_POINT('',(33.85,13.29,6.25000000000002));
#6741=CARTESIAN_POINT('Origin',(35.,13.29,6.25000000000002));
#6742=CARTESIAN_POINT('Origin',(66.616580753731,11.29,32.45));
#6743=CARTESIAN_POINT('',(66.616580753731,13.29,32.45));
#6744=CARTESIAN_POINT('',(66.616580753731,11.29,32.45));
#6745=CARTESIAN_POINT('',(63.383419246269,13.29,32.45));
#6746=CARTESIAN_POINT('',(63.383419246269,13.29,32.45));
#6747=CARTESIAN_POINT('',(63.383419246269,11.29,32.45));
#6748=CARTESIAN_POINT('Origin',(68.2331615074619,11.29,35.25));
#6749=CARTESIAN_POINT('',(68.2331615074619,13.29,35.25));
#6750=CARTESIAN_POINT('',(68.2331615074619,11.29,35.25));
#6751=CARTESIAN_POINT('',(66.616580753731,13.29,32.45));
#6752=CARTESIAN_POINT('Origin',(66.616580753731,11.29,38.05));
#6753=CARTESIAN_POINT('',(66.616580753731,13.29,38.05));
#6754=CARTESIAN_POINT('',(66.616580753731,11.29,38.05));
#6755=CARTESIAN_POINT('',(68.2331615074619,13.29,35.25));
#6756=CARTESIAN_POINT('Origin',(63.383419246269,11.29,38.05));
#6757=CARTESIAN_POINT('',(63.383419246269,13.29,38.05));
#6758=CARTESIAN_POINT('',(63.383419246269,11.29,38.05));
#6759=CARTESIAN_POINT('',(66.616580753731,13.29,38.05));
#6760=CARTESIAN_POINT('Origin',(61.7668384925381,11.29,35.25));
#6761=CARTESIAN_POINT('',(61.7668384925381,13.29,35.25));
#6762=CARTESIAN_POINT('',(61.7668384925381,11.29,35.25));
#6763=CARTESIAN_POINT('',(63.383419246269,13.29,38.05));
#6764=CARTESIAN_POINT('Origin',(63.383419246269,11.29,32.45));
#6765=CARTESIAN_POINT('',(61.7668384925381,13.29,35.25));
#6766=CARTESIAN_POINT('Origin',(65.,13.29,35.25));
#6767=CARTESIAN_POINT('',(63.85,13.29,35.25));
#6768=CARTESIAN_POINT('Origin',(65.,13.29,35.25));
#6769=CARTESIAN_POINT('Origin',(113.233161507462,11.29,6.25000000000004));
#6770=CARTESIAN_POINT('',(113.233161507462,13.29,6.25000000000004));
#6771=CARTESIAN_POINT('',(113.233161507462,11.29,6.25000000000004));
#6772=CARTESIAN_POINT('',(111.616580753731,13.29,3.45000000000005));
#6773=CARTESIAN_POINT('',(111.616580753731,13.29,3.45000000000004));
#6774=CARTESIAN_POINT('',(111.616580753731,11.29,3.45000000000005));
#6775=CARTESIAN_POINT('Origin',(111.616580753731,11.29,9.05000000000004));
#6776=CARTESIAN_POINT('',(111.616580753731,13.29,9.05000000000004));
#6777=CARTESIAN_POINT('',(111.616580753731,11.29,9.05000000000004));
#6778=CARTESIAN_POINT('',(113.233161507462,13.29,6.25000000000004));
#6779=CARTESIAN_POINT('Origin',(108.383419246269,11.29,9.05000000000004));
#6780=CARTESIAN_POINT('',(108.383419246269,13.29,9.05000000000004));
#6781=CARTESIAN_POINT('',(108.383419246269,11.29,9.05000000000004));
#6782=CARTESIAN_POINT('',(111.616580753731,13.29,9.05000000000004));
#6783=CARTESIAN_POINT('Origin',(106.766838492538,11.29,6.25000000000003));
#6784=CARTESIAN_POINT('',(106.766838492538,13.29,6.25000000000003));
#6785=CARTESIAN_POINT('',(106.766838492538,11.29,6.25000000000003));
#6786=CARTESIAN_POINT('',(108.383419246269,13.29,9.05000000000004));
#6787=CARTESIAN_POINT('Origin',(108.383419246269,11.29,3.45000000000004));
#6788=CARTESIAN_POINT('',(108.383419246269,13.29,3.45000000000004));
#6789=CARTESIAN_POINT('',(108.383419246269,11.29,3.45000000000004));
#6790=CARTESIAN_POINT('',(106.766838492538,13.29,6.25000000000004));
#6791=CARTESIAN_POINT('Origin',(111.616580753731,11.29,3.45000000000005));
#6792=CARTESIAN_POINT('',(108.383419246269,13.29,3.45000000000004));
#6793=CARTESIAN_POINT('Origin',(110.,13.29,6.25000000000004));
#6794=CARTESIAN_POINT('',(108.85,13.29,6.25000000000001));
#6795=CARTESIAN_POINT('Origin',(110.,13.29,6.25000000000001));
#6796=CARTESIAN_POINT('Origin',(126.616580753731,11.29,32.45));
#6797=CARTESIAN_POINT('',(126.616580753731,13.29,32.45));
#6798=CARTESIAN_POINT('',(126.616580753731,11.29,32.45));
#6799=CARTESIAN_POINT('',(123.383419246269,13.29,32.45));
#6800=CARTESIAN_POINT('',(123.383419246269,13.29,32.45));
#6801=CARTESIAN_POINT('',(123.383419246269,11.29,32.45));
#6802=CARTESIAN_POINT('Origin',(128.233161507462,11.29,35.25));
#6803=CARTESIAN_POINT('',(128.233161507462,13.29,35.25));
#6804=CARTESIAN_POINT('',(128.233161507462,11.29,35.25));
#6805=CARTESIAN_POINT('',(126.616580753731,13.29,32.45));
#6806=CARTESIAN_POINT('Origin',(126.616580753731,11.29,38.05));
#6807=CARTESIAN_POINT('',(126.616580753731,13.29,38.05));
#6808=CARTESIAN_POINT('',(126.616580753731,11.29,38.05));
#6809=CARTESIAN_POINT('',(128.233161507462,13.29,35.25));
#6810=CARTESIAN_POINT('Origin',(123.383419246269,11.29,38.05));
#6811=CARTESIAN_POINT('',(123.383419246269,13.29,38.05));
#6812=CARTESIAN_POINT('',(123.383419246269,11.29,38.05));
#6813=CARTESIAN_POINT('',(126.616580753731,13.29,38.05));
#6814=CARTESIAN_POINT('Origin',(121.766838492538,11.29,35.25));
#6815=CARTESIAN_POINT('',(121.766838492538,13.29,35.25));
#6816=CARTESIAN_POINT('',(121.766838492538,11.29,35.25));
#6817=CARTESIAN_POINT('',(123.383419246269,13.29,38.05));
#6818=CARTESIAN_POINT('Origin',(123.383419246269,11.29,32.45));
#6819=CARTESIAN_POINT('',(121.766838492538,13.29,35.25));
#6820=CARTESIAN_POINT('Origin',(125.,13.29,35.25));
#6821=CARTESIAN_POINT('',(123.85,13.29,35.25));
#6822=CARTESIAN_POINT('Origin',(125.,13.29,35.25));
#6823=CARTESIAN_POINT('Origin',(98.2331615074619,11.29,6.25000000000003));
#6824=CARTESIAN_POINT('',(98.2331615074619,13.29,6.25000000000004));
#6825=CARTESIAN_POINT('',(98.2331615074619,11.29,6.25000000000004));
#6826=CARTESIAN_POINT('',(96.616580753731,13.29,3.45000000000004));
#6827=CARTESIAN_POINT('',(96.616580753731,13.29,3.45000000000003));
#6828=CARTESIAN_POINT('',(96.616580753731,11.29,3.45000000000004));
#6829=CARTESIAN_POINT('Origin',(96.616580753731,11.29,9.05000000000003));
#6830=CARTESIAN_POINT('',(96.616580753731,13.29,9.05000000000003));
#6831=CARTESIAN_POINT('',(96.616580753731,11.29,9.05000000000003));
#6832=CARTESIAN_POINT('',(98.2331615074619,13.29,6.25000000000004));
#6833=CARTESIAN_POINT('Origin',(93.3834192462691,11.29,9.05000000000003));
#6834=CARTESIAN_POINT('',(93.3834192462691,13.29,9.05000000000003));
#6835=CARTESIAN_POINT('',(93.3834192462691,11.29,9.05000000000003));
#6836=CARTESIAN_POINT('',(96.616580753731,13.29,9.05000000000003));
#6837=CARTESIAN_POINT('Origin',(91.7668384925381,11.29,6.25000000000003));
#6838=CARTESIAN_POINT('',(91.7668384925381,13.29,6.25000000000003));
#6839=CARTESIAN_POINT('',(91.7668384925381,11.29,6.25000000000003));
#6840=CARTESIAN_POINT('',(93.3834192462691,13.29,9.05000000000003));
#6841=CARTESIAN_POINT('Origin',(93.3834192462691,11.29,3.45000000000003));
#6842=CARTESIAN_POINT('',(93.3834192462691,13.29,3.45000000000003));
#6843=CARTESIAN_POINT('',(93.3834192462691,11.29,3.45000000000003));
#6844=CARTESIAN_POINT('',(91.7668384925381,13.29,6.25000000000004));
#6845=CARTESIAN_POINT('Origin',(96.616580753731,11.29,3.45000000000004));
#6846=CARTESIAN_POINT('',(93.3834192462691,13.29,3.45000000000003));
#6847=CARTESIAN_POINT('Origin',(95.,13.29,6.25000000000003));
#6848=CARTESIAN_POINT('',(93.85,13.29,6.25000000000001));
#6849=CARTESIAN_POINT('Origin',(95.,13.29,6.25000000000001));
#6850=CARTESIAN_POINT('Origin',(83.2331615074619,11.29,6.25000000000003));
#6851=CARTESIAN_POINT('',(83.2331615074619,13.29,6.25000000000003));
#6852=CARTESIAN_POINT('',(83.2331615074619,11.29,6.25000000000003));
#6853=CARTESIAN_POINT('',(81.616580753731,13.29,3.45000000000004));
#6854=CARTESIAN_POINT('',(81.616580753731,13.29,3.45000000000003));
#6855=CARTESIAN_POINT('',(81.616580753731,11.29,3.45000000000004));
#6856=CARTESIAN_POINT('Origin',(81.616580753731,11.29,9.05000000000003));
#6857=CARTESIAN_POINT('',(81.616580753731,13.29,9.05000000000003));
#6858=CARTESIAN_POINT('',(81.616580753731,11.29,9.05000000000003));
#6859=CARTESIAN_POINT('',(83.2331615074619,13.29,6.25000000000003));
#6860=CARTESIAN_POINT('Origin',(78.3834192462691,11.29,9.05000000000003));
#6861=CARTESIAN_POINT('',(78.3834192462691,13.29,9.05000000000003));
#6862=CARTESIAN_POINT('',(78.3834192462691,11.29,9.05000000000003));
#6863=CARTESIAN_POINT('',(81.616580753731,13.29,9.05000000000003));
#6864=CARTESIAN_POINT('Origin',(76.7668384925381,11.29,6.25000000000002));
#6865=CARTESIAN_POINT('',(76.7668384925381,13.29,6.25000000000002));
#6866=CARTESIAN_POINT('',(76.7668384925381,11.29,6.25000000000002));
#6867=CARTESIAN_POINT('',(78.3834192462691,13.29,9.05000000000003));
#6868=CARTESIAN_POINT('Origin',(78.3834192462691,11.29,3.45000000000003));
#6869=CARTESIAN_POINT('',(78.3834192462691,13.29,3.45000000000003));
#6870=CARTESIAN_POINT('',(78.3834192462691,11.29,3.45000000000003));
#6871=CARTESIAN_POINT('',(76.7668384925381,13.29,6.25000000000003));
#6872=CARTESIAN_POINT('Origin',(81.616580753731,11.29,3.45000000000004));
#6873=CARTESIAN_POINT('',(78.3834192462691,13.29,3.45000000000003));
#6874=CARTESIAN_POINT('Origin',(80.,13.29,6.25000000000003));
#6875=CARTESIAN_POINT('',(78.85,13.29,6.25000000000001));
#6876=CARTESIAN_POINT('Origin',(80.,13.29,6.25000000000001));
#6877=CARTESIAN_POINT('Origin',(51.616580753731,11.29,32.45));
#6878=CARTESIAN_POINT('',(51.616580753731,13.29,32.45));
#6879=CARTESIAN_POINT('',(51.616580753731,11.29,32.45));
#6880=CARTESIAN_POINT('',(48.383419246269,13.29,32.45));
#6881=CARTESIAN_POINT('',(48.3834192462691,13.29,32.45));
#6882=CARTESIAN_POINT('',(48.383419246269,11.29,32.45));
#6883=CARTESIAN_POINT('Origin',(53.2331615074619,11.29,35.25));
#6884=CARTESIAN_POINT('',(53.2331615074619,13.29,35.25));
#6885=CARTESIAN_POINT('',(53.2331615074619,11.29,35.25));
#6886=CARTESIAN_POINT('',(51.616580753731,13.29,32.45));
#6887=CARTESIAN_POINT('Origin',(51.616580753731,11.29,38.05));
#6888=CARTESIAN_POINT('',(51.616580753731,13.29,38.05));
#6889=CARTESIAN_POINT('',(51.616580753731,11.29,38.05));
#6890=CARTESIAN_POINT('',(53.2331615074619,13.29,35.25));
#6891=CARTESIAN_POINT('Origin',(48.383419246269,11.29,38.05));
#6892=CARTESIAN_POINT('',(48.383419246269,13.29,38.05));
#6893=CARTESIAN_POINT('',(48.383419246269,11.29,38.05));
#6894=CARTESIAN_POINT('',(51.6165807537309,13.29,38.05));
#6895=CARTESIAN_POINT('Origin',(46.7668384925381,11.29,35.25));
#6896=CARTESIAN_POINT('',(46.7668384925381,13.29,35.25));
#6897=CARTESIAN_POINT('',(46.7668384925381,11.29,35.25));
#6898=CARTESIAN_POINT('',(48.383419246269,13.29,38.05));
#6899=CARTESIAN_POINT('Origin',(48.383419246269,11.29,32.45));
#6900=CARTESIAN_POINT('',(46.7668384925381,13.29,35.25));
#6901=CARTESIAN_POINT('Origin',(50.,13.29,35.25));
#6902=CARTESIAN_POINT('',(48.85,13.29,35.25));
#6903=CARTESIAN_POINT('Origin',(50.,13.29,35.25));
#6904=CARTESIAN_POINT('Origin',(53.2331615074619,11.29,6.25000000000003));
#6905=CARTESIAN_POINT('',(53.2331615074619,13.29,6.25000000000003));
#6906=CARTESIAN_POINT('',(53.2331615074619,11.29,6.25000000000003));
#6907=CARTESIAN_POINT('',(51.616580753731,13.29,3.45000000000003));
#6908=CARTESIAN_POINT('',(51.616580753731,13.29,3.45000000000002));
#6909=CARTESIAN_POINT('',(51.616580753731,11.29,3.45000000000003));
#6910=CARTESIAN_POINT('Origin',(51.6165807537309,11.29,9.05000000000002));
#6911=CARTESIAN_POINT('',(51.616580753731,13.29,9.05000000000002));
#6912=CARTESIAN_POINT('',(51.616580753731,11.29,9.05000000000002));
#6913=CARTESIAN_POINT('',(53.2331615074619,13.29,6.25000000000002));
#6914=CARTESIAN_POINT('Origin',(48.3834192462691,11.29,9.05000000000002));
#6915=CARTESIAN_POINT('',(48.3834192462691,13.29,9.05000000000002));
#6916=CARTESIAN_POINT('',(48.3834192462691,11.29,9.05000000000002));
#6917=CARTESIAN_POINT('',(51.616580753731,13.29,9.05000000000002));
#6918=CARTESIAN_POINT('Origin',(46.7668384925381,11.29,6.25000000000002));
#6919=CARTESIAN_POINT('',(46.7668384925381,13.29,6.25000000000001));
#6920=CARTESIAN_POINT('',(46.7668384925381,11.29,6.25000000000001));
#6921=CARTESIAN_POINT('',(48.3834192462691,13.29,9.05000000000002));
#6922=CARTESIAN_POINT('Origin',(48.3834192462691,11.29,3.45000000000002));
#6923=CARTESIAN_POINT('',(48.3834192462691,13.29,3.45000000000002));
#6924=CARTESIAN_POINT('',(48.3834192462691,11.29,3.45000000000002));
#6925=CARTESIAN_POINT('',(46.7668384925381,13.29,6.25000000000002));
#6926=CARTESIAN_POINT('Origin',(51.616580753731,11.29,3.45000000000003));
#6927=CARTESIAN_POINT('',(48.3834192462691,13.29,3.45000000000002));
#6928=CARTESIAN_POINT('Origin',(50.,13.29,6.25000000000002));
#6929=CARTESIAN_POINT('',(48.85,13.29,6.25000000000002));
#6930=CARTESIAN_POINT('Origin',(50.,13.29,6.25000000000002));
#6931=CARTESIAN_POINT('Origin',(81.616580753731,11.29,32.45));
#6932=CARTESIAN_POINT('',(81.616580753731,13.29,32.45));
#6933=CARTESIAN_POINT('',(81.616580753731,11.29,32.45));
#6934=CARTESIAN_POINT('',(78.383419246269,13.29,32.45));
#6935=CARTESIAN_POINT('',(78.383419246269,13.29,32.45));
#6936=CARTESIAN_POINT('',(78.383419246269,11.29,32.45));
#6937=CARTESIAN_POINT('Origin',(83.2331615074619,11.29,35.25));
#6938=CARTESIAN_POINT('',(83.2331615074619,13.29,35.25));
#6939=CARTESIAN_POINT('',(83.2331615074619,11.29,35.25));
#6940=CARTESIAN_POINT('',(81.616580753731,13.29,32.45));
#6941=CARTESIAN_POINT('Origin',(81.616580753731,11.29,38.05));
#6942=CARTESIAN_POINT('',(81.616580753731,13.29,38.05));
#6943=CARTESIAN_POINT('',(81.616580753731,11.29,38.05));
#6944=CARTESIAN_POINT('',(83.2331615074619,13.29,35.25));
#6945=CARTESIAN_POINT('Origin',(78.383419246269,11.29,38.05));
#6946=CARTESIAN_POINT('',(78.383419246269,13.29,38.05));
#6947=CARTESIAN_POINT('',(78.383419246269,11.29,38.05));
#6948=CARTESIAN_POINT('',(81.616580753731,13.29,38.05));
#6949=CARTESIAN_POINT('Origin',(76.7668384925381,11.29,35.25));
#6950=CARTESIAN_POINT('',(76.7668384925381,13.29,35.25));
#6951=CARTESIAN_POINT('',(76.7668384925381,11.29,35.25));
#6952=CARTESIAN_POINT('',(78.383419246269,13.29,38.05));
#6953=CARTESIAN_POINT('Origin',(78.383419246269,11.29,32.45));
#6954=CARTESIAN_POINT('',(76.7668384925381,13.29,35.25));
#6955=CARTESIAN_POINT('Origin',(80.,13.29,35.25));
#6956=CARTESIAN_POINT('',(78.85,13.29,35.25));
#6957=CARTESIAN_POINT('Origin',(80.,13.29,35.25));
#6958=CARTESIAN_POINT('Origin',(128.233161507462,11.29,6.25000000000004));
#6959=CARTESIAN_POINT('',(128.233161507462,13.29,6.25000000000004));
#6960=CARTESIAN_POINT('',(128.233161507462,11.29,6.25000000000004));
#6961=CARTESIAN_POINT('',(126.616580753731,13.29,3.45000000000005));
#6962=CARTESIAN_POINT('',(126.616580753731,13.29,3.45000000000004));
#6963=CARTESIAN_POINT('',(126.616580753731,11.29,3.45000000000005));
#6964=CARTESIAN_POINT('Origin',(126.616580753731,11.29,9.05000000000004));
#6965=CARTESIAN_POINT('',(126.616580753731,13.29,9.05000000000004));
#6966=CARTESIAN_POINT('',(126.616580753731,11.29,9.05000000000004));
#6967=CARTESIAN_POINT('',(128.233161507462,13.29,6.25000000000004));
#6968=CARTESIAN_POINT('Origin',(123.383419246269,11.29,9.05000000000004));
#6969=CARTESIAN_POINT('',(123.383419246269,13.29,9.05000000000004));
#6970=CARTESIAN_POINT('',(123.383419246269,11.29,9.05000000000004));
#6971=CARTESIAN_POINT('',(126.616580753731,13.29,9.05000000000004));
#6972=CARTESIAN_POINT('Origin',(121.766838492538,11.29,6.25000000000003));
#6973=CARTESIAN_POINT('',(121.766838492538,13.29,6.25000000000003));
#6974=CARTESIAN_POINT('',(121.766838492538,11.29,6.25000000000003));
#6975=CARTESIAN_POINT('',(123.383419246269,13.29,9.05000000000004));
#6976=CARTESIAN_POINT('Origin',(123.383419246269,11.29,3.45000000000004));
#6977=CARTESIAN_POINT('',(123.383419246269,13.29,3.45000000000004));
#6978=CARTESIAN_POINT('',(123.383419246269,11.29,3.45000000000004));
#6979=CARTESIAN_POINT('',(121.766838492538,13.29,6.25000000000004));
#6980=CARTESIAN_POINT('Origin',(126.616580753731,11.29,3.45000000000005));
#6981=CARTESIAN_POINT('',(123.383419246269,13.29,3.45000000000004));
#6982=CARTESIAN_POINT('Origin',(125.,13.29,6.25000000000004));
#6983=CARTESIAN_POINT('',(123.85,13.29,6.25));
#6984=CARTESIAN_POINT('Origin',(125.,13.29,6.25));
#6985=CARTESIAN_POINT('Origin',(111.616580753731,11.29,32.45));
#6986=CARTESIAN_POINT('',(111.616580753731,13.29,32.45));
#6987=CARTESIAN_POINT('',(111.616580753731,11.29,32.45));
#6988=CARTESIAN_POINT('',(108.383419246269,13.29,32.45));
#6989=CARTESIAN_POINT('',(108.383419246269,13.29,32.45));
#6990=CARTESIAN_POINT('',(108.383419246269,11.29,32.45));
#6991=CARTESIAN_POINT('Origin',(113.233161507462,11.29,35.25));
#6992=CARTESIAN_POINT('',(113.233161507462,13.29,35.25));
#6993=CARTESIAN_POINT('',(113.233161507462,11.29,35.25));
#6994=CARTESIAN_POINT('',(111.616580753731,13.29,32.45));
#6995=CARTESIAN_POINT('Origin',(111.616580753731,11.29,38.05));
#6996=CARTESIAN_POINT('',(111.616580753731,13.29,38.05));
#6997=CARTESIAN_POINT('',(111.616580753731,11.29,38.05));
#6998=CARTESIAN_POINT('',(113.233161507462,13.29,35.25));
#6999=CARTESIAN_POINT('Origin',(108.383419246269,11.29,38.05));
#7000=CARTESIAN_POINT('',(108.383419246269,13.29,38.05));
#7001=CARTESIAN_POINT('',(108.383419246269,11.29,38.05));
#7002=CARTESIAN_POINT('',(111.616580753731,13.29,38.05));
#7003=CARTESIAN_POINT('Origin',(106.766838492538,11.29,35.25));
#7004=CARTESIAN_POINT('',(106.766838492538,13.29,35.25));
#7005=CARTESIAN_POINT('',(106.766838492538,11.29,35.25));
#7006=CARTESIAN_POINT('',(108.383419246269,13.29,38.05));
#7007=CARTESIAN_POINT('Origin',(108.383419246269,11.29,32.45));
#7008=CARTESIAN_POINT('',(106.766838492538,13.29,35.25));
#7009=CARTESIAN_POINT('Origin',(110.,13.29,35.25));
#7010=CARTESIAN_POINT('',(108.85,13.29,35.25));
#7011=CARTESIAN_POINT('Origin',(110.,13.29,35.25));
#7012=CARTESIAN_POINT('Origin',(96.616580753731,11.29,32.45));
#7013=CARTESIAN_POINT('',(96.616580753731,13.29,32.45));
#7014=CARTESIAN_POINT('',(96.616580753731,11.29,32.45));
#7015=CARTESIAN_POINT('',(93.383419246269,13.29,32.45));
#7016=CARTESIAN_POINT('',(93.383419246269,13.29,32.45));
#7017=CARTESIAN_POINT('',(93.383419246269,11.29,32.45));
#7018=CARTESIAN_POINT('Origin',(98.2331615074619,11.29,35.25));
#7019=CARTESIAN_POINT('',(98.2331615074619,13.29,35.25));
#7020=CARTESIAN_POINT('',(98.2331615074619,11.29,35.25));
#7021=CARTESIAN_POINT('',(96.616580753731,13.29,32.45));
#7022=CARTESIAN_POINT('Origin',(96.616580753731,11.29,38.05));
#7023=CARTESIAN_POINT('',(96.616580753731,13.29,38.05));
#7024=CARTESIAN_POINT('',(96.616580753731,11.29,38.05));
#7025=CARTESIAN_POINT('',(98.2331615074619,13.29,35.25));
#7026=CARTESIAN_POINT('Origin',(93.383419246269,11.29,38.05));
#7027=CARTESIAN_POINT('',(93.383419246269,13.29,38.05));
#7028=CARTESIAN_POINT('',(93.383419246269,11.29,38.05));
#7029=CARTESIAN_POINT('',(96.616580753731,13.29,38.05));
#7030=CARTESIAN_POINT('Origin',(91.7668384925381,11.29,35.25));
#7031=CARTESIAN_POINT('',(91.7668384925381,13.29,35.25));
#7032=CARTESIAN_POINT('',(91.7668384925381,11.29,35.25));
#7033=CARTESIAN_POINT('',(93.383419246269,13.29,38.05));
#7034=CARTESIAN_POINT('Origin',(93.383419246269,11.29,32.45));
#7035=CARTESIAN_POINT('',(91.7668384925381,13.29,35.25));
#7036=CARTESIAN_POINT('Origin',(95.,13.29,35.25));
#7037=CARTESIAN_POINT('',(93.85,13.29,35.25));
#7038=CARTESIAN_POINT('Origin',(95.,13.29,35.25));
#7039=CARTESIAN_POINT('Origin',(68.2331615074619,11.29,6.25000000000003));
#7040=CARTESIAN_POINT('',(68.2331615074619,13.29,6.25000000000003));
#7041=CARTESIAN_POINT('',(68.2331615074619,11.29,6.25000000000003));
#7042=CARTESIAN_POINT('',(66.616580753731,13.29,3.45000000000003));
#7043=CARTESIAN_POINT('',(66.616580753731,13.29,3.45000000000002));
#7044=CARTESIAN_POINT('',(66.616580753731,11.29,3.45000000000003));
#7045=CARTESIAN_POINT('Origin',(66.616580753731,11.29,9.05000000000002));
#7046=CARTESIAN_POINT('',(66.616580753731,13.29,9.05000000000003));
#7047=CARTESIAN_POINT('',(66.616580753731,11.29,9.05000000000003));
#7048=CARTESIAN_POINT('',(68.2331615074619,13.29,6.25000000000003));
#7049=CARTESIAN_POINT('Origin',(63.3834192462691,11.29,9.05000000000003));
#7050=CARTESIAN_POINT('',(63.3834192462691,13.29,9.05000000000003));
#7051=CARTESIAN_POINT('',(63.3834192462691,11.29,9.05000000000003));
#7052=CARTESIAN_POINT('',(66.616580753731,13.29,9.05000000000003));
#7053=CARTESIAN_POINT('Origin',(61.7668384925381,11.29,6.25000000000002));
#7054=CARTESIAN_POINT('',(61.7668384925381,13.29,6.25000000000002));
#7055=CARTESIAN_POINT('',(61.7668384925381,11.29,6.25000000000002));
#7056=CARTESIAN_POINT('',(63.3834192462691,13.29,9.05000000000003));
#7057=CARTESIAN_POINT('Origin',(63.3834192462691,11.29,3.45000000000002));
#7058=CARTESIAN_POINT('',(63.3834192462691,13.29,3.45000000000002));
#7059=CARTESIAN_POINT('',(63.3834192462691,11.29,3.45000000000002));
#7060=CARTESIAN_POINT('',(61.7668384925381,13.29,6.25000000000003));
#7061=CARTESIAN_POINT('Origin',(66.616580753731,11.29,3.45000000000003));
#7062=CARTESIAN_POINT('',(63.3834192462691,13.29,3.45000000000002));
#7063=CARTESIAN_POINT('Origin',(65.,13.29,6.25000000000002));
#7064=CARTESIAN_POINT('',(63.85,13.29,6.25000000000001));
#7065=CARTESIAN_POINT('Origin',(65.,13.29,6.25000000000001));
#7066=CARTESIAN_POINT('Origin',(33.383419246269,11.29,32.45));
#7067=CARTESIAN_POINT('',(33.383419246269,13.29,32.45));
#7068=CARTESIAN_POINT('',(33.383419246269,11.29,32.45));
#7069=CARTESIAN_POINT('',(31.7668384925381,13.29,35.25));
#7070=CARTESIAN_POINT('',(31.7668384925381,13.29,35.25));
#7071=CARTESIAN_POINT('',(31.7668384925381,11.29,35.25));
#7072=CARTESIAN_POINT('Origin',(36.616580753731,11.29,32.45));
#7073=CARTESIAN_POINT('',(36.616580753731,13.29,32.45));
#7074=CARTESIAN_POINT('',(36.616580753731,11.29,32.45));
#7075=CARTESIAN_POINT('',(33.383419246269,13.29,32.45));
#7076=CARTESIAN_POINT('Origin',(38.2331615074619,11.29,35.25));
#7077=CARTESIAN_POINT('',(38.2331615074619,13.29,35.25));
#7078=CARTESIAN_POINT('',(38.2331615074619,11.29,35.25));
#7079=CARTESIAN_POINT('',(36.616580753731,13.29,32.45));
#7080=CARTESIAN_POINT('Origin',(36.616580753731,11.29,38.05));
#7081=CARTESIAN_POINT('',(36.616580753731,13.29,38.05));
#7082=CARTESIAN_POINT('',(36.616580753731,11.29,38.05));
#7083=CARTESIAN_POINT('',(38.2331615074619,13.29,35.25));
#7084=CARTESIAN_POINT('Origin',(33.383419246269,11.29,38.05));
#7085=CARTESIAN_POINT('',(33.383419246269,13.29,38.05));
#7086=CARTESIAN_POINT('',(33.383419246269,11.29,38.05));
#7087=CARTESIAN_POINT('',(36.616580753731,13.29,38.05));
#7088=CARTESIAN_POINT('Origin',(31.7668384925381,11.29,35.25));
#7089=CARTESIAN_POINT('',(33.383419246269,13.29,38.05));
#7090=CARTESIAN_POINT('Origin',(35.,13.29,35.25));
#7091=CARTESIAN_POINT('',(33.85,13.29,35.25));
#7092=CARTESIAN_POINT('Origin',(35.,13.29,35.25));
#7093=CARTESIAN_POINT('Origin',(155.,-149.895542564435,6.25));
#7094=CARTESIAN_POINT('',(153.85,1.77635683940025E-14,6.25));
#7095=CARTESIAN_POINT('',(153.85,-149.895542564435,6.25));
#7096=CARTESIAN_POINT('Origin',(155.,1.77635683940025E-14,6.25));
#7097=CARTESIAN_POINT('Origin',(125.,-149.895542564435,6.25));
#7098=CARTESIAN_POINT('',(123.85,-149.895542564435,6.25));
#7099=CARTESIAN_POINT('Origin',(110.,-149.895542564435,6.25000000000001));
#7100=CARTESIAN_POINT('',(108.85,-149.895542564435,6.25000000000001));
#7101=CARTESIAN_POINT('Origin',(95.,-149.895542564435,6.25000000000001));
#7102=CARTESIAN_POINT('',(93.85,-149.895542564435,6.25000000000001));
#7103=CARTESIAN_POINT('Origin',(80.,-149.895542564435,6.25000000000001));
#7104=CARTESIAN_POINT('',(78.85,-149.895542564435,6.25000000000001));
#7105=CARTESIAN_POINT('Origin',(65.,-149.895542564435,6.25000000000001));
#7106=CARTESIAN_POINT('',(63.85,-149.895542564435,6.25000000000001));
#7107=CARTESIAN_POINT('Origin',(50.,-149.895542564435,6.25000000000002));
#7108=CARTESIAN_POINT('',(48.85,-149.895542564435,6.25000000000002));
#7109=CARTESIAN_POINT('Origin',(5.,-149.895542564435,6.25000000000002));
#7110=CARTESIAN_POINT('',(3.85,0.,6.25000000000002));
#7111=CARTESIAN_POINT('',(3.85,-149.895542564435,6.25000000000002));
#7112=CARTESIAN_POINT('Origin',(5.,0.,6.25000000000002));
#7113=CARTESIAN_POINT('Origin',(35.,-149.895542564435,6.25000000000002));
#7114=CARTESIAN_POINT('',(33.85,-149.895542564435,6.25000000000002));
#7115=CARTESIAN_POINT('Origin',(5.,-149.895542564435,35.25));
#7116=CARTESIAN_POINT('',(3.85,0.,35.25));
#7117=CARTESIAN_POINT('',(3.85,-149.895542564435,35.25));
#7118=CARTESIAN_POINT('Origin',(5.,0.,35.25));
#7119=CARTESIAN_POINT('Origin',(35.,-149.895542564435,35.25));
#7120=CARTESIAN_POINT('',(33.85,-149.895542564435,35.25));
#7121=CARTESIAN_POINT('Origin',(50.,-149.895542564435,35.25));
#7122=CARTESIAN_POINT('',(48.85,-149.895542564435,35.25));
#7123=CARTESIAN_POINT('Origin',(65.,-149.895542564435,35.25));
#7124=CARTESIAN_POINT('',(63.85,-149.895542564435,35.25));
#7125=CARTESIAN_POINT('Origin',(80.,-149.895542564435,35.25));
#7126=CARTESIAN_POINT('',(78.85,-149.895542564435,35.25));
#7127=CARTESIAN_POINT('Origin',(95.,-149.895542564435,35.25));
#7128=CARTESIAN_POINT('',(93.85,-149.895542564435,35.25));
#7129=CARTESIAN_POINT('Origin',(110.,-149.895542564435,35.25));
#7130=CARTESIAN_POINT('',(108.85,-149.895542564435,35.25));
#7131=CARTESIAN_POINT('Origin',(125.,-149.895542564435,35.25));
#7132=CARTESIAN_POINT('',(123.85,-149.895542564435,35.25));
#7133=CARTESIAN_POINT('Origin',(155.,-149.895542564435,35.25));
#7134=CARTESIAN_POINT('',(153.85,1.77635683940025E-14,35.25));
#7135=CARTESIAN_POINT('',(153.85,-149.895542564435,35.25));
#7136=CARTESIAN_POINT('Origin',(155.,1.77635683940025E-14,35.25));
#7137=CARTESIAN_POINT('Origin',(4.99999999999999,16.1175,36.5));
#7138=CARTESIAN_POINT('',(5.,0.,41.5));
#7139=CARTESIAN_POINT('Origin',(5.,2.22044604925031E-15,36.5));
#7140=CARTESIAN_POINT('',(4.99999999999999,21.49,41.5));
#7141=CARTESIAN_POINT('',(4.99999999999999,16.1175,41.5));
#7142=CARTESIAN_POINT('Origin',(4.99999999999999,21.49,36.5));
#7143=CARTESIAN_POINT('Origin',(0.,0.,0.));
#7144=CARTESIAN_POINT('',(0.,0.,0.));
#7145=CARTESIAN_POINT('',(0.,0.,41.5));
#7146=CARTESIAN_POINT('Origin',(140.,9.71445146547012E-15,0.));
#7147=CARTESIAN_POINT('',(140.,9.71445146547012E-15,41.5));
#7148=CARTESIAN_POINT('',(140.,9.71445146547012E-15,0.));
#7149=CARTESIAN_POINT('Origin',(80.,10.745,0.));
#7150=CARTESIAN_POINT('',(160.,21.49,0.));
#7151=CARTESIAN_POINT('Origin',(160.,21.49,0.));
#7152=CARTESIAN_POINT('Origin',(20.,21.49,0.));
#7153=CARTESIAN_POINT('',(20.,21.49,41.5));
#7154=CARTESIAN_POINT('Origin',(80.,10.745,41.5));
#7155=UNCERTAINTY_MEASURE_WITH_UNIT(LENGTH_MEASURE(0.01),#7159,
'DISTANCE_ACCURACY_VALUE',
'Maximum model space distance between geometric entities at asserted c
onnectivities');
#7156=UNCERTAINTY_MEASURE_WITH_UNIT(LENGTH_MEASURE(0.01),#7159,
'DISTANCE_ACCURACY_VALUE',
'Maximum model space distance between geometric entities at asserted c
onnectivities');
#7157=(
GEOMETRIC_REPRESENTATION_CONTEXT(3)
GLOBAL_UNCERTAINTY_ASSIGNED_CONTEXT((#7155))
GLOBAL_UNIT_ASSIGNED_CONTEXT((#7159,#7161,#7162))
REPRESENTATION_CONTEXT('','3D')
);
#7158=(
GEOMETRIC_REPRESENTATION_CONTEXT(3)
GLOBAL_UNCERTAINTY_ASSIGNED_CONTEXT((#7156))
GLOBAL_UNIT_ASSIGNED_CONTEXT((#7159,#7161,#7162))
REPRESENTATION_CONTEXT('','3D')
);
#7159=(
LENGTH_UNIT()
NAMED_UNIT(*)
SI_UNIT(.MILLI.,.METRE.)
);
#7160=(
LENGTH_UNIT()
NAMED_UNIT(*)
SI_UNIT(.CENTI.,.METRE.)
);
#7161=(
NAMED_UNIT(*)
PLANE_ANGLE_UNIT()
SI_UNIT($,.RADIAN.)
);
#7162=(
NAMED_UNIT(*)
SI_UNIT($,.STERADIAN.)
SOLID_ANGLE_UNIT()
);
#7163=SHAPE_DEFINITION_REPRESENTATION(#7164,#7165);
#7164=PRODUCT_DEFINITION_SHAPE('',$,#7167);
#7165=SHAPE_REPRESENTATION('',(#4139),#7157);
#7166=PRODUCT_DEFINITION_CONTEXT('part definition',#7171,'design');
#7167=PRODUCT_DEFINITION('Part17','bridge_rails_support',#7168,#7166);
#7168=PRODUCT_DEFINITION_FORMATION('',$,#7173);
#7169=PRODUCT_RELATED_PRODUCT_CATEGORY('bridge_rails_support',
'bridge_rails_support',(#7173));
#7170=APPLICATION_PROTOCOL_DEFINITION('international standard',
'automotive_design',2009,#7171);
#7171=APPLICATION_CONTEXT(
'Core Data for Automotive Mechanical Design Process');
#7172=PRODUCT_CONTEXT('part definition',#7171,'mechanical');
#7173=PRODUCT('Part17','bridge_rails_support',$,(#7172));
#7174=PRESENTATION_STYLE_ASSIGNMENT((#7175));
#7175=SURFACE_STYLE_USAGE(.BOTH.,#7178);
#7176=SURFACE_STYLE_RENDERING_WITH_PROPERTIES($,#7182,(#7177));
#7177=SURFACE_STYLE_TRANSPARENT(0.);
#7178=SURFACE_SIDE_STYLE('',(#7179,#7176));
#7179=SURFACE_STYLE_FILL_AREA(#7180);
#7180=FILL_AREA_STYLE('',(#7181));
#7181=FILL_AREA_STYLE_COLOUR('',#7182);
#7182=COLOUR_RGB('',0.0196078431372549,0.0196078431372549,0.0196078431372549);
ENDSEC;
END-ISO-10303-21;
