ISO-10303-21;
HEADER;
/* Generated by software containing ST-Developer
 * from STEP Tools, Inc. (www.steptools.com) 
 */

FILE_DESCRIPTION(
/* description */ (''),
/* implementation_level */ '2;1');

FILE_NAME(
/* name */ 'cameramount.stp',
/* time_stamp */ '2026-05-04T17:29:08+09:00',
/* author */ ('kshau'),
/* organization */ (''),
/* preprocessor_version */ 'ST-DEVELOPER v20',
/* originating_system */ 'Autodesk Inventor 2024',
/* authorisation */ '');

FILE_SCHEMA (('AUTOMOTIVE_DESIGN { 1 0 10303 214 3 1 1 }'));
ENDSEC;

DATA;
#10=MECHANICAL_DESIGN_GEOMETRIC_PRESENTATION_REPRESENTATION('',(#13),#5175);
#11=SHAPE_REPRESENTATION_RELATIONSHIP('SRR','None',#5182,#12);
#12=ADVANCED_BREP_SHAPE_REPRESENTATION('',(#14),#5174);
#13=STYLED_ITEM('',(#5191),#14);
#14=MANIFOLD_SOLID_BREP('\X2\30BD30EA30C330C9\X0\1',#2491);
#15=ELLIPSE('',#2608,15.6204993518133,10.);
#16=ELLIPSE('',#2609,15.6204993518133,10.);
#17=ELLIPSE('',#2611,16.9705627484771,12.);
#18=ELLIPSE('',#2612,15.6204993518133,10.);
#19=ELLIPSE('',#2641,15.6204993518133,10.);
#20=ELLIPSE('',#2642,15.6204993518133,10.);
#21=ELLIPSE('',#2644,15.6204993518133,10.);
#22=ELLIPSE('',#2645,16.9705627484771,12.);
#23=ELLIPSE('',#2658,1.06417777247591,1.);
#24=ELLIPSE('',#2659,3.06202725051034,3.);
#25=ELLIPSE('',#2663,3.67381513504998,2.);
#26=ELLIPSE('',#2665,2.82842712474619,2.);
#27=ELLIPSE('',#2686,1.06417777247591,1.);
#28=ELLIPSE('',#2688,2.03284882158802,2.);
#29=ELLIPSE('',#2691,2.09189169960299,2.);
#30=ELLIPSE('',#2692,3.06202725051034,3.);
#31=ELLIPSE('',#2694,3.67381513504998,2.);
#32=ELLIPSE('',#2697,2.82842712474619,2.);
#33=ELLIPSE('',#2698,2.03284882158802,2.);
#34=ELLIPSE('',#2702,2.09189169960299,2.);
#35=ELLIPSE('',#2710,4.97936152803545,4.);
#36=ELLIPSE('',#2712,3.57687590319815,2.);
#37=ELLIPSE('',#2715,4.97936152803545,4.);
#38=ELLIPSE('',#2716,3.57687590319815,2.);
#39=ELLIPSE('',#2718,4.97936152803545,4.);
#40=ELLIPSE('',#2719,4.97936152803545,4.);
#41=ELLIPSE('',#2721,3.57687590319815,2.);
#42=ELLIPSE('',#2723,3.57687590319815,2.);
#43=SPHERICAL_SURFACE('',#2581,2.);
#44=SPHERICAL_SURFACE('',#2586,2.);
#45=SPHERICAL_SURFACE('',#2779,2.);
#46=SPHERICAL_SURFACE('',#2782,2.);
#47=SPHERICAL_SURFACE('',#2786,2.);
#48=SPHERICAL_SURFACE('',#2788,2.);
#49=SPHERICAL_SURFACE('',#2792,2.);
#50=SPHERICAL_SURFACE('',#2796,2.);
#51=SPHERICAL_SURFACE('',#2800,1.99999999999999);
#52=SPHERICAL_SURFACE('',#2803,1.99999999999998);
#53=(
BOUNDED_SURFACE()
B_SPLINE_SURFACE(2,2,((#4101,#4102,#4103),(#4104,#4105,#4106),(#4107,#4108,
#4109)),.UNSPECIFIED.,.F.,.F.,.F.)
B_SPLINE_SURFACE_WITH_KNOTS((3,3),(3,3),(-2.01369760875616,-1.5707963267949),
(2.15623598386076,3.14159265358979),.UNSPECIFIED.)
GEOMETRIC_REPRESENTATION_ITEM()
RATIONAL_B_SPLINE_SURFACE(((1.,0.88106920169708,1.),(0.975579849787973,
0.859553359444447,0.975579849787973),(1.,0.88106920169708,1.)))
REPRESENTATION_ITEM('')
SURFACE()
);
#54=(
BOUNDED_SURFACE()
B_SPLINE_SURFACE(2,2,((#4122,#4123,#4124),(#4125,#4126,#4127),(#4128,#4129,
#4130)),.UNSPECIFIED.,.F.,.F.,.F.)
B_SPLINE_SURFACE_WITH_KNOTS((3,3),(3,3),(-2.01369760875616,-1.5707963267949),
(-3.14159265358979,-2.15623598385975),.UNSPECIFIED.)
GEOMETRIC_REPRESENTATION_ITEM()
RATIONAL_B_SPLINE_SURFACE(((1.,0.881069201696842,1.),(0.975579849787967,
0.859553359444209,0.975579849787967),(1.,0.881069201696842,1.)))
REPRESENTATION_ITEM('')
SURFACE()
);
#55=B_SPLINE_SURFACE_WITH_KNOTS('',3,3,((#3786,#3787,#3788,#3789,#3790,
#3791,#3792,#3793,#3794,#3795,#3796,#3797,#3798,#3799,#3800,#3801),(#3802,
#3803,#3804,#3805,#3806,#3807,#3808,#3809,#3810,#3811,#3812,#3813,#3814,
#3815,#3816,#3817),(#3818,#3819,#3820,#3821,#3822,#3823,#3824,#3825,#3826,
#3827,#3828,#3829,#3830,#3831,#3832,#3833),(#3834,#3835,#3836,#3837,#3838,
#3839,#3840,#3841,#3842,#3843,#3844,#3845,#3846,#3847,#3848,#3849),(#3850,
#3851,#3852,#3853,#3854,#3855,#3856,#3857,#3858,#3859,#3860,#3861,#3862,
#3863,#3864,#3865)),.UNSPECIFIED.,.F.,.F.,.F.,(4,1,4),(4,1,1,1,1,1,1,1,
1,1,1,1,1,4),(0.,0.5,1.),(2.77555756156289E-17,0.0572052460195888,0.114410492039178,
0.143013115048972,0.171615738058766,0.200218361068561,0.228820984078355,
0.457641968156711,0.686462952235066,1.14410492039178,1.37292590447013,1.48733639650931,
1.5445416425289,1.60174688854849),.UNSPECIFIED.);
#56=B_SPLINE_SURFACE_WITH_KNOTS('',3,3,((#3939,#3940,#3941,#3942,#3943,
#3944),(#3945,#3946,#3947,#3948,#3949,#3950),(#3951,#3952,#3953,#3954,#3955,
#3956),(#3957,#3958,#3959,#3960,#3961,#3962)),.UNSPECIFIED.,.F.,.F.,.F.,
(4,4),(4,1,1,4),(0.,1.),(0.,0.0186339210765029,0.0372678421530059,0.0652187237677603),
 .UNSPECIFIED.);
#57=B_SPLINE_SURFACE_WITH_KNOTS('',3,3,((#3978,#3979,#3980,#3981,#3982,
#3983),(#3984,#3985,#3986,#3987,#3988,#3989),(#3990,#3991,#3992,#3993,#3994,
#3995),(#3996,#3997,#3998,#3999,#4000,#4001)),.UNSPECIFIED.,.F.,.F.,.F.,
(4,4),(4,2,4),(0.,1.),(0.022765953464995,0.0888878044114257,0.0896350210808287),
 .UNSPECIFIED.);
#58=B_SPLINE_SURFACE_WITH_KNOTS('',3,3,((#4013,#4014,#4015,#4016,#4017,
#4018,#4019,#4020,#4021,#4022),(#4023,#4024,#4025,#4026,#4027,#4028,#4029,
#4030,#4031,#4032),(#4033,#4034,#4035,#4036,#4037,#4038,#4039,#4040,#4041,
#4042),(#4043,#4044,#4045,#4046,#4047,#4048,#4049,#4050,#4051,#4052),(#4053,
#4054,#4055,#4056,#4057,#4058,#4059,#4060,#4061,#4062)),.UNSPECIFIED.,.F.,
 .F.,.F.,(4,1,4),(4,1,1,1,1,1,1,4),(0.198712709313825,0.599356354656912,
1.),(-0.738040613501833,-0.630805595247742,-0.523570576993651,-0.0946305039772863,
0.334309569039078,0.54877960554726,0.656014623801351,0.763249642055442),
 .UNSPECIFIED.);
#59=B_SPLINE_SURFACE_WITH_KNOTS('',3,3,((#4075,#4076,#4077,#4078),(#4079,
#4080,#4081,#4082),(#4083,#4084,#4085,#4086),(#4087,#4088,#4089,#4090)),
 .UNSPECIFIED.,.F.,.F.,.F.,(4,4),(4,4),(0.226381996409112,1.),(-0.051161377726713,
0.),.UNSPECIFIED.);
#60=B_SPLINE_SURFACE_WITH_KNOTS('',3,3,((#4236,#4237,#4238,#4239,#4240),
(#4241,#4242,#4243,#4244,#4245),(#4246,#4247,#4248,#4249,#4250),(#4251,
#4252,#4253,#4254,#4255),(#4256,#4257,#4258,#4259,#4260)),.UNSPECIFIED.,
 .F.,.F.,.F.,(4,1,4),(4,1,4),(0.,0.5,1.),(-1.5707963267949,-1.12199737628207,
-0.785398163397448),.UNSPECIFIED.);
#61=B_SPLINE_SURFACE_WITH_KNOTS('',3,3,((#4267,#4268,#4269,#4270,#4271),
(#4272,#4273,#4274,#4275,#4276),(#4277,#4278,#4279,#4280,#4281),(#4282,
#4283,#4284,#4285,#4286),(#4287,#4288,#4289,#4290,#4291)),.UNSPECIFIED.,
 .F.,.F.,.F.,(4,1,4),(4,1,4),(0.,0.571428571428571,1.),(0.785398163397448,
1.12199737628207,1.5707963267949),.UNSPECIFIED.);
#62=B_SPLINE_SURFACE_WITH_KNOTS('',3,3,((#4348,#4349,#4350,#4351),(#4352,
#4353,#4354,#4355),(#4356,#4357,#4358,#4359),(#4360,#4361,#4362,#4363),
(#4364,#4365,#4366,#4367)),.UNSPECIFIED.,.F.,.F.,.F.,(4,1,4),(4,4),(0.,
0.571428571428571,1.),(1.36802303037571,1.75806902964812),.UNSPECIFIED.);
#63=B_SPLINE_SURFACE_WITH_KNOTS('',3,3,((#4378,#4379,#4380,#4381,#4382,
#4383),(#4384,#4385,#4386,#4387,#4388,#4389),(#4390,#4391,#4392,#4393,#4394,
#4395),(#4396,#4397,#4398,#4399,#4400,#4401),(#4402,#4403,#4404,#4405,#4406,
#4407)),.UNSPECIFIED.,.F.,.F.,.F.,(4,1,4),(4,1,1,4),(0.,0.571428571428571,
1.),(0.200357712393865,0.842934982292592,1.27131982889174,1.69970467549089),
 .UNSPECIFIED.);
#64=B_SPLINE_SURFACE_WITH_KNOTS('',3,3,((#4417,#4418,#4419,#4420,#4421),
(#4422,#4423,#4424,#4425,#4426),(#4427,#4428,#4429,#4430,#4431),(#4432,
#4433,#4434,#4435,#4436),(#4437,#4438,#4439,#4440,#4441)),.UNSPECIFIED.,
 .F.,.F.,.F.,(4,1,4),(4,1,4),(0.,0.5,1.),(-1.5707963267949,-1.12199737628207,
-0.785398163397448),.UNSPECIFIED.);
#65=B_SPLINE_SURFACE_WITH_KNOTS('',3,3,((#4448,#4449,#4450,#4451,#4452),
(#4453,#4454,#4455,#4456,#4457),(#4458,#4459,#4460,#4461,#4462),(#4463,
#4464,#4465,#4466,#4467),(#4468,#4469,#4470,#4471,#4472)),.UNSPECIFIED.,
 .F.,.F.,.F.,(4,1,4),(4,1,4),(0.,0.571428571428571,1.),(0.785398163397449,
1.12199737628207,1.5707963267949),.UNSPECIFIED.);
#66=B_SPLINE_SURFACE_WITH_KNOTS('',3,3,((#4555,#4556,#4557,#4558),(#4559,
#4560,#4561,#4562),(#4563,#4564,#4565,#4566),(#4567,#4568,#4569,#4570),
(#4571,#4572,#4573,#4574)),.UNSPECIFIED.,.F.,.F.,.F.,(4,1,4),(4,4),(0.,
0.571428571428571,1.),(7.61487807320852E-16,0.390045999283006),
 .UNSPECIFIED.);
#67=B_SPLINE_SURFACE_WITH_KNOTS('',3,3,((#4586,#4587,#4588,#4589,#4590,
#4591),(#4592,#4593,#4594,#4595,#4596,#4597),(#4598,#4599,#4600,#4601,#4602,
#4603),(#4604,#4605,#4606,#4607,#4608,#4609),(#4610,#4611,#4612,#4613,#4614,
#4615)),.UNSPECIFIED.,.F.,.F.,.F.,(4,1,4),(4,1,1,4),(0.,0.571428571428571,
1.),(0.200908319014558,0.844039299189435,1.27279328597269,1.70154727275594),
 .UNSPECIFIED.);
#68=B_SPLINE_SURFACE_WITH_KNOTS('',3,3,((#4659,#4660,#4661,#4662),(#4663,
#4664,#4665,#4666),(#4667,#4668,#4669,#4670),(#4671,#4672,#4673,#4674),
(#4675,#4676,#4677,#4678),(#4679,#4680,#4681,#4682)),.UNSPECIFIED.,.F.,
 .F.,.F.,(4,1,1,4),(4,4),(0.,0.285714285714286,0.571428571428571,1.),(-1.5707963267949,
-0.768998539352026),.UNSPECIFIED.);
#69=B_SPLINE_SURFACE_WITH_KNOTS('',3,3,((#4711,#4712,#4713,#4714,#4715),
(#4716,#4717,#4718,#4719,#4720),(#4721,#4722,#4723,#4724,#4725),(#4726,
#4727,#4728,#4729,#4730),(#4731,#4732,#4733,#4734,#4735),(#4736,#4737,#4738,
#4739,#4740)),.UNSPECIFIED.,.F.,.F.,.F.,(4,1,1,4),(4,1,4),(0.,0.285714285714286,
0.571428571428571,1.),(-1.5707963267949,-0.897597901025661,-4.44089209850063E-15),
 .UNSPECIFIED.);
#70=B_SPLINE_SURFACE_WITH_KNOTS('',3,3,((#4766,#4767,#4768,#4769),(#4770,
#4771,#4772,#4773),(#4774,#4775,#4776,#4777),(#4778,#4779,#4780,#4781),
(#4782,#4783,#4784,#4785),(#4786,#4787,#4788,#4789)),.UNSPECIFIED.,.F.,
 .F.,.F.,(4,1,1,4),(4,4),(0.,0.285714285714286,0.571428571428571,1.),(0.768998539352025,
1.5707963267949),.UNSPECIFIED.);
#71=B_SPLINE_SURFACE_WITH_KNOTS('',3,3,((#4797,#4798,#4799,#4800,#4801),
(#4802,#4803,#4804,#4805,#4806),(#4807,#4808,#4809,#4810,#4811),(#4812,
#4813,#4814,#4815,#4816),(#4817,#4818,#4819,#4820,#4821),(#4822,#4823,#4824,
#4825,#4826)),.UNSPECIFIED.,.F.,.F.,.F.,(4,1,1,4),(4,1,4),(0.,0.285714285714286,
0.571428571428571,1.),(-1.5707963267949,-0.897597901025659,-1.33226762955019E-15),
 .UNSPECIFIED.);
#72=B_SPLINE_SURFACE_WITH_KNOTS('',3,3,((#4851,#4852,#4853,#4854),(#4855,
#4856,#4857,#4858),(#4859,#4860,#4861,#4862),(#4863,#4864,#4865,#4866),
(#4867,#4868,#4869,#4870)),.UNSPECIFIED.,.F.,.F.,.F.,(4,1,4),(4,4),(0.,
0.5,1.),(-5.55111512312578E-17,0.574331795364582),.UNSPECIFIED.);
#73=B_SPLINE_SURFACE_WITH_KNOTS('',3,3,((#4885,#4886,#4887,#4888,#4889),
(#4890,#4891,#4892,#4893,#4894),(#4895,#4896,#4897,#4898,#4899),(#4900,
#4901,#4902,#4903,#4904),(#4905,#4906,#4907,#4908,#4909)),.UNSPECIFIED.,
 .F.,.F.,.F.,(4,1,4),(4,1,4),(0.,0.571428571428571,1.),(0.574331795364583,
1.00138802312043,1.5707963267949),.UNSPECIFIED.);
#74=B_SPLINE_SURFACE_WITH_KNOTS('',3,3,((#4918,#4919,#4920,#4921),(#4922,
#4923,#4924,#4925),(#4926,#4927,#4928,#4929),(#4930,#4931,#4932,#4933),
(#4934,#4935,#4936,#4937)),.UNSPECIFIED.,.F.,.F.,.F.,(4,1,4),(4,4),(0.,
0.5,1.),(-3.99573868480707E-65,0.574331795364583),.UNSPECIFIED.);
#75=B_SPLINE_SURFACE_WITH_KNOTS('',3,3,((#4943,#4944,#4945,#4946,#4947),
(#4948,#4949,#4950,#4951,#4952),(#4953,#4954,#4955,#4956,#4957),(#4958,
#4959,#4960,#4961,#4962),(#4963,#4964,#4965,#4966,#4967)),.UNSPECIFIED.,
 .F.,.F.,.F.,(4,1,4),(4,1,4),(0.,0.571428571428571,1.),(0.574331795364583,
1.00138802312043,1.5707963267949),.UNSPECIFIED.);
#76=B_SPLINE_CURVE_WITH_KNOTS('',3,(#3749,#3750,#3751,#3752),
 .UNSPECIFIED.,.F.,.F.,(4,4),(0.,0.0204155624049504),.UNSPECIFIED.);
#77=B_SPLINE_CURVE_WITH_KNOTS('',3,(#3756,#3757,#3758,#3759,#3760,#3761,
#3762,#3763,#3764,#3765,#3766,#3767,#3768,#3769),.UNSPECIFIED.,.F.,.F.,
(4,2,2,2,2,2,4),(0.457220687492045,0.615724926250642,0.682039372053304,
0.748353817855966,0.772709154103208,0.784886822226829,0.79706449035045),
 .UNSPECIFIED.);
#78=B_SPLINE_CURVE_WITH_KNOTS('',3,(#3772,#3773,#3774,#3775,#3776,#3777,
#3778,#3779,#3780,#3781,#3782,#3783),.UNSPECIFIED.,.F.,.F.,(4,2,2,2,2,4),
(-0.777926366490075,-0.772709154103207,-0.748353817855965,-0.682039372053303,
-0.615724926250642,-0.457220687492044),.UNSPECIFIED.);
#79=B_SPLINE_CURVE_WITH_KNOTS('',3,(#3868,#3869,#3870,#3871,#3872,#3873,
#3874,#3875,#3876,#3877,#3878,#3879,#3880,#3881,#3882,#3883,#3884,#3885,
#3886,#3887,#3888,#3889,#3890,#3891,#3892,#3893,#3894,#3895,#3896,#3897,
#3898,#3899,#3900,#3901,#3902,#3903,#3904),.UNSPECIFIED.,.F.,.F.,(4,3,3,
3,3,3,3,3,3,3,3,3,4),(0.,0.00470152853288856,0.0113639053431136,0.0178978264447198,
0.0212717069677039,0.0289212509125198,0.032087346132485,0.0411045188558754,
0.0501218763405558,0.0592240133138316,0.0685734629423,0.0748602944504048,
0.0754498456228803),.UNSPECIFIED.);
#80=B_SPLINE_CURVE_WITH_KNOTS('',3,(#3906,#3907,#3908,#3909,#3910,#3911,
#3912,#3913,#3914,#3915,#3916,#3917,#3918,#3919,#3920),.UNSPECIFIED.,.F.,
 .F.,(4,1,1,1,1,1,1,1,1,1,1,1,4),(0.0759656678368522,0.114410492039178,
0.143013115048972,0.171615738058766,0.200218361068561,0.228820984078355,
0.457641968156711,0.686462952235066,1.14410492039178,1.37292590447013,1.48733639650931,
1.5445416425289,1.60174688854849),.UNSPECIFIED.);
#81=B_SPLINE_CURVE_WITH_KNOTS('',3,(#3923,#3924,#3925,#3926,#3927,#3928,
#3929,#3930,#3931,#3932,#3933,#3934,#3935,#3936,#3937,#3938),
 .UNSPECIFIED.,.F.,.F.,(4,1,1,1,1,1,1,1,1,1,1,1,1,4),(-1.60174688854849,
-1.5445416425289,-1.48733639650931,-1.37292590447013,-1.14410492039178,
-0.686462952235066,-0.457641968156711,-0.228820984078355,-0.200218361068561,
-0.171615738058766,-0.143013115048972,-0.114410492039178,-0.0572052460195888,
-2.77555756156289E-17),.UNSPECIFIED.);
#82=B_SPLINE_CURVE_WITH_KNOTS('',3,(#3966,#3967,#3968,#3969,#3970,#3971),
 .UNSPECIFIED.,.F.,.F.,(4,1,1,4),(-0.0652187237677603,-0.0372678421530059,
-0.0186339210765029,0.),.UNSPECIFIED.);
#83=B_SPLINE_CURVE_WITH_KNOTS('',3,(#3972,#3973,#3974,#3975,#3976,#3977),
 .UNSPECIFIED.,.F.,.F.,(4,1,1,4),(0.,0.0186339210765029,0.0372678421530059,
0.0652187237677603),.UNSPECIFIED.);
#84=B_SPLINE_CURVE_WITH_KNOTS('',3,(#4004,#4005,#4006,#4007,#4008,#4009),
 .UNSPECIFIED.,.F.,.F.,(4,2,4),(-0.0896350210808287,-0.0888878044114257,
-0.022765953464995),.UNSPECIFIED.);
#85=B_SPLINE_CURVE_WITH_KNOTS('',3,(#4065,#4066,#4067,#4068,#4069,#4070,
#4071,#4072,#4073,#4074),.UNSPECIFIED.,.F.,.F.,(4,1,1,1,1,1,1,4),(-0.738040613501833,
-0.630805595247742,-0.523570576993651,-0.0946305039772863,0.334309569039078,
0.54877960554726,0.656014623801351,0.715890985574701),.UNSPECIFIED.);
#86=B_SPLINE_CURVE_WITH_KNOTS('',3,(#4091,#4092,#4093,#4094),
 .UNSPECIFIED.,.F.,.F.,(4,4),(-0.0125562894078611,0.),.UNSPECIFIED.);
#87=B_SPLINE_CURVE_WITH_KNOTS('',3,(#4110,#4111,#4112,#4113,#4114,#4115,
#4116,#4117,#4118,#4119,#4120,#4121),.UNSPECIFIED.,.F.,.F.,(4,2,2,2,2,4),
(-0.000382351777043958,0.,0.0549967539960605,0.11037246478037,0.220211170875722,
0.221218874948302),.UNSPECIFIED.);
#88=B_SPLINE_CURVE_WITH_KNOTS('',3,(#4131,#4132,#4133,#4134,#4135,#4136,
#4137,#4138,#4139,#4140),.UNSPECIFIED.,.F.,.F.,(4,2,2,2,4),(-0.00100823781730289,
0.,0.109896883786137,0.220437652865888,0.220820476063636),.UNSPECIFIED.);
#89=B_SPLINE_CURVE_WITH_KNOTS('',3,(#4329,#4330,#4331,#4332,#4333,#4334),
 .UNSPECIFIED.,.F.,.F.,(4,1,1,4),(-1.69970467549089,-1.27131982889174,-0.842934982292592,
-0.200357712393865),.UNSPECIFIED.);
#90=B_SPLINE_CURVE_WITH_KNOTS('',3,(#4370,#4371,#4372,#4373),
 .UNSPECIFIED.,.F.,.F.,(4,4),(1.36802303037571,1.75806902964812),
 .UNSPECIFIED.);
#91=B_SPLINE_CURVE_WITH_KNOTS('',3,(#4374,#4375,#4376,#4377),
 .UNSPECIFIED.,.F.,.F.,(4,4),(-1.75806902964812,-1.36802303037571),
 .UNSPECIFIED.);
#92=B_SPLINE_CURVE_WITH_KNOTS('',3,(#4410,#4411,#4412,#4413,#4414,#4415),
 .UNSPECIFIED.,.F.,.F.,(4,1,1,4),(0.200357712393865,0.842934982292592,1.27131982889174,
1.69970467549089),.UNSPECIFIED.);
#93=B_SPLINE_CURVE_WITH_KNOTS('',3,(#4508,#4509,#4510,#4511,#4512,#4513,
#4514,#4515,#4516,#4517,#4518,#4519),.UNSPECIFIED.,.F.,.F.,(4,2,2,2,2,4),
(-0.192947984712478,-0.192407677445947,-0.152849443926992,-0.110570655244641,
-0.0723444223470268,-0.0458589469521299),.UNSPECIFIED.);
#94=B_SPLINE_CURVE_WITH_KNOTS('',3,(#4525,#4526,#4527,#4528,#4529,#4530),
 .UNSPECIFIED.,.F.,.F.,(4,2,4),(0.,0.0327613647979189,0.0505286613768296),
 .UNSPECIFIED.);
#95=B_SPLINE_CURVE_WITH_KNOTS('',3,(#4578,#4579,#4580,#4581),
 .UNSPECIFIED.,.F.,.F.,(4,4),(-0.390045999283006,-7.61487807320852E-16),
 .UNSPECIFIED.);
#96=B_SPLINE_CURVE_WITH_KNOTS('',3,(#4582,#4583,#4584,#4585),
 .UNSPECIFIED.,.F.,.F.,(4,4),(7.61487807320852E-16,0.390045999283006),
 .UNSPECIFIED.);
#97=B_SPLINE_CURVE_WITH_KNOTS('',3,(#4619,#4620,#4621,#4622,#4623,#4624),
 .UNSPECIFIED.,.F.,.F.,(4,1,1,4),(0.200908319014558,0.844039299189435,1.27279328597269,
1.70154727275594),.UNSPECIFIED.);
#98=B_SPLINE_CURVE_WITH_KNOTS('',3,(#4625,#4626,#4627,#4628,#4629,#4630),
 .UNSPECIFIED.,.F.,.F.,(4,1,1,4),(-1.70154727275594,-1.27279328597269,-0.844039299189435,
-0.200908319014558),.UNSPECIFIED.);
#99=B_SPLINE_CURVE_WITH_KNOTS('',3,(#4646,#4647,#4648,#4649,#4650,#4651,
#4652,#4653,#4654,#4655,#4656,#4657),.UNSPECIFIED.,.F.,.F.,(4,2,2,2,2,4),
(-0.000543955932327428,0.,0.0398253681339462,0.0823896631934099,0.120874035777747,
0.147538366157895),.UNSPECIFIED.);
#100=B_SPLINE_CURVE_WITH_KNOTS('',3,(#4689,#4690,#4691,#4692,#4693,#4694,
#4695,#4696,#4697,#4698,#4699,#4700,#4701,#4702,#4703,#4704),
 .UNSPECIFIED.,.F.,.F.,(4,3,3,3,3,4),(0.537132152647013,0.554093834626158,
0.575116431531439,0.592723568244375,0.614897689836633,0.63481955688994),
 .UNSPECIFIED.);
#101=B_SPLINE_CURVE_WITH_KNOTS('',3,(#4742,#4743,#4744,#4745,#4746,#4747,
#4748,#4749,#4750,#4751),.UNSPECIFIED.,.F.,.F.,(4,2,2,2,4),(0.,0.0489424207118516,
0.102498482526983,0.173276962100429,0.173716902237237),.UNSPECIFIED.);
#102=B_SPLINE_CURVE_WITH_KNOTS('',3,(#4828,#4829,#4830,#4831,#4832,#4833,
#4834,#4835),.UNSPECIFIED.,.F.,.F.,(4,2,2,4),(-0.000759789504317486,0.,
0.214706000937241,0.30288240735649),.UNSPECIFIED.);
#103=B_SPLINE_CURVE_WITH_KNOTS('',3,(#5041,#5042,#5043,#5044,#5045,#5046,
#5047,#5048,#5049,#5050,#5051,#5052,#5053,#5054),.UNSPECIFIED.,.F.,.F.,
(4,2,2,2,2,2,4),(-0.00245257764983339,0.,0.32288924510695,0.617106969004855,
0.911324692902706,1.23421393804433,1.23666651570716),.UNSPECIFIED.);
#104=B_SPLINE_CURVE_WITH_KNOTS('',3,(#5069,#5070,#5071,#5072,#5073,#5074,
#5075,#5076,#5077,#5078,#5079,#5080,#5081,#5082),.UNSPECIFIED.,.F.,.F.,
(4,2,2,2,2,2,4),(-0.00245257764821962,0.,0.322889245069874,0.61710696890296,
0.911324692736068,1.23421393779546,1.23666651544649),.UNSPECIFIED.);
#105=FACE_BOUND('',#522,.T.);
#106=FACE_BOUND('',#523,.T.);
#107=FACE_BOUND('',#524,.T.);
#108=FACE_BOUND('',#526,.T.);
#109=FACE_BOUND('',#531,.T.);
#110=FACE_BOUND('',#533,.T.);
#111=FACE_BOUND('',#553,.T.);
#112=FACE_BOUND('',#554,.T.);
#113=FACE_BOUND('',#580,.T.);
#114=FACE_BOUND('',#619,.T.);
#115=FACE_BOUND('',#633,.T.);
#116=FACE_BOUND('',#636,.T.);
#117=FACE_BOUND('',#637,.T.);
#118=FACE_BOUND('',#638,.T.);
#119=FACE_BOUND('',#639,.T.);
#120=TOROIDAL_SURFACE('',#2521,12.,2.);
#121=TOROIDAL_SURFACE('',#2527,12.,2.);
#122=TOROIDAL_SURFACE('',#2533,12.,2.);
#123=TOROIDAL_SURFACE('',#2539,12.,2.);
#124=TOROIDAL_SURFACE('',#2615,4.,2.);
#125=TOROIDAL_SURFACE('',#2620,3.,2.);
#126=TOROIDAL_SURFACE('',#2629,3.,2.);
#127=TOROIDAL_SURFACE('',#2634,22.,2.);
#128=TOROIDAL_SURFACE('',#2639,12.,10.);
#129=TOROIDAL_SURFACE('',#2648,4.,2.);
#130=TOROIDAL_SURFACE('',#2653,3.,2.);
#131=TOROIDAL_SURFACE('',#2669,3.,2.);
#132=TOROIDAL_SURFACE('',#2674,22.,2.);
#133=TOROIDAL_SURFACE('',#2684,12.,10.);
#134=TOROIDAL_SURFACE('',#2728,8.,2.);
#135=TOROIDAL_SURFACE('',#2733,8.,2.);
#136=TOROIDAL_SURFACE('',#2759,16.7,2.);
#137=TOROIDAL_SURFACE('',#2767,16.7,2.);
#138=CIRCLE('',#2519,2.);
#139=CIRCLE('',#2520,2.);
#140=CIRCLE('',#2522,2.);
#141=CIRCLE('',#2523,12.);
#142=CIRCLE('',#2524,10.);
#143=CIRCLE('',#2526,2.);
#144=CIRCLE('',#2528,2.);
#145=CIRCLE('',#2529,12.);
#146=CIRCLE('',#2530,10.);
#147=CIRCLE('',#2532,2.);
#148=CIRCLE('',#2534,1.99999999999999);
#149=CIRCLE('',#2535,12.);
#150=CIRCLE('',#2536,10.);
#151=CIRCLE('',#2538,1.99999999999999);
#152=CIRCLE('',#2540,10.);
#153=CIRCLE('',#2541,12.);
#154=CIRCLE('',#2543,10.);
#155=CIRCLE('',#2546,10.);
#156=CIRCLE('',#2549,2.1);
#157=CIRCLE('',#2550,2.1);
#158=CIRCLE('',#2552,2.14281304202664);
#159=CIRCLE('',#2553,2.14281304202663);
#160=CIRCLE('',#2555,10.);
#161=CIRCLE('',#2557,10.);
#162=CIRCLE('',#2560,14.7);
#163=CIRCLE('',#2561,2.1);
#164=CIRCLE('',#2563,14.7);
#165=CIRCLE('',#2564,2.1);
#166=CIRCLE('',#2567,20.);
#167=CIRCLE('',#2568,1.);
#168=CIRCLE('',#2569,1.);
#169=CIRCLE('',#2571,2.);
#170=CIRCLE('',#2573,5.);
#171=CIRCLE('',#2574,5.);
#172=CIRCLE('',#2576,2.);
#173=CIRCLE('',#2577,2.);
#174=CIRCLE('',#2579,2.);
#175=CIRCLE('',#2580,2.);
#176=CIRCLE('',#2582,1.99999999999999);
#177=CIRCLE('',#2584,2.);
#178=CIRCLE('',#2585,2.);
#179=CIRCLE('',#2587,1.99999999999999);
#180=CIRCLE('',#2589,3.);
#181=CIRCLE('',#2590,22.);
#182=CIRCLE('',#2591,12.);
#183=CIRCLE('',#2592,4.);
#184=CIRCLE('',#2593,3.);
#185=CIRCLE('',#2595,1.99999999999999);
#186=CIRCLE('',#2597,1.35);
#187=CIRCLE('',#2598,1.35);
#188=CIRCLE('',#2600,2.);
#189=CIRCLE('',#2602,3.);
#190=CIRCLE('',#2603,4.);
#191=CIRCLE('',#2604,12.);
#192=CIRCLE('',#2605,22.);
#193=CIRCLE('',#2606,3.);
#194=CIRCLE('',#2607,2.);
#195=CIRCLE('',#2610,2.00000000000001);
#196=CIRCLE('',#2614,2.);
#197=CIRCLE('',#2616,2.);
#198=CIRCLE('',#2617,2.);
#199=CIRCLE('',#2619,2.);
#200=CIRCLE('',#2621,2.);
#201=CIRCLE('',#2622,1.);
#202=CIRCLE('',#2624,2.);
#203=CIRCLE('',#2626,2.);
#204=CIRCLE('',#2628,9.99999999999999);
#205=CIRCLE('',#2630,2.);
#206=CIRCLE('',#2631,1.);
#207=CIRCLE('',#2633,2.);
#208=CIRCLE('',#2635,2.00000000000001);
#209=CIRCLE('',#2636,20.);
#210=CIRCLE('',#2637,2.);
#211=CIRCLE('',#2638,2.);
#212=CIRCLE('',#2640,2.);
#213=CIRCLE('',#2643,2.);
#214=CIRCLE('',#2647,2.00000000000001);
#215=CIRCLE('',#2649,2.);
#216=CIRCLE('',#2650,2.);
#217=CIRCLE('',#2652,2.);
#218=CIRCLE('',#2654,2.);
#219=CIRCLE('',#2655,1.);
#220=CIRCLE('',#2660,1.35);
#221=CIRCLE('',#2668,10.);
#222=CIRCLE('',#2670,2.00000000000001);
#223=CIRCLE('',#2671,1.);
#224=CIRCLE('',#2673,2.);
#225=CIRCLE('',#2675,2.);
#226=CIRCLE('',#2676,20.);
#227=CIRCLE('',#2677,2.);
#228=CIRCLE('',#2678,2.);
#229=CIRCLE('',#2683,10.);
#230=CIRCLE('',#2687,1.);
#231=CIRCLE('',#2690,1.);
#232=CIRCLE('',#2696,2.);
#233=CIRCLE('',#2699,1.00000000000001);
#234=CIRCLE('',#2701,0.999999999999996);
#235=CIRCLE('',#2704,2.);
#236=CIRCLE('',#2706,8.);
#237=CIRCLE('',#2708,2.);
#238=CIRCLE('',#2709,2.);
#239=CIRCLE('',#2711,2.);
#240=CIRCLE('',#2714,2.);
#241=CIRCLE('',#2720,2.);
#242=CIRCLE('',#2722,2.);
#243=CIRCLE('',#2725,2.);
#244=CIRCLE('',#2727,2.);
#245=CIRCLE('',#2730,2.);
#246=CIRCLE('',#2731,2.);
#247=CIRCLE('',#2734,2.);
#248=CIRCLE('',#2735,10.);
#249=CIRCLE('',#2736,8.);
#250=CIRCLE('',#2738,2.);
#251=CIRCLE('',#2745,1.35);
#252=CIRCLE('',#2747,1.35);
#253=CIRCLE('',#2749,1.35);
#254=CIRCLE('',#2750,1.35);
#255=CIRCLE('',#2752,1.35);
#256=CIRCLE('',#2754,2.);
#257=CIRCLE('',#2755,2.);
#258=CIRCLE('',#2760,16.7);
#259=CIRCLE('',#2761,2.);
#260=CIRCLE('',#2762,14.7);
#261=CIRCLE('',#2763,2.);
#262=CIRCLE('',#2764,16.7);
#263=CIRCLE('',#2766,2.);
#264=CIRCLE('',#2768,16.7);
#265=CIRCLE('',#2769,14.7);
#266=CIRCLE('',#2770,2.);
#267=CIRCLE('',#2771,16.7);
#268=CIRCLE('',#2777,2.);
#269=CIRCLE('',#2778,2.);
#270=CIRCLE('',#2780,1.99999999999999);
#271=CIRCLE('',#2781,2.);
#272=CIRCLE('',#2783,2.);
#273=CIRCLE('',#2784,2.);
#274=CIRCLE('',#2785,2.00000000000001);
#275=CIRCLE('',#2787,2.);
#276=CIRCLE('',#2789,1.99999999999999);
#277=CIRCLE('',#2790,2.);
#278=CIRCLE('',#2791,2.);
#279=CIRCLE('',#2793,1.99999999999999);
#280=CIRCLE('',#2794,2.);
#281=CIRCLE('',#2795,2.);
#282=CIRCLE('',#2797,2.);
#283=CIRCLE('',#2798,2.);
#284=CIRCLE('',#2801,1.99999999999999);
#285=CIRCLE('',#2802,2.);
#286=CIRCLE('',#2804,1.99999999999998);
#287=CIRCLE('',#2805,2.);
#288=CYLINDRICAL_SURFACE('',#2518,2.);
#289=CYLINDRICAL_SURFACE('',#2525,2.);
#290=CYLINDRICAL_SURFACE('',#2531,2.);
#291=CYLINDRICAL_SURFACE('',#2537,2.);
#292=CYLINDRICAL_SURFACE('',#2542,10.);
#293=CYLINDRICAL_SURFACE('',#2545,10.);
#294=CYLINDRICAL_SURFACE('',#2554,10.);
#295=CYLINDRICAL_SURFACE('',#2556,10.);
#296=CYLINDRICAL_SURFACE('',#2565,1.);
#297=CYLINDRICAL_SURFACE('',#2572,5.);
#298=CYLINDRICAL_SURFACE('',#2575,2.);
#299=CYLINDRICAL_SURFACE('',#2578,2.);
#300=CYLINDRICAL_SURFACE('',#2583,2.);
#301=CYLINDRICAL_SURFACE('',#2594,2.);
#302=CYLINDRICAL_SURFACE('',#2599,2.);
#303=CYLINDRICAL_SURFACE('',#2613,2.);
#304=CYLINDRICAL_SURFACE('',#2618,2.);
#305=CYLINDRICAL_SURFACE('',#2623,2.);
#306=CYLINDRICAL_SURFACE('',#2627,10.);
#307=CYLINDRICAL_SURFACE('',#2632,2.);
#308=CYLINDRICAL_SURFACE('',#2646,2.);
#309=CYLINDRICAL_SURFACE('',#2651,2.);
#310=CYLINDRICAL_SURFACE('',#2656,2.);
#311=CYLINDRICAL_SURFACE('',#2661,1.);
#312=CYLINDRICAL_SURFACE('',#2664,2.);
#313=CYLINDRICAL_SURFACE('',#2667,10.);
#314=CYLINDRICAL_SURFACE('',#2672,2.);
#315=CYLINDRICAL_SURFACE('',#2679,20.);
#316=CYLINDRICAL_SURFACE('',#2681,1.);
#317=CYLINDRICAL_SURFACE('',#2682,10.);
#318=CYLINDRICAL_SURFACE('',#2685,1.);
#319=CYLINDRICAL_SURFACE('',#2689,1.);
#320=CYLINDRICAL_SURFACE('',#2695,2.);
#321=CYLINDRICAL_SURFACE('',#2700,1.);
#322=CYLINDRICAL_SURFACE('',#2703,2.);
#323=CYLINDRICAL_SURFACE('',#2707,2.);
#324=CYLINDRICAL_SURFACE('',#2713,2.);
#325=CYLINDRICAL_SURFACE('',#2724,2.);
#326=CYLINDRICAL_SURFACE('',#2726,2.);
#327=CYLINDRICAL_SURFACE('',#2729,2.);
#328=CYLINDRICAL_SURFACE('',#2737,2.);
#329=CYLINDRICAL_SURFACE('',#2739,2.);
#330=CYLINDRICAL_SURFACE('',#2741,2.);
#331=CYLINDRICAL_SURFACE('',#2743,10.);
#332=CYLINDRICAL_SURFACE('',#2744,1.35);
#333=CYLINDRICAL_SURFACE('',#2746,1.35);
#334=CYLINDRICAL_SURFACE('',#2748,1.35);
#335=CYLINDRICAL_SURFACE('',#2751,1.35);
#336=CYLINDRICAL_SURFACE('',#2753,2.);
#337=CYLINDRICAL_SURFACE('',#2765,2.);
#338=CYLINDRICAL_SURFACE('',#2772,2.);
#339=CYLINDRICAL_SURFACE('',#2773,14.7);
#340=CYLINDRICAL_SURFACE('',#2776,2.);
#341=CYLINDRICAL_SURFACE('',#2799,2.);
#342=CYLINDRICAL_SURFACE('',#2806,2.);
#343=CYLINDRICAL_SURFACE('',#2807,2.);
#344=CYLINDRICAL_SURFACE('',#2808,2.);
#345=CYLINDRICAL_SURFACE('',#2809,2.);
#346=CYLINDRICAL_SURFACE('',#2810,2.);
#347=CYLINDRICAL_SURFACE('',#2811,2.);
#348=CYLINDRICAL_SURFACE('',#2812,2.);
#349=CYLINDRICAL_SURFACE('',#2813,2.);
#350=CYLINDRICAL_SURFACE('',#2818,2.1);
#351=CYLINDRICAL_SURFACE('',#2819,2.1);
#352=CYLINDRICAL_SURFACE('',#2820,14.7);
#353=FACE_OUTER_BOUND('',#505,.T.);
#354=FACE_OUTER_BOUND('',#506,.T.);
#355=FACE_OUTER_BOUND('',#507,.T.);
#356=FACE_OUTER_BOUND('',#508,.T.);
#357=FACE_OUTER_BOUND('',#509,.T.);
#358=FACE_OUTER_BOUND('',#510,.T.);
#359=FACE_OUTER_BOUND('',#511,.T.);
#360=FACE_OUTER_BOUND('',#512,.T.);
#361=FACE_OUTER_BOUND('',#513,.T.);
#362=FACE_OUTER_BOUND('',#514,.T.);
#363=FACE_OUTER_BOUND('',#515,.T.);
#364=FACE_OUTER_BOUND('',#516,.T.);
#365=FACE_OUTER_BOUND('',#517,.T.);
#366=FACE_OUTER_BOUND('',#518,.T.);
#367=FACE_OUTER_BOUND('',#519,.T.);
#368=FACE_OUTER_BOUND('',#520,.T.);
#369=FACE_OUTER_BOUND('',#521,.T.);
#370=FACE_OUTER_BOUND('',#525,.T.);
#371=FACE_OUTER_BOUND('',#527,.T.);
#372=FACE_OUTER_BOUND('',#528,.T.);
#373=FACE_OUTER_BOUND('',#529,.T.);
#374=FACE_OUTER_BOUND('',#530,.T.);
#375=FACE_OUTER_BOUND('',#532,.T.);
#376=FACE_OUTER_BOUND('',#534,.T.);
#377=FACE_OUTER_BOUND('',#535,.T.);
#378=FACE_OUTER_BOUND('',#536,.T.);
#379=FACE_OUTER_BOUND('',#537,.T.);
#380=FACE_OUTER_BOUND('',#538,.T.);
#381=FACE_OUTER_BOUND('',#539,.T.);
#382=FACE_OUTER_BOUND('',#540,.T.);
#383=FACE_OUTER_BOUND('',#541,.T.);
#384=FACE_OUTER_BOUND('',#542,.T.);
#385=FACE_OUTER_BOUND('',#543,.T.);
#386=FACE_OUTER_BOUND('',#544,.T.);
#387=FACE_OUTER_BOUND('',#545,.T.);
#388=FACE_OUTER_BOUND('',#546,.T.);
#389=FACE_OUTER_BOUND('',#547,.T.);
#390=FACE_OUTER_BOUND('',#548,.T.);
#391=FACE_OUTER_BOUND('',#549,.T.);
#392=FACE_OUTER_BOUND('',#550,.T.);
#393=FACE_OUTER_BOUND('',#551,.T.);
#394=FACE_OUTER_BOUND('',#552,.T.);
#395=FACE_OUTER_BOUND('',#555,.T.);
#396=FACE_OUTER_BOUND('',#556,.T.);
#397=FACE_OUTER_BOUND('',#557,.T.);
#398=FACE_OUTER_BOUND('',#558,.T.);
#399=FACE_OUTER_BOUND('',#559,.T.);
#400=FACE_OUTER_BOUND('',#560,.T.);
#401=FACE_OUTER_BOUND('',#561,.T.);
#402=FACE_OUTER_BOUND('',#562,.T.);
#403=FACE_OUTER_BOUND('',#563,.T.);
#404=FACE_OUTER_BOUND('',#564,.T.);
#405=FACE_OUTER_BOUND('',#565,.T.);
#406=FACE_OUTER_BOUND('',#566,.T.);
#407=FACE_OUTER_BOUND('',#567,.T.);
#408=FACE_OUTER_BOUND('',#568,.T.);
#409=FACE_OUTER_BOUND('',#569,.T.);
#410=FACE_OUTER_BOUND('',#570,.T.);
#411=FACE_OUTER_BOUND('',#571,.T.);
#412=FACE_OUTER_BOUND('',#572,.T.);
#413=FACE_OUTER_BOUND('',#573,.T.);
#414=FACE_OUTER_BOUND('',#574,.T.);
#415=FACE_OUTER_BOUND('',#575,.T.);
#416=FACE_OUTER_BOUND('',#576,.T.);
#417=FACE_OUTER_BOUND('',#577,.T.);
#418=FACE_OUTER_BOUND('',#578,.T.);
#419=FACE_OUTER_BOUND('',#579,.T.);
#420=FACE_OUTER_BOUND('',#581,.T.);
#421=FACE_OUTER_BOUND('',#582,.T.);
#422=FACE_OUTER_BOUND('',#583,.T.);
#423=FACE_OUTER_BOUND('',#584,.T.);
#424=FACE_OUTER_BOUND('',#585,.T.);
#425=FACE_OUTER_BOUND('',#586,.T.);
#426=FACE_OUTER_BOUND('',#587,.T.);
#427=FACE_OUTER_BOUND('',#588,.T.);
#428=FACE_OUTER_BOUND('',#589,.T.);
#429=FACE_OUTER_BOUND('',#590,.T.);
#430=FACE_OUTER_BOUND('',#591,.T.);
#431=FACE_OUTER_BOUND('',#592,.T.);
#432=FACE_OUTER_BOUND('',#593,.T.);
#433=FACE_OUTER_BOUND('',#594,.T.);
#434=FACE_OUTER_BOUND('',#595,.T.);
#435=FACE_OUTER_BOUND('',#596,.T.);
#436=FACE_OUTER_BOUND('',#597,.T.);
#437=FACE_OUTER_BOUND('',#598,.T.);
#438=FACE_OUTER_BOUND('',#599,.T.);
#439=FACE_OUTER_BOUND('',#600,.T.);
#440=FACE_OUTER_BOUND('',#601,.T.);
#441=FACE_OUTER_BOUND('',#602,.T.);
#442=FACE_OUTER_BOUND('',#603,.T.);
#443=FACE_OUTER_BOUND('',#604,.T.);
#444=FACE_OUTER_BOUND('',#605,.T.);
#445=FACE_OUTER_BOUND('',#606,.T.);
#446=FACE_OUTER_BOUND('',#607,.T.);
#447=FACE_OUTER_BOUND('',#608,.T.);
#448=FACE_OUTER_BOUND('',#609,.T.);
#449=FACE_OUTER_BOUND('',#610,.T.);
#450=FACE_OUTER_BOUND('',#611,.T.);
#451=FACE_OUTER_BOUND('',#612,.T.);
#452=FACE_OUTER_BOUND('',#613,.T.);
#453=FACE_OUTER_BOUND('',#614,.T.);
#454=FACE_OUTER_BOUND('',#615,.T.);
#455=FACE_OUTER_BOUND('',#616,.T.);
#456=FACE_OUTER_BOUND('',#617,.T.);
#457=FACE_OUTER_BOUND('',#618,.T.);
#458=FACE_OUTER_BOUND('',#620,.T.);
#459=FACE_OUTER_BOUND('',#621,.T.);
#460=FACE_OUTER_BOUND('',#622,.T.);
#461=FACE_OUTER_BOUND('',#623,.T.);
#462=FACE_OUTER_BOUND('',#624,.T.);
#463=FACE_OUTER_BOUND('',#625,.T.);
#464=FACE_OUTER_BOUND('',#626,.T.);
#465=FACE_OUTER_BOUND('',#627,.T.);
#466=FACE_OUTER_BOUND('',#628,.T.);
#467=FACE_OUTER_BOUND('',#629,.T.);
#468=FACE_OUTER_BOUND('',#630,.T.);
#469=FACE_OUTER_BOUND('',#631,.T.);
#470=FACE_OUTER_BOUND('',#632,.T.);
#471=FACE_OUTER_BOUND('',#634,.T.);
#472=FACE_OUTER_BOUND('',#635,.T.);
#473=FACE_OUTER_BOUND('',#640,.T.);
#474=FACE_OUTER_BOUND('',#641,.T.);
#475=FACE_OUTER_BOUND('',#642,.T.);
#476=FACE_OUTER_BOUND('',#643,.T.);
#477=FACE_OUTER_BOUND('',#644,.T.);
#478=FACE_OUTER_BOUND('',#645,.T.);
#479=FACE_OUTER_BOUND('',#646,.T.);
#480=FACE_OUTER_BOUND('',#647,.T.);
#481=FACE_OUTER_BOUND('',#648,.T.);
#482=FACE_OUTER_BOUND('',#649,.T.);
#483=FACE_OUTER_BOUND('',#650,.T.);
#484=FACE_OUTER_BOUND('',#651,.T.);
#485=FACE_OUTER_BOUND('',#652,.T.);
#486=FACE_OUTER_BOUND('',#653,.T.);
#487=FACE_OUTER_BOUND('',#654,.T.);
#488=FACE_OUTER_BOUND('',#655,.T.);
#489=FACE_OUTER_BOUND('',#656,.T.);
#490=FACE_OUTER_BOUND('',#657,.T.);
#491=FACE_OUTER_BOUND('',#658,.T.);
#492=FACE_OUTER_BOUND('',#659,.T.);
#493=FACE_OUTER_BOUND('',#660,.T.);
#494=FACE_OUTER_BOUND('',#661,.T.);
#495=FACE_OUTER_BOUND('',#662,.T.);
#496=FACE_OUTER_BOUND('',#663,.T.);
#497=FACE_OUTER_BOUND('',#664,.T.);
#498=FACE_OUTER_BOUND('',#665,.T.);
#499=FACE_OUTER_BOUND('',#666,.T.);
#500=FACE_OUTER_BOUND('',#667,.T.);
#501=FACE_OUTER_BOUND('',#668,.T.);
#502=FACE_OUTER_BOUND('',#669,.T.);
#503=FACE_OUTER_BOUND('',#670,.T.);
#504=FACE_OUTER_BOUND('',#671,.T.);
#505=EDGE_LOOP('',(#1571,#1572,#1573,#1574));
#506=EDGE_LOOP('',(#1575,#1576,#1577,#1578));
#507=EDGE_LOOP('',(#1579,#1580,#1581,#1582));
#508=EDGE_LOOP('',(#1583,#1584,#1585,#1586));
#509=EDGE_LOOP('',(#1587,#1588,#1589,#1590));
#510=EDGE_LOOP('',(#1591,#1592,#1593,#1594));
#511=EDGE_LOOP('',(#1595,#1596,#1597,#1598));
#512=EDGE_LOOP('',(#1599,#1600,#1601,#1602));
#513=EDGE_LOOP('',(#1603,#1604,#1605,#1606));
#514=EDGE_LOOP('',(#1607,#1608,#1609,#1610));
#515=EDGE_LOOP('',(#1611,#1612,#1613,#1614));
#516=EDGE_LOOP('',(#1615,#1616,#1617,#1618));
#517=EDGE_LOOP('',(#1619,#1620,#1621,#1622));
#518=EDGE_LOOP('',(#1623,#1624,#1625,#1626));
#519=EDGE_LOOP('',(#1627,#1628,#1629,#1630));
#520=EDGE_LOOP('',(#1631,#1632,#1633,#1634,#1635,#1636,#1637,#1638));
#521=EDGE_LOOP('',(#1639,#1640,#1641,#1642));
#522=EDGE_LOOP('',(#1643));
#523=EDGE_LOOP('',(#1644));
#524=EDGE_LOOP('',(#1645,#1646,#1647,#1648,#1649,#1650,#1651,#1652));
#525=EDGE_LOOP('',(#1653,#1654,#1655,#1656,#1657,#1658,#1659,#1660,#1661,
#1662,#1663,#1664));
#526=EDGE_LOOP('',(#1665,#1666,#1667,#1668));
#527=EDGE_LOOP('',(#1669,#1670,#1671,#1672));
#528=EDGE_LOOP('',(#1673,#1674,#1675,#1676));
#529=EDGE_LOOP('',(#1677,#1678,#1679,#1680));
#530=EDGE_LOOP('',(#1681,#1682,#1683,#1684,#1685,#1686));
#531=EDGE_LOOP('',(#1687));
#532=EDGE_LOOP('',(#1688,#1689,#1690,#1691,#1692,#1693));
#533=EDGE_LOOP('',(#1694));
#534=EDGE_LOOP('',(#1695,#1696,#1697,#1698,#1699));
#535=EDGE_LOOP('',(#1700,#1701));
#536=EDGE_LOOP('',(#1702,#1703,#1704,#1705));
#537=EDGE_LOOP('',(#1706,#1707,#1708,#1709));
#538=EDGE_LOOP('',(#1710,#1711,#1712));
#539=EDGE_LOOP('',(#1713,#1714,#1715,#1716,#1717));
#540=EDGE_LOOP('',(#1718,#1719,#1720));
#541=EDGE_LOOP('',(#1721,#1722,#1723,#1724));
#542=EDGE_LOOP('',(#1725,#1726,#1727,#1728));
#543=EDGE_LOOP('',(#1729,#1730,#1731));
#544=EDGE_LOOP('',(#1732,#1733,#1734));
#545=EDGE_LOOP('',(#1735,#1736,#1737,#1738));
#546=EDGE_LOOP('',(#1739,#1740,#1741,#1742));
#547=EDGE_LOOP('',(#1743,#1744,#1745));
#548=EDGE_LOOP('',(#1746,#1747,#1748,#1749));
#549=EDGE_LOOP('',(#1750,#1751,#1752));
#550=EDGE_LOOP('',(#1753,#1754,#1755,#1756,#1757,#1758,#1759,#1760,#1761,
#1762,#1763,#1764,#1765,#1766));
#551=EDGE_LOOP('',(#1767,#1768,#1769,#1770));
#552=EDGE_LOOP('',(#1771,#1772,#1773,#1774));
#553=EDGE_LOOP('',(#1775));
#554=EDGE_LOOP('',(#1776));
#555=EDGE_LOOP('',(#1777,#1778,#1779,#1780));
#556=EDGE_LOOP('',(#1781,#1782,#1783,#1784,#1785,#1786,#1787,#1788,#1789,
#1790,#1791,#1792,#1793,#1794));
#557=EDGE_LOOP('',(#1795,#1796,#1797));
#558=EDGE_LOOP('',(#1798,#1799,#1800,#1801));
#559=EDGE_LOOP('',(#1802,#1803,#1804,#1805));
#560=EDGE_LOOP('',(#1806,#1807,#1808,#1809));
#561=EDGE_LOOP('',(#1810,#1811,#1812,#1813));
#562=EDGE_LOOP('',(#1814,#1815,#1816,#1817));
#563=EDGE_LOOP('',(#1818,#1819,#1820,#1821));
#564=EDGE_LOOP('',(#1822,#1823,#1824,#1825,#1826,#1827,#1828,#1829));
#565=EDGE_LOOP('',(#1830,#1831,#1832,#1833,#1834,#1835));
#566=EDGE_LOOP('',(#1836,#1837,#1838,#1839));
#567=EDGE_LOOP('',(#1840,#1841,#1842,#1843));
#568=EDGE_LOOP('',(#1844,#1845,#1846,#1847));
#569=EDGE_LOOP('',(#1848,#1849,#1850,#1851));
#570=EDGE_LOOP('',(#1852,#1853,#1854,#1855));
#571=EDGE_LOOP('',(#1856,#1857,#1858));
#572=EDGE_LOOP('',(#1859,#1860,#1861));
#573=EDGE_LOOP('',(#1862,#1863,#1864,#1865));
#574=EDGE_LOOP('',(#1866,#1867,#1868,#1869));
#575=EDGE_LOOP('',(#1870,#1871,#1872,#1873));
#576=EDGE_LOOP('',(#1874,#1875,#1876,#1877));
#577=EDGE_LOOP('',(#1878,#1879,#1880,#1881));
#578=EDGE_LOOP('',(#1882,#1883,#1884,#1885));
#579=EDGE_LOOP('',(#1886,#1887,#1888,#1889,#1890,#1891));
#580=EDGE_LOOP('',(#1892));
#581=EDGE_LOOP('',(#1893,#1894,#1895,#1896));
#582=EDGE_LOOP('',(#1897,#1898,#1899,#1900,#1901));
#583=EDGE_LOOP('',(#1902,#1903,#1904,#1905));
#584=EDGE_LOOP('',(#1906,#1907,#1908,#1909,#1910));
#585=EDGE_LOOP('',(#1911,#1912,#1913,#1914));
#586=EDGE_LOOP('',(#1915,#1916,#1917,#1918));
#587=EDGE_LOOP('',(#1919,#1920,#1921,#1922));
#588=EDGE_LOOP('',(#1923,#1924,#1925,#1926));
#589=EDGE_LOOP('',(#1927,#1928,#1929,#1930));
#590=EDGE_LOOP('',(#1931,#1932,#1933,#1934));
#591=EDGE_LOOP('',(#1935,#1936,#1937,#1938,#1939,#1940,#1941,#1942,#1943,
#1944,#1945,#1946,#1947,#1948,#1949));
#592=EDGE_LOOP('',(#1950,#1951,#1952,#1953));
#593=EDGE_LOOP('',(#1954,#1955,#1956,#1957));
#594=EDGE_LOOP('',(#1958,#1959,#1960,#1961,#1962,#1963));
#595=EDGE_LOOP('',(#1964,#1965,#1966));
#596=EDGE_LOOP('',(#1967,#1968,#1969,#1970));
#597=EDGE_LOOP('',(#1971,#1972,#1973,#1974,#1975));
#598=EDGE_LOOP('',(#1976,#1977,#1978,#1979));
#599=EDGE_LOOP('',(#1980,#1981,#1982,#1983));
#600=EDGE_LOOP('',(#1984,#1985,#1986,#1987,#1988));
#601=EDGE_LOOP('',(#1989,#1990,#1991,#1992,#1993,#1994));
#602=EDGE_LOOP('',(#1995,#1996,#1997,#1998,#1999));
#603=EDGE_LOOP('',(#2000,#2001,#2002,#2003));
#604=EDGE_LOOP('',(#2004,#2005,#2006,#2007));
#605=EDGE_LOOP('',(#2008,#2009,#2010,#2011));
#606=EDGE_LOOP('',(#2012,#2013,#2014,#2015,#2016));
#607=EDGE_LOOP('',(#2017,#2018,#2019,#2020,#2021,#2022));
#608=EDGE_LOOP('',(#2023,#2024,#2025,#2026));
#609=EDGE_LOOP('',(#2027,#2028,#2029,#2030));
#610=EDGE_LOOP('',(#2031,#2032,#2033,#2034));
#611=EDGE_LOOP('',(#2035,#2036,#2037,#2038,#2039,#2040,#2041,#2042,#2043,
#2044));
#612=EDGE_LOOP('',(#2045,#2046,#2047,#2048));
#613=EDGE_LOOP('',(#2049,#2050,#2051,#2052));
#614=EDGE_LOOP('',(#2053,#2054,#2055));
#615=EDGE_LOOP('',(#2056,#2057,#2058,#2059,#2060));
#616=EDGE_LOOP('',(#2061,#2062,#2063,#2064));
#617=EDGE_LOOP('',(#2065,#2066,#2067,#2068,#2069,#2070,#2071,#2072));
#618=EDGE_LOOP('',(#2073,#2074,#2075,#2076,#2077,#2078,#2079));
#619=EDGE_LOOP('',(#2080,#2081,#2082,#2083));
#620=EDGE_LOOP('',(#2084,#2085,#2086,#2087));
#621=EDGE_LOOP('',(#2088,#2089,#2090,#2091,#2092));
#622=EDGE_LOOP('',(#2093,#2094,#2095));
#623=EDGE_LOOP('',(#2096,#2097,#2098,#2099,#2100));
#624=EDGE_LOOP('',(#2101,#2102,#2103,#2104));
#625=EDGE_LOOP('',(#2105,#2106,#2107,#2108,#2109));
#626=EDGE_LOOP('',(#2110,#2111,#2112,#2113));
#627=EDGE_LOOP('',(#2114,#2115,#2116,#2117));
#628=EDGE_LOOP('',(#2118,#2119,#2120,#2121));
#629=EDGE_LOOP('',(#2122,#2123,#2124,#2125));
#630=EDGE_LOOP('',(#2126,#2127,#2128,#2129));
#631=EDGE_LOOP('',(#2130,#2131,#2132,#2133,#2134,#2135,#2136,#2137,#2138,
#2139,#2140,#2141,#2142));
#632=EDGE_LOOP('',(#2143,#2144,#2145,#2146,#2147,#2148));
#633=EDGE_LOOP('',(#2149));
#634=EDGE_LOOP('',(#2150,#2151,#2152,#2153));
#635=EDGE_LOOP('',(#2154,#2155,#2156,#2157,#2158,#2159));
#636=EDGE_LOOP('',(#2160));
#637=EDGE_LOOP('',(#2161));
#638=EDGE_LOOP('',(#2162));
#639=EDGE_LOOP('',(#2163));
#640=EDGE_LOOP('',(#2164,#2165,#2166,#2167,#2168,#2169));
#641=EDGE_LOOP('',(#2170,#2171,#2172,#2173,#2174,#2175,#2176,#2177));
#642=EDGE_LOOP('',(#2178,#2179,#2180,#2181,#2182,#2183));
#643=EDGE_LOOP('',(#2184,#2185,#2186,#2187));
#644=EDGE_LOOP('',(#2188,#2189,#2190,#2191));
#645=EDGE_LOOP('',(#2192,#2193,#2194,#2195,#2196,#2197));
#646=EDGE_LOOP('',(#2198,#2199,#2200,#2201,#2202,#2203));
#647=EDGE_LOOP('',(#2204,#2205,#2206,#2207,#2208,#2209));
#648=EDGE_LOOP('',(#2210,#2211,#2212));
#649=EDGE_LOOP('',(#2213,#2214,#2215));
#650=EDGE_LOOP('',(#2216,#2217,#2218));
#651=EDGE_LOOP('',(#2219,#2220,#2221));
#652=EDGE_LOOP('',(#2222,#2223,#2224));
#653=EDGE_LOOP('',(#2225,#2226,#2227));
#654=EDGE_LOOP('',(#2228,#2229,#2230,#2231));
#655=EDGE_LOOP('',(#2232,#2233,#2234));
#656=EDGE_LOOP('',(#2235,#2236,#2237));
#657=EDGE_LOOP('',(#2238,#2239,#2240,#2241));
#658=EDGE_LOOP('',(#2242,#2243,#2244,#2245));
#659=EDGE_LOOP('',(#2246,#2247,#2248,#2249,#2250,#2251));
#660=EDGE_LOOP('',(#2252,#2253,#2254,#2255));
#661=EDGE_LOOP('',(#2256,#2257,#2258,#2259));
#662=EDGE_LOOP('',(#2260,#2261,#2262,#2263));
#663=EDGE_LOOP('',(#2264,#2265,#2266,#2267));
#664=EDGE_LOOP('',(#2268,#2269,#2270,#2271));
#665=EDGE_LOOP('',(#2272,#2273,#2274,#2275));
#666=EDGE_LOOP('',(#2276,#2277,#2278,#2279));
#667=EDGE_LOOP('',(#2280,#2281,#2282,#2283,#2284,#2285,#2286));
#668=EDGE_LOOP('',(#2287,#2288,#2289,#2290));
#669=EDGE_LOOP('',(#2291,#2292,#2293,#2294));
#670=EDGE_LOOP('',(#2295,#2296,#2297,#2298));
#671=EDGE_LOOP('',(#2299,#2300,#2301,#2302));
#672=LINE('',#3600,#831);
#673=LINE('',#3602,#832);
#674=LINE('',#3604,#833);
#675=LINE('',#3605,#834);
#676=LINE('',#3608,#835);
#677=LINE('',#3610,#836);
#678=LINE('',#3611,#837);
#679=LINE('',#3614,#838);
#680=LINE('',#3616,#839);
#681=LINE('',#3617,#840);
#682=LINE('',#3619,#841);
#683=LINE('',#3620,#842);
#684=LINE('',#3626,#843);
#685=LINE('',#3629,#844);
#686=LINE('',#3640,#845);
#687=LINE('',#3641,#846);
#688=LINE('',#3652,#847);
#689=LINE('',#3653,#848);
#690=LINE('',#3664,#849);
#691=LINE('',#3665,#850);
#692=LINE('',#3671,#851);
#693=LINE('',#3674,#852);
#694=LINE('',#3677,#853);
#695=LINE('',#3678,#854);
#696=LINE('',#3681,#855);
#697=LINE('',#3685,#856);
#698=LINE('',#3687,#857);
#699=LINE('',#3689,#858);
#700=LINE('',#3691,#859);
#701=LINE('',#3693,#860);
#702=LINE('',#3694,#861);
#703=LINE('',#3698,#862);
#704=LINE('',#3700,#863);
#705=LINE('',#3702,#864);
#706=LINE('',#3703,#865);
#707=LINE('',#3710,#866);
#708=LINE('',#3712,#867);
#709=LINE('',#3714,#868);
#710=LINE('',#3718,#869);
#711=LINE('',#3722,#870);
#712=LINE('',#3724,#871);
#713=LINE('',#3726,#872);
#714=LINE('',#3727,#873);
#715=LINE('',#3730,#874);
#716=LINE('',#3735,#875);
#717=LINE('',#3737,#876);
#718=LINE('',#3754,#877);
#719=LINE('',#3771,#878);
#720=LINE('',#4003,#879);
#721=LINE('',#4011,#880);
#722=LINE('',#4012,#881);
#723=LINE('',#4099,#882);
#724=LINE('',#4146,#883);
#725=LINE('',#4149,#884);
#726=LINE('',#4154,#885);
#727=LINE('',#4157,#886);
#728=LINE('',#4165,#887);
#729=LINE('',#4167,#888);
#730=LINE('',#4172,#889);
#731=LINE('',#4176,#890);
#732=LINE('',#4182,#891);
#733=LINE('',#4184,#892);
#734=LINE('',#4188,#893);
#735=LINE('',#4192,#894);
#736=LINE('',#4194,#895);
#737=LINE('',#4195,#896);
#738=LINE('',#4198,#897);
#739=LINE('',#4202,#898);
#740=LINE('',#4203,#899);
#741=LINE('',#4210,#900);
#742=LINE('',#4214,#901);
#743=LINE('',#4216,#902);
#744=LINE('',#4218,#903);
#745=LINE('',#4222,#904);
#746=LINE('',#4226,#905);
#747=LINE('',#4228,#906);
#748=LINE('',#4234,#907);
#749=LINE('',#4299,#908);
#750=LINE('',#4307,#909);
#751=LINE('',#4315,#910);
#752=LINE('',#4317,#911);
#753=LINE('',#4321,#912);
#754=LINE('',#4323,#913);
#755=LINE('',#4324,#914);
#756=LINE('',#4327,#915);
#757=LINE('',#4343,#916);
#758=LINE('',#4480,#917);
#759=LINE('',#4488,#918);
#760=LINE('',#4494,#919);
#761=LINE('',#4497,#920);
#762=LINE('',#4501,#921);
#763=LINE('',#4507,#922);
#764=LINE('',#4522,#923);
#765=LINE('',#4533,#924);
#766=LINE('',#4537,#925);
#767=LINE('',#4538,#926);
#768=LINE('',#4541,#927);
#769=LINE('',#4550,#928);
#770=LINE('',#4632,#929);
#771=LINE('',#4633,#930);
#772=LINE('',#4634,#931);
#773=LINE('',#4636,#932);
#774=LINE('',#4640,#933);
#775=LINE('',#4644,#934);
#776=LINE('',#4658,#935);
#777=LINE('',#4709,#936);
#778=LINE('',#4710,#937);
#779=LINE('',#4757,#938);
#780=LINE('',#4760,#939);
#781=LINE('',#4764,#940);
#782=LINE('',#4796,#941);
#783=LINE('',#4839,#942);
#784=LINE('',#4842,#943);
#785=LINE('',#4845,#944);
#786=LINE('',#4848,#945);
#787=LINE('',#4881,#946);
#788=LINE('',#4884,#947);
#789=LINE('',#4917,#948);
#790=LINE('',#4972,#949);
#791=LINE('',#4975,#950);
#792=LINE('',#4979,#951);
#793=LINE('',#4983,#952);
#794=LINE('',#4986,#953);
#795=LINE('',#4987,#954);
#796=LINE('',#4997,#955);
#797=LINE('',#4998,#956);
#798=LINE('',#5000,#957);
#799=LINE('',#5003,#958);
#800=LINE('',#5005,#959);
#801=LINE('',#5007,#960);
#802=LINE('',#5011,#961);
#803=LINE('',#5015,#962);
#804=LINE('',#5020,#963);
#805=LINE('',#5025,#964);
#806=LINE('',#5028,#965);
#807=LINE('',#5032,#966);
#808=LINE('',#5036,#967);
#809=LINE('',#5065,#968);
#810=LINE('',#5089,#969);
#811=LINE('',#5093,#970);
#812=LINE('',#5095,#971);
#813=LINE('',#5096,#972);
#814=LINE('',#5098,#973);
#815=LINE('',#5099,#974);
#816=LINE('',#5104,#975);
#817=LINE('',#5135,#976);
#818=LINE('',#5145,#977);
#819=LINE('',#5147,#978);
#820=LINE('',#5148,#979);
#821=LINE('',#5150,#980);
#822=LINE('',#5152,#981);
#823=LINE('',#5154,#982);
#824=LINE('',#5156,#983);
#825=LINE('',#5157,#984);
#826=LINE('',#5159,#985);
#827=LINE('',#5161,#986);
#828=LINE('',#5162,#987);
#829=LINE('',#5168,#988);
#830=LINE('',#5170,#989);
#831=VECTOR('',#2825,10.);
#832=VECTOR('',#2826,10.);
#833=VECTOR('',#2827,10.);
#834=VECTOR('',#2828,10.);
#835=VECTOR('',#2831,10.);
#836=VECTOR('',#2832,10.);
#837=VECTOR('',#2833,10.);
#838=VECTOR('',#2836,10.);
#839=VECTOR('',#2837,10.);
#840=VECTOR('',#2838,10.);
#841=VECTOR('',#2841,10.);
#842=VECTOR('',#2842,10.);
#843=VECTOR('',#2847,10.);
#844=VECTOR('',#2850,10.);
#845=VECTOR('',#2863,10.);
#846=VECTOR('',#2864,10.);
#847=VECTOR('',#2877,10.);
#848=VECTOR('',#2878,10.);
#849=VECTOR('',#2891,10.);
#850=VECTOR('',#2892,10.);
#851=VECTOR('',#2901,10.);
#852=VECTOR('',#2904,10.);
#853=VECTOR('',#2907,10.);
#854=VECTOR('',#2908,10.);
#855=VECTOR('',#2911,10.);
#856=VECTOR('',#2916,10.);
#857=VECTOR('',#2917,10.);
#858=VECTOR('',#2918,10.);
#859=VECTOR('',#2919,10.);
#860=VECTOR('',#2920,10.);
#861=VECTOR('',#2921,10.);
#862=VECTOR('',#2924,10.);
#863=VECTOR('',#2925,10.);
#864=VECTOR('',#2926,10.);
#865=VECTOR('',#2927,10.);
#866=VECTOR('',#2934,10.);
#867=VECTOR('',#2935,10.);
#868=VECTOR('',#2936,10.);
#869=VECTOR('',#2939,5.);
#870=VECTOR('',#2942,10.);
#871=VECTOR('',#2943,10.);
#872=VECTOR('',#2944,10.);
#873=VECTOR('',#2945,10.);
#874=VECTOR('',#2948,10.);
#875=VECTOR('',#2955,10.);
#876=VECTOR('',#2958,10.);
#877=VECTOR('',#2973,10.);
#878=VECTOR('',#2974,10.);
#879=VECTOR('',#2983,10.);
#880=VECTOR('',#2986,10.);
#881=VECTOR('',#2987,10.);
#882=VECTOR('',#2994,10.);
#883=VECTOR('',#3001,10.);
#884=VECTOR('',#3004,10.);
#885=VECTOR('',#3009,10.);
#886=VECTOR('',#3012,10.);
#887=VECTOR('',#3021,10.);
#888=VECTOR('',#3024,10.);
#889=VECTOR('',#3031,10.);
#890=VECTOR('',#3034,10.);
#891=VECTOR('',#3039,10.);
#892=VECTOR('',#3040,10.);
#893=VECTOR('',#3043,10.);
#894=VECTOR('',#3046,10.);
#895=VECTOR('',#3047,10.);
#896=VECTOR('',#3048,10.);
#897=VECTOR('',#3051,10.);
#898=VECTOR('',#3056,10.);
#899=VECTOR('',#3057,10.);
#900=VECTOR('',#3064,10.);
#901=VECTOR('',#3069,10.);
#902=VECTOR('',#3070,10.);
#903=VECTOR('',#3071,10.);
#904=VECTOR('',#3074,10.);
#905=VECTOR('',#3077,10.);
#906=VECTOR('',#3078,10.);
#907=VECTOR('',#3083,10.);
#908=VECTOR('',#3102,10.);
#909=VECTOR('',#3113,10.);
#910=VECTOR('',#3124,10.);
#911=VECTOR('',#3127,10.);
#912=VECTOR('',#3130,10.);
#913=VECTOR('',#3131,10.);
#914=VECTOR('',#3132,10.);
#915=VECTOR('',#3135,10.);
#916=VECTOR('',#3148,10.);
#917=VECTOR('',#3177,10.);
#918=VECTOR('',#3188,10.);
#919=VECTOR('',#3197,10.);
#920=VECTOR('',#3200,10.);
#921=VECTOR('',#3203,10.);
#922=VECTOR('',#3210,10.);
#923=VECTOR('',#3213,10.);
#924=VECTOR('',#3218,10.);
#925=VECTOR('',#3223,10.);
#926=VECTOR('',#3224,10.);
#927=VECTOR('',#3227,10.);
#928=VECTOR('',#3240,10.);
#929=VECTOR('',#3253,20.);
#930=VECTOR('',#3254,20.);
#931=VECTOR('',#3255,10.);
#932=VECTOR('',#3258,10.);
#933=VECTOR('',#3265,10.);
#934=VECTOR('',#3270,10.);
#935=VECTOR('',#3271,10.);
#936=VECTOR('',#3282,10.);
#937=VECTOR('',#3283,10.);
#938=VECTOR('',#3292,10.);
#939=VECTOR('',#3295,10.);
#940=VECTOR('',#3298,10.);
#941=VECTOR('',#3309,10.);
#942=VECTOR('',#3314,10.);
#943=VECTOR('',#3317,10.);
#944=VECTOR('',#3320,10.);
#945=VECTOR('',#3323,10.);
#946=VECTOR('',#3338,10.);
#947=VECTOR('',#3341,10.);
#948=VECTOR('',#3352,10.);
#949=VECTOR('',#3365,10.);
#950=VECTOR('',#3370,10.);
#951=VECTOR('',#3375,10.);
#952=VECTOR('',#3380,10.);
#953=VECTOR('',#3383,10.);
#954=VECTOR('',#3384,10.);
#955=VECTOR('',#3397,10.);
#956=VECTOR('',#3398,10.);
#957=VECTOR('',#3401,10.);
#958=VECTOR('',#3406,10.);
#959=VECTOR('',#3409,10.);
#960=VECTOR('',#3412,10.);
#961=VECTOR('',#3417,1.35);
#962=VECTOR('',#3422,1.35);
#963=VECTOR('',#3427,1.35);
#964=VECTOR('',#3434,1.35);
#965=VECTOR('',#3437,10.);
#966=VECTOR('',#3440,10.);
#967=VECTOR('',#3447,10.);
#968=VECTOR('',#3466,10.);
#969=VECTOR('',#3479,10.);
#970=VECTOR('',#3484,10.);
#971=VECTOR('',#3485,10.);
#972=VECTOR('',#3486,10.);
#973=VECTOR('',#3489,10.);
#974=VECTOR('',#3490,10.);
#975=VECTOR('',#3495,10.);
#976=VECTOR('',#3540,10.);
#977=VECTOR('',#3555,10.);
#978=VECTOR('',#3558,10.);
#979=VECTOR('',#3559,10.);
#980=VECTOR('',#3562,10.);
#981=VECTOR('',#3565,10.);
#982=VECTOR('',#3568,10.);
#983=VECTOR('',#3571,10.);
#984=VECTOR('',#3572,10.);
#985=VECTOR('',#3575,10.);
#986=VECTOR('',#3578,10.);
#987=VECTOR('',#3579,10.);
#988=VECTOR('',#3590,2.1);
#989=VECTOR('',#3593,2.1);
#990=VERTEX_POINT('',#3598);
#991=VERTEX_POINT('',#3599);
#992=VERTEX_POINT('',#3601);
#993=VERTEX_POINT('',#3603);
#994=VERTEX_POINT('',#3607);
#995=VERTEX_POINT('',#3609);
#996=VERTEX_POINT('',#3613);
#997=VERTEX_POINT('',#3615);
#998=VERTEX_POINT('',#3622);
#999=VERTEX_POINT('',#3623);
#1000=VERTEX_POINT('',#3625);
#1001=VERTEX_POINT('',#3627);
#1002=VERTEX_POINT('',#3631);
#1003=VERTEX_POINT('',#3632);
#1004=VERTEX_POINT('',#3637);
#1005=VERTEX_POINT('',#3638);
#1006=VERTEX_POINT('',#3643);
#1007=VERTEX_POINT('',#3644);
#1008=VERTEX_POINT('',#3649);
#1009=VERTEX_POINT('',#3650);
#1010=VERTEX_POINT('',#3655);
#1011=VERTEX_POINT('',#3656);
#1012=VERTEX_POINT('',#3661);
#1013=VERTEX_POINT('',#3662);
#1014=VERTEX_POINT('',#3670);
#1015=VERTEX_POINT('',#3672);
#1016=VERTEX_POINT('',#3676);
#1017=VERTEX_POINT('',#3680);
#1018=VERTEX_POINT('',#3684);
#1019=VERTEX_POINT('',#3686);
#1020=VERTEX_POINT('',#3688);
#1021=VERTEX_POINT('',#3690);
#1022=VERTEX_POINT('',#3692);
#1023=VERTEX_POINT('',#3696);
#1024=VERTEX_POINT('',#3697);
#1025=VERTEX_POINT('',#3699);
#1026=VERTEX_POINT('',#3701);
#1027=VERTEX_POINT('',#3704);
#1028=VERTEX_POINT('',#3706);
#1029=VERTEX_POINT('',#3709);
#1030=VERTEX_POINT('',#3711);
#1031=VERTEX_POINT('',#3713);
#1032=VERTEX_POINT('',#3715);
#1033=VERTEX_POINT('',#3717);
#1034=VERTEX_POINT('',#3719);
#1035=VERTEX_POINT('',#3721);
#1036=VERTEX_POINT('',#3723);
#1037=VERTEX_POINT('',#3725);
#1038=VERTEX_POINT('',#3729);
#1039=VERTEX_POINT('',#3733);
#1040=VERTEX_POINT('',#3740);
#1041=VERTEX_POINT('',#3744);
#1042=VERTEX_POINT('',#3747);
#1043=VERTEX_POINT('',#3748);
#1044=VERTEX_POINT('',#3753);
#1045=VERTEX_POINT('',#3755);
#1046=VERTEX_POINT('',#3770);
#1047=VERTEX_POINT('',#3866);
#1048=VERTEX_POINT('',#3867);
#1049=VERTEX_POINT('',#3905);
#1050=VERTEX_POINT('',#3921);
#1051=VERTEX_POINT('',#3963);
#1052=VERTEX_POINT('',#3964);
#1053=VERTEX_POINT('',#4002);
#1054=VERTEX_POINT('',#4063);
#1055=VERTEX_POINT('',#4096);
#1056=VERTEX_POINT('',#4098);
#1057=VERTEX_POINT('',#4142);
#1058=VERTEX_POINT('',#4143);
#1059=VERTEX_POINT('',#4145);
#1060=VERTEX_POINT('',#4147);
#1061=VERTEX_POINT('',#4151);
#1062=VERTEX_POINT('',#4153);
#1063=VERTEX_POINT('',#4155);
#1064=VERTEX_POINT('',#4161);
#1065=VERTEX_POINT('',#4162);
#1066=VERTEX_POINT('',#4164);
#1067=VERTEX_POINT('',#4171);
#1068=VERTEX_POINT('',#4173);
#1069=VERTEX_POINT('',#4175);
#1070=VERTEX_POINT('',#4177);
#1071=VERTEX_POINT('',#4179);
#1072=VERTEX_POINT('',#4181);
#1073=VERTEX_POINT('',#4183);
#1074=VERTEX_POINT('',#4185);
#1075=VERTEX_POINT('',#4187);
#1076=VERTEX_POINT('',#4189);
#1077=VERTEX_POINT('',#4191);
#1078=VERTEX_POINT('',#4193);
#1079=VERTEX_POINT('',#4197);
#1080=VERTEX_POINT('',#4201);
#1081=VERTEX_POINT('',#4204);
#1082=VERTEX_POINT('',#4206);
#1083=VERTEX_POINT('',#4209);
#1084=VERTEX_POINT('',#4213);
#1085=VERTEX_POINT('',#4215);
#1086=VERTEX_POINT('',#4217);
#1087=VERTEX_POINT('',#4219);
#1088=VERTEX_POINT('',#4221);
#1089=VERTEX_POINT('',#4223);
#1090=VERTEX_POINT('',#4225);
#1091=VERTEX_POINT('',#4227);
#1092=VERTEX_POINT('',#4229);
#1093=VERTEX_POINT('',#4231);
#1094=VERTEX_POINT('',#4233);
#1095=VERTEX_POINT('',#4261);
#1096=VERTEX_POINT('',#4262);
#1097=VERTEX_POINT('',#4264);
#1098=VERTEX_POINT('',#4292);
#1099=VERTEX_POINT('',#4297);
#1100=VERTEX_POINT('',#4301);
#1101=VERTEX_POINT('',#4305);
#1102=VERTEX_POINT('',#4309);
#1103=VERTEX_POINT('',#4313);
#1104=VERTEX_POINT('',#4318);
#1105=VERTEX_POINT('',#4320);
#1106=VERTEX_POINT('',#4322);
#1107=VERTEX_POINT('',#4326);
#1108=VERTEX_POINT('',#4328);
#1109=VERTEX_POINT('',#4337);
#1110=VERTEX_POINT('',#4341);
#1111=VERTEX_POINT('',#4345);
#1112=VERTEX_POINT('',#4368);
#1113=VERTEX_POINT('',#4408);
#1114=VERTEX_POINT('',#4442);
#1115=VERTEX_POINT('',#4443);
#1116=VERTEX_POINT('',#4445);
#1117=VERTEX_POINT('',#4473);
#1118=VERTEX_POINT('',#4478);
#1119=VERTEX_POINT('',#4482);
#1120=VERTEX_POINT('',#4486);
#1121=VERTEX_POINT('',#4490);
#1122=VERTEX_POINT('',#4496);
#1123=VERTEX_POINT('',#4498);
#1124=VERTEX_POINT('',#4500);
#1125=VERTEX_POINT('',#4503);
#1126=VERTEX_POINT('',#4506);
#1127=VERTEX_POINT('',#4521);
#1128=VERTEX_POINT('',#4523);
#1129=VERTEX_POINT('',#4532);
#1130=VERTEX_POINT('',#4536);
#1131=VERTEX_POINT('',#4540);
#1132=VERTEX_POINT('',#4544);
#1133=VERTEX_POINT('',#4548);
#1134=VERTEX_POINT('',#4552);
#1135=VERTEX_POINT('',#4575);
#1136=VERTEX_POINT('',#4576);
#1137=VERTEX_POINT('',#4616);
#1138=VERTEX_POINT('',#4617);
#1139=VERTEX_POINT('',#4643);
#1140=VERTEX_POINT('',#4645);
#1141=VERTEX_POINT('',#4683);
#1142=VERTEX_POINT('',#4685);
#1143=VERTEX_POINT('',#4687);
#1144=VERTEX_POINT('',#4706);
#1145=VERTEX_POINT('',#4707);
#1146=VERTEX_POINT('',#4741);
#1147=VERTEX_POINT('',#4755);
#1148=VERTEX_POINT('',#4759);
#1149=VERTEX_POINT('',#4761);
#1150=VERTEX_POINT('',#4763);
#1151=VERTEX_POINT('',#4790);
#1152=VERTEX_POINT('',#4794);
#1153=VERTEX_POINT('',#4827);
#1154=VERTEX_POINT('',#4838);
#1155=VERTEX_POINT('',#4840);
#1156=VERTEX_POINT('',#4844);
#1157=VERTEX_POINT('',#4846);
#1158=VERTEX_POINT('',#4871);
#1159=VERTEX_POINT('',#4872);
#1160=VERTEX_POINT('',#4874);
#1161=VERTEX_POINT('',#4876);
#1162=VERTEX_POINT('',#4880);
#1163=VERTEX_POINT('',#4882);
#1164=VERTEX_POINT('',#4913);
#1165=VERTEX_POINT('',#4915);
#1166=VERTEX_POINT('',#4938);
#1167=VERTEX_POINT('',#4940);
#1168=VERTEX_POINT('',#4970);
#1169=VERTEX_POINT('',#4978);
#1170=VERTEX_POINT('',#4981);
#1171=VERTEX_POINT('',#4985);
#1172=VERTEX_POINT('',#4989);
#1173=VERTEX_POINT('',#4990);
#1174=VERTEX_POINT('',#4995);
#1175=VERTEX_POINT('',#5009);
#1176=VERTEX_POINT('',#5013);
#1177=VERTEX_POINT('',#5017);
#1178=VERTEX_POINT('',#5019);
#1179=VERTEX_POINT('',#5023);
#1180=VERTEX_POINT('',#5027);
#1181=VERTEX_POINT('',#5029);
#1182=VERTEX_POINT('',#5031);
#1183=VERTEX_POINT('',#5039);
#1184=VERTEX_POINT('',#5040);
#1185=VERTEX_POINT('',#5055);
#1186=VERTEX_POINT('',#5059);
#1187=VERTEX_POINT('',#5063);
#1188=VERTEX_POINT('',#5067);
#1189=VERTEX_POINT('',#5068);
#1190=VERTEX_POINT('',#5085);
#1191=VERTEX_POINT('',#5092);
#1192=VERTEX_POINT('',#5094);
#1193=VERTEX_POINT('',#5101);
#1194=VERTEX_POINT('',#5103);
#1195=VERTEX_POINT('',#5107);
#1196=VERTEX_POINT('',#5111);
#1197=VERTEX_POINT('',#5112);
#1198=VERTEX_POINT('',#5119);
#1199=VERTEX_POINT('',#5121);
#1200=VERTEX_POINT('',#5125);
#1201=VERTEX_POINT('',#5126);
#1202=VERTEX_POINT('',#5131);
#1203=VERTEX_POINT('',#5137);
#1204=VERTEX_POINT('',#5141);
#1205=EDGE_CURVE('',#990,#991,#672,.T.);
#1206=EDGE_CURVE('',#992,#990,#673,.T.);
#1207=EDGE_CURVE('',#993,#992,#674,.T.);
#1208=EDGE_CURVE('',#993,#991,#675,.T.);
#1209=EDGE_CURVE('',#991,#994,#676,.T.);
#1210=EDGE_CURVE('',#995,#993,#677,.T.);
#1211=EDGE_CURVE('',#995,#994,#678,.T.);
#1212=EDGE_CURVE('',#994,#996,#679,.T.);
#1213=EDGE_CURVE('',#997,#995,#680,.T.);
#1214=EDGE_CURVE('',#997,#996,#681,.T.);
#1215=EDGE_CURVE('',#996,#990,#682,.T.);
#1216=EDGE_CURVE('',#992,#997,#683,.T.);
#1217=EDGE_CURVE('',#998,#999,#138,.T.);
#1218=EDGE_CURVE('',#999,#1000,#684,.T.);
#1219=EDGE_CURVE('',#1000,#1001,#139,.T.);
#1220=EDGE_CURVE('',#1001,#998,#685,.T.);
#1221=EDGE_CURVE('',#1002,#1003,#140,.T.);
#1222=EDGE_CURVE('',#1003,#1001,#141,.T.);
#1223=EDGE_CURVE('',#1000,#1002,#142,.T.);
#1224=EDGE_CURVE('',#1004,#1005,#143,.T.);
#1225=EDGE_CURVE('',#1005,#1003,#686,.T.);
#1226=EDGE_CURVE('',#1002,#1004,#687,.T.);
#1227=EDGE_CURVE('',#1006,#1007,#144,.T.);
#1228=EDGE_CURVE('',#1007,#1005,#145,.T.);
#1229=EDGE_CURVE('',#1004,#1006,#146,.T.);
#1230=EDGE_CURVE('',#1008,#1009,#147,.T.);
#1231=EDGE_CURVE('',#1009,#1007,#688,.T.);
#1232=EDGE_CURVE('',#1006,#1008,#689,.T.);
#1233=EDGE_CURVE('',#1010,#1011,#148,.T.);
#1234=EDGE_CURVE('',#1011,#1009,#149,.T.);
#1235=EDGE_CURVE('',#1008,#1010,#150,.T.);
#1236=EDGE_CURVE('',#1012,#1013,#151,.T.);
#1237=EDGE_CURVE('',#1013,#1011,#690,.T.);
#1238=EDGE_CURVE('',#1010,#1012,#691,.T.);
#1239=EDGE_CURVE('',#1012,#999,#152,.T.);
#1240=EDGE_CURVE('',#998,#1013,#153,.T.);
#1241=EDGE_CURVE('',#1004,#1014,#692,.T.);
#1242=EDGE_CURVE('',#1014,#1015,#154,.T.);
#1243=EDGE_CURVE('',#1015,#1006,#693,.T.);
#1244=EDGE_CURVE('',#1016,#1002,#694,.T.);
#1245=EDGE_CURVE('',#1014,#1016,#695,.T.);
#1246=EDGE_CURVE('',#1000,#1017,#696,.T.);
#1247=EDGE_CURVE('',#1017,#1016,#155,.T.);
#1248=EDGE_CURVE('',#1018,#999,#697,.T.);
#1249=EDGE_CURVE('',#1018,#1019,#698,.T.);
#1250=EDGE_CURVE('',#1020,#1019,#699,.T.);
#1251=EDGE_CURVE('',#1021,#1020,#700,.T.);
#1252=EDGE_CURVE('',#1021,#1022,#701,.T.);
#1253=EDGE_CURVE('',#1022,#1017,#702,.T.);
#1254=EDGE_CURVE('',#1023,#1024,#703,.T.);
#1255=EDGE_CURVE('',#1025,#1023,#704,.T.);
#1256=EDGE_CURVE('',#1026,#1025,#705,.T.);
#1257=EDGE_CURVE('',#1024,#1026,#706,.T.);
#1258=EDGE_CURVE('',#1027,#1027,#156,.T.);
#1259=EDGE_CURVE('',#1028,#1028,#157,.T.);
#1260=EDGE_CURVE('',#1015,#1029,#707,.T.);
#1261=EDGE_CURVE('',#1030,#1029,#708,.T.);
#1262=EDGE_CURVE('',#1031,#1030,#709,.T.);
#1263=EDGE_CURVE('',#1032,#1031,#158,.T.);
#1264=EDGE_CURVE('',#1033,#1032,#710,.T.);
#1265=EDGE_CURVE('',#1034,#1033,#159,.T.);
#1266=EDGE_CURVE('',#1035,#1034,#711,.T.);
#1267=EDGE_CURVE('',#1035,#1036,#712,.T.);
#1268=EDGE_CURVE('',#1036,#1037,#713,.T.);
#1269=EDGE_CURVE('',#1008,#1037,#714,.T.);
#1270=EDGE_CURVE('',#1012,#1038,#715,.T.);
#1271=EDGE_CURVE('',#1038,#1018,#160,.T.);
#1272=EDGE_CURVE('',#1037,#1039,#161,.T.);
#1273=EDGE_CURVE('',#1039,#1010,#716,.T.);
#1274=EDGE_CURVE('',#1038,#1039,#717,.T.);
#1275=EDGE_CURVE('',#1019,#1036,#162,.T.);
#1276=EDGE_CURVE('',#1040,#1040,#163,.T.);
#1277=EDGE_CURVE('',#1029,#1022,#164,.T.);
#1278=EDGE_CURVE('',#1041,#1041,#165,.T.);
#1279=EDGE_CURVE('',#1042,#1043,#76,.T.);
#1280=EDGE_CURVE('',#1042,#1044,#718,.T.);
#1281=EDGE_CURVE('',#1044,#1045,#77,.F.);
#1282=EDGE_CURVE('',#1045,#1046,#719,.T.);
#1283=EDGE_CURVE('',#1043,#1046,#78,.T.);
#1284=EDGE_CURVE('',#1045,#1046,#166,.T.);
#1285=EDGE_CURVE('',#1047,#1048,#79,.F.);
#1286=EDGE_CURVE('',#1048,#1049,#80,.T.);
#1287=EDGE_CURVE('',#1049,#1050,#167,.T.);
#1288=EDGE_CURVE('',#1050,#1047,#81,.T.);
#1289=EDGE_CURVE('',#1051,#1052,#168,.T.);
#1290=EDGE_CURVE('',#1052,#1050,#82,.T.);
#1291=EDGE_CURVE('',#1049,#1051,#83,.T.);
#1292=EDGE_CURVE('',#1053,#1051,#720,.T.);
#1293=EDGE_CURVE('',#1053,#1052,#84,.T.);
#1294=EDGE_CURVE('',#1051,#1042,#721,.T.);
#1295=EDGE_CURVE('',#1048,#1044,#722,.T.);
#1296=EDGE_CURVE('',#1050,#1054,#169,.T.);
#1297=EDGE_CURVE('',#1054,#1047,#85,.T.);
#1298=EDGE_CURVE('',#1053,#1054,#86,.T.);
#1299=EDGE_CURVE('',#1032,#1055,#170,.T.);
#1300=EDGE_CURVE('',#1056,#1055,#723,.T.);
#1301=EDGE_CURVE('',#1056,#1033,#171,.T.);
#1302=EDGE_CURVE('',#1056,#1034,#87,.T.);
#1303=EDGE_CURVE('',#1031,#1055,#88,.T.);
#1304=EDGE_CURVE('',#1057,#1058,#172,.T.);
#1305=EDGE_CURVE('',#1058,#1059,#724,.T.);
#1306=EDGE_CURVE('',#1059,#1060,#173,.T.);
#1307=EDGE_CURVE('',#1060,#1057,#725,.T.);
#1308=EDGE_CURVE('',#1061,#1059,#174,.T.);
#1309=EDGE_CURVE('',#1059,#1062,#726,.T.);
#1310=EDGE_CURVE('',#1062,#1063,#175,.T.);
#1311=EDGE_CURVE('',#1063,#1061,#727,.T.);
#1312=EDGE_CURVE('',#1061,#1060,#176,.T.);
#1313=EDGE_CURVE('',#1064,#1065,#177,.T.);
#1314=EDGE_CURVE('',#1065,#1066,#728,.T.);
#1315=EDGE_CURVE('',#1066,#1062,#178,.T.);
#1316=EDGE_CURVE('',#1062,#1064,#729,.T.);
#1317=EDGE_CURVE('',#1066,#1063,#179,.T.);
#1318=EDGE_CURVE('',#1067,#1060,#730,.T.);
#1319=EDGE_CURVE('',#1068,#1067,#180,.T.);
#1320=EDGE_CURVE('',#1069,#1068,#731,.T.);
#1321=EDGE_CURVE('',#1070,#1069,#181,.T.);
#1322=EDGE_CURVE('',#1071,#1070,#182,.T.);
#1323=EDGE_CURVE('',#1072,#1071,#732,.T.);
#1324=EDGE_CURVE('',#1073,#1072,#733,.T.);
#1325=EDGE_CURVE('',#1074,#1073,#183,.T.);
#1326=EDGE_CURVE('',#1075,#1074,#734,.T.);
#1327=EDGE_CURVE('',#1076,#1075,#184,.T.);
#1328=EDGE_CURVE('',#1077,#1076,#735,.T.);
#1329=EDGE_CURVE('',#1077,#1078,#736,.T.);
#1330=EDGE_CURVE('',#1078,#1057,#737,.T.);
#1331=EDGE_CURVE('',#1061,#1079,#738,.T.);
#1332=EDGE_CURVE('',#1079,#1067,#185,.T.);
#1333=EDGE_CURVE('',#1080,#1063,#739,.T.);
#1334=EDGE_CURVE('',#1079,#1080,#740,.T.);
#1335=EDGE_CURVE('',#1081,#1081,#186,.T.);
#1336=EDGE_CURVE('',#1082,#1082,#187,.T.);
#1337=EDGE_CURVE('',#1066,#1083,#741,.T.);
#1338=EDGE_CURVE('',#1083,#1080,#188,.T.);
#1339=EDGE_CURVE('',#1084,#1065,#742,.T.);
#1340=EDGE_CURVE('',#1085,#1084,#743,.T.);
#1341=EDGE_CURVE('',#1086,#1085,#744,.T.);
#1342=EDGE_CURVE('',#1087,#1086,#189,.T.);
#1343=EDGE_CURVE('',#1088,#1087,#745,.T.);
#1344=EDGE_CURVE('',#1089,#1088,#190,.T.);
#1345=EDGE_CURVE('',#1090,#1089,#746,.T.);
#1346=EDGE_CURVE('',#1091,#1090,#747,.T.);
#1347=EDGE_CURVE('',#1092,#1091,#191,.T.);
#1348=EDGE_CURVE('',#1093,#1092,#192,.T.);
#1349=EDGE_CURVE('',#1094,#1093,#748,.T.);
#1350=EDGE_CURVE('',#1083,#1094,#193,.T.);
#1351=EDGE_CURVE('',#1095,#1096,#194,.T.);
#1352=EDGE_CURVE('',#1096,#1097,#15,.T.);
#1353=EDGE_CURVE('',#1097,#1095,#16,.T.);
#1354=EDGE_CURVE('',#1090,#1098,#195,.T.);
#1355=EDGE_CURVE('',#1098,#1096,#17,.T.);
#1356=EDGE_CURVE('',#1095,#1090,#18,.T.);
#1357=EDGE_CURVE('',#1089,#1099,#196,.T.);
#1358=EDGE_CURVE('',#1099,#1098,#749,.T.);
#1359=EDGE_CURVE('',#1088,#1100,#197,.T.);
#1360=EDGE_CURVE('',#1100,#1099,#198,.T.);
#1361=EDGE_CURVE('',#1087,#1101,#199,.T.);
#1362=EDGE_CURVE('',#1101,#1100,#750,.T.);
#1363=EDGE_CURVE('',#1086,#1102,#200,.T.);
#1364=EDGE_CURVE('',#1102,#1101,#201,.T.);
#1365=EDGE_CURVE('',#1085,#1103,#202,.T.);
#1366=EDGE_CURVE('',#1103,#1102,#751,.T.);
#1367=EDGE_CURVE('',#1078,#1084,#752,.T.);
#1368=EDGE_CURVE('',#1104,#1077,#203,.T.);
#1369=EDGE_CURVE('',#1104,#1105,#753,.T.);
#1370=EDGE_CURVE('',#1105,#1106,#754,.T.);
#1371=EDGE_CURVE('',#1106,#1103,#755,.T.);
#1372=EDGE_CURVE('',#1097,#1107,#756,.T.);
#1373=EDGE_CURVE('',#1108,#1107,#89,.T.);
#1374=EDGE_CURVE('',#1091,#1108,#204,.T.);
#1375=EDGE_CURVE('',#1094,#1109,#205,.T.);
#1376=EDGE_CURVE('',#1109,#1080,#206,.T.);
#1377=EDGE_CURVE('',#1093,#1110,#207,.T.);
#1378=EDGE_CURVE('',#1110,#1109,#757,.T.);
#1379=EDGE_CURVE('',#1092,#1111,#208,.T.);
#1380=EDGE_CURVE('',#1111,#1110,#209,.T.);
#1381=EDGE_CURVE('',#1108,#1112,#210,.T.);
#1382=EDGE_CURVE('',#1112,#1111,#90,.T.);
#1383=EDGE_CURVE('',#1092,#1108,#91,.T.);
#1384=EDGE_CURVE('',#1107,#1113,#211,.T.);
#1385=EDGE_CURVE('',#1113,#1112,#92,.T.);
#1386=EDGE_CURVE('',#1114,#1115,#212,.T.);
#1387=EDGE_CURVE('',#1115,#1116,#19,.T.);
#1388=EDGE_CURVE('',#1116,#1114,#20,.T.);
#1389=EDGE_CURVE('',#1117,#1072,#213,.T.);
#1390=EDGE_CURVE('',#1072,#1115,#21,.T.);
#1391=EDGE_CURVE('',#1114,#1117,#22,.T.);
#1392=EDGE_CURVE('',#1118,#1073,#214,.T.);
#1393=EDGE_CURVE('',#1117,#1118,#758,.T.);
#1394=EDGE_CURVE('',#1119,#1074,#215,.T.);
#1395=EDGE_CURVE('',#1118,#1119,#216,.T.);
#1396=EDGE_CURVE('',#1120,#1075,#217,.T.);
#1397=EDGE_CURVE('',#1119,#1120,#759,.T.);
#1398=EDGE_CURVE('',#1121,#1076,#218,.T.);
#1399=EDGE_CURVE('',#1120,#1121,#219,.T.);
#1400=EDGE_CURVE('',#1121,#1104,#760,.T.);
#1401=EDGE_CURVE('',#1122,#1121,#761,.T.);
#1402=EDGE_CURVE('',#1123,#1122,#23,.T.);
#1403=EDGE_CURVE('',#1124,#1123,#762,.T.);
#1404=EDGE_CURVE('',#1105,#1124,#24,.T.);
#1405=EDGE_CURVE('',#1125,#1125,#220,.T.);
#1406=EDGE_CURVE('',#1120,#1126,#763,.T.);
#1407=EDGE_CURVE('',#1122,#1126,#93,.T.);
#1408=EDGE_CURVE('',#1127,#1119,#764,.T.);
#1409=EDGE_CURVE('',#1127,#1128,#25,.T.);
#1410=EDGE_CURVE('',#1128,#1126,#94,.T.);
#1411=EDGE_CURVE('',#1118,#1129,#765,.T.);
#1412=EDGE_CURVE('',#1127,#1129,#26,.T.);
#1413=EDGE_CURVE('',#1130,#1114,#766,.T.);
#1414=EDGE_CURVE('',#1129,#1130,#767,.T.);
#1415=EDGE_CURVE('',#1116,#1131,#768,.T.);
#1416=EDGE_CURVE('',#1130,#1131,#221,.T.);
#1417=EDGE_CURVE('',#1132,#1068,#222,.T.);
#1418=EDGE_CURVE('',#1079,#1132,#223,.T.);
#1419=EDGE_CURVE('',#1133,#1069,#224,.T.);
#1420=EDGE_CURVE('',#1132,#1133,#769,.T.);
#1421=EDGE_CURVE('',#1134,#1070,#225,.T.);
#1422=EDGE_CURVE('',#1133,#1134,#226,.T.);
#1423=EDGE_CURVE('',#1135,#1136,#227,.T.);
#1424=EDGE_CURVE('',#1136,#1070,#95,.T.);
#1425=EDGE_CURVE('',#1134,#1135,#96,.T.);
#1426=EDGE_CURVE('',#1137,#1138,#228,.T.);
#1427=EDGE_CURVE('',#1138,#1136,#97,.T.);
#1428=EDGE_CURVE('',#1135,#1137,#98,.T.);
#1429=EDGE_CURVE('',#1054,#1137,#770,.T.);
#1430=EDGE_CURVE('',#1133,#1110,#771,.T.);
#1431=EDGE_CURVE('',#1043,#1113,#772,.T.);
#1432=EDGE_CURVE('',#1109,#1132,#773,.T.);
#1433=EDGE_CURVE('',#1071,#1136,#229,.T.);
#1434=EDGE_CURVE('',#1138,#1116,#774,.T.);
#1435=EDGE_CURVE('',#1102,#1139,#775,.T.);
#1436=EDGE_CURVE('',#1139,#1140,#99,.T.);
#1437=EDGE_CURVE('',#1140,#1101,#776,.T.);
#1438=EDGE_CURVE('',#1139,#1141,#27,.T.);
#1439=EDGE_CURVE('',#1141,#1142,#230,.T.);
#1440=EDGE_CURVE('',#1142,#1143,#28,.T.);
#1441=EDGE_CURVE('',#1140,#1143,#100,.T.);
#1442=EDGE_CURVE('',#1144,#1145,#231,.T.);
#1443=EDGE_CURVE('',#1145,#1142,#777,.T.);
#1444=EDGE_CURVE('',#1141,#1144,#778,.T.);
#1445=EDGE_CURVE('',#1146,#1106,#101,.F.);
#1446=EDGE_CURVE('',#1146,#1145,#29,.T.);
#1447=EDGE_CURVE('',#1144,#1106,#30,.T.);
#1448=EDGE_CURVE('',#1143,#1147,#31,.T.);
#1449=EDGE_CURVE('',#1100,#1147,#779,.T.);
#1450=EDGE_CURVE('',#1142,#1148,#780,.T.);
#1451=EDGE_CURVE('',#1148,#1149,#232,.T.);
#1452=EDGE_CURVE('',#1149,#1150,#781,.T.);
#1453=EDGE_CURVE('',#1147,#1150,#32,.T.);
#1454=EDGE_CURVE('',#1128,#1151,#33,.T.);
#1455=EDGE_CURVE('',#1151,#1123,#233,.T.);
#1456=EDGE_CURVE('',#1152,#1124,#234,.T.);
#1457=EDGE_CURVE('',#1151,#1152,#782,.T.);
#1458=EDGE_CURVE('',#1153,#1105,#102,.T.);
#1459=EDGE_CURVE('',#1152,#1153,#34,.T.);
#1460=EDGE_CURVE('',#1152,#1154,#783,.T.);
#1461=EDGE_CURVE('',#1154,#1155,#235,.T.);
#1462=EDGE_CURVE('',#1155,#1153,#784,.T.);
#1463=EDGE_CURVE('',#1156,#1151,#785,.T.);
#1464=EDGE_CURVE('',#1157,#1156,#236,.T.);
#1465=EDGE_CURVE('',#1154,#1157,#786,.T.);
#1466=EDGE_CURVE('',#1130,#1156,#237,.T.);
#1467=EDGE_CURVE('',#1158,#1159,#238,.T.);
#1468=EDGE_CURVE('',#1159,#1160,#35,.T.);
#1469=EDGE_CURVE('',#1160,#1161,#239,.T.);
#1470=EDGE_CURVE('',#1161,#1158,#36,.T.);
#1471=EDGE_CURVE('',#1146,#1162,#787,.T.);
#1472=EDGE_CURVE('',#1162,#1163,#240,.T.);
#1473=EDGE_CURVE('',#1163,#1145,#788,.T.);
#1474=EDGE_CURVE('',#1162,#1159,#37,.T.);
#1475=EDGE_CURVE('',#1158,#1163,#38,.T.);
#1476=EDGE_CURVE('',#1164,#1155,#39,.T.);
#1477=EDGE_CURVE('',#1165,#1164,#40,.T.);
#1478=EDGE_CURVE('',#1165,#1160,#789,.T.);
#1479=EDGE_CURVE('',#1164,#1166,#241,.T.);
#1480=EDGE_CURVE('',#1166,#1167,#41,.T.);
#1481=EDGE_CURVE('',#1167,#1165,#242,.T.);
#1482=EDGE_CURVE('',#1154,#1166,#42,.T.);
#1483=EDGE_CURVE('',#1168,#1166,#243,.T.);
#1484=EDGE_CURVE('',#1168,#1167,#790,.T.);
#1485=EDGE_CURVE('',#1131,#1157,#244,.T.);
#1486=EDGE_CURVE('',#1131,#1168,#791,.T.);
#1487=EDGE_CURVE('',#1167,#1169,#792,.T.);
#1488=EDGE_CURVE('',#1169,#1025,#245,.F.);
#1489=EDGE_CURVE('',#1023,#1170,#246,.F.);
#1490=EDGE_CURVE('',#1170,#1161,#793,.T.);
#1491=EDGE_CURVE('',#1171,#1138,#794,.T.);
#1492=EDGE_CURVE('',#1169,#1171,#795,.T.);
#1493=EDGE_CURVE('',#1172,#1173,#247,.T.);
#1494=EDGE_CURVE('',#1173,#1149,#248,.T.);
#1495=EDGE_CURVE('',#1148,#1172,#249,.T.);
#1496=EDGE_CURVE('',#1158,#1174,#250,.T.);
#1497=EDGE_CURVE('',#1174,#1173,#796,.T.);
#1498=EDGE_CURVE('',#1172,#1163,#797,.T.);
#1499=EDGE_CURVE('',#1161,#1174,#798,.T.);
#1500=EDGE_CURVE('',#1150,#1099,#799,.T.);
#1501=EDGE_CURVE('',#1096,#1149,#800,.T.);
#1502=EDGE_CURVE('',#1173,#1097,#801,.T.);
#1503=EDGE_CURVE('',#1175,#1175,#251,.T.);
#1504=EDGE_CURVE('',#1175,#1125,#802,.T.);
#1505=EDGE_CURVE('',#1176,#1176,#252,.T.);
#1506=EDGE_CURVE('',#1176,#1081,#803,.T.);
#1507=EDGE_CURVE('',#1177,#1177,#253,.T.);
#1508=EDGE_CURVE('',#1177,#1178,#804,.T.);
#1509=EDGE_CURVE('',#1178,#1178,#254,.T.);
#1510=EDGE_CURVE('',#1179,#1179,#255,.T.);
#1511=EDGE_CURVE('',#1179,#1082,#805,.T.);
#1512=EDGE_CURVE('',#1107,#1180,#806,.T.);
#1513=EDGE_CURVE('',#1180,#1181,#256,.F.);
#1514=EDGE_CURVE('',#1181,#1182,#807,.T.);
#1515=EDGE_CURVE('',#1182,#1171,#257,.F.);
#1516=EDGE_CURVE('',#1058,#1064,#808,.T.);
#1517=EDGE_CURVE('',#1183,#1184,#103,.T.);
#1518=EDGE_CURVE('',#1184,#1185,#258,.T.);
#1519=EDGE_CURVE('',#1185,#1020,#259,.T.);
#1520=EDGE_CURVE('',#1020,#1035,#260,.T.);
#1521=EDGE_CURVE('',#1035,#1186,#261,.T.);
#1522=EDGE_CURVE('',#1186,#1183,#262,.T.);
#1523=EDGE_CURVE('',#1030,#1187,#263,.T.);
#1524=EDGE_CURVE('',#1187,#1186,#809,.T.);
#1525=EDGE_CURVE('',#1188,#1189,#104,.T.);
#1526=EDGE_CURVE('',#1189,#1187,#264,.T.);
#1527=EDGE_CURVE('',#1030,#1021,#265,.T.);
#1528=EDGE_CURVE('',#1021,#1190,#266,.T.);
#1529=EDGE_CURVE('',#1190,#1188,#267,.T.);
#1530=EDGE_CURVE('',#1185,#1190,#810,.T.);
#1531=EDGE_CURVE('',#1191,#1184,#811,.T.);
#1532=EDGE_CURVE('',#1192,#1191,#812,.T.);
#1533=EDGE_CURVE('',#1188,#1192,#813,.T.);
#1534=EDGE_CURVE('',#1182,#1189,#814,.T.);
#1535=EDGE_CURVE('',#1183,#1181,#815,.T.);
#1536=EDGE_CURVE('',#1192,#1193,#268,.F.);
#1537=EDGE_CURVE('',#1193,#1194,#816,.T.);
#1538=EDGE_CURVE('',#1194,#1182,#269,.F.);
#1539=EDGE_CURVE('',#1195,#1192,#270,.F.);
#1540=EDGE_CURVE('',#1193,#1195,#271,.F.);
#1541=EDGE_CURVE('',#1196,#1197,#272,.F.);
#1542=EDGE_CURVE('',#1026,#1196,#273,.F.);
#1543=EDGE_CURVE('',#1197,#1026,#274,.F.);
#1544=EDGE_CURVE('',#1171,#1194,#275,.F.);
#1545=EDGE_CURVE('',#1198,#1191,#276,.F.);
#1546=EDGE_CURVE('',#1199,#1198,#277,.F.);
#1547=EDGE_CURVE('',#1191,#1199,#278,.F.);
#1548=EDGE_CURVE('',#1200,#1201,#279,.F.);
#1549=EDGE_CURVE('',#1024,#1200,#280,.F.);
#1550=EDGE_CURVE('',#1201,#1024,#281,.F.);
#1551=EDGE_CURVE('',#1202,#1169,#282,.F.);
#1552=EDGE_CURVE('',#1025,#1202,#283,.F.);
#1553=EDGE_CURVE('',#1202,#1197,#817,.T.);
#1554=EDGE_CURVE('',#1203,#1180,#284,.F.);
#1555=EDGE_CURVE('',#1181,#1203,#285,.F.);
#1556=EDGE_CURVE('',#1204,#1023,#286,.F.);
#1557=EDGE_CURVE('',#1170,#1204,#287,.F.);
#1558=EDGE_CURVE('',#1200,#1204,#818,.T.);
#1559=EDGE_CURVE('',#1180,#1170,#819,.T.);
#1560=EDGE_CURVE('',#1204,#1203,#820,.T.);
#1561=EDGE_CURVE('',#1203,#1198,#821,.T.);
#1562=EDGE_CURVE('',#1194,#1202,#822,.T.);
#1563=EDGE_CURVE('',#1196,#1201,#823,.T.);
#1564=EDGE_CURVE('',#1198,#1200,#824,.T.);
#1565=EDGE_CURVE('',#1201,#1199,#825,.T.);
#1566=EDGE_CURVE('',#1199,#1195,#826,.T.);
#1567=EDGE_CURVE('',#1195,#1196,#827,.T.);
#1568=EDGE_CURVE('',#1197,#1193,#828,.T.);
#1569=EDGE_CURVE('',#1040,#1027,#829,.T.);
#1570=EDGE_CURVE('',#1041,#1028,#830,.T.);
#1571=ORIENTED_EDGE('',*,*,#1205,.F.);
#1572=ORIENTED_EDGE('',*,*,#1206,.F.);
#1573=ORIENTED_EDGE('',*,*,#1207,.F.);
#1574=ORIENTED_EDGE('',*,*,#1208,.T.);
#1575=ORIENTED_EDGE('',*,*,#1209,.F.);
#1576=ORIENTED_EDGE('',*,*,#1208,.F.);
#1577=ORIENTED_EDGE('',*,*,#1210,.F.);
#1578=ORIENTED_EDGE('',*,*,#1211,.T.);
#1579=ORIENTED_EDGE('',*,*,#1212,.F.);
#1580=ORIENTED_EDGE('',*,*,#1211,.F.);
#1581=ORIENTED_EDGE('',*,*,#1213,.F.);
#1582=ORIENTED_EDGE('',*,*,#1214,.T.);
#1583=ORIENTED_EDGE('',*,*,#1215,.F.);
#1584=ORIENTED_EDGE('',*,*,#1214,.F.);
#1585=ORIENTED_EDGE('',*,*,#1216,.F.);
#1586=ORIENTED_EDGE('',*,*,#1206,.T.);
#1587=ORIENTED_EDGE('',*,*,#1217,.T.);
#1588=ORIENTED_EDGE('',*,*,#1218,.T.);
#1589=ORIENTED_EDGE('',*,*,#1219,.T.);
#1590=ORIENTED_EDGE('',*,*,#1220,.T.);
#1591=ORIENTED_EDGE('',*,*,#1221,.T.);
#1592=ORIENTED_EDGE('',*,*,#1222,.T.);
#1593=ORIENTED_EDGE('',*,*,#1219,.F.);
#1594=ORIENTED_EDGE('',*,*,#1223,.T.);
#1595=ORIENTED_EDGE('',*,*,#1224,.T.);
#1596=ORIENTED_EDGE('',*,*,#1225,.T.);
#1597=ORIENTED_EDGE('',*,*,#1221,.F.);
#1598=ORIENTED_EDGE('',*,*,#1226,.T.);
#1599=ORIENTED_EDGE('',*,*,#1227,.T.);
#1600=ORIENTED_EDGE('',*,*,#1228,.T.);
#1601=ORIENTED_EDGE('',*,*,#1224,.F.);
#1602=ORIENTED_EDGE('',*,*,#1229,.T.);
#1603=ORIENTED_EDGE('',*,*,#1230,.T.);
#1604=ORIENTED_EDGE('',*,*,#1231,.T.);
#1605=ORIENTED_EDGE('',*,*,#1227,.F.);
#1606=ORIENTED_EDGE('',*,*,#1232,.T.);
#1607=ORIENTED_EDGE('',*,*,#1233,.T.);
#1608=ORIENTED_EDGE('',*,*,#1234,.T.);
#1609=ORIENTED_EDGE('',*,*,#1230,.F.);
#1610=ORIENTED_EDGE('',*,*,#1235,.T.);
#1611=ORIENTED_EDGE('',*,*,#1236,.T.);
#1612=ORIENTED_EDGE('',*,*,#1237,.T.);
#1613=ORIENTED_EDGE('',*,*,#1233,.F.);
#1614=ORIENTED_EDGE('',*,*,#1238,.T.);
#1615=ORIENTED_EDGE('',*,*,#1236,.F.);
#1616=ORIENTED_EDGE('',*,*,#1239,.T.);
#1617=ORIENTED_EDGE('',*,*,#1217,.F.);
#1618=ORIENTED_EDGE('',*,*,#1240,.T.);
#1619=ORIENTED_EDGE('',*,*,#1229,.F.);
#1620=ORIENTED_EDGE('',*,*,#1241,.T.);
#1621=ORIENTED_EDGE('',*,*,#1242,.T.);
#1622=ORIENTED_EDGE('',*,*,#1243,.T.);
#1623=ORIENTED_EDGE('',*,*,#1226,.F.);
#1624=ORIENTED_EDGE('',*,*,#1244,.F.);
#1625=ORIENTED_EDGE('',*,*,#1245,.F.);
#1626=ORIENTED_EDGE('',*,*,#1241,.F.);
#1627=ORIENTED_EDGE('',*,*,#1223,.F.);
#1628=ORIENTED_EDGE('',*,*,#1246,.T.);
#1629=ORIENTED_EDGE('',*,*,#1247,.T.);
#1630=ORIENTED_EDGE('',*,*,#1244,.T.);
#1631=ORIENTED_EDGE('',*,*,#1218,.F.);
#1632=ORIENTED_EDGE('',*,*,#1248,.F.);
#1633=ORIENTED_EDGE('',*,*,#1249,.T.);
#1634=ORIENTED_EDGE('',*,*,#1250,.F.);
#1635=ORIENTED_EDGE('',*,*,#1251,.F.);
#1636=ORIENTED_EDGE('',*,*,#1252,.T.);
#1637=ORIENTED_EDGE('',*,*,#1253,.T.);
#1638=ORIENTED_EDGE('',*,*,#1246,.F.);
#1639=ORIENTED_EDGE('',*,*,#1254,.F.);
#1640=ORIENTED_EDGE('',*,*,#1255,.F.);
#1641=ORIENTED_EDGE('',*,*,#1256,.F.);
#1642=ORIENTED_EDGE('',*,*,#1257,.F.);
#1643=ORIENTED_EDGE('',*,*,#1258,.T.);
#1644=ORIENTED_EDGE('',*,*,#1259,.T.);
#1645=ORIENTED_EDGE('',*,*,#1220,.F.);
#1646=ORIENTED_EDGE('',*,*,#1222,.F.);
#1647=ORIENTED_EDGE('',*,*,#1225,.F.);
#1648=ORIENTED_EDGE('',*,*,#1228,.F.);
#1649=ORIENTED_EDGE('',*,*,#1231,.F.);
#1650=ORIENTED_EDGE('',*,*,#1234,.F.);
#1651=ORIENTED_EDGE('',*,*,#1237,.F.);
#1652=ORIENTED_EDGE('',*,*,#1240,.F.);
#1653=ORIENTED_EDGE('',*,*,#1232,.F.);
#1654=ORIENTED_EDGE('',*,*,#1243,.F.);
#1655=ORIENTED_EDGE('',*,*,#1260,.T.);
#1656=ORIENTED_EDGE('',*,*,#1261,.F.);
#1657=ORIENTED_EDGE('',*,*,#1262,.F.);
#1658=ORIENTED_EDGE('',*,*,#1263,.F.);
#1659=ORIENTED_EDGE('',*,*,#1264,.F.);
#1660=ORIENTED_EDGE('',*,*,#1265,.F.);
#1661=ORIENTED_EDGE('',*,*,#1266,.F.);
#1662=ORIENTED_EDGE('',*,*,#1267,.T.);
#1663=ORIENTED_EDGE('',*,*,#1268,.T.);
#1664=ORIENTED_EDGE('',*,*,#1269,.F.);
#1665=ORIENTED_EDGE('',*,*,#1213,.T.);
#1666=ORIENTED_EDGE('',*,*,#1210,.T.);
#1667=ORIENTED_EDGE('',*,*,#1207,.T.);
#1668=ORIENTED_EDGE('',*,*,#1216,.T.);
#1669=ORIENTED_EDGE('',*,*,#1239,.F.);
#1670=ORIENTED_EDGE('',*,*,#1270,.T.);
#1671=ORIENTED_EDGE('',*,*,#1271,.T.);
#1672=ORIENTED_EDGE('',*,*,#1248,.T.);
#1673=ORIENTED_EDGE('',*,*,#1235,.F.);
#1674=ORIENTED_EDGE('',*,*,#1269,.T.);
#1675=ORIENTED_EDGE('',*,*,#1272,.T.);
#1676=ORIENTED_EDGE('',*,*,#1273,.T.);
#1677=ORIENTED_EDGE('',*,*,#1238,.F.);
#1678=ORIENTED_EDGE('',*,*,#1273,.F.);
#1679=ORIENTED_EDGE('',*,*,#1274,.F.);
#1680=ORIENTED_EDGE('',*,*,#1270,.F.);
#1681=ORIENTED_EDGE('',*,*,#1274,.T.);
#1682=ORIENTED_EDGE('',*,*,#1272,.F.);
#1683=ORIENTED_EDGE('',*,*,#1268,.F.);
#1684=ORIENTED_EDGE('',*,*,#1275,.F.);
#1685=ORIENTED_EDGE('',*,*,#1249,.F.);
#1686=ORIENTED_EDGE('',*,*,#1271,.F.);
#1687=ORIENTED_EDGE('',*,*,#1276,.T.);
#1688=ORIENTED_EDGE('',*,*,#1245,.T.);
#1689=ORIENTED_EDGE('',*,*,#1247,.F.);
#1690=ORIENTED_EDGE('',*,*,#1253,.F.);
#1691=ORIENTED_EDGE('',*,*,#1277,.F.);
#1692=ORIENTED_EDGE('',*,*,#1260,.F.);
#1693=ORIENTED_EDGE('',*,*,#1242,.F.);
#1694=ORIENTED_EDGE('',*,*,#1278,.T.);
#1695=ORIENTED_EDGE('',*,*,#1279,.F.);
#1696=ORIENTED_EDGE('',*,*,#1280,.T.);
#1697=ORIENTED_EDGE('',*,*,#1281,.T.);
#1698=ORIENTED_EDGE('',*,*,#1282,.T.);
#1699=ORIENTED_EDGE('',*,*,#1283,.F.);
#1700=ORIENTED_EDGE('',*,*,#1282,.F.);
#1701=ORIENTED_EDGE('',*,*,#1284,.T.);
#1702=ORIENTED_EDGE('',*,*,#1285,.T.);
#1703=ORIENTED_EDGE('',*,*,#1286,.T.);
#1704=ORIENTED_EDGE('',*,*,#1287,.T.);
#1705=ORIENTED_EDGE('',*,*,#1288,.T.);
#1706=ORIENTED_EDGE('',*,*,#1289,.T.);
#1707=ORIENTED_EDGE('',*,*,#1290,.T.);
#1708=ORIENTED_EDGE('',*,*,#1287,.F.);
#1709=ORIENTED_EDGE('',*,*,#1291,.T.);
#1710=ORIENTED_EDGE('',*,*,#1292,.F.);
#1711=ORIENTED_EDGE('',*,*,#1293,.T.);
#1712=ORIENTED_EDGE('',*,*,#1289,.F.);
#1713=ORIENTED_EDGE('',*,*,#1280,.F.);
#1714=ORIENTED_EDGE('',*,*,#1294,.F.);
#1715=ORIENTED_EDGE('',*,*,#1291,.F.);
#1716=ORIENTED_EDGE('',*,*,#1286,.F.);
#1717=ORIENTED_EDGE('',*,*,#1295,.T.);
#1718=ORIENTED_EDGE('',*,*,#1288,.F.);
#1719=ORIENTED_EDGE('',*,*,#1296,.T.);
#1720=ORIENTED_EDGE('',*,*,#1297,.T.);
#1721=ORIENTED_EDGE('',*,*,#1293,.F.);
#1722=ORIENTED_EDGE('',*,*,#1298,.T.);
#1723=ORIENTED_EDGE('',*,*,#1296,.F.);
#1724=ORIENTED_EDGE('',*,*,#1290,.F.);
#1725=ORIENTED_EDGE('',*,*,#1299,.T.);
#1726=ORIENTED_EDGE('',*,*,#1300,.F.);
#1727=ORIENTED_EDGE('',*,*,#1301,.T.);
#1728=ORIENTED_EDGE('',*,*,#1264,.T.);
#1729=ORIENTED_EDGE('',*,*,#1302,.T.);
#1730=ORIENTED_EDGE('',*,*,#1265,.T.);
#1731=ORIENTED_EDGE('',*,*,#1301,.F.);
#1732=ORIENTED_EDGE('',*,*,#1303,.T.);
#1733=ORIENTED_EDGE('',*,*,#1299,.F.);
#1734=ORIENTED_EDGE('',*,*,#1263,.T.);
#1735=ORIENTED_EDGE('',*,*,#1304,.T.);
#1736=ORIENTED_EDGE('',*,*,#1305,.T.);
#1737=ORIENTED_EDGE('',*,*,#1306,.T.);
#1738=ORIENTED_EDGE('',*,*,#1307,.T.);
#1739=ORIENTED_EDGE('',*,*,#1308,.T.);
#1740=ORIENTED_EDGE('',*,*,#1309,.T.);
#1741=ORIENTED_EDGE('',*,*,#1310,.T.);
#1742=ORIENTED_EDGE('',*,*,#1311,.T.);
#1743=ORIENTED_EDGE('',*,*,#1308,.F.);
#1744=ORIENTED_EDGE('',*,*,#1312,.T.);
#1745=ORIENTED_EDGE('',*,*,#1306,.F.);
#1746=ORIENTED_EDGE('',*,*,#1313,.T.);
#1747=ORIENTED_EDGE('',*,*,#1314,.T.);
#1748=ORIENTED_EDGE('',*,*,#1315,.T.);
#1749=ORIENTED_EDGE('',*,*,#1316,.T.);
#1750=ORIENTED_EDGE('',*,*,#1315,.F.);
#1751=ORIENTED_EDGE('',*,*,#1317,.T.);
#1752=ORIENTED_EDGE('',*,*,#1310,.F.);
#1753=ORIENTED_EDGE('',*,*,#1307,.F.);
#1754=ORIENTED_EDGE('',*,*,#1318,.F.);
#1755=ORIENTED_EDGE('',*,*,#1319,.F.);
#1756=ORIENTED_EDGE('',*,*,#1320,.F.);
#1757=ORIENTED_EDGE('',*,*,#1321,.F.);
#1758=ORIENTED_EDGE('',*,*,#1322,.F.);
#1759=ORIENTED_EDGE('',*,*,#1323,.F.);
#1760=ORIENTED_EDGE('',*,*,#1324,.F.);
#1761=ORIENTED_EDGE('',*,*,#1325,.F.);
#1762=ORIENTED_EDGE('',*,*,#1326,.F.);
#1763=ORIENTED_EDGE('',*,*,#1327,.F.);
#1764=ORIENTED_EDGE('',*,*,#1328,.F.);
#1765=ORIENTED_EDGE('',*,*,#1329,.T.);
#1766=ORIENTED_EDGE('',*,*,#1330,.T.);
#1767=ORIENTED_EDGE('',*,*,#1312,.F.);
#1768=ORIENTED_EDGE('',*,*,#1331,.T.);
#1769=ORIENTED_EDGE('',*,*,#1332,.T.);
#1770=ORIENTED_EDGE('',*,*,#1318,.T.);
#1771=ORIENTED_EDGE('',*,*,#1311,.F.);
#1772=ORIENTED_EDGE('',*,*,#1333,.F.);
#1773=ORIENTED_EDGE('',*,*,#1334,.F.);
#1774=ORIENTED_EDGE('',*,*,#1331,.F.);
#1775=ORIENTED_EDGE('',*,*,#1335,.T.);
#1776=ORIENTED_EDGE('',*,*,#1336,.T.);
#1777=ORIENTED_EDGE('',*,*,#1317,.F.);
#1778=ORIENTED_EDGE('',*,*,#1337,.T.);
#1779=ORIENTED_EDGE('',*,*,#1338,.T.);
#1780=ORIENTED_EDGE('',*,*,#1333,.T.);
#1781=ORIENTED_EDGE('',*,*,#1314,.F.);
#1782=ORIENTED_EDGE('',*,*,#1339,.F.);
#1783=ORIENTED_EDGE('',*,*,#1340,.F.);
#1784=ORIENTED_EDGE('',*,*,#1341,.F.);
#1785=ORIENTED_EDGE('',*,*,#1342,.F.);
#1786=ORIENTED_EDGE('',*,*,#1343,.F.);
#1787=ORIENTED_EDGE('',*,*,#1344,.F.);
#1788=ORIENTED_EDGE('',*,*,#1345,.F.);
#1789=ORIENTED_EDGE('',*,*,#1346,.F.);
#1790=ORIENTED_EDGE('',*,*,#1347,.F.);
#1791=ORIENTED_EDGE('',*,*,#1348,.F.);
#1792=ORIENTED_EDGE('',*,*,#1349,.F.);
#1793=ORIENTED_EDGE('',*,*,#1350,.F.);
#1794=ORIENTED_EDGE('',*,*,#1337,.F.);
#1795=ORIENTED_EDGE('',*,*,#1351,.T.);
#1796=ORIENTED_EDGE('',*,*,#1352,.T.);
#1797=ORIENTED_EDGE('',*,*,#1353,.T.);
#1798=ORIENTED_EDGE('',*,*,#1354,.T.);
#1799=ORIENTED_EDGE('',*,*,#1355,.T.);
#1800=ORIENTED_EDGE('',*,*,#1351,.F.);
#1801=ORIENTED_EDGE('',*,*,#1356,.T.);
#1802=ORIENTED_EDGE('',*,*,#1357,.T.);
#1803=ORIENTED_EDGE('',*,*,#1358,.T.);
#1804=ORIENTED_EDGE('',*,*,#1354,.F.);
#1805=ORIENTED_EDGE('',*,*,#1345,.T.);
#1806=ORIENTED_EDGE('',*,*,#1359,.T.);
#1807=ORIENTED_EDGE('',*,*,#1360,.T.);
#1808=ORIENTED_EDGE('',*,*,#1357,.F.);
#1809=ORIENTED_EDGE('',*,*,#1344,.T.);
#1810=ORIENTED_EDGE('',*,*,#1361,.T.);
#1811=ORIENTED_EDGE('',*,*,#1362,.T.);
#1812=ORIENTED_EDGE('',*,*,#1359,.F.);
#1813=ORIENTED_EDGE('',*,*,#1343,.T.);
#1814=ORIENTED_EDGE('',*,*,#1363,.T.);
#1815=ORIENTED_EDGE('',*,*,#1364,.T.);
#1816=ORIENTED_EDGE('',*,*,#1361,.F.);
#1817=ORIENTED_EDGE('',*,*,#1342,.T.);
#1818=ORIENTED_EDGE('',*,*,#1365,.T.);
#1819=ORIENTED_EDGE('',*,*,#1366,.T.);
#1820=ORIENTED_EDGE('',*,*,#1363,.F.);
#1821=ORIENTED_EDGE('',*,*,#1341,.T.);
#1822=ORIENTED_EDGE('',*,*,#1365,.F.);
#1823=ORIENTED_EDGE('',*,*,#1340,.T.);
#1824=ORIENTED_EDGE('',*,*,#1367,.F.);
#1825=ORIENTED_EDGE('',*,*,#1329,.F.);
#1826=ORIENTED_EDGE('',*,*,#1368,.F.);
#1827=ORIENTED_EDGE('',*,*,#1369,.T.);
#1828=ORIENTED_EDGE('',*,*,#1370,.T.);
#1829=ORIENTED_EDGE('',*,*,#1371,.T.);
#1830=ORIENTED_EDGE('',*,*,#1356,.F.);
#1831=ORIENTED_EDGE('',*,*,#1353,.F.);
#1832=ORIENTED_EDGE('',*,*,#1372,.T.);
#1833=ORIENTED_EDGE('',*,*,#1373,.F.);
#1834=ORIENTED_EDGE('',*,*,#1374,.F.);
#1835=ORIENTED_EDGE('',*,*,#1346,.T.);
#1836=ORIENTED_EDGE('',*,*,#1375,.T.);
#1837=ORIENTED_EDGE('',*,*,#1376,.T.);
#1838=ORIENTED_EDGE('',*,*,#1338,.F.);
#1839=ORIENTED_EDGE('',*,*,#1350,.T.);
#1840=ORIENTED_EDGE('',*,*,#1377,.T.);
#1841=ORIENTED_EDGE('',*,*,#1378,.T.);
#1842=ORIENTED_EDGE('',*,*,#1375,.F.);
#1843=ORIENTED_EDGE('',*,*,#1349,.T.);
#1844=ORIENTED_EDGE('',*,*,#1379,.T.);
#1845=ORIENTED_EDGE('',*,*,#1380,.T.);
#1846=ORIENTED_EDGE('',*,*,#1377,.F.);
#1847=ORIENTED_EDGE('',*,*,#1348,.T.);
#1848=ORIENTED_EDGE('',*,*,#1381,.T.);
#1849=ORIENTED_EDGE('',*,*,#1382,.T.);
#1850=ORIENTED_EDGE('',*,*,#1379,.F.);
#1851=ORIENTED_EDGE('',*,*,#1383,.T.);
#1852=ORIENTED_EDGE('',*,*,#1384,.T.);
#1853=ORIENTED_EDGE('',*,*,#1385,.T.);
#1854=ORIENTED_EDGE('',*,*,#1381,.F.);
#1855=ORIENTED_EDGE('',*,*,#1373,.T.);
#1856=ORIENTED_EDGE('',*,*,#1383,.F.);
#1857=ORIENTED_EDGE('',*,*,#1347,.T.);
#1858=ORIENTED_EDGE('',*,*,#1374,.T.);
#1859=ORIENTED_EDGE('',*,*,#1386,.T.);
#1860=ORIENTED_EDGE('',*,*,#1387,.T.);
#1861=ORIENTED_EDGE('',*,*,#1388,.T.);
#1862=ORIENTED_EDGE('',*,*,#1389,.T.);
#1863=ORIENTED_EDGE('',*,*,#1390,.T.);
#1864=ORIENTED_EDGE('',*,*,#1386,.F.);
#1865=ORIENTED_EDGE('',*,*,#1391,.T.);
#1866=ORIENTED_EDGE('',*,*,#1392,.T.);
#1867=ORIENTED_EDGE('',*,*,#1324,.T.);
#1868=ORIENTED_EDGE('',*,*,#1389,.F.);
#1869=ORIENTED_EDGE('',*,*,#1393,.T.);
#1870=ORIENTED_EDGE('',*,*,#1394,.T.);
#1871=ORIENTED_EDGE('',*,*,#1325,.T.);
#1872=ORIENTED_EDGE('',*,*,#1392,.F.);
#1873=ORIENTED_EDGE('',*,*,#1395,.T.);
#1874=ORIENTED_EDGE('',*,*,#1396,.T.);
#1875=ORIENTED_EDGE('',*,*,#1326,.T.);
#1876=ORIENTED_EDGE('',*,*,#1394,.F.);
#1877=ORIENTED_EDGE('',*,*,#1397,.T.);
#1878=ORIENTED_EDGE('',*,*,#1398,.T.);
#1879=ORIENTED_EDGE('',*,*,#1327,.T.);
#1880=ORIENTED_EDGE('',*,*,#1396,.F.);
#1881=ORIENTED_EDGE('',*,*,#1399,.T.);
#1882=ORIENTED_EDGE('',*,*,#1368,.T.);
#1883=ORIENTED_EDGE('',*,*,#1328,.T.);
#1884=ORIENTED_EDGE('',*,*,#1398,.F.);
#1885=ORIENTED_EDGE('',*,*,#1400,.T.);
#1886=ORIENTED_EDGE('',*,*,#1400,.F.);
#1887=ORIENTED_EDGE('',*,*,#1401,.F.);
#1888=ORIENTED_EDGE('',*,*,#1402,.F.);
#1889=ORIENTED_EDGE('',*,*,#1403,.F.);
#1890=ORIENTED_EDGE('',*,*,#1404,.F.);
#1891=ORIENTED_EDGE('',*,*,#1369,.F.);
#1892=ORIENTED_EDGE('',*,*,#1405,.T.);
#1893=ORIENTED_EDGE('',*,*,#1399,.F.);
#1894=ORIENTED_EDGE('',*,*,#1406,.T.);
#1895=ORIENTED_EDGE('',*,*,#1407,.F.);
#1896=ORIENTED_EDGE('',*,*,#1401,.T.);
#1897=ORIENTED_EDGE('',*,*,#1397,.F.);
#1898=ORIENTED_EDGE('',*,*,#1408,.F.);
#1899=ORIENTED_EDGE('',*,*,#1409,.T.);
#1900=ORIENTED_EDGE('',*,*,#1410,.T.);
#1901=ORIENTED_EDGE('',*,*,#1406,.F.);
#1902=ORIENTED_EDGE('',*,*,#1395,.F.);
#1903=ORIENTED_EDGE('',*,*,#1411,.T.);
#1904=ORIENTED_EDGE('',*,*,#1412,.F.);
#1905=ORIENTED_EDGE('',*,*,#1408,.T.);
#1906=ORIENTED_EDGE('',*,*,#1393,.F.);
#1907=ORIENTED_EDGE('',*,*,#1391,.F.);
#1908=ORIENTED_EDGE('',*,*,#1413,.F.);
#1909=ORIENTED_EDGE('',*,*,#1414,.F.);
#1910=ORIENTED_EDGE('',*,*,#1411,.F.);
#1911=ORIENTED_EDGE('',*,*,#1388,.F.);
#1912=ORIENTED_EDGE('',*,*,#1415,.T.);
#1913=ORIENTED_EDGE('',*,*,#1416,.F.);
#1914=ORIENTED_EDGE('',*,*,#1413,.T.);
#1915=ORIENTED_EDGE('',*,*,#1417,.T.);
#1916=ORIENTED_EDGE('',*,*,#1319,.T.);
#1917=ORIENTED_EDGE('',*,*,#1332,.F.);
#1918=ORIENTED_EDGE('',*,*,#1418,.T.);
#1919=ORIENTED_EDGE('',*,*,#1419,.T.);
#1920=ORIENTED_EDGE('',*,*,#1320,.T.);
#1921=ORIENTED_EDGE('',*,*,#1417,.F.);
#1922=ORIENTED_EDGE('',*,*,#1420,.T.);
#1923=ORIENTED_EDGE('',*,*,#1421,.T.);
#1924=ORIENTED_EDGE('',*,*,#1321,.T.);
#1925=ORIENTED_EDGE('',*,*,#1419,.F.);
#1926=ORIENTED_EDGE('',*,*,#1422,.T.);
#1927=ORIENTED_EDGE('',*,*,#1423,.T.);
#1928=ORIENTED_EDGE('',*,*,#1424,.T.);
#1929=ORIENTED_EDGE('',*,*,#1421,.F.);
#1930=ORIENTED_EDGE('',*,*,#1425,.T.);
#1931=ORIENTED_EDGE('',*,*,#1426,.T.);
#1932=ORIENTED_EDGE('',*,*,#1427,.T.);
#1933=ORIENTED_EDGE('',*,*,#1423,.F.);
#1934=ORIENTED_EDGE('',*,*,#1428,.T.);
#1935=ORIENTED_EDGE('',*,*,#1297,.F.);
#1936=ORIENTED_EDGE('',*,*,#1429,.T.);
#1937=ORIENTED_EDGE('',*,*,#1428,.F.);
#1938=ORIENTED_EDGE('',*,*,#1425,.F.);
#1939=ORIENTED_EDGE('',*,*,#1422,.F.);
#1940=ORIENTED_EDGE('',*,*,#1430,.T.);
#1941=ORIENTED_EDGE('',*,*,#1380,.F.);
#1942=ORIENTED_EDGE('',*,*,#1382,.F.);
#1943=ORIENTED_EDGE('',*,*,#1385,.F.);
#1944=ORIENTED_EDGE('',*,*,#1431,.F.);
#1945=ORIENTED_EDGE('',*,*,#1283,.T.);
#1946=ORIENTED_EDGE('',*,*,#1284,.F.);
#1947=ORIENTED_EDGE('',*,*,#1281,.F.);
#1948=ORIENTED_EDGE('',*,*,#1295,.F.);
#1949=ORIENTED_EDGE('',*,*,#1285,.F.);
#1950=ORIENTED_EDGE('',*,*,#1378,.F.);
#1951=ORIENTED_EDGE('',*,*,#1430,.F.);
#1952=ORIENTED_EDGE('',*,*,#1420,.F.);
#1953=ORIENTED_EDGE('',*,*,#1432,.F.);
#1954=ORIENTED_EDGE('',*,*,#1376,.F.);
#1955=ORIENTED_EDGE('',*,*,#1432,.T.);
#1956=ORIENTED_EDGE('',*,*,#1418,.F.);
#1957=ORIENTED_EDGE('',*,*,#1334,.T.);
#1958=ORIENTED_EDGE('',*,*,#1390,.F.);
#1959=ORIENTED_EDGE('',*,*,#1323,.T.);
#1960=ORIENTED_EDGE('',*,*,#1433,.T.);
#1961=ORIENTED_EDGE('',*,*,#1427,.F.);
#1962=ORIENTED_EDGE('',*,*,#1434,.T.);
#1963=ORIENTED_EDGE('',*,*,#1387,.F.);
#1964=ORIENTED_EDGE('',*,*,#1424,.F.);
#1965=ORIENTED_EDGE('',*,*,#1433,.F.);
#1966=ORIENTED_EDGE('',*,*,#1322,.T.);
#1967=ORIENTED_EDGE('',*,*,#1364,.F.);
#1968=ORIENTED_EDGE('',*,*,#1435,.T.);
#1969=ORIENTED_EDGE('',*,*,#1436,.T.);
#1970=ORIENTED_EDGE('',*,*,#1437,.T.);
#1971=ORIENTED_EDGE('',*,*,#1438,.T.);
#1972=ORIENTED_EDGE('',*,*,#1439,.T.);
#1973=ORIENTED_EDGE('',*,*,#1440,.T.);
#1974=ORIENTED_EDGE('',*,*,#1441,.F.);
#1975=ORIENTED_EDGE('',*,*,#1436,.F.);
#1976=ORIENTED_EDGE('',*,*,#1442,.T.);
#1977=ORIENTED_EDGE('',*,*,#1443,.T.);
#1978=ORIENTED_EDGE('',*,*,#1439,.F.);
#1979=ORIENTED_EDGE('',*,*,#1444,.T.);
#1980=ORIENTED_EDGE('',*,*,#1445,.F.);
#1981=ORIENTED_EDGE('',*,*,#1446,.T.);
#1982=ORIENTED_EDGE('',*,*,#1442,.F.);
#1983=ORIENTED_EDGE('',*,*,#1447,.T.);
#1984=ORIENTED_EDGE('',*,*,#1362,.F.);
#1985=ORIENTED_EDGE('',*,*,#1437,.F.);
#1986=ORIENTED_EDGE('',*,*,#1441,.T.);
#1987=ORIENTED_EDGE('',*,*,#1448,.T.);
#1988=ORIENTED_EDGE('',*,*,#1449,.F.);
#1989=ORIENTED_EDGE('',*,*,#1440,.F.);
#1990=ORIENTED_EDGE('',*,*,#1450,.T.);
#1991=ORIENTED_EDGE('',*,*,#1451,.T.);
#1992=ORIENTED_EDGE('',*,*,#1452,.T.);
#1993=ORIENTED_EDGE('',*,*,#1453,.F.);
#1994=ORIENTED_EDGE('',*,*,#1448,.F.);
#1995=ORIENTED_EDGE('',*,*,#1454,.T.);
#1996=ORIENTED_EDGE('',*,*,#1455,.T.);
#1997=ORIENTED_EDGE('',*,*,#1402,.T.);
#1998=ORIENTED_EDGE('',*,*,#1407,.T.);
#1999=ORIENTED_EDGE('',*,*,#1410,.F.);
#2000=ORIENTED_EDGE('',*,*,#1456,.T.);
#2001=ORIENTED_EDGE('',*,*,#1403,.T.);
#2002=ORIENTED_EDGE('',*,*,#1455,.F.);
#2003=ORIENTED_EDGE('',*,*,#1457,.T.);
#2004=ORIENTED_EDGE('',*,*,#1458,.T.);
#2005=ORIENTED_EDGE('',*,*,#1404,.T.);
#2006=ORIENTED_EDGE('',*,*,#1456,.F.);
#2007=ORIENTED_EDGE('',*,*,#1459,.T.);
#2008=ORIENTED_EDGE('',*,*,#1459,.F.);
#2009=ORIENTED_EDGE('',*,*,#1460,.T.);
#2010=ORIENTED_EDGE('',*,*,#1461,.T.);
#2011=ORIENTED_EDGE('',*,*,#1462,.T.);
#2012=ORIENTED_EDGE('',*,*,#1457,.F.);
#2013=ORIENTED_EDGE('',*,*,#1463,.F.);
#2014=ORIENTED_EDGE('',*,*,#1464,.F.);
#2015=ORIENTED_EDGE('',*,*,#1465,.F.);
#2016=ORIENTED_EDGE('',*,*,#1460,.F.);
#2017=ORIENTED_EDGE('',*,*,#1454,.F.);
#2018=ORIENTED_EDGE('',*,*,#1409,.F.);
#2019=ORIENTED_EDGE('',*,*,#1412,.T.);
#2020=ORIENTED_EDGE('',*,*,#1414,.T.);
#2021=ORIENTED_EDGE('',*,*,#1466,.T.);
#2022=ORIENTED_EDGE('',*,*,#1463,.T.);
#2023=ORIENTED_EDGE('',*,*,#1467,.T.);
#2024=ORIENTED_EDGE('',*,*,#1468,.T.);
#2025=ORIENTED_EDGE('',*,*,#1469,.T.);
#2026=ORIENTED_EDGE('',*,*,#1470,.T.);
#2027=ORIENTED_EDGE('',*,*,#1446,.F.);
#2028=ORIENTED_EDGE('',*,*,#1471,.T.);
#2029=ORIENTED_EDGE('',*,*,#1472,.T.);
#2030=ORIENTED_EDGE('',*,*,#1473,.T.);
#2031=ORIENTED_EDGE('',*,*,#1472,.F.);
#2032=ORIENTED_EDGE('',*,*,#1474,.T.);
#2033=ORIENTED_EDGE('',*,*,#1467,.F.);
#2034=ORIENTED_EDGE('',*,*,#1475,.T.);
#2035=ORIENTED_EDGE('',*,*,#1468,.F.);
#2036=ORIENTED_EDGE('',*,*,#1474,.F.);
#2037=ORIENTED_EDGE('',*,*,#1471,.F.);
#2038=ORIENTED_EDGE('',*,*,#1445,.T.);
#2039=ORIENTED_EDGE('',*,*,#1370,.F.);
#2040=ORIENTED_EDGE('',*,*,#1458,.F.);
#2041=ORIENTED_EDGE('',*,*,#1462,.F.);
#2042=ORIENTED_EDGE('',*,*,#1476,.F.);
#2043=ORIENTED_EDGE('',*,*,#1477,.F.);
#2044=ORIENTED_EDGE('',*,*,#1478,.T.);
#2045=ORIENTED_EDGE('',*,*,#1479,.T.);
#2046=ORIENTED_EDGE('',*,*,#1480,.T.);
#2047=ORIENTED_EDGE('',*,*,#1481,.T.);
#2048=ORIENTED_EDGE('',*,*,#1477,.T.);
#2049=ORIENTED_EDGE('',*,*,#1461,.F.);
#2050=ORIENTED_EDGE('',*,*,#1482,.T.);
#2051=ORIENTED_EDGE('',*,*,#1479,.F.);
#2052=ORIENTED_EDGE('',*,*,#1476,.T.);
#2053=ORIENTED_EDGE('',*,*,#1480,.F.);
#2054=ORIENTED_EDGE('',*,*,#1483,.F.);
#2055=ORIENTED_EDGE('',*,*,#1484,.T.);
#2056=ORIENTED_EDGE('',*,*,#1482,.F.);
#2057=ORIENTED_EDGE('',*,*,#1465,.T.);
#2058=ORIENTED_EDGE('',*,*,#1485,.F.);
#2059=ORIENTED_EDGE('',*,*,#1486,.T.);
#2060=ORIENTED_EDGE('',*,*,#1483,.T.);
#2061=ORIENTED_EDGE('',*,*,#1485,.T.);
#2062=ORIENTED_EDGE('',*,*,#1464,.T.);
#2063=ORIENTED_EDGE('',*,*,#1466,.F.);
#2064=ORIENTED_EDGE('',*,*,#1416,.T.);
#2065=ORIENTED_EDGE('',*,*,#1478,.F.);
#2066=ORIENTED_EDGE('',*,*,#1481,.F.);
#2067=ORIENTED_EDGE('',*,*,#1487,.T.);
#2068=ORIENTED_EDGE('',*,*,#1488,.T.);
#2069=ORIENTED_EDGE('',*,*,#1255,.T.);
#2070=ORIENTED_EDGE('',*,*,#1489,.T.);
#2071=ORIENTED_EDGE('',*,*,#1490,.T.);
#2072=ORIENTED_EDGE('',*,*,#1469,.F.);
#2073=ORIENTED_EDGE('',*,*,#1434,.F.);
#2074=ORIENTED_EDGE('',*,*,#1491,.F.);
#2075=ORIENTED_EDGE('',*,*,#1492,.F.);
#2076=ORIENTED_EDGE('',*,*,#1487,.F.);
#2077=ORIENTED_EDGE('',*,*,#1484,.F.);
#2078=ORIENTED_EDGE('',*,*,#1486,.F.);
#2079=ORIENTED_EDGE('',*,*,#1415,.F.);
#2080=ORIENTED_EDGE('',*,*,#1212,.T.);
#2081=ORIENTED_EDGE('',*,*,#1215,.T.);
#2082=ORIENTED_EDGE('',*,*,#1205,.T.);
#2083=ORIENTED_EDGE('',*,*,#1209,.T.);
#2084=ORIENTED_EDGE('',*,*,#1493,.T.);
#2085=ORIENTED_EDGE('',*,*,#1494,.T.);
#2086=ORIENTED_EDGE('',*,*,#1451,.F.);
#2087=ORIENTED_EDGE('',*,*,#1495,.T.);
#2088=ORIENTED_EDGE('',*,*,#1475,.F.);
#2089=ORIENTED_EDGE('',*,*,#1496,.T.);
#2090=ORIENTED_EDGE('',*,*,#1497,.T.);
#2091=ORIENTED_EDGE('',*,*,#1493,.F.);
#2092=ORIENTED_EDGE('',*,*,#1498,.T.);
#2093=ORIENTED_EDGE('',*,*,#1470,.F.);
#2094=ORIENTED_EDGE('',*,*,#1499,.T.);
#2095=ORIENTED_EDGE('',*,*,#1496,.F.);
#2096=ORIENTED_EDGE('',*,*,#1443,.F.);
#2097=ORIENTED_EDGE('',*,*,#1473,.F.);
#2098=ORIENTED_EDGE('',*,*,#1498,.F.);
#2099=ORIENTED_EDGE('',*,*,#1495,.F.);
#2100=ORIENTED_EDGE('',*,*,#1450,.F.);
#2101=ORIENTED_EDGE('',*,*,#1360,.F.);
#2102=ORIENTED_EDGE('',*,*,#1449,.T.);
#2103=ORIENTED_EDGE('',*,*,#1453,.T.);
#2104=ORIENTED_EDGE('',*,*,#1500,.T.);
#2105=ORIENTED_EDGE('',*,*,#1358,.F.);
#2106=ORIENTED_EDGE('',*,*,#1500,.F.);
#2107=ORIENTED_EDGE('',*,*,#1452,.F.);
#2108=ORIENTED_EDGE('',*,*,#1501,.F.);
#2109=ORIENTED_EDGE('',*,*,#1355,.F.);
#2110=ORIENTED_EDGE('',*,*,#1352,.F.);
#2111=ORIENTED_EDGE('',*,*,#1501,.T.);
#2112=ORIENTED_EDGE('',*,*,#1494,.F.);
#2113=ORIENTED_EDGE('',*,*,#1502,.T.);
#2114=ORIENTED_EDGE('',*,*,#1503,.F.);
#2115=ORIENTED_EDGE('',*,*,#1504,.T.);
#2116=ORIENTED_EDGE('',*,*,#1405,.F.);
#2117=ORIENTED_EDGE('',*,*,#1504,.F.);
#2118=ORIENTED_EDGE('',*,*,#1505,.F.);
#2119=ORIENTED_EDGE('',*,*,#1506,.T.);
#2120=ORIENTED_EDGE('',*,*,#1335,.F.);
#2121=ORIENTED_EDGE('',*,*,#1506,.F.);
#2122=ORIENTED_EDGE('',*,*,#1507,.F.);
#2123=ORIENTED_EDGE('',*,*,#1508,.T.);
#2124=ORIENTED_EDGE('',*,*,#1509,.F.);
#2125=ORIENTED_EDGE('',*,*,#1508,.F.);
#2126=ORIENTED_EDGE('',*,*,#1510,.F.);
#2127=ORIENTED_EDGE('',*,*,#1511,.T.);
#2128=ORIENTED_EDGE('',*,*,#1336,.F.);
#2129=ORIENTED_EDGE('',*,*,#1511,.F.);
#2130=ORIENTED_EDGE('',*,*,#1292,.T.);
#2131=ORIENTED_EDGE('',*,*,#1294,.T.);
#2132=ORIENTED_EDGE('',*,*,#1279,.T.);
#2133=ORIENTED_EDGE('',*,*,#1431,.T.);
#2134=ORIENTED_EDGE('',*,*,#1384,.F.);
#2135=ORIENTED_EDGE('',*,*,#1512,.T.);
#2136=ORIENTED_EDGE('',*,*,#1513,.T.);
#2137=ORIENTED_EDGE('',*,*,#1514,.T.);
#2138=ORIENTED_EDGE('',*,*,#1515,.T.);
#2139=ORIENTED_EDGE('',*,*,#1491,.T.);
#2140=ORIENTED_EDGE('',*,*,#1426,.F.);
#2141=ORIENTED_EDGE('',*,*,#1429,.F.);
#2142=ORIENTED_EDGE('',*,*,#1298,.F.);
#2143=ORIENTED_EDGE('',*,*,#1366,.F.);
#2144=ORIENTED_EDGE('',*,*,#1371,.F.);
#2145=ORIENTED_EDGE('',*,*,#1447,.F.);
#2146=ORIENTED_EDGE('',*,*,#1444,.F.);
#2147=ORIENTED_EDGE('',*,*,#1438,.F.);
#2148=ORIENTED_EDGE('',*,*,#1435,.F.);
#2149=ORIENTED_EDGE('',*,*,#1509,.T.);
#2150=ORIENTED_EDGE('',*,*,#1305,.F.);
#2151=ORIENTED_EDGE('',*,*,#1516,.T.);
#2152=ORIENTED_EDGE('',*,*,#1316,.F.);
#2153=ORIENTED_EDGE('',*,*,#1309,.F.);
#2154=ORIENTED_EDGE('',*,*,#1304,.F.);
#2155=ORIENTED_EDGE('',*,*,#1330,.F.);
#2156=ORIENTED_EDGE('',*,*,#1367,.T.);
#2157=ORIENTED_EDGE('',*,*,#1339,.T.);
#2158=ORIENTED_EDGE('',*,*,#1313,.F.);
#2159=ORIENTED_EDGE('',*,*,#1516,.F.);
#2160=ORIENTED_EDGE('',*,*,#1503,.T.);
#2161=ORIENTED_EDGE('',*,*,#1505,.T.);
#2162=ORIENTED_EDGE('',*,*,#1507,.T.);
#2163=ORIENTED_EDGE('',*,*,#1510,.T.);
#2164=ORIENTED_EDGE('',*,*,#1517,.T.);
#2165=ORIENTED_EDGE('',*,*,#1518,.T.);
#2166=ORIENTED_EDGE('',*,*,#1519,.T.);
#2167=ORIENTED_EDGE('',*,*,#1520,.T.);
#2168=ORIENTED_EDGE('',*,*,#1521,.T.);
#2169=ORIENTED_EDGE('',*,*,#1522,.T.);
#2170=ORIENTED_EDGE('',*,*,#1303,.F.);
#2171=ORIENTED_EDGE('',*,*,#1262,.T.);
#2172=ORIENTED_EDGE('',*,*,#1523,.T.);
#2173=ORIENTED_EDGE('',*,*,#1524,.T.);
#2174=ORIENTED_EDGE('',*,*,#1521,.F.);
#2175=ORIENTED_EDGE('',*,*,#1266,.T.);
#2176=ORIENTED_EDGE('',*,*,#1302,.F.);
#2177=ORIENTED_EDGE('',*,*,#1300,.T.);
#2178=ORIENTED_EDGE('',*,*,#1525,.T.);
#2179=ORIENTED_EDGE('',*,*,#1526,.T.);
#2180=ORIENTED_EDGE('',*,*,#1523,.F.);
#2181=ORIENTED_EDGE('',*,*,#1527,.T.);
#2182=ORIENTED_EDGE('',*,*,#1528,.T.);
#2183=ORIENTED_EDGE('',*,*,#1529,.T.);
#2184=ORIENTED_EDGE('',*,*,#1519,.F.);
#2185=ORIENTED_EDGE('',*,*,#1530,.T.);
#2186=ORIENTED_EDGE('',*,*,#1528,.F.);
#2187=ORIENTED_EDGE('',*,*,#1251,.T.);
#2188=ORIENTED_EDGE('',*,*,#1520,.F.);
#2189=ORIENTED_EDGE('',*,*,#1250,.T.);
#2190=ORIENTED_EDGE('',*,*,#1275,.T.);
#2191=ORIENTED_EDGE('',*,*,#1267,.F.);
#2192=ORIENTED_EDGE('',*,*,#1518,.F.);
#2193=ORIENTED_EDGE('',*,*,#1531,.F.);
#2194=ORIENTED_EDGE('',*,*,#1532,.F.);
#2195=ORIENTED_EDGE('',*,*,#1533,.F.);
#2196=ORIENTED_EDGE('',*,*,#1529,.F.);
#2197=ORIENTED_EDGE('',*,*,#1530,.F.);
#2198=ORIENTED_EDGE('',*,*,#1522,.F.);
#2199=ORIENTED_EDGE('',*,*,#1524,.F.);
#2200=ORIENTED_EDGE('',*,*,#1526,.F.);
#2201=ORIENTED_EDGE('',*,*,#1534,.F.);
#2202=ORIENTED_EDGE('',*,*,#1514,.F.);
#2203=ORIENTED_EDGE('',*,*,#1535,.F.);
#2204=ORIENTED_EDGE('',*,*,#1525,.F.);
#2205=ORIENTED_EDGE('',*,*,#1533,.T.);
#2206=ORIENTED_EDGE('',*,*,#1536,.T.);
#2207=ORIENTED_EDGE('',*,*,#1537,.T.);
#2208=ORIENTED_EDGE('',*,*,#1538,.T.);
#2209=ORIENTED_EDGE('',*,*,#1534,.T.);
#2210=ORIENTED_EDGE('',*,*,#1539,.F.);
#2211=ORIENTED_EDGE('',*,*,#1540,.F.);
#2212=ORIENTED_EDGE('',*,*,#1536,.F.);
#2213=ORIENTED_EDGE('',*,*,#1541,.F.);
#2214=ORIENTED_EDGE('',*,*,#1542,.F.);
#2215=ORIENTED_EDGE('',*,*,#1543,.F.);
#2216=ORIENTED_EDGE('',*,*,#1538,.F.);
#2217=ORIENTED_EDGE('',*,*,#1544,.F.);
#2218=ORIENTED_EDGE('',*,*,#1515,.F.);
#2219=ORIENTED_EDGE('',*,*,#1545,.F.);
#2220=ORIENTED_EDGE('',*,*,#1546,.F.);
#2221=ORIENTED_EDGE('',*,*,#1547,.F.);
#2222=ORIENTED_EDGE('',*,*,#1548,.F.);
#2223=ORIENTED_EDGE('',*,*,#1549,.F.);
#2224=ORIENTED_EDGE('',*,*,#1550,.F.);
#2225=ORIENTED_EDGE('',*,*,#1551,.F.);
#2226=ORIENTED_EDGE('',*,*,#1552,.F.);
#2227=ORIENTED_EDGE('',*,*,#1488,.F.);
#2228=ORIENTED_EDGE('',*,*,#1552,.T.);
#2229=ORIENTED_EDGE('',*,*,#1553,.T.);
#2230=ORIENTED_EDGE('',*,*,#1543,.T.);
#2231=ORIENTED_EDGE('',*,*,#1256,.T.);
#2232=ORIENTED_EDGE('',*,*,#1513,.F.);
#2233=ORIENTED_EDGE('',*,*,#1554,.F.);
#2234=ORIENTED_EDGE('',*,*,#1555,.F.);
#2235=ORIENTED_EDGE('',*,*,#1489,.F.);
#2236=ORIENTED_EDGE('',*,*,#1556,.F.);
#2237=ORIENTED_EDGE('',*,*,#1557,.F.);
#2238=ORIENTED_EDGE('',*,*,#1549,.T.);
#2239=ORIENTED_EDGE('',*,*,#1558,.T.);
#2240=ORIENTED_EDGE('',*,*,#1556,.T.);
#2241=ORIENTED_EDGE('',*,*,#1254,.T.);
#2242=ORIENTED_EDGE('',*,*,#1554,.T.);
#2243=ORIENTED_EDGE('',*,*,#1559,.T.);
#2244=ORIENTED_EDGE('',*,*,#1557,.T.);
#2245=ORIENTED_EDGE('',*,*,#1560,.T.);
#2246=ORIENTED_EDGE('',*,*,#1517,.F.);
#2247=ORIENTED_EDGE('',*,*,#1535,.T.);
#2248=ORIENTED_EDGE('',*,*,#1555,.T.);
#2249=ORIENTED_EDGE('',*,*,#1561,.T.);
#2250=ORIENTED_EDGE('',*,*,#1545,.T.);
#2251=ORIENTED_EDGE('',*,*,#1531,.T.);
#2252=ORIENTED_EDGE('',*,*,#1544,.T.);
#2253=ORIENTED_EDGE('',*,*,#1562,.T.);
#2254=ORIENTED_EDGE('',*,*,#1551,.T.);
#2255=ORIENTED_EDGE('',*,*,#1492,.T.);
#2256=ORIENTED_EDGE('',*,*,#1542,.T.);
#2257=ORIENTED_EDGE('',*,*,#1563,.T.);
#2258=ORIENTED_EDGE('',*,*,#1550,.T.);
#2259=ORIENTED_EDGE('',*,*,#1257,.T.);
#2260=ORIENTED_EDGE('',*,*,#1546,.T.);
#2261=ORIENTED_EDGE('',*,*,#1564,.T.);
#2262=ORIENTED_EDGE('',*,*,#1548,.T.);
#2263=ORIENTED_EDGE('',*,*,#1565,.T.);
#2264=ORIENTED_EDGE('',*,*,#1539,.T.);
#2265=ORIENTED_EDGE('',*,*,#1532,.T.);
#2266=ORIENTED_EDGE('',*,*,#1547,.T.);
#2267=ORIENTED_EDGE('',*,*,#1566,.T.);
#2268=ORIENTED_EDGE('',*,*,#1540,.T.);
#2269=ORIENTED_EDGE('',*,*,#1567,.T.);
#2270=ORIENTED_EDGE('',*,*,#1541,.T.);
#2271=ORIENTED_EDGE('',*,*,#1568,.T.);
#2272=ORIENTED_EDGE('',*,*,#1553,.F.);
#2273=ORIENTED_EDGE('',*,*,#1562,.F.);
#2274=ORIENTED_EDGE('',*,*,#1537,.F.);
#2275=ORIENTED_EDGE('',*,*,#1568,.F.);
#2276=ORIENTED_EDGE('',*,*,#1558,.F.);
#2277=ORIENTED_EDGE('',*,*,#1564,.F.);
#2278=ORIENTED_EDGE('',*,*,#1561,.F.);
#2279=ORIENTED_EDGE('',*,*,#1560,.F.);
#2280=ORIENTED_EDGE('',*,*,#1502,.F.);
#2281=ORIENTED_EDGE('',*,*,#1497,.F.);
#2282=ORIENTED_EDGE('',*,*,#1499,.F.);
#2283=ORIENTED_EDGE('',*,*,#1490,.F.);
#2284=ORIENTED_EDGE('',*,*,#1559,.F.);
#2285=ORIENTED_EDGE('',*,*,#1512,.F.);
#2286=ORIENTED_EDGE('',*,*,#1372,.F.);
#2287=ORIENTED_EDGE('',*,*,#1563,.F.);
#2288=ORIENTED_EDGE('',*,*,#1567,.F.);
#2289=ORIENTED_EDGE('',*,*,#1566,.F.);
#2290=ORIENTED_EDGE('',*,*,#1565,.F.);
#2291=ORIENTED_EDGE('',*,*,#1276,.F.);
#2292=ORIENTED_EDGE('',*,*,#1569,.T.);
#2293=ORIENTED_EDGE('',*,*,#1258,.F.);
#2294=ORIENTED_EDGE('',*,*,#1569,.F.);
#2295=ORIENTED_EDGE('',*,*,#1278,.F.);
#2296=ORIENTED_EDGE('',*,*,#1570,.T.);
#2297=ORIENTED_EDGE('',*,*,#1259,.F.);
#2298=ORIENTED_EDGE('',*,*,#1570,.F.);
#2299=ORIENTED_EDGE('',*,*,#1527,.F.);
#2300=ORIENTED_EDGE('',*,*,#1261,.T.);
#2301=ORIENTED_EDGE('',*,*,#1277,.T.);
#2302=ORIENTED_EDGE('',*,*,#1252,.F.);
#2303=PLANE('',#2514);
#2304=PLANE('',#2515);
#2305=PLANE('',#2516);
#2306=PLANE('',#2517);
#2307=PLANE('',#2544);
#2308=PLANE('',#2547);
#2309=PLANE('',#2548);
#2310=PLANE('',#2551);
#2311=PLANE('',#2558);
#2312=PLANE('',#2559);
#2313=PLANE('',#2562);
#2314=PLANE('',#2566);
#2315=PLANE('',#2570);
#2316=PLANE('',#2588);
#2317=PLANE('',#2596);
#2318=PLANE('',#2601);
#2319=PLANE('',#2625);
#2320=PLANE('',#2657);
#2321=PLANE('',#2662);
#2322=PLANE('',#2666);
#2323=PLANE('',#2680);
#2324=PLANE('',#2693);
#2325=PLANE('',#2705);
#2326=PLANE('',#2717);
#2327=PLANE('',#2732);
#2328=PLANE('',#2740);
#2329=PLANE('',#2742);
#2330=PLANE('',#2756);
#2331=PLANE('',#2757);
#2332=PLANE('',#2758);
#2333=PLANE('',#2774);
#2334=PLANE('',#2775);
#2335=PLANE('',#2814);
#2336=PLANE('',#2815);
#2337=PLANE('',#2816);
#2338=PLANE('',#2817);
#2339=ADVANCED_FACE('',(#353),#2303,.F.);
#2340=ADVANCED_FACE('',(#354),#2304,.F.);
#2341=ADVANCED_FACE('',(#355),#2305,.F.);
#2342=ADVANCED_FACE('',(#356),#2306,.F.);
#2343=ADVANCED_FACE('',(#357),#288,.T.);
#2344=ADVANCED_FACE('',(#358),#120,.T.);
#2345=ADVANCED_FACE('',(#359),#289,.T.);
#2346=ADVANCED_FACE('',(#360),#121,.T.);
#2347=ADVANCED_FACE('',(#361),#290,.T.);
#2348=ADVANCED_FACE('',(#362),#122,.T.);
#2349=ADVANCED_FACE('',(#363),#291,.T.);
#2350=ADVANCED_FACE('',(#364),#123,.T.);
#2351=ADVANCED_FACE('',(#365),#292,.F.);
#2352=ADVANCED_FACE('',(#366),#2307,.F.);
#2353=ADVANCED_FACE('',(#367),#293,.F.);
#2354=ADVANCED_FACE('',(#368),#2308,.F.);
#2355=ADVANCED_FACE('',(#369,#105,#106,#107),#2309,.F.);
#2356=ADVANCED_FACE('',(#370,#108),#2310,.F.);
#2357=ADVANCED_FACE('',(#371),#294,.F.);
#2358=ADVANCED_FACE('',(#372),#295,.F.);
#2359=ADVANCED_FACE('',(#373),#2311,.F.);
#2360=ADVANCED_FACE('',(#374,#109),#2312,.T.);
#2361=ADVANCED_FACE('',(#375,#110),#2313,.T.);
#2362=ADVANCED_FACE('',(#376),#296,.T.);
#2363=ADVANCED_FACE('',(#377),#2314,.T.);
#2364=ADVANCED_FACE('',(#378),#55,.F.);
#2365=ADVANCED_FACE('',(#379),#56,.F.);
#2366=ADVANCED_FACE('',(#380),#57,.F.);
#2367=ADVANCED_FACE('',(#381),#2315,.T.);
#2368=ADVANCED_FACE('',(#382),#58,.T.);
#2369=ADVANCED_FACE('',(#383),#59,.T.);
#2370=ADVANCED_FACE('',(#384),#297,.T.);
#2371=ADVANCED_FACE('',(#385),#53,.T.);
#2372=ADVANCED_FACE('',(#386),#54,.T.);
#2373=ADVANCED_FACE('',(#387),#298,.T.);
#2374=ADVANCED_FACE('',(#388),#299,.T.);
#2375=ADVANCED_FACE('',(#389),#43,.T.);
#2376=ADVANCED_FACE('',(#390),#300,.T.);
#2377=ADVANCED_FACE('',(#391),#44,.T.);
#2378=ADVANCED_FACE('',(#392),#2316,.T.);
#2379=ADVANCED_FACE('',(#393),#301,.T.);
#2380=ADVANCED_FACE('',(#394,#111,#112),#2317,.T.);
#2381=ADVANCED_FACE('',(#395),#302,.T.);
#2382=ADVANCED_FACE('',(#396),#2318,.F.);
#2383=ADVANCED_FACE('',(#397),#60,.F.);
#2384=ADVANCED_FACE('',(#398),#61,.F.);
#2385=ADVANCED_FACE('',(#399),#303,.T.);
#2386=ADVANCED_FACE('',(#400),#124,.T.);
#2387=ADVANCED_FACE('',(#401),#304,.T.);
#2388=ADVANCED_FACE('',(#402),#125,.T.);
#2389=ADVANCED_FACE('',(#403),#305,.T.);
#2390=ADVANCED_FACE('',(#404),#2319,.T.);
#2391=ADVANCED_FACE('',(#405),#306,.F.);
#2392=ADVANCED_FACE('',(#406),#126,.T.);
#2393=ADVANCED_FACE('',(#407),#307,.T.);
#2394=ADVANCED_FACE('',(#408),#127,.T.);
#2395=ADVANCED_FACE('',(#409),#62,.F.);
#2396=ADVANCED_FACE('',(#410),#63,.F.);
#2397=ADVANCED_FACE('',(#411),#128,.F.);
#2398=ADVANCED_FACE('',(#412),#64,.F.);
#2399=ADVANCED_FACE('',(#413),#65,.F.);
#2400=ADVANCED_FACE('',(#414),#308,.T.);
#2401=ADVANCED_FACE('',(#415),#129,.T.);
#2402=ADVANCED_FACE('',(#416),#309,.T.);
#2403=ADVANCED_FACE('',(#417),#130,.T.);
#2404=ADVANCED_FACE('',(#418),#310,.T.);
#2405=ADVANCED_FACE('',(#419,#113),#2320,.T.);
#2406=ADVANCED_FACE('',(#420),#311,.F.);
#2407=ADVANCED_FACE('',(#421),#2321,.T.);
#2408=ADVANCED_FACE('',(#422),#312,.F.);
#2409=ADVANCED_FACE('',(#423),#2322,.T.);
#2410=ADVANCED_FACE('',(#424),#313,.F.);
#2411=ADVANCED_FACE('',(#425),#131,.T.);
#2412=ADVANCED_FACE('',(#426),#314,.T.);
#2413=ADVANCED_FACE('',(#427),#132,.T.);
#2414=ADVANCED_FACE('',(#428),#66,.F.);
#2415=ADVANCED_FACE('',(#429),#67,.F.);
#2416=ADVANCED_FACE('',(#430),#315,.F.);
#2417=ADVANCED_FACE('',(#431),#2323,.T.);
#2418=ADVANCED_FACE('',(#432),#316,.F.);
#2419=ADVANCED_FACE('',(#433),#317,.F.);
#2420=ADVANCED_FACE('',(#434),#133,.F.);
#2421=ADVANCED_FACE('',(#435),#318,.F.);
#2422=ADVANCED_FACE('',(#436),#68,.T.);
#2423=ADVANCED_FACE('',(#437),#319,.F.);
#2424=ADVANCED_FACE('',(#438),#69,.T.);
#2425=ADVANCED_FACE('',(#439),#2324,.T.);
#2426=ADVANCED_FACE('',(#440),#320,.F.);
#2427=ADVANCED_FACE('',(#441),#70,.T.);
#2428=ADVANCED_FACE('',(#442),#321,.F.);
#2429=ADVANCED_FACE('',(#443),#71,.T.);
#2430=ADVANCED_FACE('',(#444),#322,.T.);
#2431=ADVANCED_FACE('',(#445),#2325,.F.);
#2432=ADVANCED_FACE('',(#446),#323,.F.);
#2433=ADVANCED_FACE('',(#447),#72,.F.);
#2434=ADVANCED_FACE('',(#448),#324,.T.);
#2435=ADVANCED_FACE('',(#449),#73,.F.);
#2436=ADVANCED_FACE('',(#450),#2326,.T.);
#2437=ADVANCED_FACE('',(#451),#74,.F.);
#2438=ADVANCED_FACE('',(#452),#75,.F.);
#2439=ADVANCED_FACE('',(#453),#325,.F.);
#2440=ADVANCED_FACE('',(#454),#326,.F.);
#2441=ADVANCED_FACE('',(#455),#134,.F.);
#2442=ADVANCED_FACE('',(#456),#327,.T.);
#2443=ADVANCED_FACE('',(#457,#114),#2327,.T.);
#2444=ADVANCED_FACE('',(#458),#135,.F.);
#2445=ADVANCED_FACE('',(#459),#328,.F.);
#2446=ADVANCED_FACE('',(#460),#329,.F.);
#2447=ADVANCED_FACE('',(#461),#2328,.T.);
#2448=ADVANCED_FACE('',(#462),#330,.F.);
#2449=ADVANCED_FACE('',(#463),#2329,.T.);
#2450=ADVANCED_FACE('',(#464),#331,.F.);
#2451=ADVANCED_FACE('',(#465),#332,.F.);
#2452=ADVANCED_FACE('',(#466),#333,.F.);
#2453=ADVANCED_FACE('',(#467),#334,.F.);
#2454=ADVANCED_FACE('',(#468),#335,.F.);
#2455=ADVANCED_FACE('',(#469),#336,.T.);
#2456=ADVANCED_FACE('',(#470,#115),#2330,.T.);
#2457=ADVANCED_FACE('',(#471),#2331,.T.);
#2458=ADVANCED_FACE('',(#472,#116,#117,#118,#119),#2332,.T.);
#2459=ADVANCED_FACE('',(#473),#136,.T.);
#2460=ADVANCED_FACE('',(#474),#337,.T.);
#2461=ADVANCED_FACE('',(#475),#137,.T.);
#2462=ADVANCED_FACE('',(#476),#338,.T.);
#2463=ADVANCED_FACE('',(#477),#339,.F.);
#2464=ADVANCED_FACE('',(#478),#2333,.T.);
#2465=ADVANCED_FACE('',(#479),#2334,.T.);
#2466=ADVANCED_FACE('',(#480),#340,.T.);
#2467=ADVANCED_FACE('',(#481),#45,.T.);
#2468=ADVANCED_FACE('',(#482),#46,.T.);
#2469=ADVANCED_FACE('',(#483),#47,.T.);
#2470=ADVANCED_FACE('',(#484),#48,.T.);
#2471=ADVANCED_FACE('',(#485),#49,.T.);
#2472=ADVANCED_FACE('',(#486),#50,.T.);
#2473=ADVANCED_FACE('',(#487),#341,.T.);
#2474=ADVANCED_FACE('',(#488),#51,.T.);
#2475=ADVANCED_FACE('',(#489),#52,.T.);
#2476=ADVANCED_FACE('',(#490),#342,.T.);
#2477=ADVANCED_FACE('',(#491),#343,.T.);
#2478=ADVANCED_FACE('',(#492),#344,.T.);
#2479=ADVANCED_FACE('',(#493),#345,.T.);
#2480=ADVANCED_FACE('',(#494),#346,.T.);
#2481=ADVANCED_FACE('',(#495),#347,.T.);
#2482=ADVANCED_FACE('',(#496),#348,.T.);
#2483=ADVANCED_FACE('',(#497),#349,.T.);
#2484=ADVANCED_FACE('',(#498),#2335,.T.);
#2485=ADVANCED_FACE('',(#499),#2336,.T.);
#2486=ADVANCED_FACE('',(#500),#2337,.T.);
#2487=ADVANCED_FACE('',(#501),#2338,.T.);
#2488=ADVANCED_FACE('',(#502),#350,.F.);
#2489=ADVANCED_FACE('',(#503),#351,.F.);
#2490=ADVANCED_FACE('',(#504),#352,.F.);
#2491=CLOSED_SHELL('',(#2339,#2340,#2341,#2342,#2343,#2344,#2345,#2346,
#2347,#2348,#2349,#2350,#2351,#2352,#2353,#2354,#2355,#2356,#2357,#2358,
#2359,#2360,#2361,#2362,#2363,#2364,#2365,#2366,#2367,#2368,#2369,#2370,
#2371,#2372,#2373,#2374,#2375,#2376,#2377,#2378,#2379,#2380,#2381,#2382,
#2383,#2384,#2385,#2386,#2387,#2388,#2389,#2390,#2391,#2392,#2393,#2394,
#2395,#2396,#2397,#2398,#2399,#2400,#2401,#2402,#2403,#2404,#2405,#2406,
#2407,#2408,#2409,#2410,#2411,#2412,#2413,#2414,#2415,#2416,#2417,#2418,
#2419,#2420,#2421,#2422,#2423,#2424,#2425,#2426,#2427,#2428,#2429,#2430,
#2431,#2432,#2433,#2434,#2435,#2436,#2437,#2438,#2439,#2440,#2441,#2442,
#2443,#2444,#2445,#2446,#2447,#2448,#2449,#2450,#2451,#2452,#2453,#2454,
#2455,#2456,#2457,#2458,#2459,#2460,#2461,#2462,#2463,#2464,#2465,#2466,
#2467,#2468,#2469,#2470,#2471,#2472,#2473,#2474,#2475,#2476,#2477,#2478,
#2479,#2480,#2481,#2482,#2483,#2484,#2485,#2486,#2487,#2488,#2489,#2490));
#2492=DERIVED_UNIT_ELEMENT(#2495,1.);
#2493=DERIVED_UNIT_ELEMENT(#5177,-3.);
#2494=DIMENSIONAL_EXPONENTS(0.,1.,0.,0.,0.,0.,0.);
#2495=(
CONVERSION_BASED_UNIT('gram',#2497)
MASS_UNIT()
NAMED_UNIT(#2494)
);
#2496=(
MASS_UNIT()
NAMED_UNIT(*)
SI_UNIT(.KILO.,.GRAM.)
);
#2497=MASS_MEASURE_WITH_UNIT(MASS_MEASURE(0.001),#2496);
#2498=DERIVED_UNIT((#2492,#2493));
#2499=MEASURE_REPRESENTATION_ITEM('density measure',
POSITIVE_RATIO_MEASURE(1.),#2498);
#2500=PROPERTY_DEFINITION_REPRESENTATION(#2505,#2502);
#2501=PROPERTY_DEFINITION_REPRESENTATION(#2506,#2503);
#2502=REPRESENTATION('material name',(#2504),#5174);
#2503=REPRESENTATION('density',(#2499),#5174);
#2504=DESCRIPTIVE_REPRESENTATION_ITEM('\X2\4E00822C\X0\','\X2\4E00822C\X0\');
#2505=PROPERTY_DEFINITION('material property','material name',#5184);
#2506=PROPERTY_DEFINITION('material property','density of part',#5184);
#2507=DATE_TIME_ROLE('creation_date');
#2508=APPLIED_DATE_AND_TIME_ASSIGNMENT(#2509,#2507,(#5184));
#2509=DATE_AND_TIME(#2510,#2511);
#2510=CALENDAR_DATE(2023,4,11);
#2511=LOCAL_TIME(0,0,0.,#2512);
#2512=COORDINATED_UNIVERSAL_TIME_OFFSET(0,0,.BEHIND.);
#2513=AXIS2_PLACEMENT_3D('',#3596,#2821,#2822);
#2514=AXIS2_PLACEMENT_3D('',#3597,#2823,#2824);
#2515=AXIS2_PLACEMENT_3D('',#3606,#2829,#2830);
#2516=AXIS2_PLACEMENT_3D('',#3612,#2834,#2835);
#2517=AXIS2_PLACEMENT_3D('',#3618,#2839,#2840);
#2518=AXIS2_PLACEMENT_3D('',#3621,#2843,#2844);
#2519=AXIS2_PLACEMENT_3D('',#3624,#2845,#2846);
#2520=AXIS2_PLACEMENT_3D('',#3628,#2848,#2849);
#2521=AXIS2_PLACEMENT_3D('',#3630,#2851,#2852);
#2522=AXIS2_PLACEMENT_3D('',#3633,#2853,#2854);
#2523=AXIS2_PLACEMENT_3D('',#3634,#2855,#2856);
#2524=AXIS2_PLACEMENT_3D('',#3635,#2857,#2858);
#2525=AXIS2_PLACEMENT_3D('',#3636,#2859,#2860);
#2526=AXIS2_PLACEMENT_3D('',#3639,#2861,#2862);
#2527=AXIS2_PLACEMENT_3D('',#3642,#2865,#2866);
#2528=AXIS2_PLACEMENT_3D('',#3645,#2867,#2868);
#2529=AXIS2_PLACEMENT_3D('',#3646,#2869,#2870);
#2530=AXIS2_PLACEMENT_3D('',#3647,#2871,#2872);
#2531=AXIS2_PLACEMENT_3D('',#3648,#2873,#2874);
#2532=AXIS2_PLACEMENT_3D('',#3651,#2875,#2876);
#2533=AXIS2_PLACEMENT_3D('',#3654,#2879,#2880);
#2534=AXIS2_PLACEMENT_3D('',#3657,#2881,#2882);
#2535=AXIS2_PLACEMENT_3D('',#3658,#2883,#2884);
#2536=AXIS2_PLACEMENT_3D('',#3659,#2885,#2886);
#2537=AXIS2_PLACEMENT_3D('',#3660,#2887,#2888);
#2538=AXIS2_PLACEMENT_3D('',#3663,#2889,#2890);
#2539=AXIS2_PLACEMENT_3D('',#3666,#2893,#2894);
#2540=AXIS2_PLACEMENT_3D('',#3667,#2895,#2896);
#2541=AXIS2_PLACEMENT_3D('',#3668,#2897,#2898);
#2542=AXIS2_PLACEMENT_3D('',#3669,#2899,#2900);
#2543=AXIS2_PLACEMENT_3D('',#3673,#2902,#2903);
#2544=AXIS2_PLACEMENT_3D('',#3675,#2905,#2906);
#2545=AXIS2_PLACEMENT_3D('',#3679,#2909,#2910);
#2546=AXIS2_PLACEMENT_3D('',#3682,#2912,#2913);
#2547=AXIS2_PLACEMENT_3D('',#3683,#2914,#2915);
#2548=AXIS2_PLACEMENT_3D('',#3695,#2922,#2923);
#2549=AXIS2_PLACEMENT_3D('',#3705,#2928,#2929);
#2550=AXIS2_PLACEMENT_3D('',#3707,#2930,#2931);
#2551=AXIS2_PLACEMENT_3D('',#3708,#2932,#2933);
#2552=AXIS2_PLACEMENT_3D('',#3716,#2937,#2938);
#2553=AXIS2_PLACEMENT_3D('',#3720,#2940,#2941);
#2554=AXIS2_PLACEMENT_3D('',#3728,#2946,#2947);
#2555=AXIS2_PLACEMENT_3D('',#3731,#2949,#2950);
#2556=AXIS2_PLACEMENT_3D('',#3732,#2951,#2952);
#2557=AXIS2_PLACEMENT_3D('',#3734,#2953,#2954);
#2558=AXIS2_PLACEMENT_3D('',#3736,#2956,#2957);
#2559=AXIS2_PLACEMENT_3D('',#3738,#2959,#2960);
#2560=AXIS2_PLACEMENT_3D('',#3739,#2961,#2962);
#2561=AXIS2_PLACEMENT_3D('',#3741,#2963,#2964);
#2562=AXIS2_PLACEMENT_3D('',#3742,#2965,#2966);
#2563=AXIS2_PLACEMENT_3D('',#3743,#2967,#2968);
#2564=AXIS2_PLACEMENT_3D('',#3745,#2969,#2970);
#2565=AXIS2_PLACEMENT_3D('',#3746,#2971,#2972);
#2566=AXIS2_PLACEMENT_3D('',#3784,#2975,#2976);
#2567=AXIS2_PLACEMENT_3D('',#3785,#2977,#2978);
#2568=AXIS2_PLACEMENT_3D('',#3922,#2979,#2980);
#2569=AXIS2_PLACEMENT_3D('',#3965,#2981,#2982);
#2570=AXIS2_PLACEMENT_3D('',#4010,#2984,#2985);
#2571=AXIS2_PLACEMENT_3D('',#4064,#2988,#2989);
#2572=AXIS2_PLACEMENT_3D('',#4095,#2990,#2991);
#2573=AXIS2_PLACEMENT_3D('',#4097,#2992,#2993);
#2574=AXIS2_PLACEMENT_3D('',#4100,#2995,#2996);
#2575=AXIS2_PLACEMENT_3D('',#4141,#2997,#2998);
#2576=AXIS2_PLACEMENT_3D('',#4144,#2999,#3000);
#2577=AXIS2_PLACEMENT_3D('',#4148,#3002,#3003);
#2578=AXIS2_PLACEMENT_3D('',#4150,#3005,#3006);
#2579=AXIS2_PLACEMENT_3D('',#4152,#3007,#3008);
#2580=AXIS2_PLACEMENT_3D('',#4156,#3010,#3011);
#2581=AXIS2_PLACEMENT_3D('',#4158,#3013,#3014);
#2582=AXIS2_PLACEMENT_3D('',#4159,#3015,#3016);
#2583=AXIS2_PLACEMENT_3D('',#4160,#3017,#3018);
#2584=AXIS2_PLACEMENT_3D('',#4163,#3019,#3020);
#2585=AXIS2_PLACEMENT_3D('',#4166,#3022,#3023);
#2586=AXIS2_PLACEMENT_3D('',#4168,#3025,#3026);
#2587=AXIS2_PLACEMENT_3D('',#4169,#3027,#3028);
#2588=AXIS2_PLACEMENT_3D('',#4170,#3029,#3030);
#2589=AXIS2_PLACEMENT_3D('',#4174,#3032,#3033);
#2590=AXIS2_PLACEMENT_3D('',#4178,#3035,#3036);
#2591=AXIS2_PLACEMENT_3D('',#4180,#3037,#3038);
#2592=AXIS2_PLACEMENT_3D('',#4186,#3041,#3042);
#2593=AXIS2_PLACEMENT_3D('',#4190,#3044,#3045);
#2594=AXIS2_PLACEMENT_3D('',#4196,#3049,#3050);
#2595=AXIS2_PLACEMENT_3D('',#4199,#3052,#3053);
#2596=AXIS2_PLACEMENT_3D('',#4200,#3054,#3055);
#2597=AXIS2_PLACEMENT_3D('',#4205,#3058,#3059);
#2598=AXIS2_PLACEMENT_3D('',#4207,#3060,#3061);
#2599=AXIS2_PLACEMENT_3D('',#4208,#3062,#3063);
#2600=AXIS2_PLACEMENT_3D('',#4211,#3065,#3066);
#2601=AXIS2_PLACEMENT_3D('',#4212,#3067,#3068);
#2602=AXIS2_PLACEMENT_3D('',#4220,#3072,#3073);
#2603=AXIS2_PLACEMENT_3D('',#4224,#3075,#3076);
#2604=AXIS2_PLACEMENT_3D('',#4230,#3079,#3080);
#2605=AXIS2_PLACEMENT_3D('',#4232,#3081,#3082);
#2606=AXIS2_PLACEMENT_3D('',#4235,#3084,#3085);
#2607=AXIS2_PLACEMENT_3D('',#4263,#3086,#3087);
#2608=AXIS2_PLACEMENT_3D('',#4265,#3088,#3089);
#2609=AXIS2_PLACEMENT_3D('',#4266,#3090,#3091);
#2610=AXIS2_PLACEMENT_3D('',#4293,#3092,#3093);
#2611=AXIS2_PLACEMENT_3D('',#4294,#3094,#3095);
#2612=AXIS2_PLACEMENT_3D('',#4295,#3096,#3097);
#2613=AXIS2_PLACEMENT_3D('',#4296,#3098,#3099);
#2614=AXIS2_PLACEMENT_3D('',#4298,#3100,#3101);
#2615=AXIS2_PLACEMENT_3D('',#4300,#3103,#3104);
#2616=AXIS2_PLACEMENT_3D('',#4302,#3105,#3106);
#2617=AXIS2_PLACEMENT_3D('',#4303,#3107,#3108);
#2618=AXIS2_PLACEMENT_3D('',#4304,#3109,#3110);
#2619=AXIS2_PLACEMENT_3D('',#4306,#3111,#3112);
#2620=AXIS2_PLACEMENT_3D('',#4308,#3114,#3115);
#2621=AXIS2_PLACEMENT_3D('',#4310,#3116,#3117);
#2622=AXIS2_PLACEMENT_3D('',#4311,#3118,#3119);
#2623=AXIS2_PLACEMENT_3D('',#4312,#3120,#3121);
#2624=AXIS2_PLACEMENT_3D('',#4314,#3122,#3123);
#2625=AXIS2_PLACEMENT_3D('',#4316,#3125,#3126);
#2626=AXIS2_PLACEMENT_3D('',#4319,#3128,#3129);
#2627=AXIS2_PLACEMENT_3D('',#4325,#3133,#3134);
#2628=AXIS2_PLACEMENT_3D('',#4335,#3136,#3137);
#2629=AXIS2_PLACEMENT_3D('',#4336,#3138,#3139);
#2630=AXIS2_PLACEMENT_3D('',#4338,#3140,#3141);
#2631=AXIS2_PLACEMENT_3D('',#4339,#3142,#3143);
#2632=AXIS2_PLACEMENT_3D('',#4340,#3144,#3145);
#2633=AXIS2_PLACEMENT_3D('',#4342,#3146,#3147);
#2634=AXIS2_PLACEMENT_3D('',#4344,#3149,#3150);
#2635=AXIS2_PLACEMENT_3D('',#4346,#3151,#3152);
#2636=AXIS2_PLACEMENT_3D('',#4347,#3153,#3154);
#2637=AXIS2_PLACEMENT_3D('',#4369,#3155,#3156);
#2638=AXIS2_PLACEMENT_3D('',#4409,#3157,#3158);
#2639=AXIS2_PLACEMENT_3D('',#4416,#3159,#3160);
#2640=AXIS2_PLACEMENT_3D('',#4444,#3161,#3162);
#2641=AXIS2_PLACEMENT_3D('',#4446,#3163,#3164);
#2642=AXIS2_PLACEMENT_3D('',#4447,#3165,#3166);
#2643=AXIS2_PLACEMENT_3D('',#4474,#3167,#3168);
#2644=AXIS2_PLACEMENT_3D('',#4475,#3169,#3170);
#2645=AXIS2_PLACEMENT_3D('',#4476,#3171,#3172);
#2646=AXIS2_PLACEMENT_3D('',#4477,#3173,#3174);
#2647=AXIS2_PLACEMENT_3D('',#4479,#3175,#3176);
#2648=AXIS2_PLACEMENT_3D('',#4481,#3178,#3179);
#2649=AXIS2_PLACEMENT_3D('',#4483,#3180,#3181);
#2650=AXIS2_PLACEMENT_3D('',#4484,#3182,#3183);
#2651=AXIS2_PLACEMENT_3D('',#4485,#3184,#3185);
#2652=AXIS2_PLACEMENT_3D('',#4487,#3186,#3187);
#2653=AXIS2_PLACEMENT_3D('',#4489,#3189,#3190);
#2654=AXIS2_PLACEMENT_3D('',#4491,#3191,#3192);
#2655=AXIS2_PLACEMENT_3D('',#4492,#3193,#3194);
#2656=AXIS2_PLACEMENT_3D('',#4493,#3195,#3196);
#2657=AXIS2_PLACEMENT_3D('',#4495,#3198,#3199);
#2658=AXIS2_PLACEMENT_3D('',#4499,#3201,#3202);
#2659=AXIS2_PLACEMENT_3D('',#4502,#3204,#3205);
#2660=AXIS2_PLACEMENT_3D('',#4504,#3206,#3207);
#2661=AXIS2_PLACEMENT_3D('',#4505,#3208,#3209);
#2662=AXIS2_PLACEMENT_3D('',#4520,#3211,#3212);
#2663=AXIS2_PLACEMENT_3D('',#4524,#3214,#3215);
#2664=AXIS2_PLACEMENT_3D('',#4531,#3216,#3217);
#2665=AXIS2_PLACEMENT_3D('',#4534,#3219,#3220);
#2666=AXIS2_PLACEMENT_3D('',#4535,#3221,#3222);
#2667=AXIS2_PLACEMENT_3D('',#4539,#3225,#3226);
#2668=AXIS2_PLACEMENT_3D('',#4542,#3228,#3229);
#2669=AXIS2_PLACEMENT_3D('',#4543,#3230,#3231);
#2670=AXIS2_PLACEMENT_3D('',#4545,#3232,#3233);
#2671=AXIS2_PLACEMENT_3D('',#4546,#3234,#3235);
#2672=AXIS2_PLACEMENT_3D('',#4547,#3236,#3237);
#2673=AXIS2_PLACEMENT_3D('',#4549,#3238,#3239);
#2674=AXIS2_PLACEMENT_3D('',#4551,#3241,#3242);
#2675=AXIS2_PLACEMENT_3D('',#4553,#3243,#3244);
#2676=AXIS2_PLACEMENT_3D('',#4554,#3245,#3246);
#2677=AXIS2_PLACEMENT_3D('',#4577,#3247,#3248);
#2678=AXIS2_PLACEMENT_3D('',#4618,#3249,#3250);
#2679=AXIS2_PLACEMENT_3D('',#4631,#3251,#3252);
#2680=AXIS2_PLACEMENT_3D('',#4635,#3256,#3257);
#2681=AXIS2_PLACEMENT_3D('',#4637,#3259,#3260);
#2682=AXIS2_PLACEMENT_3D('',#4638,#3261,#3262);
#2683=AXIS2_PLACEMENT_3D('',#4639,#3263,#3264);
#2684=AXIS2_PLACEMENT_3D('',#4641,#3266,#3267);
#2685=AXIS2_PLACEMENT_3D('',#4642,#3268,#3269);
#2686=AXIS2_PLACEMENT_3D('',#4684,#3272,#3273);
#2687=AXIS2_PLACEMENT_3D('',#4686,#3274,#3275);
#2688=AXIS2_PLACEMENT_3D('',#4688,#3276,#3277);
#2689=AXIS2_PLACEMENT_3D('',#4705,#3278,#3279);
#2690=AXIS2_PLACEMENT_3D('',#4708,#3280,#3281);
#2691=AXIS2_PLACEMENT_3D('',#4752,#3284,#3285);
#2692=AXIS2_PLACEMENT_3D('',#4753,#3286,#3287);
#2693=AXIS2_PLACEMENT_3D('',#4754,#3288,#3289);
#2694=AXIS2_PLACEMENT_3D('',#4756,#3290,#3291);
#2695=AXIS2_PLACEMENT_3D('',#4758,#3293,#3294);
#2696=AXIS2_PLACEMENT_3D('',#4762,#3296,#3297);
#2697=AXIS2_PLACEMENT_3D('',#4765,#3299,#3300);
#2698=AXIS2_PLACEMENT_3D('',#4791,#3301,#3302);
#2699=AXIS2_PLACEMENT_3D('',#4792,#3303,#3304);
#2700=AXIS2_PLACEMENT_3D('',#4793,#3305,#3306);
#2701=AXIS2_PLACEMENT_3D('',#4795,#3307,#3308);
#2702=AXIS2_PLACEMENT_3D('',#4836,#3310,#3311);
#2703=AXIS2_PLACEMENT_3D('',#4837,#3312,#3313);
#2704=AXIS2_PLACEMENT_3D('',#4841,#3315,#3316);
#2705=AXIS2_PLACEMENT_3D('',#4843,#3318,#3319);
#2706=AXIS2_PLACEMENT_3D('',#4847,#3321,#3322);
#2707=AXIS2_PLACEMENT_3D('',#4849,#3324,#3325);
#2708=AXIS2_PLACEMENT_3D('',#4850,#3326,#3327);
#2709=AXIS2_PLACEMENT_3D('',#4873,#3328,#3329);
#2710=AXIS2_PLACEMENT_3D('',#4875,#3330,#3331);
#2711=AXIS2_PLACEMENT_3D('',#4877,#3332,#3333);
#2712=AXIS2_PLACEMENT_3D('',#4878,#3334,#3335);
#2713=AXIS2_PLACEMENT_3D('',#4879,#3336,#3337);
#2714=AXIS2_PLACEMENT_3D('',#4883,#3339,#3340);
#2715=AXIS2_PLACEMENT_3D('',#4910,#3342,#3343);
#2716=AXIS2_PLACEMENT_3D('',#4911,#3344,#3345);
#2717=AXIS2_PLACEMENT_3D('',#4912,#3346,#3347);
#2718=AXIS2_PLACEMENT_3D('',#4914,#3348,#3349);
#2719=AXIS2_PLACEMENT_3D('',#4916,#3350,#3351);
#2720=AXIS2_PLACEMENT_3D('',#4939,#3353,#3354);
#2721=AXIS2_PLACEMENT_3D('',#4941,#3355,#3356);
#2722=AXIS2_PLACEMENT_3D('',#4942,#3357,#3358);
#2723=AXIS2_PLACEMENT_3D('',#4968,#3359,#3360);
#2724=AXIS2_PLACEMENT_3D('',#4969,#3361,#3362);
#2725=AXIS2_PLACEMENT_3D('',#4971,#3363,#3364);
#2726=AXIS2_PLACEMENT_3D('',#4973,#3366,#3367);
#2727=AXIS2_PLACEMENT_3D('',#4974,#3368,#3369);
#2728=AXIS2_PLACEMENT_3D('',#4976,#3371,#3372);
#2729=AXIS2_PLACEMENT_3D('',#4977,#3373,#3374);
#2730=AXIS2_PLACEMENT_3D('',#4980,#3376,#3377);
#2731=AXIS2_PLACEMENT_3D('',#4982,#3378,#3379);
#2732=AXIS2_PLACEMENT_3D('',#4984,#3381,#3382);
#2733=AXIS2_PLACEMENT_3D('',#4988,#3385,#3386);
#2734=AXIS2_PLACEMENT_3D('',#4991,#3387,#3388);
#2735=AXIS2_PLACEMENT_3D('',#4992,#3389,#3390);
#2736=AXIS2_PLACEMENT_3D('',#4993,#3391,#3392);
#2737=AXIS2_PLACEMENT_3D('',#4994,#3393,#3394);
#2738=AXIS2_PLACEMENT_3D('',#4996,#3395,#3396);
#2739=AXIS2_PLACEMENT_3D('',#4999,#3399,#3400);
#2740=AXIS2_PLACEMENT_3D('',#5001,#3402,#3403);
#2741=AXIS2_PLACEMENT_3D('',#5002,#3404,#3405);
#2742=AXIS2_PLACEMENT_3D('',#5004,#3407,#3408);
#2743=AXIS2_PLACEMENT_3D('',#5006,#3410,#3411);
#2744=AXIS2_PLACEMENT_3D('',#5008,#3413,#3414);
#2745=AXIS2_PLACEMENT_3D('',#5010,#3415,#3416);
#2746=AXIS2_PLACEMENT_3D('',#5012,#3418,#3419);
#2747=AXIS2_PLACEMENT_3D('',#5014,#3420,#3421);
#2748=AXIS2_PLACEMENT_3D('',#5016,#3423,#3424);
#2749=AXIS2_PLACEMENT_3D('',#5018,#3425,#3426);
#2750=AXIS2_PLACEMENT_3D('',#5021,#3428,#3429);
#2751=AXIS2_PLACEMENT_3D('',#5022,#3430,#3431);
#2752=AXIS2_PLACEMENT_3D('',#5024,#3432,#3433);
#2753=AXIS2_PLACEMENT_3D('',#5026,#3435,#3436);
#2754=AXIS2_PLACEMENT_3D('',#5030,#3438,#3439);
#2755=AXIS2_PLACEMENT_3D('',#5033,#3441,#3442);
#2756=AXIS2_PLACEMENT_3D('',#5034,#3443,#3444);
#2757=AXIS2_PLACEMENT_3D('',#5035,#3445,#3446);
#2758=AXIS2_PLACEMENT_3D('',#5037,#3448,#3449);
#2759=AXIS2_PLACEMENT_3D('',#5038,#3450,#3451);
#2760=AXIS2_PLACEMENT_3D('',#5056,#3452,#3453);
#2761=AXIS2_PLACEMENT_3D('',#5057,#3454,#3455);
#2762=AXIS2_PLACEMENT_3D('',#5058,#3456,#3457);
#2763=AXIS2_PLACEMENT_3D('',#5060,#3458,#3459);
#2764=AXIS2_PLACEMENT_3D('',#5061,#3460,#3461);
#2765=AXIS2_PLACEMENT_3D('',#5062,#3462,#3463);
#2766=AXIS2_PLACEMENT_3D('',#5064,#3464,#3465);
#2767=AXIS2_PLACEMENT_3D('',#5066,#3467,#3468);
#2768=AXIS2_PLACEMENT_3D('',#5083,#3469,#3470);
#2769=AXIS2_PLACEMENT_3D('',#5084,#3471,#3472);
#2770=AXIS2_PLACEMENT_3D('',#5086,#3473,#3474);
#2771=AXIS2_PLACEMENT_3D('',#5087,#3475,#3476);
#2772=AXIS2_PLACEMENT_3D('',#5088,#3477,#3478);
#2773=AXIS2_PLACEMENT_3D('',#5090,#3480,#3481);
#2774=AXIS2_PLACEMENT_3D('',#5091,#3482,#3483);
#2775=AXIS2_PLACEMENT_3D('',#5097,#3487,#3488);
#2776=AXIS2_PLACEMENT_3D('',#5100,#3491,#3492);
#2777=AXIS2_PLACEMENT_3D('',#5102,#3493,#3494);
#2778=AXIS2_PLACEMENT_3D('',#5105,#3496,#3497);
#2779=AXIS2_PLACEMENT_3D('',#5106,#3498,#3499);
#2780=AXIS2_PLACEMENT_3D('',#5108,#3500,#3501);
#2781=AXIS2_PLACEMENT_3D('',#5109,#3502,#3503);
#2782=AXIS2_PLACEMENT_3D('',#5110,#3504,#3505);
#2783=AXIS2_PLACEMENT_3D('',#5113,#3506,#3507);
#2784=AXIS2_PLACEMENT_3D('',#5114,#3508,#3509);
#2785=AXIS2_PLACEMENT_3D('',#5115,#3510,#3511);
#2786=AXIS2_PLACEMENT_3D('',#5116,#3512,#3513);
#2787=AXIS2_PLACEMENT_3D('',#5117,#3514,#3515);
#2788=AXIS2_PLACEMENT_3D('',#5118,#3516,#3517);
#2789=AXIS2_PLACEMENT_3D('',#5120,#3518,#3519);
#2790=AXIS2_PLACEMENT_3D('',#5122,#3520,#3521);
#2791=AXIS2_PLACEMENT_3D('',#5123,#3522,#3523);
#2792=AXIS2_PLACEMENT_3D('',#5124,#3524,#3525);
#2793=AXIS2_PLACEMENT_3D('',#5127,#3526,#3527);
#2794=AXIS2_PLACEMENT_3D('',#5128,#3528,#3529);
#2795=AXIS2_PLACEMENT_3D('',#5129,#3530,#3531);
#2796=AXIS2_PLACEMENT_3D('',#5130,#3532,#3533);
#2797=AXIS2_PLACEMENT_3D('',#5132,#3534,#3535);
#2798=AXIS2_PLACEMENT_3D('',#5133,#3536,#3537);
#2799=AXIS2_PLACEMENT_3D('',#5134,#3538,#3539);
#2800=AXIS2_PLACEMENT_3D('',#5136,#3541,#3542);
#2801=AXIS2_PLACEMENT_3D('',#5138,#3543,#3544);
#2802=AXIS2_PLACEMENT_3D('',#5139,#3545,#3546);
#2803=AXIS2_PLACEMENT_3D('',#5140,#3547,#3548);
#2804=AXIS2_PLACEMENT_3D('',#5142,#3549,#3550);
#2805=AXIS2_PLACEMENT_3D('',#5143,#3551,#3552);
#2806=AXIS2_PLACEMENT_3D('',#5144,#3553,#3554);
#2807=AXIS2_PLACEMENT_3D('',#5146,#3556,#3557);
#2808=AXIS2_PLACEMENT_3D('',#5149,#3560,#3561);
#2809=AXIS2_PLACEMENT_3D('',#5151,#3563,#3564);
#2810=AXIS2_PLACEMENT_3D('',#5153,#3566,#3567);
#2811=AXIS2_PLACEMENT_3D('',#5155,#3569,#3570);
#2812=AXIS2_PLACEMENT_3D('',#5158,#3573,#3574);
#2813=AXIS2_PLACEMENT_3D('',#5160,#3576,#3577);
#2814=AXIS2_PLACEMENT_3D('',#5163,#3580,#3581);
#2815=AXIS2_PLACEMENT_3D('',#5164,#3582,#3583);
#2816=AXIS2_PLACEMENT_3D('',#5165,#3584,#3585);
#2817=AXIS2_PLACEMENT_3D('',#5166,#3586,#3587);
#2818=AXIS2_PLACEMENT_3D('',#5167,#3588,#3589);
#2819=AXIS2_PLACEMENT_3D('',#5169,#3591,#3592);
#2820=AXIS2_PLACEMENT_3D('',#5171,#3594,#3595);
#2821=DIRECTION('axis',(0.,0.,1.));
#2822=DIRECTION('refdir',(1.,0.,0.));
#2823=DIRECTION('center_axis',(5.73615229389664E-16,4.89877565341574E-31,
-1.));
#2824=DIRECTION('ref_axis',(1.,8.21065259369087E-16,5.73615229389664E-16));
#2825=DIRECTION('',(-1.,6.0681608093924E-32,-5.73615229389664E-16));
#2826=DIRECTION('',(8.5401771125012E-16,-1.,0.));
#2827=DIRECTION('',(1.,8.21065259369087E-16,5.73615229389664E-16));
#2828=DIRECTION('',(8.5401771125012E-16,-1.,0.));
#2829=DIRECTION('center_axis',(-1.,-8.5401771125012E-16,2.77555756156289E-16));
#2830=DIRECTION('ref_axis',(-2.77555756156289E-16,-2.27891388917846E-31,
-1.));
#2831=DIRECTION('',(2.77555756156289E-16,-1.68425296192886E-47,1.));
#2832=DIRECTION('',(-2.77555756156289E-16,-2.27891388917846E-31,-1.));
#2833=DIRECTION('',(8.5401771125012E-16,-1.,0.));
#2834=DIRECTION('center_axis',(-1.29526019539602E-16,-1.10617514754549E-31,
1.));
#2835=DIRECTION('ref_axis',(-1.,-8.21065259369087E-16,-1.29526019539602E-16));
#2836=DIRECTION('',(1.,-6.0681608093924E-32,1.29526019539602E-16));
#2837=DIRECTION('',(-1.,-8.21065259369087E-16,-1.29526019539602E-16));
#2838=DIRECTION('',(8.5401771125012E-16,-1.,0.));
#2839=DIRECTION('center_axis',(1.,8.5401771125012E-16,-2.77555756156289E-16));
#2840=DIRECTION('ref_axis',(2.77555756156289E-16,2.27891388917847E-31,1.));
#2841=DIRECTION('',(-2.77555756156289E-16,1.68425296192887E-47,-1.));
#2842=DIRECTION('',(2.77555756156289E-16,2.27891388917847E-31,1.));
#2843=DIRECTION('center_axis',(-1.,7.13969790755728E-17,0.));
#2844=DIRECTION('ref_axis',(0.,-0.707106781186548,-0.707106781186548));
#2845=DIRECTION('center_axis',(-1.,0.,0.));
#2846=DIRECTION('ref_axis',(0.,0.,-1.));
#2847=DIRECTION('',(-1.,7.13969790755728E-17,0.));
#2848=DIRECTION('center_axis',(1.,0.,0.));
#2849=DIRECTION('ref_axis',(0.,-1.,0.));
#2850=DIRECTION('',(1.,-7.13969790755728E-17,0.));
#2851=DIRECTION('center_axis',(0.,0.,-1.));
#2852=DIRECTION('ref_axis',(-1.,0.,0.));
#2853=DIRECTION('center_axis',(0.,1.,0.));
#2854=DIRECTION('ref_axis',(1.,0.,0.));
#2855=DIRECTION('center_axis',(0.,0.,-1.));
#2856=DIRECTION('ref_axis',(-0.707106781186548,0.707106781186548,0.));
#2857=DIRECTION('center_axis',(0.,0.,1.));
#2858=DIRECTION('ref_axis',(-0.707106781186547,0.707106781186547,0.));
#2859=DIRECTION('center_axis',(0.,-1.,0.));
#2860=DIRECTION('ref_axis',(0.707106781186548,0.,-0.707106781186547));
#2861=DIRECTION('center_axis',(0.,1.,0.));
#2862=DIRECTION('ref_axis',(1.,0.,-1.38777878078144E-16));
#2863=DIRECTION('',(0.,1.,0.));
#2864=DIRECTION('',(0.,-1.,0.));
#2865=DIRECTION('center_axis',(0.,0.,-1.));
#2866=DIRECTION('ref_axis',(-1.,0.,0.));
#2867=DIRECTION('center_axis',(-1.,0.,0.));
#2868=DIRECTION('ref_axis',(0.,1.,0.));
#2869=DIRECTION('center_axis',(0.,0.,-1.));
#2870=DIRECTION('ref_axis',(-0.707106781186547,-0.707106781186548,0.));
#2871=DIRECTION('center_axis',(0.,0.,1.));
#2872=DIRECTION('ref_axis',(-0.707106781186547,-0.707106781186548,0.));
#2873=DIRECTION('center_axis',(1.,8.21065259369087E-16,0.));
#2874=DIRECTION('ref_axis',(0.,0.707106781186548,-0.707106781186548));
#2875=DIRECTION('center_axis',(-1.,0.,0.));
#2876=DIRECTION('ref_axis',(0.,1.,0.));
#2877=DIRECTION('',(-1.,-8.21065259369087E-16,0.));
#2878=DIRECTION('',(1.,8.21065259369087E-16,0.));
#2879=DIRECTION('center_axis',(0.,0.,-1.));
#2880=DIRECTION('ref_axis',(-1.,0.,0.));
#2881=DIRECTION('center_axis',(-1.11022302462516E-15,-1.,0.));
#2882=DIRECTION('ref_axis',(-1.,1.11022302462516E-15,0.));
#2883=DIRECTION('center_axis',(0.,0.,-1.));
#2884=DIRECTION('ref_axis',(0.707106781186548,-0.707106781186547,0.));
#2885=DIRECTION('center_axis',(0.,0.,1.));
#2886=DIRECTION('ref_axis',(0.707106781186548,-0.707106781186547,0.));
#2887=DIRECTION('center_axis',(0.,1.,0.));
#2888=DIRECTION('ref_axis',(-0.707106781186546,0.,-0.707106781186549));
#2889=DIRECTION('center_axis',(0.,-1.,0.));
#2890=DIRECTION('ref_axis',(-1.,0.,-1.38777878078145E-16));
#2891=DIRECTION('',(0.,-1.,0.));
#2892=DIRECTION('',(0.,1.,0.));
#2893=DIRECTION('center_axis',(0.,0.,-1.));
#2894=DIRECTION('ref_axis',(-1.,0.,0.));
#2895=DIRECTION('center_axis',(0.,0.,1.));
#2896=DIRECTION('ref_axis',(0.707106781186548,0.707106781186547,0.));
#2897=DIRECTION('center_axis',(0.,0.,-1.));
#2898=DIRECTION('ref_axis',(0.707106781186548,0.707106781186547,0.));
#2899=DIRECTION('center_axis',(0.,0.,-1.));
#2900=DIRECTION('ref_axis',(-0.707106781186547,-0.707106781186548,0.));
#2901=DIRECTION('',(0.,0.,1.));
#2902=DIRECTION('center_axis',(0.,0.,1.));
#2903=DIRECTION('ref_axis',(-0.707106781186547,-0.707106781186548,0.));
#2904=DIRECTION('',(0.,0.,-1.));
#2905=DIRECTION('center_axis',(-1.,0.,0.));
#2906=DIRECTION('ref_axis',(0.,1.,0.));
#2907=DIRECTION('',(0.,0.,-1.));
#2908=DIRECTION('',(0.,1.,0.));
#2909=DIRECTION('center_axis',(0.,0.,-1.));
#2910=DIRECTION('ref_axis',(-0.707106781186547,0.707106781186547,0.));
#2911=DIRECTION('',(0.,0.,1.));
#2912=DIRECTION('center_axis',(0.,0.,1.));
#2913=DIRECTION('ref_axis',(-0.707106781186547,0.707106781186547,0.));
#2914=DIRECTION('center_axis',(7.13969790755728E-17,1.,0.));
#2915=DIRECTION('ref_axis',(1.,-7.13969790755728E-17,0.));
#2916=DIRECTION('',(0.,0.,-1.));
#2917=DIRECTION('',(1.,-7.13969790755728E-17,0.));
#2918=DIRECTION('',(0.,0.,-1.));
#2919=DIRECTION('',(1.,-7.13969790755728E-17,0.));
#2920=DIRECTION('',(0.,0.,-1.));
#2921=DIRECTION('',(1.,-7.13969790755728E-17,0.));
#2922=DIRECTION('center_axis',(0.,0.,1.));
#2923=DIRECTION('ref_axis',(1.,0.,0.));
#2924=DIRECTION('',(-1.33226762955019E-15,1.,0.));
#2925=DIRECTION('',(1.,-6.0681608093924E-32,0.));
#2926=DIRECTION('',(2.85446803630986E-16,-1.,0.));
#2927=DIRECTION('',(-1.,1.36642833800019E-16,0.));
#2928=DIRECTION('center_axis',(0.,0.,1.));
#2929=DIRECTION('ref_axis',(1.,0.,0.));
#2930=DIRECTION('center_axis',(0.,0.,1.));
#2931=DIRECTION('ref_axis',(1.,0.,0.));
#2932=DIRECTION('center_axis',(8.21065259369087E-16,-1.,0.));
#2933=DIRECTION('ref_axis',(-1.,-8.21065259369087E-16,0.));
#2934=DIRECTION('',(-1.,-8.21065259369087E-16,0.));
#2935=DIRECTION('',(0.,0.,-1.));
#2936=DIRECTION('',(-1.,-8.21065259369087E-16,0.));
#2937=DIRECTION('center_axis',(0.,1.,0.));
#2938=DIRECTION('ref_axis',(-4.14491792928467E-15,0.,1.));
#2939=DIRECTION('',(-1.,-8.21065259369087E-16,0.));
#2940=DIRECTION('center_axis',(0.,1.,0.));
#2941=DIRECTION('ref_axis',(0.,0.,1.));
#2942=DIRECTION('',(-1.,-8.21065259369087E-16,0.));
#2943=DIRECTION('',(0.,0.,-1.));
#2944=DIRECTION('',(-1.,-8.21065259369087E-16,0.));
#2945=DIRECTION('',(0.,0.,1.));
#2946=DIRECTION('center_axis',(0.,0.,-1.));
#2947=DIRECTION('ref_axis',(0.707106781186547,0.707106781186547,0.));
#2948=DIRECTION('',(0.,0.,1.));
#2949=DIRECTION('center_axis',(0.,0.,1.));
#2950=DIRECTION('ref_axis',(0.707106781186547,0.707106781186547,0.));
#2951=DIRECTION('center_axis',(0.,0.,-1.));
#2952=DIRECTION('ref_axis',(0.707106781186548,-0.707106781186547,0.));
#2953=DIRECTION('center_axis',(0.,0.,1.));
#2954=DIRECTION('ref_axis',(0.707106781186548,-0.707106781186547,0.));
#2955=DIRECTION('',(0.,0.,-1.));
#2956=DIRECTION('center_axis',(1.,0.,0.));
#2957=DIRECTION('ref_axis',(0.,-1.,0.));
#2958=DIRECTION('',(0.,-1.,0.));
#2959=DIRECTION('center_axis',(0.,0.,1.));
#2960=DIRECTION('ref_axis',(1.,0.,0.));
#2961=DIRECTION('center_axis',(0.,0.,-1.));
#2962=DIRECTION('ref_axis',(1.,0.,0.));
#2963=DIRECTION('center_axis',(0.,0.,-1.));
#2964=DIRECTION('ref_axis',(1.,0.,0.));
#2965=DIRECTION('center_axis',(0.,0.,1.));
#2966=DIRECTION('ref_axis',(1.,0.,0.));
#2967=DIRECTION('center_axis',(0.,0.,-1.));
#2968=DIRECTION('ref_axis',(1.,0.,0.));
#2969=DIRECTION('center_axis',(0.,0.,-1.));
#2970=DIRECTION('ref_axis',(1.,0.,0.));
#2971=DIRECTION('center_axis',(5.93518690776682E-32,0.978086621992653,-0.20819836665786));
#2972=DIRECTION('ref_axis',(0.707106781186544,0.147218476895738,0.691611682998851));
#2973=DIRECTION('',(-5.93518690776681E-32,-0.978086621992653,0.20819836665786));
#2974=DIRECTION('',(5.93518690776681E-32,0.978086621992653,-0.20819836665786));
#2975=DIRECTION('center_axis',(1.,-6.0681608093924E-32,0.));
#2976=DIRECTION('ref_axis',(0.,0.,-1.));
#2977=DIRECTION('center_axis',(1.,-6.0681608093924E-32,0.));
#2978=DIRECTION('ref_axis',(0.,0.707106781186548,0.707106781186547));
#2979=DIRECTION('center_axis',(0.275843551607206,-0.940139351573065,0.200120800169545));
#2980=DIRECTION('ref_axis',(0.,0.208198366657865,0.978086621992652));
#2981=DIRECTION('center_axis',(0.838031857380773,-0.533664896894269,0.11359746404635));
#2982=DIRECTION('ref_axis',(3.01181302120312E-11,0.208198366703112,0.978086621983021));
#2983=DIRECTION('',(1.,-6.0681608093924E-32,0.));
#2984=DIRECTION('center_axis',(0.,0.20819836665786,0.978086621992653));
#2985=DIRECTION('ref_axis',(5.93518690776681E-32,0.978086621992653,-0.20819836665786));
#2986=DIRECTION('',(1.,-6.0681608093924E-32,0.));
#2987=DIRECTION('',(1.,0.,0.));
#2988=DIRECTION('center_axis',(0.655246465289936,0.741966609729621,0.141907081470154));
#2989=DIRECTION('ref_axis',(0.408525157815504,-0.190032447051581,-0.892745688591889));
#2990=DIRECTION('center_axis',(-1.,-8.21065259369087E-16,0.));
#2991=DIRECTION('ref_axis',(0.,0.903512086624647,0.428562608405325));
#2992=DIRECTION('center_axis',(1.,1.77635683940025E-15,3.99934482108772E-16));
#2993=DIRECTION('ref_axis',(-1.77635683940025E-15,1.,0.));
#2994=DIRECTION('',(-1.,-8.21065259369088E-16,0.));
#2995=DIRECTION('center_axis',(-1.,0.,0.));
#2996=DIRECTION('ref_axis',(0.,0.903512086624647,0.428562608405325));
#2997=DIRECTION('center_axis',(0.,0.90630778703665,-0.4226182617407));
#2998=DIRECTION('ref_axis',(-0.707106781186546,0.29883623873012,0.64085638205579));
#2999=DIRECTION('center_axis',(0.,0.90630778703665,-0.4226182617407));
#3000=DIRECTION('ref_axis',(-0.707106781186546,0.29883623873012,0.64085638205579));
#3001=DIRECTION('',(0.,0.906307787036649,-0.4226182617407));
#3002=DIRECTION('center_axis',(0.,-0.906307787036649,0.422618261740701));
#3003=DIRECTION('ref_axis',(0.,0.422618261740701,0.906307787036649));
#3004=DIRECTION('',(0.,-0.90630778703665,0.4226182617407));
#3005=DIRECTION('center_axis',(1.,0.,0.));
#3006=DIRECTION('ref_axis',(0.,0.939692620785907,0.342020143325673));
#3007=DIRECTION('center_axis',(1.,0.,0.));
#3008=DIRECTION('ref_axis',(0.,0.90630778703665,-0.422618261740699));
#3009=DIRECTION('',(1.,0.,0.));
#3010=DIRECTION('center_axis',(-1.,0.,0.));
#3011=DIRECTION('ref_axis',(0.,0.422618261740699,0.90630778703665));
#3012=DIRECTION('',(-1.,0.,0.));
#3013=DIRECTION('center_axis',(0.,0.,1.));
#3014=DIRECTION('ref_axis',(1.,0.,0.));
#3015=DIRECTION('center_axis',(0.,0.4226182617407,0.90630778703665));
#3016=DIRECTION('ref_axis',(-0.707106781186548,0.640856382055788,-0.298836238730119));
#3017=DIRECTION('center_axis',(1.09992427890859E-31,0.90630778703665,-0.4226182617407));
#3018=DIRECTION('ref_axis',(0.707106781186545,0.298836238730123,0.64085638205579));
#3019=DIRECTION('center_axis',(0.,0.90630778703665,-0.4226182617407));
#3020=DIRECTION('ref_axis',(0.707106781186545,0.298836238730123,0.64085638205579));
#3021=DIRECTION('',(1.09992427890859E-31,0.90630778703665,-0.4226182617407));
#3022=DIRECTION('center_axis',(0.,-0.906307787036649,0.422618261740701));
#3023=DIRECTION('ref_axis',(1.,0.,0.));
#3024=DIRECTION('',(-1.09992427890859E-31,-0.906307787036649,0.4226182617407));
#3025=DIRECTION('center_axis',(0.,0.,1.));
#3026=DIRECTION('ref_axis',(1.,0.,0.));
#3027=DIRECTION('center_axis',(5.12903114645691E-32,0.4226182617407,0.90630778703665));
#3028=DIRECTION('ref_axis',(0.707106781186548,0.640856382055788,-0.298836238730119));
#3029=DIRECTION('center_axis',(-1.,0.,0.));
#3030=DIRECTION('ref_axis',(0.,0.,1.));
#3031=DIRECTION('',(0.,0.4226182617407,0.90630778703665));
#3032=DIRECTION('center_axis',(-1.,0.,0.));
#3033=DIRECTION('ref_axis',(0.,-0.984807753012208,-0.173648177666932));
#3034=DIRECTION('',(0.,-0.707106781186548,0.707106781186548));
#3035=DIRECTION('center_axis',(-1.,0.,0.));
#3036=DIRECTION('ref_axis',(0.,-0.551472899648593,-0.834192808020528));
#3037=DIRECTION('center_axis',(-1.,0.,0.));
#3038=DIRECTION('ref_axis',(0.,-0.770666303131389,0.63723892632026));
#3039=DIRECTION('',(0.,0.,1.));
#3040=DIRECTION('',(0.,0.707106781186548,-0.707106781186547));
#3041=DIRECTION('center_axis',(-1.,0.,0.));
#3042=DIRECTION('ref_axis',(0.,0.477287541161974,0.878747178118688));
#3043=DIRECTION('',(0.,0.978086621992653,-0.20819836665786));
#3044=DIRECTION('center_axis',(-1.,0.,0.));
#3045=DIRECTION('ref_axis',(0.,-0.446066660394667,0.894999739935353));
#3046=DIRECTION('',(0.,0.4226182617407,0.90630778703665));
#3047=DIRECTION('',(-5.49962139454295E-32,-0.906307787036649,0.4226182617407));
#3048=DIRECTION('',(2.56451557322845E-32,0.422618261740699,0.90630778703665));
#3049=DIRECTION('center_axis',(0.,-0.4226182617407,-0.90630778703665));
#3050=DIRECTION('ref_axis',(-0.707106781186548,0.640856382055789,-0.298836238730118));
#3051=DIRECTION('',(0.,-0.4226182617407,-0.90630778703665));
#3052=DIRECTION('center_axis',(0.,0.422618261740701,0.906307787036649));
#3053=DIRECTION('ref_axis',(0.,0.906307787036649,-0.422618261740701));
#3054=DIRECTION('center_axis',(0.,0.90630778703665,-0.4226182617407));
#3055=DIRECTION('ref_axis',(-2.56451557322846E-32,-0.4226182617407,-0.90630778703665));
#3056=DIRECTION('',(5.12903114645691E-32,0.4226182617407,0.90630778703665));
#3057=DIRECTION('',(1.,0.,0.));
#3058=DIRECTION('center_axis',(0.,-0.90630778703665,0.4226182617407));
#3059=DIRECTION('ref_axis',(1.,0.,0.));
#3060=DIRECTION('center_axis',(0.,-0.90630778703665,0.4226182617407));
#3061=DIRECTION('ref_axis',(1.,0.,0.));
#3062=DIRECTION('center_axis',(-5.12903114645691E-32,-0.4226182617407,-0.90630778703665));
#3063=DIRECTION('ref_axis',(0.707106781186548,0.640856382055789,-0.298836238730118));
#3064=DIRECTION('',(-5.12903114645691E-32,-0.4226182617407,-0.90630778703665));
#3065=DIRECTION('center_axis',(0.,0.422618261740701,0.906307787036649));
#3066=DIRECTION('ref_axis',(1.,0.,0.));
#3067=DIRECTION('center_axis',(-1.,1.21363216187848E-31,0.));
#3068=DIRECTION('ref_axis',(0.,0.,1.));
#3069=DIRECTION('',(2.56451557322845E-32,0.422618261740699,0.90630778703665));
#3070=DIRECTION('',(-5.49962139454295E-32,-0.906307787036649,0.4226182617407));
#3071=DIRECTION('',(-5.12903114645691E-32,-0.4226182617407,-0.90630778703665));
#3072=DIRECTION('center_axis',(1.,-1.21363216187848E-31,0.));
#3073=DIRECTION('ref_axis',(-5.41360845396693E-32,-0.446066660394667,0.894999739935353));
#3074=DIRECTION('',(-1.18703738155336E-31,-0.978086621992653,0.20819836665786));
#3075=DIRECTION('center_axis',(1.,-1.21363216187848E-31,0.));
#3076=DIRECTION('ref_axis',(5.79251510418071E-32,0.477287541161974,0.878747178118688));
#3077=DIRECTION('',(-8.58167531530363E-32,-0.707106781186548,0.707106781186547));
#3078=DIRECTION('',(0.,0.,-1.));
#3079=DIRECTION('center_axis',(1.,-1.21363216187848E-31,0.));
#3080=DIRECTION('ref_axis',(-9.35305411556243E-32,-0.770666303131389,0.63723892632026));
#3081=DIRECTION('center_axis',(1.,-1.21363216187848E-31,0.));
#3082=DIRECTION('ref_axis',(-6.69285247417915E-32,-0.551472899648593,-0.834192808020528));
#3083=DIRECTION('',(8.58167531530363E-32,0.707106781186548,-0.707106781186548));
#3084=DIRECTION('center_axis',(1.,-1.21363216187848E-31,0.));
#3085=DIRECTION('ref_axis',(-1.19519436232289E-31,-0.984807753012208,-0.173648177666932));
#3086=DIRECTION('center_axis',(0.577350269189629,0.577350269189627,-0.577350269189622));
#3087=DIRECTION('ref_axis',(0.707106781186547,-0.707106781186548,2.22044604925032E-15));
#3088=DIRECTION('center_axis',(-0.64018439966448,0.,-0.768221279597376));
#3089=DIRECTION('ref_axis',(-0.768221279597376,1.42149492102668E-16,0.64018439966448));
#3090=DIRECTION('center_axis',(0.768221279597376,-1.42149492102668E-16,
0.64018439966448));
#3091=DIRECTION('ref_axis',(-0.64018439966448,1.42149492102668E-16,0.768221279597376));
#3092=DIRECTION('center_axis',(3.92523114670942E-16,0.707106781186548,-0.707106781186547));
#3093=DIRECTION('ref_axis',(1.,-5.55111512312575E-16,0.));
#3094=DIRECTION('center_axis',(0.,-0.707106781186547,-0.707106781186548));
#3095=DIRECTION('ref_axis',(0.,0.707106781186548,-0.707106781186547));
#3096=DIRECTION('center_axis',(0.,0.768221279597376,0.64018439966448));
#3097=DIRECTION('ref_axis',(0.,0.64018439966448,-0.768221279597376));
#3098=DIRECTION('center_axis',(8.58167531530363E-32,0.707106781186548,-0.707106781186547));
#3099=DIRECTION('ref_axis',(0.707106781186545,-0.500000000000002,-0.500000000000002));
#3100=DIRECTION('center_axis',(0.,0.707106781186548,-0.707106781186548));
#3101=DIRECTION('ref_axis',(1.,0.,0.));
#3102=DIRECTION('',(8.58167531530363E-32,0.707106781186548,-0.707106781186547));
#3103=DIRECTION('center_axis',(1.,-1.21363216187848E-31,0.));
#3104=DIRECTION('ref_axis',(0.,0.,-1.));
#3105=DIRECTION('center_axis',(0.,0.978086621992653,-0.208198366657861));
#3106=DIRECTION('ref_axis',(1.,0.,0.));
#3107=DIRECTION('center_axis',(-1.,1.21363216187848E-31,0.));
#3108=DIRECTION('ref_axis',(0.,0.477287541161974,0.878747178118688));
#3109=DIRECTION('center_axis',(1.18703738155336E-31,0.978086621992653,-0.20819836665786));
#3110=DIRECTION('ref_axis',(0.707106781186546,-0.147218476895736,-0.69161168299885));
#3111=DIRECTION('center_axis',(0.,0.978086621992653,-0.208198366657859));
#3112=DIRECTION('ref_axis',(1.,0.,0.));
#3113=DIRECTION('',(1.18703738155336E-31,0.978086621992653,-0.20819836665786));
#3114=DIRECTION('center_axis',(1.,-1.21363216187848E-31,0.));
#3115=DIRECTION('ref_axis',(0.,-0.446066660394667,0.894999739935353));
#3116=DIRECTION('center_axis',(0.,0.4226182617407,0.90630778703665));
#3117=DIRECTION('ref_axis',(1.,0.,0.));
#3118=DIRECTION('center_axis',(-1.,1.21363216187848E-31,0.));
#3119=DIRECTION('ref_axis',(0.,-0.446066660394667,0.894999739935353));
#3120=DIRECTION('center_axis',(-5.12903114645691E-32,-0.4226182617407,-0.90630778703665));
#3121=DIRECTION('ref_axis',(0.707106781186548,0.640856382055789,-0.298836238730118));
#3122=DIRECTION('center_axis',(0.,0.4226182617407,0.90630778703665));
#3123=DIRECTION('ref_axis',(0.707106781186548,0.640856382055789,-0.298836238730118));
#3124=DIRECTION('',(5.12903114645691E-32,0.4226182617407,0.90630778703665));
#3125=DIRECTION('center_axis',(0.,-0.4226182617407,-0.90630778703665));
#3126=DIRECTION('ref_axis',(-5.49962139454295E-32,-0.90630778703665,0.4226182617407));
#3127=DIRECTION('',(1.,-1.21363216187848E-31,0.));
#3128=DIRECTION('center_axis',(0.,0.4226182617407,0.90630778703665));
#3129=DIRECTION('ref_axis',(-0.707106781186548,0.640856382055789,-0.298836238730118));
#3130=DIRECTION('',(1.,-1.21363216187848E-31,0.));
#3131=DIRECTION('',(1.,-1.21363216187848E-31,0.));
#3132=DIRECTION('',(1.,-1.21363216187848E-31,0.));
#3133=DIRECTION('center_axis',(0.,0.,-1.));
#3134=DIRECTION('ref_axis',(-0.707106781186547,0.707106781186547,0.));
#3135=DIRECTION('',(0.,0.,1.));
#3136=DIRECTION('center_axis',(0.,0.,-1.));
#3137=DIRECTION('ref_axis',(-1.,0.,0.));
#3138=DIRECTION('center_axis',(1.,-1.21363216187848E-31,0.));
#3139=DIRECTION('ref_axis',(0.,0.,-1.));
#3140=DIRECTION('center_axis',(0.,-0.707106781186549,0.707106781186546));
#3141=DIRECTION('ref_axis',(1.,0.,0.));
#3142=DIRECTION('center_axis',(-1.,1.21363216187848E-31,0.));
#3143=DIRECTION('ref_axis',(0.,-0.984807753012208,-0.173648177666932));
#3144=DIRECTION('center_axis',(-8.58167531530363E-32,-0.707106781186548,
0.707106781186548));
#3145=DIRECTION('ref_axis',(0.707106781186547,0.5,0.5));
#3146=DIRECTION('center_axis',(0.,-0.707106781186546,0.707106781186549));
#3147=DIRECTION('ref_axis',(1.,0.,0.));
#3148=DIRECTION('',(-8.58167531530363E-32,-0.707106781186548,0.707106781186548));
#3149=DIRECTION('center_axis',(-1.,1.21363216187848E-31,0.));
#3150=DIRECTION('ref_axis',(0.,0.,1.));
#3151=DIRECTION('center_axis',(0.,-0.934666174141487,0.355526571321633));
#3152=DIRECTION('ref_axis',(1.,0.,0.));
#3153=DIRECTION('center_axis',(-1.,1.21363216187848E-31,0.));
#3154=DIRECTION('ref_axis',(0.,-0.551472899648593,-0.834192808020528));
#3155=DIRECTION('center_axis',(-0.306188622797565,-0.935023056039815,0.178830679535968));
#3156=DIRECTION('ref_axis',(0.950342709143473,-0.311205294263842,0.));
#3157=DIRECTION('center_axis',(-1.,1.21363216187848E-31,0.));
#3158=DIRECTION('ref_axis',(0.,-0.770666303131389,0.63723892632026));
#3159=DIRECTION('center_axis',(1.,-1.21363216187848E-31,0.));
#3160=DIRECTION('ref_axis',(0.,0.,-1.));
#3161=DIRECTION('center_axis',(-0.577350269189628,0.577350269189625,-0.577350269189625));
#3162=DIRECTION('ref_axis',(0.,-0.707106781186548,-0.707106781186547));
#3163=DIRECTION('center_axis',(-0.768221279597376,-1.42149492102668E-16,
0.64018439966448));
#3164=DIRECTION('ref_axis',(0.64018439966448,0.,0.768221279597376));
#3165=DIRECTION('center_axis',(0.64018439966448,0.,-0.768221279597376));
#3166=DIRECTION('ref_axis',(0.768221279597376,0.,0.64018439966448));
#3167=DIRECTION('center_axis',(-3.92523114670944E-16,0.707106781186548,
-0.707106781186547));
#3168=DIRECTION('ref_axis',(0.,-0.707106781186547,-0.707106781186548));
#3169=DIRECTION('center_axis',(0.,0.768221279597376,0.64018439966448));
#3170=DIRECTION('ref_axis',(0.,0.64018439966448,-0.768221279597376));
#3171=DIRECTION('center_axis',(0.,-0.707106781186547,-0.707106781186548));
#3172=DIRECTION('ref_axis',(0.,0.707106781186548,-0.707106781186547));
#3173=DIRECTION('center_axis',(0.,-0.707106781186548,0.707106781186547));
#3174=DIRECTION('ref_axis',(-0.707106781186545,-0.500000000000002,-0.500000000000002));
#3175=DIRECTION('center_axis',(0.,0.707106781186548,-0.707106781186548));
#3176=DIRECTION('ref_axis',(0.,-0.707106781186548,-0.707106781186548));
#3177=DIRECTION('',(0.,-0.707106781186548,0.707106781186547));
#3178=DIRECTION('center_axis',(-1.,0.,0.));
#3179=DIRECTION('ref_axis',(0.,0.,1.));
#3180=DIRECTION('center_axis',(0.,0.978086621992653,-0.208198366657861));
#3181=DIRECTION('ref_axis',(0.,-0.208198366657861,-0.978086621992653));
#3182=DIRECTION('center_axis',(1.,0.,0.));
#3183=DIRECTION('ref_axis',(0.,0.477287541161974,0.878747178118688));
#3184=DIRECTION('center_axis',(0.,-0.978086621992653,0.20819836665786));
#3185=DIRECTION('ref_axis',(-0.707106781186546,-0.147218476895736,-0.69161168299885));
#3186=DIRECTION('center_axis',(0.,0.978086621992653,-0.208198366657859));
#3187=DIRECTION('ref_axis',(0.,-0.208198366657859,-0.978086621992653));
#3188=DIRECTION('',(0.,-0.978086621992653,0.20819836665786));
#3189=DIRECTION('center_axis',(-1.,0.,0.));
#3190=DIRECTION('ref_axis',(0.,0.,1.));
#3191=DIRECTION('center_axis',(0.,0.4226182617407,0.90630778703665));
#3192=DIRECTION('ref_axis',(0.,0.90630778703665,-0.4226182617407));
#3193=DIRECTION('center_axis',(1.,0.,0.));
#3194=DIRECTION('ref_axis',(0.,-0.446066660394667,0.894999739935353));
#3195=DIRECTION('center_axis',(0.,-0.4226182617407,-0.90630778703665));
#3196=DIRECTION('ref_axis',(-0.707106781186548,0.640856382055789,-0.298836238730118));
#3197=DIRECTION('',(0.,-0.4226182617407,-0.90630778703665));
#3198=DIRECTION('center_axis',(0.,0.90630778703665,-0.4226182617407));
#3199=DIRECTION('ref_axis',(-2.56451557322846E-32,-0.4226182617407,-0.90630778703665));
#3200=DIRECTION('',(-1.,0.,0.));
#3201=DIRECTION('center_axis',(0.,-0.90630778703665,0.4226182617407));
#3202=DIRECTION('ref_axis',(-3.91225643875077E-16,0.4226182617407,0.90630778703665));
#3203=DIRECTION('',(2.56451557322845E-32,0.4226182617407,0.90630778703665));
#3204=DIRECTION('center_axis',(0.,0.90630778703665,-0.4226182617407));
#3205=DIRECTION('ref_axis',(3.89771107122946E-15,-0.4226182617407,-0.90630778703665));
#3206=DIRECTION('center_axis',(0.,-0.90630778703665,0.4226182617407));
#3207=DIRECTION('ref_axis',(1.,0.,0.));
#3208=DIRECTION('center_axis',(1.,0.,0.));
#3209=DIRECTION('ref_axis',(0.,-0.446066660394668,0.894999739935352));
#3210=DIRECTION('',(1.,0.,0.));
#3211=DIRECTION('center_axis',(0.,-0.20819836665786,-0.978086621992653));
#3212=DIRECTION('ref_axis',(5.93518690776681E-32,0.978086621992653,-0.20819836665786));
#3213=DIRECTION('',(-1.,0.,0.));
#3214=DIRECTION('center_axis',(0.,-0.20819836665786,-0.978086621992653));
#3215=DIRECTION('ref_axis',(-1.51099467966296E-16,0.978086621992653,-0.20819836665786));
#3216=DIRECTION('center_axis',(1.,0.,0.));
#3217=DIRECTION('ref_axis',(0.,0.477287541161974,0.878747178118688));
#3218=DIRECTION('',(1.,0.,0.));
#3219=DIRECTION('center_axis',(-0.707106781186547,-0.5,0.5));
#3220=DIRECTION('ref_axis',(0.707106781186548,-0.5,0.5));
#3221=DIRECTION('center_axis',(0.,-0.707106781186547,-0.707106781186548));
#3222=DIRECTION('ref_axis',(4.29083765765181E-32,0.707106781186548,-0.707106781186547));
#3223=DIRECTION('',(-1.,6.0681608093924E-32,-6.0681608093924E-32));
#3224=DIRECTION('',(4.29083765765181E-32,0.707106781186548,-0.707106781186547));
#3225=DIRECTION('center_axis',(-1.,6.0681608093924E-32,-6.0681608093924E-32));
#3226=DIRECTION('ref_axis',(0.,0.923879532511287,0.38268343236509));
#3227=DIRECTION('',(1.,-6.0681608093924E-32,6.0681608093924E-32));
#3228=DIRECTION('center_axis',(-1.,6.0681608093924E-32,0.));
#3229=DIRECTION('ref_axis',(0.,0.923879532511287,0.38268343236509));
#3230=DIRECTION('center_axis',(-1.,0.,0.));
#3231=DIRECTION('ref_axis',(0.,0.,1.));
#3232=DIRECTION('center_axis',(0.,-0.707106781186549,0.707106781186546));
#3233=DIRECTION('ref_axis',(0.,0.707106781186546,0.707106781186549));
#3234=DIRECTION('center_axis',(1.,0.,0.));
#3235=DIRECTION('ref_axis',(0.,-0.984807753012208,-0.173648177666932));
#3236=DIRECTION('center_axis',(0.,0.707106781186548,-0.707106781186548));
#3237=DIRECTION('ref_axis',(-0.707106781186547,0.5,0.5));
#3238=DIRECTION('center_axis',(0.,-0.707106781186546,0.707106781186549));
#3239=DIRECTION('ref_axis',(0.,0.707106781186549,0.707106781186546));
#3240=DIRECTION('',(0.,0.707106781186548,-0.707106781186548));
#3241=DIRECTION('center_axis',(-1.,0.,0.));
#3242=DIRECTION('ref_axis',(0.,0.,1.));
#3243=DIRECTION('center_axis',(0.,-0.934666174141487,0.355526571321633));
#3244=DIRECTION('ref_axis',(0.,0.355526571321633,0.934666174141487));
#3245=DIRECTION('center_axis',(1.,0.,0.));
#3246=DIRECTION('ref_axis',(0.,-0.551472899648593,-0.834192808020528));
#3247=DIRECTION('center_axis',(0.306188622797568,-0.935023056039814,0.178830679535967));
#3248=DIRECTION('ref_axis',(0.,0.187853101564404,0.982197135117301));
#3249=DIRECTION('center_axis',(1.,0.,0.));
#3250=DIRECTION('ref_axis',(0.,-0.770666303131389,0.63723892632026));
#3251=DIRECTION('center_axis',(1.,0.,0.));
#3252=DIRECTION('ref_axis',(0.,0.707106781186548,0.707106781186547));
#3253=DIRECTION('',(-1.,0.,0.));
#3254=DIRECTION('',(1.,0.,0.));
#3255=DIRECTION('',(1.,0.,0.));
#3256=DIRECTION('center_axis',(0.,0.707106781186548,0.707106781186548));
#3257=DIRECTION('ref_axis',(-4.29083765765181E-32,-0.707106781186548,0.707106781186548));
#3258=DIRECTION('',(-1.,0.,0.));
#3259=DIRECTION('center_axis',(-1.,0.,0.));
#3260=DIRECTION('ref_axis',(0.,-0.98480775301221,-0.173648177666922));
#3261=DIRECTION('center_axis',(0.,0.,1.));
#3262=DIRECTION('ref_axis',(0.707106781186547,0.707106781186547,0.));
#3263=DIRECTION('center_axis',(0.,0.,1.));
#3264=DIRECTION('ref_axis',(1.,0.,0.));
#3265=DIRECTION('',(0.,0.,-1.));
#3266=DIRECTION('center_axis',(-1.,0.,0.));
#3267=DIRECTION('ref_axis',(0.,0.,1.));
#3268=DIRECTION('center_axis',(1.,0.,0.));
#3269=DIRECTION('ref_axis',(0.,-0.446066660394668,0.894999739935352));
#3270=DIRECTION('',(-1.,0.,0.));
#3271=DIRECTION('',(1.,0.,0.));
#3272=DIRECTION('center_axis',(0.,-0.90630778703665,0.4226182617407));
#3273=DIRECTION('ref_axis',(3.91225643875077E-16,0.4226182617407,0.90630778703665));
#3274=DIRECTION('center_axis',(-2.1480129910143E-15,-0.422618261740699,
-0.90630778703665));
#3275=DIRECTION('ref_axis',(0.,-0.90630778703665,0.422618261740699));
#3276=DIRECTION('center_axis',(-1.82583761170927E-15,0.822284158773291,
-0.569077114484936));
#3277=DIRECTION('ref_axis',(0.,0.569077114484936,0.822284158773291));
#3278=DIRECTION('center_axis',(2.56451557322845E-32,0.4226182617407,0.90630778703665));
#3279=DIRECTION('ref_axis',(-0.707106781186547,-0.640856382055791,0.298836238730117));
#3280=DIRECTION('center_axis',(-2.14801299101429E-15,-0.422618261740703,
-0.906307787036648));
#3281=DIRECTION('ref_axis',(0.,-0.906307787036648,0.422618261740703));
#3282=DIRECTION('',(2.56451557322845E-32,0.4226182617407,0.90630778703665));
#3283=DIRECTION('',(-2.56451557322845E-32,-0.4226182617407,-0.90630778703665));
#3284=DIRECTION('center_axis',(7.41441708014548E-16,-0.942602955655962,
0.333915659993126));
#3285=DIRECTION('ref_axis',(-4.245814541301E-15,-0.333915659993126,-0.942602955655962));
#3286=DIRECTION('center_axis',(0.,0.90630778703665,-0.4226182617407));
#3287=DIRECTION('ref_axis',(-3.89771107122946E-15,-0.4226182617407,-0.90630778703665));
#3288=DIRECTION('center_axis',(0.,-0.20819836665786,-0.978086621992653));
#3289=DIRECTION('ref_axis',(5.93518690776681E-32,0.978086621992653,-0.20819836665786));
#3290=DIRECTION('center_axis',(0.,-0.20819836665786,-0.978086621992653));
#3291=DIRECTION('ref_axis',(1.51099467966296E-16,0.978086621992653,-0.20819836665786));
#3292=DIRECTION('',(-1.,0.,0.));
#3293=DIRECTION('center_axis',(-4.29083765765181E-32,-0.707106781186548,
0.707106781186547));
#3294=DIRECTION('ref_axis',(-0.707106781186545,0.500000000000001,0.500000000000002));
#3295=DIRECTION('',(4.29083765765181E-32,0.707106781186548,-0.707106781186547));
#3296=DIRECTION('center_axis',(0.,0.707106781186547,-0.707106781186548));
#3297=DIRECTION('ref_axis',(-1.,0.,0.));
#3298=DIRECTION('',(-4.29083765765181E-32,-0.707106781186548,0.707106781186547));
#3299=DIRECTION('center_axis',(-0.707106781186548,0.5,-0.5));
#3300=DIRECTION('ref_axis',(-0.707106781186547,-0.5,0.5));
#3301=DIRECTION('center_axis',(-1.82583761170927E-15,0.822284158773291,
-0.569077114484936));
#3302=DIRECTION('ref_axis',(0.,0.569077114484936,0.822284158773291));
#3303=DIRECTION('center_axis',(0.,-0.422618261740699,-0.90630778703665));
#3304=DIRECTION('ref_axis',(1.,0.,0.));
#3305=DIRECTION('center_axis',(2.56451557322845E-32,0.4226182617407,0.90630778703665));
#3306=DIRECTION('ref_axis',(0.707106781186547,-0.640856382055791,0.298836238730117));
#3307=DIRECTION('center_axis',(2.14801299101429E-15,-0.422618261740703,
-0.906307787036648));
#3308=DIRECTION('ref_axis',(1.,-4.44089209850064E-15,4.44089209850064E-15));
#3309=DIRECTION('',(-2.56451557322845E-32,-0.4226182617407,-0.90630778703665));
#3310=DIRECTION('center_axis',(1.3515573008834E-15,-0.942602955655962,0.333915659993126));
#3311=DIRECTION('ref_axis',(4.245814541301E-15,-0.333915659993126,-0.942602955655962));
#3312=DIRECTION('center_axis',(-4.8746497117967E-32,-0.803315842297989,
0.595553236506253));
#3313=DIRECTION('ref_axis',(-0.707106781186546,-0.421119732091168,-0.568030079523492));
#3314=DIRECTION('',(4.8746497117967E-32,0.803315842297989,-0.595553236506253));
#3315=DIRECTION('center_axis',(7.76528329862325E-16,-0.803315842297989,
0.595553236506253));
#3316=DIRECTION('ref_axis',(-1.,-5.55111512312578E-16,5.55111512312578E-16));
#3317=DIRECTION('',(-4.8746497117967E-32,-0.803315842297989,0.595553236506253));
#3318=DIRECTION('center_axis',(1.,-6.0681608093924E-32,0.));
#3319=DIRECTION('ref_axis',(0.,0.,-1.));
#3320=DIRECTION('',(-4.29083765765181E-32,-0.707106781186548,0.707106781186547));
#3321=DIRECTION('center_axis',(1.,-6.0681608093924E-32,0.));
#3322=DIRECTION('ref_axis',(5.60624957178476E-32,0.923879532511287,0.38268343236509));
#3323=DIRECTION('',(0.,0.,1.));
#3324=DIRECTION('center_axis',(4.29083765765181E-32,0.707106781186548,-0.707106781186547));
#3325=DIRECTION('ref_axis',(0.707106781186545,0.500000000000001,0.500000000000002));
#3326=DIRECTION('center_axis',(0.,0.707106781186547,-0.707106781186548));
#3327=DIRECTION('ref_axis',(0.,0.707106781186548,0.707106781186547));
#3328=DIRECTION('center_axis',(0.778762651876154,0.503935037505224,-0.373601672931787));
#3329=DIRECTION('ref_axis',(0.543273917128473,-0.83955550797305,-1.2490009027033E-15));
#3330=DIRECTION('center_axis',(0.,-0.595553236506253,-0.803315842297989));
#3331=DIRECTION('ref_axis',(0.,0.803315842297989,-0.595553236506253));
#3332=DIRECTION('center_axis',(-1.,6.0681608093924E-32,0.));
#3333=DIRECTION('ref_axis',(0.,-0.893183418035247,-0.44969254135117));
#3334=DIRECTION('center_axis',(0.,0.829068425634994,0.559147159176466));
#3335=DIRECTION('ref_axis',(0.,0.559147159176466,-0.829068425634994));
#3336=DIRECTION('center_axis',(-4.8746497117967E-32,-0.803315842297989,
0.595553236506253));
#3337=DIRECTION('ref_axis',(0.707106781186546,-0.421119732091168,-0.568030079523492));
#3338=DIRECTION('',(4.8746497117967E-32,0.803315842297989,-0.595553236506253));
#3339=DIRECTION('center_axis',(-7.76528329862325E-16,-0.803315842297989,
0.595553236506253));
#3340=DIRECTION('ref_axis',(0.,-0.595553236506253,-0.803315842297989));
#3341=DIRECTION('',(-4.8746497117967E-32,-0.803315842297989,0.595553236506253));
#3342=DIRECTION('center_axis',(0.,-0.595553236506253,-0.803315842297989));
#3343=DIRECTION('ref_axis',(0.,0.803315842297989,-0.595553236506253));
#3344=DIRECTION('center_axis',(0.,0.829068425634994,0.559147159176466));
#3345=DIRECTION('ref_axis',(0.,0.559147159176466,-0.829068425634994));
#3346=DIRECTION('center_axis',(0.,-0.595553236506253,-0.803315842297989));
#3347=DIRECTION('ref_axis',(-4.8746497117967E-32,-0.803315842297989,0.595553236506253));
#3348=DIRECTION('center_axis',(0.,-0.595553236506253,-0.803315842297989));
#3349=DIRECTION('ref_axis',(0.,0.803315842297989,-0.595553236506253));
#3350=DIRECTION('center_axis',(0.,-0.595553236506253,-0.803315842297989));
#3351=DIRECTION('ref_axis',(0.,0.803315842297989,-0.595553236506253));
#3352=DIRECTION('',(1.,-6.0681608093924E-32,0.));
#3353=DIRECTION('center_axis',(-0.778762651876154,0.503935037505224,-0.373601672931787));
#3354=DIRECTION('ref_axis',(0.,-0.595553236506253,-0.803315842297989));
#3355=DIRECTION('center_axis',(0.,0.829068425634994,0.559147159176466));
#3356=DIRECTION('ref_axis',(0.,0.559147159176466,-0.829068425634994));
#3357=DIRECTION('center_axis',(1.,-6.0681608093924E-32,0.));
#3358=DIRECTION('ref_axis',(0.,-0.893183418035247,-0.44969254135117));
#3359=DIRECTION('center_axis',(0.,0.829068425634994,0.559147159176466));
#3360=DIRECTION('ref_axis',(0.,0.559147159176466,-0.829068425634994));
#3361=DIRECTION('center_axis',(0.,0.,-1.));
#3362=DIRECTION('ref_axis',(0.707106781186546,0.707106781186549,0.));
#3363=DIRECTION('center_axis',(0.,0.,-1.));
#3364=DIRECTION('ref_axis',(0.,1.,0.));
#3365=DIRECTION('',(0.,0.,-1.));
#3366=DIRECTION('center_axis',(0.,0.,1.));
#3367=DIRECTION('ref_axis',(0.707106781186546,0.707106781186549,0.));
#3368=DIRECTION('center_axis',(0.,0.,-1.));
#3369=DIRECTION('ref_axis',(0.,1.,0.));
#3370=DIRECTION('',(0.,0.,-1.));
#3371=DIRECTION('center_axis',(-1.,6.0681608093924E-32,0.));
#3372=DIRECTION('ref_axis',(0.,0.,1.));
#3373=DIRECTION('center_axis',(1.,-6.0681608093924E-32,0.));
#3374=DIRECTION('ref_axis',(0.,-0.707106781186548,-0.707106781186547));
#3375=DIRECTION('',(-1.,6.0681608093924E-32,0.));
#3376=DIRECTION('center_axis',(-1.,0.,-2.22044604925031E-15));
#3377=DIRECTION('ref_axis',(0.,-1.,0.));
#3378=DIRECTION('center_axis',(1.,-8.88178419700125E-15,0.));
#3379=DIRECTION('ref_axis',(0.,0.,-1.));
#3380=DIRECTION('',(-1.,6.0681608093924E-32,0.));
#3381=DIRECTION('center_axis',(-6.0681608093924E-32,-1.,0.));
#3382=DIRECTION('ref_axis',(1.,-6.0681608093924E-32,0.));
#3383=DIRECTION('',(1.,-6.0681608093924E-32,0.));
#3384=DIRECTION('',(0.,0.,1.));
#3385=DIRECTION('center_axis',(1.,-6.0681608093924E-32,0.));
#3386=DIRECTION('ref_axis',(0.,0.,-1.));
#3387=DIRECTION('center_axis',(0.,0.,-1.));
#3388=DIRECTION('ref_axis',(-1.,0.,0.));
#3389=DIRECTION('center_axis',(1.,-6.0681608093924E-32,0.));
#3390=DIRECTION('ref_axis',(0.,0.923879532511287,0.38268343236509));
#3391=DIRECTION('center_axis',(-1.,6.0681608093924E-32,0.));
#3392=DIRECTION('ref_axis',(5.60624957178476E-32,0.923879532511287,0.38268343236509));
#3393=DIRECTION('center_axis',(0.,0.,-1.));
#3394=DIRECTION('ref_axis',(-0.707106781186546,0.707106781186549,0.));
#3395=DIRECTION('center_axis',(0.,0.,-1.));
#3396=DIRECTION('ref_axis',(-1.,1.11022302462516E-15,0.));
#3397=DIRECTION('',(0.,0.,1.));
#3398=DIRECTION('',(0.,0.,-1.));
#3399=DIRECTION('center_axis',(0.,0.,1.));
#3400=DIRECTION('ref_axis',(-0.707106781186546,0.707106781186549,0.));
#3401=DIRECTION('',(0.,0.,1.));
#3402=DIRECTION('center_axis',(1.,-6.0681608093924E-32,0.));
#3403=DIRECTION('ref_axis',(0.,0.,-1.));
#3404=DIRECTION('center_axis',(1.,0.,0.));
#3405=DIRECTION('ref_axis',(0.,0.477287541161974,0.878747178118688));
#3406=DIRECTION('',(1.,0.,0.));
#3407=DIRECTION('center_axis',(0.,-0.707106781186547,-0.707106781186548));
#3408=DIRECTION('ref_axis',(4.29083765765181E-32,0.707106781186548,-0.707106781186547));
#3409=DIRECTION('',(-1.,6.0681608093924E-32,-6.0681608093924E-32));
#3410=DIRECTION('center_axis',(-1.,6.0681608093924E-32,-6.0681608093924E-32));
#3411=DIRECTION('ref_axis',(0.,0.923879532511287,0.38268343236509));
#3412=DIRECTION('',(1.,-6.0681608093924E-32,6.0681608093924E-32));
#3413=DIRECTION('center_axis',(0.,-0.90630778703665,0.4226182617407));
#3414=DIRECTION('ref_axis',(1.,0.,0.));
#3415=DIRECTION('center_axis',(0.,0.90630778703665,-0.4226182617407));
#3416=DIRECTION('ref_axis',(1.,0.,0.));
#3417=DIRECTION('',(0.,0.90630778703665,-0.4226182617407));
#3418=DIRECTION('center_axis',(0.,-0.90630778703665,0.4226182617407));
#3419=DIRECTION('ref_axis',(1.,0.,0.));
#3420=DIRECTION('center_axis',(0.,0.90630778703665,-0.4226182617407));
#3421=DIRECTION('ref_axis',(1.,0.,0.));
#3422=DIRECTION('',(0.,0.90630778703665,-0.4226182617407));
#3423=DIRECTION('center_axis',(0.,-0.90630778703665,0.4226182617407));
#3424=DIRECTION('ref_axis',(1.,0.,0.));
#3425=DIRECTION('center_axis',(0.,0.90630778703665,-0.4226182617407));
#3426=DIRECTION('ref_axis',(1.,0.,0.));
#3427=DIRECTION('',(0.,0.90630778703665,-0.4226182617407));
#3428=DIRECTION('center_axis',(0.,-0.90630778703665,0.4226182617407));
#3429=DIRECTION('ref_axis',(1.,0.,0.));
#3430=DIRECTION('center_axis',(0.,-0.90630778703665,0.4226182617407));
#3431=DIRECTION('ref_axis',(1.,0.,0.));
#3432=DIRECTION('center_axis',(0.,0.90630778703665,-0.4226182617407));
#3433=DIRECTION('ref_axis',(1.,0.,0.));
#3434=DIRECTION('',(0.,0.90630778703665,-0.4226182617407));
#3435=DIRECTION('center_axis',(1.,-6.0681608093924E-32,0.));
#3436=DIRECTION('ref_axis',(0.,-0.707106781186547,0.707106781186548));
#3437=DIRECTION('',(1.,-6.0681608093924E-32,0.));
#3438=DIRECTION('center_axis',(1.,0.,0.));
#3439=DIRECTION('ref_axis',(0.,-1.,0.));
#3440=DIRECTION('',(-1.,6.0681608093924E-32,0.));
#3441=DIRECTION('center_axis',(-1.,0.,0.));
#3442=DIRECTION('ref_axis',(0.,0.,1.));
#3443=DIRECTION('center_axis',(0.,0.90630778703665,-0.4226182617407));
#3444=DIRECTION('ref_axis',(-2.56451557322846E-32,-0.4226182617407,-0.90630778703665));
#3445=DIRECTION('center_axis',(0.,0.4226182617407,0.90630778703665));
#3446=DIRECTION('ref_axis',(5.49962139454295E-32,0.906307787036649,-0.4226182617407));
#3447=DIRECTION('',(1.,-1.21363216187848E-31,0.));
#3448=DIRECTION('center_axis',(0.,-0.90630778703665,0.4226182617407));
#3449=DIRECTION('ref_axis',(2.56451557322846E-32,0.4226182617407,0.90630778703665));
#3450=DIRECTION('center_axis',(0.,0.,-1.));
#3451=DIRECTION('ref_axis',(1.,-1.89984688705909E-16,0.));
#3452=DIRECTION('center_axis',(0.,0.,1.));
#3453=DIRECTION('ref_axis',(1.,0.,0.));
#3454=DIRECTION('center_axis',(1.,0.,0.));
#3455=DIRECTION('ref_axis',(0.,0.,1.));
#3456=DIRECTION('center_axis',(0.,0.,-1.));
#3457=DIRECTION('ref_axis',(1.,0.,0.));
#3458=DIRECTION('center_axis',(1.,0.,0.));
#3459=DIRECTION('ref_axis',(0.,1.,0.));
#3460=DIRECTION('center_axis',(0.,0.,1.));
#3461=DIRECTION('ref_axis',(1.,0.,0.));
#3462=DIRECTION('center_axis',(-1.,-8.21065259369087E-16,0.));
#3463=DIRECTION('ref_axis',(0.,0.707106781186548,0.707106781186548));
#3464=DIRECTION('center_axis',(1.,-1.11022302462516E-15,0.));
#3465=DIRECTION('ref_axis',(1.11022302462516E-15,1.,0.));
#3466=DIRECTION('',(1.,8.21065259369087E-16,0.));
#3467=DIRECTION('center_axis',(0.,0.,-1.));
#3468=DIRECTION('ref_axis',(-1.,0.,0.));
#3469=DIRECTION('center_axis',(0.,0.,1.));
#3470=DIRECTION('ref_axis',(-1.,-1.51050751649681E-16,0.));
#3471=DIRECTION('center_axis',(0.,0.,-1.));
#3472=DIRECTION('ref_axis',(-1.,-1.51050751649681E-16,0.));
#3473=DIRECTION('center_axis',(-1.,0.,0.));
#3474=DIRECTION('ref_axis',(0.,-1.,0.));
#3475=DIRECTION('center_axis',(0.,0.,1.));
#3476=DIRECTION('ref_axis',(-1.,-1.51050751649681E-16,0.));
#3477=DIRECTION('center_axis',(1.,-7.13969790755728E-17,0.));
#3478=DIRECTION('ref_axis',(0.,-0.707106781186548,0.707106781186548));
#3479=DIRECTION('',(-1.,7.13969790755728E-17,0.));
#3480=DIRECTION('center_axis',(0.,0.,-1.));
#3481=DIRECTION('ref_axis',(1.,0.,0.));
#3482=DIRECTION('center_axis',(0.,0.,1.));
#3483=DIRECTION('ref_axis',(1.,0.,0.));
#3484=DIRECTION('',(1.33226762955019E-15,-1.,0.));
#3485=DIRECTION('',(1.,-1.36642833800019E-16,0.));
#3486=DIRECTION('',(-2.85446803630986E-16,1.,0.));
#3487=DIRECTION('center_axis',(0.,0.,1.));
#3488=DIRECTION('ref_axis',(1.,0.,0.));
#3489=DIRECTION('',(-2.85446803630986E-16,1.,0.));
#3490=DIRECTION('',(1.33226762955019E-15,-1.,0.));
#3491=DIRECTION('center_axis',(2.85446803630986E-16,-1.,0.));
#3492=DIRECTION('ref_axis',(-0.707106781186547,0.,0.707106781186548));
#3493=DIRECTION('center_axis',(0.,1.,0.));
#3494=DIRECTION('ref_axis',(0.,0.,1.));
#3495=DIRECTION('',(2.85446803630986E-16,-1.,0.));
#3496=DIRECTION('center_axis',(0.,-1.,0.));
#3497=DIRECTION('ref_axis',(-1.,0.,0.));
#3498=DIRECTION('center_axis',(-0.408248290463863,0.408248290463862,-0.816496580927726));
#3499=DIRECTION('ref_axis',(-0.577350269189626,0.577350269189626,0.577350269189626));
#3500=DIRECTION('center_axis',(-1.,0.,0.));
#3501=DIRECTION('ref_axis',(0.,1.,0.));
#3502=DIRECTION('center_axis',(0.,0.,1.));
#3503=DIRECTION('ref_axis',(-1.,0.,0.));
#3504=DIRECTION('center_axis',(0.408248290463864,-0.408248290463863,-0.816496580927725));
#3505=DIRECTION('ref_axis',(-0.577350269189627,0.577350269189623,-0.577350269189627));
#3506=DIRECTION('center_axis',(0.,0.,-1.));
#3507=DIRECTION('ref_axis',(1.38777878078144E-16,1.,0.));
#3508=DIRECTION('center_axis',(-1.,0.,0.));
#3509=DIRECTION('ref_axis',(0.,0.,-1.));
#3510=DIRECTION('center_axis',(0.,1.,0.));
#3511=DIRECTION('ref_axis',(-1.,0.,0.));
#3512=DIRECTION('center_axis',(-0.816496580927727,0.408248290463862,-0.408248290463862));
#3513=DIRECTION('ref_axis',(-0.577350269189625,-0.577350269189626,0.577350269189626));
#3514=DIRECTION('center_axis',(0.,0.,1.));
#3515=DIRECTION('ref_axis',(0.,-1.,0.));
#3516=DIRECTION('center_axis',(0.40824829046386,-0.816496580927727,0.408248290463865));
#3517=DIRECTION('ref_axis',(0.577350269189623,0.577350269189626,0.577350269189628));
#3518=DIRECTION('center_axis',(0.,1.,0.));
#3519=DIRECTION('ref_axis',(1.,0.,0.));
#3520=DIRECTION('center_axis',(0.,0.,1.));
#3521=DIRECTION('ref_axis',(0.,1.,0.));
#3522=DIRECTION('center_axis',(1.,0.,0.));
#3523=DIRECTION('ref_axis',(0.,0.,1.));
#3524=DIRECTION('center_axis',(-0.816496580927733,0.408248290463856,-0.408248290463857));
#3525=DIRECTION('ref_axis',(0.577350269189616,0.577350269189631,-0.577350269189631));
#3526=DIRECTION('center_axis',(0.,0.,-1.));
#3527=DIRECTION('ref_axis',(1.,2.22044604925032E-15,0.));
#3528=DIRECTION('center_axis',(0.,1.,0.));
#3529=DIRECTION('ref_axis',(0.,0.,-1.));
#3530=DIRECTION('center_axis',(1.,0.,8.88178419700125E-15));
#3531=DIRECTION('ref_axis',(0.,1.,0.));
#3532=DIRECTION('center_axis',(0.408248290463862,0.408248290463861,-0.816496580927727));
#3533=DIRECTION('ref_axis',(-0.577350269189627,-0.577350269189626,-0.577350269189624));
#3534=DIRECTION('center_axis',(0.,0.,-1.));
#3535=DIRECTION('ref_axis',(-1.,-2.77555756156289E-16,0.));
#3536=DIRECTION('center_axis',(2.22044604925031E-15,-1.,0.));
#3537=DIRECTION('ref_axis',(0.,0.,-1.));
#3538=DIRECTION('center_axis',(2.85446803630986E-16,-1.,0.));
#3539=DIRECTION('ref_axis',(-0.707106781186549,0.,-0.707106781186547));
#3540=DIRECTION('',(-2.85446803630986E-16,1.,0.));
#3541=DIRECTION('center_axis',(-0.408248290463861,-0.816496580927726,-0.408248290463865));
#3542=DIRECTION('ref_axis',(0.577350269189625,-0.577350269189626,0.577350269189627));
#3543=DIRECTION('center_axis',(0.,0.,1.));
#3544=DIRECTION('ref_axis',(1.,1.38777878078145E-15,0.));
#3545=DIRECTION('center_axis',(1.66533453693774E-15,-1.,0.));
#3546=DIRECTION('ref_axis',(0.,0.,1.));
#3547=DIRECTION('center_axis',(-0.408248290463864,-0.816496580927722,0.408248290463869));
#3548=DIRECTION('ref_axis',(0.577350269189616,-0.57735026918963,-0.577350269189631));
#3549=DIRECTION('center_axis',(1.11022302462517E-15,-1.,0.));
#3550=DIRECTION('ref_axis',(1.,1.11022302462517E-15,0.));
#3551=DIRECTION('center_axis',(0.,0.,-1.));
#3552=DIRECTION('ref_axis',(0.,-1.,0.));
#3553=DIRECTION('center_axis',(-1.33226762955019E-15,1.,0.));
#3554=DIRECTION('ref_axis',(0.707106781186546,0.,-0.707106781186549));
#3555=DIRECTION('',(1.33226762955019E-15,-1.,0.));
#3556=DIRECTION('center_axis',(0.,0.,1.));
#3557=DIRECTION('ref_axis',(0.707106781186547,-0.707106781186548,0.));
#3558=DIRECTION('',(0.,0.,-1.));
#3559=DIRECTION('',(0.,0.,1.));
#3560=DIRECTION('center_axis',(-1.33226762955019E-15,1.,0.));
#3561=DIRECTION('ref_axis',(0.707106781186546,0.,0.707106781186549));
#3562=DIRECTION('',(-1.33226762955019E-15,1.,0.));
#3563=DIRECTION('center_axis',(0.,0.,1.));
#3564=DIRECTION('ref_axis',(-0.707106781186548,-0.707106781186548,0.));
#3565=DIRECTION('',(0.,0.,-1.));
#3566=DIRECTION('center_axis',(-1.,1.36642833800019E-16,0.));
#3567=DIRECTION('ref_axis',(0.,0.707106781186548,-0.707106781186547));
#3568=DIRECTION('',(1.,-1.36642833800019E-16,0.));
#3569=DIRECTION('center_axis',(0.,0.,1.));
#3570=DIRECTION('ref_axis',(0.707106781186544,0.707106781186551,0.));
#3571=DIRECTION('',(0.,0.,-1.));
#3572=DIRECTION('',(0.,0.,1.));
#3573=DIRECTION('center_axis',(-1.,1.36642833800019E-16,0.));
#3574=DIRECTION('ref_axis',(0.,0.707106781186548,0.707106781186548));
#3575=DIRECTION('',(-1.,1.36642833800019E-16,0.));
#3576=DIRECTION('center_axis',(0.,0.,1.));
#3577=DIRECTION('ref_axis',(-0.707106781186548,0.707106781186547,0.));
#3578=DIRECTION('',(0.,0.,-1.));
#3579=DIRECTION('',(0.,0.,1.));
#3580=DIRECTION('center_axis',(-1.,-2.85446803630986E-16,0.));
#3581=DIRECTION('ref_axis',(2.85446803630986E-16,-1.,0.));
#3582=DIRECTION('center_axis',(1.,1.33226762955019E-15,0.));
#3583=DIRECTION('ref_axis',(-1.33226762955019E-15,1.,0.));
#3584=DIRECTION('center_axis',(-6.0681608093924E-32,-1.,0.));
#3585=DIRECTION('ref_axis',(1.,-6.0681608093924E-32,0.));
#3586=DIRECTION('center_axis',(1.36642833800019E-16,1.,0.));
#3587=DIRECTION('ref_axis',(-1.,1.36642833800019E-16,0.));
#3588=DIRECTION('center_axis',(0.,0.,1.));
#3589=DIRECTION('ref_axis',(1.,0.,0.));
#3590=DIRECTION('',(0.,0.,-1.));
#3591=DIRECTION('center_axis',(0.,0.,1.));
#3592=DIRECTION('ref_axis',(1.,0.,0.));
#3593=DIRECTION('',(0.,0.,-1.));
#3594=DIRECTION('center_axis',(0.,0.,-1.));
#3595=DIRECTION('ref_axis',(-1.,-1.22464679914735E-16,0.));
#3596=CARTESIAN_POINT('',(0.,0.,0.));
#3597=CARTESIAN_POINT('Origin',(20.,5.29999999999996,7.99999999999999));
#3598=CARTESIAN_POINT('',(35.,0.,8.));
#3599=CARTESIAN_POINT('',(20.,0.,7.99999999999999));
#3600=CARTESIAN_POINT('',(10.,0.,7.99999999999999));
#3601=CARTESIAN_POINT('',(35.,5.29999999999997,8.));
#3602=CARTESIAN_POINT('',(35.,5.29999999999997,8.));
#3603=CARTESIAN_POINT('',(20.,5.29999999999996,7.99999999999999));
#3604=CARTESIAN_POINT('',(66.25,5.3,8.00000000000002));
#3605=CARTESIAN_POINT('',(20.,5.29999999999996,7.99999999999999));
#3606=CARTESIAN_POINT('Origin',(20.,5.29999999999996,16.));
#3607=CARTESIAN_POINT('',(20.,0.,16.));
#3608=CARTESIAN_POINT('',(20.,0.,8.));
#3609=CARTESIAN_POINT('',(20.,5.29999999999996,16.));
#3610=CARTESIAN_POINT('',(20.,5.29999999999996,24.));
#3611=CARTESIAN_POINT('',(20.,5.29999999999996,16.));
#3612=CARTESIAN_POINT('Origin',(35.,5.29999999999997,16.));
#3613=CARTESIAN_POINT('',(35.,0.,16.));
#3614=CARTESIAN_POINT('',(17.5,0.,16.));
#3615=CARTESIAN_POINT('',(35.,5.29999999999997,16.));
#3616=CARTESIAN_POINT('',(73.75,5.3,16.));
#3617=CARTESIAN_POINT('',(35.,5.29999999999997,16.));
#3618=CARTESIAN_POINT('Origin',(35.,5.29999999999997,8.));
#3619=CARTESIAN_POINT('',(35.,0.,4.));
#3620=CARTESIAN_POINT('',(35.,5.29999999999997,20.));
#3621=CARTESIAN_POINT('Origin',(41.25,36.7,2.));
#3622=CARTESIAN_POINT('',(87.5,36.7,0.));
#3623=CARTESIAN_POINT('',(87.5,34.7,2.));
#3624=CARTESIAN_POINT('Origin',(87.5,36.7,2.));
#3625=CARTESIAN_POINT('',(42.5,34.7,2.));
#3626=CARTESIAN_POINT('',(41.25,34.7,2.));
#3627=CARTESIAN_POINT('',(42.5,36.7,0.));
#3628=CARTESIAN_POINT('Origin',(42.5,36.7,2.));
#3629=CARTESIAN_POINT('',(41.25,36.7,0.));
#3630=CARTESIAN_POINT('Origin',(42.5,24.7,2.));
#3631=CARTESIAN_POINT('',(32.5,24.7,2.));
#3632=CARTESIAN_POINT('',(30.5,24.7,0.));
#3633=CARTESIAN_POINT('Origin',(30.5,24.7,2.));
#3634=CARTESIAN_POINT('Origin',(42.5,24.7,0.));
#3635=CARTESIAN_POINT('Origin',(42.5,24.7,2.));
#3636=CARTESIAN_POINT('Origin',(30.5,12.65,2.));
#3637=CARTESIAN_POINT('',(32.5,15.3,2.));
#3638=CARTESIAN_POINT('',(30.5,15.3,0.));
#3639=CARTESIAN_POINT('Origin',(30.5,15.3,2.));
#3640=CARTESIAN_POINT('',(30.5,12.65,0.));
#3641=CARTESIAN_POINT('',(32.5,12.65,2.));
#3642=CARTESIAN_POINT('Origin',(42.5,15.3,2.));
#3643=CARTESIAN_POINT('',(42.5,5.29999999999998,2.));
#3644=CARTESIAN_POINT('',(42.5,3.29999999999998,0.));
#3645=CARTESIAN_POINT('Origin',(42.5,3.29999999999998,2.));
#3646=CARTESIAN_POINT('Origin',(42.5,15.3,0.));
#3647=CARTESIAN_POINT('Origin',(42.5,15.3,2.));
#3648=CARTESIAN_POINT('Origin',(88.75,3.30000000000002,2.));
#3649=CARTESIAN_POINT('',(87.5,5.30000000000002,2.));
#3650=CARTESIAN_POINT('',(87.5,3.30000000000001,0.));
#3651=CARTESIAN_POINT('Origin',(87.5,3.30000000000001,2.));
#3652=CARTESIAN_POINT('',(88.75,3.30000000000002,0.));
#3653=CARTESIAN_POINT('',(88.75,5.30000000000002,2.));
#3654=CARTESIAN_POINT('Origin',(87.5,15.3,2.));
#3655=CARTESIAN_POINT('',(97.5,15.3,2.));
#3656=CARTESIAN_POINT('',(99.5,15.3,0.));
#3657=CARTESIAN_POINT('Origin',(99.5,15.3,2.));
#3658=CARTESIAN_POINT('Origin',(87.5,15.3,0.));
#3659=CARTESIAN_POINT('Origin',(87.5,15.3,2.));
#3660=CARTESIAN_POINT('Origin',(99.5,27.35,2.));
#3661=CARTESIAN_POINT('',(97.5,24.7,2.));
#3662=CARTESIAN_POINT('',(99.5,24.7,0.));
#3663=CARTESIAN_POINT('Origin',(99.5,24.7,2.));
#3664=CARTESIAN_POINT('',(99.5,27.35,0.));
#3665=CARTESIAN_POINT('',(97.5,27.35,2.));
#3666=CARTESIAN_POINT('Origin',(87.5,24.7,2.));
#3667=CARTESIAN_POINT('Origin',(87.5,24.7,2.));
#3668=CARTESIAN_POINT('Origin',(87.5,24.7,0.));
#3669=CARTESIAN_POINT('Origin',(42.5,15.3,19.));
#3670=CARTESIAN_POINT('',(32.5,15.3,6.));
#3671=CARTESIAN_POINT('',(32.5,15.3,19.));
#3672=CARTESIAN_POINT('',(42.5,5.29999999999998,6.));
#3673=CARTESIAN_POINT('Origin',(42.5,15.3,6.));
#3674=CARTESIAN_POINT('',(42.5,5.29999999999998,19.));
#3675=CARTESIAN_POINT('Origin',(32.5,5.29999999999999,6.));
#3676=CARTESIAN_POINT('',(32.5,24.7,6.));
#3677=CARTESIAN_POINT('',(32.5,24.7,19.));
#3678=CARTESIAN_POINT('',(32.5,12.65,6.));
#3679=CARTESIAN_POINT('Origin',(42.5,24.7,19.));
#3680=CARTESIAN_POINT('',(42.5,34.7,6.));
#3681=CARTESIAN_POINT('',(42.5,34.7,19.));
#3682=CARTESIAN_POINT('Origin',(42.5,24.7,6.));
#3683=CARTESIAN_POINT('Origin',(17.5,34.7,32.));
#3684=CARTESIAN_POINT('',(87.5,34.7,6.));
#3685=CARTESIAN_POINT('',(87.5,34.7,19.));
#3686=CARTESIAN_POINT('',(112.5,34.7,6.));
#3687=CARTESIAN_POINT('',(127.2,34.7,6.));
#3688=CARTESIAN_POINT('',(112.5,34.7,30.));
#3689=CARTESIAN_POINT('',(112.5,34.7,32.));
#3690=CARTESIAN_POINT('',(17.5,34.7,30.));
#3691=CARTESIAN_POINT('',(41.25,34.7,30.));
#3692=CARTESIAN_POINT('',(17.5,34.7,6.));
#3693=CARTESIAN_POINT('',(17.5,34.7,32.));
#3694=CARTESIAN_POINT('',(127.2,34.7,6.));
#3695=CARTESIAN_POINT('Origin',(65.,20.,0.));
#3696=CARTESIAN_POINT('',(128.,2.,0.));
#3697=CARTESIAN_POINT('',(128.,38.,0.));
#3698=CARTESIAN_POINT('',(128.,10.,0.));
#3699=CARTESIAN_POINT('',(2.00000000000001,2.,0.));
#3700=CARTESIAN_POINT('',(32.5,2.,0.));
#3701=CARTESIAN_POINT('',(2.,38.,0.));
#3702=CARTESIAN_POINT('',(2.,30.,0.));
#3703=CARTESIAN_POINT('',(97.5,38.,0.));
#3704=CARTESIAN_POINT('',(110.4,20.,0.));
#3705=CARTESIAN_POINT('Origin',(112.5,20.,0.));
#3706=CARTESIAN_POINT('',(15.4,20.,0.));
#3707=CARTESIAN_POINT('Origin',(17.5,20.,0.));
#3708=CARTESIAN_POINT('Origin',(112.5,5.30000000000004,32.));
#3709=CARTESIAN_POINT('',(17.5,5.29999999999995,6.));
#3710=CARTESIAN_POINT('',(2.80000000000003,5.29999999999995,6.));
#3711=CARTESIAN_POINT('',(17.5,5.29999999999995,30.));
#3712=CARTESIAN_POINT('',(17.5,5.29999999999995,32.));
#3713=CARTESIAN_POINT('',(59.298636605172,5.29999999999999,30.));
#3714=CARTESIAN_POINT('',(88.75,5.30000000000002,30.));
#3715=CARTESIAN_POINT('',(61.,5.29999999999999,29.1598804490981));
#3716=CARTESIAN_POINT('Origin',(61.,5.29999999999999,31.3026934911248));
#3717=CARTESIAN_POINT('',(69.,5.3,29.1598804490981));
#3718=CARTESIAN_POINT('',(88.75,5.30000000000002,29.1598804490981));
#3719=CARTESIAN_POINT('',(70.701363394828,5.3,30.));
#3720=CARTESIAN_POINT('Origin',(69.,5.3,31.3026934911248));
#3721=CARTESIAN_POINT('',(112.5,5.3,30.));
#3722=CARTESIAN_POINT('',(88.75,5.30000000000002,30.));
#3723=CARTESIAN_POINT('',(112.5,5.29999999999999,6.));
#3724=CARTESIAN_POINT('',(112.5,5.3,32.));
#3725=CARTESIAN_POINT('',(87.5,5.30000000000002,6.));
#3726=CARTESIAN_POINT('',(2.80000000000003,5.29999999999995,6.));
#3727=CARTESIAN_POINT('',(87.5,5.30000000000002,19.));
#3728=CARTESIAN_POINT('Origin',(87.5,24.7,19.));
#3729=CARTESIAN_POINT('',(97.5,24.7,6.));
#3730=CARTESIAN_POINT('',(97.5,24.7,19.));
#3731=CARTESIAN_POINT('Origin',(87.5,24.7,6.));
#3732=CARTESIAN_POINT('Origin',(87.5,15.3,19.));
#3733=CARTESIAN_POINT('',(97.5,15.3,6.));
#3734=CARTESIAN_POINT('Origin',(87.5,15.3,6.));
#3735=CARTESIAN_POINT('',(97.5,15.3,19.));
#3736=CARTESIAN_POINT('Origin',(97.5,34.7,6.));
#3737=CARTESIAN_POINT('',(97.5,27.35,6.));
#3738=CARTESIAN_POINT('Origin',(65.,20.,6.));
#3739=CARTESIAN_POINT('Origin',(112.5,20.,6.));
#3740=CARTESIAN_POINT('',(110.4,20.,6.00000000000001));
#3741=CARTESIAN_POINT('Origin',(112.5,20.,6.));
#3742=CARTESIAN_POINT('Origin',(65.,20.,6.));
#3743=CARTESIAN_POINT('Origin',(17.5,20.,6.));
#3744=CARTESIAN_POINT('',(15.4,20.,6.00000000000001));
#3745=CARTESIAN_POINT('Origin',(17.5,20.,6.));
#3746=CARTESIAN_POINT('Origin',(68.,-18.9822359863479,35.3463831320952));
#3747=CARTESIAN_POINT('',(68.,1.67027687919889,31.972633433664));
#3748=CARTESIAN_POINT('',(68.1869586617547,1.6242937968714,31.9643942702346));
#3749=CARTESIAN_POINT('Ctrl Pts',(68.,1.67027687919889,31.972633433664));
#3750=CARTESIAN_POINT('Ctrl Pts',(68.0680518746832,1.67027687919889,31.972633433664));
#3751=CARTESIAN_POINT('Ctrl Pts',(68.129215843558,1.65209609954865,31.969711684226));
#3752=CARTESIAN_POINT('Ctrl Pts',(68.1869586617547,1.62429379687139,31.9643942702346));
#3753=CARTESIAN_POINT('',(68.,-13.6016854742276,35.2234678139216));
#3754=CARTESIAN_POINT('',(68.,-18.77403761969,36.3244697540879));
#3755=CARTESIAN_POINT('',(69.,-10.8766908944247,33.6210131995508));
#3756=CARTESIAN_POINT('Ctrl Pts',(69.,-10.8766908944247,33.6210131995508));
#3757=CARTESIAN_POINT('Ctrl Pts',(69.,-11.3792765154242,33.8653280212277));
#3758=CARTESIAN_POINT('Ctrl Pts',(68.9754068509011,-11.860264345717,34.1255517318681));
#3759=CARTESIAN_POINT('Ctrl Pts',(68.8551315951098,-12.4970346488584,34.501917553867));
#3760=CARTESIAN_POINT('Ctrl Pts',(68.8047107595352,-12.6993460910697,34.6260324230772));
#3761=CARTESIAN_POINT('Ctrl Pts',(68.6563626950965,-13.080988056375,34.8695282419972));
#3762=CARTESIAN_POINT('Ctrl Pts',(68.5611388924603,-13.261072366415,34.9893664885104));
#3763=CARTESIAN_POINT('Ctrl Pts',(68.3700656911446,-13.4545256048913,35.1213188469398));
#3764=CARTESIAN_POINT('Ctrl Pts',(68.3065467102828,-13.5059675051038,35.1568216002619));
#3765=CARTESIAN_POINT('Ctrl Pts',(68.1983609054843,-13.5613304999418,35.1952790803264));
#3766=CARTESIAN_POINT('Ctrl Pts',(68.1601285866363,-13.5762330752838,35.2056768881076));
#3767=CARTESIAN_POINT('Ctrl Pts',(68.0812442892711,-13.5964103272654,35.219771825708));
#3768=CARTESIAN_POINT('Ctrl Pts',(68.0405922270787,-13.6016854742276,35.2234678139216));
#3769=CARTESIAN_POINT('Ctrl Pts',(68.,-13.6016854742276,35.2234678139216));
#3770=CARTESIAN_POINT('',(69.,-1.47261817283139,31.6192348942933));
#3771=CARTESIAN_POINT('',(69.,-18.9822359863479,35.3463831320952));
#3772=CARTESIAN_POINT('Ctrl Pts',(68.1869586617546,1.62429379687139,31.9643942702346));
#3773=CARTESIAN_POINT('Ctrl Pts',(68.2031290024548,1.61650801985909,31.9629051777627));
#3774=CARTESIAN_POINT('Ctrl Pts',(68.2189730209841,1.60781845099021,31.961248030591));
#3775=CARTESIAN_POINT('Ctrl Pts',(68.3065467102828,1.55421011884239,31.951068334263));
#3776=CARTESIAN_POINT('Ctrl Pts',(68.3700656911446,1.4927685974568,31.9395942747916));
#3777=CARTESIAN_POINT('Ctrl Pts',(68.5611388924603,1.26234591302529,31.8978693796877));
#3778=CARTESIAN_POINT('Ctrl Pts',(68.6563626950965,1.04906690240453,31.8617635951295));
#3779=CARTESIAN_POINT('Ctrl Pts',(68.8047107595352,0.601341622447796,31.7948093032487));
#3780=CARTESIAN_POINT('Ctrl Pts',(68.8551315951098,0.366020670090139,31.7638501399822));
#3781=CARTESIAN_POINT('Ctrl Pts',(68.9754068509011,-0.368829317922818,31.6794514074741));
#3782=CARTESIAN_POINT('Ctrl Pts',(69.,-0.91410066305585,31.6376802134993));
#3783=CARTESIAN_POINT('Ctrl Pts',(69.,-1.47261817283139,31.6192348942933));
#3784=CARTESIAN_POINT('Origin',(69.,-14.6696388187108,26.6294877728449));
#3785=CARTESIAN_POINT('Origin',(69.,-2.13276823441695,51.6083369725806));
#3786=CARTESIAN_POINT('Ctrl Pts',(60.0752632881274,-13.7979271005315,35.2652403779748));
#3787=CARTESIAN_POINT('Ctrl Pts',(60.265947441526,-13.7979271005315,35.2652403779748));
#3788=CARTESIAN_POINT('Ctrl Pts',(60.6525612065334,-13.7407384920508,35.2530670442338));
#3789=CARTESIAN_POINT('Ctrl Pts',(61.0393915616927,-13.4280334401771,35.186503736259));
#3790=CARTESIAN_POINT('Ctrl Pts',(61.1591714748416,-13.0667134278249,35.1095921062243));
#3791=CARTESIAN_POINT('Ctrl Pts',(61.2236120321532,-12.7963670062252,35.0520453796428));
#3792=CARTESIAN_POINT('Ctrl Pts',(61.2741696974113,-12.5200907194679,34.9932364046954));
#3793=CARTESIAN_POINT('Ctrl Pts',(61.4153017635366,-11.5982576259658,34.7970123279288));
#3794=CARTESIAN_POINT('Ctrl Pts',(61.5579714010108,-10.0162590278124,34.4602634993644));
#3795=CARTESIAN_POINT('Ctrl Pts',(61.7163122025996,-7.03734254043023,33.8261626609135));
#3796=CARTESIAN_POINT('Ctrl Pts',(61.6905861083972,-4.0492664947957,33.1901120922193));
#3797=CARTESIAN_POINT('Ctrl Pts',(61.5175071613558,-1.44345439236219,32.6354313396714));
#3798=CARTESIAN_POINT('Ctrl Pts',(61.3825742264232,-0.144327520017526,32.3588954104175));
#3799=CARTESIAN_POINT('Ctrl Pts',(61.2759637770317,0.594406332240396,32.2016463713481));
#3800=CARTESIAN_POINT('Ctrl Pts',(61.2046882560919,0.961279746948334,32.1235526279159));
#3801=CARTESIAN_POINT('Ctrl Pts',(61.1520892616989,1.14054942319997,32.0853927625751));
#3802=CARTESIAN_POINT('Ctrl Pts',(60.0752632881274,-13.7341586141821,35.2516664322693));
#3803=CARTESIAN_POINT('Ctrl Pts',(60.2584942458231,-13.7386123119431,35.2526122919027));
#3804=CARTESIAN_POINT('Ctrl Pts',(60.6285596080648,-13.6912408415589,35.2425175504121));
#3805=CARTESIAN_POINT('Ctrl Pts',(61.0085604226101,-13.4074982721261,35.1821104774306));
#3806=CARTESIAN_POINT('Ctrl Pts',(61.1029508752115,-13.0516560055074,35.1063652496351));
#3807=CARTESIAN_POINT('Ctrl Pts',(61.151291984747,-12.7815269793115,35.0488685941735));
#3808=CARTESIAN_POINT('Ctrl Pts',(61.1888599894814,-12.5059295205809,34.9902157958378));
#3809=CARTESIAN_POINT('Ctrl Pts',(61.2938048098571,-11.5850346775955,34.7942016112082));
#3810=CARTESIAN_POINT('Ctrl Pts',(61.4035181453309,-10.0050146921346,34.4579815804075));
#3811=CARTESIAN_POINT('Ctrl Pts',(61.5309178578164,-7.03320061770999,33.8255230601931));
#3812=CARTESIAN_POINT('Ctrl Pts',(61.5098410881309,-4.05573549166957,33.1917379980532));
#3813=CARTESIAN_POINT('Ctrl Pts',(61.372275303854,-1.45485405477977,32.6379505959575));
#3814=CARTESIAN_POINT('Ctrl Pts',(61.2700490306398,-0.15708822308592,32.3616391481286));
#3815=CARTESIAN_POINT('Ctrl Pts',(61.1904432725815,0.580776122756641,32.2045541623672));
#3816=CARTESIAN_POINT('Ctrl Pts',(61.1379777825144,0.9471751393547,32.126558483855));
#3817=CARTESIAN_POINT('Ctrl Pts',(61.0971793081213,1.12513680851602,32.08867353662));
#3818=CARTESIAN_POINT('Ctrl Pts',(60.0752632881274,-13.6092883941838,35.2120023673552));
#3819=CARTESIAN_POINT('Ctrl Pts',(60.243588285085,-13.6222733412456,35.21660068884));
#3820=CARTESIAN_POINT('Ctrl Pts',(60.5805533224912,-13.5939756580488,35.2132878562617));
#3821=CARTESIAN_POINT('Ctrl Pts',(60.9468915653196,-13.3671150620794,35.1700897353795));
#3822=CARTESIAN_POINT('Ctrl Pts',(60.9905030860939,-13.0235779557921,35.090338701115));
#3823=CARTESIAN_POINT('Ctrl Pts',(61.0066480898039,-12.7552165816302,35.0266841869019));
#3824=CARTESIAN_POINT('Ctrl Pts',(61.0182452292614,-12.4822621958155,34.9623105324752));
#3825=CARTESIAN_POINT('Ctrl Pts',(61.0508396143941,-11.5674990888596,34.7467462584583));
#3826=CARTESIAN_POINT('Ctrl Pts',(61.094803194211,-9.99764171996691,34.3824970360283));
#3827=CARTESIAN_POINT('Ctrl Pts',(61.1607221018994,-7.04697528552897,33.7207112712544));
#3828=CARTESIAN_POINT('Ctrl Pts',(61.1488662794107,-4.08964643000858,33.0963218616172));
#3829=CARTESIAN_POINT('Ctrl Pts',(61.0819507068504,-1.49089197643291,32.5807264272016));
#3830=CARTESIAN_POINT('Ctrl Pts',(61.0450356548527,-0.190556517449704,32.3297655230347));
#3831=CARTESIAN_POINT('Ctrl Pts',(61.0194091097162,0.548917087410058,32.1887573592705));
#3832=CARTESIAN_POINT('Ctrl Pts',(61.0045598987401,0.916133107675064,32.1192585711823));
#3833=CARTESIAN_POINT('Ctrl Pts',(60.9873606243518,1.09226807605728,32.0856333085218));
#3834=CARTESIAN_POINT('Ctrl Pts',(60.0752632881274,-13.494503324834,35.1488343553373));
#3835=CARTESIAN_POINT('Ctrl Pts',(60.229250144927,-13.5142882394325,35.1602346824023));
#3836=CARTESIAN_POINT('Ctrl Pts',(60.5340686601659,-13.5021417158897,35.168295817863));
#3837=CARTESIAN_POINT('Ctrl Pts',(60.8856946748849,-13.3285716142725,35.151525693721));
#3838=CARTESIAN_POINT('Ctrl Pts',(60.8811501770828,-13.0004643787541,35.05543879348));
#3839=CARTESIAN_POINT('Ctrl Pts',(60.8688491693958,-12.73688393769,34.9737351974304));
#3840=CARTESIAN_POINT('Ctrl Pts',(60.8587653960165,-12.4694239369539,34.8924710513439));
#3841=CARTESIAN_POINT('Ctrl Pts',(60.8355630344211,-11.5700494608415,34.6209258494561));
#3842=CARTESIAN_POINT('Ctrl Pts',(60.8482344035412,-10.0220931868012,34.1811721897334));
#3843=CARTESIAN_POINT('Ctrl Pts',(60.8998496826576,-7.10046710606978,33.4429806057309));
#3844=CARTESIAN_POINT('Ctrl Pts',(60.8892810086776,-4.15478062885877,32.8328306425763));
#3845=CARTESIAN_POINT('Ctrl Pts',(60.8428756588058,-1.54661471443577,32.409693657002));
#3846=CARTESIAN_POINT('Ctrl Pts',(60.8443547257833,-0.236094947647202,32.2268468771667));
#3847=CARTESIAN_POINT('Ctrl Pts',(60.8590091344108,0.509956867878263,32.1307210264793));
#3848=CARTESIAN_POINT('Ctrl Pts',(60.8762807138893,0.880711993834698,32.0856314419331));
#3849=CARTESIAN_POINT('Ctrl Pts',(60.8807586521205,1.05627659014101,32.0634889565751));
#3850=CARTESIAN_POINT('Ctrl Pts',(60.0752632881274,-13.440727503724,35.1119720043916));
#3851=CARTESIAN_POINT('Ctrl Pts',(60.2223603038166,-13.4632594779942,35.1274172644714));
#3852=CARTESIAN_POINT('Ctrl Pts',(60.5115642576795,-13.458032901835,35.142116358437));
#3853=CARTESIAN_POINT('Ctrl Pts',(60.855307440928,-13.3098499295286,35.1406778937249));
#3854=CARTESIAN_POINT('Ctrl Pts',(60.8279745435245,-12.9903180866329,35.0335331644138));
#3855=CARTESIAN_POINT('Ctrl Pts',(60.8032701384279,-12.7299165766689,34.940191504432));
#3856=CARTESIAN_POINT('Ctrl Pts',(60.7844049246436,-12.4659189485037,34.8481766821341));
#3857=CARTESIAN_POINT('Ctrl Pts',(60.7410763591968,-11.5764146985325,34.5417014497524));
#3858=CARTESIAN_POINT('Ctrl Pts',(60.7534045645991,-10.0412830541474,34.0584926477033));
#3859=CARTESIAN_POINT('Ctrl Pts',(60.8165785126671,-7.13339842649344,33.2808737769171));
#3860=CARTESIAN_POINT('Ctrl Pts',(60.8038200841623,-4.19057207244262,32.6767235303457));
#3861=CARTESIAN_POINT('Ctrl Pts',(60.7470533163514,-1.57695633589119,32.3026964381194));
#3862=CARTESIAN_POINT('Ctrl Pts',(60.7555842990362,-0.260639639943487,32.1602185947298));
#3863=CARTESIAN_POINT('Ctrl Pts',(60.7839841909645,0.489321340925602,32.0919576424036));
#3864=CARTESIAN_POINT('Ctrl Pts',(60.8146672053678,0.86226513505312,32.062532605838));
#3865=CARTESIAN_POINT('Ctrl Pts',(60.8290427351539,1.03776323460669,32.0478002736864));
#3866=CARTESIAN_POINT('',(60.0752632881274,-13.440727503724,35.1119720043916));
#3867=CARTESIAN_POINT('',(60.7966810584059,-13.6016854741255,35.2234678138999));
#3868=CARTESIAN_POINT('Ctrl Pts',(60.7969897825223,-13.6015343833708,35.2234356522819));
#3869=CARTESIAN_POINT('Ctrl Pts',(60.7813797284832,-13.6016762889814,35.2234627286746));
#3870=CARTESIAN_POINT('Ctrl Pts',(60.7657464960536,-13.6015616813024,35.2233163152197));
#3871=CARTESIAN_POINT('Ctrl Pts',(60.7500891404432,-13.6011871098139,35.2229959702157));
#3872=CARTESIAN_POINT('Ctrl Pts',(60.7279016322321,-13.600656317247,35.2225420201627));
#3873=CARTESIAN_POINT('Ctrl Pts',(60.7056822593172,-13.5996139875384,35.2217414188285));
#3874=CARTESIAN_POINT('Ctrl Pts',(60.6834527195976,-13.5980530386837,35.2205957042231));
#3875=CARTESIAN_POINT('Ctrl Pts',(60.661651782366,-13.596522186114,35.2194720798695));
#3876=CARTESIAN_POINT('Ctrl Pts',(60.6398410008509,-13.5944926515879,35.2180160688911));
#3877=CARTESIAN_POINT('Ctrl Pts',(60.6180792720991,-13.591987337444,35.2162417644599));
#3878=CARTESIAN_POINT('Ctrl Pts',(60.6068423024999,-13.5906936838381,35.2153255778287));
#3879=CARTESIAN_POINT('Ctrl Pts',(60.5956190507786,-13.5892736471789,35.2143247748477));
#3880=CARTESIAN_POINT('Ctrl Pts',(60.5844217973386,-13.5877333662323,35.2132432020471));
#3881=CARTESIAN_POINT('Ctrl Pts',(60.5590344483593,-13.5842411125178,35.2107909697849));
#3882=CARTESIAN_POINT('Ctrl Pts',(60.5337838993628,-13.58013267786,35.2079239972004));
#3883=CARTESIAN_POINT('Ctrl Pts',(60.5087158011256,-13.5754923413095,35.2046905710656));
#3884=CARTESIAN_POINT('Ctrl Pts',(60.4983402824574,-13.57357173696,35.2033522775538));
#3885=CARTESIAN_POINT('Ctrl Pts',(60.4879957445496,-13.5715598545286,35.2019512267106));
#3886=CARTESIAN_POINT('Ctrl Pts',(60.4776842491287,-13.5694619061855,35.2004909061196));
#3887=CARTESIAN_POINT('Ctrl Pts',(60.4483166752603,-13.5634868608189,35.196331851484));
#3888=CARTESIAN_POINT('Ctrl Pts',(60.4192372954969,-13.5567977018913,35.1916871487901));
#3889=CARTESIAN_POINT('Ctrl Pts',(60.3904836588748,-13.5494805866721,35.1866209547626));
#3890=CARTESIAN_POINT('Ctrl Pts',(60.3617294330926,-13.5421633215258,35.1815546569292));
#3891=CARTESIAN_POINT('Ctrl Pts',(60.3333005894508,-13.5342182550243,35.1760674153889));
#3892=CARTESIAN_POINT('Ctrl Pts',(60.3051974050803,-13.5257010093179,35.170202168842));
#3893=CARTESIAN_POINT('Ctrl Pts',(60.2768299998888,-13.5171036860792,35.1642817783571));
#3894=CARTESIAN_POINT('Ctrl Pts',(60.2487939380542,-13.50792338983,35.1579766266797));
#3895=CARTESIAN_POINT('Ctrl Pts',(60.2210578952769,-13.4981846833826,35.1513020379497));
#3896=CARTESIAN_POINT('Ctrl Pts',(60.1925682410782,-13.4881813681562,35.1444460950755));
#3897=CARTESIAN_POINT('Ctrl Pts',(60.1643946341574,-13.4775888150247,35.1372006897459));
#3898=CARTESIAN_POINT('Ctrl Pts',(60.1364772926837,-13.4663996477445,35.1295465778026));
#3899=CARTESIAN_POINT('Ctrl Pts',(60.1177048912083,-13.4588757386159,35.124399738786));
#3900=CARTESIAN_POINT('Ctrl Pts',(60.099047837701,-13.4510813436384,35.1190673312707));
#3901=CARTESIAN_POINT('Ctrl Pts',(60.0804833995835,-13.4430064313381,35.113533912427));
#3902=CARTESIAN_POINT('Ctrl Pts',(60.0787425089227,-13.4422492018803,35.1130150129523));
#3903=CARTESIAN_POINT('Ctrl Pts',(60.0770024761731,-13.4414895606197,35.112494380585));
#3904=CARTESIAN_POINT('Ctrl Pts',(60.0752632881274,-13.440727503724,35.1119720043916));
#3905=CARTESIAN_POINT('',(61.1520892616989,1.14054942319997,32.0853927625751));
#3906=CARTESIAN_POINT('Ctrl Pts',(60.7967096240483,-13.6017263230052,35.2234765091114));
#3907=CARTESIAN_POINT('Ctrl Pts',(60.9019817189439,-13.5296303730528,35.2081299552528));
#3908=CARTESIAN_POINT('Ctrl Pts',(61.0590324325242,-13.3687861131013,35.1738921776826));
#3909=CARTESIAN_POINT('Ctrl Pts',(61.1591714748416,-13.0667134278249,35.1095921062243));
#3910=CARTESIAN_POINT('Ctrl Pts',(61.2236120321532,-12.7963670062252,35.0520453796428));
#3911=CARTESIAN_POINT('Ctrl Pts',(61.2741696974113,-12.5200907194679,34.9932364046954));
#3912=CARTESIAN_POINT('Ctrl Pts',(61.4153017635366,-11.5982576259658,34.7970123279288));
#3913=CARTESIAN_POINT('Ctrl Pts',(61.5579714010108,-10.0162590278124,34.4602634993644));
#3914=CARTESIAN_POINT('Ctrl Pts',(61.7163122025996,-7.03734254043023,33.8261626609135));
#3915=CARTESIAN_POINT('Ctrl Pts',(61.6905861083972,-4.0492664947957,33.1901120922193));
#3916=CARTESIAN_POINT('Ctrl Pts',(61.5175071613558,-1.44345439236219,32.6354313396714));
#3917=CARTESIAN_POINT('Ctrl Pts',(61.3825742264232,-0.144327520017526,32.3588954104175));
#3918=CARTESIAN_POINT('Ctrl Pts',(61.2759637770317,0.594406332240396,32.2016463713481));
#3919=CARTESIAN_POINT('Ctrl Pts',(61.2046882560919,0.961279746948334,32.1235526279159));
#3920=CARTESIAN_POINT('Ctrl Pts',(61.1520892616989,1.14054942319997,32.0853927625751));
#3921=CARTESIAN_POINT('',(60.8290427358534,1.0377632353988,32.0478002738379));
#3922=CARTESIAN_POINT('Origin',(61.1520892616989,0.932351056542101,31.1073061405825));
#3923=CARTESIAN_POINT('Ctrl Pts',(60.8290427351539,1.03776323460669,32.0478002736864));
#3924=CARTESIAN_POINT('Ctrl Pts',(60.8146672053678,0.86226513505312,32.062532605838));
#3925=CARTESIAN_POINT('Ctrl Pts',(60.7839841909645,0.489321340925602,32.0919576424036));
#3926=CARTESIAN_POINT('Ctrl Pts',(60.7555842990362,-0.260639639943487,32.1602185947298));
#3927=CARTESIAN_POINT('Ctrl Pts',(60.7470533163514,-1.57695633589119,32.3026964381194));
#3928=CARTESIAN_POINT('Ctrl Pts',(60.8038200841623,-4.19057207244262,32.6767235303457));
#3929=CARTESIAN_POINT('Ctrl Pts',(60.8165785126671,-7.13339842649344,33.2808737769171));
#3930=CARTESIAN_POINT('Ctrl Pts',(60.7534045645991,-10.0412830541474,34.0584926477033));
#3931=CARTESIAN_POINT('Ctrl Pts',(60.7410763591968,-11.5764146985325,34.5417014497524));
#3932=CARTESIAN_POINT('Ctrl Pts',(60.7844049246436,-12.4659189485037,34.8481766821341));
#3933=CARTESIAN_POINT('Ctrl Pts',(60.8032701384279,-12.7299165766689,34.940191504432));
#3934=CARTESIAN_POINT('Ctrl Pts',(60.8279745435245,-12.9903180866329,35.0335331644138));
#3935=CARTESIAN_POINT('Ctrl Pts',(60.855307440928,-13.3098499295286,35.1406778937249));
#3936=CARTESIAN_POINT('Ctrl Pts',(60.5115642576795,-13.458032901835,35.142116358437));
#3937=CARTESIAN_POINT('Ctrl Pts',(60.2223603038166,-13.4632594779942,35.1274172644714));
#3938=CARTESIAN_POINT('Ctrl Pts',(60.0752632881274,-13.440727503724,35.1119720043916));
#3939=CARTESIAN_POINT('Ctrl Pts',(61.1520892608963,1.14054942593559,32.0853927619928));
#3940=CARTESIAN_POINT('Ctrl Pts',(61.1349557708233,1.19894436748091,32.0729626446827));
#3941=CARTESIAN_POINT('Ctrl Pts',(61.0993540803935,1.31450371775918,32.0483643448604));
#3942=CARTESIAN_POINT('Ctrl Pts',(61.01627904767,1.51344666967571,32.0060167687707));
#3943=CARTESIAN_POINT('Ctrl Pts',(60.899722757662,1.62055687062352,31.9832169794798));
#3944=CARTESIAN_POINT('Ctrl Pts',(60.8216457634921,1.67027687908921,31.9726334336874));
#3945=CARTESIAN_POINT('Ctrl Pts',(61.0422693540809,1.10972419650742,32.0919543100955));
#3946=CARTESIAN_POINT('Ctrl Pts',(61.0353312939775,1.16977871395352,32.0791560886975));
#3947=CARTESIAN_POINT('Ctrl Pts',(61.0214221923718,1.28909543829378,32.053749799276));
#3948=CARTESIAN_POINT('Ctrl Pts',(60.9725623453405,1.48401228616527,32.0122522207776));
#3949=CARTESIAN_POINT('Ctrl Pts',(60.8561258146002,1.56979286781961,31.9940198400065));
#3950=CARTESIAN_POINT('Ctrl Pts',(60.7810081903784,1.60922847813603,31.9856283740942));
#3951=CARTESIAN_POINT('Ctrl Pts',(60.9324745689638,1.07478994831286,32.0791776390131));
#3952=CARTESIAN_POINT('Ctrl Pts',(60.9357189865411,1.13725048418985,32.0695343101488));
#3953=CARTESIAN_POINT('Ctrl Pts',(60.9434908552942,1.26168480626211,32.0497259674796));
#3954=CARTESIAN_POINT('Ctrl Pts',(60.9288433301136,1.45381494019883,32.0149058983028));
#3955=CARTESIAN_POINT('Ctrl Pts',(60.8125299532456,1.51762842145569,31.9982390563743));
#3956=CARTESIAN_POINT('Ctrl Pts',(60.7403723013911,1.5464430625179,31.9904506399485));
#3957=CARTESIAN_POINT('Ctrl Pts',(60.8290427353163,1.03776323722031,32.0478002734492));
#3958=CARTESIAN_POINT('Ctrl Pts',(60.8407468748581,1.10288039142089,32.0445220398886));
#3959=CARTESIAN_POINT('Ctrl Pts',(60.867546592156,1.23306342169861,32.0363545658477));
#3960=CARTESIAN_POINT('Ctrl Pts',(60.8854999284977,1.42321271288679,32.01393289476));
#3961=CARTESIAN_POINT('Ctrl Pts',(60.7698220672669,1.46505722181729,31.99579303547));
#3962=CARTESIAN_POINT('Ctrl Pts',(60.7007449241316,1.48347625439497,31.9869807508971));
#3963=CARTESIAN_POINT('',(60.8216457635222,1.67027687913446,31.9726334336778));
#3964=CARTESIAN_POINT('',(60.7007449241316,1.48347625439497,31.9869807508971));
#3965=CARTESIAN_POINT('Origin',(60.8216457634921,1.46207851243135,30.9945468116947));
#3966=CARTESIAN_POINT('Ctrl Pts',(60.7007449241316,1.48347625439497,31.9869807508971));
#3967=CARTESIAN_POINT('Ctrl Pts',(60.7698220672669,1.46505722181729,31.99579303547));
#3968=CARTESIAN_POINT('Ctrl Pts',(60.8854999284977,1.42321271288679,32.01393289476));
#3969=CARTESIAN_POINT('Ctrl Pts',(60.867546592156,1.23306342169861,32.0363545658477));
#3970=CARTESIAN_POINT('Ctrl Pts',(60.8407468748581,1.10288039142089,32.0445220398886));
#3971=CARTESIAN_POINT('Ctrl Pts',(60.8290427353163,1.03776323722031,32.0478002734492));
#3972=CARTESIAN_POINT('Ctrl Pts',(61.1520892608963,1.14054942593559,32.0853927619928));
#3973=CARTESIAN_POINT('Ctrl Pts',(61.1349557708233,1.19894436748091,32.0729626446827));
#3974=CARTESIAN_POINT('Ctrl Pts',(61.0993540803935,1.31450371775918,32.0483643448604));
#3975=CARTESIAN_POINT('Ctrl Pts',(61.01627904767,1.51344666967571,32.0060167687707));
#3976=CARTESIAN_POINT('Ctrl Pts',(60.899722757662,1.62055687062352,31.9832169794798));
#3977=CARTESIAN_POINT('Ctrl Pts',(60.8216457634921,1.67027687908921,31.9726334336874));
#3978=CARTESIAN_POINT('Ctrl Pts',(60.8216457634921,1.67027687919889,31.972633433664));
#3979=CARTESIAN_POINT('Ctrl Pts',(60.6369383715861,1.67027687919889,31.972633433664));
#3980=CARTESIAN_POINT('Ctrl Pts',(60.4546008695895,1.67027687919889,31.9726334336641));
#3981=CARTESIAN_POINT('Ctrl Pts',(60.270906087282,1.67027687919889,31.972633433664));
#3982=CARTESIAN_POINT('Ctrl Pts',(60.2688548783817,1.67027687919889,31.972633433664));
#3983=CARTESIAN_POINT('Ctrl Pts',(60.2668031676793,1.67027687919889,31.972633433664));
#3984=CARTESIAN_POINT('Ctrl Pts',(60.7810081903781,1.60922847821078,31.9856283740855));
#3985=CARTESIAN_POINT('Ctrl Pts',(60.6036085411932,1.62234637058143,31.9751550559093));
#3986=CARTESIAN_POINT('Ctrl Pts',(60.4381876271906,1.64652695377985,31.968741526321));
#3987=CARTESIAN_POINT('Ctrl Pts',(60.2705407607833,1.66975461107165,31.9725482798764));
#3988=CARTESIAN_POINT('Ctrl Pts',(60.2686729376843,1.67001615562779,31.9725898540572));
#3989=CARTESIAN_POINT('Ctrl Pts',(60.2668031676793,1.67027687919889,31.972633433664));
#3990=CARTESIAN_POINT('Ctrl Pts',(60.7403723013906,1.54644306255534,31.9904506399476));
#3991=CARTESIAN_POINT('Ctrl Pts',(60.5702783402054,1.57443772098689,31.9729525814254));
#3992=CARTESIAN_POINT('Ctrl Pts',(60.4217743447824,1.62284767440568,31.9648658953294));
#3993=CARTESIAN_POINT('Ctrl Pts',(60.2701754345817,1.66923196064847,31.9724618843687));
#3994=CARTESIAN_POINT('Ctrl Pts',(60.2684909969869,1.66975543205668,31.9725462744503));
#3995=CARTESIAN_POINT('Ctrl Pts',(60.2668031676792,1.67027687919889,31.972633433664));
#3996=CARTESIAN_POINT('Ctrl Pts',(60.7007449241316,1.48347625439494,31.9869807508971));
#3997=CARTESIAN_POINT('Ctrl Pts',(60.5373285543447,1.52705031227586,31.9661334562793));
#3998=CARTESIAN_POINT('Ctrl Pts',(60.4053244916791,1.59919108964121,31.9609993590914));
#3999=CARTESIAN_POINT('Ctrl Pts',(60.269810401894,1.66870931295757,31.9723743040425));
#4000=CARTESIAN_POINT('Ctrl Pts',(60.2683090562896,1.66949470848557,31.9725026948434));
#4001=CARTESIAN_POINT('Ctrl Pts',(60.2668031676792,1.67027687919888,31.972633433664));
#4002=CARTESIAN_POINT('',(60.2668031557631,1.67027687312697,31.9726334337564));
#4003=CARTESIAN_POINT('',(32.5,1.67027687919889,31.972633433664));
#4004=CARTESIAN_POINT('Ctrl Pts',(60.2668031676792,1.67027687919888,31.972633433664));
#4005=CARTESIAN_POINT('Ctrl Pts',(60.2683090562896,1.66949470848557,31.9725026948434));
#4006=CARTESIAN_POINT('Ctrl Pts',(60.269810401894,1.66870931295757,31.9723743040425));
#4007=CARTESIAN_POINT('Ctrl Pts',(60.4053244916791,1.59919108964121,31.9609993590914));
#4008=CARTESIAN_POINT('Ctrl Pts',(60.5373285543447,1.52705031227586,31.9661334562793));
#4009=CARTESIAN_POINT('Ctrl Pts',(60.7007449241316,1.48347625439494,31.9869807508971));
#4010=CARTESIAN_POINT('Origin',(65.,-24.6747725631644,37.5805173777732));
#4011=CARTESIAN_POINT('',(32.5,1.67027687919889,31.972633433664));
#4012=CARTESIAN_POINT('',(32.5,-13.6016854742276,35.2234678139216));
#4013=CARTESIAN_POINT('Ctrl Pts',(60.8507564079307,1.01665671443027,32.0578951047934));
#4014=CARTESIAN_POINT('Ctrl Pts',(60.8116028521683,0.761720700990404,32.0755233273567));
#4015=CARTESIAN_POINT('Ctrl Pts',(60.7678604579525,0.145409324369432,32.1241886958996));
#4016=CARTESIAN_POINT('Ctrl Pts',(60.742812273439,-1.8731480486129,32.3327716188881));
#4017=CARTESIAN_POINT('Ctrl Pts',(60.8514727006996,-5.14046038198881,32.8579674913555));
#4018=CARTESIAN_POINT('Ctrl Pts',(60.7912205635027,-8.75385975173632,33.7000433424622));
#4019=CARTESIAN_POINT('Ctrl Pts',(60.7466410644598,-11.1457607916183,34.4078662481611));
#4020=CARTESIAN_POINT('Ctrl Pts',(60.7800642175228,-12.4011200426891,34.8282008710025));
#4021=CARTESIAN_POINT('Ctrl Pts',(60.8378156551932,-12.9587056292291,35.0301593083482));
#4022=CARTESIAN_POINT('Ctrl Pts',(60.8877757274312,-13.1544161742338,35.1028497343532));
#4023=CARTESIAN_POINT('Ctrl Pts',(60.7473431243355,1.11743244787446,32.0084892494076));
#4024=CARTESIAN_POINT('Ctrl Pts',(60.6801078269879,0.855534725011023,32.0049057952795));
#4025=CARTESIAN_POINT('Ctrl Pts',(60.6021072738706,0.22264351657024,32.005569831197));
#4026=CARTESIAN_POINT('Ctrl Pts',(60.5421278770439,-1.84690151051096,32.0838094046516));
#4027=CARTESIAN_POINT('Ctrl Pts',(60.7000098192763,-5.19378702662814,32.5070792515793));
#4028=CARTESIAN_POINT('Ctrl Pts',(60.6106751775184,-8.87055388915806,33.4150055803677));
#4029=CARTESIAN_POINT('Ctrl Pts',(60.5573012239149,-11.2685402815524,34.2556894296258));
#4030=CARTESIAN_POINT('Ctrl Pts',(60.6247174141801,-12.5185928419504,34.771973945062));
#4031=CARTESIAN_POINT('Ctrl Pts',(60.7256521149828,-13.0710888049752,35.0245663480406));
#4032=CARTESIAN_POINT('Ctrl Pts',(60.8105540344438,-13.2647570960159,35.1159626571566));
#4033=CARTESIAN_POINT('Ctrl Pts',(60.5288034867871,1.32304812332181,31.9425119881619));
#4034=CARTESIAN_POINT('Ctrl Pts',(60.3986628820839,1.04817340200146,31.9045653389996));
#4035=CARTESIAN_POINT('Ctrl Pts',(60.2335898048102,0.384095006638893,31.826125277126));
#4036=CARTESIAN_POINT('Ctrl Pts',(60.0326256105139,-1.78395543532221,31.6810454202079));
#4037=CARTESIAN_POINT('Ctrl Pts',(60.1853634048649,-5.28531218586553,31.8986452936502));
#4038=CARTESIAN_POINT('Ctrl Pts',(60.0886740620805,-9.07383526023954,32.9399639183451));
#4039=CARTESIAN_POINT('Ctrl Pts',(60.1052037687562,-11.490376247776,34.0272561553818));
#4040=CARTESIAN_POINT('Ctrl Pts',(60.2856021638772,-12.738242348142,34.7088667833708));
#4041=CARTESIAN_POINT('Ctrl Pts',(60.4893930303747,-13.2859878087996,35.0457101721674));
#4042=CARTESIAN_POINT('Ctrl Pts',(60.6493520946491,-13.4776646168072,35.1677559087681));
#4043=CARTESIAN_POINT('Ctrl Pts',(60.2982365182153,1.52607437677659,31.9456090161988));
#4044=CARTESIAN_POINT('Ctrl Pts',(60.0982168660545,1.23781114367441,31.8919919159542));
#4045=CARTESIAN_POINT('Ctrl Pts',(59.8263349896682,0.542604917708624,31.7779135613142));
#4046=CARTESIAN_POINT('Ctrl Pts',(59.4067322414081,-1.7198088261994,31.5350510534814));
#4047=CARTESIAN_POINT('Ctrl Pts',(59.4230347185222,-5.3201980897397,31.6683054405644));
#4048=CARTESIAN_POINT('Ctrl Pts',(59.385470216544,-9.16133944171371,32.7680510145057));
#4049=CARTESIAN_POINT('Ctrl Pts',(59.5749658063938,-11.6311323749637,33.9794413573628));
#4050=CARTESIAN_POINT('Ctrl Pts',(59.916861166042,-12.9083470789796,34.7478774953368));
#4051=CARTESIAN_POINT('Ctrl Pts',(60.2409305788221,-13.4698433035636,35.1299021705214));
#4052=CARTESIAN_POINT('Ctrl Pts',(60.4812496470414,-13.6662972750394,35.2685403622923));
#4053=CARTESIAN_POINT('Ctrl Pts',(60.182949684369,1.62429379643094,31.9643942701504));
#4054=CARTESIAN_POINT('Ctrl Pts',(59.9479847322587,1.32866941325011,31.9078537292689));
#4055=CARTESIAN_POINT('Ctrl Pts',(59.6226853445678,0.616889991744892,31.7877274269135));
#4056=CARTESIAN_POINT('Ctrl Pts',(59.0936355458618,-1.69216830965869,31.5329879935635));
#4057=CARTESIAN_POINT('Ctrl Pts',(59.0410791365186,-5.32078926020807,31.6687371252457));
#4058=CARTESIAN_POINT('Ctrl Pts',(59.0334420002739,-9.16899532178379,32.7695058941754));
#4059=CARTESIAN_POINT('Ctrl Pts',(59.3097684156995,-11.6753230273537,34.0022058309217));
#4060=CARTESIAN_POINT('Ctrl Pts',(59.7324837039467,-12.9772028543931,34.7918440094694));
#4061=CARTESIAN_POINT('Ctrl Pts',(60.1166946455629,-13.551543731135,35.1866259656465));
#4062=CARTESIAN_POINT('Ctrl Pts',(60.3971969185918,-13.7526077266769,35.3301512575165));
#4063=CARTESIAN_POINT('',(60.1829496842113,1.62429379655186,31.9643942701735));
#4064=CARTESIAN_POINT('Origin',(60.182949684369,1.24858759334615,33.9287885403934));
#4065=CARTESIAN_POINT('Ctrl Pts',(60.182949684369,1.62429379643094,31.9643942701504));
#4066=CARTESIAN_POINT('Ctrl Pts',(59.9479847322587,1.32866941325011,31.9078537292689));
#4067=CARTESIAN_POINT('Ctrl Pts',(59.6226853445678,0.616889991744892,31.7877274269135));
#4068=CARTESIAN_POINT('Ctrl Pts',(59.0936355458618,-1.69216830965869,31.5329879935635));
#4069=CARTESIAN_POINT('Ctrl Pts',(59.0410791365186,-5.32078926020807,31.6687371252457));
#4070=CARTESIAN_POINT('Ctrl Pts',(59.0334420002739,-9.16899532178379,32.7695058941754));
#4071=CARTESIAN_POINT('Ctrl Pts',(59.3097684156995,-11.6753230273537,34.0022058309217));
#4072=CARTESIAN_POINT('Ctrl Pts',(59.6858123169987,-12.8334641752942,34.7046611939797));
#4073=CARTESIAN_POINT('Ctrl Pts',(59.9554422975675,-13.2941601463246,35.0122749232971));
#4074=CARTESIAN_POINT('Ctrl Pts',(60.0733896840677,-13.441602105513,35.113115197144));
#4075=CARTESIAN_POINT('Ctrl Pts',(60.9017424544791,1.32993893388613,32.0297486229144));
#4076=CARTESIAN_POINT('Ctrl Pts',(60.8728449443663,1.2431588238613,32.0365960219781));
#4077=CARTESIAN_POINT('Ctrl Pts',(60.8493379291417,1.14123225503942,32.0431654168433));
#4078=CARTESIAN_POINT('Ctrl Pts',(60.8292480314566,1.03756417727367,32.0478931247945));
#4079=CARTESIAN_POINT('Ctrl Pts',(60.7881853872996,1.48507945356629,31.9877785507756));
#4080=CARTESIAN_POINT('Ctrl Pts',(60.7253505240552,1.40990124325806,31.9815113413756));
#4081=CARTESIAN_POINT('Ctrl Pts',(60.6734189647457,1.3217572048992,31.9714030832943));
#4082=CARTESIAN_POINT('Ctrl Pts',(60.6280327848985,1.2326717969244,31.9568634182836));
#4083=CARTESIAN_POINT('Ctrl Pts',(60.6695098505882,1.64416044327088,31.9743393963825));
#4084=CARTESIAN_POINT('Ctrl Pts',(60.5695053868267,1.58160899278126,31.9639434580326));
#4085=CARTESIAN_POINT('Ctrl Pts',(60.4840790854882,1.50838122208388,31.9486578255296));
#4086=CARTESIAN_POINT('Ctrl Pts',(60.4055614023352,1.43463819547258,31.9281211111006));
#4087=CARTESIAN_POINT('Ctrl Pts',(60.5508193578467,1.80034079655692,31.9900090960798));
#4088=CARTESIAN_POINT('Ctrl Pts',(60.4136290182476,1.74873087498283,31.9848310313908));
#4089=CARTESIAN_POINT('Ctrl Pts',(60.294694057215,1.68756051984842,31.9764945398471));
#4090=CARTESIAN_POINT('Ctrl Pts',(60.1829496841564,1.62429379655273,31.9643942701737));
#4091=CARTESIAN_POINT('Ctrl Pts',(60.2666872385351,1.67038637919639,31.9726322341967));
#4092=CARTESIAN_POINT('Ctrl Pts',(60.2382325601918,1.6552220165462,31.9701069858914));
#4093=CARTESIAN_POINT('Ctrl Pts',(60.2103745649976,1.63982104235583,31.9673639808164));
#4094=CARTESIAN_POINT('Ctrl Pts',(60.1829496841564,1.62429379655273,31.9643942701737));
#4095=CARTESIAN_POINT('Origin',(88.75,0.300000000000017,29.1598804490981));
#4096=CARTESIAN_POINT('',(61.,4.81756043312322,31.3026934911248));
#4097=CARTESIAN_POINT('Origin',(61.,0.299999999999994,29.1598804490981));
#4098=CARTESIAN_POINT('',(69.,4.81756043312324,31.3026934911248));
#4099=CARTESIAN_POINT('',(88.75,4.81756043312325,31.3026934911248));
#4100=CARTESIAN_POINT('Origin',(69.,0.300000000000001,29.1598804490981));
#4101=CARTESIAN_POINT('Ctrl Pts',(69.,4.81756043312324,31.3026934911248));
#4102=CARTESIAN_POINT('Ctrl Pts',(69.,4.81756043312324,31.3026934911248));
#4103=CARTESIAN_POINT('Ctrl Pts',(69.,4.81756043312324,31.3026934911248));
#4104=CARTESIAN_POINT('Ctrl Pts',(69.8477195101162,5.3,30.7406800911537));
#4105=CARTESIAN_POINT('Ctrl Pts',(69.5460119425687,5.3,30.2855959394717));
#4106=CARTESIAN_POINT('Ctrl Pts',(69.,5.3,30.2855959394717));
#4107=CARTESIAN_POINT('Ctrl Pts',(70.7859687296515,5.3,30.1186481246854));
#4108=CARTESIAN_POINT('Ctrl Pts',(70.1503336230993,5.3,29.1598804490981));
#4109=CARTESIAN_POINT('Ctrl Pts',(69.,5.3,29.1598804490981));
#4110=CARTESIAN_POINT('Ctrl Pts',(69.,4.81756043312324,31.3026934911248));
#4111=CARTESIAN_POINT('Ctrl Pts',(69.0009597660744,4.81810663870623,31.3020571941088));
#4112=CARTESIAN_POINT('Ctrl Pts',(69.0019195859284,4.81865240399162,31.3014206002898));
#4113=CARTESIAN_POINT('Ctrl Pts',(69.1409458460821,4.89763621822628,31.2091746486698));
#4114=CARTESIAN_POINT('Ctrl Pts',(69.2800559866671,4.96692237513167,31.1114866269356));
#4115=CARTESIAN_POINT('Ctrl Pts',(69.5609060212739,5.08688561499333,30.9062375944619));
#4116=CARTESIAN_POINT('Ctrl Pts',(69.702500845141,5.13736623811605,30.7987267723377));
#4117=CARTESIAN_POINT('Ctrl Pts',(70.1266338080789,5.25829719598163,30.4686975830077));
#4118=CARTESIAN_POINT('Ctrl Pts',(70.4097078168977,5.29925187215755,30.2379441670569));
#4119=CARTESIAN_POINT('Ctrl Pts',(70.696155220714,5.29999661475006,30.0042490731407));
#4120=CARTESIAN_POINT('Ctrl Pts',(70.6987593093535,5.3,30.0021245391493));
#4121=CARTESIAN_POINT('Ctrl Pts',(70.701363394828,5.3,30.));
#4122=CARTESIAN_POINT('Ctrl Pts',(61.,4.81756043312322,31.3026934911248));
#4123=CARTESIAN_POINT('Ctrl Pts',(61.,4.81756043312322,31.3026934911248));
#4124=CARTESIAN_POINT('Ctrl Pts',(61.,4.81756043312322,31.3026934911248));
#4125=CARTESIAN_POINT('Ctrl Pts',(61.,5.29999999999999,30.2855959394717));
#4126=CARTESIAN_POINT('Ctrl Pts',(60.4539880574307,5.29999999999999,30.2855959394717));
#4127=CARTESIAN_POINT('Ctrl Pts',(60.1522804898832,5.29999999999999,30.7406800911546));
#4128=CARTESIAN_POINT('Ctrl Pts',(61.,5.29999999999999,29.1598804490981));
#4129=CARTESIAN_POINT('Ctrl Pts',(59.8496663768994,5.29999999999999,29.1598804490981));
#4130=CARTESIAN_POINT('Ctrl Pts',(59.2140312703473,5.29999999999999,30.1186481246872));
#4131=CARTESIAN_POINT('Ctrl Pts',(59.298636605172,5.29999999999999,30.));
#4132=CARTESIAN_POINT('Ctrl Pts',(59.3012406906443,5.29999999999999,30.0021245391475));
#4133=CARTESIAN_POINT('Ctrl Pts',(59.3038447792909,5.29999661475004,30.0042490731417));
#4134=CARTESIAN_POINT('Ctrl Pts',(59.590292182991,5.29925187215761,30.2379441670462));
#4135=CARTESIAN_POINT('Ctrl Pts',(59.8733661919329,5.25829719597828,30.4686975830168));
#4136=CARTESIAN_POINT('Ctrl Pts',(60.4389668331491,5.09703025073099,30.9088065521763));
#4137=CARTESIAN_POINT('Ctrl Pts',(60.7199556281273,4.97666108812653,31.1168807477456));
#4138=CARTESIAN_POINT('Ctrl Pts',(60.9980804140724,4.8186524039911,31.3014206002904));
#4139=CARTESIAN_POINT('Ctrl Pts',(60.9990402339248,4.81810663870669,31.3020571941083));
#4140=CARTESIAN_POINT('Ctrl Pts',(61.,4.81756043312322,31.3026934911248));
#4141=CARTESIAN_POINT('Origin',(52.75,-21.8996585216452,50.6303733944718));
#4142=CARTESIAN_POINT('',(50.75,-22.8059663086819,51.0529916562125));
#4143=CARTESIAN_POINT('',(52.75,-21.9607297852005,52.8656072302858));
#4144=CARTESIAN_POINT('Origin',(52.75,-22.8059663086819,51.0529916562125));
#4145=CARTESIAN_POINT('',(52.75,-20.1481142111272,52.0203707068044));
#4146=CARTESIAN_POINT('',(52.75,-21.0544219981638,52.4429889685451));
#4147=CARTESIAN_POINT('',(50.75,-20.9933507346086,50.2077551327311));
#4148=CARTESIAN_POINT('Origin',(52.75,-20.9933507346086,50.2077551327311));
#4149=CARTESIAN_POINT('',(50.75,-21.8996585216452,50.6303733944718));
#4150=CARTESIAN_POINT('Origin',(65.,-20.9933507346086,50.2077551327311));
#4151=CARTESIAN_POINT('',(52.75,-19.1807351605353,49.3625186092497));
#4152=CARTESIAN_POINT('Origin',(52.75,-20.9933507346086,50.2077551327311));
#4153=CARTESIAN_POINT('',(77.25,-20.1481142111272,52.0203707068044));
#4154=CARTESIAN_POINT('',(65.,-20.1481142111272,52.0203707068044));
#4155=CARTESIAN_POINT('',(77.25,-19.1807351605353,49.3625186092497));
#4156=CARTESIAN_POINT('Origin',(77.25,-20.9933507346086,50.2077551327311));
#4157=CARTESIAN_POINT('',(65.,-19.1807351605353,49.3625186092497));
#4158=CARTESIAN_POINT('Origin',(52.75,-20.9933507346086,50.2077551327311));
#4159=CARTESIAN_POINT('Origin',(52.75,-20.9933507346086,50.2077551327311));
#4160=CARTESIAN_POINT('Origin',(77.25,-21.8996585216452,50.6303733944718));
#4161=CARTESIAN_POINT('',(77.25,-21.9607297852005,52.8656072302858));
#4162=CARTESIAN_POINT('',(79.25,-22.8059663086819,51.0529916562125));
#4163=CARTESIAN_POINT('Origin',(77.25,-22.8059663086819,51.0529916562125));
#4164=CARTESIAN_POINT('',(79.25,-20.9933507346086,50.2077551327311));
#4165=CARTESIAN_POINT('',(79.25,-21.8996585216452,50.6303733944718));
#4166=CARTESIAN_POINT('Origin',(77.25,-20.9933507346086,50.2077551327311));
#4167=CARTESIAN_POINT('',(77.25,-21.0544219981638,52.4429889685451));
#4168=CARTESIAN_POINT('Origin',(77.25,-20.9933507346086,50.2077551327311));
#4169=CARTESIAN_POINT('Origin',(77.25,-20.9933507346086,50.2077551327311));
#4170=CARTESIAN_POINT('Origin',(50.75,-26.4873881372377,38.4257539012546));
#4171=CARTESIAN_POINT('',(50.75,-23.5565385808065,44.7109810579936));
#4172=CARTESIAN_POINT('',(50.75,-23.3177511741824,45.2230623040295));
#4173=CARTESIAN_POINT('',(50.75,-22.9589355632562,41.3218059292118));
#4174=CARTESIAN_POINT('Origin',(50.75,-20.8376152196966,43.4431262727715));
#4175=CARTESIAN_POINT('',(50.75,-17.689117420521,36.0519877864766));
#4176=CARTESIAN_POINT('',(50.75,-12.3446746993207,30.7075450652763));
#4177=CARTESIAN_POINT('',(50.75,-9.95435280349289,31.0456811414679));
#4178=CARTESIAN_POINT('Origin',(50.75,-2.13276823441695,51.6083369725806));
#4179=CARTESIAN_POINT('',(50.75,-10.,30.));
#4180=CARTESIAN_POINT('Origin',(50.75,2.,30.));
#4181=CARTESIAN_POINT('',(50.75,-10.,27.5143422285317));
#4182=CARTESIAN_POINT('',(50.75,-10.,19.2128769506273));
#4183=CARTESIAN_POINT('',(50.75,-20.5802993519076,38.0946415804393));
#4184=CARTESIAN_POINT('',(50.75,-22.349191489407,39.8635337179388));
#4185=CARTESIAN_POINT('',(50.75,-22.5759330100223,39.1785609436637));
#4186=CARTESIAN_POINT('Origin',(50.75,-23.4087264766538,35.2662144556931));
#4187=CARTESIAN_POINT('',(50.75,-23.4801365506711,39.3710323424707));
#4188=CARTESIAN_POINT('',(50.75,-25.2114586001733,39.7395665957363));
#4189=CARTESIAN_POINT('',(50.75,-26.8236550117547,37.7046272617148));
#4190=CARTESIAN_POINT('Origin',(50.75,-24.1047316506447,36.4367724764927));
#4191=CARTESIAN_POINT('',(50.75,-32.8266620633482,24.8311370957049));
#4192=CARTESIAN_POINT('',(50.75,-23.3177511741824,45.2230623040295));
#4193=CARTESIAN_POINT('',(50.75,-34.6392776374215,25.6763736191863));
#4194=CARTESIAN_POINT('',(50.75,-31.0140464892749,23.9859005722235));
#4195=CARTESIAN_POINT('',(50.75,-34.6392776374215,25.6763736191863));
#4196=CARTESIAN_POINT('Origin',(52.75,-23.3177511741824,45.2230623040295));
#4197=CARTESIAN_POINT('',(52.75,-21.7439230067332,43.8657445345122));
#4198=CARTESIAN_POINT('',(52.75,-21.5051356001091,44.3778257805481));
#4199=CARTESIAN_POINT('Origin',(52.75,-23.5565385808065,44.7109810579936));
#4200=CARTESIAN_POINT('Origin',(65.,-18.3354986370539,51.175134183323));
#4201=CARTESIAN_POINT('',(77.25,-21.7439230067332,43.8657445345122));
#4202=CARTESIAN_POINT('',(77.25,-21.5051356001091,44.3778257805481));
#4203=CARTESIAN_POINT('',(65.,-21.7439230067332,43.8657445345122));
#4204=CARTESIAN_POINT('',(55.65,-20.8712082074981,45.7372874611031));
#4205=CARTESIAN_POINT('Origin',(57.,-20.8712082074981,45.7372874611031));
#4206=CARTESIAN_POINT('',(71.65,-20.8712082074981,45.7372874611031));
#4207=CARTESIAN_POINT('Origin',(73.,-20.8712082074981,45.7372874611031));
#4208=CARTESIAN_POINT('Origin',(77.25,-23.3177511741824,45.2230623040295));
#4209=CARTESIAN_POINT('',(79.25,-23.5565385808065,44.7109810579936));
#4210=CARTESIAN_POINT('',(79.25,-23.3177511741824,45.2230623040295));
#4211=CARTESIAN_POINT('Origin',(77.25,-23.5565385808065,44.7109810579936));
#4212=CARTESIAN_POINT('Origin',(79.25,-26.4873881372377,38.4257539012546));
#4213=CARTESIAN_POINT('',(79.25,-34.6392776374215,25.6763736191863));
#4214=CARTESIAN_POINT('',(79.25,-34.6392776374215,25.6763736191863));
#4215=CARTESIAN_POINT('',(79.25,-32.8266620633482,24.8311370957049));
#4216=CARTESIAN_POINT('',(79.25,-31.0140464892749,23.9859005722235));
#4217=CARTESIAN_POINT('',(79.25,-26.8236550117547,37.7046272617148));
#4218=CARTESIAN_POINT('',(79.25,-23.3177511741824,45.2230623040295));
#4219=CARTESIAN_POINT('',(79.25,-23.4801365506711,39.3710323424707));
#4220=CARTESIAN_POINT('Origin',(79.25,-24.1047316506447,36.4367724764927));
#4221=CARTESIAN_POINT('',(79.25,-22.5759330100223,39.1785609436637));
#4222=CARTESIAN_POINT('',(79.25,-25.2114586001733,39.7395665957363));
#4223=CARTESIAN_POINT('',(79.25,-20.5802993519076,38.0946415804393));
#4224=CARTESIAN_POINT('Origin',(79.25,-23.4087264766538,35.2662144556931));
#4225=CARTESIAN_POINT('',(79.25,-10.,27.5143422285317));
#4226=CARTESIAN_POINT('',(79.25,-22.349191489407,39.8635337179388));
#4227=CARTESIAN_POINT('',(79.25,-10.,30.));
#4228=CARTESIAN_POINT('',(79.25,-10.,19.2128769506273));
#4229=CARTESIAN_POINT('',(79.25,-9.95435280349289,31.0456811414679));
#4230=CARTESIAN_POINT('Origin',(79.25,2.,30.));
#4231=CARTESIAN_POINT('',(79.25,-17.689117420521,36.0519877864766));
#4232=CARTESIAN_POINT('Origin',(79.25,-2.13276823441695,51.6083369725806));
#4233=CARTESIAN_POINT('',(79.25,-22.9589355632562,41.3218059292118));
#4234=CARTESIAN_POINT('',(79.25,-12.3446746993207,30.7075450652763));
#4235=CARTESIAN_POINT('Origin',(79.25,-20.8376152196966,43.4431262727715));
#4236=CARTESIAN_POINT('Ctrl Pts',(89.25,0.,10.5437794800546));
#4237=CARTESIAN_POINT('Ctrl Pts',(87.7540034982906,0.,12.3389752821059));
#4238=CARTESIAN_POINT('Ctrl Pts',(85.1378034436929,-0.59808558858698,15.4784153476232));
#4239=CARTESIAN_POINT('Ctrl Pts',(82.9723041413771,-2.13556023489196,18.0770145104021));
#4240=CARTESIAN_POINT('Ctrl Pts',(82.1789321881345,-2.92893218813453,19.0290608542932));
#4241=CARTESIAN_POINT('Ctrl Pts',(89.25,0.,10.5437794800546));
#4242=CARTESIAN_POINT('Ctrl Pts',(87.7041369482336,0.,12.2891087320489));
#4243=CARTESIAN_POINT('Ctrl Pts',(85.0013851672919,-0.641233957539495,15.3411578348734));
#4244=CARTESIAN_POINT('Ctrl Pts',(82.8204495684327,-2.25485059221428,17.8379874766843));
#4245=CARTESIAN_POINT('Ctrl Pts',(82.0364266514499,-3.07143772481918,18.7440497809239));
#4246=CARTESIAN_POINT('Ctrl Pts',(89.25,0.,10.5437794800546));
#4247=CARTESIAN_POINT('Ctrl Pts',(87.6044038481197,0.,12.1893756319349));
#4248=CARTESIAN_POINT('Ctrl Pts',(84.7274445408234,-0.684561154641396,15.0663349392313));
#4249=CARTESIAN_POINT('Ctrl Pts',(82.4340060874427,-2.38059730471719,17.3597733926119));
#4250=CARTESIAN_POINT('Ctrl Pts',(81.6192851387677,-3.22385165177395,18.1744943412869));
#4251=CARTESIAN_POINT('Ctrl Pts',(89.25,0.,10.5437794800546));
#4252=CARTESIAN_POINT('Ctrl Pts',(87.5046707480057,0.,12.089642531821));
#4253=CARTESIAN_POINT('Ctrl Pts',(84.4526216451812,-0.641233957539495,14.7923943127627));
#4254=CARTESIAN_POINT('Ctrl Pts',(81.9557920033702,-2.25485059221428,16.9733299116219));
#4255=CARTESIAN_POINT('Ctrl Pts',(81.0497296991308,-3.07143772481918,17.7573528286047));
#4256=CARTESIAN_POINT('Ctrl Pts',(89.25,0.,10.5437794800546));
#4257=CARTESIAN_POINT('Ctrl Pts',(87.4548041979487,0.,12.039775981764));
#4258=CARTESIAN_POINT('Ctrl Pts',(84.3153641324315,-0.59808558858698,14.6559760363617));
#4259=CARTESIAN_POINT('Ctrl Pts',(81.7167649696525,-2.13556023489196,16.8214753386775));
#4260=CARTESIAN_POINT('Ctrl Pts',(80.7647186257614,-2.92893218813453,17.6148472919201));
#4261=CARTESIAN_POINT('',(82.1789321881345,-2.92893218813452,19.0290608542931));
#4262=CARTESIAN_POINT('',(80.7647186257614,-2.92893218813453,17.6148472919201));
#4263=CARTESIAN_POINT('Origin',(80.7647186257614,-1.51471862576143,19.0290608542931));
#4264=CARTESIAN_POINT('',(89.25,0.,10.5437794800546));
#4265=CARTESIAN_POINT('Origin',(89.25,-10.,10.5437794800546));
#4266=CARTESIAN_POINT('Origin',(89.25,-10.,10.5437794800546));
#4267=CARTESIAN_POINT('Ctrl Pts',(82.1789321881345,-2.92893218813453,19.0290608542931));
#4268=CARTESIAN_POINT('Ctrl Pts',(81.385560234892,-3.72230414137709,19.9811071981842));
#4269=CARTESIAN_POINT('Ctrl Pts',(79.8480870790644,-5.88780413817056,22.5797071943364));
#4270=CARTESIAN_POINT('Ctrl Pts',(79.25,-8.50400349829057,25.7191464264804));
#4271=CARTESIAN_POINT('Ctrl Pts',(79.25,-10.,27.5143422285317));
#4272=CARTESIAN_POINT('Ctrl Pts',(82.0160687176378,-3.09179565863127,18.7033339132997));
#4273=CARTESIAN_POINT('Ctrl Pts',(81.2190106336122,-3.92589322287462,19.6473351028684));
#4274=CARTESIAN_POINT('Ctrl Pts',(79.698190477509,-6.1951370933822,22.2228221977105));
#4275=CARTESIAN_POINT('Ctrl Pts',(79.1847309326807,-8.89897810178695,25.3251447969019));
#4276=CARTESIAN_POINT('Ctrl Pts',(79.25,-10.423131708396,27.0912105201357));
#4277=CARTESIAN_POINT('Ctrl Pts',(81.579328041137,-3.2238734685374,18.1345154268927));
#4278=CARTESIAN_POINT('Ctrl Pts',(80.7385889031544,-4.12602927785065,19.0650098894149));
#4279=CARTESIAN_POINT('Ctrl Pts',(79.1455612621572,-6.58169698615701,21.6004509504831));
#4280=CARTESIAN_POINT('Ctrl Pts',(78.6472527466594,-9.50887127799298,24.6389065983189));
#4281=CARTESIAN_POINT('Ctrl Pts',(78.7479332813497,-11.1557254519814,26.3586167765503));
#4282=CARTESIAN_POINT('Ctrl Pts',(81.0090138315066,-3.05107979100708,17.7369948947926));
#4283=CARTESIAN_POINT('Ctrl Pts',(80.0902996247898,-3.99244095525927,18.6782712267409));
#4284=CARTESIAN_POINT('Ctrl Pts',(78.3208737245958,-6.55995617067892,21.246064244539));
#4285=CARTESIAN_POINT('Ctrl Pts',(77.6688984269427,-9.65212535336942,24.3387983946815));
#4286=CARTESIAN_POINT('Ctrl Pts',(77.6987989505128,-11.4142135623731,26.1001286661586));
#4287=CARTESIAN_POINT('Ctrl Pts',(80.7647186257614,-2.92893218813452,17.61484729192));
#4288=CARTESIAN_POINT('Ctrl Pts',(79.8126722818703,-3.8809785320256,18.5668936358111));
#4289=CARTESIAN_POINT('Ctrl Pts',(77.9677044948774,-6.47957852817777,21.1654936319633));
#4290=CARTESIAN_POINT('Ctrl Pts',(77.25,-9.61901776032178,24.3049328641073));
#4291=CARTESIAN_POINT('Ctrl Pts',(77.25,-11.4142135623731,26.1001286661586));
#4292=CARTESIAN_POINT('',(77.25,-11.4142135623731,26.1001286661586));
#4293=CARTESIAN_POINT('Origin',(77.25,-10.,27.5143422285317));
#4294=CARTESIAN_POINT('Origin',(89.25,-11.4142135623731,26.1001286661586));
#4295=CARTESIAN_POINT('Origin',(89.25,-10.,27.5143422285317));
#4296=CARTESIAN_POINT('Origin',(77.25,-22.349191489407,39.8635337179388));
#4297=CARTESIAN_POINT('',(77.25,-21.9945129142807,36.6804280180662));
#4298=CARTESIAN_POINT('Origin',(77.25,-20.5802993519076,38.0946415804393));
#4299=CARTESIAN_POINT('',(77.25,-23.7634050517801,38.4493201555657));
#4300=CARTESIAN_POINT('Origin',(77.25,-23.4087264766538,35.2662144556931));
#4301=CARTESIAN_POINT('',(77.25,-22.9923297433381,37.2223876996784));
#4302=CARTESIAN_POINT('Origin',(77.25,-22.5759330100223,39.1785609436637));
#4303=CARTESIAN_POINT('Origin',(77.25,-23.4087264766538,35.2662144556931));
#4304=CARTESIAN_POINT('Origin',(77.25,-25.2114586001733,39.7395665957363));
#4305=CARTESIAN_POINT('',(77.25,-23.8965332839868,37.4148590984854));
#4306=CARTESIAN_POINT('Origin',(77.25,-23.4801365506711,39.3710323424707));
#4307=CARTESIAN_POINT('',(77.25,-25.627855333489,37.783393351751));
#4308=CARTESIAN_POINT('Origin',(77.25,-24.1047316506447,36.4367724764927));
#4309=CARTESIAN_POINT('',(77.25,-25.0110394376814,36.8593907382335));
#4310=CARTESIAN_POINT('Origin',(77.25,-26.8236550117547,37.7046272617148));
#4311=CARTESIAN_POINT('Origin',(77.25,-24.1047316506447,36.4367724764927));
#4312=CARTESIAN_POINT('Origin',(77.25,-23.3177511741824,45.2230623040295));
#4313=CARTESIAN_POINT('',(77.25,-31.0140464892749,23.9859005722235));
#4314=CARTESIAN_POINT('Origin',(77.25,-32.8266620633482,24.8311370957049));
#4315=CARTESIAN_POINT('',(77.25,-21.5051356001091,44.3778257805481));
#4316=CARTESIAN_POINT('Origin',(65.,-31.0140464892749,23.9859005722235));
#4317=CARTESIAN_POINT('',(65.,-34.6392776374215,25.6763736191863));
#4318=CARTESIAN_POINT('',(52.75,-31.0140464892749,23.9859005722235));
#4319=CARTESIAN_POINT('Origin',(52.75,-32.8266620633482,24.8311370957049));
#4320=CARTESIAN_POINT('',(60.5998060785608,-31.0140464892749,23.9859005722235));
#4321=CARTESIAN_POINT('',(65.,-31.0140464892749,23.9859005722235));
#4322=CARTESIAN_POINT('',(69.4001939214393,-31.0140464892749,23.9859005722235));
#4323=CARTESIAN_POINT('',(65.,-31.0140464892749,23.9859005722235));
#4324=CARTESIAN_POINT('',(65.,-31.0140464892749,23.9859005722235));
#4325=CARTESIAN_POINT('Origin',(89.25,-10.,19.2128769506273));
#4326=CARTESIAN_POINT('',(89.25,-3.44368125933019E-30,30.));
#4327=CARTESIAN_POINT('',(89.25,0.,19.2128769506273));
#4328=CARTESIAN_POINT('',(79.7465729085653,-6.88794705736159,30.));
#4329=CARTESIAN_POINT('Ctrl Pts',(79.7465729085653,-6.88794705736159,30.));
#4330=CARTESIAN_POINT('Ctrl Pts',(80.110924481364,-5.7753089783941,29.7446388225992));
#4331=CARTESIAN_POINT('Ctrl Pts',(81.2678144894765,-3.62396072009188,29.5179194990586));
#4332=CARTESIAN_POINT('Ctrl Pts',(84.471837877755,-0.829988935239505,29.7725208108862));
#4333=CARTESIAN_POINT('Ctrl Pts',(87.4545297977793,7.69226032936952E-15,
30.));
#4334=CARTESIAN_POINT('Ctrl Pts',(89.25,1.11022302462516E-15,30.));
#4335=CARTESIAN_POINT('Origin',(89.25,-10.,30.));
#4336=CARTESIAN_POINT('Origin',(77.25,-20.8376152196966,43.4431262727715));
#4337=CARTESIAN_POINT('',(77.25,-21.5447220008831,42.7360194915849));
#4338=CARTESIAN_POINT('Origin',(77.25,-22.9589355632562,41.3218059292118));
#4339=CARTESIAN_POINT('Origin',(77.25,-20.8376152196966,43.4431262727715));
#4340=CARTESIAN_POINT('Origin',(77.25,-12.3446746993207,30.7075450652763));
#4341=CARTESIAN_POINT('',(77.25,-16.2749038581479,37.4662013488497));
#4342=CARTESIAN_POINT('Origin',(77.25,-17.689117420521,36.0519877864766));
#4343=CARTESIAN_POINT('',(77.25,-10.9304611369476,32.1217586276494));
#4344=CARTESIAN_POINT('Origin',(77.25,-2.13276823441695,51.6083369725806));
#4345=CARTESIAN_POINT('',(77.25,-9.24329966084963,32.9150134897509));
#4346=CARTESIAN_POINT('Origin',(77.25,-9.95435280349289,31.0456811414679));
#4347=CARTESIAN_POINT('Origin',(77.25,-2.13276823441695,51.6083369725806));
#4348=CARTESIAN_POINT('Ctrl Pts',(77.8458874902783,-5.88983026570509,31.9643942702346));
#4349=CARTESIAN_POINT('Ctrl Pts',(77.4477860442855,-6.99501363346983,32.1757694779287));
#4350=CARTESIAN_POINT('Ctrl Pts',(77.25,-8.13856389757952,32.494796166178));
#4351=CARTESIAN_POINT('Ctrl Pts',(77.25,-9.24329966084962,32.9150134897509));
#4352=CARTESIAN_POINT('Ctrl Pts',(78.4367587821964,-6.07649270864874,32.0000949637093));
#4353=CARTESIAN_POINT('Ctrl Pts',(78.0551393280064,-7.11584909518526,32.2096359093081));
#4354=CARTESIAN_POINT('Ctrl Pts',(77.8594694065963,-8.19510215105587,32.5167840326665));
#4355=CARTESIAN_POINT('Ctrl Pts',(77.8483986006838,-9.24329966084962,32.9150134897509));
#4356=CARTESIAN_POINT('Ctrl Pts',(79.4576958464845,-6.50112558915466,31.5279040613016));
#4357=CARTESIAN_POINT('Ctrl Pts',(79.1048662867324,-7.457637849652,31.7481061576818));
#4358=CARTESIAN_POINT('Ctrl Pts',(78.9128315508052,-8.44953038022861,32.0543160523568));
#4359=CARTESIAN_POINT('Ctrl Pts',(78.8841401507255,-9.42209037300118,32.4449793365299));
#4360=CARTESIAN_POINT('Ctrl Pts',(79.772480050224,-6.80883316166657,30.4580074781665));
#4361=CARTESIAN_POINT('Ctrl Pts',(79.4368433226844,-7.7923057734479,30.7001891611699));
#4362=CARTESIAN_POINT('Ctrl Pts',(79.2628701175332,-8.80929696706984,31.0380104512046));
#4363=CARTESIAN_POINT('Ctrl Pts',(79.25,-9.79479285140432,31.4651583395025));
#4364=CARTESIAN_POINT('Ctrl Pts',(79.7465729085653,-6.88794705736159,30.));
#4365=CARTESIAN_POINT('Ctrl Pts',(79.4148217035712,-7.90103181114588,30.2500213783508));
#4366=CARTESIAN_POINT('Ctrl Pts',(79.25,-8.94682814859854,30.6016088538887));
#4367=CARTESIAN_POINT('Ctrl Pts',(79.25,-9.95435280349289,31.0456811414679));
#4368=CARTESIAN_POINT('',(77.8458874902783,-5.88983026570509,31.9643942702346));
#4369=CARTESIAN_POINT('Origin',(77.8458874902783,-6.26553646883391,30.));
#4370=CARTESIAN_POINT('Ctrl Pts',(77.8458874902783,-5.88983026570509,31.9643942702346));
#4371=CARTESIAN_POINT('Ctrl Pts',(77.4477860442855,-6.99501363346983,32.1757694779287));
#4372=CARTESIAN_POINT('Ctrl Pts',(77.25,-8.13856389757952,32.494796166178));
#4373=CARTESIAN_POINT('Ctrl Pts',(77.25,-9.24329966084962,32.9150134897509));
#4374=CARTESIAN_POINT('Ctrl Pts',(79.25,-9.95435280349289,31.0456811414679));
#4375=CARTESIAN_POINT('Ctrl Pts',(79.25,-8.94682814859854,30.6016088538887));
#4376=CARTESIAN_POINT('Ctrl Pts',(79.4148217035712,-7.90103181114588,30.2500213783508));
#4377=CARTESIAN_POINT('Ctrl Pts',(79.7465729085653,-6.88794705736159,30.));
#4378=CARTESIAN_POINT('Ctrl Pts',(89.25,1.62429379687119,31.9643942702346));
#4379=CARTESIAN_POINT('Ctrl Pts',(87.0954357573351,1.62429379687119,31.9643942702346));
#4380=CARTESIAN_POINT('Ctrl Pts',(83.516205453306,0.718851322064422,31.7575950074039));
#4381=CARTESIAN_POINT('Ctrl Pts',(79.6713773873718,-2.3291178977745,31.5261392693788));
#4382=CARTESIAN_POINT('Ctrl Pts',(78.2831093776368,-4.67604327046786,31.7322477453248));
#4383=CARTESIAN_POINT('Ctrl Pts',(77.8458874902783,-5.88983026570509,31.9643942702346));
#4384=CARTESIAN_POINT('Ctrl Pts',(89.25,1.10725757269617,31.8655069340169));
#4385=CARTESIAN_POINT('Ctrl Pts',(87.1919210424436,1.10725757269617,31.8655069340169));
#4386=CARTESIAN_POINT('Ctrl Pts',(83.7732493053349,0.211612408557107,31.6864890698843));
#4387=CARTESIAN_POINT('Ctrl Pts',(80.1518326986057,-2.72395280399451,31.5382470789388));
#4388=CARTESIAN_POINT('Ctrl Pts',(78.8520312328543,-4.93492556744856,31.7697797413164));
#4389=CARTESIAN_POINT('Ctrl Pts',(78.4367587821964,-6.07649270864874,32.0000949637093));
#4390=CARTESIAN_POINT('Ctrl Pts',(89.25,0.280456016815061,31.3167422733109));
#4391=CARTESIAN_POINT('Ctrl Pts',(87.3588892384459,0.280456016815068,31.3167422733109));
#4392=CARTESIAN_POINT('Ctrl Pts',(84.2229962859026,-0.600781993087023,31.1484088038051));
#4393=CARTESIAN_POINT('Ctrl Pts',(80.9824720812601,-3.4045739218959,31.0386495165471));
#4394=CARTESIAN_POINT('Ctrl Pts',(79.8352647694003,-5.44922415929335,31.2926504855136));
#4395=CARTESIAN_POINT('Ctrl Pts',(79.4576907786838,-6.50112539752902,31.5278963862844));
#4396=CARTESIAN_POINT('Ctrl Pts',(89.25,1.16501334179909E-15,30.3948058432129));
#4397=CARTESIAN_POINT('Ctrl Pts',(87.4411361312286,7.79908272060541E-15,
30.3948058432129));
#4398=CARTESIAN_POINT('Ctrl Pts',(84.4380171881725,-0.847808993964316,30.1852213727885));
#4399=CARTESIAN_POINT('Ctrl Pts',(81.2712392864748,-3.63187237594433,29.9736845559635));
#4400=CARTESIAN_POINT('Ctrl Pts',(80.1367100446801,-5.72783047251648,30.2086568900569));
#4401=CARTESIAN_POINT('Ctrl Pts',(79.772480050224,-6.80883316166658,30.4580074781665));
#4402=CARTESIAN_POINT('Ctrl Pts',(89.25,1.11022302462516E-15,30.));
#4403=CARTESIAN_POINT('Ctrl Pts',(87.4545297977793,7.69226032936952E-15,
30.));
#4404=CARTESIAN_POINT('Ctrl Pts',(84.471837877755,-0.829988935239505,29.7725208108862));
#4405=CARTESIAN_POINT('Ctrl Pts',(81.2678144894765,-3.62396072009188,29.5179194990586));
#4406=CARTESIAN_POINT('Ctrl Pts',(80.110924481364,-5.7753089783941,29.7446388225992));
#4407=CARTESIAN_POINT('Ctrl Pts',(79.7465729085653,-6.88794705736159,30.));
#4408=CARTESIAN_POINT('',(89.25,1.62429379687119,31.9643942702346));
#4409=CARTESIAN_POINT('Origin',(89.25,2.,30.));
#4410=CARTESIAN_POINT('Ctrl Pts',(89.25,1.62429379687119,31.9643942702346));
#4411=CARTESIAN_POINT('Ctrl Pts',(87.0954357573351,1.62429379687119,31.9643942702346));
#4412=CARTESIAN_POINT('Ctrl Pts',(83.516205453306,0.718851322064422,31.7575950074039));
#4413=CARTESIAN_POINT('Ctrl Pts',(79.6713773873718,-2.3291178977745,31.5261392693788));
#4414=CARTESIAN_POINT('Ctrl Pts',(78.2831093776368,-4.67604327046786,31.7322477453248));
#4415=CARTESIAN_POINT('Ctrl Pts',(77.8458874902783,-5.88983026570509,31.9643942702346));
#4416=CARTESIAN_POINT('Origin',(89.25,2.,30.));
#4417=CARTESIAN_POINT('Ctrl Pts',(40.75,0.,10.5437794800546));
#4418=CARTESIAN_POINT('Ctrl Pts',(42.5451958020513,8.30444880478245E-17,
12.039775981764));
#4419=CARTESIAN_POINT('Ctrl Pts',(45.6846634859322,-0.598036193494681,14.6559990516647));
#4420=CARTESIAN_POINT('Ctrl Pts',(48.2832350303475,-2.13556023489196,16.8214753386775));
#4421=CARTESIAN_POINT('Ctrl Pts',(49.2352813742386,-2.92893218813453,17.6148472919201));
#4422=CARTESIAN_POINT('Ctrl Pts',(40.75,0.,10.5437794800546));
#4423=CARTESIAN_POINT('Ctrl Pts',(42.4953292519943,8.30444880478246E-17,
12.089642531821));
#4424=CARTESIAN_POINT('Ctrl Pts',(45.5474067795828,-0.641200583617213,14.792400530229));
#4425=CARTESIAN_POINT('Ctrl Pts',(48.0442079966298,-2.25485059221429,16.9733299116219));
#4426=CARTESIAN_POINT('Ctrl Pts',(48.9502703008693,-3.07143772481918,17.7573528286047));
#4427=CARTESIAN_POINT('Ctrl Pts',(40.75,0.,10.5437794800546));
#4428=CARTESIAN_POINT('Ctrl Pts',(42.3955961518804,8.30444880478245E-17,
12.1893756319349));
#4429=CARTESIAN_POINT('Ctrl Pts',(45.272611185139,-0.684460863556429,15.0663906651935));
#4430=CARTESIAN_POINT('Ctrl Pts',(47.5659790658149,-2.38062699820201,17.3597585458695));
#4431=CARTESIAN_POINT('Ctrl Pts',(48.3807000144899,-3.22388134525878,18.1744794945445));
#4432=CARTESIAN_POINT('Ctrl Pts',(40.75,0.,10.5437794800546));
#4433=CARTESIAN_POINT('Ctrl Pts',(42.2958630517664,8.30444880478245E-17,
12.2891087320489));
#4434=CARTESIAN_POINT('Ctrl Pts',(44.9986210501744,-0.641200583617214,15.3411862596374));
#4435=CARTESIAN_POINT('Ctrl Pts',(47.1795504315674,-2.25485059221429,17.8379874766843));
#4436=CARTESIAN_POINT('Ctrl Pts',(47.9635733485501,-3.07143772481918,18.7440497809239));
#4437=CARTESIAN_POINT('Ctrl Pts',(40.75,0.,10.5437794800546));
#4438=CARTESIAN_POINT('Ctrl Pts',(42.2459965017094,8.30444880478245E-17,
12.3389752821059));
#4439=CARTESIAN_POINT('Ctrl Pts',(44.8622195716101,-0.598036193494681,15.4784429659867));
#4440=CARTESIAN_POINT('Ctrl Pts',(47.0276958586229,-2.13556023489196,18.0770145104021));
#4441=CARTESIAN_POINT('Ctrl Pts',(47.8210678118655,-2.92893218813453,19.0290608542932));
#4442=CARTESIAN_POINT('',(49.2352813742386,-2.92893218813453,17.6148472919201));
#4443=CARTESIAN_POINT('',(47.8210678118655,-2.92893218813452,19.0290608542932));
#4444=CARTESIAN_POINT('Origin',(49.2352813742386,-1.51471862576143,19.0290608542931));
#4445=CARTESIAN_POINT('',(40.75,0.,10.5437794800546));
#4446=CARTESIAN_POINT('Origin',(40.75,-10.,10.5437794800546));
#4447=CARTESIAN_POINT('Origin',(40.75,-10.,10.5437794800546));
#4448=CARTESIAN_POINT('Ctrl Pts',(49.2352813742386,-2.92893218813453,17.6148472919201));
#4449=CARTESIAN_POINT('Ctrl Pts',(50.1873277181297,-3.88097853202561,18.5668936358111));
#4450=CARTESIAN_POINT('Ctrl Pts',(52.0323314256645,-6.47956179124876,21.1654768950343));
#4451=CARTESIAN_POINT('Ctrl Pts',(52.75,-9.61901776032178,24.3049328641073));
#4452=CARTESIAN_POINT('Ctrl Pts',(52.75,-11.4142135623731,26.1001286661586));
#4453=CARTESIAN_POINT('Ctrl Pts',(48.9095544332451,-3.09179565863127,17.7777107624168));
#4454=CARTESIAN_POINT('Ctrl Pts',(49.8169768764907,-4.02980557346927,18.7152599433601));
#4455=CARTESIAN_POINT('Ctrl Pts',(51.5617413241793,-6.58684515470407,21.2730800691582));
#4456=CARTESIAN_POINT('Ctrl Pts',(52.192797551853,-9.66278537278821,24.3510850642105));
#4457=CARTESIAN_POINT('Ctrl Pts',(52.1516013993162,-11.4142135623731,26.1001286661586));
#4458=CARTESIAN_POINT('Ctrl Pts',(48.3407296429334,-3.22388749992081,18.214443711439));
#4459=CARTESIAN_POINT('Ctrl Pts',(49.1708691446407,-4.11706315934673,19.1465576603491));
#4460=CARTESIAN_POINT('Ctrl Pts',(50.7408086585524,-6.54712435111811,21.6864403028011));
#4461=CARTESIAN_POINT('Ctrl Pts',(51.2222574450445,-9.43721799508799,24.731094765516));
#4462=CARTESIAN_POINT('Ctrl Pts',(51.1155046520742,-11.0592435497774,26.4550986787544));
#4463=CARTESIAN_POINT('Ctrl Pts',(47.943215414738,-3.05107979100709,18.784765648548));
#4464=CARTESIAN_POINT('Ctrl Pts',(48.7394985511128,-3.87484142406386,19.7308735196428));
#4465=CARTESIAN_POINT('Ctrl Pts',(50.2640996681632,-6.11817615930674,22.3118798261391));
#4466=CARTESIAN_POINT('Ctrl Pts',(50.797893092635,-8.80043922535431,25.4229405081608));
#4467=CARTESIAN_POINT('Ctrl Pts',(50.75,-10.317348781297,27.1969934472347));
#4468=CARTESIAN_POINT('Ctrl Pts',(47.8210678118655,-2.92893218813453,19.0290608542931));
#4469=CARTESIAN_POINT('Ctrl Pts',(48.614439765108,-3.72230414137709,19.9811071981842));
#4470=CARTESIAN_POINT('Ctrl Pts',(50.1519428547204,-5.88779019072972,22.5796904574074));
#4471=CARTESIAN_POINT('Ctrl Pts',(50.75,-8.50400349829057,25.7191464264804));
#4472=CARTESIAN_POINT('Ctrl Pts',(50.75,-10.,27.5143422285317));
#4473=CARTESIAN_POINT('',(52.75,-11.4142135623731,26.1001286661586));
#4474=CARTESIAN_POINT('Origin',(52.75,-10.,27.5143422285317));
#4475=CARTESIAN_POINT('Origin',(40.75,-10.,27.5143422285317));
#4476=CARTESIAN_POINT('Origin',(40.75,-11.4142135623731,26.1001286661586));
#4477=CARTESIAN_POINT('Origin',(52.75,-22.349191489407,39.8635337179388));
#4478=CARTESIAN_POINT('',(52.75,-21.9945129142807,36.6804280180662));
#4479=CARTESIAN_POINT('Origin',(52.75,-20.5802993519076,38.0946415804393));
#4480=CARTESIAN_POINT('',(52.75,-23.7634050517801,38.4493201555657));
#4481=CARTESIAN_POINT('Origin',(52.75,-23.4087264766538,35.2662144556931));
#4482=CARTESIAN_POINT('',(52.75,-22.9923297433381,37.2223876996784));
#4483=CARTESIAN_POINT('Origin',(52.75,-22.5759330100223,39.1785609436637));
#4484=CARTESIAN_POINT('Origin',(52.75,-23.4087264766538,35.2662144556931));
#4485=CARTESIAN_POINT('Origin',(52.75,-25.2114586001733,39.7395665957363));
#4486=CARTESIAN_POINT('',(52.75,-23.8965332839868,37.4148590984854));
#4487=CARTESIAN_POINT('Origin',(52.75,-23.4801365506711,39.3710323424707));
#4488=CARTESIAN_POINT('',(52.75,-25.627855333489,37.783393351751));
#4489=CARTESIAN_POINT('Origin',(52.75,-24.1047316506447,36.4367724764927));
#4490=CARTESIAN_POINT('',(52.75,-25.0110394376814,36.8593907382335));
#4491=CARTESIAN_POINT('Origin',(52.75,-26.8236550117547,37.7046272617148));
#4492=CARTESIAN_POINT('Origin',(52.75,-24.1047316506447,36.4367724764927));
#4493=CARTESIAN_POINT('Origin',(52.75,-23.3177511741824,45.2230623040295));
#4494=CARTESIAN_POINT('',(52.75,-21.5051356001091,44.3778257805481));
#4495=CARTESIAN_POINT('Origin',(65.,-18.3354986370539,51.175134183323));
#4496=CARTESIAN_POINT('',(59.94201900076,-25.0110394376814,36.8593907382335));
#4497=CARTESIAN_POINT('',(65.,-25.0110394376814,36.8593907382335));
#4498=CARTESIAN_POINT('',(60.,-25.1619543056734,36.5357527594168));
#4499=CARTESIAN_POINT('Origin',(59.,-25.1619543056734,36.5357527594168));
#4500=CARTESIAN_POINT('',(60.,-30.2377168536749,25.6507448483642));
#4501=CARTESIAN_POINT('',(60.,-22.7088900088653,41.7963661203766));
#4502=CARTESIAN_POINT('Origin',(63.,-30.2377168536749,25.6507448483642));
#4503=CARTESIAN_POINT('',(55.65,-25.9426273483865,34.8615940166633));
#4504=CARTESIAN_POINT('Origin',(57.,-25.9426273483865,34.8615940166633));
#4505=CARTESIAN_POINT('Origin',(65.,-24.1047316506447,36.4367724764927));
#4506=CARTESIAN_POINT('',(60.4953986717095,-23.8965332839868,37.4148590984854));
#4507=CARTESIAN_POINT('',(65.,-23.8965332839868,37.4148590984854));
#4508=CARTESIAN_POINT('Ctrl Pts',(59.94201900076,-25.0110394376814,36.8593907382334));
#4509=CARTESIAN_POINT('Ctrl Pts',(59.9430782646554,-25.0104175128613,36.8607244603141));
#4510=CARTESIAN_POINT('Ctrl Pts',(59.9441364741927,-25.0097923243791,36.8620574949524));
#4511=CARTESIAN_POINT('Ctrl Pts',(60.0225925779869,-24.9631518643829,36.9609356455417));
#4512=CARTESIAN_POINT('Ctrl Pts',(60.093809292212,-24.8999499119309,37.0540013237998));
#4513=CARTESIAN_POINT('Ctrl Pts',(60.2280986364144,-24.7327285738114,37.2247203621163));
#4514=CARTESIAN_POINT('Ctrl Pts',(60.2889616571584,-24.6277829170687,37.2991715480176));
#4515=CARTESIAN_POINT('Ctrl Pts',(60.3868039241796,-24.3984278590277,37.4000466089391));
#4516=CARTESIAN_POINT('Ctrl Pts',(60.4244880957511,-24.2792218705532,37.4292584110562));
#4517=CARTESIAN_POINT('Ctrl Pts',(60.4718591818466,-24.068897269196,37.4398401984828));
#4518=CARTESIAN_POINT('Ctrl Pts',(60.4862202382797,-23.9819635095895,37.4330440250898));
#4519=CARTESIAN_POINT('Ctrl Pts',(60.4953986717095,-23.8965332839869,37.4148590984854));
#4520=CARTESIAN_POINT('Origin',(65.,-24.6747725631644,37.5805173777732));
#4521=CARTESIAN_POINT('',(60.0887864122062,-22.9923297433381,37.2223876996784));
#4522=CARTESIAN_POINT('',(65.,-22.9923297433381,37.2223876996784));
#4523=CARTESIAN_POINT('',(60.390831860756,-23.42432709968,37.3143439149752));
#4524=CARTESIAN_POINT('Origin',(59.,-26.0065060714734,37.8639940505127));
#4525=CARTESIAN_POINT('Ctrl Pts',(60.390831860756,-23.42432709968,37.3143439149752));
#4526=CARTESIAN_POINT('Ctrl Pts',(60.444374107537,-23.5174194781273,37.3341598297472));
#4527=CARTESIAN_POINT('Ctrl Pts',(60.4800348864216,-23.6187890544847,37.3557376529705));
#4528=CARTESIAN_POINT('Ctrl Pts',(60.5008645914146,-23.7818640737587,37.3904502764663));
#4529=CARTESIAN_POINT('Ctrl Pts',(60.5015252564793,-23.8395087903122,37.4027206986999));
#4530=CARTESIAN_POINT('Ctrl Pts',(60.4953986717095,-23.8965332839868,37.4148590984854));
#4531=CARTESIAN_POINT('Origin',(65.,-23.4087264766538,35.2662144556931));
#4532=CARTESIAN_POINT('',(59.,-21.9945129142807,36.6804280180662));
#4533=CARTESIAN_POINT('',(65.,-21.9945129142807,36.6804280180662));
#4534=CARTESIAN_POINT('Origin',(59.,-23.4087264766538,35.2662144556931));
#4535=CARTESIAN_POINT('Origin',(65.,-22.4131966362069,37.0991117399924));
#4536=CARTESIAN_POINT('',(59.,-2.92893218813453,17.6148472919201));
#4537=CARTESIAN_POINT('',(32.5,-2.92893218813453,17.6148472919201));
#4538=CARTESIAN_POINT('',(59.,-17.859901190046,32.5458162938315));
#4539=CARTESIAN_POINT('Origin',(32.5,-10.,10.5437794800546));
#4540=CARTESIAN_POINT('',(59.,-1.60806261448899E-30,10.5437794800546));
#4541=CARTESIAN_POINT('',(32.5,0.,10.5437794800546));
#4542=CARTESIAN_POINT('Origin',(59.,-10.,10.5437794800546));
#4543=CARTESIAN_POINT('Origin',(52.75,-20.8376152196966,43.4431262727715));
#4544=CARTESIAN_POINT('',(52.75,-21.5447220008831,42.7360194915849));
#4545=CARTESIAN_POINT('Origin',(52.75,-22.9589355632562,41.3218059292118));
#4546=CARTESIAN_POINT('Origin',(52.75,-20.8376152196966,43.4431262727715));
#4547=CARTESIAN_POINT('Origin',(52.75,-12.3446746993207,30.7075450652763));
#4548=CARTESIAN_POINT('',(52.75,-16.2749038581479,37.4662013488497));
#4549=CARTESIAN_POINT('Origin',(52.75,-17.689117420521,36.0519877864766));
#4550=CARTESIAN_POINT('',(52.75,-10.9304611369476,32.1217586276494));
#4551=CARTESIAN_POINT('Origin',(52.75,-2.13276823441695,51.6083369725806));
#4552=CARTESIAN_POINT('',(52.75,-9.24329966084963,32.9150134897509));
#4553=CARTESIAN_POINT('Origin',(52.75,-9.95435280349289,31.0456811414679));
#4554=CARTESIAN_POINT('Origin',(52.75,-2.13276823441695,51.6083369725806));
#4555=CARTESIAN_POINT('Ctrl Pts',(52.75,-9.24329966084963,32.9150134897509));
#4556=CARTESIAN_POINT('Ctrl Pts',(52.75,-8.1385638975495,32.4947961661666));
#4557=CARTESIAN_POINT('Ctrl Pts',(52.5522139557144,-6.99501363346935,32.1757694779286));
#4558=CARTESIAN_POINT('Ctrl Pts',(52.1541125097217,-5.88983026570508,31.9643942702346));
#4559=CARTESIAN_POINT('Ctrl Pts',(52.1516013993162,-9.24329966084963,32.9150134897509));
#4560=CARTESIAN_POINT('Ctrl Pts',(52.1405305934034,-8.19510215102727,32.5167840326557));
#4561=CARTESIAN_POINT('Ctrl Pts',(51.9448606719934,-7.11584909518483,32.209635909308));
#4562=CARTESIAN_POINT('Ctrl Pts',(51.5632412178036,-6.07649270864873,32.0000949637093));
#4563=CARTESIAN_POINT('Ctrl Pts',(51.1157964777722,-9.42205712793244,32.445066736583));
#4564=CARTESIAN_POINT('Ctrl Pts',(51.0871050776917,-8.44949713513313,32.0544034523991));
#4565=CARTESIAN_POINT('Ctrl Pts',(50.8950620709545,-7.45764055861841,31.7482146576036));
#4566=CARTESIAN_POINT('Ctrl Pts',(50.5422325112024,-6.50112829812143,31.5280125612236));
#4567=CARTESIAN_POINT('Ctrl Pts',(50.75,-9.79479285140432,31.4651583395025));
#4568=CARTESIAN_POINT('Ctrl Pts',(50.7371298824664,-8.80929696704268,31.0380104511929));
#4569=CARTESIAN_POINT('Ctrl Pts',(50.5631566773155,-7.79230577344753,30.7001891611698));
#4570=CARTESIAN_POINT('Ctrl Pts',(50.227519949776,-6.80883316166656,30.4580074781665));
#4571=CARTESIAN_POINT('Ctrl Pts',(50.75,-9.95435280349289,31.0456811414679));
#4572=CARTESIAN_POINT('Ctrl Pts',(50.75,-8.94682814857078,30.6016088538765));
#4573=CARTESIAN_POINT('Ctrl Pts',(50.5851782964287,-7.9010318111455,30.2500213783507));
#4574=CARTESIAN_POINT('Ctrl Pts',(50.2534270914347,-6.88794705736157,30.));
#4575=CARTESIAN_POINT('',(52.1541125097217,-5.88983026570508,31.9643942702346));
#4576=CARTESIAN_POINT('',(50.2534270914347,-6.88794705736157,30.));
#4577=CARTESIAN_POINT('Origin',(52.1541125097217,-6.26553646883389,30.));
#4578=CARTESIAN_POINT('Ctrl Pts',(50.2534270914347,-6.88794705736157,30.));
#4579=CARTESIAN_POINT('Ctrl Pts',(50.5851782964287,-7.9010318111455,30.2500213783507));
#4580=CARTESIAN_POINT('Ctrl Pts',(50.75,-8.94682814857078,30.6016088538765));
#4581=CARTESIAN_POINT('Ctrl Pts',(50.75,-9.95435280349289,31.0456811414679));
#4582=CARTESIAN_POINT('Ctrl Pts',(52.75,-9.24329966084963,32.9150134897509));
#4583=CARTESIAN_POINT('Ctrl Pts',(52.75,-8.1385638975495,32.4947961661666));
#4584=CARTESIAN_POINT('Ctrl Pts',(52.5522139557144,-6.99501363346935,32.1757694779286));
#4585=CARTESIAN_POINT('Ctrl Pts',(52.1541125097217,-5.88983026570508,31.9643942702346));
#4586=CARTESIAN_POINT('Ctrl Pts',(40.75,-1.11022302462516E-15,30.));
#4587=CARTESIAN_POINT('Ctrl Pts',(42.5381154911614,-4.55705771088588E-16,
30.));
#4588=CARTESIAN_POINT('Ctrl Pts',(45.5163573895683,-0.82280382465768,29.7738199217626));
#4589=CARTESIAN_POINT('Ctrl Pts',(48.7323182904121,-3.62218799033211,29.5175594022731));
#4590=CARTESIAN_POINT('Ctrl Pts',(49.8887615560677,-5.77435021566344,29.7444187772993));
#4591=CARTESIAN_POINT('Ctrl Pts',(50.2534270914347,-6.88794705736158,30.));
#4592=CARTESIAN_POINT('Ctrl Pts',(40.75,-1.11022302462516E-15,30.5264077909505));
#4593=CARTESIAN_POINT('Ctrl Pts',(42.555461575895,-4.49322763630701E-16,
30.5264077909505));
#4594=CARTESIAN_POINT('Ctrl Pts',(45.5629726090057,-0.847590153638544,30.3229853134675));
#4595=CARTESIAN_POINT('Ctrl Pts',(48.7272827705317,-3.63398691543835,30.1257453863941));
#4596=CARTESIAN_POINT('Ctrl Pts',(49.8545434524813,-5.71197976928414,30.3632047151898));
#4597=CARTESIAN_POINT('Ctrl Pts',(50.2188842358898,-6.78246186310156,30.6106766375554));
#4598=CARTESIAN_POINT('Ctrl Pts',(40.75,0.383599483798498,31.4416225030598));
#4599=CARTESIAN_POINT('Ctrl Pts',(42.6561031084375,0.383599483798499,31.4416225030598));
#4600=CARTESIAN_POINT('Ctrl Pts',(45.8257397293873,-0.492209825952084,31.2786008296488));
#4601=CARTESIAN_POINT('Ctrl Pts',(49.1275144202628,-3.31328007780841,31.1771382328022));
#4602=CARTESIAN_POINT('Ctrl Pts',(50.2927196716893,-5.37108451375016,31.4322298564413));
#4603=CARTESIAN_POINT('Ctrl Pts',(50.6756302216606,-6.43106784241164,31.6659267055961));
#4604=CARTESIAN_POINT('Ctrl Pts',(40.75,1.23651662873992,31.8902287680713));
#4605=CARTESIAN_POINT('Ctrl Pts',(42.8239853836524,1.23651662873992,31.8902287680713));
#4606=CARTESIAN_POINT('Ctrl Pts',(46.2762965054205,0.3470441342744,31.706037075934));
#4607=CARTESIAN_POINT('Ctrl Pts',(49.9688154167642,-2.62249573390077,31.5345096340103));
#4608=CARTESIAN_POINT('Ctrl Pts',(51.2897199808331,-4.86854109754155,31.7601289290285));
#4609=CARTESIAN_POINT('Ctrl Pts',(51.7109590407831,-6.02982709791282,31.9911697903406));
#4610=CARTESIAN_POINT('Ctrl Pts',(40.75,1.62429379687119,31.9643942702346));
#4611=CARTESIAN_POINT('Ctrl Pts',(42.8957385893937,1.62429379687119,31.9643942702346));
#4612=CARTESIAN_POINT('Ctrl Pts',(46.469628867482,0.726689624517354,31.7587760172915));
#4613=CARTESIAN_POINT('Ctrl Pts',(50.3287819484945,-2.32718401076383,31.5258119086647));
#4614=CARTESIAN_POINT('Ctrl Pts',(51.7165138672813,-4.67499734748894,31.7320477041431));
#4615=CARTESIAN_POINT('Ctrl Pts',(52.1541125097217,-5.88983026570508,31.9643942702346));
#4616=CARTESIAN_POINT('',(40.75,1.62429379687119,31.9643942702346));
#4617=CARTESIAN_POINT('',(40.75,-5.00623266774873E-31,30.));
#4618=CARTESIAN_POINT('Origin',(40.75,2.,30.));
#4619=CARTESIAN_POINT('Ctrl Pts',(40.75,-1.11022302462516E-15,30.));
#4620=CARTESIAN_POINT('Ctrl Pts',(42.5381154911614,-4.55705771088588E-16,
30.));
#4621=CARTESIAN_POINT('Ctrl Pts',(45.5163573895683,-0.82280382465768,29.7738199217626));
#4622=CARTESIAN_POINT('Ctrl Pts',(48.7323182904121,-3.62218799033211,29.5175594022731));
#4623=CARTESIAN_POINT('Ctrl Pts',(49.8887615560677,-5.77435021566344,29.7444187772993));
#4624=CARTESIAN_POINT('Ctrl Pts',(50.2534270914347,-6.88794705736158,30.));
#4625=CARTESIAN_POINT('Ctrl Pts',(52.1541125097217,-5.88983026570508,31.9643942702346));
#4626=CARTESIAN_POINT('Ctrl Pts',(51.7165138672813,-4.67499734748894,31.7320477041431));
#4627=CARTESIAN_POINT('Ctrl Pts',(50.3287819484945,-2.32718401076383,31.5258119086647));
#4628=CARTESIAN_POINT('Ctrl Pts',(46.469628867482,0.726689624517354,31.7587760172915));
#4629=CARTESIAN_POINT('Ctrl Pts',(42.8957385893937,1.62429379687119,31.9643942702346));
#4630=CARTESIAN_POINT('Ctrl Pts',(40.75,1.62429379687119,31.9643942702346));
#4631=CARTESIAN_POINT('Origin',(32.5,-2.13276823441695,51.6083369725806));
#4632=CARTESIAN_POINT('',(32.5,1.62429379687119,31.9643942702346));
#4633=CARTESIAN_POINT('',(32.5,-16.2749038581479,37.4662013488497));
#4634=CARTESIAN_POINT('',(32.5,1.62429379687119,31.9643942702346));
#4635=CARTESIAN_POINT('Origin',(65.,0.,21.1912974907018));
#4636=CARTESIAN_POINT('',(65.,-21.5447220008831,42.7360194915849));
#4637=CARTESIAN_POINT('Origin',(65.,-20.8376152196966,43.4431262727715));
#4638=CARTESIAN_POINT('Origin',(40.75,-10.,19.2128769506273));
#4639=CARTESIAN_POINT('Origin',(40.75,-10.,30.));
#4640=CARTESIAN_POINT('',(40.75,0.,19.2128769506273));
#4641=CARTESIAN_POINT('Origin',(40.75,2.,30.));
#4642=CARTESIAN_POINT('Origin',(65.,-24.1047316506447,36.4367724764927));
#4643=CARTESIAN_POINT('',(70.05798099924,-25.0110394376814,36.8593907382334));
#4644=CARTESIAN_POINT('',(65.,-25.0110394376814,36.8593907382335));
#4645=CARTESIAN_POINT('',(69.5046013282906,-23.8965332839868,37.4148590984854));
#4646=CARTESIAN_POINT('Ctrl Pts',(70.05798099924,-25.0110394376814,36.8593907382334));
#4647=CARTESIAN_POINT('Ctrl Pts',(70.0569217353447,-25.0104175128613,36.8607244603141));
#4648=CARTESIAN_POINT('Ctrl Pts',(70.0558635258073,-25.0097923243791,36.8620574949524));
#4649=CARTESIAN_POINT('Ctrl Pts',(69.9774074220131,-24.9631518643829,36.9609356455418));
#4650=CARTESIAN_POINT('Ctrl Pts',(69.906190707788,-24.8999499119309,37.0540013237998));
#4651=CARTESIAN_POINT('Ctrl Pts',(69.7719013635857,-24.7327285738114,37.2247203621163));
#4652=CARTESIAN_POINT('Ctrl Pts',(69.7110383428417,-24.6277829170687,37.2991715480176));
#4653=CARTESIAN_POINT('Ctrl Pts',(69.6131960758205,-24.3984278590277,37.4000466089391));
#4654=CARTESIAN_POINT('Ctrl Pts',(69.5755119042489,-24.2792218705532,37.4292584110562));
#4655=CARTESIAN_POINT('Ctrl Pts',(69.5281408181534,-24.068897269196,37.4398401984828));
#4656=CARTESIAN_POINT('Ctrl Pts',(69.5137797617203,-23.9819635095896,37.4330440250898));
#4657=CARTESIAN_POINT('Ctrl Pts',(69.5046013282906,-23.8965332839869,37.4148590984854));
#4658=CARTESIAN_POINT('',(65.,-23.8965332839868,37.4148590984854));
#4659=CARTESIAN_POINT('Ctrl Pts',(70.,-25.1619543056734,36.5357527594168));
#4660=CARTESIAN_POINT('Ctrl Pts',(70.,-25.0417538700198,36.793523425524));
#4661=CARTESIAN_POINT('Ctrl Pts',(70.1125247787219,-24.9223563935725,37.0495721400568));
#4662=CARTESIAN_POINT('Ctrl Pts',(70.304584069622,-24.8387670957806,37.228829967652));
#4663=CARTESIAN_POINT('Ctrl Pts',(69.8504003498291,-25.1619543056734,36.5357527594168));
#4664=CARTESIAN_POINT('Ctrl Pts',(69.8416811767336,-25.025899226938,36.8276022592689));
#4665=CARTESIAN_POINT('Ctrl Pts',(69.9604423044002,-24.8872116530253,37.1248642535872));
#4666=CARTESIAN_POINT('Ctrl Pts',(70.1802911197647,-24.7877603450922,37.338214297496));
#4667=CARTESIAN_POINT('Ctrl Pts',(69.551736204821,-25.0998829659616,36.5068084183572));
#4668=CARTESIAN_POINT('Ctrl Pts',(69.5256767357338,-24.9247456552044,36.8632689101044));
#4669=CARTESIAN_POINT('Ctrl Pts',(69.6570694489688,-24.7397024500583,37.2388884860321));
#4670=CARTESIAN_POINT('Ctrl Pts',(69.9324376741024,-24.6023817097075,37.5173243954724));
#4671=CARTESIAN_POINT('Ctrl Pts',(69.1311620469463,-24.7967342009163,36.3654478276564));
#4672=CARTESIAN_POINT('Ctrl Pts',(69.0924552690706,-24.5435595893814,36.8019637399529));
#4673=CARTESIAN_POINT('Ctrl Pts',(69.256330584043,-24.2729688149972,37.2669263985633));
#4674=CARTESIAN_POINT('Ctrl Pts',(69.6113930600666,-24.0712504234821,37.61362540447));
#4675=CARTESIAN_POINT('Ctrl Pts',(69.,-24.4590215104686,36.2079698138444));
#4676=CARTESIAN_POINT('Ctrl Pts',(68.9792035435617,-24.1615325608974,36.660490247013));
#4677=CARTESIAN_POINT('Ctrl Pts',(69.1806701712254,-23.8554749965882,37.124882813614));
#4678=CARTESIAN_POINT('Ctrl Pts',(69.5633453879791,-23.6338240069328,37.4611290503016));
#4679=CARTESIAN_POINT('Ctrl Pts',(69.,-24.2556465186367,36.1131344976761));
#4680=CARTESIAN_POINT('Ctrl Pts',(69.,-23.9464605321028,36.5598907146637));
#4681=CARTESIAN_POINT('Ctrl Pts',(69.2250495574438,-23.6393399601653,37.0036625246866));
#4682=CARTESIAN_POINT('Ctrl Pts',(69.609168139244,-23.42432709968,37.3143439149752));
#4683=CARTESIAN_POINT('',(70.,-25.1619543056734,36.5357527594168));
#4684=CARTESIAN_POINT('Origin',(71.,-25.1619543056734,36.5357527594168));
#4685=CARTESIAN_POINT('',(69.,-24.2556465186367,36.1131344976761));
#4686=CARTESIAN_POINT('Origin',(70.,-24.2556465186367,36.1131344976761));
#4687=CARTESIAN_POINT('',(69.609168139244,-23.42432709968,37.3143439149752));
#4688=CARTESIAN_POINT('Origin',(71.,-24.2556465186367,36.1131344976761));
#4689=CARTESIAN_POINT('Ctrl Pts',(69.5057729784917,-23.8967738079282,37.4140324355334));
#4690=CARTESIAN_POINT('Ctrl Pts',(69.5027623862301,-23.8686595826033,37.4080242384996));
#4691=CARTESIAN_POINT('Ctrl Pts',(69.5013635960479,-23.8403152869741,37.4019856449454));
#4692=CARTESIAN_POINT('Ctrl Pts',(69.5015941975878,-23.8118518170769,37.3959466286014));
#4693=CARTESIAN_POINT('Ctrl Pts',(69.5018800300287,-23.7765711199817,37.3884612198599));
#4694=CARTESIAN_POINT('Ctrl Pts',(69.5046568739601,-23.7414242900082,37.3810322175517));
#4695=CARTESIAN_POINT('Ctrl Pts',(69.5098448539517,-23.706603018146,37.3737053688215));
#4696=CARTESIAN_POINT('Ctrl Pts',(69.5141899628546,-23.6774390239469,37.3675688849299));
#4697=CARTESIAN_POINT('Ctrl Pts',(69.5202262019344,-23.648503474469,37.3615029065488));
#4698=CARTESIAN_POINT('Ctrl Pts',(69.5278967961073,-23.6199105764966,37.3555081375775));
#4699=CARTESIAN_POINT('Ctrl Pts',(69.5375570089316,-23.5839011783387,37.3479584298508));
#4700=CARTESIAN_POINT('Ctrl Pts',(69.5497486964643,-23.5486629094116,37.3405710821663));
#4701=CARTESIAN_POINT('Ctrl Pts',(69.5643102813714,-23.5143667972181,37.3333628346837));
#4702=CARTESIAN_POINT('Ctrl Pts',(69.5773928270496,-23.4835541860072,37.3268867383279));
#4703=CARTESIAN_POINT('Ctrl Pts',(69.5923882120634,-23.453501880817,37.3205541438484));
#4704=CARTESIAN_POINT('Ctrl Pts',(69.609168139244,-23.42432709968,37.3143439149752));
#4705=CARTESIAN_POINT('Origin',(70.,-21.8025822218286,41.3737478586359));
#4706=CARTESIAN_POINT('',(70.,-30.2377168536749,25.6507448483642));
#4707=CARTESIAN_POINT('',(69.,-29.3314090666383,25.2281265866235));
#4708=CARTESIAN_POINT('Origin',(70.,-29.3314090666383,25.2281265866235));
#4709=CARTESIAN_POINT('',(69.,-21.8025822218286,41.3737478586359));
#4710=CARTESIAN_POINT('',(70.,-22.7088900088653,41.7963661203766));
#4711=CARTESIAN_POINT('Ctrl Pts',(69.,-29.3314090666383,25.2281265866235));
#4712=CARTESIAN_POINT('Ctrl Pts',(69.,-29.4881555552974,24.785650473039));
#4713=CARTESIAN_POINT('Ctrl Pts',(68.6342658894307,-29.85446786894,23.7515957373619));
#4714=CARTESIAN_POINT('Ctrl Pts',(67.5983986006838,-30.0299244641454,23.2563032876656));
#4715=CARTESIAN_POINT('Ctrl Pts',(67.,-30.0299244641454,23.2563032876656));
#4716=CARTESIAN_POINT('Ctrl Pts',(69.,-29.4669923945262,25.2913501307358));
#4717=CARTESIAN_POINT('Ctrl Pts',(68.9932583663946,-29.6276014196835,24.8507155603126));
#4718=CARTESIAN_POINT('Ctrl Pts',(68.6099278579942,-29.9963298336832,23.8320514949777));
#4719=CARTESIAN_POINT('Ctrl Pts',(67.5879949302768,-30.165525569054,23.3568337050306));
#4720=CARTESIAN_POINT('Ctrl Pts',(67.,-30.165525569054,23.3568337050306));
#4721=CARTESIAN_POINT('Ctrl Pts',(69.0684872783952,-29.7376750712983,25.4175715358445));
#4722=CARTESIAN_POINT('Ctrl Pts',(69.0523018484288,-29.9151633989175,24.9681930128185));
#4723=CARTESIAN_POINT('Ctrl Pts',(68.631177708305,-30.3145763914707,23.9451325150611));
#4724=CARTESIAN_POINT('Ctrl Pts',(67.5935935228366,-30.4881383790323,23.4870200930272));
#4725=CARTESIAN_POINT('Ctrl Pts',(67.,-30.4881383790323,23.4870200930272));
#4726=CARTESIAN_POINT('Ctrl Pts',(69.4029749710443,-30.1188452924293,25.5953141290186));
#4727=CARTESIAN_POINT('Ctrl Pts',(69.3860429825983,-30.3466828540436,25.088250109385));
#4728=CARTESIAN_POINT('Ctrl Pts',(68.9011254066553,-30.864327662177,23.9324269648032));
#4729=CARTESIAN_POINT('Ctrl Pts',(67.6921301999487,-31.0945588988454,23.4139851817875));
#4730=CARTESIAN_POINT('Ctrl Pts',(67.,-31.0945588988454,23.4139851817875));
#4731=CARTESIAN_POINT('Ctrl Pts',(69.7756005247436,-30.2377168536749,25.6507448483642));
#4732=CARTESIAN_POINT('Ctrl Pts',(69.769141122888,-30.5073452572733,25.0728261740064));
#4733=CARTESIAN_POINT('Ctrl Pts',(69.2441940911302,-31.1320363712294,23.7332793408367));
#4734=CARTESIAN_POINT('Ctrl Pts',(67.8201192110031,-31.4247774463381,23.105085192334));
#4735=CARTESIAN_POINT('Ctrl Pts',(67.,-31.4247774463381,23.105085192334));
#4736=CARTESIAN_POINT('Ctrl Pts',(70.,-30.2377168536749,25.6507448483642));
#4737=CARTESIAN_POINT('Ctrl Pts',(70.,-30.5281051760933,25.0280050813029));
#4738=CARTESIAN_POINT('Ctrl Pts',(69.451398834146,-31.2067348484376,23.5726790524973));
#4739=CARTESIAN_POINT('Ctrl Pts',(67.8975979010257,-31.5317854876883,22.8756057071083));
#4740=CARTESIAN_POINT('Ctrl Pts',(67.,-31.5317854876883,22.8756057071083));
#4741=CARTESIAN_POINT('',(67.,-30.0299244641454,23.2563032876656));
#4742=CARTESIAN_POINT('Ctrl Pts',(69.4001939214393,-31.0140464892749,23.9859005722235));
#4743=CARTESIAN_POINT('Ctrl Pts',(69.2370525190664,-31.0140464892749,23.9859005722235));
#4744=CARTESIAN_POINT('Ctrl Pts',(69.0307911515291,-30.9934858653796,23.9706575688359));
#4745=CARTESIAN_POINT('Ctrl Pts',(68.4948375461921,-30.8432379921919,23.8592684956426));
#4746=CARTESIAN_POINT('Ctrl Pts',(68.2290959369131,-30.7235596621256,23.7705427254564));
#4747=CARTESIAN_POINT('Ctrl Pts',(67.6517406290119,-30.4207491466395,23.5460484816606));
#4748=CARTESIAN_POINT('Ctrl Pts',(67.3387397136747,-30.2225932816752,23.3991419220009));
#4749=CARTESIAN_POINT('Ctrl Pts',(67.0041353013765,-30.0322742296107,23.2580453302773));
#4750=CARTESIAN_POINT('Ctrl Pts',(67.002067884022,-30.0310990844708,23.2571741144309));
#4751=CARTESIAN_POINT('Ctrl Pts',(67.,-30.0299244641454,23.2563032876656));
#4752=CARTESIAN_POINT('Origin',(67.,-29.3314090666383,25.2281265866235));
#4753=CARTESIAN_POINT('Origin',(67.,-30.2377168536749,25.6507448483642));
#4754=CARTESIAN_POINT('Origin',(65.,-24.6747725631644,37.5805173777732));
#4755=CARTESIAN_POINT('',(69.9112135877938,-22.9923297433381,37.2223876996784));
#4756=CARTESIAN_POINT('Origin',(71.,-26.0065060714734,37.8639940505127));
#4757=CARTESIAN_POINT('',(65.,-22.9923297433381,37.2223876996784));
#4758=CARTESIAN_POINT('Origin',(71.,-19.2741147524191,31.1316027314584));
#4759=CARTESIAN_POINT('',(69.,-4.34314575050762,16.200633729547));
#4760=CARTESIAN_POINT('',(69.,-19.2741147524191,31.1316027314584));
#4761=CARTESIAN_POINT('',(71.,-2.92893218813453,17.6148472919201));
#4762=CARTESIAN_POINT('Origin',(71.,-4.34314575050762,16.200633729547));
#4763=CARTESIAN_POINT('',(71.,-21.9945129142807,36.6804280180662));
#4764=CARTESIAN_POINT('',(71.,-17.859901190046,32.5458162938315));
#4765=CARTESIAN_POINT('Origin',(71.,-23.4087264766538,35.2662144556931));
#4766=CARTESIAN_POINT('Ctrl Pts',(59.695415930378,-24.8387670957806,37.228829967652));
#4767=CARTESIAN_POINT('Ctrl Pts',(59.8874752212781,-24.9223563935725,37.0495721400568));
#4768=CARTESIAN_POINT('Ctrl Pts',(60.,-25.0417538700198,36.793523425524));
#4769=CARTESIAN_POINT('Ctrl Pts',(60.,-25.1619543056734,36.5357527594168));
#4770=CARTESIAN_POINT('Ctrl Pts',(59.8197088802353,-24.7877603450922,37.338214297496));
#4771=CARTESIAN_POINT('Ctrl Pts',(60.0395576955998,-24.8872116530253,37.1248642535872));
#4772=CARTESIAN_POINT('Ctrl Pts',(60.1583188232664,-25.025899226938,36.8276022592689));
#4773=CARTESIAN_POINT('Ctrl Pts',(60.1495996501709,-25.1619543056734,36.5357527594168));
#4774=CARTESIAN_POINT('Ctrl Pts',(60.0675647768164,-24.6023823544637,37.5173273220751));
#4775=CARTESIAN_POINT('Ctrl Pts',(60.34293300195,-24.7397030948144,37.2388914126348));
#4776=CARTESIAN_POINT('Ctrl Pts',(60.4743251018255,-24.9247469188212,36.8632694993386));
#4777=CARTESIAN_POINT('Ctrl Pts',(60.4482656327383,-25.0998842295784,36.5068090075914));
#4778=CARTESIAN_POINT('Ctrl Pts',(60.38861077542,-24.0712500173936,37.6136293245008));
#4779=CARTESIAN_POINT('Ctrl Pts',(60.7436732514436,-24.2729684089087,37.266930318594));
#4780=CARTESIAN_POINT('Ctrl Pts',(60.9075476115345,-24.5435607958996,36.8019643025616));
#4781=CARTESIAN_POINT('Ctrl Pts',(60.8688408336588,-24.7967354074346,36.3654483902651));
#4782=CARTESIAN_POINT('Ctrl Pts',(60.4366546120209,-23.6338240069328,37.4611290503016));
#4783=CARTESIAN_POINT('Ctrl Pts',(60.8193298287747,-23.8554749965882,37.124882813614));
#4784=CARTESIAN_POINT('Ctrl Pts',(61.0207964564383,-24.1615325608974,36.660490247013));
#4785=CARTESIAN_POINT('Ctrl Pts',(61.,-24.4590215104686,36.2079698138444));
#4786=CARTESIAN_POINT('Ctrl Pts',(60.390831860756,-23.42432709968,37.3143439149752));
#4787=CARTESIAN_POINT('Ctrl Pts',(60.7749504425562,-23.6393399601653,37.0036625246866));
#4788=CARTESIAN_POINT('Ctrl Pts',(61.,-23.9464605321028,36.5598907146638));
#4789=CARTESIAN_POINT('Ctrl Pts',(61.,-24.2556465186367,36.1131344976761));
#4790=CARTESIAN_POINT('',(61.,-24.2556465186367,36.1131344976761));
#4791=CARTESIAN_POINT('Origin',(59.,-24.2556465186367,36.1131344976761));
#4792=CARTESIAN_POINT('Origin',(60.,-24.2556465186367,36.1131344976761));
#4793=CARTESIAN_POINT('Origin',(60.,-21.8025822218286,41.3737478586359));
#4794=CARTESIAN_POINT('',(61.,-29.3314090666383,25.2281265866235));
#4795=CARTESIAN_POINT('Origin',(60.,-29.3314090666383,25.2281265866235));
#4796=CARTESIAN_POINT('',(61.,-21.8025822218286,41.3737478586359));
#4797=CARTESIAN_POINT('Ctrl Pts',(60.,-30.2377168536749,25.6507448483642));
#4798=CARTESIAN_POINT('Ctrl Pts',(60.,-30.5281051760933,25.0280050813029));
#4799=CARTESIAN_POINT('Ctrl Pts',(60.5485658915009,-31.2067475297707,23.5726518572907));
#4800=CARTESIAN_POINT('Ctrl Pts',(62.1024020989744,-31.5317854876883,22.8756057071083));
#4801=CARTESIAN_POINT('Ctrl Pts',(63.,-31.5317854876883,22.8756057071083));
#4802=CARTESIAN_POINT('Ctrl Pts',(60.1495996501709,-30.2377168536749,25.6507448483642));
#4803=CARTESIAN_POINT('Ctrl Pts',(60.1538860532591,-30.514214551849,25.0578321836977));
#4804=CARTESIAN_POINT('Ctrl Pts',(60.6866312319088,-31.1568776217446,23.6796494476073));
#4805=CARTESIAN_POINT('Ctrl Pts',(62.153979823941,-31.4604467934548,23.0285920305921));
#4806=CARTESIAN_POINT('Ctrl Pts',(63.,-31.4604467934548,23.0285920305921));
#4807=CARTESIAN_POINT('Ctrl Pts',(60.4482665852739,-30.1756474339868,25.6218014026264));
#4808=CARTESIAN_POINT('Ctrl Pts',(60.4610775924126,-30.4207552611059,25.0867651337172));
#4809=CARTESIAN_POINT('Ctrl Pts',(60.9621322918299,-30.9827156258366,23.8584037771332));
#4810=CARTESIAN_POINT('Ctrl Pts',(62.2569367577521,-31.2388051465798,23.2967413862958));
#4811=CARTESIAN_POINT('Ctrl Pts',(63.,-31.2388051465798,23.2967413862958));
#4812=CARTESIAN_POINT('Ctrl Pts',(60.8688423324174,-29.8724985820282,25.4804407713972));
#4813=CARTESIAN_POINT('Ctrl Pts',(60.8878708400981,-30.0621253788108,25.0214686111878));
#4814=CARTESIAN_POINT('Ctrl Pts',(61.3283015088224,-30.4876606977994,23.981184794157));
#4815=CARTESIAN_POINT('Ctrl Pts',(62.392231708468,-30.6708177263307,23.5214009854891));
#4816=CARTESIAN_POINT('Ctrl Pts',(63.,-30.6708177263307,23.5214009854891));
#4817=CARTESIAN_POINT('Ctrl Pts',(61.,-29.5347840584701,25.3229619027919));
#4818=CARTESIAN_POINT('Ctrl Pts',(61.0102236753558,-29.6972353474447,24.8834171774889));
#4819=CARTESIAN_POINT('Ctrl Pts',(61.4026200025424,-30.0671530332403,23.8724781877432));
#4820=CARTESIAN_POINT('Ctrl Pts',(62.4176578984726,-30.2333261215083,23.4070989137131));
#4821=CARTESIAN_POINT('Ctrl Pts',(63.,-30.2333261215083,23.4070989137131));
#4822=CARTESIAN_POINT('Ctrl Pts',(61.,-29.3314090666383,25.2281265866235));
#4823=CARTESIAN_POINT('Ctrl Pts',(61.,-29.4881555552974,24.785650473039));
#4824=CARTESIAN_POINT('Ctrl Pts',(61.3657105943339,-29.8544747140996,23.7515764143156));
#4825=CARTESIAN_POINT('Ctrl Pts',(62.4016013993162,-30.0299244641454,23.2563032876656));
#4826=CARTESIAN_POINT('Ctrl Pts',(63.,-30.0299244641454,23.2563032876656));
#4827=CARTESIAN_POINT('',(63.,-30.0299244641454,23.2563032876656));
#4828=CARTESIAN_POINT('Ctrl Pts',(63.,-30.0299244641454,23.2563032876656));
#4829=CARTESIAN_POINT('Ctrl Pts',(62.9979321148917,-30.0310990850879,23.2571741148884));
#4830=CARTESIAN_POINT('Ctrl Pts',(62.9958646997093,-30.0322742289921,23.2580453298186));
#4831=CARTESIAN_POINT('Ctrl Pts',(62.4097019964173,-30.3656766766935,23.5052194751955));
#4832=CARTESIAN_POINT('Ctrl Pts',(61.8482654909057,-30.747053357748,23.7879602164714));
#4833=CARTESIAN_POINT('Ctrl Pts',(60.9692088484712,-30.9934858653795,23.9706575688359));
#4834=CARTESIAN_POINT('Ctrl Pts',(60.7629474809339,-31.0140464892749,23.9859005722235));
#4835=CARTESIAN_POINT('Ctrl Pts',(60.5998060785608,-31.0140464892749,23.9859005722235));
#4836=CARTESIAN_POINT('Origin',(63.,-29.3314090666383,25.2281265866235));
#4837=CARTESIAN_POINT('Origin',(63.,-9.27018231035546,10.3553606160028));
#4838=CARTESIAN_POINT('',(61.,-2.,4.96547487375623));
#4839=CARTESIAN_POINT('',(61.,-9.27018231035546,10.3553606160028));
#4840=CARTESIAN_POINT('',(63.,-3.1911064730125,3.35884318916025));
#4841=CARTESIAN_POINT('Origin',(63.,-2.,4.96547487375623));
#4842=CARTESIAN_POINT('',(63.,-10.461288783368,8.7487289314068));
#4843=CARTESIAN_POINT('Origin',(61.,-14.6696388187108,26.6294877728449));
#4844=CARTESIAN_POINT('',(61.,-4.34314575050762,16.200633729547));
#4845=CARTESIAN_POINT('',(61.,-19.2741147524191,31.1316027314584));
#4846=CARTESIAN_POINT('',(61.,-2.,10.5437794800546));
#4847=CARTESIAN_POINT('Origin',(61.,-10.,10.5437794800546));
#4848=CARTESIAN_POINT('',(61.,-2.,13.3147438864225));
#4849=CARTESIAN_POINT('Origin',(59.,-19.2741147524191,31.1316027314584));
#4850=CARTESIAN_POINT('Origin',(59.,-4.34314575050762,16.200633729547));
#4851=CARTESIAN_POINT('Ctrl Pts',(71.,-5.55111512312578E-16,2.));
#4852=CARTESIAN_POINT('Ctrl Pts',(70.6171121364236,-5.55111512312578E-16,
2.));
#4853=CARTESIAN_POINT('Ctrl Pts',(70.2349077805447,-0.112875994587805,2.16736546290018));
#4854=CARTESIAN_POINT('Ctrl Pts',(69.9134521657431,-0.320888984053902,2.4757941097385));
#4855=CARTESIAN_POINT('Ctrl Pts',(71.,-4.68806275039032E-16,1.68905261245978));
#4856=CARTESIAN_POINT('Ctrl Pts',(70.5730679429991,-4.66366756223968E-16,
1.68905261245978));
#4857=CARTESIAN_POINT('Ctrl Pts',(70.1469697410424,-0.139765279868614,1.85235329616734));
#4858=CARTESIAN_POINT('Ctrl Pts',(69.8039644006883,-0.391738197041067,2.15200438439642));
#4859=CARTESIAN_POINT('Ctrl Pts',(71.,0.147789758827706,1.06746462859595));
#4860=CARTESIAN_POINT('Ctrl Pts',(70.4564294276218,0.147789758827706,1.06746462859595));
#4861=CARTESIAN_POINT('Ctrl Pts',(69.9146036729094,-0.0393730990841706,
1.22251748747622));
#4862=CARTESIAN_POINT('Ctrl Pts',(69.4834823145108,-0.376189974949129,1.50494040438183));
#4863=CARTESIAN_POINT('Ctrl Pts',(71.,0.559104564455268,0.578554038436756));
#4864=CARTESIAN_POINT('Ctrl Pts',(70.3083434615902,0.559104564455268,0.578554038436756));
#4865=CARTESIAN_POINT('Ctrl Pts',(69.618049570179,0.343760664253869,0.738482935390157));
#4866=CARTESIAN_POINT('Ctrl Pts',(69.0458798615956,-0.0512573757268669,
1.03105728781356));
#4867=CARTESIAN_POINT('Ctrl Pts',(71.,0.808893526987494,0.393368315404018));
#4868=CARTESIAN_POINT('Ctrl Pts',(70.2342242728472,0.808893526987494,0.393368315404018));
#4869=CARTESIAN_POINT('Ctrl Pts',(69.4698155610893,0.583141537811885,0.560733778304206));
#4870=CARTESIAN_POINT('Ctrl Pts',(68.8269043314861,0.167115558879692,0.869162425142521));
#4871=CARTESIAN_POINT('',(69.9134521657431,-0.320888984053899,2.4757941097385));
#4872=CARTESIAN_POINT('',(68.8269043314861,0.167115558879694,0.86916242514252));
#4873=CARTESIAN_POINT('Origin',(68.8269043314861,1.3582220318922,2.4757941097385));
#4874=CARTESIAN_POINT('',(71.,0.808893526987495,0.393368315404023));
#4875=CARTESIAN_POINT('Origin',(71.,-3.19110647301251,3.35884318916025));
#4876=CARTESIAN_POINT('',(71.,-2.33624191161607E-30,2.));
#4877=CARTESIAN_POINT('Origin',(71.,2.,2.));
#4878=CARTESIAN_POINT('Origin',(71.,-2.,4.96547487375623));
#4879=CARTESIAN_POINT('Origin',(67.,-9.27018231035546,10.3553606160028));
#4880=CARTESIAN_POINT('',(67.,-3.19110647301251,3.35884318916025));
#4881=CARTESIAN_POINT('',(67.,-10.461288783368,8.7487289314068));
#4882=CARTESIAN_POINT('',(69.,-2.,4.96547487375623));
#4883=CARTESIAN_POINT('Origin',(67.,-2.,4.96547487375623));
#4884=CARTESIAN_POINT('',(69.,-9.27018231035546,10.3553606160028));
#4885=CARTESIAN_POINT('Ctrl Pts',(69.9134521657431,-0.3208889840539,2.4757941097385));
#4886=CARTESIAN_POINT('Ctrl Pts',(69.6744272269253,-0.475561323845253,2.70513257839667));
#4887=CARTESIAN_POINT('Ctrl Pts',(69.194586517429,-0.957266167596781,3.41937438375259));
#4888=CARTESIAN_POINT('Ctrl Pts',(69.,-1.62039446421702,4.40261953460463));
#4889=CARTESIAN_POINT('Ctrl Pts',(69.,-2.,4.96547487375623));
#4890=CARTESIAN_POINT('Ctrl Pts',(69.7883232913948,-0.401859513182089,2.10574870934755));
#4891=CARTESIAN_POINT('Ctrl Pts',(69.5310517512551,-0.593951079885289,2.32758344950695));
#4892=CARTESIAN_POINT('Ctrl Pts',(69.038757375747,-1.18652584114957,3.01787400934601));
#4893=CARTESIAN_POINT('Ctrl Pts',(68.9302546983049,-1.95179002775694,3.95727957582229));
#4894=CARTESIAN_POINT('Ctrl Pts',(69.,-2.35637822335803,4.48477179781801));
#4895=CARTESIAN_POINT('Ctrl Pts',(69.4527837324918,-0.362419922129258,1.45952385973779));
#4896=CARTESIAN_POINT('Ctrl Pts',(69.1249525034243,-0.617026695361503,1.668760853651));
#4897=CARTESIAN_POINT('Ctrl Pts',(68.5030837531974,-1.40427566226924,2.31732453985173));
#4898=CARTESIAN_POINT('Ctrl Pts',(68.3904613690797,-2.43028377138372,3.18120747586001));
#4899=CARTESIAN_POINT('Ctrl Pts',(68.4980467009253,-2.97345385235292,3.65242533694476));
#4900=CARTESIAN_POINT('Ctrl Pts',(69.0145976430085,-0.0200612422116428,
1.00792945028913));
#4901=CARTESIAN_POINT('Ctrl Pts',(68.5815590548621,-0.315939071076863,1.22722271132173));
#4902=CARTESIAN_POINT('Ctrl Pts',(67.7231929674707,-1.23563650228786,1.90933172144321));
#4903=CARTESIAN_POINT('Ctrl Pts',(67.4168478115907,-2.48638772987844,2.83709967578648));
#4904=CARTESIAN_POINT('Ctrl Pts',(67.4487989505128,-3.1911064730125,3.35884318916025));
#4905=CARTESIAN_POINT('Ctrl Pts',(68.8269043314861,0.167115558879694,0.86916242514252));
#4906=CARTESIAN_POINT('Ctrl Pts',(68.3488544538506,-0.142229120703012,1.09850089380069));
#4907=CARTESIAN_POINT('Ctrl Pts',(67.389173034858,-1.10563880820607,1.81274269915661));
#4908=CARTESIAN_POINT('Ctrl Pts',(67.,-2.43189540144655,2.79598785000865));
#4909=CARTESIAN_POINT('Ctrl Pts',(67.,-3.1911064730125,3.35884318916025));
#4910=CARTESIAN_POINT('Origin',(71.,-3.19110647301251,3.35884318916025));
#4911=CARTESIAN_POINT('Origin',(71.,-2.,4.96547487375623));
#4912=CARTESIAN_POINT('Origin',(65.,0.808893526987498,0.393368315404015));
#4913=CARTESIAN_POINT('',(61.1730956685139,0.167115558879694,0.86916242514252));
#4914=CARTESIAN_POINT('Origin',(59.,-3.19110647301251,3.35884318916025));
#4915=CARTESIAN_POINT('',(59.,0.808893526987495,0.393368315404023));
#4916=CARTESIAN_POINT('Origin',(59.,-3.19110647301251,3.35884318916025));
#4917=CARTESIAN_POINT('',(32.5,0.808893526987492,0.393368315404019));
#4918=CARTESIAN_POINT('Ctrl Pts',(59.,0.808893526987494,0.393368315404017));
#4919=CARTESIAN_POINT('Ctrl Pts',(59.7657757271528,0.808893526987494,0.393368315404017));
#4920=CARTESIAN_POINT('Ctrl Pts',(60.5301844389107,0.583141537811886,0.560733778304206));
#4921=CARTESIAN_POINT('Ctrl Pts',(61.1730956685139,0.167115558879692,0.869162425142521));
#4922=CARTESIAN_POINT('Ctrl Pts',(59.,0.559104564455268,0.578554038436756));
#4923=CARTESIAN_POINT('Ctrl Pts',(59.6916565384098,0.559104564455268,0.578554038436756));
#4924=CARTESIAN_POINT('Ctrl Pts',(60.381950429821,0.343760664253869,0.738482935390157));
#4925=CARTESIAN_POINT('Ctrl Pts',(60.9541201384044,-0.0512573757268667,
1.03105728781356));
#4926=CARTESIAN_POINT('Ctrl Pts',(59.,0.147780858505642,1.067460147536));
#4927=CARTESIAN_POINT('Ctrl Pts',(59.5435705723782,0.147780858505642,1.067460147536));
#4928=CARTESIAN_POINT('Ctrl Pts',(60.0853914102341,-0.0393860874196456,
1.22251021713125));
#4929=CARTESIAN_POINT('Ctrl Pts',(60.5165127686326,-0.376202963284603,1.50493313403685));
#4930=CARTESIAN_POINT('Ctrl Pts',(59.,-4.68806275039032E-16,1.68905261245978));
#4931=CARTESIAN_POINT('Ctrl Pts',(59.4269320570009,-4.68806275039032E-16,
1.68905261245978));
#4932=CARTESIAN_POINT('Ctrl Pts',(59.8530302589577,-0.139765279868614,1.85235329616734));
#4933=CARTESIAN_POINT('Ctrl Pts',(60.1960355993117,-0.391738197041067,2.15200438439642));
#4934=CARTESIAN_POINT('Ctrl Pts',(59.,-5.55111512312578E-16,2.));
#4935=CARTESIAN_POINT('Ctrl Pts',(59.3828878635764,-5.55111512312578E-16,
2.));
#4936=CARTESIAN_POINT('Ctrl Pts',(59.7650922194554,-0.112875994587805,2.16736546290018));
#4937=CARTESIAN_POINT('Ctrl Pts',(60.0865478342569,-0.320888984053901,2.4757941097385));
#4938=CARTESIAN_POINT('',(60.0865478342569,-0.320888984053899,2.4757941097385));
#4939=CARTESIAN_POINT('Origin',(61.1730956685139,1.3582220318922,2.4757941097385));
#4940=CARTESIAN_POINT('',(59.,-1.60806261448899E-30,2.));
#4941=CARTESIAN_POINT('Origin',(59.,-2.,4.96547487375623));
#4942=CARTESIAN_POINT('Origin',(59.,2.,2.));
#4943=CARTESIAN_POINT('Ctrl Pts',(61.1730956685139,0.167115558879693,0.869162425142521));
#4944=CARTESIAN_POINT('Ctrl Pts',(61.6511455461494,-0.142229120703012,1.09850089380069));
#4945=CARTESIAN_POINT('Ctrl Pts',(62.610835689833,-1.10563341456558,1.81273870048027));
#4946=CARTESIAN_POINT('Ctrl Pts',(63.,-2.43189540144655,2.79598785000866));
#4947=CARTESIAN_POINT('Ctrl Pts',(63.,-3.1911064730125,3.35884318916025));
#4948=CARTESIAN_POINT('Ctrl Pts',(60.9228379198173,-0.0824535092420884,
1.054185125338));
#4949=CARTESIAN_POINT('Ctrl Pts',(61.3407113813077,-0.374008702309426,1.27000206657682));
#4950=CARTESIAN_POINT('Ctrl Pts',(62.1659054772507,-1.27908335871564,1.94183111800737));
#4951=CARTESIAN_POINT('Ctrl Pts',(62.4456228355856,-2.50444304861805,2.85201535578621));
#4952=CARTESIAN_POINT('Ctrl Pts',(62.4016013993162,-3.1911064730125,3.35884318916025));
#4953=CARTESIAN_POINT('Ctrl Pts',(60.4858008021805,-0.390008906964401,1.55032916655295));
#4954=CARTESIAN_POINT('Ctrl Pts',(60.7990829225174,-0.63632083008823,1.76107665804961));
#4955=CARTESIAN_POINT('Ctrl Pts',(61.3890673631927,-1.3970175163497,2.41430324766045));
#4956=CARTESIAN_POINT('Ctrl Pts',(61.4795134296534,-2.37893104944423,3.28561721017024));
#4957=CARTESIAN_POINT('Ctrl Pts',(61.3654393964504,-2.89218337434061,3.76204754785139));
#4958=CARTESIAN_POINT('Ctrl Pts',(60.1803944900182,-0.381616880900042,2.19826005944529));
#4959=CARTESIAN_POINT('Ctrl Pts',(60.4332351280379,-0.564230034972819,2.42205970488447));
#4960=CARTESIAN_POINT('Ctrl Pts',(60.9219409228807,-1.12908495232842,3.11801886059903));
#4961=CARTESIAN_POINT('Ctrl Pts',(61.0511776609064,-1.8689410946375,4.06775908372662));
#4962=CARTESIAN_POINT('Ctrl Pts',(61.,-2.26728366751852,4.60494756680256));
#4963=CARTESIAN_POINT('Ctrl Pts',(60.0865478342569,-0.3208889840539,2.4757941097385));
#4964=CARTESIAN_POINT('Ctrl Pts',(60.3255727730747,-0.475561323845253,2.70513257839667));
#4965=CARTESIAN_POINT('Ctrl Pts',(60.8054178449165,-0.957263470776534,3.41937038507625));
#4966=CARTESIAN_POINT('Ctrl Pts',(61.,-1.62039446421702,4.40261953460463));
#4967=CARTESIAN_POINT('Ctrl Pts',(61.,-2.,4.96547487375623));
#4968=CARTESIAN_POINT('Origin',(59.,-2.,4.96547487375623));
#4969=CARTESIAN_POINT('Origin',(59.,-2.,13.3147438864225));
#4970=CARTESIAN_POINT('',(59.,0.,2.4757941097385));
#4971=CARTESIAN_POINT('Origin',(59.,-2.,2.4757941097385));
#4972=CARTESIAN_POINT('',(59.,0.,13.3147438864225));
#4973=CARTESIAN_POINT('Origin',(59.,-2.,13.3147438864225));
#4974=CARTESIAN_POINT('Origin',(59.,-2.,10.5437794800546));
#4975=CARTESIAN_POINT('',(59.,0.,13.3147438864225));
#4976=CARTESIAN_POINT('Origin',(59.,-10.,10.5437794800546));
#4977=CARTESIAN_POINT('Origin',(32.5,2.,2.));
#4978=CARTESIAN_POINT('',(2.,0.,2.));
#4979=CARTESIAN_POINT('',(32.5,0.,2.));
#4980=CARTESIAN_POINT('Origin',(2.,2.,2.));
#4981=CARTESIAN_POINT('',(128.,-5.79509357296974E-30,2.));
#4982=CARTESIAN_POINT('Origin',(128.,2.,2.));
#4983=CARTESIAN_POINT('',(32.5,0.,2.));
#4984=CARTESIAN_POINT('Origin',(0.,0.,0.));
#4985=CARTESIAN_POINT('',(2.,1.85078904686468E-30,30.));
#4986=CARTESIAN_POINT('',(32.5,0.,30.));
#4987=CARTESIAN_POINT('',(2.,0.,0.));
#4988=CARTESIAN_POINT('Origin',(71.,-10.,10.5437794800546));
#4989=CARTESIAN_POINT('',(69.,-2.,10.5437794800546));
#4990=CARTESIAN_POINT('',(71.,-2.33624191161607E-30,10.5437794800546));
#4991=CARTESIAN_POINT('Origin',(71.,-2.,10.5437794800546));
#4992=CARTESIAN_POINT('Origin',(71.,-10.,10.5437794800546));
#4993=CARTESIAN_POINT('Origin',(69.,-10.,10.5437794800546));
#4994=CARTESIAN_POINT('Origin',(71.,-2.,13.3147438864225));
#4995=CARTESIAN_POINT('',(71.,0.,2.4757941097385));
#4996=CARTESIAN_POINT('Origin',(71.,-2.,2.4757941097385));
#4997=CARTESIAN_POINT('',(71.,0.,13.3147438864225));
#4998=CARTESIAN_POINT('',(69.,-2.,13.3147438864225));
#4999=CARTESIAN_POINT('Origin',(71.,-2.,13.3147438864225));
#5000=CARTESIAN_POINT('',(71.,0.,13.3147438864225));
#5001=CARTESIAN_POINT('Origin',(69.,-14.6696388187108,26.6294877728449));
#5002=CARTESIAN_POINT('Origin',(65.,-23.4087264766538,35.2662144556931));
#5003=CARTESIAN_POINT('',(65.,-21.9945129142807,36.6804280180662));
#5004=CARTESIAN_POINT('Origin',(65.,-22.4131966362069,37.0991117399924));
#5005=CARTESIAN_POINT('',(32.5,-2.92893218813453,17.6148472919201));
#5006=CARTESIAN_POINT('Origin',(32.5,-10.,10.5437794800546));
#5007=CARTESIAN_POINT('',(32.5,0.,10.5437794800546));
#5008=CARTESIAN_POINT('Origin',(57.,-25.9426273483865,34.8615940166633));
#5009=CARTESIAN_POINT('',(55.65,-29.5678584965331,36.5520670636261));
#5010=CARTESIAN_POINT('Origin',(57.,-29.5678584965331,36.5520670636261));
#5011=CARTESIAN_POINT('',(55.65,-25.9426273483865,34.8615940166633));
#5012=CARTESIAN_POINT('Origin',(57.,-20.8712082074981,45.7372874611031));
#5013=CARTESIAN_POINT('',(55.65,-24.4964393556447,47.4277605080659));
#5014=CARTESIAN_POINT('Origin',(57.,-24.4964393556447,47.4277605080659));
#5015=CARTESIAN_POINT('',(55.65,-20.8712082074981,45.7372874611031));
#5016=CARTESIAN_POINT('Origin',(73.,-25.9426273483865,34.8615940166633));
#5017=CARTESIAN_POINT('',(71.65,-29.5678584965331,36.5520670636261));
#5018=CARTESIAN_POINT('Origin',(73.,-29.5678584965331,36.5520670636261));
#5019=CARTESIAN_POINT('',(71.65,-25.9426273483865,34.8615940166633));
#5020=CARTESIAN_POINT('',(71.65,-25.9426273483865,34.8615940166633));
#5021=CARTESIAN_POINT('Origin',(73.,-25.9426273483865,34.8615940166633));
#5022=CARTESIAN_POINT('Origin',(73.,-20.8712082074981,45.7372874611031));
#5023=CARTESIAN_POINT('',(71.65,-24.4964393556447,47.4277605080659));
#5024=CARTESIAN_POINT('Origin',(73.,-24.4964393556447,47.4277605080659));
#5025=CARTESIAN_POINT('',(71.65,-20.8712082074981,45.7372874611031));
#5026=CARTESIAN_POINT('Origin',(32.5,2.,30.));
#5027=CARTESIAN_POINT('',(128.,0.,30.));
#5028=CARTESIAN_POINT('',(32.5,0.,30.));
#5029=CARTESIAN_POINT('',(128.,2.,32.));
#5030=CARTESIAN_POINT('Origin',(128.,2.,30.));
#5031=CARTESIAN_POINT('',(2.,2.,32.));
#5032=CARTESIAN_POINT('',(32.5,2.,32.));
#5033=CARTESIAN_POINT('Origin',(2.,2.,30.));
#5034=CARTESIAN_POINT('Origin',(65.,-18.3354986370539,51.175134183323));
#5035=CARTESIAN_POINT('Origin',(65.,-21.9607297852005,52.8656072302858));
#5036=CARTESIAN_POINT('',(65.,-21.9607297852005,52.8656072302858));
#5037=CARTESIAN_POINT('Origin',(65.,-34.6392776374215,25.6763736191863));
#5038=CARTESIAN_POINT('Origin',(112.5,20.,30.));
#5039=CARTESIAN_POINT('',(128.,13.783891892832,32.));
#5040=CARTESIAN_POINT('',(128.,26.216108107168,32.));
#5041=CARTESIAN_POINT('Ctrl Pts',(128.,13.783891892832,32.));
#5042=CARTESIAN_POINT('Ctrl Pts',(128.001549597479,13.791918947375,32.));
#5043=CARTESIAN_POINT('Ctrl Pts',(128.003096302089,13.7999465649906,31.9999981990667));
#5044=CARTESIAN_POINT('Ctrl Pts',(128.207887125662,14.8649074197214,31.9995230717769));
#5045=CARTESIAN_POINT('Ctrl Pts',(128.361623980031,15.9343430539698,31.9697435048585));
#5046=CARTESIAN_POINT('Ctrl Pts',(128.553623998642,18.0088137168009,31.9241498168647));
#5047=CARTESIAN_POINT('Ctrl Pts',(128.6,19.0008016410288,31.9078784028339));
#5048=CARTESIAN_POINT('Ctrl Pts',(128.6,20.999198358971,31.9078784028339));
#5049=CARTESIAN_POINT('Ctrl Pts',(128.553623998643,21.9911862831987,31.9241498168647));
#5050=CARTESIAN_POINT('Ctrl Pts',(128.36162398002,24.0656569461472,31.969743504861));
#5051=CARTESIAN_POINT('Ctrl Pts',(128.207887125639,25.1350925804005,31.999523071777));
#5052=CARTESIAN_POINT('Ctrl Pts',(128.003096302082,26.2000534350502,31.9999981990668));
#5053=CARTESIAN_POINT('Ctrl Pts',(128.001549597487,26.2080810525842,32.));
#5054=CARTESIAN_POINT('Ctrl Pts',(128.,26.216108107168,32.));
#5055=CARTESIAN_POINT('',(112.5,36.7,32.));
#5056=CARTESIAN_POINT('Origin',(112.5,20.,32.));
#5057=CARTESIAN_POINT('Origin',(112.5,36.7,30.));
#5058=CARTESIAN_POINT('Origin',(112.5,20.,30.));
#5059=CARTESIAN_POINT('',(112.5,3.3,32.));
#5060=CARTESIAN_POINT('Origin',(112.5,3.3,30.));
#5061=CARTESIAN_POINT('Origin',(112.5,20.,32.));
#5062=CARTESIAN_POINT('Origin',(88.75,3.30000000000002,30.));
#5063=CARTESIAN_POINT('',(17.5,3.29999999999996,32.));
#5064=CARTESIAN_POINT('Origin',(17.5,3.29999999999996,30.));
#5065=CARTESIAN_POINT('',(88.75,3.30000000000002,32.));
#5066=CARTESIAN_POINT('Origin',(17.5,20.,30.));
#5067=CARTESIAN_POINT('',(1.99999999999999,26.2161081071679,32.));
#5068=CARTESIAN_POINT('',(2.,13.783891892832,32.));
#5069=CARTESIAN_POINT('Ctrl Pts',(1.99999999999999,26.2161081071679,32.));
#5070=CARTESIAN_POINT('Ctrl Pts',(1.99845040252209,26.2080810526302,32.));
#5071=CARTESIAN_POINT('Ctrl Pts',(1.9969036979095,26.2000534350041,31.9999981990667));
#5072=CARTESIAN_POINT('Ctrl Pts',(1.79211287436096,25.1350925804,31.999523071777));
#5073=CARTESIAN_POINT('Ctrl Pts',(1.63837601998007,24.065656946145,31.969743504861));
#5074=CARTESIAN_POINT('Ctrl Pts',(1.4463760013575,21.9911862831986,31.9241498168647));
#5075=CARTESIAN_POINT('Ctrl Pts',(1.40000000000001,20.9991983589709,31.9078784028339));
#5076=CARTESIAN_POINT('Ctrl Pts',(1.40000000000001,19.0008016410289,31.9078784028339));
#5077=CARTESIAN_POINT('Ctrl Pts',(1.44637600135752,18.0088137168011,31.9241498168647));
#5078=CARTESIAN_POINT('Ctrl Pts',(1.6383760199768,15.9343430538903,31.9697435048602));
#5079=CARTESIAN_POINT('Ctrl Pts',(1.7921128743539,14.8649074196366,31.999523071777));
#5080=CARTESIAN_POINT('Ctrl Pts',(1.99690369791138,13.7999465649861,31.9999981990667));
#5081=CARTESIAN_POINT('Ctrl Pts',(1.99845040252023,13.7919189473794,32.));
#5082=CARTESIAN_POINT('Ctrl Pts',(2.00000000000002,13.783891892832,32.));
#5083=CARTESIAN_POINT('Origin',(17.5,20.,32.));
#5084=CARTESIAN_POINT('Origin',(17.5,20.,30.));
#5085=CARTESIAN_POINT('',(17.5,36.7,32.));
#5086=CARTESIAN_POINT('Origin',(17.5,36.7,30.));
#5087=CARTESIAN_POINT('Origin',(17.5,20.,32.));
#5088=CARTESIAN_POINT('Origin',(41.25,36.7,30.));
#5089=CARTESIAN_POINT('',(41.25,36.7,32.));
#5090=CARTESIAN_POINT('Origin',(112.5,20.,32.));
#5091=CARTESIAN_POINT('Origin',(65.,20.,32.));
#5092=CARTESIAN_POINT('',(128.,38.,32.));
#5093=CARTESIAN_POINT('',(128.,10.,32.));
#5094=CARTESIAN_POINT('',(1.99999999999999,38.,32.));
#5095=CARTESIAN_POINT('',(97.5,38.,32.));
#5096=CARTESIAN_POINT('',(1.99999999999999,30.,32.));
#5097=CARTESIAN_POINT('Origin',(65.,20.,32.));
#5098=CARTESIAN_POINT('',(1.99999999999999,30.,32.));
#5099=CARTESIAN_POINT('',(128.,10.,32.));
#5100=CARTESIAN_POINT('Origin',(1.99999999999999,30.,30.));
#5101=CARTESIAN_POINT('',(-1.08878028698929E-14,38.,30.));
#5102=CARTESIAN_POINT('Origin',(1.99999999999999,38.,30.));
#5103=CARTESIAN_POINT('',(-5.55111512312578E-16,2.,30.));
#5104=CARTESIAN_POINT('',(-8.60422844084496E-15,30.,30.));
#5105=CARTESIAN_POINT('Origin',(2.,2.,30.));
#5106=CARTESIAN_POINT('Origin',(1.99999999999999,38.,30.));
#5107=CARTESIAN_POINT('',(1.99999999999999,40.,30.));
#5108=CARTESIAN_POINT('Origin',(1.99999999999999,38.,30.));
#5109=CARTESIAN_POINT('Origin',(1.99999999999999,38.,30.));
#5110=CARTESIAN_POINT('Origin',(1.99999999999999,38.,2.));
#5111=CARTESIAN_POINT('',(1.99999999999999,40.,2.));
#5112=CARTESIAN_POINT('',(-1.08246744900953E-14,38.,2.));
#5113=CARTESIAN_POINT('Origin',(1.99999999999999,38.,2.));
#5114=CARTESIAN_POINT('Origin',(1.99999999999999,38.,2.));
#5115=CARTESIAN_POINT('Origin',(2.,38.,2.));
#5116=CARTESIAN_POINT('Origin',(2.,2.,30.));
#5117=CARTESIAN_POINT('Origin',(2.,2.,30.));
#5118=CARTESIAN_POINT('Origin',(128.,38.,30.));
#5119=CARTESIAN_POINT('',(130.,38.,30.));
#5120=CARTESIAN_POINT('Origin',(128.,38.,30.));
#5121=CARTESIAN_POINT('',(128.,40.,30.));
#5122=CARTESIAN_POINT('Origin',(128.,38.,30.));
#5123=CARTESIAN_POINT('Origin',(128.,38.,30.));
#5124=CARTESIAN_POINT('Origin',(128.,38.,2.));
#5125=CARTESIAN_POINT('',(130.,38.,2.));
#5126=CARTESIAN_POINT('',(128.,40.,2.));
#5127=CARTESIAN_POINT('Origin',(128.,38.,2.));
#5128=CARTESIAN_POINT('Origin',(128.,38.,2.));
#5129=CARTESIAN_POINT('Origin',(128.,38.,2.));
#5130=CARTESIAN_POINT('Origin',(2.00000000000001,2.,2.));
#5131=CARTESIAN_POINT('',(-6.11717939177356E-16,2.,2.));
#5132=CARTESIAN_POINT('Origin',(2.,2.,2.));
#5133=CARTESIAN_POINT('Origin',(2.00000000000001,2.,2.));
#5134=CARTESIAN_POINT('Origin',(2.,30.,2.));
#5135=CARTESIAN_POINT('',(-8.60422844084496E-15,30.,2.));
#5136=CARTESIAN_POINT('Origin',(128.,2.,30.));
#5137=CARTESIAN_POINT('',(130.,2.,30.));
#5138=CARTESIAN_POINT('Origin',(128.,2.,30.));
#5139=CARTESIAN_POINT('Origin',(128.,2.,30.));
#5140=CARTESIAN_POINT('Origin',(128.,2.,2.));
#5141=CARTESIAN_POINT('',(130.,2.,2.));
#5142=CARTESIAN_POINT('Origin',(128.,2.,2.));
#5143=CARTESIAN_POINT('Origin',(128.,2.,2.));
#5144=CARTESIAN_POINT('Origin',(128.,10.,2.));
#5145=CARTESIAN_POINT('',(130.,10.,2.));
#5146=CARTESIAN_POINT('Origin',(128.,2.,0.));
#5147=CARTESIAN_POINT('',(128.,0.,0.));
#5148=CARTESIAN_POINT('',(130.,2.,0.));
#5149=CARTESIAN_POINT('Origin',(128.,10.,30.));
#5150=CARTESIAN_POINT('',(130.,10.,30.));
#5151=CARTESIAN_POINT('Origin',(2.,2.,0.));
#5152=CARTESIAN_POINT('',(-5.55111512312578E-16,2.,0.));
#5153=CARTESIAN_POINT('Origin',(97.5,38.,2.));
#5154=CARTESIAN_POINT('',(97.5,40.,2.));
#5155=CARTESIAN_POINT('Origin',(128.,38.,0.));
#5156=CARTESIAN_POINT('',(130.,38.,0.));
#5157=CARTESIAN_POINT('',(128.,40.,0.));
#5158=CARTESIAN_POINT('Origin',(97.5,38.,30.));
#5159=CARTESIAN_POINT('',(97.5,40.,30.));
#5160=CARTESIAN_POINT('Origin',(1.99999999999999,38.,0.));
#5161=CARTESIAN_POINT('',(1.99999999999999,40.,0.));
#5162=CARTESIAN_POINT('',(-1.08246744900953E-14,38.,0.));
#5163=CARTESIAN_POINT('Origin',(-1.14178721452394E-14,40.,0.));
#5164=CARTESIAN_POINT('Origin',(130.,-7.88860905221012E-30,0.));
#5165=CARTESIAN_POINT('Origin',(0.,0.,0.));
#5166=CARTESIAN_POINT('Origin',(130.,40.,0.));
#5167=CARTESIAN_POINT('Origin',(112.5,20.,-133.728307797669));
#5168=CARTESIAN_POINT('',(110.4,20.,-133.728307797669));
#5169=CARTESIAN_POINT('Origin',(17.5,20.,-133.728307797669));
#5170=CARTESIAN_POINT('',(15.4,20.,-133.728307797669));
#5171=CARTESIAN_POINT('Origin',(17.5,20.,32.));
#5172=UNCERTAINTY_MEASURE_WITH_UNIT(LENGTH_MEASURE(0.01),#5176,
'DISTANCE_ACCURACY_VALUE',
'Maximum model space distance between geometric entities at asserted c
onnectivities');
#5173=UNCERTAINTY_MEASURE_WITH_UNIT(LENGTH_MEASURE(0.01),#5176,
'DISTANCE_ACCURACY_VALUE',
'Maximum model space distance between geometric entities at asserted c
onnectivities');
#5174=(
GEOMETRIC_REPRESENTATION_CONTEXT(3)
GLOBAL_UNCERTAINTY_ASSIGNED_CONTEXT((#5172))
GLOBAL_UNIT_ASSIGNED_CONTEXT((#5176,#5178,#5179))
REPRESENTATION_CONTEXT('','3D')
);
#5175=(
GEOMETRIC_REPRESENTATION_CONTEXT(3)
GLOBAL_UNCERTAINTY_ASSIGNED_CONTEXT((#5173))
GLOBAL_UNIT_ASSIGNED_CONTEXT((#5176,#5178,#5179))
REPRESENTATION_CONTEXT('','3D')
);
#5176=(
LENGTH_UNIT()
NAMED_UNIT(*)
SI_UNIT(.MILLI.,.METRE.)
);
#5177=(
LENGTH_UNIT()
NAMED_UNIT(*)
SI_UNIT(.CENTI.,.METRE.)
);
#5178=(
NAMED_UNIT(*)
PLANE_ANGLE_UNIT()
SI_UNIT($,.RADIAN.)
);
#5179=(
NAMED_UNIT(*)
SI_UNIT($,.STERADIAN.)
SOLID_ANGLE_UNIT()
);
#5180=SHAPE_DEFINITION_REPRESENTATION(#5181,#5182);
#5181=PRODUCT_DEFINITION_SHAPE('',$,#5184);
#5182=SHAPE_REPRESENTATION('',(#2513),#5174);
#5183=PRODUCT_DEFINITION_CONTEXT('part definition',#5188,'design');
#5184=PRODUCT_DEFINITION('cameramount','cameramount',#5185,#5183);
#5185=PRODUCT_DEFINITION_FORMATION('',$,#5190);
#5186=PRODUCT_RELATED_PRODUCT_CATEGORY('cameramount','cameramount',(#5190));
#5187=APPLICATION_PROTOCOL_DEFINITION('international standard',
'automotive_design',2009,#5188);
#5188=APPLICATION_CONTEXT(
'Core Data for Automotive Mechanical Design Process');
#5189=PRODUCT_CONTEXT('part definition',#5188,'mechanical');
#5190=PRODUCT('cameramount','cameramount',$,(#5189));
#5191=PRESENTATION_STYLE_ASSIGNMENT((#5192));
#5192=SURFACE_STYLE_USAGE(.BOTH.,#5195);
#5193=SURFACE_STYLE_RENDERING_WITH_PROPERTIES($,#5199,(#5194));
#5194=SURFACE_STYLE_TRANSPARENT(0.);
#5195=SURFACE_SIDE_STYLE('',(#5196,#5193));
#5196=SURFACE_STYLE_FILL_AREA(#5197);
#5197=FILL_AREA_STYLE('',(#5198));
#5198=FILL_AREA_STYLE_COLOUR('',#5199);
#5199=COLOUR_RGB('',0.0196078431372549,0.0196078431372549,0.0196078431372549);
ENDSEC;
END-ISO-10303-21;
