ISO-10303-21;
HEADER;
/* Generated by software containing ST-Developer
 * from STEP Tools, Inc. (www.steptools.com) 
 */

FILE_DESCRIPTION(
/* description */ (''),
/* implementation_level */ '2;1');

FILE_NAME(
/* name */ 'finger_adaptor.stp',
/* time_stamp */ '2026-05-04T17:30:01+09:00',
/* author */ ('kshau'),
/* organization */ (''),
/* preprocessor_version */ 'ST-DEVELOPER v20',
/* originating_system */ 'Autodesk Inventor 2024',
/* authorisation */ '');

FILE_SCHEMA (('AUTOMOTIVE_DESIGN { 1 0 10303 214 3 1 1 }'));
ENDSEC;

DATA;
#10=MECHANICAL_DESIGN_GEOMETRIC_PRESENTATION_REPRESENTATION('',(#13),#2401);
#11=SHAPE_REPRESENTATION_RELATIONSHIP('SRR','None',#2408,#12);
#12=ADVANCED_BREP_SHAPE_REPRESENTATION('',(#14),#2400);
#13=STYLED_ITEM('',(#2417),#14);
#14=MANIFOLD_SOLID_BREP('\X2\30BD30EA30C330C9\X0\1',#1224);
#15=CONICAL_SURFACE('',#1382,2.35,0.785398163397448);
#16=CONICAL_SURFACE('',#1386,2.35,0.785398163397448);
#17=CONICAL_SURFACE('',#1390,2.35,0.785398163397448);
#18=(
BOUNDED_CURVE()
B_SPLINE_CURVE(2,(#2339,#2340,#2341),.UNSPECIFIED.,.F.,.F.)
B_SPLINE_CURVE_WITH_KNOTS((3,3),(0.,0.194422220952231),.UNSPECIFIED.)
CURVE()
GEOMETRIC_REPRESENTATION_ITEM()
RATIONAL_B_SPLINE_CURVE((1.,1.04999999999998,1.))
REPRESENTATION_ITEM('')
);
#19=(
BOUNDED_CURVE()
B_SPLINE_CURVE(2,(#2342,#2343,#2344),.UNSPECIFIED.,.F.,.F.)
B_SPLINE_CURVE_WITH_KNOTS((3,3),(0.,0.194422220952236),.UNSPECIFIED.)
CURVE()
GEOMETRIC_REPRESENTATION_ITEM()
RATIONAL_B_SPLINE_CURVE((1.,1.04999999999998,1.))
REPRESENTATION_ITEM('')
);
#20=(
BOUNDED_CURVE()
B_SPLINE_CURVE(2,(#2345,#2346,#2347),.UNSPECIFIED.,.F.,.F.)
B_SPLINE_CURVE_WITH_KNOTS((3,3),(0.,0.194422220952237),.UNSPECIFIED.)
CURVE()
GEOMETRIC_REPRESENTATION_ITEM()
RATIONAL_B_SPLINE_CURVE((1.,1.05,1.))
REPRESENTATION_ITEM('')
);
#21=ELLIPSE('',#1261,1.05895352117078,0.999999999999997);
#22=ELLIPSE('',#1262,1.34587613100166,1.3);
#23=ELLIPSE('',#1264,0.310586799461922,0.3);
#24=ELLIPSE('',#1269,0.310586799461922,0.3);
#25=ELLIPSE('',#1272,1.34587613100166,1.3);
#26=ELLIPSE('',#1273,1.05895352117078,0.999999999999997);
#27=ELLIPSE('',#1275,0.310586799461922,0.3);
#28=ELLIPSE('',#1282,1.05895352117078,1.);
#29=ELLIPSE('',#1283,1.34587613100166,1.3);
#30=ELLIPSE('',#1285,0.310586799461922,0.3);
#31=ELLIPSE('',#1287,1.6046984638866,1.55);
#32=ELLIPSE('',#1288,1.6046984638866,1.55);
#33=ELLIPSE('',#1289,1.6046984638866,1.55);
#34=ELLIPSE('',#1292,1.34587613100166,1.3);
#35=ELLIPSE('',#1293,1.05895352117078,1.);
#36=ELLIPSE('',#1311,1.6046984638866,1.55);
#37=ELLIPSE('',#1312,1.6046984638866,1.55);
#38=ELLIPSE('',#1313,1.6046984638866,1.55);
#39=B_SPLINE_CURVE_WITH_KNOTS('',3,(#1846,#1847,#1848,#1849,#1850,#1851,
#1852,#1853),.UNSPECIFIED.,.F.,.F.,(4,1,1,2,4),(-0.162254922318957,-0.129803937855165,
-0.097352953391374,0.,0.0004927931811485),.UNSPECIFIED.);
#40=B_SPLINE_CURVE_WITH_KNOTS('',3,(#1854,#1855,#1856,#1857,#1858,#1859,
#1860,#1861),.UNSPECIFIED.,.F.,.F.,(4,2,1,1,4),(-0.0004927931811485,0.,
0.097352953391374,0.129803937855165,0.162254922318957),.UNSPECIFIED.);
#41=B_SPLINE_CURVE_WITH_KNOTS('',3,(#1947,#1948,#1949,#1950,#1951,#1952,
#1953,#1954),.UNSPECIFIED.,.F.,.F.,(4,1,1,2,4),(-0.161922244448472,-0.0971533466690829,
-0.0647688977793886,0.,0.000610790922658541),.UNSPECIFIED.);
#42=B_SPLINE_CURVE_WITH_KNOTS('',3,(#1955,#1956,#1957,#1958,#1959,#1960,
#1961,#1962),.UNSPECIFIED.,.F.,.F.,(4,2,1,1,4),(-0.000610790922658541,0.,
0.0647688977793886,0.0971533466690829,0.161922244448472),.UNSPECIFIED.);
#43=B_SPLINE_CURVE_WITH_KNOTS('',3,(#2008,#2009,#2010,#2011,#2012,#2013,
#2014,#2015),.UNSPECIFIED.,.F.,.F.,(4,2,1,1,4),(-0.000492798012566695,0.,
0.097352958663079,0.129803944884105,0.162254931105132),.UNSPECIFIED.);
#44=B_SPLINE_CURVE_WITH_KNOTS('',3,(#2051,#2052,#2053,#2054,#2055,#2056,
#2057,#2058),.UNSPECIFIED.,.F.,.F.,(4,1,1,2,4),(-0.162254931105132,-0.129803944884105,
-0.097352958663079,0.,0.000492798012566695),.UNSPECIFIED.);
#45=B_SPLINE_CURVE_WITH_KNOTS('',3,(#2134,#2135,#2136,#2137,#2138,#2139,
#2140,#2141),.UNSPECIFIED.,.F.,.F.,(4,1,1,2,4),(-0.16192224451629,-0.0971533467097739,
-0.064768897806516,0.,0.00061079084812912),.UNSPECIFIED.);
#46=B_SPLINE_CURVE_WITH_KNOTS('',3,(#2142,#2143,#2144,#2145,#2146,#2147,
#2148,#2149),.UNSPECIFIED.,.F.,.F.,(4,2,1,1,4),(-0.00061079084812912,0.,
0.064768897806516,0.0971533467097739,0.16192224451629),.UNSPECIFIED.);
#47=B_SPLINE_SURFACE_WITH_KNOTS('',3,3,((#1810,#1811,#1812,#1813,#1814,
#1815,#1816,#1817),(#1818,#1819,#1820,#1821,#1822,#1823,#1824,#1825),(#1826,
#1827,#1828,#1829,#1830,#1831,#1832,#1833),(#1834,#1835,#1836,#1837,#1838,
#1839,#1840,#1841)),.UNSPECIFIED.,.F.,.F.,.F.,(4,4),(4,2,1,1,4),(0.,1.),
(-0.0004927931811485,0.,0.097352953391374,0.129803937855165,0.162254922318957),
 .UNSPECIFIED.);
#48=B_SPLINE_SURFACE_WITH_KNOTS('',3,3,((#1862,#1863,#1864,#1865),(#1866,
#1867,#1868,#1869),(#1870,#1871,#1872,#1873),(#1874,#1875,#1876,#1877),
(#1878,#1879,#1880,#1881)),.UNSPECIFIED.,.F.,.F.,.F.,(4,1,4),(4,4),(0.,
0.5,1.),(1.13846863681487,1.5707963267949),.UNSPECIFIED.);
#49=B_SPLINE_SURFACE_WITH_KNOTS('',3,3,((#1911,#1912,#1913,#1914,#1915,
#1916,#1917,#1918),(#1919,#1920,#1921,#1922,#1923,#1924,#1925,#1926),(#1927,
#1928,#1929,#1930,#1931,#1932,#1933,#1934),(#1935,#1936,#1937,#1938,#1939,
#1940,#1941,#1942)),.UNSPECIFIED.,.F.,.F.,.F.,(4,4),(4,2,1,1,4),(0.,1.),
(-0.000610790922658541,0.,0.0647688977793886,0.0971533466690829,0.161922244448472),
 .UNSPECIFIED.);
#50=B_SPLINE_SURFACE_WITH_KNOTS('',3,3,((#1963,#1964,#1965,#1966),(#1967,
#1968,#1969,#1970),(#1971,#1972,#1973,#1974),(#1975,#1976,#1977,#1978),
(#1979,#1980,#1981,#1982)),.UNSPECIFIED.,.F.,.F.,.F.,(4,1,4),(4,4),(0.,
0.5,1.),(1.13846863681461,1.5707963267949),.UNSPECIFIED.);
#51=B_SPLINE_SURFACE_WITH_KNOTS('',3,3,((#2017,#2018,#2019,#2020,#2021,
#2022,#2023,#2024),(#2025,#2026,#2027,#2028,#2029,#2030,#2031,#2032),(#2033,
#2034,#2035,#2036,#2037,#2038,#2039,#2040),(#2041,#2042,#2043,#2044,#2045,
#2046,#2047,#2048)),.UNSPECIFIED.,.F.,.F.,.F.,(4,4),(4,2,1,1,4),(0.,1.),
(-0.000492798012566695,0.,0.097352958663079,0.129803944884105,0.162254931105132),
 .UNSPECIFIED.);
#52=B_SPLINE_SURFACE_WITH_KNOTS('',3,3,((#2059,#2060,#2061,#2062),(#2063,
#2064,#2065,#2066),(#2067,#2068,#2069,#2070),(#2071,#2072,#2073,#2074),
(#2075,#2076,#2077,#2078)),.UNSPECIFIED.,.F.,.F.,.F.,(4,1,4),(4,4),(0.,
0.5,1.),(1.13846863681487,1.5707963267949),.UNSPECIFIED.);
#53=B_SPLINE_SURFACE_WITH_KNOTS('',3,3,((#2098,#2099,#2100,#2101,#2102,
#2103,#2104,#2105),(#2106,#2107,#2108,#2109,#2110,#2111,#2112,#2113),(#2114,
#2115,#2116,#2117,#2118,#2119,#2120,#2121),(#2122,#2123,#2124,#2125,#2126,
#2127,#2128,#2129)),.UNSPECIFIED.,.F.,.F.,.F.,(4,4),(4,2,1,1,4),(0.,1.),
(-0.00061079084812912,0.,0.064768897806516,0.0971533467097739,0.16192224451629),
 .UNSPECIFIED.);
#54=B_SPLINE_SURFACE_WITH_KNOTS('',3,3,((#2150,#2151,#2152,#2153),(#2154,
#2155,#2156,#2157),(#2158,#2159,#2160,#2161),(#2162,#2163,#2164,#2165),
(#2166,#2167,#2168,#2169)),.UNSPECIFIED.,.F.,.F.,.F.,(4,1,4),(4,4),(0.,
0.5,1.),(1.13846863681461,1.5707963267949),.UNSPECIFIED.);
#55=FACE_BOUND('',#346,.T.);
#56=FACE_BOUND('',#347,.T.);
#57=FACE_BOUND('',#348,.T.);
#58=FACE_BOUND('',#349,.T.);
#59=FACE_BOUND('',#350,.T.);
#60=FACE_BOUND('',#367,.T.);
#61=FACE_BOUND('',#368,.T.);
#62=FACE_BOUND('',#369,.T.);
#63=FACE_BOUND('',#376,.T.);
#64=FACE_BOUND('',#377,.T.);
#65=FACE_BOUND('',#378,.T.);
#66=FACE_BOUND('',#383,.T.);
#67=FACE_BOUND('',#384,.T.);
#68=FACE_BOUND('',#385,.T.);
#69=FACE_BOUND('',#391,.T.);
#70=FACE_BOUND('',#393,.T.);
#71=FACE_BOUND('',#396,.T.);
#72=FACE_BOUND('',#406,.T.);
#73=FACE_BOUND('',#407,.T.);
#74=FACE_BOUND('',#408,.T.);
#75=FACE_BOUND('',#413,.T.);
#76=FACE_BOUND('',#415,.T.);
#77=FACE_BOUND('',#417,.T.);
#78=FACE_BOUND('',#419,.T.);
#79=FACE_BOUND('',#435,.T.);
#80=PLANE('',#1254);
#81=PLANE('',#1267);
#82=PLANE('',#1268);
#83=PLANE('',#1276);
#84=PLANE('',#1286);
#85=PLANE('',#1295);
#86=PLANE('',#1298);
#87=PLANE('',#1308);
#88=PLANE('',#1310);
#89=PLANE('',#1327);
#90=PLANE('',#1328);
#91=PLANE('',#1334);
#92=PLANE('',#1359);
#93=PLANE('',#1363);
#94=PLANE('',#1364);
#95=PLANE('',#1371);
#96=PLANE('',#1372);
#97=PLANE('',#1374);
#98=PLANE('',#1376);
#99=PLANE('',#1378);
#100=PLANE('',#1398);
#101=PLANE('',#1399);
#102=LINE('',#1792,#174);
#103=LINE('',#1796,#175);
#104=LINE('',#1798,#176);
#105=LINE('',#1800,#177);
#106=LINE('',#1801,#178);
#107=LINE('',#1891,#179);
#108=LINE('',#1892,#180);
#109=LINE('',#1895,#181);
#110=LINE('',#1898,#182);
#111=LINE('',#1901,#183);
#112=LINE('',#1902,#184);
#113=LINE('',#1905,#185);
#114=LINE('',#1909,#186);
#115=LINE('',#1910,#187);
#116=LINE('',#1992,#188);
#117=LINE('',#1993,#189);
#118=LINE('',#1996,#190);
#119=LINE('',#1998,#191);
#120=LINE('',#1999,#192);
#121=LINE('',#2002,#193);
#122=LINE('',#2006,#194);
#123=LINE('',#2016,#195);
#124=LINE('',#2088,#196);
#125=LINE('',#2089,#197);
#126=LINE('',#2091,#198);
#127=LINE('',#2176,#199);
#128=LINE('',#2177,#200);
#129=LINE('',#2180,#201);
#130=LINE('',#2181,#202);
#131=LINE('',#2184,#203);
#132=LINE('',#2187,#204);
#133=LINE('',#2189,#205);
#134=LINE('',#2191,#206);
#135=LINE('',#2196,#207);
#136=LINE('',#2197,#208);
#137=LINE('',#2199,#209);
#138=LINE('',#2201,#210);
#139=LINE('',#2203,#211);
#140=LINE('',#2208,#212);
#141=LINE('',#2209,#213);
#142=LINE('',#2218,#214);
#143=LINE('',#2222,#215);
#144=LINE('',#2223,#216);
#145=LINE('',#2225,#217);
#146=LINE('',#2241,#218);
#147=LINE('',#2253,#219);
#148=LINE('',#2274,#220);
#149=LINE('',#2284,#221);
#150=LINE('',#2294,#222);
#151=LINE('',#2304,#223);
#152=LINE('',#2307,#224);
#153=LINE('',#2308,#225);
#154=LINE('',#2316,#226);
#155=LINE('',#2319,#227);
#156=LINE('',#2325,#228);
#157=LINE('',#2331,#229);
#158=LINE('',#2336,#230);
#159=LINE('',#2337,#231);
#160=LINE('',#2363,#232);
#161=LINE('',#2365,#233);
#162=LINE('',#2367,#234);
#163=LINE('',#2371,#235);
#164=LINE('',#2373,#236);
#165=LINE('',#2375,#237);
#166=LINE('',#2379,#238);
#167=LINE('',#2381,#239);
#168=LINE('',#2383,#240);
#169=LINE('',#2385,#241);
#170=LINE('',#2387,#242);
#171=LINE('',#2389,#243);
#172=LINE('',#2391,#244);
#173=LINE('',#2395,#245);
#174=VECTOR('',#1416,5.);
#175=VECTOR('',#1419,10.);
#176=VECTOR('',#1420,10.);
#177=VECTOR('',#1421,10.);
#178=VECTOR('',#1422,10.);
#179=VECTOR('',#1443,10.);
#180=VECTOR('',#1444,10.);
#181=VECTOR('',#1447,10.);
#182=VECTOR('',#1450,10.);
#183=VECTOR('',#1453,10.);
#184=VECTOR('',#1454,10.);
#185=VECTOR('',#1457,10.);
#186=VECTOR('',#1460,10.);
#187=VECTOR('',#1461,10.);
#188=VECTOR('',#1474,10.);
#189=VECTOR('',#1475,10.);
#190=VECTOR('',#1478,10.);
#191=VECTOR('',#1479,10.);
#192=VECTOR('',#1480,10.);
#193=VECTOR('',#1483,10.);
#194=VECTOR('',#1488,10.);
#195=VECTOR('',#1489,10.);
#196=VECTOR('',#1502,10.);
#197=VECTOR('',#1503,10.);
#198=VECTOR('',#1506,10.);
#199=VECTOR('',#1523,10.);
#200=VECTOR('',#1524,10.);
#201=VECTOR('',#1527,10.);
#202=VECTOR('',#1528,10.);
#203=VECTOR('',#1531,10.);
#204=VECTOR('',#1536,10.);
#205=VECTOR('',#1537,10.);
#206=VECTOR('',#1538,10.);
#207=VECTOR('',#1543,10.);
#208=VECTOR('',#1544,10.);
#209=VECTOR('',#1545,10.);
#210=VECTOR('',#1546,10.);
#211=VECTOR('',#1547,10.);
#212=VECTOR('',#1552,10.);
#213=VECTOR('',#1553,10.);
#214=VECTOR('',#1562,10.);
#215=VECTOR('',#1567,10.);
#216=VECTOR('',#1568,10.);
#217=VECTOR('',#1571,10.);
#218=VECTOR('',#1590,5.31162247654455);
#219=VECTOR('',#1605,3.1);
#220=VECTOR('',#1634,2.);
#221=VECTOR('',#1647,2.);
#222=VECTOR('',#1660,2.);
#223=VECTOR('',#1673,2.);
#224=VECTOR('',#1678,10.);
#225=VECTOR('',#1679,10.);
#226=VECTOR('',#1688,10.);
#227=VECTOR('',#1691,10.);
#228=VECTOR('',#1696,10.);
#229=VECTOR('',#1701,10.);
#230=VECTOR('',#1706,10.);
#231=VECTOR('',#1707,10.);
#232=VECTOR('',#1730,1.55);
#233=VECTOR('',#1733,2.35);
#234=VECTOR('',#1736,1.55);
#235=VECTOR('',#1741,1.55);
#236=VECTOR('',#1744,2.35);
#237=VECTOR('',#1747,1.55);
#238=VECTOR('',#1752,1.55);
#239=VECTOR('',#1755,2.35);
#240=VECTOR('',#1758,1.55);
#241=VECTOR('',#1761,1.05);
#242=VECTOR('',#1764,1.05);
#243=VECTOR('',#1767,1.05);
#244=VECTOR('',#1770,1.05);
#245=VECTOR('',#1775,1.55);
#246=CYLINDRICAL_SURFACE('',#1252,5.);
#247=CYLINDRICAL_SURFACE('',#1263,0.3);
#248=CYLINDRICAL_SURFACE('',#1265,1.);
#249=CYLINDRICAL_SURFACE('',#1274,0.3);
#250=CYLINDRICAL_SURFACE('',#1277,1.);
#251=CYLINDRICAL_SURFACE('',#1279,0.3);
#252=CYLINDRICAL_SURFACE('',#1284,0.3);
#253=CYLINDRICAL_SURFACE('',#1294,0.3);
#254=CYLINDRICAL_SURFACE('',#1296,1.);
#255=CYLINDRICAL_SURFACE('',#1306,1.);
#256=CYLINDRICAL_SURFACE('',#1309,0.3);
#257=CYLINDRICAL_SURFACE('',#1318,5.31162247654455);
#258=CYLINDRICAL_SURFACE('',#1325,3.1);
#259=CYLINDRICAL_SURFACE('',#1339,2.);
#260=CYLINDRICAL_SURFACE('',#1345,2.);
#261=CYLINDRICAL_SURFACE('',#1351,2.);
#262=CYLINDRICAL_SURFACE('',#1357,2.);
#263=CYLINDRICAL_SURFACE('',#1380,1.55);
#264=CYLINDRICAL_SURFACE('',#1383,1.55);
#265=CYLINDRICAL_SURFACE('',#1384,1.55);
#266=CYLINDRICAL_SURFACE('',#1387,1.55);
#267=CYLINDRICAL_SURFACE('',#1388,1.55);
#268=CYLINDRICAL_SURFACE('',#1391,1.55);
#269=CYLINDRICAL_SURFACE('',#1392,1.05);
#270=CYLINDRICAL_SURFACE('',#1393,1.05);
#271=CYLINDRICAL_SURFACE('',#1394,1.05);
#272=CYLINDRICAL_SURFACE('',#1395,1.05);
#273=CYLINDRICAL_SURFACE('',#1396,1.55);
#274=FACE_OUTER_BOUND('',#343,.T.);
#275=FACE_OUTER_BOUND('',#344,.T.);
#276=FACE_OUTER_BOUND('',#345,.T.);
#277=FACE_OUTER_BOUND('',#351,.T.);
#278=FACE_OUTER_BOUND('',#352,.T.);
#279=FACE_OUTER_BOUND('',#353,.T.);
#280=FACE_OUTER_BOUND('',#354,.T.);
#281=FACE_OUTER_BOUND('',#355,.T.);
#282=FACE_OUTER_BOUND('',#356,.T.);
#283=FACE_OUTER_BOUND('',#357,.T.);
#284=FACE_OUTER_BOUND('',#358,.T.);
#285=FACE_OUTER_BOUND('',#359,.T.);
#286=FACE_OUTER_BOUND('',#360,.T.);
#287=FACE_OUTER_BOUND('',#361,.T.);
#288=FACE_OUTER_BOUND('',#362,.T.);
#289=FACE_OUTER_BOUND('',#363,.T.);
#290=FACE_OUTER_BOUND('',#364,.T.);
#291=FACE_OUTER_BOUND('',#365,.T.);
#292=FACE_OUTER_BOUND('',#366,.T.);
#293=FACE_OUTER_BOUND('',#370,.T.);
#294=FACE_OUTER_BOUND('',#371,.T.);
#295=FACE_OUTER_BOUND('',#372,.T.);
#296=FACE_OUTER_BOUND('',#373,.T.);
#297=FACE_OUTER_BOUND('',#374,.T.);
#298=FACE_OUTER_BOUND('',#375,.T.);
#299=FACE_OUTER_BOUND('',#379,.T.);
#300=FACE_OUTER_BOUND('',#380,.T.);
#301=FACE_OUTER_BOUND('',#381,.T.);
#302=FACE_OUTER_BOUND('',#382,.T.);
#303=FACE_OUTER_BOUND('',#386,.T.);
#304=FACE_OUTER_BOUND('',#387,.T.);
#305=FACE_OUTER_BOUND('',#388,.T.);
#306=FACE_OUTER_BOUND('',#389,.T.);
#307=FACE_OUTER_BOUND('',#390,.T.);
#308=FACE_OUTER_BOUND('',#392,.T.);
#309=FACE_OUTER_BOUND('',#394,.T.);
#310=FACE_OUTER_BOUND('',#395,.T.);
#311=FACE_OUTER_BOUND('',#397,.T.);
#312=FACE_OUTER_BOUND('',#398,.T.);
#313=FACE_OUTER_BOUND('',#399,.T.);
#314=FACE_OUTER_BOUND('',#400,.T.);
#315=FACE_OUTER_BOUND('',#401,.T.);
#316=FACE_OUTER_BOUND('',#402,.T.);
#317=FACE_OUTER_BOUND('',#403,.T.);
#318=FACE_OUTER_BOUND('',#404,.T.);
#319=FACE_OUTER_BOUND('',#405,.T.);
#320=FACE_OUTER_BOUND('',#409,.T.);
#321=FACE_OUTER_BOUND('',#410,.T.);
#322=FACE_OUTER_BOUND('',#411,.T.);
#323=FACE_OUTER_BOUND('',#412,.T.);
#324=FACE_OUTER_BOUND('',#414,.T.);
#325=FACE_OUTER_BOUND('',#416,.T.);
#326=FACE_OUTER_BOUND('',#418,.T.);
#327=FACE_OUTER_BOUND('',#420,.T.);
#328=FACE_OUTER_BOUND('',#421,.T.);
#329=FACE_OUTER_BOUND('',#422,.T.);
#330=FACE_OUTER_BOUND('',#423,.T.);
#331=FACE_OUTER_BOUND('',#424,.T.);
#332=FACE_OUTER_BOUND('',#425,.T.);
#333=FACE_OUTER_BOUND('',#426,.T.);
#334=FACE_OUTER_BOUND('',#427,.T.);
#335=FACE_OUTER_BOUND('',#428,.T.);
#336=FACE_OUTER_BOUND('',#429,.T.);
#337=FACE_OUTER_BOUND('',#430,.T.);
#338=FACE_OUTER_BOUND('',#431,.T.);
#339=FACE_OUTER_BOUND('',#432,.T.);
#340=FACE_OUTER_BOUND('',#433,.T.);
#341=FACE_OUTER_BOUND('',#434,.T.);
#342=FACE_OUTER_BOUND('',#436,.T.);
#343=EDGE_LOOP('',(#797,#798,#799,#800,#801));
#344=EDGE_LOOP('',(#802,#803,#804,#805,#806));
#345=EDGE_LOOP('',(#807,#808,#809,#810));
#346=EDGE_LOOP('',(#811));
#347=EDGE_LOOP('',(#812));
#348=EDGE_LOOP('',(#813));
#349=EDGE_LOOP('',(#814));
#350=EDGE_LOOP('',(#815));
#351=EDGE_LOOP('',(#816,#817,#818));
#352=EDGE_LOOP('',(#819,#820,#821,#822));
#353=EDGE_LOOP('',(#823,#824,#825,#826));
#354=EDGE_LOOP('',(#827,#828,#829,#830,#831));
#355=EDGE_LOOP('',(#832,#833,#834,#835));
#356=EDGE_LOOP('',(#836,#837,#838,#839,#840,#841));
#357=EDGE_LOOP('',(#842,#843,#844));
#358=EDGE_LOOP('',(#845,#846,#847,#848));
#359=EDGE_LOOP('',(#849,#850,#851,#852));
#360=EDGE_LOOP('',(#853,#854,#855,#856));
#361=EDGE_LOOP('',(#857,#858,#859,#860,#861));
#362=EDGE_LOOP('',(#862,#863,#864,#865));
#363=EDGE_LOOP('',(#866,#867,#868));
#364=EDGE_LOOP('',(#869,#870,#871,#872));
#365=EDGE_LOOP('',(#873,#874,#875,#876));
#366=EDGE_LOOP('',(#877,#878,#879,#880,#881,#882));
#367=EDGE_LOOP('',(#883));
#368=EDGE_LOOP('',(#884));
#369=EDGE_LOOP('',(#885));
#370=EDGE_LOOP('',(#886,#887,#888));
#371=EDGE_LOOP('',(#889,#890,#891,#892));
#372=EDGE_LOOP('',(#893,#894,#895,#896));
#373=EDGE_LOOP('',(#897,#898,#899,#900));
#374=EDGE_LOOP('',(#901,#902,#903,#904,#905));
#375=EDGE_LOOP('',(#906,#907,#908,#909,#910,#911,#912,#913,#914,#915,#916,
#917,#918,#919,#920,#921,#922,#923));
#376=EDGE_LOOP('',(#924));
#377=EDGE_LOOP('',(#925));
#378=EDGE_LOOP('',(#926));
#379=EDGE_LOOP('',(#927,#928,#929,#930,#931));
#380=EDGE_LOOP('',(#932,#933,#934,#935));
#381=EDGE_LOOP('',(#936,#937,#938,#939));
#382=EDGE_LOOP('',(#940,#941,#942,#943,#944,#945));
#383=EDGE_LOOP('',(#946));
#384=EDGE_LOOP('',(#947));
#385=EDGE_LOOP('',(#948));
#386=EDGE_LOOP('',(#949,#950,#951,#952,#953));
#387=EDGE_LOOP('',(#954,#955,#956,#957,#958));
#388=EDGE_LOOP('',(#959,#960,#961,#962,#963));
#389=EDGE_LOOP('',(#964,#965,#966,#967,#968));
#390=EDGE_LOOP('',(#969));
#391=EDGE_LOOP('',(#970));
#392=EDGE_LOOP('',(#971));
#393=EDGE_LOOP('',(#972));
#394=EDGE_LOOP('',(#973,#974,#975,#976));
#395=EDGE_LOOP('',(#977));
#396=EDGE_LOOP('',(#978));
#397=EDGE_LOOP('',(#979,#980,#981,#982,#983,#984));
#398=EDGE_LOOP('',(#985,#986,#987,#988,#989));
#399=EDGE_LOOP('',(#990,#991,#992,#993,#994));
#400=EDGE_LOOP('',(#995,#996,#997,#998,#999));
#401=EDGE_LOOP('',(#1000,#1001,#1002,#1003,#1004));
#402=EDGE_LOOP('',(#1005,#1006,#1007,#1008,#1009));
#403=EDGE_LOOP('',(#1010,#1011,#1012,#1013,#1014,#1015));
#404=EDGE_LOOP('',(#1016,#1017,#1018,#1019,#1020));
#405=EDGE_LOOP('',(#1021,#1022,#1023,#1024,#1025,#1026,#1027,#1028,#1029,
#1030));
#406=EDGE_LOOP('',(#1031));
#407=EDGE_LOOP('',(#1032));
#408=EDGE_LOOP('',(#1033));
#409=EDGE_LOOP('',(#1034,#1035,#1036,#1037,#1038));
#410=EDGE_LOOP('',(#1039,#1040,#1041,#1042,#1043,#1044,#1045,#1046,#1047,
#1048,#1049,#1050,#1051,#1052,#1053,#1054,#1055,#1056,#1057));
#411=EDGE_LOOP('',(#1058,#1059,#1060,#1061,#1062,#1063,#1064,#1065,#1066,
#1067,#1068,#1069));
#412=EDGE_LOOP('',(#1070));
#413=EDGE_LOOP('',(#1071));
#414=EDGE_LOOP('',(#1072));
#415=EDGE_LOOP('',(#1073));
#416=EDGE_LOOP('',(#1074));
#417=EDGE_LOOP('',(#1075));
#418=EDGE_LOOP('',(#1076));
#419=EDGE_LOOP('',(#1077));
#420=EDGE_LOOP('',(#1078,#1079,#1080,#1081));
#421=EDGE_LOOP('',(#1082,#1083,#1084,#1085,#1086,#1087));
#422=EDGE_LOOP('',(#1088,#1089,#1090,#1091));
#423=EDGE_LOOP('',(#1092,#1093,#1094,#1095));
#424=EDGE_LOOP('',(#1096,#1097,#1098,#1099,#1100,#1101));
#425=EDGE_LOOP('',(#1102,#1103,#1104,#1105));
#426=EDGE_LOOP('',(#1106,#1107,#1108,#1109));
#427=EDGE_LOOP('',(#1110,#1111,#1112,#1113,#1114,#1115));
#428=EDGE_LOOP('',(#1116,#1117,#1118,#1119));
#429=EDGE_LOOP('',(#1120,#1121,#1122,#1123));
#430=EDGE_LOOP('',(#1124,#1125,#1126,#1127));
#431=EDGE_LOOP('',(#1128,#1129,#1130,#1131));
#432=EDGE_LOOP('',(#1132,#1133,#1134,#1135));
#433=EDGE_LOOP('',(#1136,#1137,#1138,#1139));
#434=EDGE_LOOP('',(#1140));
#435=EDGE_LOOP('',(#1141));
#436=EDGE_LOOP('',(#1142,#1143,#1144,#1145,#1146));
#437=CIRCLE('',#1248,5.);
#438=CIRCLE('',#1249,5.);
#439=CIRCLE('',#1250,1.5);
#440=CIRCLE('',#1251,6.5);
#441=CIRCLE('',#1253,5.);
#442=CIRCLE('',#1255,1.05);
#443=CIRCLE('',#1256,1.05);
#444=CIRCLE('',#1257,1.05);
#445=CIRCLE('',#1258,1.05);
#446=CIRCLE('',#1259,0.3);
#447=CIRCLE('',#1260,0.300000000000001);
#448=CIRCLE('',#1266,1.);
#449=CIRCLE('',#1270,0.300000000000003);
#450=CIRCLE('',#1271,0.300000000000002);
#451=CIRCLE('',#1278,1.);
#452=CIRCLE('',#1280,0.3);
#453=CIRCLE('',#1281,0.299999999999997);
#454=CIRCLE('',#1290,0.3);
#455=CIRCLE('',#1291,0.3);
#456=CIRCLE('',#1297,1.);
#457=CIRCLE('',#1299,2.5);
#458=CIRCLE('',#1300,2.5);
#459=CIRCLE('',#1301,2.5);
#460=CIRCLE('',#1302,2.5);
#461=CIRCLE('',#1303,5.61162247654455);
#462=CIRCLE('',#1304,2.5);
#463=CIRCLE('',#1305,2.5);
#464=CIRCLE('',#1307,1.);
#465=CIRCLE('',#1315,0.3);
#466=CIRCLE('',#1316,5.31162247654455);
#467=CIRCLE('',#1317,5.31162247654455);
#468=CIRCLE('',#1319,5.31162247654455);
#469=CIRCLE('',#1321,3.4);
#470=CIRCLE('',#1322,0.3);
#471=CIRCLE('',#1323,3.1);
#472=CIRCLE('',#1324,3.1);
#473=CIRCLE('',#1326,3.1);
#474=CIRCLE('',#1329,1.55);
#475=CIRCLE('',#1331,2.9);
#476=CIRCLE('',#1332,0.5);
#477=CIRCLE('',#1333,2.4);
#478=CIRCLE('',#1336,0.5);
#479=CIRCLE('',#1337,2.);
#480=CIRCLE('',#1338,2.);
#481=CIRCLE('',#1340,2.);
#482=CIRCLE('',#1342,0.5);
#483=CIRCLE('',#1343,2.);
#484=CIRCLE('',#1344,2.);
#485=CIRCLE('',#1346,2.);
#486=CIRCLE('',#1348,0.5);
#487=CIRCLE('',#1349,2.);
#488=CIRCLE('',#1350,2.);
#489=CIRCLE('',#1352,2.);
#490=CIRCLE('',#1354,0.5);
#491=CIRCLE('',#1355,2.);
#492=CIRCLE('',#1356,2.);
#493=CIRCLE('',#1358,2.);
#494=CIRCLE('',#1360,1.55);
#495=CIRCLE('',#1361,1.55);
#496=CIRCLE('',#1362,1.55);
#497=CIRCLE('',#1365,3.15);
#498=CIRCLE('',#1366,3.15);
#499=CIRCLE('',#1367,3.15);
#500=CIRCLE('',#1368,3.15);
#501=CIRCLE('',#1369,3.15);
#502=CIRCLE('',#1370,3.15);
#503=CIRCLE('',#1373,1.05);
#504=CIRCLE('',#1375,1.05);
#505=CIRCLE('',#1377,1.05);
#506=CIRCLE('',#1379,1.05);
#507=CIRCLE('',#1381,1.55);
#508=CIRCLE('',#1385,1.55);
#509=CIRCLE('',#1389,1.55);
#510=CIRCLE('',#1397,1.55);
#511=VERTEX_POINT('',#1782);
#512=VERTEX_POINT('',#1783);
#513=VERTEX_POINT('',#1786);
#514=VERTEX_POINT('',#1790);
#515=VERTEX_POINT('',#1794);
#516=VERTEX_POINT('',#1795);
#517=VERTEX_POINT('',#1797);
#518=VERTEX_POINT('',#1799);
#519=VERTEX_POINT('',#1802);
#520=VERTEX_POINT('',#1804);
#521=VERTEX_POINT('',#1806);
#522=VERTEX_POINT('',#1808);
#523=VERTEX_POINT('',#1842);
#524=VERTEX_POINT('',#1843);
#525=VERTEX_POINT('',#1845);
#526=VERTEX_POINT('',#1882);
#527=VERTEX_POINT('',#1883);
#528=VERTEX_POINT('',#1888);
#529=VERTEX_POINT('',#1889);
#530=VERTEX_POINT('',#1894);
#531=VERTEX_POINT('',#1896);
#532=VERTEX_POINT('',#1900);
#533=VERTEX_POINT('',#1904);
#534=VERTEX_POINT('',#1906);
#535=VERTEX_POINT('',#1908);
#536=VERTEX_POINT('',#1943);
#537=VERTEX_POINT('',#1944);
#538=VERTEX_POINT('',#1946);
#539=VERTEX_POINT('',#1983);
#540=VERTEX_POINT('',#1984);
#541=VERTEX_POINT('',#1989);
#542=VERTEX_POINT('',#1990);
#543=VERTEX_POINT('',#1995);
#544=VERTEX_POINT('',#1997);
#545=VERTEX_POINT('',#2001);
#546=VERTEX_POINT('',#2005);
#547=VERTEX_POINT('',#2007);
#548=VERTEX_POINT('',#2049);
#549=VERTEX_POINT('',#2079);
#550=VERTEX_POINT('',#2080);
#551=VERTEX_POINT('',#2085);
#552=VERTEX_POINT('',#2086);
#553=VERTEX_POINT('',#2092);
#554=VERTEX_POINT('',#2094);
#555=VERTEX_POINT('',#2096);
#556=VERTEX_POINT('',#2130);
#557=VERTEX_POINT('',#2131);
#558=VERTEX_POINT('',#2133);
#559=VERTEX_POINT('',#2170);
#560=VERTEX_POINT('',#2171);
#561=VERTEX_POINT('',#2179);
#562=VERTEX_POINT('',#2183);
#563=VERTEX_POINT('',#2188);
#564=VERTEX_POINT('',#2190);
#565=VERTEX_POINT('',#2192);
#566=VERTEX_POINT('',#2195);
#567=VERTEX_POINT('',#2198);
#568=VERTEX_POINT('',#2200);
#569=VERTEX_POINT('',#2202);
#570=VERTEX_POINT('',#2204);
#571=VERTEX_POINT('',#2207);
#572=VERTEX_POINT('',#2210);
#573=VERTEX_POINT('',#2212);
#574=VERTEX_POINT('',#2214);
#575=VERTEX_POINT('',#2217);
#576=VERTEX_POINT('',#2221);
#577=VERTEX_POINT('',#2227);
#578=VERTEX_POINT('',#2229);
#579=VERTEX_POINT('',#2231);
#580=VERTEX_POINT('',#2234);
#581=VERTEX_POINT('',#2236);
#582=VERTEX_POINT('',#2240);
#583=VERTEX_POINT('',#2244);
#584=VERTEX_POINT('',#2246);
#585=VERTEX_POINT('',#2248);
#586=VERTEX_POINT('',#2252);
#587=VERTEX_POINT('',#2257);
#588=VERTEX_POINT('',#2260);
#589=VERTEX_POINT('',#2262);
#590=VERTEX_POINT('',#2267);
#591=VERTEX_POINT('',#2269);
#592=VERTEX_POINT('',#2273);
#593=VERTEX_POINT('',#2277);
#594=VERTEX_POINT('',#2279);
#595=VERTEX_POINT('',#2283);
#596=VERTEX_POINT('',#2287);
#597=VERTEX_POINT('',#2289);
#598=VERTEX_POINT('',#2293);
#599=VERTEX_POINT('',#2297);
#600=VERTEX_POINT('',#2299);
#601=VERTEX_POINT('',#2303);
#602=VERTEX_POINT('',#2309);
#603=VERTEX_POINT('',#2311);
#604=VERTEX_POINT('',#2313);
#605=VERTEX_POINT('',#2318);
#606=VERTEX_POINT('',#2320);
#607=VERTEX_POINT('',#2322);
#608=VERTEX_POINT('',#2324);
#609=VERTEX_POINT('',#2326);
#610=VERTEX_POINT('',#2328);
#611=VERTEX_POINT('',#2330);
#612=VERTEX_POINT('',#2332);
#613=VERTEX_POINT('',#2334);
#614=VERTEX_POINT('',#2349);
#615=VERTEX_POINT('',#2352);
#616=VERTEX_POINT('',#2355);
#617=VERTEX_POINT('',#2358);
#618=VERTEX_POINT('',#2361);
#619=VERTEX_POINT('',#2369);
#620=VERTEX_POINT('',#2377);
#621=VERTEX_POINT('',#2393);
#622=EDGE_CURVE('',#511,#512,#437,.T.);
#623=EDGE_CURVE('',#512,#511,#438,.T.);
#624=EDGE_CURVE('',#511,#513,#439,.T.);
#625=EDGE_CURVE('',#513,#513,#440,.T.);
#626=EDGE_CURVE('',#514,#514,#441,.T.);
#627=EDGE_CURVE('',#514,#512,#102,.T.);
#628=EDGE_CURVE('',#515,#516,#103,.T.);
#629=EDGE_CURVE('',#516,#517,#104,.T.);
#630=EDGE_CURVE('',#518,#517,#105,.T.);
#631=EDGE_CURVE('',#515,#518,#106,.T.);
#632=EDGE_CURVE('',#519,#519,#442,.T.);
#633=EDGE_CURVE('',#520,#520,#443,.T.);
#634=EDGE_CURVE('',#521,#521,#444,.T.);
#635=EDGE_CURVE('',#522,#522,#445,.T.);
#636=EDGE_CURVE('',#523,#524,#446,.T.);
#637=EDGE_CURVE('',#524,#525,#39,.T.);
#638=EDGE_CURVE('',#525,#523,#40,.T.);
#639=EDGE_CURVE('',#526,#527,#447,.T.);
#640=EDGE_CURVE('',#527,#524,#21,.T.);
#641=EDGE_CURVE('',#523,#526,#22,.T.);
#642=EDGE_CURVE('',#528,#529,#23,.T.);
#643=EDGE_CURVE('',#529,#527,#107,.T.);
#644=EDGE_CURVE('',#526,#528,#108,.T.);
#645=EDGE_CURVE('',#527,#530,#109,.T.);
#646=EDGE_CURVE('',#530,#531,#448,.T.);
#647=EDGE_CURVE('',#531,#525,#110,.T.);
#648=EDGE_CURVE('',#532,#529,#111,.T.);
#649=EDGE_CURVE('',#530,#532,#112,.T.);
#650=EDGE_CURVE('',#533,#528,#113,.T.);
#651=EDGE_CURVE('',#534,#533,#24,.T.);
#652=EDGE_CURVE('',#534,#535,#114,.T.);
#653=EDGE_CURVE('',#535,#532,#115,.T.);
#654=EDGE_CURVE('',#536,#537,#449,.T.);
#655=EDGE_CURVE('',#537,#538,#41,.T.);
#656=EDGE_CURVE('',#538,#536,#42,.T.);
#657=EDGE_CURVE('',#539,#540,#450,.T.);
#658=EDGE_CURVE('',#540,#537,#25,.T.);
#659=EDGE_CURVE('',#536,#539,#26,.T.);
#660=EDGE_CURVE('',#541,#542,#27,.T.);
#661=EDGE_CURVE('',#542,#540,#116,.T.);
#662=EDGE_CURVE('',#539,#541,#117,.T.);
#663=EDGE_CURVE('',#543,#539,#118,.T.);
#664=EDGE_CURVE('',#544,#543,#119,.T.);
#665=EDGE_CURVE('',#541,#544,#120,.T.);
#666=EDGE_CURVE('',#538,#545,#121,.T.);
#667=EDGE_CURVE('',#545,#543,#451,.T.);
#668=EDGE_CURVE('',#537,#546,#122,.T.);
#669=EDGE_CURVE('',#547,#546,#43,.T.);
#670=EDGE_CURVE('',#538,#547,#123,.T.);
#671=EDGE_CURVE('',#546,#548,#452,.T.);
#672=EDGE_CURVE('',#548,#547,#44,.T.);
#673=EDGE_CURVE('',#549,#550,#453,.T.);
#674=EDGE_CURVE('',#550,#548,#28,.T.);
#675=EDGE_CURVE('',#546,#549,#29,.T.);
#676=EDGE_CURVE('',#551,#552,#30,.T.);
#677=EDGE_CURVE('',#552,#550,#124,.T.);
#678=EDGE_CURVE('',#549,#551,#125,.T.);
#679=EDGE_CURVE('',#551,#542,#126,.T.);
#680=EDGE_CURVE('',#553,#553,#31,.T.);
#681=EDGE_CURVE('',#554,#554,#32,.T.);
#682=EDGE_CURVE('',#555,#555,#33,.T.);
#683=EDGE_CURVE('',#556,#557,#454,.T.);
#684=EDGE_CURVE('',#557,#558,#45,.T.);
#685=EDGE_CURVE('',#558,#556,#46,.T.);
#686=EDGE_CURVE('',#559,#560,#455,.T.);
#687=EDGE_CURVE('',#560,#557,#34,.T.);
#688=EDGE_CURVE('',#556,#559,#35,.T.);
#689=EDGE_CURVE('',#533,#560,#127,.T.);
#690=EDGE_CURVE('',#559,#534,#128,.T.);
#691=EDGE_CURVE('',#561,#559,#129,.T.);
#692=EDGE_CURVE('',#535,#561,#130,.T.);
#693=EDGE_CURVE('',#558,#562,#131,.T.);
#694=EDGE_CURVE('',#562,#561,#456,.T.);
#695=EDGE_CURVE('',#525,#558,#132,.T.);
#696=EDGE_CURVE('',#563,#531,#133,.T.);
#697=EDGE_CURVE('',#564,#563,#134,.T.);
#698=EDGE_CURVE('',#565,#564,#457,.T.);
#699=EDGE_CURVE('',#564,#565,#458,.T.);
#700=EDGE_CURVE('',#566,#564,#135,.T.);
#701=EDGE_CURVE('',#545,#566,#136,.T.);
#702=EDGE_CURVE('',#567,#547,#137,.T.);
#703=EDGE_CURVE('',#568,#567,#138,.T.);
#704=EDGE_CURVE('',#569,#568,#139,.T.);
#705=EDGE_CURVE('',#570,#569,#459,.T.);
#706=EDGE_CURVE('',#569,#570,#460,.T.);
#707=EDGE_CURVE('',#571,#569,#140,.T.);
#708=EDGE_CURVE('',#562,#571,#141,.T.);
#709=EDGE_CURVE('',#572,#572,#461,.T.);
#710=EDGE_CURVE('',#573,#573,#462,.T.);
#711=EDGE_CURVE('',#574,#574,#463,.T.);
#712=EDGE_CURVE('',#550,#575,#142,.T.);
#713=EDGE_CURVE('',#575,#567,#464,.T.);
#714=EDGE_CURVE('',#576,#552,#143,.T.);
#715=EDGE_CURVE('',#575,#576,#144,.T.);
#716=EDGE_CURVE('',#557,#523,#145,.F.);
#717=EDGE_CURVE('',#577,#577,#36,.T.);
#718=EDGE_CURVE('',#578,#578,#37,.T.);
#719=EDGE_CURVE('',#579,#579,#38,.T.);
#720=EDGE_CURVE('',#572,#580,#465,.T.);
#721=EDGE_CURVE('',#580,#581,#466,.T.);
#722=EDGE_CURVE('',#581,#580,#467,.T.);
#723=EDGE_CURVE('',#581,#582,#146,.T.);
#724=EDGE_CURVE('',#582,#582,#468,.T.);
#725=EDGE_CURVE('',#583,#583,#469,.T.);
#726=EDGE_CURVE('',#583,#584,#470,.T.);
#727=EDGE_CURVE('',#584,#585,#471,.T.);
#728=EDGE_CURVE('',#585,#584,#472,.T.);
#729=EDGE_CURVE('',#585,#586,#147,.T.);
#730=EDGE_CURVE('',#586,#586,#473,.T.);
#731=EDGE_CURVE('',#587,#587,#474,.T.);
#732=EDGE_CURVE('',#588,#588,#475,.T.);
#733=EDGE_CURVE('',#588,#589,#476,.T.);
#734=EDGE_CURVE('',#589,#589,#477,.T.);
#735=EDGE_CURVE('',#565,#590,#478,.T.);
#736=EDGE_CURVE('',#590,#591,#479,.T.);
#737=EDGE_CURVE('',#591,#590,#480,.T.);
#738=EDGE_CURVE('',#591,#592,#148,.T.);
#739=EDGE_CURVE('',#592,#592,#481,.T.);
#740=EDGE_CURVE('',#573,#593,#482,.T.);
#741=EDGE_CURVE('',#593,#594,#483,.T.);
#742=EDGE_CURVE('',#594,#593,#484,.T.);
#743=EDGE_CURVE('',#594,#595,#149,.T.);
#744=EDGE_CURVE('',#595,#595,#485,.T.);
#745=EDGE_CURVE('',#574,#596,#486,.T.);
#746=EDGE_CURVE('',#596,#597,#487,.T.);
#747=EDGE_CURVE('',#597,#596,#488,.T.);
#748=EDGE_CURVE('',#597,#598,#150,.T.);
#749=EDGE_CURVE('',#598,#598,#489,.T.);
#750=EDGE_CURVE('',#570,#599,#490,.T.);
#751=EDGE_CURVE('',#599,#600,#491,.T.);
#752=EDGE_CURVE('',#600,#599,#492,.T.);
#753=EDGE_CURVE('',#600,#601,#151,.T.);
#754=EDGE_CURVE('',#601,#601,#493,.T.);
#755=EDGE_CURVE('',#571,#515,#152,.T.);
#756=EDGE_CURVE('',#563,#518,#153,.T.);
#757=EDGE_CURVE('',#602,#602,#494,.T.);
#758=EDGE_CURVE('',#603,#603,#495,.T.);
#759=EDGE_CURVE('',#604,#604,#496,.T.);
#760=EDGE_CURVE('',#516,#568,#154,.T.);
#761=EDGE_CURVE('',#576,#605,#155,.T.);
#762=EDGE_CURVE('',#605,#606,#497,.T.);
#763=EDGE_CURVE('',#606,#607,#498,.T.);
#764=EDGE_CURVE('',#607,#608,#156,.T.);
#765=EDGE_CURVE('',#608,#609,#499,.T.);
#766=EDGE_CURVE('',#609,#610,#500,.T.);
#767=EDGE_CURVE('',#610,#611,#157,.T.);
#768=EDGE_CURVE('',#611,#612,#501,.T.);
#769=EDGE_CURVE('',#612,#613,#502,.T.);
#770=EDGE_CURVE('',#613,#544,#158,.T.);
#771=EDGE_CURVE('',#517,#566,#159,.T.);
#772=EDGE_CURVE('',#613,#611,#18,.T.);
#773=EDGE_CURVE('',#610,#608,#19,.T.);
#774=EDGE_CURVE('',#607,#605,#20,.T.);
#775=EDGE_CURVE('',#614,#614,#503,.T.);
#776=EDGE_CURVE('',#615,#615,#504,.T.);
#777=EDGE_CURVE('',#616,#616,#505,.T.);
#778=EDGE_CURVE('',#617,#617,#506,.T.);
#779=EDGE_CURVE('',#618,#618,#507,.T.);
#780=EDGE_CURVE('',#618,#555,#160,.T.);
#781=EDGE_CURVE('',#612,#618,#161,.T.);
#782=EDGE_CURVE('',#577,#604,#162,.T.);
#783=EDGE_CURVE('',#619,#619,#508,.T.);
#784=EDGE_CURVE('',#619,#554,#163,.T.);
#785=EDGE_CURVE('',#609,#619,#164,.T.);
#786=EDGE_CURVE('',#578,#603,#165,.T.);
#787=EDGE_CURVE('',#620,#620,#509,.T.);
#788=EDGE_CURVE('',#620,#553,#166,.T.);
#789=EDGE_CURVE('',#606,#620,#167,.T.);
#790=EDGE_CURVE('',#579,#602,#168,.T.);
#791=EDGE_CURVE('',#522,#615,#169,.T.);
#792=EDGE_CURVE('',#521,#617,#170,.T.);
#793=EDGE_CURVE('',#520,#614,#171,.T.);
#794=EDGE_CURVE('',#519,#616,#172,.T.);
#795=EDGE_CURVE('',#621,#621,#510,.T.);
#796=EDGE_CURVE('',#621,#587,#173,.T.);
#797=ORIENTED_EDGE('',*,*,#622,.T.);
#798=ORIENTED_EDGE('',*,*,#623,.T.);
#799=ORIENTED_EDGE('',*,*,#624,.T.);
#800=ORIENTED_EDGE('',*,*,#625,.T.);
#801=ORIENTED_EDGE('',*,*,#624,.F.);
#802=ORIENTED_EDGE('',*,*,#626,.T.);
#803=ORIENTED_EDGE('',*,*,#627,.T.);
#804=ORIENTED_EDGE('',*,*,#622,.F.);
#805=ORIENTED_EDGE('',*,*,#623,.F.);
#806=ORIENTED_EDGE('',*,*,#627,.F.);
#807=ORIENTED_EDGE('',*,*,#628,.T.);
#808=ORIENTED_EDGE('',*,*,#629,.T.);
#809=ORIENTED_EDGE('',*,*,#630,.F.);
#810=ORIENTED_EDGE('',*,*,#631,.F.);
#811=ORIENTED_EDGE('',*,*,#632,.T.);
#812=ORIENTED_EDGE('',*,*,#633,.T.);
#813=ORIENTED_EDGE('',*,*,#634,.T.);
#814=ORIENTED_EDGE('',*,*,#635,.T.);
#815=ORIENTED_EDGE('',*,*,#625,.F.);
#816=ORIENTED_EDGE('',*,*,#636,.T.);
#817=ORIENTED_EDGE('',*,*,#637,.T.);
#818=ORIENTED_EDGE('',*,*,#638,.T.);
#819=ORIENTED_EDGE('',*,*,#639,.T.);
#820=ORIENTED_EDGE('',*,*,#640,.T.);
#821=ORIENTED_EDGE('',*,*,#636,.F.);
#822=ORIENTED_EDGE('',*,*,#641,.T.);
#823=ORIENTED_EDGE('',*,*,#642,.T.);
#824=ORIENTED_EDGE('',*,*,#643,.T.);
#825=ORIENTED_EDGE('',*,*,#639,.F.);
#826=ORIENTED_EDGE('',*,*,#644,.T.);
#827=ORIENTED_EDGE('',*,*,#637,.F.);
#828=ORIENTED_EDGE('',*,*,#640,.F.);
#829=ORIENTED_EDGE('',*,*,#645,.T.);
#830=ORIENTED_EDGE('',*,*,#646,.T.);
#831=ORIENTED_EDGE('',*,*,#647,.T.);
#832=ORIENTED_EDGE('',*,*,#643,.F.);
#833=ORIENTED_EDGE('',*,*,#648,.F.);
#834=ORIENTED_EDGE('',*,*,#649,.F.);
#835=ORIENTED_EDGE('',*,*,#645,.F.);
#836=ORIENTED_EDGE('',*,*,#642,.F.);
#837=ORIENTED_EDGE('',*,*,#650,.F.);
#838=ORIENTED_EDGE('',*,*,#651,.F.);
#839=ORIENTED_EDGE('',*,*,#652,.T.);
#840=ORIENTED_EDGE('',*,*,#653,.T.);
#841=ORIENTED_EDGE('',*,*,#648,.T.);
#842=ORIENTED_EDGE('',*,*,#654,.T.);
#843=ORIENTED_EDGE('',*,*,#655,.T.);
#844=ORIENTED_EDGE('',*,*,#656,.T.);
#845=ORIENTED_EDGE('',*,*,#657,.T.);
#846=ORIENTED_EDGE('',*,*,#658,.T.);
#847=ORIENTED_EDGE('',*,*,#654,.F.);
#848=ORIENTED_EDGE('',*,*,#659,.T.);
#849=ORIENTED_EDGE('',*,*,#660,.T.);
#850=ORIENTED_EDGE('',*,*,#661,.T.);
#851=ORIENTED_EDGE('',*,*,#657,.F.);
#852=ORIENTED_EDGE('',*,*,#662,.T.);
#853=ORIENTED_EDGE('',*,*,#662,.F.);
#854=ORIENTED_EDGE('',*,*,#663,.F.);
#855=ORIENTED_EDGE('',*,*,#664,.F.);
#856=ORIENTED_EDGE('',*,*,#665,.F.);
#857=ORIENTED_EDGE('',*,*,#659,.F.);
#858=ORIENTED_EDGE('',*,*,#656,.F.);
#859=ORIENTED_EDGE('',*,*,#666,.T.);
#860=ORIENTED_EDGE('',*,*,#667,.T.);
#861=ORIENTED_EDGE('',*,*,#663,.T.);
#862=ORIENTED_EDGE('',*,*,#655,.F.);
#863=ORIENTED_EDGE('',*,*,#668,.T.);
#864=ORIENTED_EDGE('',*,*,#669,.F.);
#865=ORIENTED_EDGE('',*,*,#670,.F.);
#866=ORIENTED_EDGE('',*,*,#671,.T.);
#867=ORIENTED_EDGE('',*,*,#672,.T.);
#868=ORIENTED_EDGE('',*,*,#669,.T.);
#869=ORIENTED_EDGE('',*,*,#673,.T.);
#870=ORIENTED_EDGE('',*,*,#674,.T.);
#871=ORIENTED_EDGE('',*,*,#671,.F.);
#872=ORIENTED_EDGE('',*,*,#675,.T.);
#873=ORIENTED_EDGE('',*,*,#676,.T.);
#874=ORIENTED_EDGE('',*,*,#677,.T.);
#875=ORIENTED_EDGE('',*,*,#673,.F.);
#876=ORIENTED_EDGE('',*,*,#678,.T.);
#877=ORIENTED_EDGE('',*,*,#661,.F.);
#878=ORIENTED_EDGE('',*,*,#679,.F.);
#879=ORIENTED_EDGE('',*,*,#678,.F.);
#880=ORIENTED_EDGE('',*,*,#675,.F.);
#881=ORIENTED_EDGE('',*,*,#668,.F.);
#882=ORIENTED_EDGE('',*,*,#658,.F.);
#883=ORIENTED_EDGE('',*,*,#680,.T.);
#884=ORIENTED_EDGE('',*,*,#681,.T.);
#885=ORIENTED_EDGE('',*,*,#682,.T.);
#886=ORIENTED_EDGE('',*,*,#683,.T.);
#887=ORIENTED_EDGE('',*,*,#684,.T.);
#888=ORIENTED_EDGE('',*,*,#685,.T.);
#889=ORIENTED_EDGE('',*,*,#686,.T.);
#890=ORIENTED_EDGE('',*,*,#687,.T.);
#891=ORIENTED_EDGE('',*,*,#683,.F.);
#892=ORIENTED_EDGE('',*,*,#688,.T.);
#893=ORIENTED_EDGE('',*,*,#651,.T.);
#894=ORIENTED_EDGE('',*,*,#689,.T.);
#895=ORIENTED_EDGE('',*,*,#686,.F.);
#896=ORIENTED_EDGE('',*,*,#690,.T.);
#897=ORIENTED_EDGE('',*,*,#690,.F.);
#898=ORIENTED_EDGE('',*,*,#691,.F.);
#899=ORIENTED_EDGE('',*,*,#692,.F.);
#900=ORIENTED_EDGE('',*,*,#652,.F.);
#901=ORIENTED_EDGE('',*,*,#688,.F.);
#902=ORIENTED_EDGE('',*,*,#685,.F.);
#903=ORIENTED_EDGE('',*,*,#693,.T.);
#904=ORIENTED_EDGE('',*,*,#694,.T.);
#905=ORIENTED_EDGE('',*,*,#691,.T.);
#906=ORIENTED_EDGE('',*,*,#693,.F.);
#907=ORIENTED_EDGE('',*,*,#695,.F.);
#908=ORIENTED_EDGE('',*,*,#647,.F.);
#909=ORIENTED_EDGE('',*,*,#696,.F.);
#910=ORIENTED_EDGE('',*,*,#697,.F.);
#911=ORIENTED_EDGE('',*,*,#698,.F.);
#912=ORIENTED_EDGE('',*,*,#699,.F.);
#913=ORIENTED_EDGE('',*,*,#700,.F.);
#914=ORIENTED_EDGE('',*,*,#701,.F.);
#915=ORIENTED_EDGE('',*,*,#666,.F.);
#916=ORIENTED_EDGE('',*,*,#670,.T.);
#917=ORIENTED_EDGE('',*,*,#702,.F.);
#918=ORIENTED_EDGE('',*,*,#703,.F.);
#919=ORIENTED_EDGE('',*,*,#704,.F.);
#920=ORIENTED_EDGE('',*,*,#705,.F.);
#921=ORIENTED_EDGE('',*,*,#706,.F.);
#922=ORIENTED_EDGE('',*,*,#707,.F.);
#923=ORIENTED_EDGE('',*,*,#708,.F.);
#924=ORIENTED_EDGE('',*,*,#709,.F.);
#925=ORIENTED_EDGE('',*,*,#710,.F.);
#926=ORIENTED_EDGE('',*,*,#711,.F.);
#927=ORIENTED_EDGE('',*,*,#674,.F.);
#928=ORIENTED_EDGE('',*,*,#712,.T.);
#929=ORIENTED_EDGE('',*,*,#713,.T.);
#930=ORIENTED_EDGE('',*,*,#702,.T.);
#931=ORIENTED_EDGE('',*,*,#672,.F.);
#932=ORIENTED_EDGE('',*,*,#677,.F.);
#933=ORIENTED_EDGE('',*,*,#714,.F.);
#934=ORIENTED_EDGE('',*,*,#715,.F.);
#935=ORIENTED_EDGE('',*,*,#712,.F.);
#936=ORIENTED_EDGE('',*,*,#638,.F.);
#937=ORIENTED_EDGE('',*,*,#695,.T.);
#938=ORIENTED_EDGE('',*,*,#684,.F.);
#939=ORIENTED_EDGE('',*,*,#716,.T.);
#940=ORIENTED_EDGE('',*,*,#641,.F.);
#941=ORIENTED_EDGE('',*,*,#716,.F.);
#942=ORIENTED_EDGE('',*,*,#687,.F.);
#943=ORIENTED_EDGE('',*,*,#689,.F.);
#944=ORIENTED_EDGE('',*,*,#650,.T.);
#945=ORIENTED_EDGE('',*,*,#644,.F.);
#946=ORIENTED_EDGE('',*,*,#717,.T.);
#947=ORIENTED_EDGE('',*,*,#718,.T.);
#948=ORIENTED_EDGE('',*,*,#719,.T.);
#949=ORIENTED_EDGE('',*,*,#709,.T.);
#950=ORIENTED_EDGE('',*,*,#720,.T.);
#951=ORIENTED_EDGE('',*,*,#721,.T.);
#952=ORIENTED_EDGE('',*,*,#722,.T.);
#953=ORIENTED_EDGE('',*,*,#720,.F.);
#954=ORIENTED_EDGE('',*,*,#722,.F.);
#955=ORIENTED_EDGE('',*,*,#723,.T.);
#956=ORIENTED_EDGE('',*,*,#724,.T.);
#957=ORIENTED_EDGE('',*,*,#723,.F.);
#958=ORIENTED_EDGE('',*,*,#721,.F.);
#959=ORIENTED_EDGE('',*,*,#725,.T.);
#960=ORIENTED_EDGE('',*,*,#726,.T.);
#961=ORIENTED_EDGE('',*,*,#727,.T.);
#962=ORIENTED_EDGE('',*,*,#728,.T.);
#963=ORIENTED_EDGE('',*,*,#726,.F.);
#964=ORIENTED_EDGE('',*,*,#727,.F.);
#965=ORIENTED_EDGE('',*,*,#728,.F.);
#966=ORIENTED_EDGE('',*,*,#729,.T.);
#967=ORIENTED_EDGE('',*,*,#730,.T.);
#968=ORIENTED_EDGE('',*,*,#729,.F.);
#969=ORIENTED_EDGE('',*,*,#724,.F.);
#970=ORIENTED_EDGE('',*,*,#725,.F.);
#971=ORIENTED_EDGE('',*,*,#730,.F.);
#972=ORIENTED_EDGE('',*,*,#731,.F.);
#973=ORIENTED_EDGE('',*,*,#732,.T.);
#974=ORIENTED_EDGE('',*,*,#733,.T.);
#975=ORIENTED_EDGE('',*,*,#734,.F.);
#976=ORIENTED_EDGE('',*,*,#733,.F.);
#977=ORIENTED_EDGE('',*,*,#626,.F.);
#978=ORIENTED_EDGE('',*,*,#732,.F.);
#979=ORIENTED_EDGE('',*,*,#699,.T.);
#980=ORIENTED_EDGE('',*,*,#735,.T.);
#981=ORIENTED_EDGE('',*,*,#736,.T.);
#982=ORIENTED_EDGE('',*,*,#737,.T.);
#983=ORIENTED_EDGE('',*,*,#735,.F.);
#984=ORIENTED_EDGE('',*,*,#698,.T.);
#985=ORIENTED_EDGE('',*,*,#736,.F.);
#986=ORIENTED_EDGE('',*,*,#737,.F.);
#987=ORIENTED_EDGE('',*,*,#738,.T.);
#988=ORIENTED_EDGE('',*,*,#739,.T.);
#989=ORIENTED_EDGE('',*,*,#738,.F.);
#990=ORIENTED_EDGE('',*,*,#710,.T.);
#991=ORIENTED_EDGE('',*,*,#740,.T.);
#992=ORIENTED_EDGE('',*,*,#741,.T.);
#993=ORIENTED_EDGE('',*,*,#742,.T.);
#994=ORIENTED_EDGE('',*,*,#740,.F.);
#995=ORIENTED_EDGE('',*,*,#741,.F.);
#996=ORIENTED_EDGE('',*,*,#742,.F.);
#997=ORIENTED_EDGE('',*,*,#743,.T.);
#998=ORIENTED_EDGE('',*,*,#744,.T.);
#999=ORIENTED_EDGE('',*,*,#743,.F.);
#1000=ORIENTED_EDGE('',*,*,#711,.T.);
#1001=ORIENTED_EDGE('',*,*,#745,.T.);
#1002=ORIENTED_EDGE('',*,*,#746,.T.);
#1003=ORIENTED_EDGE('',*,*,#747,.T.);
#1004=ORIENTED_EDGE('',*,*,#745,.F.);
#1005=ORIENTED_EDGE('',*,*,#746,.F.);
#1006=ORIENTED_EDGE('',*,*,#747,.F.);
#1007=ORIENTED_EDGE('',*,*,#748,.T.);
#1008=ORIENTED_EDGE('',*,*,#749,.T.);
#1009=ORIENTED_EDGE('',*,*,#748,.F.);
#1010=ORIENTED_EDGE('',*,*,#706,.T.);
#1011=ORIENTED_EDGE('',*,*,#750,.T.);
#1012=ORIENTED_EDGE('',*,*,#751,.T.);
#1013=ORIENTED_EDGE('',*,*,#752,.T.);
#1014=ORIENTED_EDGE('',*,*,#750,.F.);
#1015=ORIENTED_EDGE('',*,*,#705,.T.);
#1016=ORIENTED_EDGE('',*,*,#751,.F.);
#1017=ORIENTED_EDGE('',*,*,#752,.F.);
#1018=ORIENTED_EDGE('',*,*,#753,.T.);
#1019=ORIENTED_EDGE('',*,*,#754,.T.);
#1020=ORIENTED_EDGE('',*,*,#753,.F.);
#1021=ORIENTED_EDGE('',*,*,#692,.T.);
#1022=ORIENTED_EDGE('',*,*,#694,.F.);
#1023=ORIENTED_EDGE('',*,*,#708,.T.);
#1024=ORIENTED_EDGE('',*,*,#755,.T.);
#1025=ORIENTED_EDGE('',*,*,#631,.T.);
#1026=ORIENTED_EDGE('',*,*,#756,.F.);
#1027=ORIENTED_EDGE('',*,*,#696,.T.);
#1028=ORIENTED_EDGE('',*,*,#646,.F.);
#1029=ORIENTED_EDGE('',*,*,#649,.T.);
#1030=ORIENTED_EDGE('',*,*,#653,.F.);
#1031=ORIENTED_EDGE('',*,*,#757,.T.);
#1032=ORIENTED_EDGE('',*,*,#758,.T.);
#1033=ORIENTED_EDGE('',*,*,#759,.T.);
#1034=ORIENTED_EDGE('',*,*,#707,.T.);
#1035=ORIENTED_EDGE('',*,*,#704,.T.);
#1036=ORIENTED_EDGE('',*,*,#760,.F.);
#1037=ORIENTED_EDGE('',*,*,#628,.F.);
#1038=ORIENTED_EDGE('',*,*,#755,.F.);
#1039=ORIENTED_EDGE('',*,*,#703,.T.);
#1040=ORIENTED_EDGE('',*,*,#713,.F.);
#1041=ORIENTED_EDGE('',*,*,#715,.T.);
#1042=ORIENTED_EDGE('',*,*,#761,.T.);
#1043=ORIENTED_EDGE('',*,*,#762,.T.);
#1044=ORIENTED_EDGE('',*,*,#763,.T.);
#1045=ORIENTED_EDGE('',*,*,#764,.T.);
#1046=ORIENTED_EDGE('',*,*,#765,.T.);
#1047=ORIENTED_EDGE('',*,*,#766,.T.);
#1048=ORIENTED_EDGE('',*,*,#767,.T.);
#1049=ORIENTED_EDGE('',*,*,#768,.T.);
#1050=ORIENTED_EDGE('',*,*,#769,.T.);
#1051=ORIENTED_EDGE('',*,*,#770,.T.);
#1052=ORIENTED_EDGE('',*,*,#664,.T.);
#1053=ORIENTED_EDGE('',*,*,#667,.F.);
#1054=ORIENTED_EDGE('',*,*,#701,.T.);
#1055=ORIENTED_EDGE('',*,*,#771,.F.);
#1056=ORIENTED_EDGE('',*,*,#629,.F.);
#1057=ORIENTED_EDGE('',*,*,#760,.T.);
#1058=ORIENTED_EDGE('',*,*,#660,.F.);
#1059=ORIENTED_EDGE('',*,*,#665,.T.);
#1060=ORIENTED_EDGE('',*,*,#770,.F.);
#1061=ORIENTED_EDGE('',*,*,#772,.T.);
#1062=ORIENTED_EDGE('',*,*,#767,.F.);
#1063=ORIENTED_EDGE('',*,*,#773,.T.);
#1064=ORIENTED_EDGE('',*,*,#764,.F.);
#1065=ORIENTED_EDGE('',*,*,#774,.T.);
#1066=ORIENTED_EDGE('',*,*,#761,.F.);
#1067=ORIENTED_EDGE('',*,*,#714,.T.);
#1068=ORIENTED_EDGE('',*,*,#676,.F.);
#1069=ORIENTED_EDGE('',*,*,#679,.T.);
#1070=ORIENTED_EDGE('',*,*,#744,.F.);
#1071=ORIENTED_EDGE('',*,*,#775,.F.);
#1072=ORIENTED_EDGE('',*,*,#749,.F.);
#1073=ORIENTED_EDGE('',*,*,#776,.F.);
#1074=ORIENTED_EDGE('',*,*,#739,.F.);
#1075=ORIENTED_EDGE('',*,*,#777,.F.);
#1076=ORIENTED_EDGE('',*,*,#754,.F.);
#1077=ORIENTED_EDGE('',*,*,#778,.F.);
#1078=ORIENTED_EDGE('',*,*,#779,.T.);
#1079=ORIENTED_EDGE('',*,*,#780,.T.);
#1080=ORIENTED_EDGE('',*,*,#682,.F.);
#1081=ORIENTED_EDGE('',*,*,#780,.F.);
#1082=ORIENTED_EDGE('',*,*,#772,.F.);
#1083=ORIENTED_EDGE('',*,*,#769,.F.);
#1084=ORIENTED_EDGE('',*,*,#781,.T.);
#1085=ORIENTED_EDGE('',*,*,#779,.F.);
#1086=ORIENTED_EDGE('',*,*,#781,.F.);
#1087=ORIENTED_EDGE('',*,*,#768,.F.);
#1088=ORIENTED_EDGE('',*,*,#717,.F.);
#1089=ORIENTED_EDGE('',*,*,#782,.T.);
#1090=ORIENTED_EDGE('',*,*,#759,.F.);
#1091=ORIENTED_EDGE('',*,*,#782,.F.);
#1092=ORIENTED_EDGE('',*,*,#783,.T.);
#1093=ORIENTED_EDGE('',*,*,#784,.T.);
#1094=ORIENTED_EDGE('',*,*,#681,.F.);
#1095=ORIENTED_EDGE('',*,*,#784,.F.);
#1096=ORIENTED_EDGE('',*,*,#773,.F.);
#1097=ORIENTED_EDGE('',*,*,#766,.F.);
#1098=ORIENTED_EDGE('',*,*,#785,.T.);
#1099=ORIENTED_EDGE('',*,*,#783,.F.);
#1100=ORIENTED_EDGE('',*,*,#785,.F.);
#1101=ORIENTED_EDGE('',*,*,#765,.F.);
#1102=ORIENTED_EDGE('',*,*,#718,.F.);
#1103=ORIENTED_EDGE('',*,*,#786,.T.);
#1104=ORIENTED_EDGE('',*,*,#758,.F.);
#1105=ORIENTED_EDGE('',*,*,#786,.F.);
#1106=ORIENTED_EDGE('',*,*,#787,.T.);
#1107=ORIENTED_EDGE('',*,*,#788,.T.);
#1108=ORIENTED_EDGE('',*,*,#680,.F.);
#1109=ORIENTED_EDGE('',*,*,#788,.F.);
#1110=ORIENTED_EDGE('',*,*,#774,.F.);
#1111=ORIENTED_EDGE('',*,*,#763,.F.);
#1112=ORIENTED_EDGE('',*,*,#789,.T.);
#1113=ORIENTED_EDGE('',*,*,#787,.F.);
#1114=ORIENTED_EDGE('',*,*,#789,.F.);
#1115=ORIENTED_EDGE('',*,*,#762,.F.);
#1116=ORIENTED_EDGE('',*,*,#719,.F.);
#1117=ORIENTED_EDGE('',*,*,#790,.T.);
#1118=ORIENTED_EDGE('',*,*,#757,.F.);
#1119=ORIENTED_EDGE('',*,*,#790,.F.);
#1120=ORIENTED_EDGE('',*,*,#635,.F.);
#1121=ORIENTED_EDGE('',*,*,#791,.T.);
#1122=ORIENTED_EDGE('',*,*,#776,.T.);
#1123=ORIENTED_EDGE('',*,*,#791,.F.);
#1124=ORIENTED_EDGE('',*,*,#634,.F.);
#1125=ORIENTED_EDGE('',*,*,#792,.T.);
#1126=ORIENTED_EDGE('',*,*,#778,.T.);
#1127=ORIENTED_EDGE('',*,*,#792,.F.);
#1128=ORIENTED_EDGE('',*,*,#633,.F.);
#1129=ORIENTED_EDGE('',*,*,#793,.T.);
#1130=ORIENTED_EDGE('',*,*,#775,.T.);
#1131=ORIENTED_EDGE('',*,*,#793,.F.);
#1132=ORIENTED_EDGE('',*,*,#632,.F.);
#1133=ORIENTED_EDGE('',*,*,#794,.T.);
#1134=ORIENTED_EDGE('',*,*,#777,.T.);
#1135=ORIENTED_EDGE('',*,*,#794,.F.);
#1136=ORIENTED_EDGE('',*,*,#795,.F.);
#1137=ORIENTED_EDGE('',*,*,#796,.T.);
#1138=ORIENTED_EDGE('',*,*,#731,.T.);
#1139=ORIENTED_EDGE('',*,*,#796,.F.);
#1140=ORIENTED_EDGE('',*,*,#734,.T.);
#1141=ORIENTED_EDGE('',*,*,#795,.T.);
#1142=ORIENTED_EDGE('',*,*,#700,.T.);
#1143=ORIENTED_EDGE('',*,*,#697,.T.);
#1144=ORIENTED_EDGE('',*,*,#756,.T.);
#1145=ORIENTED_EDGE('',*,*,#630,.T.);
#1146=ORIENTED_EDGE('',*,*,#771,.T.);
#1147=TOROIDAL_SURFACE('',#1247,6.5,1.5);
#1148=TOROIDAL_SURFACE('',#1314,5.61162247654455,0.3);
#1149=TOROIDAL_SURFACE('',#1320,3.4,0.3);
#1150=TOROIDAL_SURFACE('',#1330,2.9,0.5);
#1151=TOROIDAL_SURFACE('',#1335,2.5,0.5);
#1152=TOROIDAL_SURFACE('',#1341,2.5,0.5);
#1153=TOROIDAL_SURFACE('',#1347,2.5,0.5);
#1154=TOROIDAL_SURFACE('',#1353,2.5,0.5);
#1155=ADVANCED_FACE('',(#274),#1147,.F.);
#1156=ADVANCED_FACE('',(#275),#246,.T.);
#1157=ADVANCED_FACE('',(#276,#55,#56,#57,#58,#59),#80,.T.);
#1158=ADVANCED_FACE('',(#277),#47,.F.);
#1159=ADVANCED_FACE('',(#278),#48,.F.);
#1160=ADVANCED_FACE('',(#279),#247,.T.);
#1161=ADVANCED_FACE('',(#280),#248,.F.);
#1162=ADVANCED_FACE('',(#281),#81,.F.);
#1163=ADVANCED_FACE('',(#282),#82,.T.);
#1164=ADVANCED_FACE('',(#283),#49,.F.);
#1165=ADVANCED_FACE('',(#284),#50,.F.);
#1166=ADVANCED_FACE('',(#285),#249,.T.);
#1167=ADVANCED_FACE('',(#286),#83,.F.);
#1168=ADVANCED_FACE('',(#287),#250,.F.);
#1169=ADVANCED_FACE('',(#288),#251,.F.);
#1170=ADVANCED_FACE('',(#289),#51,.F.);
#1171=ADVANCED_FACE('',(#290),#52,.F.);
#1172=ADVANCED_FACE('',(#291),#252,.T.);
#1173=ADVANCED_FACE('',(#292,#60,#61,#62),#84,.T.);
#1174=ADVANCED_FACE('',(#293),#53,.F.);
#1175=ADVANCED_FACE('',(#294),#54,.F.);
#1176=ADVANCED_FACE('',(#295),#253,.T.);
#1177=ADVANCED_FACE('',(#296),#85,.F.);
#1178=ADVANCED_FACE('',(#297),#254,.F.);
#1179=ADVANCED_FACE('',(#298,#63,#64,#65),#86,.T.);
#1180=ADVANCED_FACE('',(#299),#255,.F.);
#1181=ADVANCED_FACE('',(#300),#87,.F.);
#1182=ADVANCED_FACE('',(#301),#256,.F.);
#1183=ADVANCED_FACE('',(#302,#66,#67,#68),#88,.T.);
#1184=ADVANCED_FACE('',(#303),#1148,.T.);
#1185=ADVANCED_FACE('',(#304),#257,.F.);
#1186=ADVANCED_FACE('',(#305),#1149,.T.);
#1187=ADVANCED_FACE('',(#306),#258,.F.);
#1188=ADVANCED_FACE('',(#307,#69),#89,.T.);
#1189=ADVANCED_FACE('',(#308,#70),#90,.T.);
#1190=ADVANCED_FACE('',(#309),#1150,.F.);
#1191=ADVANCED_FACE('',(#310,#71),#91,.T.);
#1192=ADVANCED_FACE('',(#311),#1151,.T.);
#1193=ADVANCED_FACE('',(#312),#259,.F.);
#1194=ADVANCED_FACE('',(#313),#1152,.T.);
#1195=ADVANCED_FACE('',(#314),#260,.F.);
#1196=ADVANCED_FACE('',(#315),#1153,.T.);
#1197=ADVANCED_FACE('',(#316),#261,.F.);
#1198=ADVANCED_FACE('',(#317),#1154,.T.);
#1199=ADVANCED_FACE('',(#318),#262,.F.);
#1200=ADVANCED_FACE('',(#319,#72,#73,#74),#92,.T.);
#1201=ADVANCED_FACE('',(#320),#93,.F.);
#1202=ADVANCED_FACE('',(#321),#94,.T.);
#1203=ADVANCED_FACE('',(#322),#95,.T.);
#1204=ADVANCED_FACE('',(#323,#75),#96,.T.);
#1205=ADVANCED_FACE('',(#324,#76),#97,.T.);
#1206=ADVANCED_FACE('',(#325,#77),#98,.T.);
#1207=ADVANCED_FACE('',(#326,#78),#99,.T.);
#1208=ADVANCED_FACE('',(#327),#263,.F.);
#1209=ADVANCED_FACE('',(#328),#15,.F.);
#1210=ADVANCED_FACE('',(#329),#264,.F.);
#1211=ADVANCED_FACE('',(#330),#265,.F.);
#1212=ADVANCED_FACE('',(#331),#16,.F.);
#1213=ADVANCED_FACE('',(#332),#266,.F.);
#1214=ADVANCED_FACE('',(#333),#267,.F.);
#1215=ADVANCED_FACE('',(#334),#17,.F.);
#1216=ADVANCED_FACE('',(#335),#268,.F.);
#1217=ADVANCED_FACE('',(#336),#269,.F.);
#1218=ADVANCED_FACE('',(#337),#270,.F.);
#1219=ADVANCED_FACE('',(#338),#271,.F.);
#1220=ADVANCED_FACE('',(#339),#272,.F.);
#1221=ADVANCED_FACE('',(#340),#273,.F.);
#1222=ADVANCED_FACE('',(#341,#79),#100,.T.);
#1223=ADVANCED_FACE('',(#342),#101,.T.);
#1224=CLOSED_SHELL('',(#1155,#1156,#1157,#1158,#1159,#1160,#1161,#1162,
#1163,#1164,#1165,#1166,#1167,#1168,#1169,#1170,#1171,#1172,#1173,#1174,
#1175,#1176,#1177,#1178,#1179,#1180,#1181,#1182,#1183,#1184,#1185,#1186,
#1187,#1188,#1189,#1190,#1191,#1192,#1193,#1194,#1195,#1196,#1197,#1198,
#1199,#1200,#1201,#1202,#1203,#1204,#1205,#1206,#1207,#1208,#1209,#1210,
#1211,#1212,#1213,#1214,#1215,#1216,#1217,#1218,#1219,#1220,#1221,#1222,
#1223));
#1225=DERIVED_UNIT_ELEMENT(#1228,1.);
#1226=DERIVED_UNIT_ELEMENT(#2403,-3.);
#1227=DIMENSIONAL_EXPONENTS(0.,1.,0.,0.,0.,0.,0.);
#1228=(
CONVERSION_BASED_UNIT('gram',#1230)
MASS_UNIT()
NAMED_UNIT(#1227)
);
#1229=(
MASS_UNIT()
NAMED_UNIT(*)
SI_UNIT(.KILO.,.GRAM.)
);
#1230=MASS_MEASURE_WITH_UNIT(MASS_MEASURE(0.001),#1229);
#1231=DERIVED_UNIT((#1225,#1226));
#1232=MEASURE_REPRESENTATION_ITEM('density measure',
POSITIVE_RATIO_MEASURE(1.),#1231);
#1233=PROPERTY_DEFINITION_REPRESENTATION(#1238,#1235);
#1234=PROPERTY_DEFINITION_REPRESENTATION(#1239,#1236);
#1235=REPRESENTATION('material name',(#1237),#2400);
#1236=REPRESENTATION('density',(#1232),#2400);
#1237=DESCRIPTIVE_REPRESENTATION_ITEM('\X2\4E00822C\X0\','\X2\4E00822C\X0\');
#1238=PROPERTY_DEFINITION('material property','material name',#2410);
#1239=PROPERTY_DEFINITION('material property','density of part',#2410);
#1240=DATE_TIME_ROLE('creation_date');
#1241=APPLIED_DATE_AND_TIME_ASSIGNMENT(#1242,#1240,(#2410));
#1242=DATE_AND_TIME(#1243,#1244);
#1243=CALENDAR_DATE(2025,26,6);
#1244=LOCAL_TIME(0,0,0.,#1245);
#1245=COORDINATED_UNIVERSAL_TIME_OFFSET(0,0,.BEHIND.);
#1246=AXIS2_PLACEMENT_3D('',#1780,#1400,#1401);
#1247=AXIS2_PLACEMENT_3D('',#1781,#1402,#1403);
#1248=AXIS2_PLACEMENT_3D('',#1784,#1404,#1405);
#1249=AXIS2_PLACEMENT_3D('',#1785,#1406,#1407);
#1250=AXIS2_PLACEMENT_3D('',#1787,#1408,#1409);
#1251=AXIS2_PLACEMENT_3D('',#1788,#1410,#1411);
#1252=AXIS2_PLACEMENT_3D('',#1789,#1412,#1413);
#1253=AXIS2_PLACEMENT_3D('',#1791,#1414,#1415);
#1254=AXIS2_PLACEMENT_3D('',#1793,#1417,#1418);
#1255=AXIS2_PLACEMENT_3D('',#1803,#1423,#1424);
#1256=AXIS2_PLACEMENT_3D('',#1805,#1425,#1426);
#1257=AXIS2_PLACEMENT_3D('',#1807,#1427,#1428);
#1258=AXIS2_PLACEMENT_3D('',#1809,#1429,#1430);
#1259=AXIS2_PLACEMENT_3D('',#1844,#1431,#1432);
#1260=AXIS2_PLACEMENT_3D('',#1884,#1433,#1434);
#1261=AXIS2_PLACEMENT_3D('',#1885,#1435,#1436);
#1262=AXIS2_PLACEMENT_3D('',#1886,#1437,#1438);
#1263=AXIS2_PLACEMENT_3D('',#1887,#1439,#1440);
#1264=AXIS2_PLACEMENT_3D('',#1890,#1441,#1442);
#1265=AXIS2_PLACEMENT_3D('',#1893,#1445,#1446);
#1266=AXIS2_PLACEMENT_3D('',#1897,#1448,#1449);
#1267=AXIS2_PLACEMENT_3D('',#1899,#1451,#1452);
#1268=AXIS2_PLACEMENT_3D('',#1903,#1455,#1456);
#1269=AXIS2_PLACEMENT_3D('',#1907,#1458,#1459);
#1270=AXIS2_PLACEMENT_3D('',#1945,#1462,#1463);
#1271=AXIS2_PLACEMENT_3D('',#1985,#1464,#1465);
#1272=AXIS2_PLACEMENT_3D('',#1986,#1466,#1467);
#1273=AXIS2_PLACEMENT_3D('',#1987,#1468,#1469);
#1274=AXIS2_PLACEMENT_3D('',#1988,#1470,#1471);
#1275=AXIS2_PLACEMENT_3D('',#1991,#1472,#1473);
#1276=AXIS2_PLACEMENT_3D('',#1994,#1476,#1477);
#1277=AXIS2_PLACEMENT_3D('',#2000,#1481,#1482);
#1278=AXIS2_PLACEMENT_3D('',#2003,#1484,#1485);
#1279=AXIS2_PLACEMENT_3D('',#2004,#1486,#1487);
#1280=AXIS2_PLACEMENT_3D('',#2050,#1490,#1491);
#1281=AXIS2_PLACEMENT_3D('',#2081,#1492,#1493);
#1282=AXIS2_PLACEMENT_3D('',#2082,#1494,#1495);
#1283=AXIS2_PLACEMENT_3D('',#2083,#1496,#1497);
#1284=AXIS2_PLACEMENT_3D('',#2084,#1498,#1499);
#1285=AXIS2_PLACEMENT_3D('',#2087,#1500,#1501);
#1286=AXIS2_PLACEMENT_3D('',#2090,#1504,#1505);
#1287=AXIS2_PLACEMENT_3D('',#2093,#1507,#1508);
#1288=AXIS2_PLACEMENT_3D('',#2095,#1509,#1510);
#1289=AXIS2_PLACEMENT_3D('',#2097,#1511,#1512);
#1290=AXIS2_PLACEMENT_3D('',#2132,#1513,#1514);
#1291=AXIS2_PLACEMENT_3D('',#2172,#1515,#1516);
#1292=AXIS2_PLACEMENT_3D('',#2173,#1517,#1518);
#1293=AXIS2_PLACEMENT_3D('',#2174,#1519,#1520);
#1294=AXIS2_PLACEMENT_3D('',#2175,#1521,#1522);
#1295=AXIS2_PLACEMENT_3D('',#2178,#1525,#1526);
#1296=AXIS2_PLACEMENT_3D('',#2182,#1529,#1530);
#1297=AXIS2_PLACEMENT_3D('',#2185,#1532,#1533);
#1298=AXIS2_PLACEMENT_3D('',#2186,#1534,#1535);
#1299=AXIS2_PLACEMENT_3D('',#2193,#1539,#1540);
#1300=AXIS2_PLACEMENT_3D('',#2194,#1541,#1542);
#1301=AXIS2_PLACEMENT_3D('',#2205,#1548,#1549);
#1302=AXIS2_PLACEMENT_3D('',#2206,#1550,#1551);
#1303=AXIS2_PLACEMENT_3D('',#2211,#1554,#1555);
#1304=AXIS2_PLACEMENT_3D('',#2213,#1556,#1557);
#1305=AXIS2_PLACEMENT_3D('',#2215,#1558,#1559);
#1306=AXIS2_PLACEMENT_3D('',#2216,#1560,#1561);
#1307=AXIS2_PLACEMENT_3D('',#2219,#1563,#1564);
#1308=AXIS2_PLACEMENT_3D('',#2220,#1565,#1566);
#1309=AXIS2_PLACEMENT_3D('',#2224,#1569,#1570);
#1310=AXIS2_PLACEMENT_3D('',#2226,#1572,#1573);
#1311=AXIS2_PLACEMENT_3D('',#2228,#1574,#1575);
#1312=AXIS2_PLACEMENT_3D('',#2230,#1576,#1577);
#1313=AXIS2_PLACEMENT_3D('',#2232,#1578,#1579);
#1314=AXIS2_PLACEMENT_3D('',#2233,#1580,#1581);
#1315=AXIS2_PLACEMENT_3D('',#2235,#1582,#1583);
#1316=AXIS2_PLACEMENT_3D('',#2237,#1584,#1585);
#1317=AXIS2_PLACEMENT_3D('',#2238,#1586,#1587);
#1318=AXIS2_PLACEMENT_3D('',#2239,#1588,#1589);
#1319=AXIS2_PLACEMENT_3D('',#2242,#1591,#1592);
#1320=AXIS2_PLACEMENT_3D('',#2243,#1593,#1594);
#1321=AXIS2_PLACEMENT_3D('',#2245,#1595,#1596);
#1322=AXIS2_PLACEMENT_3D('',#2247,#1597,#1598);
#1323=AXIS2_PLACEMENT_3D('',#2249,#1599,#1600);
#1324=AXIS2_PLACEMENT_3D('',#2250,#1601,#1602);
#1325=AXIS2_PLACEMENT_3D('',#2251,#1603,#1604);
#1326=AXIS2_PLACEMENT_3D('',#2254,#1606,#1607);
#1327=AXIS2_PLACEMENT_3D('',#2255,#1608,#1609);
#1328=AXIS2_PLACEMENT_3D('',#2256,#1610,#1611);
#1329=AXIS2_PLACEMENT_3D('',#2258,#1612,#1613);
#1330=AXIS2_PLACEMENT_3D('',#2259,#1614,#1615);
#1331=AXIS2_PLACEMENT_3D('',#2261,#1616,#1617);
#1332=AXIS2_PLACEMENT_3D('',#2263,#1618,#1619);
#1333=AXIS2_PLACEMENT_3D('',#2264,#1620,#1621);
#1334=AXIS2_PLACEMENT_3D('',#2265,#1622,#1623);
#1335=AXIS2_PLACEMENT_3D('',#2266,#1624,#1625);
#1336=AXIS2_PLACEMENT_3D('',#2268,#1626,#1627);
#1337=AXIS2_PLACEMENT_3D('',#2270,#1628,#1629);
#1338=AXIS2_PLACEMENT_3D('',#2271,#1630,#1631);
#1339=AXIS2_PLACEMENT_3D('',#2272,#1632,#1633);
#1340=AXIS2_PLACEMENT_3D('',#2275,#1635,#1636);
#1341=AXIS2_PLACEMENT_3D('',#2276,#1637,#1638);
#1342=AXIS2_PLACEMENT_3D('',#2278,#1639,#1640);
#1343=AXIS2_PLACEMENT_3D('',#2280,#1641,#1642);
#1344=AXIS2_PLACEMENT_3D('',#2281,#1643,#1644);
#1345=AXIS2_PLACEMENT_3D('',#2282,#1645,#1646);
#1346=AXIS2_PLACEMENT_3D('',#2285,#1648,#1649);
#1347=AXIS2_PLACEMENT_3D('',#2286,#1650,#1651);
#1348=AXIS2_PLACEMENT_3D('',#2288,#1652,#1653);
#1349=AXIS2_PLACEMENT_3D('',#2290,#1654,#1655);
#1350=AXIS2_PLACEMENT_3D('',#2291,#1656,#1657);
#1351=AXIS2_PLACEMENT_3D('',#2292,#1658,#1659);
#1352=AXIS2_PLACEMENT_3D('',#2295,#1661,#1662);
#1353=AXIS2_PLACEMENT_3D('',#2296,#1663,#1664);
#1354=AXIS2_PLACEMENT_3D('',#2298,#1665,#1666);
#1355=AXIS2_PLACEMENT_3D('',#2300,#1667,#1668);
#1356=AXIS2_PLACEMENT_3D('',#2301,#1669,#1670);
#1357=AXIS2_PLACEMENT_3D('',#2302,#1671,#1672);
#1358=AXIS2_PLACEMENT_3D('',#2305,#1674,#1675);
#1359=AXIS2_PLACEMENT_3D('',#2306,#1676,#1677);
#1360=AXIS2_PLACEMENT_3D('',#2310,#1680,#1681);
#1361=AXIS2_PLACEMENT_3D('',#2312,#1682,#1683);
#1362=AXIS2_PLACEMENT_3D('',#2314,#1684,#1685);
#1363=AXIS2_PLACEMENT_3D('',#2315,#1686,#1687);
#1364=AXIS2_PLACEMENT_3D('',#2317,#1689,#1690);
#1365=AXIS2_PLACEMENT_3D('',#2321,#1692,#1693);
#1366=AXIS2_PLACEMENT_3D('',#2323,#1694,#1695);
#1367=AXIS2_PLACEMENT_3D('',#2327,#1697,#1698);
#1368=AXIS2_PLACEMENT_3D('',#2329,#1699,#1700);
#1369=AXIS2_PLACEMENT_3D('',#2333,#1702,#1703);
#1370=AXIS2_PLACEMENT_3D('',#2335,#1704,#1705);
#1371=AXIS2_PLACEMENT_3D('',#2338,#1708,#1709);
#1372=AXIS2_PLACEMENT_3D('',#2348,#1710,#1711);
#1373=AXIS2_PLACEMENT_3D('',#2350,#1712,#1713);
#1374=AXIS2_PLACEMENT_3D('',#2351,#1714,#1715);
#1375=AXIS2_PLACEMENT_3D('',#2353,#1716,#1717);
#1376=AXIS2_PLACEMENT_3D('',#2354,#1718,#1719);
#1377=AXIS2_PLACEMENT_3D('',#2356,#1720,#1721);
#1378=AXIS2_PLACEMENT_3D('',#2357,#1722,#1723);
#1379=AXIS2_PLACEMENT_3D('',#2359,#1724,#1725);
#1380=AXIS2_PLACEMENT_3D('',#2360,#1726,#1727);
#1381=AXIS2_PLACEMENT_3D('',#2362,#1728,#1729);
#1382=AXIS2_PLACEMENT_3D('',#2364,#1731,#1732);
#1383=AXIS2_PLACEMENT_3D('',#2366,#1734,#1735);
#1384=AXIS2_PLACEMENT_3D('',#2368,#1737,#1738);
#1385=AXIS2_PLACEMENT_3D('',#2370,#1739,#1740);
#1386=AXIS2_PLACEMENT_3D('',#2372,#1742,#1743);
#1387=AXIS2_PLACEMENT_3D('',#2374,#1745,#1746);
#1388=AXIS2_PLACEMENT_3D('',#2376,#1748,#1749);
#1389=AXIS2_PLACEMENT_3D('',#2378,#1750,#1751);
#1390=AXIS2_PLACEMENT_3D('',#2380,#1753,#1754);
#1391=AXIS2_PLACEMENT_3D('',#2382,#1756,#1757);
#1392=AXIS2_PLACEMENT_3D('',#2384,#1759,#1760);
#1393=AXIS2_PLACEMENT_3D('',#2386,#1762,#1763);
#1394=AXIS2_PLACEMENT_3D('',#2388,#1765,#1766);
#1395=AXIS2_PLACEMENT_3D('',#2390,#1768,#1769);
#1396=AXIS2_PLACEMENT_3D('',#2392,#1771,#1772);
#1397=AXIS2_PLACEMENT_3D('',#2394,#1773,#1774);
#1398=AXIS2_PLACEMENT_3D('',#2396,#1776,#1777);
#1399=AXIS2_PLACEMENT_3D('',#2397,#1778,#1779);
#1400=DIRECTION('axis',(0.,0.,1.));
#1401=DIRECTION('refdir',(1.,0.,0.));
#1402=DIRECTION('center_axis',(0.,0.,1.));
#1403=DIRECTION('ref_axis',(1.,0.,0.));
#1404=DIRECTION('center_axis',(0.,0.,1.));
#1405=DIRECTION('ref_axis',(1.,0.,0.));
#1406=DIRECTION('center_axis',(0.,0.,1.));
#1407=DIRECTION('ref_axis',(1.,0.,0.));
#1408=DIRECTION('center_axis',(0.,-1.,0.));
#1409=DIRECTION('ref_axis',(-1.,0.,0.));
#1410=DIRECTION('center_axis',(0.,0.,-1.));
#1411=DIRECTION('ref_axis',(1.,0.,0.));
#1412=DIRECTION('center_axis',(0.,0.,-1.));
#1413=DIRECTION('ref_axis',(-1.,0.,0.));
#1414=DIRECTION('center_axis',(0.,0.,1.));
#1415=DIRECTION('ref_axis',(-1.,0.,0.));
#1416=DIRECTION('',(0.,0.,1.));
#1417=DIRECTION('center_axis',(0.,0.,-1.));
#1418=DIRECTION('ref_axis',(-1.,0.,0.));
#1419=DIRECTION('',(-1.,0.,0.));
#1420=DIRECTION('',(0.,1.,0.));
#1421=DIRECTION('',(-1.,0.,0.));
#1422=DIRECTION('',(0.,1.,0.));
#1423=DIRECTION('center_axis',(0.,0.,1.));
#1424=DIRECTION('ref_axis',(-1.,0.,0.));
#1425=DIRECTION('center_axis',(0.,0.,1.));
#1426=DIRECTION('ref_axis',(-1.,0.,0.));
#1427=DIRECTION('center_axis',(0.,0.,1.));
#1428=DIRECTION('ref_axis',(-1.,0.,0.));
#1429=DIRECTION('center_axis',(0.,0.,1.));
#1430=DIRECTION('ref_axis',(-1.,0.,0.));
#1431=DIRECTION('center_axis',(0.236442273870015,0.407105354219668,-0.88224729055569));
#1432=DIRECTION('ref_axis',(-0.965913556273623,0.,-0.258864833082525));
#1433=DIRECTION('center_axis',(0.25886483308141,0.,-0.965913556273921));
#1434=DIRECTION('ref_axis',(-0.965913556273921,0.,-0.25886483308141));
#1435=DIRECTION('center_axis',(0.944328509238438,0.,0.32900405261867));
#1436=DIRECTION('ref_axis',(0.32900405261867,0.,-0.944328509238438));
#1437=DIRECTION('center_axis',(-0.965913556273921,0.,-0.25886483308141));
#1438=DIRECTION('ref_axis',(0.25886483308141,1.03113410574315E-16,-0.965913556273921));
#1439=DIRECTION('center_axis',(0.25886483308141,0.,-0.965913556273921));
#1440=DIRECTION('ref_axis',(-0.683004025681311,0.707106781186539,-0.183045078882591));
#1441=DIRECTION('center_axis',(-3.49676543189026E-16,0.,-1.));
#1442=DIRECTION('ref_axis',(-1.,-1.56388672704377E-15,3.35699883301873E-16));
#1443=DIRECTION('',(0.25886483308141,0.,-0.965913556273921));
#1444=DIRECTION('',(-0.25886483308141,0.,0.965913556273921));
#1445=DIRECTION('center_axis',(1.,0.,-3.20536831256607E-16));
#1446=DIRECTION('ref_axis',(0.,-0.707106781186546,-0.707106781186549));
#1447=DIRECTION('',(1.,0.,-3.20536831256607E-16));
#1448=DIRECTION('center_axis',(1.,0.,-4.44089209850063E-16));
#1449=DIRECTION('ref_axis',(0.,-0.707106781186546,-0.707106781186549));
#1450=DIRECTION('',(-1.,0.,3.20536831256607E-16));
#1451=DIRECTION('center_axis',(0.,-1.,0.));
#1452=DIRECTION('ref_axis',(0.,0.,-1.));
#1453=DIRECTION('',(-1.,0.,3.49676543189026E-16));
#1454=DIRECTION('',(4.44089209850063E-16,0.,1.));
#1455=DIRECTION('center_axis',(3.49676543189026E-16,0.,1.));
#1456=DIRECTION('ref_axis',(1.,0.,-3.49676543189026E-16));
#1457=DIRECTION('',(0.,1.,0.));
#1458=DIRECTION('center_axis',(-3.49676543189026E-16,0.,-1.));
#1459=DIRECTION('ref_axis',(-1.,3.35118584366523E-16,3.55446935260807E-16));
#1460=DIRECTION('',(1.,0.,-3.49676543189026E-16));
#1461=DIRECTION('',(0.,1.,0.));
#1462=DIRECTION('center_axis',(-0.236442273868937,0.407105354220115,-0.882247290555772));
#1463=DIRECTION('ref_axis',(0.,0.90799294211022,0.41898546165473));
#1464=DIRECTION('center_axis',(-0.258864833081411,0.,-0.965913556273921));
#1465=DIRECTION('ref_axis',(0.,1.,0.));
#1466=DIRECTION('center_axis',(0.965913556273921,0.,-0.258864833081411));
#1467=DIRECTION('ref_axis',(-0.258864833081411,1.03113410574315E-16,-0.965913556273921));
#1468=DIRECTION('center_axis',(-0.944328509238438,0.,0.329004052618672));
#1469=DIRECTION('ref_axis',(-0.329004052618672,0.,-0.944328509238438));
#1470=DIRECTION('center_axis',(0.258864833081411,0.,0.965913556273921));
#1471=DIRECTION('ref_axis',(0.68300402568131,0.707106781186541,-0.183045078882591));
#1472=DIRECTION('center_axis',(-3.49676543189026E-16,0.,-1.));
#1473=DIRECTION('ref_axis',(1.,-1.28462124007167E-15,-3.35699883301873E-16));
#1474=DIRECTION('',(-0.258864833081411,0.,-0.965913556273921));
#1475=DIRECTION('',(0.258864833081411,0.,0.965913556273921));
#1476=DIRECTION('center_axis',(0.,-1.,0.));
#1477=DIRECTION('ref_axis',(0.,0.,-1.));
#1478=DIRECTION('',(1.,0.,-3.20536831256607E-16));
#1479=DIRECTION('',(0.,0.,-1.));
#1480=DIRECTION('',(-1.,0.,3.49676543189026E-16));
#1481=DIRECTION('center_axis',(1.,0.,-3.20536831256607E-16));
#1482=DIRECTION('ref_axis',(0.,-0.707106781186546,-0.707106781186549));
#1483=DIRECTION('',(-1.,0.,3.20536831256607E-16));
#1484=DIRECTION('center_axis',(-1.,0.,0.));
#1485=DIRECTION('ref_axis',(0.,-0.707106781186546,-0.707106781186549));
#1486=DIRECTION('center_axis',(0.,1.,0.));
#1487=DIRECTION('ref_axis',(-0.7933677687811,0.,-0.60874262497323));
#1488=DIRECTION('',(0.,-1.,0.));
#1489=DIRECTION('',(0.,-1.,0.));
#1490=DIRECTION('center_axis',(-0.236442273870017,-0.407105354219676,-0.882247290555686));
#1491=DIRECTION('ref_axis',(0.965913556273622,0.,-0.258864833082528));
#1492=DIRECTION('center_axis',(-0.258864833081411,0.,-0.965913556273921));
#1493=DIRECTION('ref_axis',(0.965913556273921,0.,-0.258864833081411));
#1494=DIRECTION('center_axis',(-0.944328509238438,3.65267874412236E-16,
0.329004052618672));
#1495=DIRECTION('ref_axis',(-0.329004052618672,-5.24207626883232E-16,-0.944328509238438));
#1496=DIRECTION('center_axis',(0.965913556273921,0.,-0.258864833081411));
#1497=DIRECTION('ref_axis',(-0.258864833081411,-5.15567052871574E-16,-0.965913556273921));
#1498=DIRECTION('center_axis',(-0.258864833081411,0.,-0.965913556273921));
#1499=DIRECTION('ref_axis',(0.683004025681304,-0.707106781186547,-0.18304507888259));
#1500=DIRECTION('center_axis',(-3.49676543189026E-16,0.,-1.));
#1501=DIRECTION('ref_axis',(1.,4.46824779155364E-16,-3.35699883301873E-16));
#1502=DIRECTION('',(-0.258864833081411,0.,-0.965913556273921));
#1503=DIRECTION('',(0.258864833081411,0.,0.965913556273921));
#1504=DIRECTION('center_axis',(0.965913556273921,0.,-0.258864833081411));
#1505=DIRECTION('ref_axis',(-0.258864833081411,0.,-0.965913556273921));
#1506=DIRECTION('',(0.,1.,0.));
#1507=DIRECTION('center_axis',(-0.965913556273921,0.,0.258864833081411));
#1508=DIRECTION('ref_axis',(0.258864833081411,0.,0.965913556273921));
#1509=DIRECTION('center_axis',(-0.965913556273921,0.,0.258864833081411));
#1510=DIRECTION('ref_axis',(0.258864833081411,0.,0.965913556273921));
#1511=DIRECTION('center_axis',(-0.965913556273921,0.,0.258864833081411));
#1512=DIRECTION('ref_axis',(0.258864833081411,0.,0.965913556273921));
#1513=DIRECTION('center_axis',(0.236442273868939,-0.407105354220116,-0.882247290555771));
#1514=DIRECTION('ref_axis',(3.70074341541719E-15,-0.907992942110219,0.418985461654732));
#1515=DIRECTION('center_axis',(0.25886483308141,-1.78729911662146E-15,-0.965913556273921));
#1516=DIRECTION('ref_axis',(0.,-1.,1.85037170770859E-15));
#1517=DIRECTION('center_axis',(-0.965913556273921,0.,-0.25886483308141));
#1518=DIRECTION('ref_axis',(0.25886483308141,-1.85604139033767E-15,-0.965913556273921));
#1519=DIRECTION('center_axis',(0.944328509238438,-5.00513442148113E-16,
0.32900405261867));
#1520=DIRECTION('ref_axis',(0.32900405261867,-1.5726228806497E-15,-0.944328509238438));
#1521=DIRECTION('center_axis',(-0.25886483308141,0.,0.965913556273921));
#1522=DIRECTION('ref_axis',(-0.683004025681304,-0.707106781186547,-0.183045078882589));
#1523=DIRECTION('',(0.25886483308141,0.,-0.965913556273921));
#1524=DIRECTION('',(-0.25886483308141,0.,0.965913556273921));
#1525=DIRECTION('center_axis',(0.,1.,0.));
#1526=DIRECTION('ref_axis',(0.,0.,1.));
#1527=DIRECTION('',(-1.,0.,3.20536831256607E-16));
#1528=DIRECTION('',(-4.44089209850063E-16,0.,-1.));
#1529=DIRECTION('center_axis',(-1.,0.,3.20536831256607E-16));
#1530=DIRECTION('ref_axis',(0.,0.707106781186547,-0.707106781186548));
#1531=DIRECTION('',(1.,0.,-3.20536831256607E-16));
#1532=DIRECTION('center_axis',(1.,0.,-4.44089209850063E-16));
#1533=DIRECTION('ref_axis',(0.,0.707106781186547,-0.707106781186548));
#1534=DIRECTION('center_axis',(3.20536831256607E-16,0.,1.));
#1535=DIRECTION('ref_axis',(1.,0.,-3.20536831256607E-16));
#1536=DIRECTION('',(0.,-1.,0.));
#1537=DIRECTION('',(0.,-1.,0.));
#1538=DIRECTION('',(1.,0.,-2.3311769545935E-16));
#1539=DIRECTION('center_axis',(3.20536831256607E-16,0.,1.));
#1540=DIRECTION('ref_axis',(-0.688748865697793,0.725000000000002,2.20769378942353E-16));
#1541=DIRECTION('center_axis',(3.20536831256607E-16,0.,1.));
#1542=DIRECTION('ref_axis',(-0.688748865697793,0.725000000000002,2.20769378942353E-16));
#1543=DIRECTION('',(1.,0.,-2.3311769545935E-16));
#1544=DIRECTION('',(0.,1.,0.));
#1545=DIRECTION('',(1.,0.,-3.20536831256607E-16));
#1546=DIRECTION('',(0.,1.,0.));
#1547=DIRECTION('',(-1.,0.,1.74728206582492E-16));
#1548=DIRECTION('center_axis',(3.20536831256607E-16,0.,1.));
#1549=DIRECTION('ref_axis',(-1.,-1.38777878078144E-16,3.20536831256607E-16));
#1550=DIRECTION('center_axis',(3.20536831256607E-16,0.,1.));
#1551=DIRECTION('ref_axis',(-1.,-1.38777878078144E-16,3.20536831256607E-16));
#1552=DIRECTION('',(-1.,0.,1.74728206582492E-16));
#1553=DIRECTION('',(0.,-1.,0.));
#1554=DIRECTION('center_axis',(3.20536831256607E-16,0.,1.));
#1555=DIRECTION('ref_axis',(1.,0.,-3.20536831256607E-16));
#1556=DIRECTION('center_axis',(3.20536831256607E-16,0.,1.));
#1557=DIRECTION('ref_axis',(-1.,0.,3.20536831256607E-16));
#1558=DIRECTION('center_axis',(3.20536831256607E-16,0.,1.));
#1559=DIRECTION('ref_axis',(-1.,0.,3.20536831256607E-16));
#1560=DIRECTION('center_axis',(-1.,0.,3.20536831256607E-16));
#1561=DIRECTION('ref_axis',(0.,0.707106781186547,-0.707106781186548));
#1562=DIRECTION('',(-1.,0.,3.20536831256607E-16));
#1563=DIRECTION('center_axis',(-1.,0.,0.));
#1564=DIRECTION('ref_axis',(0.,0.707106781186547,-0.707106781186548));
#1565=DIRECTION('center_axis',(0.,1.,0.));
#1566=DIRECTION('ref_axis',(0.,0.,1.));
#1567=DIRECTION('',(1.,0.,-3.49676543189026E-16));
#1568=DIRECTION('',(0.,0.,1.));
#1569=DIRECTION('center_axis',(0.,1.,0.));
#1570=DIRECTION('ref_axis',(0.793367768781102,0.,-0.608742624973228));
#1571=DIRECTION('',(0.,-1.,0.));
#1572=DIRECTION('center_axis',(-0.965913556273921,0.,-0.25886483308141));
#1573=DIRECTION('ref_axis',(-0.25886483308141,0.,0.965913556273921));
#1574=DIRECTION('center_axis',(0.965913556273921,0.,0.25886483308141));
#1575=DIRECTION('ref_axis',(-0.25886483308141,0.,0.965913556273921));
#1576=DIRECTION('center_axis',(0.965913556273921,0.,0.25886483308141));
#1577=DIRECTION('ref_axis',(-0.25886483308141,0.,0.965913556273921));
#1578=DIRECTION('center_axis',(0.965913556273921,0.,0.25886483308141));
#1579=DIRECTION('ref_axis',(-0.25886483308141,0.,0.965913556273921));
#1580=DIRECTION('center_axis',(-3.20536831256607E-16,0.,-1.));
#1581=DIRECTION('ref_axis',(-1.,0.,3.00485500630034E-16));
#1582=DIRECTION('center_axis',(0.,-1.,0.));
#1583=DIRECTION('ref_axis',(1.,0.,-2.81705156840657E-16));
#1584=DIRECTION('center_axis',(-3.20536831256607E-16,0.,-1.));
#1585=DIRECTION('ref_axis',(1.,0.,-3.20058327557047E-16));
#1586=DIRECTION('center_axis',(-3.20536831256607E-16,0.,-1.));
#1587=DIRECTION('ref_axis',(1.,0.,-3.20058327557047E-16));
#1588=DIRECTION('center_axis',(0.,0.,-1.));
#1589=DIRECTION('ref_axis',(1.,0.,0.));
#1590=DIRECTION('',(0.,0.,-1.));
#1591=DIRECTION('center_axis',(-3.20536831256607E-16,0.,-1.));
#1592=DIRECTION('ref_axis',(1.,0.,-3.20536831256607E-16));
#1593=DIRECTION('center_axis',(-3.20536831256607E-16,0.,-1.));
#1594=DIRECTION('ref_axis',(-1.,0.,3.00060276925718E-16));
#1595=DIRECTION('center_axis',(3.20536831256607E-16,0.,1.));
#1596=DIRECTION('ref_axis',(-1.,0.,3.20536831256607E-16));
#1597=DIRECTION('center_axis',(0.,-1.,0.));
#1598=DIRECTION('ref_axis',(1.,0.,-3.37567811541433E-16));
#1599=DIRECTION('center_axis',(-3.20536831256607E-16,0.,-1.));
#1600=DIRECTION('ref_axis',(-1.,0.,3.2456116647308E-16));
#1601=DIRECTION('center_axis',(-3.20536831256607E-16,0.,-1.));
#1602=DIRECTION('ref_axis',(-1.,0.,3.2456116647308E-16));
#1603=DIRECTION('center_axis',(-4.44089209850063E-16,0.,-1.));
#1604=DIRECTION('ref_axis',(1.,0.,-4.44089209850063E-16));
#1605=DIRECTION('',(-4.44089209850063E-16,0.,-1.));
#1606=DIRECTION('center_axis',(-3.20536831256607E-16,0.,-1.));
#1607=DIRECTION('ref_axis',(1.,0.,-3.20536831256607E-16));
#1608=DIRECTION('center_axis',(3.20536831256607E-16,0.,1.));
#1609=DIRECTION('ref_axis',(1.,0.,-3.20536831256607E-16));
#1610=DIRECTION('center_axis',(3.20536831256607E-16,0.,1.));
#1611=DIRECTION('ref_axis',(1.,0.,-3.20536831256607E-16));
#1612=DIRECTION('center_axis',(3.20536831256607E-16,0.,1.));
#1613=DIRECTION('ref_axis',(-1.,0.,0.));
#1614=DIRECTION('center_axis',(0.,0.,-1.));
#1615=DIRECTION('ref_axis',(-1.,0.,0.));
#1616=DIRECTION('center_axis',(0.,0.,-1.));
#1617=DIRECTION('ref_axis',(1.,0.,0.));
#1618=DIRECTION('center_axis',(0.,-1.,0.));
#1619=DIRECTION('ref_axis',(1.,0.,0.));
#1620=DIRECTION('center_axis',(0.,0.,-1.));
#1621=DIRECTION('ref_axis',(1.,0.,0.));
#1622=DIRECTION('center_axis',(0.,0.,-1.));
#1623=DIRECTION('ref_axis',(-1.,0.,0.));
#1624=DIRECTION('center_axis',(-3.20536831256607E-16,0.,-1.));
#1625=DIRECTION('ref_axis',(-1.,0.,2.96059473233375E-16));
#1626=DIRECTION('center_axis',(0.,-1.,0.));
#1627=DIRECTION('ref_axis',(1.,0.,-3.70074341541719E-16));
#1628=DIRECTION('center_axis',(-3.20536831256607E-16,0.,-1.));
#1629=DIRECTION('ref_axis',(-0.688748865697793,0.725000000000002,2.08166817117217E-16));
#1630=DIRECTION('center_axis',(-3.20536831256607E-16,0.,-1.));
#1631=DIRECTION('ref_axis',(-0.688748865697793,0.725000000000002,2.08166817117217E-16));
#1632=DIRECTION('center_axis',(-5.28677630773884E-16,0.,-1.));
#1633=DIRECTION('ref_axis',(1.,0.,-5.28677630773884E-16));
#1634=DIRECTION('',(-5.28677630773884E-16,0.,-1.));
#1635=DIRECTION('center_axis',(-3.20536831256607E-16,0.,-1.));
#1636=DIRECTION('ref_axis',(1.,0.,-3.20536831256607E-16));
#1637=DIRECTION('center_axis',(-3.20536831256607E-16,0.,-1.));
#1638=DIRECTION('ref_axis',(-1.,0.,2.96059473233375E-16));
#1639=DIRECTION('center_axis',(0.,-1.,0.));
#1640=DIRECTION('ref_axis',(1.,0.,-3.70074341541719E-16));
#1641=DIRECTION('center_axis',(-3.20536831256607E-16,0.,-1.));
#1642=DIRECTION('ref_axis',(-1.,0.,3.12250225675825E-16));
#1643=DIRECTION('center_axis',(-3.20536831256607E-16,0.,-1.));
#1644=DIRECTION('ref_axis',(-1.,0.,3.12250225675825E-16));
#1645=DIRECTION('center_axis',(-5.28677630773884E-16,0.,-1.));
#1646=DIRECTION('ref_axis',(1.,0.,-5.28677630773884E-16));
#1647=DIRECTION('',(-5.28677630773884E-16,0.,-1.));
#1648=DIRECTION('center_axis',(-3.20536831256607E-16,0.,-1.));
#1649=DIRECTION('ref_axis',(1.,0.,-3.20536831256607E-16));
#1650=DIRECTION('center_axis',(-3.20536831256607E-16,0.,-1.));
#1651=DIRECTION('ref_axis',(-1.,0.,2.96059473233375E-16));
#1652=DIRECTION('center_axis',(0.,-1.,0.));
#1653=DIRECTION('ref_axis',(1.,0.,-3.70074341541719E-16));
#1654=DIRECTION('center_axis',(-3.20536831256607E-16,0.,-1.));
#1655=DIRECTION('ref_axis',(-1.,0.,3.12250225675825E-16));
#1656=DIRECTION('center_axis',(-3.20536831256607E-16,0.,-1.));
#1657=DIRECTION('ref_axis',(-1.,0.,3.12250225675825E-16));
#1658=DIRECTION('center_axis',(-5.28677630773884E-16,0.,-1.));
#1659=DIRECTION('ref_axis',(1.,0.,-5.28677630773884E-16));
#1660=DIRECTION('',(-5.28677630773884E-16,0.,-1.));
#1661=DIRECTION('center_axis',(-3.20536831256607E-16,0.,-1.));
#1662=DIRECTION('ref_axis',(1.,0.,-3.20536831256607E-16));
#1663=DIRECTION('center_axis',(-3.20536831256607E-16,0.,-1.));
#1664=DIRECTION('ref_axis',(-1.,0.,2.96059473233375E-16));
#1665=DIRECTION('center_axis',(-9.25185853854297E-17,-1.,2.96556141917894E-32));
#1666=DIRECTION('ref_axis',(1.,-9.25185853854297E-17,-3.70074341541719E-16));
#1667=DIRECTION('center_axis',(-3.20536831256607E-16,0.,-1.));
#1668=DIRECTION('ref_axis',(-1.,-1.38777878078145E-16,3.12250225675825E-16));
#1669=DIRECTION('center_axis',(-3.20536831256607E-16,0.,-1.));
#1670=DIRECTION('ref_axis',(-1.,-1.38777878078145E-16,3.12250225675825E-16));
#1671=DIRECTION('center_axis',(-5.28677630773884E-16,0.,-1.));
#1672=DIRECTION('ref_axis',(1.,0.,-5.28677630773884E-16));
#1673=DIRECTION('',(-5.28677630773884E-16,0.,-1.));
#1674=DIRECTION('center_axis',(-3.20536831256607E-16,0.,-1.));
#1675=DIRECTION('ref_axis',(1.,0.,-3.20536831256607E-16));
#1676=DIRECTION('center_axis',(1.,0.,-4.44089209850063E-16));
#1677=DIRECTION('ref_axis',(-4.44089209850063E-16,0.,-1.));
#1678=DIRECTION('',(-4.44089209850063E-16,0.,-1.));
#1679=DIRECTION('',(-4.44089209850063E-16,0.,-1.));
#1680=DIRECTION('center_axis',(-1.,0.,4.44089209850063E-16));
#1681=DIRECTION('ref_axis',(0.,0.,1.));
#1682=DIRECTION('center_axis',(-1.,0.,4.44089209850063E-16));
#1683=DIRECTION('ref_axis',(0.,0.,1.));
#1684=DIRECTION('center_axis',(-1.,0.,4.44089209850063E-16));
#1685=DIRECTION('ref_axis',(0.,0.,1.));
#1686=DIRECTION('center_axis',(0.,1.,0.));
#1687=DIRECTION('ref_axis',(0.,0.,1.));
#1688=DIRECTION('',(0.,0.,1.));
#1689=DIRECTION('center_axis',(-1.,0.,0.));
#1690=DIRECTION('ref_axis',(0.,0.,1.));
#1691=DIRECTION('',(0.,1.,0.));
#1692=DIRECTION('center_axis',(1.,0.,0.));
#1693=DIRECTION('ref_axis',(0.,0.,1.));
#1694=DIRECTION('center_axis',(1.,0.,0.));
#1695=DIRECTION('ref_axis',(0.,0.,1.));
#1696=DIRECTION('',(0.,1.,0.));
#1697=DIRECTION('center_axis',(1.,0.,0.));
#1698=DIRECTION('ref_axis',(0.,0.,1.));
#1699=DIRECTION('center_axis',(1.,0.,0.));
#1700=DIRECTION('ref_axis',(0.,0.,1.));
#1701=DIRECTION('',(0.,1.,0.));
#1702=DIRECTION('center_axis',(1.,0.,0.));
#1703=DIRECTION('ref_axis',(0.,0.,1.));
#1704=DIRECTION('center_axis',(1.,0.,0.));
#1705=DIRECTION('ref_axis',(0.,0.,1.));
#1706=DIRECTION('',(0.,1.,0.));
#1707=DIRECTION('',(0.,0.,1.));
#1708=DIRECTION('center_axis',(3.49676543189026E-16,0.,1.));
#1709=DIRECTION('ref_axis',(1.,0.,-3.49676543189026E-16));
#1710=DIRECTION('center_axis',(3.20536831256607E-16,0.,1.));
#1711=DIRECTION('ref_axis',(1.,0.,-3.20536831256607E-16));
#1712=DIRECTION('center_axis',(3.20536831256607E-16,0.,1.));
#1713=DIRECTION('ref_axis',(-1.,0.,0.));
#1714=DIRECTION('center_axis',(3.20536831256607E-16,0.,1.));
#1715=DIRECTION('ref_axis',(1.,0.,-3.20536831256607E-16));
#1716=DIRECTION('center_axis',(3.20536831256607E-16,0.,1.));
#1717=DIRECTION('ref_axis',(-1.,0.,0.));
#1718=DIRECTION('center_axis',(3.20536831256607E-16,0.,1.));
#1719=DIRECTION('ref_axis',(1.,0.,-3.20536831256607E-16));
#1720=DIRECTION('center_axis',(3.20536831256607E-16,0.,1.));
#1721=DIRECTION('ref_axis',(-1.,0.,0.));
#1722=DIRECTION('center_axis',(3.20536831256607E-16,0.,1.));
#1723=DIRECTION('ref_axis',(1.,0.,-3.20536831256607E-16));
#1724=DIRECTION('center_axis',(3.20536831256607E-16,0.,1.));
#1725=DIRECTION('ref_axis',(-1.,0.,0.));
#1726=DIRECTION('center_axis',(-1.,0.,0.));
#1727=DIRECTION('ref_axis',(0.,0.,1.));
#1728=DIRECTION('center_axis',(-1.,0.,0.));
#1729=DIRECTION('ref_axis',(0.,0.,1.));
#1730=DIRECTION('',(1.,0.,0.));
#1731=DIRECTION('center_axis',(-1.,0.,0.));
#1732=DIRECTION('ref_axis',(0.,0.,1.));
#1733=DIRECTION('',(0.707106781186548,8.65956056235493E-17,0.707106781186547));
#1734=DIRECTION('center_axis',(-1.,0.,0.));
#1735=DIRECTION('ref_axis',(0.,0.,1.));
#1736=DIRECTION('',(1.,0.,0.));
#1737=DIRECTION('center_axis',(-1.,0.,0.));
#1738=DIRECTION('ref_axis',(0.,0.,1.));
#1739=DIRECTION('center_axis',(-1.,0.,0.));
#1740=DIRECTION('ref_axis',(0.,0.,1.));
#1741=DIRECTION('',(1.,0.,0.));
#1742=DIRECTION('center_axis',(-1.,0.,0.));
#1743=DIRECTION('ref_axis',(0.,0.,1.));
#1744=DIRECTION('',(0.707106781186548,8.65956056235493E-17,0.707106781186547));
#1745=DIRECTION('center_axis',(-1.,0.,0.));
#1746=DIRECTION('ref_axis',(0.,0.,1.));
#1747=DIRECTION('',(1.,0.,0.));
#1748=DIRECTION('center_axis',(-1.,0.,0.));
#1749=DIRECTION('ref_axis',(0.,0.,1.));
#1750=DIRECTION('center_axis',(-1.,0.,0.));
#1751=DIRECTION('ref_axis',(0.,0.,1.));
#1752=DIRECTION('',(1.,0.,0.));
#1753=DIRECTION('center_axis',(-1.,0.,0.));
#1754=DIRECTION('ref_axis',(0.,0.,1.));
#1755=DIRECTION('',(0.707106781186548,8.65956056235493E-17,0.707106781186547));
#1756=DIRECTION('center_axis',(-1.,0.,0.));
#1757=DIRECTION('ref_axis',(0.,0.,1.));
#1758=DIRECTION('',(1.,0.,0.));
#1759=DIRECTION('center_axis',(0.,0.,-1.));
#1760=DIRECTION('ref_axis',(-1.,0.,0.));
#1761=DIRECTION('',(0.,0.,1.));
#1762=DIRECTION('center_axis',(0.,0.,-1.));
#1763=DIRECTION('ref_axis',(-1.,0.,0.));
#1764=DIRECTION('',(0.,0.,1.));
#1765=DIRECTION('center_axis',(0.,0.,-1.));
#1766=DIRECTION('ref_axis',(-1.,0.,0.));
#1767=DIRECTION('',(0.,0.,1.));
#1768=DIRECTION('center_axis',(0.,0.,-1.));
#1769=DIRECTION('ref_axis',(-1.,0.,0.));
#1770=DIRECTION('',(0.,0.,1.));
#1771=DIRECTION('center_axis',(0.,0.,-1.));
#1772=DIRECTION('ref_axis',(-1.,0.,0.));
#1773=DIRECTION('center_axis',(0.,0.,1.));
#1774=DIRECTION('ref_axis',(-1.,0.,0.));
#1775=DIRECTION('',(0.,0.,1.));
#1776=DIRECTION('center_axis',(0.,0.,-1.));
#1777=DIRECTION('ref_axis',(-1.,0.,0.));
#1778=DIRECTION('center_axis',(0.,1.,0.));
#1779=DIRECTION('ref_axis',(0.,0.,1.));
#1780=CARTESIAN_POINT('',(0.,0.,0.));
#1781=CARTESIAN_POINT('Origin',(-9.525,23.,-1.5));
#1782=CARTESIAN_POINT('',(-14.525,23.,-1.5));
#1783=CARTESIAN_POINT('',(-4.525,23.,-1.5));
#1784=CARTESIAN_POINT('Origin',(-9.525,23.,-1.5));
#1785=CARTESIAN_POINT('Origin',(-9.525,23.,-1.5));
#1786=CARTESIAN_POINT('',(-16.025,23.,0.));
#1787=CARTESIAN_POINT('Origin',(-16.025,23.,-1.5));
#1788=CARTESIAN_POINT('Origin',(-9.525,23.,0.));
#1789=CARTESIAN_POINT('Origin',(-9.525,23.,0.));
#1790=CARTESIAN_POINT('',(-4.525,23.,-12.));
#1791=CARTESIAN_POINT('Origin',(-9.525,23.,-12.));
#1792=CARTESIAN_POINT('',(-4.525,23.,0.));
#1793=CARTESIAN_POINT('Origin',(0.,0.,0.));
#1794=CARTESIAN_POINT('',(0.,0.,0.));
#1795=CARTESIAN_POINT('',(-19.05,0.,0.));
#1796=CARTESIAN_POINT('',(0.,0.,0.));
#1797=CARTESIAN_POINT('',(-19.05,46.,0.));
#1798=CARTESIAN_POINT('',(-19.05,0.,0.));
#1799=CARTESIAN_POINT('',(0.,46.,0.));
#1800=CARTESIAN_POINT('',(0.,46.,0.));
#1801=CARTESIAN_POINT('',(0.,0.,0.));
#1802=CARTESIAN_POINT('',(-8.475,43.5,0.));
#1803=CARTESIAN_POINT('Origin',(-9.525,43.5,0.));
#1804=CARTESIAN_POINT('',(-8.475,31.5,0.));
#1805=CARTESIAN_POINT('Origin',(-9.52500000000001,31.5,0.));
#1806=CARTESIAN_POINT('',(-8.47500000000001,2.5,0.));
#1807=CARTESIAN_POINT('Origin',(-9.52500000000001,2.5,0.));
#1808=CARTESIAN_POINT('',(-8.47500000000001,14.5,0.));
#1809=CARTESIAN_POINT('Origin',(-9.52500000000001,14.5,0.));
#1810=CARTESIAN_POINT('Ctrl Pts',(-3.56798679946192,43.05,4.));
#1811=CARTESIAN_POINT('Ctrl Pts',(-3.56752525713659,43.0486412561845,4.));
#1812=CARTESIAN_POINT('Ctrl Pts',(-3.56706246636891,43.0472816239314,4.00000030781674));
#1813=CARTESIAN_POINT('Ctrl Pts',(-3.47577727836769,42.7777494676425,4.00063983172454));
#1814=CARTESIAN_POINT('Ctrl Pts',(-3.34925020609857,42.4139329700145,4.05422886162965));
#1815=CARTESIAN_POINT('Ctrl Pts',(-3.26530658852625,42.030200233349,4.23558960895789));
#1816=CARTESIAN_POINT('Ctrl Pts',(-3.26542475831992,41.9136457403395,4.32994312805957));
#1817=CARTESIAN_POINT('Ctrl Pts',(-3.2782127325798,41.8696091752565,4.37765944992465));
#1818=CARTESIAN_POINT('Ctrl Pts',(-3.56798679946192,43.05,4.));
#1819=CARTESIAN_POINT('Ctrl Pts',(-3.56736964863256,43.0487517537863,3.99995119053487));
#1820=CARTESIAN_POINT('Ctrl Pts',(-3.56675665063199,43.0474845381647,4.00005113212241));
#1821=CARTESIAN_POINT('Ctrl Pts',(-3.44475428007782,42.7991199884395,3.99750614717336));
#1822=CARTESIAN_POINT('Ctrl Pts',(-3.27813009512425,42.4614761910919,4.10321752632485));
#1823=CARTESIAN_POINT('Ctrl Pts',(-3.24491147236269,42.1422678316097,4.33274653930257));
#1824=CARTESIAN_POINT('Ctrl Pts',(-3.27565911660412,42.0560620267806,4.41153174127456));
#1825=CARTESIAN_POINT('Ctrl Pts',(-3.29591187826891,42.0230088739532,4.44370103831664));
#1826=CARTESIAN_POINT('Ctrl Pts',(-3.56798679946192,43.05,4.));
#1827=CARTESIAN_POINT('Ctrl Pts',(-3.56721287362192,43.0488567899544,3.99995720536472));
#1828=CARTESIAN_POINT('Ctrl Pts',(-3.56645057342167,43.0476933456099,4.00004468820431));
#1829=CARTESIAN_POINT('Ctrl Pts',(-3.41413924939402,42.8199978414982,3.9981529785134));
#1830=CARTESIAN_POINT('Ctrl Pts',(-3.20311223521357,42.5108995241467,4.11047009532394));
#1831=CARTESIAN_POINT('Ctrl Pts',(-3.10783310265812,42.2483259513433,4.38897583182863));
#1832=CARTESIAN_POINT('Ctrl Pts',(-3.12778563162113,42.1839832773963,4.4981019580223));
#1833=CARTESIAN_POINT('Ctrl Pts',(-3.15162368798991,42.1586448814948,4.54495833165554));
#1834=CARTESIAN_POINT('Ctrl Pts',(-3.56798679946192,43.05,4.));
#1835=CARTESIAN_POINT('Ctrl Pts',(-3.5670637148113,43.0489548124497,4.));
#1836=CARTESIAN_POINT('Ctrl Pts',(-3.5661381332759,43.0479089414857,4.00000047356421));
#1837=CARTESIAN_POINT('Ctrl Pts',(-3.38356775727305,42.8405765135701,4.00098435649922));
#1838=CARTESIAN_POINT('Ctrl Pts',(-3.13051361273525,42.5607176692419,4.08342901789177));
#1839=CARTESIAN_POINT('Ctrl Pts',(-2.96262637759051,42.2655386410375,4.36244555224289));
#1840=CARTESIAN_POINT('Ctrl Pts',(-2.96286271717793,42.1758813387227,4.50760481239934));
#1841=CARTESIAN_POINT('Ctrl Pts',(-2.98843866569769,42.1420070578896,4.58101453834561));
#1842=CARTESIAN_POINT('',(-3.27821273257977,41.8696091752565,4.37765944992453));
#1843=CARTESIAN_POINT('',(-2.98843866569769,42.1420070578896,4.58101453834561));
#1844=CARTESIAN_POINT('Origin',(-2.98843866569769,41.8696091752565,4.45531889984929));
#1845=CARTESIAN_POINT('',(-3.56798679946192,43.05,4.));
#1846=CARTESIAN_POINT('Ctrl Pts',(-2.98843866569769,42.1420070578896,4.58101453834561));
#1847=CARTESIAN_POINT('Ctrl Pts',(-2.96286271717793,42.1758813387227,4.50760481239934));
#1848=CARTESIAN_POINT('Ctrl Pts',(-2.96262637759051,42.2655386410375,4.36244555224289));
#1849=CARTESIAN_POINT('Ctrl Pts',(-3.13051361273525,42.5607176692419,4.08342901789177));
#1850=CARTESIAN_POINT('Ctrl Pts',(-3.38356775727305,42.8405765135701,4.00098435649922));
#1851=CARTESIAN_POINT('Ctrl Pts',(-3.5661381332759,43.0479089414857,4.00000047356421));
#1852=CARTESIAN_POINT('Ctrl Pts',(-3.5670637148113,43.0489548124497,4.));
#1853=CARTESIAN_POINT('Ctrl Pts',(-3.56798679946192,43.05,4.));
#1854=CARTESIAN_POINT('Ctrl Pts',(-3.56798679946192,43.05,4.));
#1855=CARTESIAN_POINT('Ctrl Pts',(-3.56752525713659,43.0486412561845,4.));
#1856=CARTESIAN_POINT('Ctrl Pts',(-3.56706246636891,43.0472816239314,4.00000030781674));
#1857=CARTESIAN_POINT('Ctrl Pts',(-3.47577727836769,42.7777494676425,4.00063983172454));
#1858=CARTESIAN_POINT('Ctrl Pts',(-3.34925020609857,42.4139329700145,4.05422886162965));
#1859=CARTESIAN_POINT('Ctrl Pts',(-3.26530658852625,42.030200233349,4.23558960895789));
#1860=CARTESIAN_POINT('Ctrl Pts',(-3.26542475831992,41.9136457403395,4.32994312805957));
#1861=CARTESIAN_POINT('Ctrl Pts',(-3.2782127325798,41.8696091752565,4.37765944992465));
#1862=CARTESIAN_POINT('Ctrl Pts',(-3.27821273257982,41.8696091752566,4.37765944992473));
#1863=CARTESIAN_POINT('Ctrl Pts',(-3.32380092962228,41.7911156013219,4.54776466276971));
#1864=CARTESIAN_POINT('Ctrl Pts',(-3.37397961169057,41.75,4.73499855108423));
#1865=CARTESIAN_POINT('Ctrl Pts',(-3.42418726742025,41.75,4.92234055007558));
#1866=CARTESIAN_POINT('Ctrl Pts',(-3.28706230542436,41.9463090246049,4.41068024412074));
#1867=CARTESIAN_POINT('Ctrl Pts',(-3.3295992333018,41.8710659225342,4.56966336724232));
#1868=CARTESIAN_POINT('Ctrl Pts',(-3.37687361194333,41.830423373279,4.74556214143022));
#1869=CARTESIAN_POINT('Ctrl Pts',(-3.42418726742025,41.8285398163397,4.92234055007558));
#1870=CARTESIAN_POINT('Ctrl Pts',(-3.23228874292057,42.0988368816215,4.49574221453287));
#1871=CARTESIAN_POINT('Ctrl Pts',(-3.27213963731709,42.0301703933057,4.63191197359427));
#1872=CARTESIAN_POINT('Ctrl Pts',(-3.31644198901319,41.9904319130799,4.7842373232104));
#1873=CARTESIAN_POINT('Ctrl Pts',(-3.36135525583874,41.9849506887305,4.93917952917942));
#1874=CARTESIAN_POINT('Ctrl Pts',(-3.07003117684376,42.1503259696922,4.56298643500052));
#1875=CARTESIAN_POINT('Ctrl Pts',(-3.1136380827125,42.0876825345549,4.69173392369823));
#1876=CARTESIAN_POINT('Ctrl Pts',(-3.16188757129981,42.0529961275871,4.83516292435465));
#1877=CARTESIAN_POINT('Ctrl Pts',(-3.2102758738479,42.05,4.97966880355297));
#1878=CARTESIAN_POINT('Ctrl Pts',(-2.98843866569765,42.1420070578897,4.5810145383455));
#1879=CARTESIAN_POINT('Ctrl Pts',(-3.0340268627401,42.0816273856322,4.71186470207241));
#1880=CARTESIAN_POINT('Ctrl Pts',(-3.08420554480839,42.05,4.85589077000666));
#1881=CARTESIAN_POINT('Ctrl Pts',(-3.13441320053807,42.05,5.));
#1882=CARTESIAN_POINT('',(-3.42418726742025,41.75,4.92234055007558));
#1883=CARTESIAN_POINT('',(-3.13441320053807,42.05,5.));
#1884=CARTESIAN_POINT('Origin',(-3.13441320053807,41.75,5.));
#1885=CARTESIAN_POINT('Origin',(-3.13441320053807,43.05,5.));
#1886=CARTESIAN_POINT('Origin',(-3.42418726742025,43.05,4.92234055007558));
#1887=CARTESIAN_POINT('Origin',(-3.47498043012479,41.75,6.27077324472656));
#1888=CARTESIAN_POINT('',(-4.78499999999999,41.75,10.));
#1889=CARTESIAN_POINT('',(-4.47441320053807,42.05,10.));
#1890=CARTESIAN_POINT('Origin',(-4.47441320053807,41.75,10.));
#1891=CARTESIAN_POINT('',(-3.47498043012479,42.05,6.27077324472656));
#1892=CARTESIAN_POINT('',(-3.76475449700697,41.75,6.19311379480213));
#1893=CARTESIAN_POINT('Origin',(-12.699,43.05,5.));
#1894=CARTESIAN_POINT('',(2.33146835171283E-15,42.05,5.));
#1895=CARTESIAN_POINT('',(-12.699,42.05,5.));
#1896=CARTESIAN_POINT('',(2.22044604925031E-15,43.05,4.));
#1897=CARTESIAN_POINT('Origin',(2.22044604925031E-15,43.05,5.));
#1898=CARTESIAN_POINT('',(-12.699,43.05,4.));
#1899=CARTESIAN_POINT('Origin',(-9.525,42.05,7.));
#1900=CARTESIAN_POINT('',(4.44089209850063E-15,42.05,10.));
#1901=CARTESIAN_POINT('',(-7.155,42.05,10.));
#1902=CARTESIAN_POINT('',(3.88578058618805E-15,42.05,8.5));
#1903=CARTESIAN_POINT('Origin',(-4.78499999999999,0.,10.));
#1904=CARTESIAN_POINT('',(-4.78499999999999,4.25,10.));
#1905=CARTESIAN_POINT('',(-4.78499999999999,0.,10.));
#1906=CARTESIAN_POINT('',(-4.47441320053807,3.95,10.));
#1907=CARTESIAN_POINT('Origin',(-4.47441320053807,4.25,10.));
#1908=CARTESIAN_POINT('',(4.44089209850063E-15,3.95,10.));
#1909=CARTESIAN_POINT('',(-7.155,3.95,10.));
#1910=CARTESIAN_POINT('',(4.44089209850063E-15,0.,10.));
#1911=CARTESIAN_POINT('Ctrl Pts',(-15.4820132005381,43.05,4.));
#1912=CARTESIAN_POINT('Ctrl Pts',(-15.483157313806,43.0487045468218,4.));
#1913=CARTESIAN_POINT('Ctrl Pts',(-15.4843012072466,43.0474096551108,4.00000112706632));
#1914=CARTESIAN_POINT('Ctrl Pts',(-15.6068034725557,42.9086536339603,4.00076429882276));
#1915=CARTESIAN_POINT('Ctrl Pts',(-15.7921510307202,42.6997016510521,4.04724000617586));
#1916=CARTESIAN_POINT('Ctrl Pts',(-16.0365283100782,42.3776058673125,4.23189732011508));
#1917=CARTESIAN_POINT('Ctrl Pts',(-16.1126083525256,42.2096167119229,4.43449611635001));
#1918=CARTESIAN_POINT('Ctrl Pts',(-16.0615613343024,42.1420070578898,4.58101453834527));
#1919=CARTESIAN_POINT('Ctrl Pts',(-15.4820132005381,43.05,4.));
#1920=CARTESIAN_POINT('Ctrl Pts',(-15.4829788709775,43.0485627154121,4.00000389026581));
#1921=CARTESIAN_POINT('Ctrl Pts',(-15.4839062876412,43.0471642951888,3.99999813339807));
#1922=CARTESIAN_POINT('Ctrl Pts',(-15.5868081416785,42.89368103189,4.00084401274137));
#1923=CARTESIAN_POINT('Ctrl Pts',(-15.7395311625391,42.665767662725,4.05708680448713));
#1924=CARTESIAN_POINT('Ctrl Pts',(-15.9236224369971,42.3387352492987,4.26501879751543));
#1925=CARTESIAN_POINT('Ctrl Pts',(-15.9492916228345,42.2056007365818,4.45489770980681));
#1926=CARTESIAN_POINT('Ctrl Pts',(-15.8983763120102,42.1586448814949,4.54495833165532));
#1927=CARTESIAN_POINT('Ctrl Pts',(-15.4820132005381,43.05,4.));
#1928=CARTESIAN_POINT('Ctrl Pts',(-15.4827927518229,43.048437551853,4.00000470773028));
#1929=CARTESIAN_POINT('Ctrl Pts',(-15.4835196328623,43.0469002474484,3.99999758274896));
#1930=CARTESIAN_POINT('Ctrl Pts',(-15.5664139489832,42.879910523892,4.00069987148254));
#1931=CARTESIAN_POINT('Ctrl Pts',(-15.6869082528903,42.6301528119283,4.0510958383074));
#1932=CARTESIAN_POINT('Ctrl Pts',(-15.8118376900749,42.2577529850509,4.23340518511462));
#1933=CARTESIAN_POINT('Ctrl Pts',(-15.7989078895503,42.086324205244,4.38343871427309));
#1934=CARTESIAN_POINT('Ctrl Pts',(-15.7540881217312,42.0230088739534,4.44370103831649));
#1935=CARTESIAN_POINT('Ctrl Pts',(-15.4820132005381,43.05,4.));
#1936=CARTESIAN_POINT('Ctrl Pts',(-15.4825852571719,43.0483159108686,4.));
#1937=CARTESIAN_POINT('Ctrl Pts',(-15.4831572038924,43.046632551644,4.00000073259311));
#1938=CARTESIAN_POINT('Ctrl Pts',(-15.5444083365466,42.866249724149,4.00049679423479));
#1939=CARTESIAN_POINT('Ctrl Pts',(-15.6370821156291,42.5946121463678,4.0307060040143));
#1940=CARTESIAN_POINT('Ctrl Pts',(-15.7592707553081,42.1758876275063,4.1507332580748));
#1941=CARTESIAN_POINT('Ctrl Pts',(-15.7973107765318,41.9575017254998,4.28242247562751));
#1942=CARTESIAN_POINT('Ctrl Pts',(-15.7717872674203,41.8696091752567,4.37765944992442));
#1943=CARTESIAN_POINT('',(-16.0615613343024,42.1420070578898,4.58101453834527));
#1944=CARTESIAN_POINT('',(-15.7717872674203,41.8696091752567,4.37765944992443));
#1945=CARTESIAN_POINT('Origin',(-16.0615613343024,41.8696091752567,4.45531889984885));
#1946=CARTESIAN_POINT('',(-15.4820132005381,43.05,4.));
#1947=CARTESIAN_POINT('Ctrl Pts',(-15.7717872674203,41.8696091752567,4.37765944992442));
#1948=CARTESIAN_POINT('Ctrl Pts',(-15.7973107765318,41.9575017254998,4.28242247562751));
#1949=CARTESIAN_POINT('Ctrl Pts',(-15.7592707553081,42.1758876275063,4.1507332580748));
#1950=CARTESIAN_POINT('Ctrl Pts',(-15.6370821156291,42.5946121463678,4.0307060040143));
#1951=CARTESIAN_POINT('Ctrl Pts',(-15.5444083365466,42.866249724149,4.00049679423479));
#1952=CARTESIAN_POINT('Ctrl Pts',(-15.4831572038924,43.046632551644,4.00000073259311));
#1953=CARTESIAN_POINT('Ctrl Pts',(-15.4825852571719,43.0483159108686,4.));
#1954=CARTESIAN_POINT('Ctrl Pts',(-15.4820132005381,43.05,4.));
#1955=CARTESIAN_POINT('Ctrl Pts',(-15.4820132005381,43.05,4.));
#1956=CARTESIAN_POINT('Ctrl Pts',(-15.483157313806,43.0487045468218,4.));
#1957=CARTESIAN_POINT('Ctrl Pts',(-15.4843012072466,43.0474096551108,4.00000112706632));
#1958=CARTESIAN_POINT('Ctrl Pts',(-15.6068034725557,42.9086536339603,4.00076429882276));
#1959=CARTESIAN_POINT('Ctrl Pts',(-15.7921510307202,42.6997016510521,4.04724000617586));
#1960=CARTESIAN_POINT('Ctrl Pts',(-16.0365283100782,42.3776058673125,4.23189732011508));
#1961=CARTESIAN_POINT('Ctrl Pts',(-16.1126083525256,42.2096167119229,4.43449611635001));
#1962=CARTESIAN_POINT('Ctrl Pts',(-16.0615613343024,42.1420070578898,4.58101453834527));
#1963=CARTESIAN_POINT('Ctrl Pts',(-16.0615613343024,42.1420070578898,4.58101453834527));
#1964=CARTESIAN_POINT('Ctrl Pts',(-16.01597313726,42.0816273856323,4.71186470207224));
#1965=CARTESIAN_POINT('Ctrl Pts',(-15.9657944551916,42.05,4.85589077000658));
#1966=CARTESIAN_POINT('Ctrl Pts',(-15.9155867994619,42.05,5.));
#1967=CARTESIAN_POINT('Ctrl Pts',(-15.9799688231563,42.1503259696923,4.56298643500029));
#1968=CARTESIAN_POINT('Ctrl Pts',(-15.9363619172876,42.0876825345549,4.69173392369806));
#1969=CARTESIAN_POINT('Ctrl Pts',(-15.8881124287002,42.0529961275872,4.83516292435457));
#1970=CARTESIAN_POINT('Ctrl Pts',(-15.8397241261521,42.05,4.97966880355297));
#1971=CARTESIAN_POINT('Ctrl Pts',(-15.8177288369435,42.0988203559271,4.49573930029786));
#1972=CARTESIAN_POINT('Ctrl Pts',(-15.7778779425469,42.0301538676112,4.63190905935932));
#1973=CARTESIAN_POINT('Ctrl Pts',(-15.7335709099919,41.9904185588777,4.78424078014366));
#1974=CARTESIAN_POINT('Ctrl Pts',(-15.6886576431663,41.9849373345282,4.93918298611277));
#1975=CARTESIAN_POINT('Ctrl Pts',(-15.7629376945757,41.9463090246051,4.41068024412046));
#1976=CARTESIAN_POINT('Ctrl Pts',(-15.7204007666983,41.8710659225343,4.56966336724211));
#1977=CARTESIAN_POINT('Ctrl Pts',(-15.6731263880567,41.830423373279,4.74556214143012));
#1978=CARTESIAN_POINT('Ctrl Pts',(-15.6258127325797,41.8285398163397,4.92234055007558));
#1979=CARTESIAN_POINT('Ctrl Pts',(-15.7717872674203,41.8696091752567,4.37765944992443));
#1980=CARTESIAN_POINT('Ctrl Pts',(-15.7261990703778,41.791115601322,4.54776466276949));
#1981=CARTESIAN_POINT('Ctrl Pts',(-15.6760203883095,41.75,4.73499855108412));
#1982=CARTESIAN_POINT('Ctrl Pts',(-15.6258127325797,41.75,4.92234055007558));
#1983=CARTESIAN_POINT('',(-15.9155867994619,42.05,5.));
#1984=CARTESIAN_POINT('',(-15.6258127325797,41.75,4.92234055007558));
#1985=CARTESIAN_POINT('Origin',(-15.9155867994619,41.75,5.));
#1986=CARTESIAN_POINT('Origin',(-15.6258127325797,43.05,4.92234055007558));
#1987=CARTESIAN_POINT('Origin',(-15.9155867994619,43.05,5.));
#1988=CARTESIAN_POINT('Origin',(-14.7710195698752,41.75,9.27077324472656));
#1989=CARTESIAN_POINT('',(-14.5755867994619,42.05,10.));
#1990=CARTESIAN_POINT('',(-14.265,41.75,10.));
#1991=CARTESIAN_POINT('Origin',(-14.5755867994619,41.75,10.));
#1992=CARTESIAN_POINT('',(-14.481245502993,41.75,9.19311379480214));
#1993=CARTESIAN_POINT('',(-14.7710195698752,42.05,9.27077324472656));
#1994=CARTESIAN_POINT('Origin',(-9.525,42.05,7.));
#1995=CARTESIAN_POINT('',(-19.05,42.05,5.));
#1996=CARTESIAN_POINT('',(-12.699,42.05,5.));
#1997=CARTESIAN_POINT('',(-19.05,42.05,10.));
#1998=CARTESIAN_POINT('',(-19.05,42.05,3.5));
#1999=CARTESIAN_POINT('',(-14.2875,42.05,10.));
#2000=CARTESIAN_POINT('Origin',(-12.699,43.05,5.));
#2001=CARTESIAN_POINT('',(-19.05,43.05,4.));
#2002=CARTESIAN_POINT('',(-12.699,43.05,4.));
#2003=CARTESIAN_POINT('Origin',(-19.05,43.05,5.));
#2004=CARTESIAN_POINT('Origin',(-15.4820132005381,0.,4.3));
#2005=CARTESIAN_POINT('',(-15.7717872674202,4.13039082474349,4.37765944992454));
#2006=CARTESIAN_POINT('',(-15.7717872674203,0.,4.37765944992443));
#2007=CARTESIAN_POINT('',(-15.4820132005381,2.95,4.));
#2008=CARTESIAN_POINT('Ctrl Pts',(-15.4820132005381,2.95,4.));
#2009=CARTESIAN_POINT('Ctrl Pts',(-15.4824747473883,2.95135875713687,4.));
#2010=CARTESIAN_POINT('Ctrl Pts',(-15.4829375465352,2.95271840681453,4.00000030771588));
#2011=CARTESIAN_POINT('Ctrl Pts',(-15.5742216317791,3.22224940552019,4.00063986817068));
#2012=CARTESIAN_POINT('Ctrl Pts',(-15.7007470222694,3.58606361743076,4.05422787591787));
#2013=CARTESIAN_POINT('Ctrl Pts',(-15.7846927447049,3.96979783135859,4.23558824458147));
#2014=CARTESIAN_POINT('Ctrl Pts',(-15.7845752423726,4.08635425727586,4.32994312547571));
#2015=CARTESIAN_POINT('Ctrl Pts',(-15.7717872674202,4.13039082474349,4.37765944992465));
#2016=CARTESIAN_POINT('',(-15.4820132005381,0.,4.));
#2017=CARTESIAN_POINT('Ctrl Pts',(-15.4820132005381,2.95,4.));
#2018=CARTESIAN_POINT('Ctrl Pts',(-15.4824747473883,2.95135875713687,4.));
#2019=CARTESIAN_POINT('Ctrl Pts',(-15.4829375465352,2.95271840681453,4.00000030771588));
#2020=CARTESIAN_POINT('Ctrl Pts',(-15.5742216317791,3.22224940552019,4.00063986817068));
#2021=CARTESIAN_POINT('Ctrl Pts',(-15.7007470222694,3.58606361743076,4.05422787591787));
#2022=CARTESIAN_POINT('Ctrl Pts',(-15.7846927447049,3.96979783135859,4.23558824458147));
#2023=CARTESIAN_POINT('Ctrl Pts',(-15.7845752423726,4.08635425727586,4.32994312547571));
#2024=CARTESIAN_POINT('Ctrl Pts',(-15.7717872674202,4.13039082474349,4.37765944992465));
#2025=CARTESIAN_POINT('Ctrl Pts',(-15.4820132005381,2.95,4.));
#2026=CARTESIAN_POINT('Ctrl Pts',(-15.4826303575292,2.95124825820078,3.99995119084443));
#2027=CARTESIAN_POINT('Ctrl Pts',(-15.4832433651385,2.95251549081627,4.00005113181461));
#2028=CARTESIAN_POINT('Ctrl Pts',(-15.6052446554229,3.20087888458723,3.99750617886145));
#2029=CARTESIAN_POINT('Ctrl Pts',(-15.7718671245752,3.53852033605545,4.10321661417176));
#2030=CARTESIAN_POINT('Ctrl Pts',(-15.8050878622724,3.85773025734483,4.33274514382188));
#2031=CARTESIAN_POINT('Ctrl Pts',(-15.7743408782052,3.94393795082356,4.41153175517037));
#2032=CARTESIAN_POINT('Ctrl Pts',(-15.7540881217311,3.97699112604677,4.44370103831665));
#2033=CARTESIAN_POINT('Ctrl Pts',(-15.4820132005381,2.95,4.));
#2034=CARTESIAN_POINT('Ctrl Pts',(-15.4827871335222,2.95114322140534,3.99995720544755));
#2035=CARTESIAN_POINT('Ctrl Pts',(-15.4835494497264,2.9523066799965,4.00004468802519));
#2036=CARTESIAN_POINT('Ctrl Pts',(-15.6358585675148,3.18000130824032,3.99815303539521));
#2037=CARTESIAN_POINT('Ctrl Pts',(-15.8468821441345,3.48909784829639,4.11046860338363));
#2038=CARTESIAN_POINT('Ctrl Pts',(-15.9421655955063,3.75167255944441,4.38897372148859));
#2039=CARTESIAN_POINT('Ctrl Pts',(-15.9222143472776,3.81601671691076,4.49810195465993));
#2040=CARTESIAN_POINT('Ctrl Pts',(-15.8983763120101,3.84135511850524,4.54495833165555));
#2041=CARTESIAN_POINT('Ctrl Pts',(-15.4820132005381,2.95,4.));
#2042=CARTESIAN_POINT('Ctrl Pts',(-15.4829362942385,2.95104519779773,4.));
#2043=CARTESIAN_POINT('Ctrl Pts',(-15.4838618925324,2.95209108216503,4.00000047340904));
#2044=CARTESIAN_POINT('Ctrl Pts',(-15.6664300630204,3.15942261963118,4.00098441257026));
#2045=CARTESIAN_POINT('Ctrl Pts',(-15.9194808440007,3.43927970571595,4.08342750141211));
#2046=CARTESIAN_POINT('Ctrl Pts',(-16.0873722888718,3.73445987027589,4.36244345320225));
#2047=CARTESIAN_POINT('Ctrl Pts',(-16.087137284207,3.82411865944297,4.50760480842417));
#2048=CARTESIAN_POINT('Ctrl Pts',(-16.0615613343023,3.85799294211038,4.58101453834561));
#2049=CARTESIAN_POINT('',(-16.0615613343023,3.85799294211038,4.58101453834561));
#2050=CARTESIAN_POINT('Origin',(-16.0615613343023,4.13039082474349,4.4553188998493));
#2051=CARTESIAN_POINT('Ctrl Pts',(-16.0615613343023,3.85799294211038,4.58101453834561));
#2052=CARTESIAN_POINT('Ctrl Pts',(-16.087137284207,3.82411865944297,4.50760480842417));
#2053=CARTESIAN_POINT('Ctrl Pts',(-16.0873722888718,3.73445987027589,4.36244345320225));
#2054=CARTESIAN_POINT('Ctrl Pts',(-15.9194808440007,3.43927970571595,4.08342750141211));
#2055=CARTESIAN_POINT('Ctrl Pts',(-15.6664300630204,3.15942261963118,4.00098441257026));
#2056=CARTESIAN_POINT('Ctrl Pts',(-15.4838618925324,2.95209108216503,4.00000047340904));
#2057=CARTESIAN_POINT('Ctrl Pts',(-15.4829362942385,2.95104519779773,4.));
#2058=CARTESIAN_POINT('Ctrl Pts',(-15.4820132005381,2.95,4.));
#2059=CARTESIAN_POINT('Ctrl Pts',(-15.7717872674202,4.13039082474343,4.37765944992474));
#2060=CARTESIAN_POINT('Ctrl Pts',(-15.7261990703777,4.20888439867809,4.54776466276972));
#2061=CARTESIAN_POINT('Ctrl Pts',(-15.6760203883094,4.25,4.73499855108424));
#2062=CARTESIAN_POINT('Ctrl Pts',(-15.6258127325797,4.25,4.92234055007558));
#2063=CARTESIAN_POINT('Ctrl Pts',(-15.7629376945756,4.05369097539509,4.41068024412075));
#2064=CARTESIAN_POINT('Ctrl Pts',(-15.7204007666982,4.1289340774658,4.56966336724232));
#2065=CARTESIAN_POINT('Ctrl Pts',(-15.6731263880567,4.16957662672105,4.74556214143023));
#2066=CARTESIAN_POINT('Ctrl Pts',(-15.6258127325797,4.17146018366026,4.92234055007558));
#2067=CARTESIAN_POINT('Ctrl Pts',(-15.8176439781372,3.90109987379074,4.49575336744242));
#2068=CARTESIAN_POINT('Ctrl Pts',(-15.7777930837407,3.96976636210657,4.63192312650381));
#2069=CARTESIAN_POINT('Ctrl Pts',(-15.7335086459055,4.009516979778,4.78422409336861));
#2070=CARTESIAN_POINT('Ctrl Pts',(-15.6885953790799,4.01499820412746,4.93916629933763));
#2071=CARTESIAN_POINT('Ctrl Pts',(-15.9799688231562,3.84967403030778,4.56298643500053));
#2072=CARTESIAN_POINT('Ctrl Pts',(-15.9363619172875,3.91231746544511,4.69173392369824));
#2073=CARTESIAN_POINT('Ctrl Pts',(-15.8881124287002,3.94700387241285,4.83516292435465));
#2074=CARTESIAN_POINT('Ctrl Pts',(-15.8397241261521,3.95,4.97966880355297));
#2075=CARTESIAN_POINT('Ctrl Pts',(-16.0615613343024,3.85799294211033,4.58101453834551));
#2076=CARTESIAN_POINT('Ctrl Pts',(-16.0159731372599,3.91837261436776,4.71186470207241));
#2077=CARTESIAN_POINT('Ctrl Pts',(-15.9657944551916,3.95,4.85589077000666));
#2078=CARTESIAN_POINT('Ctrl Pts',(-15.9155867994619,3.95,5.));
#2079=CARTESIAN_POINT('',(-15.6258127325797,4.25,4.92234055007558));
#2080=CARTESIAN_POINT('',(-15.9155867994619,3.95,5.));
#2081=CARTESIAN_POINT('Origin',(-15.9155867994619,4.25,5.));
#2082=CARTESIAN_POINT('Origin',(-15.9155867994619,2.95,5.));
#2083=CARTESIAN_POINT('Origin',(-15.6258127325797,2.95,4.92234055007558));
#2084=CARTESIAN_POINT('Origin',(-14.7710195698752,4.25,9.27077324472656));
#2085=CARTESIAN_POINT('',(-14.265,4.25,10.));
#2086=CARTESIAN_POINT('',(-14.5755867994619,3.95,10.));
#2087=CARTESIAN_POINT('Origin',(-14.5755867994619,4.25,10.));
#2088=CARTESIAN_POINT('',(-14.7710195698752,3.95,9.27077324472656));
#2089=CARTESIAN_POINT('',(-14.481245502993,4.25,9.19311379480213));
#2090=CARTESIAN_POINT('Origin',(-14.265,0.,10.));
#2091=CARTESIAN_POINT('',(-14.265,0.,10.));
#2092=CARTESIAN_POINT('',(-15.4844,11.,5.45000000000001));
#2093=CARTESIAN_POINT('Origin',(-15.069,11.,7.00000000000001));
#2094=CARTESIAN_POINT('',(-15.4844,23.,5.45000000000001));
#2095=CARTESIAN_POINT('Origin',(-15.069,23.,7.00000000000001));
#2096=CARTESIAN_POINT('',(-15.4844,35.,5.45));
#2097=CARTESIAN_POINT('Origin',(-15.069,35.,7.));
#2098=CARTESIAN_POINT('Ctrl Pts',(-3.56798679946192,2.95,4.));
#2099=CARTESIAN_POINT('Ctrl Pts',(-3.56684268633349,2.9512954530197,4.));
#2100=CARTESIAN_POINT('Ctrl Pts',(-3.56569876989344,2.95259036501714,4.00000127679974));
#2101=CARTESIAN_POINT('Ctrl Pts',(-3.44320015820503,3.09134315752087,4.00074081080926));
#2102=CARTESIAN_POINT('Ctrl Pts',(-3.25786241601476,3.30028596632039,4.04715896637811));
#2103=CARTESIAN_POINT('Ctrl Pts',(-3.01348662478324,3.62237702426694,4.23178969092281));
#2104=CARTESIAN_POINT('Ctrl Pts',(-2.93739164745304,3.79038328804876,4.43449611628864));
#2105=CARTESIAN_POINT('Ctrl Pts',(-2.98843866569756,3.85799294211022,4.58101453834526));
#2106=CARTESIAN_POINT('Ctrl Pts',(-3.56798679946192,2.95,4.));
#2107=CARTESIAN_POINT('Ctrl Pts',(-3.56702112913936,2.95143728441328,4.00000389026586));
#2108=CARTESIAN_POINT('Ctrl Pts',(-3.5660936894514,2.95283572490809,3.99999828313132));
#2109=CARTESIAN_POINT('Ctrl Pts',(-3.46319548902823,3.10631575955729,4.00082052471268));
#2110=CARTESIAN_POINT('Ctrl Pts',(-3.3104822841721,3.3342199546405,4.05700576467861));
#2111=CARTESIAN_POINT('Ctrl Pts',(-3.12639249783529,3.66124764228972,4.26491116831779));
#2112=CARTESIAN_POINT('Ctrl Pts',(-3.10070837714077,3.79439926340372,4.45489770976781));
#2113=CARTESIAN_POINT('Ctrl Pts',(-3.1516236879898,3.84135511850512,4.54495833165532));
#2114=CARTESIAN_POINT('Ctrl Pts',(-3.56798679946192,2.95,4.));
#2115=CARTESIAN_POINT('Ctrl Pts',(-3.56720724827052,2.95156244795659,4.00000470773041));
#2116=CARTESIAN_POINT('Ctrl Pts',(-3.56648035575333,2.95309977875012,3.99999768007529));
#2117=CARTESIAN_POINT('Ctrl Pts',(-3.48358786644651,3.12008530507001,4.00068460424259));
#2118=CARTESIAN_POINT('Ctrl Pts',(-3.36309847048604,3.36983109067356,4.05104316241282));
#2119=CARTESIAN_POINT('Ctrl Pts',(-3.23816977734058,3.74222477402557,4.23333522611721));
#2120=CARTESIAN_POINT('Ctrl Pts',(-3.25109211042273,3.9136757947307,4.38343871424756));
#2121=CARTESIAN_POINT('Ctrl Pts',(-3.29591187826882,3.97699112604662,4.44370103831649));
#2122=CARTESIAN_POINT('Ctrl Pts',(-3.56798679946192,2.95,4.));
#2123=CARTESIAN_POINT('Ctrl Pts',(-3.56741474289768,2.95168408892565,4.));
#2124=CARTESIAN_POINT('Ctrl Pts',(-3.56684278467768,2.95336747452228,4.00000082991983));
#2125=CARTESIAN_POINT('Ctrl Pts',(-3.50559347883385,3.1337461047766,4.00048152702606));
#2126=CARTESIAN_POINT('Ctrl Pts',(-3.41292460773841,3.40537175621641,4.03065332814577));
#2127=CARTESIAN_POINT('Ctrl Pts',(-3.29073671212267,3.82409013154689,4.15066329909982));
#2128=CARTESIAN_POINT('Ctrl Pts',(-3.25268922345748,4.04249827446339,4.28242247558762));
#2129=CARTESIAN_POINT('Ctrl Pts',(-3.27821273257974,4.13039082474328,4.37765944992442));
#2130=CARTESIAN_POINT('',(-2.98843866569756,3.85799294211022,4.58101453834526));
#2131=CARTESIAN_POINT('',(-3.27821273257974,4.13039082474328,4.37765944992442));
#2132=CARTESIAN_POINT('Origin',(-2.98843866569756,4.13039082474328,4.45531889984884));
#2133=CARTESIAN_POINT('',(-3.56798679946192,2.95,4.));
#2134=CARTESIAN_POINT('Ctrl Pts',(-3.27821273257974,4.13039082474328,4.37765944992442));
#2135=CARTESIAN_POINT('Ctrl Pts',(-3.25268922345748,4.04249827446339,4.28242247558762));
#2136=CARTESIAN_POINT('Ctrl Pts',(-3.29073671212267,3.82409013154689,4.15066329909982));
#2137=CARTESIAN_POINT('Ctrl Pts',(-3.41292460773841,3.40537175621641,4.03065332814577));
#2138=CARTESIAN_POINT('Ctrl Pts',(-3.50559347883385,3.1337461047766,4.00048152702606));
#2139=CARTESIAN_POINT('Ctrl Pts',(-3.56684278467768,2.95336747452228,4.00000082991983));
#2140=CARTESIAN_POINT('Ctrl Pts',(-3.56741474289768,2.95168408892565,4.));
#2141=CARTESIAN_POINT('Ctrl Pts',(-3.56798679946192,2.95,4.));
#2142=CARTESIAN_POINT('Ctrl Pts',(-3.56798679946192,2.95,4.));
#2143=CARTESIAN_POINT('Ctrl Pts',(-3.56684268633349,2.9512954530197,4.));
#2144=CARTESIAN_POINT('Ctrl Pts',(-3.56569876989344,2.95259036501714,4.00000127679974));
#2145=CARTESIAN_POINT('Ctrl Pts',(-3.44320015820503,3.09134315752087,4.00074081080926));
#2146=CARTESIAN_POINT('Ctrl Pts',(-3.25786241601476,3.30028596632039,4.04715896637811));
#2147=CARTESIAN_POINT('Ctrl Pts',(-3.01348662478324,3.62237702426694,4.23178969092281));
#2148=CARTESIAN_POINT('Ctrl Pts',(-2.93739164745304,3.79038328804876,4.43449611628864));
#2149=CARTESIAN_POINT('Ctrl Pts',(-2.98843866569756,3.85799294211022,4.58101453834526));
#2150=CARTESIAN_POINT('Ctrl Pts',(-2.98843866569756,3.85799294211022,4.58101453834526));
#2151=CARTESIAN_POINT('Ctrl Pts',(-3.03402686274004,3.91837261436772,4.71186470207223));
#2152=CARTESIAN_POINT('Ctrl Pts',(-3.08420554480836,3.95,4.85589077000657));
#2153=CARTESIAN_POINT('Ctrl Pts',(-3.13441320053807,3.95,5.));
#2154=CARTESIAN_POINT('Ctrl Pts',(-3.07003117684368,3.84967403030767,4.56298643500029));
#2155=CARTESIAN_POINT('Ctrl Pts',(-3.11363808271244,3.91231746544507,4.69173392369806));
#2156=CARTESIAN_POINT('Ctrl Pts',(-3.16188757129978,3.94700387241285,4.83516292435456));
#2157=CARTESIAN_POINT('Ctrl Pts',(-3.2102758738479,3.95,4.97966880355296));
#2158=CARTESIAN_POINT('Ctrl Pts',(-3.23243033998458,3.90103001212473,4.49576568724481));
#2159=CARTESIAN_POINT('Ctrl Pts',(-3.27228123438111,3.96969650044063,4.63193544630627));
#2160=CARTESIAN_POINT('Ctrl Pts',(-3.31654588408578,4.00946052545977,4.78420947933085));
#2161=CARTESIAN_POINT('Ctrl Pts',(-3.36145915091136,4.01494174980923,4.93915168529996));
#2162=CARTESIAN_POINT('Ctrl Pts',(-3.28706230542428,4.05369097539495,4.41068024412045));
#2163=CARTESIAN_POINT('Ctrl Pts',(-3.32959923330174,4.12893407746575,4.5696633672421));
#2164=CARTESIAN_POINT('Ctrl Pts',(-3.3768736119433,4.16957662672105,4.74556214143012));
#2165=CARTESIAN_POINT('Ctrl Pts',(-3.42418726742025,4.17146018366026,4.92234055007558));
#2166=CARTESIAN_POINT('Ctrl Pts',(-3.27821273257974,4.13039082474328,4.37765944992442));
#2167=CARTESIAN_POINT('Ctrl Pts',(-3.32380092962222,4.20888439867804,4.54776466276948));
#2168=CARTESIAN_POINT('Ctrl Pts',(-3.37397961169054,4.25,4.73499855108412));
#2169=CARTESIAN_POINT('Ctrl Pts',(-3.42418726742025,4.25,4.92234055007558));
#2170=CARTESIAN_POINT('',(-3.13441320053807,3.95,5.));
#2171=CARTESIAN_POINT('',(-3.42418726742025,4.25,4.92234055007558));
#2172=CARTESIAN_POINT('Origin',(-3.13441320053807,4.25,5.));
#2173=CARTESIAN_POINT('Origin',(-3.42418726742025,2.95,4.92234055007558));
#2174=CARTESIAN_POINT('Origin',(-3.13441320053807,2.95,5.));
#2175=CARTESIAN_POINT('Origin',(-3.47498043012479,4.25,6.27077324472655));
#2176=CARTESIAN_POINT('',(-3.76475449700697,4.25,6.19311379480213));
#2177=CARTESIAN_POINT('',(-3.47498043012479,3.95,6.27077324472655));
#2178=CARTESIAN_POINT('Origin',(-9.525,3.95,7.));
#2179=CARTESIAN_POINT('',(2.33146835171283E-15,3.95,5.));
#2180=CARTESIAN_POINT('',(-12.699,3.95,5.));
#2181=CARTESIAN_POINT('',(3.88578058618805E-15,3.95,8.5));
#2182=CARTESIAN_POINT('Origin',(-12.699,2.95,5.));
#2183=CARTESIAN_POINT('',(1.77635683940025E-15,2.95,4.));
#2184=CARTESIAN_POINT('',(-12.699,2.95,4.));
#2185=CARTESIAN_POINT('Origin',(2.22044604925031E-15,2.95,5.));
#2186=CARTESIAN_POINT('Origin',(-15.873,0.,4.));
#2187=CARTESIAN_POINT('',(-3.56798679946192,0.,4.));
#2188=CARTESIAN_POINT('',(2.22044604925031E-15,46.,4.));
#2189=CARTESIAN_POINT('',(2.22044604925031E-15,23.,4.));
#2190=CARTESIAN_POINT('',(-9.525,46.,4.));
#2191=CARTESIAN_POINT('',(-14.2875,46.,4.));
#2192=CARTESIAN_POINT('',(-7.025,43.5,4.));
#2193=CARTESIAN_POINT('Origin',(-9.525,43.5,4.));
#2194=CARTESIAN_POINT('Origin',(-9.525,43.5,4.));
#2195=CARTESIAN_POINT('',(-19.05,46.,4.));
#2196=CARTESIAN_POINT('',(-14.2875,46.,4.));
#2197=CARTESIAN_POINT('',(-19.05,23.,4.));
#2198=CARTESIAN_POINT('',(-19.05,2.95,4.));
#2199=CARTESIAN_POINT('',(-12.699,2.95,4.));
#2200=CARTESIAN_POINT('',(-19.05,0.,4.));
#2201=CARTESIAN_POINT('',(-19.05,0.,4.));
#2202=CARTESIAN_POINT('',(-9.52500000000001,0.,4.));
#2203=CARTESIAN_POINT('',(-4.7625,0.,4.));
#2204=CARTESIAN_POINT('',(-7.02500000000001,2.5,4.));
#2205=CARTESIAN_POINT('Origin',(-9.52500000000001,2.5,4.));
#2206=CARTESIAN_POINT('Origin',(-9.52500000000001,2.5,4.));
#2207=CARTESIAN_POINT('',(4.44089209850063E-15,0.,4.));
#2208=CARTESIAN_POINT('',(-4.7625,0.,4.));
#2209=CARTESIAN_POINT('',(1.77635683940025E-15,0.,4.));
#2210=CARTESIAN_POINT('',(-3.91337752345545,23.,4.));
#2211=CARTESIAN_POINT('Origin',(-9.525,23.,4.));
#2212=CARTESIAN_POINT('',(-7.025,31.5,4.));
#2213=CARTESIAN_POINT('Origin',(-9.525,31.5,4.));
#2214=CARTESIAN_POINT('',(-7.02500000000001,14.5,4.));
#2215=CARTESIAN_POINT('Origin',(-9.52500000000001,14.5,4.));
#2216=CARTESIAN_POINT('Origin',(-12.699,2.95,5.));
#2217=CARTESIAN_POINT('',(-19.05,3.95,5.00000000000001));
#2218=CARTESIAN_POINT('',(-12.699,3.95,5.));
#2219=CARTESIAN_POINT('Origin',(-19.05,2.95,5.00000000000001));
#2220=CARTESIAN_POINT('Origin',(-9.525,3.95,7.));
#2221=CARTESIAN_POINT('',(-19.05,3.95,10.));
#2222=CARTESIAN_POINT('',(-14.2875,3.95,10.));
#2223=CARTESIAN_POINT('',(-19.05,3.95,3.5));
#2224=CARTESIAN_POINT('Origin',(-3.56798679946192,0.,4.3));
#2225=CARTESIAN_POINT('',(-3.27821273257974,0.,4.37765944992442));
#2226=CARTESIAN_POINT('Origin',(-3.177,0.,4.));
#2227=CARTESIAN_POINT('',(-3.5656,35.,5.45));
#2228=CARTESIAN_POINT('Origin',(-3.981,35.,7.));
#2229=CARTESIAN_POINT('',(-3.5656,23.,5.45000000000001));
#2230=CARTESIAN_POINT('Origin',(-3.981,23.,7.00000000000001));
#2231=CARTESIAN_POINT('',(-3.5656,11.,5.45000000000001));
#2232=CARTESIAN_POINT('Origin',(-3.981,11.,7.00000000000001));
#2233=CARTESIAN_POINT('Origin',(-9.525,23.,3.7));
#2234=CARTESIAN_POINT('',(-4.21337752345545,23.,3.7));
#2235=CARTESIAN_POINT('Origin',(-3.91337752345545,23.,3.7));
#2236=CARTESIAN_POINT('',(-14.8366224765445,23.,3.70000000000001));
#2237=CARTESIAN_POINT('Origin',(-9.525,23.,3.7));
#2238=CARTESIAN_POINT('Origin',(-9.525,23.,3.7));
#2239=CARTESIAN_POINT('Origin',(-9.525,23.,4.));
#2240=CARTESIAN_POINT('',(-14.8366224765446,23.,1.5));
#2241=CARTESIAN_POINT('',(-14.8366224765445,23.,4.));
#2242=CARTESIAN_POINT('Origin',(-9.525,23.,1.5));
#2243=CARTESIAN_POINT('Origin',(-9.525,23.,1.2));
#2244=CARTESIAN_POINT('',(-6.125,23.,1.5));
#2245=CARTESIAN_POINT('Origin',(-9.525,23.,1.5));
#2246=CARTESIAN_POINT('',(-6.425,23.,1.2));
#2247=CARTESIAN_POINT('Origin',(-6.125,23.,1.2));
#2248=CARTESIAN_POINT('',(-12.625,23.,1.2));
#2249=CARTESIAN_POINT('Origin',(-9.525,23.,1.2));
#2250=CARTESIAN_POINT('Origin',(-9.525,23.,1.2));
#2251=CARTESIAN_POINT('Origin',(-9.525,23.,1.5));
#2252=CARTESIAN_POINT('',(-12.625,23.,-0.999999999999997));
#2253=CARTESIAN_POINT('',(-12.625,23.,1.5));
#2254=CARTESIAN_POINT('Origin',(-9.525,23.,-0.999999999999999));
#2255=CARTESIAN_POINT('Origin',(-9.525,23.,1.5));
#2256=CARTESIAN_POINT('Origin',(-9.525,23.,-0.999999999999999));
#2257=CARTESIAN_POINT('',(-7.975,23.,-0.999999999999999));
#2258=CARTESIAN_POINT('Origin',(-9.525,23.,-0.999999999999996));
#2259=CARTESIAN_POINT('Origin',(-9.525,23.,-12.5));
#2260=CARTESIAN_POINT('',(-6.625,23.,-12.));
#2261=CARTESIAN_POINT('Origin',(-9.525,23.,-12.));
#2262=CARTESIAN_POINT('',(-7.125,23.,-12.5));
#2263=CARTESIAN_POINT('Origin',(-6.625,23.,-12.5));
#2264=CARTESIAN_POINT('Origin',(-9.525,23.,-12.5));
#2265=CARTESIAN_POINT('Origin',(-9.525,23.,-12.));
#2266=CARTESIAN_POINT('Origin',(-9.525,43.5,3.5));
#2267=CARTESIAN_POINT('',(-7.525,43.5,3.5));
#2268=CARTESIAN_POINT('Origin',(-7.025,43.5,3.5));
#2269=CARTESIAN_POINT('',(-11.525,43.5,3.5));
#2270=CARTESIAN_POINT('Origin',(-9.525,43.5,3.5));
#2271=CARTESIAN_POINT('Origin',(-9.525,43.5,3.5));
#2272=CARTESIAN_POINT('Origin',(-9.525,43.5,4.));
#2273=CARTESIAN_POINT('',(-11.525,43.5,1.9));
#2274=CARTESIAN_POINT('',(-11.525,43.5,4.));
#2275=CARTESIAN_POINT('Origin',(-9.52500000000001,43.5,1.9));
#2276=CARTESIAN_POINT('Origin',(-9.525,31.5,3.5));
#2277=CARTESIAN_POINT('',(-7.525,31.5,3.5));
#2278=CARTESIAN_POINT('Origin',(-7.025,31.5,3.5));
#2279=CARTESIAN_POINT('',(-11.525,31.5,3.5));
#2280=CARTESIAN_POINT('Origin',(-9.525,31.5,3.5));
#2281=CARTESIAN_POINT('Origin',(-9.525,31.5,3.5));
#2282=CARTESIAN_POINT('Origin',(-9.525,31.5,4.));
#2283=CARTESIAN_POINT('',(-11.525,31.5,1.9));
#2284=CARTESIAN_POINT('',(-11.525,31.5,4.));
#2285=CARTESIAN_POINT('Origin',(-9.52500000000001,31.5,1.9));
#2286=CARTESIAN_POINT('Origin',(-9.52500000000001,14.5,3.5));
#2287=CARTESIAN_POINT('',(-7.52500000000001,14.5,3.5));
#2288=CARTESIAN_POINT('Origin',(-7.02500000000001,14.5,3.5));
#2289=CARTESIAN_POINT('',(-11.525,14.5,3.5));
#2290=CARTESIAN_POINT('Origin',(-9.52500000000001,14.5,3.5));
#2291=CARTESIAN_POINT('Origin',(-9.52500000000001,14.5,3.5));
#2292=CARTESIAN_POINT('Origin',(-9.52500000000001,14.5,4.));
#2293=CARTESIAN_POINT('',(-11.525,14.5,1.9));
#2294=CARTESIAN_POINT('',(-11.525,14.5,4.));
#2295=CARTESIAN_POINT('Origin',(-9.52500000000001,14.5,1.9));
#2296=CARTESIAN_POINT('Origin',(-9.52500000000001,2.5,3.5));
#2297=CARTESIAN_POINT('',(-7.52500000000001,2.5,3.5));
#2298=CARTESIAN_POINT('Origin',(-7.02500000000001,2.5,3.5));
#2299=CARTESIAN_POINT('',(-11.525,2.5,3.5));
#2300=CARTESIAN_POINT('Origin',(-9.52500000000001,2.5,3.5));
#2301=CARTESIAN_POINT('Origin',(-9.52500000000001,2.5,3.5));
#2302=CARTESIAN_POINT('Origin',(-9.52500000000001,2.5,4.));
#2303=CARTESIAN_POINT('',(-11.525,2.5,1.9));
#2304=CARTESIAN_POINT('',(-11.525,2.5,4.));
#2305=CARTESIAN_POINT('Origin',(-9.52500000000001,2.5,1.9));
#2306=CARTESIAN_POINT('Origin',(4.44089209850063E-15,0.,10.));
#2307=CARTESIAN_POINT('',(4.44089209850063E-15,0.,10.));
#2308=CARTESIAN_POINT('',(4.44089209850063E-15,46.,10.));
#2309=CARTESIAN_POINT('',(4.44089209850063E-15,11.,5.45000000000001));
#2310=CARTESIAN_POINT('Origin',(4.44089209850063E-15,11.,7.00000000000001));
#2311=CARTESIAN_POINT('',(4.44089209850063E-15,23.,5.45000000000001));
#2312=CARTESIAN_POINT('Origin',(4.44089209850063E-15,23.,7.00000000000001));
#2313=CARTESIAN_POINT('',(4.44089209850063E-15,35.,5.45));
#2314=CARTESIAN_POINT('Origin',(4.44089209850063E-15,35.,7.));
#2315=CARTESIAN_POINT('Origin',(-9.525,0.,5.));
#2316=CARTESIAN_POINT('',(-19.05,0.,0.));
#2317=CARTESIAN_POINT('Origin',(-19.05,0.,0.));
#2318=CARTESIAN_POINT('',(-19.05,10.0395313643851,10.));
#2319=CARTESIAN_POINT('',(-19.05,0.,10.));
#2320=CARTESIAN_POINT('',(-19.05,11.,3.85000000000001));
#2321=CARTESIAN_POINT('Origin',(-19.05,11.,7.00000000000001));
#2322=CARTESIAN_POINT('',(-19.05,11.9604686356149,10.));
#2323=CARTESIAN_POINT('Origin',(-19.05,11.,7.00000000000001));
#2324=CARTESIAN_POINT('',(-19.05,22.0395313643851,10.));
#2325=CARTESIAN_POINT('',(-19.05,0.,10.));
#2326=CARTESIAN_POINT('',(-19.05,23.,3.85000000000001));
#2327=CARTESIAN_POINT('Origin',(-19.05,23.,7.00000000000001));
#2328=CARTESIAN_POINT('',(-19.05,23.9604686356149,10.));
#2329=CARTESIAN_POINT('Origin',(-19.05,23.,7.00000000000001));
#2330=CARTESIAN_POINT('',(-19.05,34.0395313643851,10.));
#2331=CARTESIAN_POINT('',(-19.05,0.,10.));
#2332=CARTESIAN_POINT('',(-19.05,35.,3.85));
#2333=CARTESIAN_POINT('Origin',(-19.05,35.,7.));
#2334=CARTESIAN_POINT('',(-19.05,35.9604686356149,10.));
#2335=CARTESIAN_POINT('Origin',(-19.05,35.,7.));
#2336=CARTESIAN_POINT('',(-19.05,0.,10.));
#2337=CARTESIAN_POINT('',(-19.05,46.,0.));
#2338=CARTESIAN_POINT('Origin',(-19.05,0.,10.));
#2339=CARTESIAN_POINT('Ctrl Pts',(-19.05,35.9604686356149,10.));
#2340=CARTESIAN_POINT('Ctrl Pts',(-18.7571428571429,35.,10.));
#2341=CARTESIAN_POINT('Ctrl Pts',(-19.05,34.0395313643851,10.));
#2342=CARTESIAN_POINT('Ctrl Pts',(-19.05,23.9604686356149,10.));
#2343=CARTESIAN_POINT('Ctrl Pts',(-18.7571428571429,23.,10.));
#2344=CARTESIAN_POINT('Ctrl Pts',(-19.05,22.0395313643851,10.));
#2345=CARTESIAN_POINT('Ctrl Pts',(-19.05,11.9604686356149,10.));
#2346=CARTESIAN_POINT('Ctrl Pts',(-18.7571428571429,11.,10.));
#2347=CARTESIAN_POINT('Ctrl Pts',(-19.05,10.0395313643851,10.));
#2348=CARTESIAN_POINT('Origin',(-9.52500000000001,31.5,1.9));
#2349=CARTESIAN_POINT('',(-8.475,31.5,1.9));
#2350=CARTESIAN_POINT('Origin',(-9.52500000000001,31.5,1.9));
#2351=CARTESIAN_POINT('Origin',(-9.52500000000001,14.5,1.9));
#2352=CARTESIAN_POINT('',(-8.47500000000001,14.5,1.9));
#2353=CARTESIAN_POINT('Origin',(-9.52500000000001,14.5,1.9));
#2354=CARTESIAN_POINT('Origin',(-9.52500000000001,43.5,1.9));
#2355=CARTESIAN_POINT('',(-8.475,43.5,1.9));
#2356=CARTESIAN_POINT('Origin',(-9.525,43.5,1.9));
#2357=CARTESIAN_POINT('Origin',(-9.52500000000001,2.5,1.9));
#2358=CARTESIAN_POINT('',(-8.47500000000001,2.5,1.9));
#2359=CARTESIAN_POINT('Origin',(-9.52500000000001,2.5,1.9));
#2360=CARTESIAN_POINT('Origin',(35.5865491223595,35.,7.));
#2361=CARTESIAN_POINT('',(-17.45,35.,5.45));
#2362=CARTESIAN_POINT('Origin',(-17.45,35.,7.));
#2363=CARTESIAN_POINT('',(35.5865491223595,35.,5.45));
#2364=CARTESIAN_POINT('Origin',(-18.25,35.,7.));
#2365=CARTESIAN_POINT('',(-18.25,35.,4.65));
#2366=CARTESIAN_POINT('Origin',(35.5865491223595,35.,7.));
#2367=CARTESIAN_POINT('',(35.5865491223595,35.,5.45));
#2368=CARTESIAN_POINT('Origin',(35.5865491223595,23.,7.00000000000001));
#2369=CARTESIAN_POINT('',(-17.45,23.,5.45000000000001));
#2370=CARTESIAN_POINT('Origin',(-17.45,23.,7.00000000000001));
#2371=CARTESIAN_POINT('',(35.5865491223595,23.,5.45000000000001));
#2372=CARTESIAN_POINT('Origin',(-18.25,23.,7.00000000000001));
#2373=CARTESIAN_POINT('',(-18.25,23.,4.65000000000001));
#2374=CARTESIAN_POINT('Origin',(35.5865491223595,23.,7.00000000000001));
#2375=CARTESIAN_POINT('',(35.5865491223595,23.,5.45000000000001));
#2376=CARTESIAN_POINT('Origin',(35.5865491223595,11.,7.00000000000001));
#2377=CARTESIAN_POINT('',(-17.45,11.,5.45000000000001));
#2378=CARTESIAN_POINT('Origin',(-17.45,11.,7.00000000000001));
#2379=CARTESIAN_POINT('',(35.5865491223595,11.,5.45000000000001));
#2380=CARTESIAN_POINT('Origin',(-18.25,11.,7.00000000000001));
#2381=CARTESIAN_POINT('',(-18.25,11.,4.65000000000001));
#2382=CARTESIAN_POINT('Origin',(35.5865491223595,11.,7.00000000000001));
#2383=CARTESIAN_POINT('',(35.5865491223595,11.,5.45000000000001));
#2384=CARTESIAN_POINT('Origin',(-9.52500000000001,14.5,54.6365491223595));
#2385=CARTESIAN_POINT('',(-8.47500000000001,14.5,54.6365491223595));
#2386=CARTESIAN_POINT('Origin',(-9.52500000000001,2.5,54.6365491223595));
#2387=CARTESIAN_POINT('',(-8.47500000000001,2.5,54.6365491223595));
#2388=CARTESIAN_POINT('Origin',(-9.52500000000001,31.5,54.6365491223595));
#2389=CARTESIAN_POINT('',(-8.475,31.5,54.6365491223595));
#2390=CARTESIAN_POINT('Origin',(-9.525,43.5,54.6365491223595));
#2391=CARTESIAN_POINT('',(-8.475,43.5,54.6365491223595));
#2392=CARTESIAN_POINT('Origin',(-9.525,23.,42.1365491223595));
#2393=CARTESIAN_POINT('',(-7.975,23.,-12.5));
#2394=CARTESIAN_POINT('Origin',(-9.525,23.,-12.5));
#2395=CARTESIAN_POINT('',(-7.975,23.,42.1365491223595));
#2396=CARTESIAN_POINT('Origin',(-9.525,23.,-12.5));
#2397=CARTESIAN_POINT('Origin',(-9.525,46.,5.));
#2398=UNCERTAINTY_MEASURE_WITH_UNIT(LENGTH_MEASURE(0.01),#2402,
'DISTANCE_ACCURACY_VALUE',
'Maximum model space distance between geometric entities at asserted c
onnectivities');
#2399=UNCERTAINTY_MEASURE_WITH_UNIT(LENGTH_MEASURE(0.01),#2402,
'DISTANCE_ACCURACY_VALUE',
'Maximum model space distance between geometric entities at asserted c
onnectivities');
#2400=(
GEOMETRIC_REPRESENTATION_CONTEXT(3)
GLOBAL_UNCERTAINTY_ASSIGNED_CONTEXT((#2398))
GLOBAL_UNIT_ASSIGNED_CONTEXT((#2402,#2404,#2405))
REPRESENTATION_CONTEXT('','3D')
);
#2401=(
GEOMETRIC_REPRESENTATION_CONTEXT(3)
GLOBAL_UNCERTAINTY_ASSIGNED_CONTEXT((#2399))
GLOBAL_UNIT_ASSIGNED_CONTEXT((#2402,#2404,#2405))
REPRESENTATION_CONTEXT('','3D')
);
#2402=(
LENGTH_UNIT()
NAMED_UNIT(*)
SI_UNIT(.MILLI.,.METRE.)
);
#2403=(
LENGTH_UNIT()
NAMED_UNIT(*)
SI_UNIT(.CENTI.,.METRE.)
);
#2404=(
NAMED_UNIT(*)
PLANE_ANGLE_UNIT()
SI_UNIT($,.RADIAN.)
);
#2405=(
NAMED_UNIT(*)
SI_UNIT($,.STERADIAN.)
SOLID_ANGLE_UNIT()
);
#2406=SHAPE_DEFINITION_REPRESENTATION(#2407,#2408);
#2407=PRODUCT_DEFINITION_SHAPE('',$,#2410);
#2408=SHAPE_REPRESENTATION('',(#1246),#2400);
#2409=PRODUCT_DEFINITION_CONTEXT('part definition',#2414,'design');
#2410=PRODUCT_DEFINITION('finger_adaptor','finger_adaptor',#2411,#2409);
#2411=PRODUCT_DEFINITION_FORMATION('',$,#2416);
#2412=PRODUCT_RELATED_PRODUCT_CATEGORY('finger_adaptor',
'finger_adaptor',(#2416));
#2413=APPLICATION_PROTOCOL_DEFINITION('international standard',
'automotive_design',2009,#2414);
#2414=APPLICATION_CONTEXT(
'Core Data for Automotive Mechanical Design Process');
#2415=PRODUCT_CONTEXT('part definition',#2414,'mechanical');
#2416=PRODUCT('finger_adaptor','finger_adaptor',$,(#2415));
#2417=PRESENTATION_STYLE_ASSIGNMENT((#2418));
#2418=SURFACE_STYLE_USAGE(.BOTH.,#2421);
#2419=SURFACE_STYLE_RENDERING_WITH_PROPERTIES($,#2425,(#2420));
#2420=SURFACE_STYLE_TRANSPARENT(0.);
#2421=SURFACE_SIDE_STYLE('',(#2422,#2419));
#2422=SURFACE_STYLE_FILL_AREA(#2423);
#2423=FILL_AREA_STYLE('',(#2424));
#2424=FILL_AREA_STYLE_COLOUR('',#2425);
#2425=COLOUR_RGB('',0.0196078431372549,0.0196078431372549,0.0196078431372549);
ENDSEC;
END-ISO-10303-21;
