ISO-10303-21;
HEADER;
/* Generated by software containing ST-Developer
 * from STEP Tools, Inc. (www.steptools.com) 
 */

FILE_DESCRIPTION(
/* description */ (''),
/* implementation_level */ '2;1');

FILE_NAME(
/* name */ 'finger_MIR1.stp',
/* time_stamp */ '2026-05-04T17:29:38+09:00',
/* author */ ('kshau'),
/* organization */ (''),
/* preprocessor_version */ 'ST-DEVELOPER v20',
/* originating_system */ 'Autodesk Inventor 2024',
/* authorisation */ '');

FILE_SCHEMA (('AUTOMOTIVE_DESIGN { 1 0 10303 214 3 1 1 }'));
ENDSEC;

DATA;
#10=MECHANICAL_DESIGN_GEOMETRIC_PRESENTATION_REPRESENTATION('',(#1021,#1022,
#1023,#1024,#1025,#1026,#1027,#1028,#1029,#1030,#1031,#1032,#1033,#1034,
#1035,#1036,#1037,#1038,#1039,#1040,#1041,#1042,#1043,#1044,#1045,#1046,
#1047,#1048,#1049,#1050,#1051,#1052,#1053,#1054,#1055,#1056,#1057,#1058,
#1059,#1060,#1061,#1062,#1063,#1064,#1065,#1066,#1067,#1068,#1069,#1070,
#1071,#1072,#1073,#1074,#1075,#1076,#1077,#1078,#1079,#1080,#1081),#2424);
#11=SHAPE_REPRESENTATION_RELATIONSHIP('SRR','None',#2431,#12);
#12=ADVANCED_BREP_SHAPE_REPRESENTATION('',(#13),#2423);
#13=MANIFOLD_SOLID_BREP('\X2\30BD30EA30C330C9\X0\1',#1142);
#14=CONICAL_SURFACE('',#1224,3.,0.785398163397451);
#15=FACE_BOUND('',#318,.T.);
#16=FACE_BOUND('',#319,.T.);
#17=FACE_BOUND('',#320,.T.);
#18=FACE_BOUND('',#350,.T.);
#19=FACE_BOUND('',#361,.T.);
#20=FACE_BOUND('',#362,.T.);
#21=FACE_BOUND('',#363,.T.);
#22=PLANE('',#1193);
#23=PLANE('',#1195);
#24=PLANE('',#1196);
#25=PLANE('',#1200);
#26=PLANE('',#1207);
#27=PLANE('',#1212);
#28=PLANE('',#1213);
#29=PLANE('',#1214);
#30=PLANE('',#1218);
#31=PLANE('',#1222);
#32=PLANE('',#1223);
#33=PLANE('',#1226);
#34=PLANE('',#1229);
#35=PLANE('',#1232);
#36=PLANE('',#1234);
#37=PLANE('',#1237);
#38=PLANE('',#1239);
#39=PLANE('',#1241);
#40=PLANE('',#1242);
#41=PLANE('',#1243);
#42=PLANE('',#1244);
#43=PLANE('',#1245);
#44=PLANE('',#1246);
#45=PLANE('',#1247);
#46=LINE('',#1755,#123);
#47=LINE('',#1756,#124);
#48=LINE('',#1815,#125);
#49=LINE('',#1816,#126);
#50=LINE('',#1821,#127);
#51=LINE('',#1822,#128);
#52=LINE('',#1856,#129);
#53=LINE('',#1857,#130);
#54=LINE('',#1894,#131);
#55=LINE('',#1895,#132);
#56=LINE('',#1900,#133);
#57=LINE('',#1901,#134);
#58=LINE('',#1904,#135);
#59=LINE('',#1906,#136);
#60=LINE('',#2001,#137);
#61=LINE('',#2009,#138);
#62=LINE('',#2011,#139);
#63=LINE('',#2019,#140);
#64=LINE('',#2020,#141);
#65=LINE('',#2023,#142);
#66=LINE('',#2027,#143);
#67=LINE('',#2031,#144);
#68=LINE('',#2069,#145);
#69=LINE('',#2077,#146);
#70=LINE('',#2079,#147);
#71=LINE('',#2081,#148);
#72=LINE('',#2083,#149);
#73=LINE('',#2084,#150);
#74=LINE('',#2126,#151);
#75=LINE('',#2158,#152);
#76=LINE('',#2161,#153);
#77=LINE('',#2163,#154);
#78=LINE('',#2165,#155);
#79=LINE('',#2167,#156);
#80=LINE('',#2173,#157);
#81=LINE('',#2176,#158);
#82=LINE('',#2177,#159);
#83=LINE('',#2201,#160);
#84=LINE('',#2207,#161);
#85=LINE('',#2235,#162);
#86=LINE('',#2237,#163);
#87=LINE('',#2238,#164);
#88=LINE('',#2274,#165);
#89=LINE('',#2278,#166);
#90=LINE('',#2282,#167);
#91=LINE('',#2286,#168);
#92=LINE('',#2289,#169);
#93=LINE('',#2291,#170);
#94=LINE('',#2292,#171);
#95=LINE('',#2314,#172);
#96=LINE('',#2317,#173);
#97=LINE('',#2319,#174);
#98=LINE('',#2320,#175);
#99=LINE('',#2323,#176);
#100=LINE('',#2342,#177);
#101=LINE('',#2369,#178);
#102=LINE('',#2371,#179);
#103=LINE('',#2372,#180);
#104=LINE('',#2376,#181);
#105=LINE('',#2379,#182);
#106=LINE('',#2380,#183);
#107=LINE('',#2382,#184);
#108=LINE('',#2384,#185);
#109=LINE('',#2387,#186);
#110=LINE('',#2389,#187);
#111=LINE('',#2392,#188);
#112=LINE('',#2394,#189);
#113=LINE('',#2396,#190);
#114=LINE('',#2400,#191);
#115=LINE('',#2402,#192);
#116=LINE('',#2403,#193);
#117=LINE('',#2405,#194);
#118=LINE('',#2407,#195);
#119=LINE('',#2408,#196);
#120=LINE('',#2410,#197);
#121=LINE('',#2413,#198);
#122=LINE('',#2415,#199);
#123=VECTOR('',#1276,10.);
#124=VECTOR('',#1277,10.);
#125=VECTOR('',#1286,10.);
#126=VECTOR('',#1287,10.);
#127=VECTOR('',#1292,10.);
#128=VECTOR('',#1293,10.);
#129=VECTOR('',#1304,10.);
#130=VECTOR('',#1305,10.);
#131=VECTOR('',#1310,10.);
#132=VECTOR('',#1311,10.);
#133=VECTOR('',#1316,10.);
#134=VECTOR('',#1317,10.);
#135=VECTOR('',#1320,8.5);
#136=VECTOR('',#1321,10.);
#137=VECTOR('',#1322,10.);
#138=VECTOR('',#1327,10.);
#139=VECTOR('',#1330,10.);
#140=VECTOR('',#1339,10.);
#141=VECTOR('',#1340,10.);
#142=VECTOR('',#1343,1.75);
#143=VECTOR('',#1348,1.75);
#144=VECTOR('',#1353,1.75);
#145=VECTOR('',#1356,10.);
#146=VECTOR('',#1359,10.);
#147=VECTOR('',#1360,10.);
#148=VECTOR('',#1361,10.);
#149=VECTOR('',#1362,10.);
#150=VECTOR('',#1363,10.);
#151=VECTOR('',#1366,10.);
#152=VECTOR('',#1373,10.);
#153=VECTOR('',#1376,10.);
#154=VECTOR('',#1377,10.);
#155=VECTOR('',#1378,10.);
#156=VECTOR('',#1379,10.);
#157=VECTOR('',#1380,10.);
#158=VECTOR('',#1383,10.);
#159=VECTOR('',#1384,10.);
#160=VECTOR('',#1385,10.);
#161=VECTOR('',#1386,10.);
#162=VECTOR('',#1389,10.);
#163=VECTOR('',#1390,10.);
#164=VECTOR('',#1391,10.);
#165=VECTOR('',#1396,10.);
#166=VECTOR('',#1401,10.);
#167=VECTOR('',#1404,10.);
#168=VECTOR('',#1409,10.);
#169=VECTOR('',#1412,10.);
#170=VECTOR('',#1413,10.);
#171=VECTOR('',#1414,10.);
#172=VECTOR('',#1415,10.);
#173=VECTOR('',#1418,10.);
#174=VECTOR('',#1419,10.);
#175=VECTOR('',#1420,10.);
#176=VECTOR('',#1423,10.);
#177=VECTOR('',#1426,10.);
#178=VECTOR('',#1429,10.);
#179=VECTOR('',#1430,10.);
#180=VECTOR('',#1431,10.);
#181=VECTOR('',#1436,10.);
#182=VECTOR('',#1439,10.);
#183=VECTOR('',#1440,10.);
#184=VECTOR('',#1443,8.5);
#185=VECTOR('',#1444,8.5);
#186=VECTOR('',#1449,10.);
#187=VECTOR('',#1452,10.);
#188=VECTOR('',#1455,10.);
#189=VECTOR('',#1456,10.);
#190=VECTOR('',#1457,10.);
#191=VECTOR('',#1460,10.);
#192=VECTOR('',#1463,10.);
#193=VECTOR('',#1464,10.);
#194=VECTOR('',#1467,10.);
#195=VECTOR('',#1470,10.);
#196=VECTOR('',#1471,10.);
#197=VECTOR('',#1474,10.);
#198=VECTOR('',#1479,10.);
#199=VECTOR('',#1482,10.);
#200=CYLINDRICAL_SURFACE('',#1176,0.5);
#201=CYLINDRICAL_SURFACE('',#1180,0.5);
#202=CYLINDRICAL_SURFACE('',#1182,0.5);
#203=CYLINDRICAL_SURFACE('',#1187,0.5);
#204=CYLINDRICAL_SURFACE('',#1189,0.5);
#205=CYLINDRICAL_SURFACE('',#1191,0.5);
#206=CYLINDRICAL_SURFACE('',#1201,1.75);
#207=CYLINDRICAL_SURFACE('',#1203,1.75);
#208=CYLINDRICAL_SURFACE('',#1205,1.75);
#209=CYLINDRICAL_SURFACE('',#1208,90.5);
#210=CYLINDRICAL_SURFACE('',#1215,90.5);
#211=CYLINDRICAL_SURFACE('',#1227,2.);
#212=CYLINDRICAL_SURFACE('',#1230,8.5);
#213=CYLINDRICAL_SURFACE('',#1233,9.45);
#214=CYLINDRICAL_SURFACE('',#1238,10.);
#215=CYLINDRICAL_SURFACE('',#1240,10.);
#216=ELLIPSE('',#1171,236.456559924774,8.50000000000001);
#217=ELLIPSE('',#1172,236.475061542351,9.);
#218=ELLIPSE('',#1178,9.32424108756487,9.);
#219=ELLIPSE('',#1179,8.84259418151896,8.5);
#220=ELLIPSE('',#1181,0.517638090205041,0.5);
#221=ELLIPSE('',#1183,0.517638090205041,0.5);
#222=ELLIPSE('',#1185,9.32424108756487,9.);
#223=ELLIPSE('',#1186,8.84259418151897,8.5);
#224=ELLIPSE('',#1190,0.517638090205042,0.5);
#225=ELLIPSE('',#1192,0.517638090205042,0.5);
#226=ELLIPSE('',#1197,1.81173331571765,1.75);
#227=ELLIPSE('',#1198,1.81173331571765,1.75);
#228=ELLIPSE('',#1199,1.81173331571765,1.75);
#229=ELLIPSE('',#1202,1.81173331571764,1.75);
#230=ELLIPSE('',#1204,1.81173331571764,1.75);
#231=ELLIPSE('',#1206,1.81173331571764,1.75);
#232=ELLIPSE('',#1210,130.276197507355,90.5);
#233=ELLIPSE('',#1211,92.1319094112894,90.5);
#234=ELLIPSE('',#1216,96.3203317346208,90.5);
#235=ELLIPSE('',#1219,8.55301708413818,8.5);
#236=ELLIPSE('',#1220,9.50205324187523,9.45);
#237=ELLIPSE('',#1231,8.55301708413818,8.5);
#238=FACE_OUTER_BOUND('',#298,.T.);
#239=FACE_OUTER_BOUND('',#299,.T.);
#240=FACE_OUTER_BOUND('',#300,.T.);
#241=FACE_OUTER_BOUND('',#301,.T.);
#242=FACE_OUTER_BOUND('',#302,.T.);
#243=FACE_OUTER_BOUND('',#303,.T.);
#244=FACE_OUTER_BOUND('',#304,.T.);
#245=FACE_OUTER_BOUND('',#305,.T.);
#246=FACE_OUTER_BOUND('',#306,.T.);
#247=FACE_OUTER_BOUND('',#307,.T.);
#248=FACE_OUTER_BOUND('',#308,.T.);
#249=FACE_OUTER_BOUND('',#309,.T.);
#250=FACE_OUTER_BOUND('',#310,.T.);
#251=FACE_OUTER_BOUND('',#311,.T.);
#252=FACE_OUTER_BOUND('',#312,.T.);
#253=FACE_OUTER_BOUND('',#313,.T.);
#254=FACE_OUTER_BOUND('',#314,.T.);
#255=FACE_OUTER_BOUND('',#315,.T.);
#256=FACE_OUTER_BOUND('',#316,.T.);
#257=FACE_OUTER_BOUND('',#317,.T.);
#258=FACE_OUTER_BOUND('',#321,.T.);
#259=FACE_OUTER_BOUND('',#322,.T.);
#260=FACE_OUTER_BOUND('',#323,.T.);
#261=FACE_OUTER_BOUND('',#324,.T.);
#262=FACE_OUTER_BOUND('',#325,.T.);
#263=FACE_OUTER_BOUND('',#326,.T.);
#264=FACE_OUTER_BOUND('',#327,.T.);
#265=FACE_OUTER_BOUND('',#328,.T.);
#266=FACE_OUTER_BOUND('',#329,.T.);
#267=FACE_OUTER_BOUND('',#330,.T.);
#268=FACE_OUTER_BOUND('',#331,.T.);
#269=FACE_OUTER_BOUND('',#332,.T.);
#270=FACE_OUTER_BOUND('',#333,.T.);
#271=FACE_OUTER_BOUND('',#334,.T.);
#272=FACE_OUTER_BOUND('',#335,.T.);
#273=FACE_OUTER_BOUND('',#336,.T.);
#274=FACE_OUTER_BOUND('',#337,.T.);
#275=FACE_OUTER_BOUND('',#338,.T.);
#276=FACE_OUTER_BOUND('',#339,.T.);
#277=FACE_OUTER_BOUND('',#340,.T.);
#278=FACE_OUTER_BOUND('',#341,.T.);
#279=FACE_OUTER_BOUND('',#342,.T.);
#280=FACE_OUTER_BOUND('',#343,.T.);
#281=FACE_OUTER_BOUND('',#344,.T.);
#282=FACE_OUTER_BOUND('',#345,.T.);
#283=FACE_OUTER_BOUND('',#346,.T.);
#284=FACE_OUTER_BOUND('',#347,.T.);
#285=FACE_OUTER_BOUND('',#348,.T.);
#286=FACE_OUTER_BOUND('',#349,.T.);
#287=FACE_OUTER_BOUND('',#351,.T.);
#288=FACE_OUTER_BOUND('',#352,.T.);
#289=FACE_OUTER_BOUND('',#353,.T.);
#290=FACE_OUTER_BOUND('',#354,.T.);
#291=FACE_OUTER_BOUND('',#355,.T.);
#292=FACE_OUTER_BOUND('',#356,.T.);
#293=FACE_OUTER_BOUND('',#357,.T.);
#294=FACE_OUTER_BOUND('',#358,.T.);
#295=FACE_OUTER_BOUND('',#359,.T.);
#296=FACE_OUTER_BOUND('',#360,.T.);
#297=FACE_OUTER_BOUND('',#364,.T.);
#298=EDGE_LOOP('',(#684,#685,#686,#687));
#299=EDGE_LOOP('',(#688,#689,#690,#691));
#300=EDGE_LOOP('',(#692,#693,#694,#695));
#301=EDGE_LOOP('',(#696,#697,#698,#699));
#302=EDGE_LOOP('',(#700,#701,#702,#703));
#303=EDGE_LOOP('',(#704,#705,#706,#707));
#304=EDGE_LOOP('',(#708,#709,#710,#711));
#305=EDGE_LOOP('',(#712,#713,#714,#715));
#306=EDGE_LOOP('',(#716,#717,#718,#719));
#307=EDGE_LOOP('',(#720,#721,#722,#723));
#308=EDGE_LOOP('',(#724,#725,#726,#727));
#309=EDGE_LOOP('',(#728,#729,#730,#731));
#310=EDGE_LOOP('',(#732,#733,#734,#735));
#311=EDGE_LOOP('',(#736,#737,#738,#739));
#312=EDGE_LOOP('',(#740,#741,#742,#743));
#313=EDGE_LOOP('',(#744,#745,#746,#747));
#314=EDGE_LOOP('',(#748,#749,#750,#751));
#315=EDGE_LOOP('',(#752,#753,#754,#755,#756,#757,#758,#759,#760,#761));
#316=EDGE_LOOP('',(#762,#763,#764,#765));
#317=EDGE_LOOP('',(#766,#767,#768,#769,#770,#771));
#318=EDGE_LOOP('',(#772));
#319=EDGE_LOOP('',(#773));
#320=EDGE_LOOP('',(#774));
#321=EDGE_LOOP('',(#775,#776,#777,#778,#779,#780,#781,#782));
#322=EDGE_LOOP('',(#783,#784,#785,#786));
#323=EDGE_LOOP('',(#787,#788,#789,#790));
#324=EDGE_LOOP('',(#791,#792,#793,#794));
#325=EDGE_LOOP('',(#795,#796,#797,#798,#799));
#326=EDGE_LOOP('',(#800,#801,#802,#803,#804));
#327=EDGE_LOOP('',(#805,#806,#807,#808));
#328=EDGE_LOOP('',(#809,#810,#811,#812,#813,#814,#815,#816,#817,#818,#819,
#820));
#329=EDGE_LOOP('',(#821,#822,#823,#824,#825,#826,#827,#828,#829));
#330=EDGE_LOOP('',(#830,#831,#832,#833));
#331=EDGE_LOOP('',(#834,#835,#836,#837,#838));
#332=EDGE_LOOP('',(#839,#840,#841,#842));
#333=EDGE_LOOP('',(#843,#844,#845));
#334=EDGE_LOOP('',(#846,#847,#848,#849));
#335=EDGE_LOOP('',(#850,#851,#852,#853,#854,#855));
#336=EDGE_LOOP('',(#856,#857,#858,#859,#860,#861,#862,#863));
#337=EDGE_LOOP('',(#864,#865,#866,#867,#868,#869,#870,#871,#872));
#338=EDGE_LOOP('',(#873,#874,#875,#876));
#339=EDGE_LOOP('',(#877,#878,#879,#880));
#340=EDGE_LOOP('',(#881,#882,#883,#884));
#341=EDGE_LOOP('',(#885,#886,#887,#888));
#342=EDGE_LOOP('',(#889,#890,#891,#892));
#343=EDGE_LOOP('',(#893,#894,#895,#896,#897,#898));
#344=EDGE_LOOP('',(#899,#900,#901,#902,#903));
#345=EDGE_LOOP('',(#904,#905,#906,#907));
#346=EDGE_LOOP('',(#908,#909,#910,#911,#912,#913,#914,#915,#916,#917,#918));
#347=EDGE_LOOP('',(#919,#920,#921,#922,#923));
#348=EDGE_LOOP('',(#924,#925,#926,#927,#928));
#349=EDGE_LOOP('',(#929,#930,#931,#932,#933,#934,#935,#936,#937));
#350=EDGE_LOOP('',(#938,#939,#940,#941,#942,#943));
#351=EDGE_LOOP('',(#944,#945,#946));
#352=EDGE_LOOP('',(#947,#948,#949,#950));
#353=EDGE_LOOP('',(#951,#952,#953,#954));
#354=EDGE_LOOP('',(#955,#956,#957,#958,#959));
#355=EDGE_LOOP('',(#960,#961,#962,#963,#964));
#356=EDGE_LOOP('',(#965,#966,#967,#968,#969));
#357=EDGE_LOOP('',(#970,#971,#972,#973,#974,#975));
#358=EDGE_LOOP('',(#976,#977,#978,#979,#980,#981,#982,#983,#984));
#359=EDGE_LOOP('',(#985,#986,#987,#988));
#360=EDGE_LOOP('',(#989,#990,#991,#992,#993,#994));
#361=EDGE_LOOP('',(#995));
#362=EDGE_LOOP('',(#996));
#363=EDGE_LOOP('',(#997));
#364=EDGE_LOOP('',(#998,#999,#1000,#1001));
#365=CIRCLE('',#1165,0.499999999999998);
#366=CIRCLE('',#1166,0.499999999999999);
#367=CIRCLE('',#1167,0.5);
#368=CIRCLE('',#1168,0.500000000000001);
#369=CIRCLE('',#1169,0.500000000000001);
#370=CIRCLE('',#1170,0.499999999999995);
#371=CIRCLE('',#1173,0.5);
#372=CIRCLE('',#1174,0.499999999999998);
#373=CIRCLE('',#1175,0.5);
#374=CIRCLE('',#1177,0.5);
#375=CIRCLE('',#1184,0.500000000000006);
#376=CIRCLE('',#1188,0.500000000000004);
#377=CIRCLE('',#1194,9.45);
#378=CIRCLE('',#1209,90.5);
#379=CIRCLE('',#1217,90.5);
#380=CIRCLE('',#1221,4.);
#381=CIRCLE('',#1225,2.);
#382=CIRCLE('',#1228,2.);
#383=CIRCLE('',#1235,10.);
#384=CIRCLE('',#1236,10.);
#385=B_SPLINE_CURVE_WITH_KNOTS('',3,(#1526,#1527,#1528,#1529,#1530),
 .UNSPECIFIED.,.F.,.F.,(4,1,4),(3.10284646632293E-15,0.0706074947638099,
0.164750821115552),.UNSPECIFIED.);
#386=B_SPLINE_CURVE_WITH_KNOTS('',3,(#1534,#1535,#1536,#1537,#1538),
 .UNSPECIFIED.,.F.,.F.,(4,1,4),(-0.164750821115552,-0.0706074947638099,
-3.10284646632293E-15),.UNSPECIFIED.);
#387=B_SPLINE_CURVE_WITH_KNOTS('',3,(#1578,#1579,#1580,#1581,#1582,#1583),
 .UNSPECIFIED.,.F.,.F.,(4,1,1,4),(2.10079008941916E-16,0.0461166274867419,
0.0922332549734837,0.161408196203596),.UNSPECIFIED.);
#388=B_SPLINE_CURVE_WITH_KNOTS('',3,(#1587,#1588,#1589,#1590,#1591,#1592),
 .UNSPECIFIED.,.F.,.F.,(4,1,1,4),(-0.161408196203596,-0.0922332549734837,
-0.0461166274867419,-2.10079008941916E-16),.UNSPECIFIED.);
#389=B_SPLINE_CURVE_WITH_KNOTS('',3,(#1626,#1627,#1628,#1629,#1630),
 .UNSPECIFIED.,.F.,.F.,(4,1,4),(4.1034571231191E-16,0.0703415982981596,
0.164130396029038),.UNSPECIFIED.);
#390=B_SPLINE_CURVE_WITH_KNOTS('',3,(#1634,#1635,#1636,#1637,#1638),
 .UNSPECIFIED.,.F.,.F.,(4,1,4),(-0.164130396029038,-0.0703415982981596,
-4.1034571231191E-16),.UNSPECIFIED.);
#391=B_SPLINE_CURVE_WITH_KNOTS('',3,(#1700,#1701,#1702,#1703,#1704,#1705),
 .UNSPECIFIED.,.F.,.F.,(4,1,1,4),(0.,0.0461535439754898,0.0923070879509796,
0.161537403914214),.UNSPECIFIED.);
#392=B_SPLINE_CURVE_WITH_KNOTS('',3,(#1709,#1710,#1711,#1712,#1713,#1714),
 .UNSPECIFIED.,.F.,.F.,(4,1,1,4),(-0.161537403914214,-0.0923070879509796,
-0.0461535439754898,0.),.UNSPECIFIED.);
#393=B_SPLINE_CURVE_WITH_KNOTS('',3,(#1741,#1742,#1743,#1744),
 .UNSPECIFIED.,.F.,.F.,(4,4),(-1.52367609439315,-1.48733504937135),
 .UNSPECIFIED.);
#394=B_SPLINE_CURVE_WITH_KNOTS('',3,(#1747,#1748,#1749,#1750),
 .UNSPECIFIED.,.F.,.F.,(4,4),(1.48733504937135,1.52367609439315),
 .UNSPECIFIED.);
#395=B_SPLINE_CURVE_WITH_KNOTS('',3,(#1803,#1804,#1805,#1806),
 .UNSPECIFIED.,.F.,.F.,(4,4),(0.445729816078606,1.25429125750234),
 .UNSPECIFIED.);
#396=B_SPLINE_CURVE_WITH_KNOTS('',3,(#1807,#1808,#1809,#1810),
 .UNSPECIFIED.,.F.,.F.,(4,4),(-1.25429125750234,-0.445729816232257),
 .UNSPECIFIED.);
#397=B_SPLINE_CURVE_WITH_KNOTS('',3,(#1882,#1883,#1884,#1885),
 .UNSPECIFIED.,.F.,.F.,(4,4),(0.,0.0262492502522234),.UNSPECIFIED.);
#398=B_SPLINE_CURVE_WITH_KNOTS('',3,(#1886,#1887,#1888,#1889),
 .UNSPECIFIED.,.F.,.F.,(4,4),(-0.0262492502522234,0.),.UNSPECIFIED.);
#399=B_SPLINE_CURVE_WITH_KNOTS('',3,(#1907,#1908,#1909,#1910),
 .UNSPECIFIED.,.F.,.F.,(4,4),(-2.77098516340457,-2.31607744848623),
 .UNSPECIFIED.);
#400=B_SPLINE_CURVE_WITH_KNOTS('',3,(#1936,#1937,#1938,#1939,#1940,#1941,
#1942,#1943,#1944,#1945,#1946,#1947,#1948,#1949,#1950,#1951,#1952,#1953,
#1954,#1955,#1956,#1957,#1958,#1959,#1960,#1961,#1962,#1963,#1964,#1965,
#1966,#1967,#1968,#1969,#1970,#1971,#1972,#1973,#1974,#1975,#1976,#1977,
#1978,#1979,#1980,#1981,#1982,#1983,#1984,#1985,#1986,#1987,#1988,#1989,
#1990,#1991,#1992,#1993,#1994,#1995,#1996,#1997,#1998,#1999),
 .UNSPECIFIED.,.F.,.F.,(4,3,3,3,3,3,3,3,3,3,3,3,3,3,3,3,3,3,3,3,3,4),(0.,
0.070446932554016,0.144598681081607,0.216383386912136,0.291718656788258,
0.362544985180326,0.36705392666438,0.374700416084464,0.445612173540531,
0.51826344639699,0.590087642965861,0.663152453966114,0.736217264966367,
0.748260884274566,0.819576048090373,0.891432802879651,0.963371380023641,
1.01963711659281,1.09166593772849,1.16355339098,1.23445716107196,1.29152531387417),
 .UNSPECIFIED.);
#401=B_SPLINE_CURVE_WITH_KNOTS('',3,(#2004,#2005,#2006,#2007),
 .UNSPECIFIED.,.F.,.F.,(4,4),(-1.29573223716258,-0.956029707062872),
 .UNSPECIFIED.);
#402=B_SPLINE_CURVE_WITH_KNOTS('',3,(#2051,#2052,#2053,#2054,#2055,#2056,
#2057),.UNSPECIFIED.,.F.,.F.,(4,3,4),(0.122419139330109,0.634029462209015,
0.764425403986147),.UNSPECIFIED.);
#403=B_SPLINE_CURVE_WITH_KNOTS('',3,(#2059,#2060,#2061,#2062),
 .UNSPECIFIED.,.F.,.F.,(4,4),(0.,0.285275080486378),.UNSPECIFIED.);
#404=B_SPLINE_CURVE_WITH_KNOTS('',3,(#2064,#2065,#2066,#2067),
 .UNSPECIFIED.,.F.,.F.,(4,4),(1.26442912063231,1.52064168329126),
 .UNSPECIFIED.);
#405=B_SPLINE_CURVE_WITH_KNOTS('',3,(#2070,#2071,#2072,#2073),
 .UNSPECIFIED.,.F.,.F.,(4,4),(-1.47162672702662,-1.26442912063231),
 .UNSPECIFIED.);
#406=B_SPLINE_CURVE_WITH_KNOTS('',3,(#2101,#2102,#2103,#2104),
 .UNSPECIFIED.,.F.,.F.,(4,4),(-1.26442912063233,-1.25454266633352),
 .UNSPECIFIED.);
#407=B_SPLINE_CURVE_WITH_KNOTS('',3,(#2105,#2106,#2107,#2108),
 .UNSPECIFIED.,.F.,.F.,(4,4),(1.25454266633352,1.26442912063233),
 .UNSPECIFIED.);
#408=B_SPLINE_CURVE_WITH_KNOTS('',3,(#2111,#2112,#2113,#2114),
 .UNSPECIFIED.,.F.,.F.,(4,4),(1.52560433316782,1.5707963267949),
 .UNSPECIFIED.);
#409=B_SPLINE_CURVE_WITH_KNOTS('',3,(#2116,#2117,#2118,#2119),
 .UNSPECIFIED.,.F.,.F.,(4,4),(0.0963871063505184,0.154016433928549),
 .UNSPECIFIED.);
#410=B_SPLINE_CURVE_WITH_KNOTS('',3,(#2121,#2122,#2123,#2124),
 .UNSPECIFIED.,.F.,.F.,(4,4),(2.37622376671321,2.67449508348804),
 .UNSPECIFIED.);
#411=B_SPLINE_CURVE_WITH_KNOTS('',3,(#2128,#2129,#2130,#2131),
 .UNSPECIFIED.,.F.,.F.,(4,4),(-1.46199554773454,-1.43274953947267),
 .UNSPECIFIED.);
#412=B_SPLINE_CURVE_WITH_KNOTS('',3,(#2135,#2136,#2137,#2138,#2139,#2140,
#2141,#2142,#2143,#2144),.UNSPECIFIED.,.F.,.F.,(4,2,2,2,4),(3.75285440239382,
3.77020608120776,4.14730071359231,4.52439534597685,4.53567949625268),
 .UNSPECIFIED.);
#413=B_SPLINE_CURVE_WITH_KNOTS('',3,(#2148,#2149,#2150,#2151,#2152,#2153,
#2154,#2155),.UNSPECIFIED.,.F.,.F.,(4,2,2,4),(4.76587190462785,4.96081759561327,
5.34258738015269,5.35827412901937),.UNSPECIFIED.);
#414=B_SPLINE_CURVE_WITH_KNOTS('',3,(#2169,#2170,#2171,#2172),
 .UNSPECIFIED.,.F.,.F.,(4,4),(-1.26178947018022,-1.25454266633352),
 .UNSPECIFIED.);
#415=B_SPLINE_CURVE_WITH_KNOTS('',3,(#2196,#2197,#2198,#2199),
 .UNSPECIFIED.,.F.,.F.,(4,4),(0.,0.197371948783757),.UNSPECIFIED.);
#416=B_SPLINE_CURVE_WITH_KNOTS('',3,(#2203,#2204,#2205,#2206),
 .UNSPECIFIED.,.F.,.F.,(4,4),(1.26178947018002,1.5707963267949),
 .UNSPECIFIED.);
#417=B_SPLINE_CURVE_WITH_KNOTS('',3,(#2208,#2209,#2210,#2211),
 .UNSPECIFIED.,.F.,.F.,(4,4),(-1.55249435395639,-1.26178947018002),
 .UNSPECIFIED.);
#418=B_SPLINE_CURVE_WITH_KNOTS('',3,(#2228,#2229,#2230,#2231),
 .UNSPECIFIED.,.F.,.F.,(4,4),(1.25454266633352,1.26178947018022),
 .UNSPECIFIED.);
#419=B_SPLINE_CURVE_WITH_KNOTS('',3,(#2255,#2256,#2257,#2258,#2259,#2260),
 .UNSPECIFIED.,.F.,.F.,(4,2,4),(0.,0.0402364472825352,0.0819227944848401),
 .UNSPECIFIED.);
#420=B_SPLINE_CURVE_WITH_KNOTS('',3,(#2261,#2262,#2263,#2264),
 .UNSPECIFIED.,.F.,.F.,(4,4),(0.648571398061871,0.721444516587457),
 .UNSPECIFIED.);
#421=B_SPLINE_CURVE_WITH_KNOTS('',3,(#2269,#2270,#2271,#2272),
 .UNSPECIFIED.,.F.,.F.,(4,4),(3.57232897464906,3.79290466126589),
 .UNSPECIFIED.);
#422=B_SPLINE_CURVE_WITH_KNOTS('',3,(#2310,#2311,#2312,#2313),
 .UNSPECIFIED.,.F.,.F.,(4,4),(-1.5707963267949,-1.52032738833746),
 .UNSPECIFIED.);
#423=B_SPLINE_CURVE_WITH_KNOTS('',3,(#2343,#2344,#2345,#2346),
 .UNSPECIFIED.,.F.,.F.,(4,4),(-2.67449508348804,-2.37622376671321),
 .UNSPECIFIED.);
#424=B_SPLINE_CURVE_WITH_KNOTS('',3,(#2363,#2364,#2365,#2366),
 .UNSPECIFIED.,.F.,.F.,(4,4),(-0.154016433806186,-0.0963871063505184),
 .UNSPECIFIED.);
#425=VERTEX_POINT('',#1524);
#426=VERTEX_POINT('',#1525);
#427=VERTEX_POINT('',#1531);
#428=VERTEX_POINT('',#1533);
#429=VERTEX_POINT('',#1576);
#430=VERTEX_POINT('',#1577);
#431=VERTEX_POINT('',#1584);
#432=VERTEX_POINT('',#1586);
#433=VERTEX_POINT('',#1624);
#434=VERTEX_POINT('',#1625);
#435=VERTEX_POINT('',#1631);
#436=VERTEX_POINT('',#1633);
#437=VERTEX_POINT('',#1698);
#438=VERTEX_POINT('',#1699);
#439=VERTEX_POINT('',#1706);
#440=VERTEX_POINT('',#1708);
#441=VERTEX_POINT('',#1740);
#442=VERTEX_POINT('',#1745);
#443=VERTEX_POINT('',#1752);
#444=VERTEX_POINT('',#1753);
#445=VERTEX_POINT('',#1812);
#446=VERTEX_POINT('',#1813);
#447=VERTEX_POINT('',#1818);
#448=VERTEX_POINT('',#1819);
#449=VERTEX_POINT('',#1847);
#450=VERTEX_POINT('',#1848);
#451=VERTEX_POINT('',#1853);
#452=VERTEX_POINT('',#1854);
#453=VERTEX_POINT('',#1891);
#454=VERTEX_POINT('',#1892);
#455=VERTEX_POINT('',#1897);
#456=VERTEX_POINT('',#1898);
#457=VERTEX_POINT('',#1903);
#458=VERTEX_POINT('',#1905);
#459=VERTEX_POINT('',#1935);
#460=VERTEX_POINT('',#2000);
#461=VERTEX_POINT('',#2002);
#462=VERTEX_POINT('',#2012);
#463=VERTEX_POINT('',#2014);
#464=VERTEX_POINT('',#2016);
#465=VERTEX_POINT('',#2022);
#466=VERTEX_POINT('',#2026);
#467=VERTEX_POINT('',#2030);
#468=VERTEX_POINT('',#2049);
#469=VERTEX_POINT('',#2050);
#470=VERTEX_POINT('',#2058);
#471=VERTEX_POINT('',#2063);
#472=VERTEX_POINT('',#2068);
#473=VERTEX_POINT('',#2075);
#474=VERTEX_POINT('',#2076);
#475=VERTEX_POINT('',#2078);
#476=VERTEX_POINT('',#2080);
#477=VERTEX_POINT('',#2082);
#478=VERTEX_POINT('',#2110);
#479=VERTEX_POINT('',#2115);
#480=VERTEX_POINT('',#2120);
#481=VERTEX_POINT('',#2125);
#482=VERTEX_POINT('',#2127);
#483=VERTEX_POINT('',#2132);
#484=VERTEX_POINT('',#2134);
#485=VERTEX_POINT('',#2145);
#486=VERTEX_POINT('',#2147);
#487=VERTEX_POINT('',#2156);
#488=VERTEX_POINT('',#2160);
#489=VERTEX_POINT('',#2162);
#490=VERTEX_POINT('',#2164);
#491=VERTEX_POINT('',#2166);
#492=VERTEX_POINT('',#2168);
#493=VERTEX_POINT('',#2175);
#494=VERTEX_POINT('',#2194);
#495=VERTEX_POINT('',#2195);
#496=VERTEX_POINT('',#2200);
#497=VERTEX_POINT('',#2202);
#498=VERTEX_POINT('',#2233);
#499=VERTEX_POINT('',#2234);
#500=VERTEX_POINT('',#2236);
#501=VERTEX_POINT('',#2266);
#502=VERTEX_POINT('',#2268);
#503=VERTEX_POINT('',#2273);
#504=VERTEX_POINT('',#2277);
#505=VERTEX_POINT('',#2279);
#506=VERTEX_POINT('',#2281);
#507=VERTEX_POINT('',#2284);
#508=VERTEX_POINT('',#2288);
#509=VERTEX_POINT('',#2290);
#510=VERTEX_POINT('',#2309);
#511=VERTEX_POINT('',#2316);
#512=VERTEX_POINT('',#2318);
#513=VERTEX_POINT('',#2322);
#514=VERTEX_POINT('',#2341);
#515=VERTEX_POINT('',#2368);
#516=VERTEX_POINT('',#2370);
#517=VERTEX_POINT('',#2374);
#518=VERTEX_POINT('',#2378);
#519=VERTEX_POINT('',#2383);
#520=VERTEX_POINT('',#2391);
#521=VERTEX_POINT('',#2393);
#522=VERTEX_POINT('',#2395);
#523=VERTEX_POINT('',#2397);
#524=VERTEX_POINT('',#2399);
#525=EDGE_CURVE('',#425,#426,#385,.F.);
#526=EDGE_CURVE('',#426,#427,#365,.T.);
#527=EDGE_CURVE('',#428,#427,#386,.T.);
#528=EDGE_CURVE('',#428,#425,#366,.T.);
#529=EDGE_CURVE('',#429,#430,#387,.F.);
#530=EDGE_CURVE('',#430,#431,#367,.T.);
#531=EDGE_CURVE('',#432,#431,#388,.T.);
#532=EDGE_CURVE('',#432,#429,#368,.T.);
#533=EDGE_CURVE('',#433,#434,#389,.F.);
#534=EDGE_CURVE('',#434,#435,#369,.T.);
#535=EDGE_CURVE('',#436,#435,#390,.T.);
#536=EDGE_CURVE('',#436,#433,#370,.T.);
#537=EDGE_CURVE('',#427,#436,#216,.T.);
#538=EDGE_CURVE('',#433,#426,#217,.T.);
#539=EDGE_CURVE('',#437,#438,#391,.F.);
#540=EDGE_CURVE('',#438,#439,#371,.T.);
#541=EDGE_CURVE('',#440,#439,#392,.T.);
#542=EDGE_CURVE('',#440,#437,#372,.T.);
#543=EDGE_CURVE('',#441,#440,#393,.T.);
#544=EDGE_CURVE('',#442,#441,#373,.T.);
#545=EDGE_CURVE('',#437,#442,#394,.T.);
#546=EDGE_CURVE('',#443,#444,#374,.T.);
#547=EDGE_CURVE('',#442,#443,#46,.T.);
#548=EDGE_CURVE('',#444,#441,#47,.T.);
#549=EDGE_CURVE('',#443,#434,#218,.T.);
#550=EDGE_CURVE('',#435,#444,#219,.T.);
#551=EDGE_CURVE('',#439,#432,#395,.T.);
#552=EDGE_CURVE('',#429,#438,#396,.T.);
#553=EDGE_CURVE('',#445,#446,#220,.T.);
#554=EDGE_CURVE('',#438,#445,#48,.T.);
#555=EDGE_CURVE('',#446,#437,#49,.T.);
#556=EDGE_CURVE('',#447,#448,#221,.T.);
#557=EDGE_CURVE('',#434,#447,#50,.T.);
#558=EDGE_CURVE('',#448,#433,#51,.T.);
#559=EDGE_CURVE('',#449,#450,#375,.T.);
#560=EDGE_CURVE('',#425,#449,#222,.T.);
#561=EDGE_CURVE('',#450,#428,#223,.T.);
#562=EDGE_CURVE('',#451,#452,#376,.T.);
#563=EDGE_CURVE('',#449,#451,#52,.T.);
#564=EDGE_CURVE('',#452,#450,#53,.T.);
#565=EDGE_CURVE('',#451,#430,#397,.T.);
#566=EDGE_CURVE('',#431,#452,#398,.T.);
#567=EDGE_CURVE('',#453,#454,#224,.T.);
#568=EDGE_CURVE('',#430,#453,#54,.T.);
#569=EDGE_CURVE('',#454,#429,#55,.T.);
#570=EDGE_CURVE('',#455,#456,#225,.T.);
#571=EDGE_CURVE('',#426,#455,#56,.T.);
#572=EDGE_CURVE('',#456,#425,#57,.T.);
#573=EDGE_CURVE('',#450,#457,#58,.T.);
#574=EDGE_CURVE('',#458,#457,#59,.T.);
#575=EDGE_CURVE('',#458,#452,#399,.T.);
#576=EDGE_CURVE('',#459,#458,#400,.T.);
#577=EDGE_CURVE('',#459,#460,#60,.T.);
#578=EDGE_CURVE('',#460,#461,#377,.T.);
#579=EDGE_CURVE('',#441,#461,#401,.T.);
#580=EDGE_CURVE('',#445,#454,#61,.T.);
#581=EDGE_CURVE('',#453,#456,#62,.T.);
#582=EDGE_CURVE('',#462,#462,#226,.T.);
#583=EDGE_CURVE('',#463,#463,#227,.T.);
#584=EDGE_CURVE('',#464,#464,#228,.T.);
#585=EDGE_CURVE('',#446,#447,#63,.T.);
#586=EDGE_CURVE('',#455,#448,#64,.T.);
#587=EDGE_CURVE('',#464,#465,#65,.T.);
#588=EDGE_CURVE('',#465,#465,#229,.T.);
#589=EDGE_CURVE('',#463,#466,#66,.T.);
#590=EDGE_CURVE('',#466,#466,#230,.T.);
#591=EDGE_CURVE('',#462,#467,#67,.T.);
#592=EDGE_CURVE('',#467,#467,#231,.T.);
#593=EDGE_CURVE('',#468,#469,#402,.T.);
#594=EDGE_CURVE('',#470,#468,#403,.T.);
#595=EDGE_CURVE('',#471,#470,#404,.T.);
#596=EDGE_CURVE('',#472,#471,#68,.T.);
#597=EDGE_CURVE('',#469,#472,#405,.T.);
#598=EDGE_CURVE('',#473,#474,#69,.T.);
#599=EDGE_CURVE('',#474,#475,#70,.T.);
#600=EDGE_CURVE('',#476,#475,#71,.T.);
#601=EDGE_CURVE('',#477,#476,#72,.T.);
#602=EDGE_CURVE('',#473,#477,#73,.T.);
#603=EDGE_CURVE('',#472,#476,#406,.T.);
#604=EDGE_CURVE('',#477,#471,#407,.T.);
#605=EDGE_CURVE('',#470,#478,#408,.T.);
#606=EDGE_CURVE('',#478,#479,#409,.T.);
#607=EDGE_CURVE('',#479,#480,#410,.T.);
#608=EDGE_CURVE('',#481,#480,#74,.T.);
#609=EDGE_CURVE('',#481,#482,#411,.T.);
#610=EDGE_CURVE('',#483,#482,#378,.T.);
#611=EDGE_CURVE('',#484,#483,#412,.T.);
#612=EDGE_CURVE('',#485,#484,#232,.T.);
#613=EDGE_CURVE('',#486,#485,#413,.T.);
#614=EDGE_CURVE('',#487,#486,#233,.T.);
#615=EDGE_CURVE('',#487,#471,#75,.T.);
#616=EDGE_CURVE('',#488,#487,#76,.T.);
#617=EDGE_CURVE('',#488,#489,#77,.T.);
#618=EDGE_CURVE('',#490,#489,#78,.T.);
#619=EDGE_CURVE('',#491,#490,#79,.T.);
#620=EDGE_CURVE('',#491,#492,#414,.T.);
#621=EDGE_CURVE('',#492,#473,#80,.T.);
#622=EDGE_CURVE('',#474,#493,#81,.T.);
#623=EDGE_CURVE('',#493,#492,#82,.T.);
#624=EDGE_CURVE('',#494,#495,#415,.T.);
#625=EDGE_CURVE('',#496,#495,#83,.T.);
#626=EDGE_CURVE('',#497,#496,#416,.T.);
#627=EDGE_CURVE('',#491,#497,#84,.T.);
#628=EDGE_CURVE('',#494,#491,#417,.T.);
#629=EDGE_CURVE('',#493,#497,#418,.T.);
#630=EDGE_CURVE('',#498,#499,#85,.T.);
#631=EDGE_CURVE('',#500,#499,#86,.T.);
#632=EDGE_CURVE('',#498,#500,#87,.T.);
#633=EDGE_CURVE('',#495,#498,#419,.T.);
#634=EDGE_CURVE('',#496,#500,#420,.T.);
#635=EDGE_CURVE('',#501,#490,#234,.T.);
#636=EDGE_CURVE('',#501,#502,#421,.T.);
#637=EDGE_CURVE('',#503,#502,#88,.T.);
#638=EDGE_CURVE('',#503,#494,#379,.T.);
#639=EDGE_CURVE('',#504,#503,#89,.T.);
#640=EDGE_CURVE('',#502,#505,#235,.T.);
#641=EDGE_CURVE('',#506,#505,#90,.T.);
#642=EDGE_CURVE('',#506,#481,#236,.T.);
#643=EDGE_CURVE('',#480,#507,#380,.T.);
#644=EDGE_CURVE('',#507,#504,#91,.T.);
#645=EDGE_CURVE('',#508,#499,#92,.T.);
#646=EDGE_CURVE('',#508,#509,#93,.T.);
#647=EDGE_CURVE('',#509,#475,#94,.T.);
#648=EDGE_CURVE('',#510,#468,#422,.T.);
#649=EDGE_CURVE('',#478,#510,#95,.T.);
#650=EDGE_CURVE('',#504,#511,#96,.F.);
#651=EDGE_CURVE('',#512,#507,#97,.T.);
#652=EDGE_CURVE('',#511,#512,#98,.T.);
#653=EDGE_CURVE('',#513,#480,#99,.T.);
#654=EDGE_CURVE('',#512,#513,#381,.T.);
#655=EDGE_CURVE('',#514,#479,#100,.T.);
#656=EDGE_CURVE('',#513,#514,#423,.T.);
#657=EDGE_CURVE('',#514,#510,#424,.T.);
#658=EDGE_CURVE('',#515,#469,#101,.T.);
#659=EDGE_CURVE('',#515,#516,#102,.T.);
#660=EDGE_CURVE('',#516,#514,#103,.T.);
#661=EDGE_CURVE('',#516,#517,#382,.T.);
#662=EDGE_CURVE('',#517,#512,#104,.T.);
#663=EDGE_CURVE('',#517,#518,#105,.T.);
#664=EDGE_CURVE('',#518,#511,#106,.T.);
#665=EDGE_CURVE('',#505,#444,#107,.T.);
#666=EDGE_CURVE('',#519,#501,#108,.T.);
#667=EDGE_CURVE('',#457,#519,#237,.T.);
#668=EDGE_CURVE('',#461,#506,#109,.T.);
#669=EDGE_CURVE('',#482,#460,#110,.T.);
#670=EDGE_CURVE('',#520,#519,#111,.T.);
#671=EDGE_CURVE('',#521,#520,#112,.T.);
#672=EDGE_CURVE('',#522,#521,#113,.T.);
#673=EDGE_CURVE('',#523,#522,#383,.T.);
#674=EDGE_CURVE('',#524,#523,#114,.T.);
#675=EDGE_CURVE('',#459,#524,#384,.T.);
#676=EDGE_CURVE('',#518,#508,#115,.T.);
#677=EDGE_CURVE('',#509,#515,#116,.T.);
#678=EDGE_CURVE('',#460,#483,#117,.T.);
#679=EDGE_CURVE('',#523,#485,#118,.T.);
#680=EDGE_CURVE('',#522,#486,#119,.T.);
#681=EDGE_CURVE('',#524,#484,#120,.T.);
#682=EDGE_CURVE('',#521,#488,#121,.T.);
#683=EDGE_CURVE('',#489,#520,#122,.T.);
#684=ORIENTED_EDGE('',*,*,#525,.T.);
#685=ORIENTED_EDGE('',*,*,#526,.T.);
#686=ORIENTED_EDGE('',*,*,#527,.F.);
#687=ORIENTED_EDGE('',*,*,#528,.T.);
#688=ORIENTED_EDGE('',*,*,#529,.T.);
#689=ORIENTED_EDGE('',*,*,#530,.T.);
#690=ORIENTED_EDGE('',*,*,#531,.F.);
#691=ORIENTED_EDGE('',*,*,#532,.T.);
#692=ORIENTED_EDGE('',*,*,#533,.T.);
#693=ORIENTED_EDGE('',*,*,#534,.T.);
#694=ORIENTED_EDGE('',*,*,#535,.F.);
#695=ORIENTED_EDGE('',*,*,#536,.T.);
#696=ORIENTED_EDGE('',*,*,#536,.F.);
#697=ORIENTED_EDGE('',*,*,#537,.F.);
#698=ORIENTED_EDGE('',*,*,#526,.F.);
#699=ORIENTED_EDGE('',*,*,#538,.F.);
#700=ORIENTED_EDGE('',*,*,#539,.T.);
#701=ORIENTED_EDGE('',*,*,#540,.T.);
#702=ORIENTED_EDGE('',*,*,#541,.F.);
#703=ORIENTED_EDGE('',*,*,#542,.T.);
#704=ORIENTED_EDGE('',*,*,#542,.F.);
#705=ORIENTED_EDGE('',*,*,#543,.F.);
#706=ORIENTED_EDGE('',*,*,#544,.F.);
#707=ORIENTED_EDGE('',*,*,#545,.F.);
#708=ORIENTED_EDGE('',*,*,#546,.F.);
#709=ORIENTED_EDGE('',*,*,#547,.F.);
#710=ORIENTED_EDGE('',*,*,#544,.T.);
#711=ORIENTED_EDGE('',*,*,#548,.F.);
#712=ORIENTED_EDGE('',*,*,#534,.F.);
#713=ORIENTED_EDGE('',*,*,#549,.F.);
#714=ORIENTED_EDGE('',*,*,#546,.T.);
#715=ORIENTED_EDGE('',*,*,#550,.F.);
#716=ORIENTED_EDGE('',*,*,#532,.F.);
#717=ORIENTED_EDGE('',*,*,#551,.F.);
#718=ORIENTED_EDGE('',*,*,#540,.F.);
#719=ORIENTED_EDGE('',*,*,#552,.F.);
#720=ORIENTED_EDGE('',*,*,#553,.F.);
#721=ORIENTED_EDGE('',*,*,#554,.F.);
#722=ORIENTED_EDGE('',*,*,#539,.F.);
#723=ORIENTED_EDGE('',*,*,#555,.F.);
#724=ORIENTED_EDGE('',*,*,#556,.F.);
#725=ORIENTED_EDGE('',*,*,#557,.F.);
#726=ORIENTED_EDGE('',*,*,#533,.F.);
#727=ORIENTED_EDGE('',*,*,#558,.F.);
#728=ORIENTED_EDGE('',*,*,#559,.F.);
#729=ORIENTED_EDGE('',*,*,#560,.F.);
#730=ORIENTED_EDGE('',*,*,#528,.F.);
#731=ORIENTED_EDGE('',*,*,#561,.F.);
#732=ORIENTED_EDGE('',*,*,#562,.F.);
#733=ORIENTED_EDGE('',*,*,#563,.F.);
#734=ORIENTED_EDGE('',*,*,#559,.T.);
#735=ORIENTED_EDGE('',*,*,#564,.F.);
#736=ORIENTED_EDGE('',*,*,#530,.F.);
#737=ORIENTED_EDGE('',*,*,#565,.F.);
#738=ORIENTED_EDGE('',*,*,#562,.T.);
#739=ORIENTED_EDGE('',*,*,#566,.F.);
#740=ORIENTED_EDGE('',*,*,#567,.F.);
#741=ORIENTED_EDGE('',*,*,#568,.F.);
#742=ORIENTED_EDGE('',*,*,#529,.F.);
#743=ORIENTED_EDGE('',*,*,#569,.F.);
#744=ORIENTED_EDGE('',*,*,#570,.F.);
#745=ORIENTED_EDGE('',*,*,#571,.F.);
#746=ORIENTED_EDGE('',*,*,#525,.F.);
#747=ORIENTED_EDGE('',*,*,#572,.F.);
#748=ORIENTED_EDGE('',*,*,#564,.T.);
#749=ORIENTED_EDGE('',*,*,#573,.T.);
#750=ORIENTED_EDGE('',*,*,#574,.F.);
#751=ORIENTED_EDGE('',*,*,#575,.T.);
#752=ORIENTED_EDGE('',*,*,#566,.T.);
#753=ORIENTED_EDGE('',*,*,#575,.F.);
#754=ORIENTED_EDGE('',*,*,#576,.F.);
#755=ORIENTED_EDGE('',*,*,#577,.T.);
#756=ORIENTED_EDGE('',*,*,#578,.T.);
#757=ORIENTED_EDGE('',*,*,#579,.F.);
#758=ORIENTED_EDGE('',*,*,#543,.T.);
#759=ORIENTED_EDGE('',*,*,#541,.T.);
#760=ORIENTED_EDGE('',*,*,#551,.T.);
#761=ORIENTED_EDGE('',*,*,#531,.T.);
#762=ORIENTED_EDGE('',*,*,#554,.T.);
#763=ORIENTED_EDGE('',*,*,#580,.T.);
#764=ORIENTED_EDGE('',*,*,#569,.T.);
#765=ORIENTED_EDGE('',*,*,#552,.T.);
#766=ORIENTED_EDGE('',*,*,#568,.T.);
#767=ORIENTED_EDGE('',*,*,#581,.T.);
#768=ORIENTED_EDGE('',*,*,#572,.T.);
#769=ORIENTED_EDGE('',*,*,#560,.T.);
#770=ORIENTED_EDGE('',*,*,#563,.T.);
#771=ORIENTED_EDGE('',*,*,#565,.T.);
#772=ORIENTED_EDGE('',*,*,#582,.F.);
#773=ORIENTED_EDGE('',*,*,#583,.F.);
#774=ORIENTED_EDGE('',*,*,#584,.F.);
#775=ORIENTED_EDGE('',*,*,#553,.T.);
#776=ORIENTED_EDGE('',*,*,#585,.T.);
#777=ORIENTED_EDGE('',*,*,#556,.T.);
#778=ORIENTED_EDGE('',*,*,#586,.F.);
#779=ORIENTED_EDGE('',*,*,#570,.T.);
#780=ORIENTED_EDGE('',*,*,#581,.F.);
#781=ORIENTED_EDGE('',*,*,#567,.T.);
#782=ORIENTED_EDGE('',*,*,#580,.F.);
#783=ORIENTED_EDGE('',*,*,#584,.T.);
#784=ORIENTED_EDGE('',*,*,#587,.T.);
#785=ORIENTED_EDGE('',*,*,#588,.T.);
#786=ORIENTED_EDGE('',*,*,#587,.F.);
#787=ORIENTED_EDGE('',*,*,#583,.T.);
#788=ORIENTED_EDGE('',*,*,#589,.T.);
#789=ORIENTED_EDGE('',*,*,#590,.T.);
#790=ORIENTED_EDGE('',*,*,#589,.F.);
#791=ORIENTED_EDGE('',*,*,#582,.T.);
#792=ORIENTED_EDGE('',*,*,#591,.T.);
#793=ORIENTED_EDGE('',*,*,#592,.T.);
#794=ORIENTED_EDGE('',*,*,#591,.F.);
#795=ORIENTED_EDGE('',*,*,#593,.F.);
#796=ORIENTED_EDGE('',*,*,#594,.F.);
#797=ORIENTED_EDGE('',*,*,#595,.F.);
#798=ORIENTED_EDGE('',*,*,#596,.F.);
#799=ORIENTED_EDGE('',*,*,#597,.F.);
#800=ORIENTED_EDGE('',*,*,#598,.T.);
#801=ORIENTED_EDGE('',*,*,#599,.T.);
#802=ORIENTED_EDGE('',*,*,#600,.F.);
#803=ORIENTED_EDGE('',*,*,#601,.F.);
#804=ORIENTED_EDGE('',*,*,#602,.F.);
#805=ORIENTED_EDGE('',*,*,#601,.T.);
#806=ORIENTED_EDGE('',*,*,#603,.F.);
#807=ORIENTED_EDGE('',*,*,#596,.T.);
#808=ORIENTED_EDGE('',*,*,#604,.F.);
#809=ORIENTED_EDGE('',*,*,#595,.T.);
#810=ORIENTED_EDGE('',*,*,#605,.T.);
#811=ORIENTED_EDGE('',*,*,#606,.T.);
#812=ORIENTED_EDGE('',*,*,#607,.T.);
#813=ORIENTED_EDGE('',*,*,#608,.F.);
#814=ORIENTED_EDGE('',*,*,#609,.T.);
#815=ORIENTED_EDGE('',*,*,#610,.F.);
#816=ORIENTED_EDGE('',*,*,#611,.F.);
#817=ORIENTED_EDGE('',*,*,#612,.F.);
#818=ORIENTED_EDGE('',*,*,#613,.F.);
#819=ORIENTED_EDGE('',*,*,#614,.F.);
#820=ORIENTED_EDGE('',*,*,#615,.T.);
#821=ORIENTED_EDGE('',*,*,#604,.T.);
#822=ORIENTED_EDGE('',*,*,#615,.F.);
#823=ORIENTED_EDGE('',*,*,#616,.F.);
#824=ORIENTED_EDGE('',*,*,#617,.T.);
#825=ORIENTED_EDGE('',*,*,#618,.F.);
#826=ORIENTED_EDGE('',*,*,#619,.F.);
#827=ORIENTED_EDGE('',*,*,#620,.T.);
#828=ORIENTED_EDGE('',*,*,#621,.T.);
#829=ORIENTED_EDGE('',*,*,#602,.T.);
#830=ORIENTED_EDGE('',*,*,#622,.F.);
#831=ORIENTED_EDGE('',*,*,#598,.F.);
#832=ORIENTED_EDGE('',*,*,#621,.F.);
#833=ORIENTED_EDGE('',*,*,#623,.F.);
#834=ORIENTED_EDGE('',*,*,#624,.T.);
#835=ORIENTED_EDGE('',*,*,#625,.F.);
#836=ORIENTED_EDGE('',*,*,#626,.F.);
#837=ORIENTED_EDGE('',*,*,#627,.F.);
#838=ORIENTED_EDGE('',*,*,#628,.F.);
#839=ORIENTED_EDGE('',*,*,#627,.T.);
#840=ORIENTED_EDGE('',*,*,#629,.F.);
#841=ORIENTED_EDGE('',*,*,#623,.T.);
#842=ORIENTED_EDGE('',*,*,#620,.F.);
#843=ORIENTED_EDGE('',*,*,#630,.T.);
#844=ORIENTED_EDGE('',*,*,#631,.F.);
#845=ORIENTED_EDGE('',*,*,#632,.F.);
#846=ORIENTED_EDGE('',*,*,#633,.T.);
#847=ORIENTED_EDGE('',*,*,#632,.T.);
#848=ORIENTED_EDGE('',*,*,#634,.F.);
#849=ORIENTED_EDGE('',*,*,#625,.T.);
#850=ORIENTED_EDGE('',*,*,#628,.T.);
#851=ORIENTED_EDGE('',*,*,#619,.T.);
#852=ORIENTED_EDGE('',*,*,#635,.F.);
#853=ORIENTED_EDGE('',*,*,#636,.T.);
#854=ORIENTED_EDGE('',*,*,#637,.F.);
#855=ORIENTED_EDGE('',*,*,#638,.T.);
#856=ORIENTED_EDGE('',*,*,#639,.T.);
#857=ORIENTED_EDGE('',*,*,#637,.T.);
#858=ORIENTED_EDGE('',*,*,#640,.T.);
#859=ORIENTED_EDGE('',*,*,#641,.F.);
#860=ORIENTED_EDGE('',*,*,#642,.T.);
#861=ORIENTED_EDGE('',*,*,#608,.T.);
#862=ORIENTED_EDGE('',*,*,#643,.T.);
#863=ORIENTED_EDGE('',*,*,#644,.T.);
#864=ORIENTED_EDGE('',*,*,#631,.T.);
#865=ORIENTED_EDGE('',*,*,#645,.F.);
#866=ORIENTED_EDGE('',*,*,#646,.T.);
#867=ORIENTED_EDGE('',*,*,#647,.T.);
#868=ORIENTED_EDGE('',*,*,#599,.F.);
#869=ORIENTED_EDGE('',*,*,#622,.T.);
#870=ORIENTED_EDGE('',*,*,#629,.T.);
#871=ORIENTED_EDGE('',*,*,#626,.T.);
#872=ORIENTED_EDGE('',*,*,#634,.T.);
#873=ORIENTED_EDGE('',*,*,#594,.T.);
#874=ORIENTED_EDGE('',*,*,#648,.F.);
#875=ORIENTED_EDGE('',*,*,#649,.F.);
#876=ORIENTED_EDGE('',*,*,#605,.F.);
#877=ORIENTED_EDGE('',*,*,#650,.F.);
#878=ORIENTED_EDGE('',*,*,#644,.F.);
#879=ORIENTED_EDGE('',*,*,#651,.F.);
#880=ORIENTED_EDGE('',*,*,#652,.F.);
#881=ORIENTED_EDGE('',*,*,#653,.F.);
#882=ORIENTED_EDGE('',*,*,#654,.F.);
#883=ORIENTED_EDGE('',*,*,#651,.T.);
#884=ORIENTED_EDGE('',*,*,#643,.F.);
#885=ORIENTED_EDGE('',*,*,#655,.F.);
#886=ORIENTED_EDGE('',*,*,#656,.F.);
#887=ORIENTED_EDGE('',*,*,#653,.T.);
#888=ORIENTED_EDGE('',*,*,#607,.F.);
#889=ORIENTED_EDGE('',*,*,#655,.T.);
#890=ORIENTED_EDGE('',*,*,#606,.F.);
#891=ORIENTED_EDGE('',*,*,#649,.T.);
#892=ORIENTED_EDGE('',*,*,#657,.F.);
#893=ORIENTED_EDGE('',*,*,#593,.T.);
#894=ORIENTED_EDGE('',*,*,#658,.F.);
#895=ORIENTED_EDGE('',*,*,#659,.T.);
#896=ORIENTED_EDGE('',*,*,#660,.T.);
#897=ORIENTED_EDGE('',*,*,#657,.T.);
#898=ORIENTED_EDGE('',*,*,#648,.T.);
#899=ORIENTED_EDGE('',*,*,#656,.T.);
#900=ORIENTED_EDGE('',*,*,#660,.F.);
#901=ORIENTED_EDGE('',*,*,#661,.T.);
#902=ORIENTED_EDGE('',*,*,#662,.T.);
#903=ORIENTED_EDGE('',*,*,#654,.T.);
#904=ORIENTED_EDGE('',*,*,#652,.T.);
#905=ORIENTED_EDGE('',*,*,#662,.F.);
#906=ORIENTED_EDGE('',*,*,#663,.T.);
#907=ORIENTED_EDGE('',*,*,#664,.T.);
#908=ORIENTED_EDGE('',*,*,#561,.T.);
#909=ORIENTED_EDGE('',*,*,#527,.T.);
#910=ORIENTED_EDGE('',*,*,#537,.T.);
#911=ORIENTED_EDGE('',*,*,#535,.T.);
#912=ORIENTED_EDGE('',*,*,#550,.T.);
#913=ORIENTED_EDGE('',*,*,#665,.F.);
#914=ORIENTED_EDGE('',*,*,#640,.F.);
#915=ORIENTED_EDGE('',*,*,#636,.F.);
#916=ORIENTED_EDGE('',*,*,#666,.F.);
#917=ORIENTED_EDGE('',*,*,#667,.F.);
#918=ORIENTED_EDGE('',*,*,#573,.F.);
#919=ORIENTED_EDGE('',*,*,#548,.T.);
#920=ORIENTED_EDGE('',*,*,#579,.T.);
#921=ORIENTED_EDGE('',*,*,#668,.T.);
#922=ORIENTED_EDGE('',*,*,#641,.T.);
#923=ORIENTED_EDGE('',*,*,#665,.T.);
#924=ORIENTED_EDGE('',*,*,#578,.F.);
#925=ORIENTED_EDGE('',*,*,#669,.F.);
#926=ORIENTED_EDGE('',*,*,#609,.F.);
#927=ORIENTED_EDGE('',*,*,#642,.F.);
#928=ORIENTED_EDGE('',*,*,#668,.F.);
#929=ORIENTED_EDGE('',*,*,#667,.T.);
#930=ORIENTED_EDGE('',*,*,#670,.F.);
#931=ORIENTED_EDGE('',*,*,#671,.F.);
#932=ORIENTED_EDGE('',*,*,#672,.F.);
#933=ORIENTED_EDGE('',*,*,#673,.F.);
#934=ORIENTED_EDGE('',*,*,#674,.F.);
#935=ORIENTED_EDGE('',*,*,#675,.F.);
#936=ORIENTED_EDGE('',*,*,#576,.T.);
#937=ORIENTED_EDGE('',*,*,#574,.T.);
#938=ORIENTED_EDGE('',*,*,#646,.F.);
#939=ORIENTED_EDGE('',*,*,#676,.F.);
#940=ORIENTED_EDGE('',*,*,#663,.F.);
#941=ORIENTED_EDGE('',*,*,#661,.F.);
#942=ORIENTED_EDGE('',*,*,#659,.F.);
#943=ORIENTED_EDGE('',*,*,#677,.F.);
#944=ORIENTED_EDGE('',*,*,#669,.T.);
#945=ORIENTED_EDGE('',*,*,#678,.T.);
#946=ORIENTED_EDGE('',*,*,#610,.T.);
#947=ORIENTED_EDGE('',*,*,#613,.T.);
#948=ORIENTED_EDGE('',*,*,#679,.F.);
#949=ORIENTED_EDGE('',*,*,#673,.T.);
#950=ORIENTED_EDGE('',*,*,#680,.T.);
#951=ORIENTED_EDGE('',*,*,#612,.T.);
#952=ORIENTED_EDGE('',*,*,#681,.F.);
#953=ORIENTED_EDGE('',*,*,#674,.T.);
#954=ORIENTED_EDGE('',*,*,#679,.T.);
#955=ORIENTED_EDGE('',*,*,#611,.T.);
#956=ORIENTED_EDGE('',*,*,#678,.F.);
#957=ORIENTED_EDGE('',*,*,#577,.F.);
#958=ORIENTED_EDGE('',*,*,#675,.T.);
#959=ORIENTED_EDGE('',*,*,#681,.T.);
#960=ORIENTED_EDGE('',*,*,#614,.T.);
#961=ORIENTED_EDGE('',*,*,#680,.F.);
#962=ORIENTED_EDGE('',*,*,#672,.T.);
#963=ORIENTED_EDGE('',*,*,#682,.T.);
#964=ORIENTED_EDGE('',*,*,#616,.T.);
#965=ORIENTED_EDGE('',*,*,#666,.T.);
#966=ORIENTED_EDGE('',*,*,#635,.T.);
#967=ORIENTED_EDGE('',*,*,#618,.T.);
#968=ORIENTED_EDGE('',*,*,#683,.T.);
#969=ORIENTED_EDGE('',*,*,#670,.T.);
#970=ORIENTED_EDGE('',*,*,#597,.T.);
#971=ORIENTED_EDGE('',*,*,#603,.T.);
#972=ORIENTED_EDGE('',*,*,#600,.T.);
#973=ORIENTED_EDGE('',*,*,#647,.F.);
#974=ORIENTED_EDGE('',*,*,#677,.T.);
#975=ORIENTED_EDGE('',*,*,#658,.T.);
#976=ORIENTED_EDGE('',*,*,#639,.F.);
#977=ORIENTED_EDGE('',*,*,#650,.T.);
#978=ORIENTED_EDGE('',*,*,#664,.F.);
#979=ORIENTED_EDGE('',*,*,#676,.T.);
#980=ORIENTED_EDGE('',*,*,#645,.T.);
#981=ORIENTED_EDGE('',*,*,#630,.F.);
#982=ORIENTED_EDGE('',*,*,#633,.F.);
#983=ORIENTED_EDGE('',*,*,#624,.F.);
#984=ORIENTED_EDGE('',*,*,#638,.F.);
#985=ORIENTED_EDGE('',*,*,#558,.T.);
#986=ORIENTED_EDGE('',*,*,#538,.T.);
#987=ORIENTED_EDGE('',*,*,#571,.T.);
#988=ORIENTED_EDGE('',*,*,#586,.T.);
#989=ORIENTED_EDGE('',*,*,#555,.T.);
#990=ORIENTED_EDGE('',*,*,#545,.T.);
#991=ORIENTED_EDGE('',*,*,#547,.T.);
#992=ORIENTED_EDGE('',*,*,#549,.T.);
#993=ORIENTED_EDGE('',*,*,#557,.T.);
#994=ORIENTED_EDGE('',*,*,#585,.F.);
#995=ORIENTED_EDGE('',*,*,#588,.F.);
#996=ORIENTED_EDGE('',*,*,#590,.F.);
#997=ORIENTED_EDGE('',*,*,#592,.F.);
#998=ORIENTED_EDGE('',*,*,#682,.F.);
#999=ORIENTED_EDGE('',*,*,#671,.T.);
#1000=ORIENTED_EDGE('',*,*,#683,.F.);
#1001=ORIENTED_EDGE('',*,*,#617,.F.);
#1002=B_SPLINE_SURFACE_WITH_KNOTS('',3,3,((#1494,#1495,#1496,#1497,#1498),
(#1499,#1500,#1501,#1502,#1503),(#1504,#1505,#1506,#1507,#1508),(#1509,
#1510,#1511,#1512,#1513),(#1514,#1515,#1516,#1517,#1518),(#1519,#1520,#1521,
#1522,#1523)),.UNSPECIFIED.,.F.,.F.,.F.,(4,1,1,4),(4,1,4),(0.,0.285714285714286,
0.571428571428571,1.),(3.10284646632293E-15,0.0706074947638099,0.164750821115552),
 .UNSPECIFIED.);
#1003=B_SPLINE_SURFACE_WITH_KNOTS('',3,3,((#1540,#1541,#1542,#1543,#1544,
#1545),(#1546,#1547,#1548,#1549,#1550,#1551),(#1552,#1553,#1554,#1555,#1556,
#1557),(#1558,#1559,#1560,#1561,#1562,#1563),(#1564,#1565,#1566,#1567,#1568,
#1569),(#1570,#1571,#1572,#1573,#1574,#1575)),.UNSPECIFIED.,.F.,.F.,.F.,
(4,1,1,4),(4,1,1,4),(0.,0.285714285714286,0.571428571428571,1.),(2.10079008941916E-16,
0.0461166274867419,0.0922332549734837,0.161408196203596),.UNSPECIFIED.);
#1004=B_SPLINE_SURFACE_WITH_KNOTS('',3,3,((#1594,#1595,#1596,#1597,#1598),
(#1599,#1600,#1601,#1602,#1603),(#1604,#1605,#1606,#1607,#1608),(#1609,
#1610,#1611,#1612,#1613),(#1614,#1615,#1616,#1617,#1618),(#1619,#1620,#1621,
#1622,#1623)),.UNSPECIFIED.,.F.,.F.,.F.,(4,1,1,4),(4,1,4),(0.,0.285714285714286,
0.571428571428571,1.),(4.1034571231191E-16,0.0703415982981596,0.164130396029038),
 .UNSPECIFIED.);
#1005=B_SPLINE_SURFACE_WITH_KNOTS('',3,3,((#1640,#1641,#1642,#1643),(#1644,
#1645,#1646,#1647),(#1648,#1649,#1650,#1651),(#1652,#1653,#1654,#1655),
(#1656,#1657,#1658,#1659)),.UNSPECIFIED.,.F.,.F.,.F.,(4,1,4),(4,4),(0.,
0.5,1.),(1.29512131331365,1.32999122433448),.UNSPECIFIED.);
#1006=B_SPLINE_SURFACE_WITH_KNOTS('',3,3,((#1662,#1663,#1664,#1665,#1666,
#1667),(#1668,#1669,#1670,#1671,#1672,#1673),(#1674,#1675,#1676,#1677,#1678,
#1679),(#1680,#1681,#1682,#1683,#1684,#1685),(#1686,#1687,#1688,#1689,#1690,
#1691),(#1692,#1693,#1694,#1695,#1696,#1697)),.UNSPECIFIED.,.F.,.F.,.F.,
(4,1,1,4),(4,1,1,4),(0.,0.285714285714286,0.571428571428571,1.),(0.,0.0461535439754898,
0.0923070879509796,0.161537403914214),.UNSPECIFIED.);
#1007=B_SPLINE_SURFACE_WITH_KNOTS('',3,3,((#1716,#1717,#1718,#1719),(#1720,
#1721,#1722,#1723),(#1724,#1725,#1726,#1727),(#1728,#1729,#1730,#1731),
(#1732,#1733,#1734,#1735),(#1736,#1737,#1738,#1739)),.UNSPECIFIED.,.F.,
 .F.,.F.,(4,1,1,4),(4,4),(0.,0.285714285714286,0.571428571428571,1.),(1.48733504937135,
1.52367609439315),.UNSPECIFIED.);
#1008=B_SPLINE_SURFACE_WITH_KNOTS('',3,3,((#1757,#1758,#1759,#1760),(#1761,
#1762,#1763,#1764),(#1765,#1766,#1767,#1768),(#1769,#1770,#1771,#1772),
(#1773,#1774,#1775,#1776),(#1777,#1778,#1779,#1780)),.UNSPECIFIED.,.F.,
 .F.,.F.,(4,1,1,4),(4,4),(0.,0.285714285714286,0.571428571428571,1.),(-0.141094254423638,
-0.0179240308184437),.UNSPECIFIED.);
#1009=B_SPLINE_SURFACE_WITH_KNOTS('',3,3,((#1783,#1784,#1785,#1786),(#1787,
#1788,#1789,#1790),(#1791,#1792,#1793,#1794),(#1795,#1796,#1797,#1798),
(#1799,#1800,#1801,#1802)),.UNSPECIFIED.,.F.,.F.,.F.,(4,1,4),(4,4),(0.,
0.5,1.),(0.445729816078606,1.25429125750234),.UNSPECIFIED.);
#1010=B_SPLINE_SURFACE_WITH_KNOTS('',3,3,((#1823,#1824,#1825,#1826),(#1827,
#1828,#1829,#1830),(#1831,#1832,#1833,#1834),(#1835,#1836,#1837,#1838),
(#1839,#1840,#1841,#1842),(#1843,#1844,#1845,#1846)),.UNSPECIFIED.,.F.,
 .F.,.F.,(4,1,1,4),(4,4),(0.,0.285714285714286,0.571428571428571,1.),(-0.307651063214618,
-0.141094254423637),.UNSPECIFIED.);
#1011=B_SPLINE_SURFACE_WITH_KNOTS('',3,3,((#1858,#1859,#1860,#1861),(#1862,
#1863,#1864,#1865),(#1866,#1867,#1868,#1869),(#1870,#1871,#1872,#1873),
(#1874,#1875,#1876,#1877),(#1878,#1879,#1880,#1881)),.UNSPECIFIED.,.F.,
 .F.,.F.,(4,1,1,4),(4,4),(0.,0.285714285714286,0.571428571428571,1.),(0.,
0.0262492502522234),.UNSPECIFIED.);
#1012=B_SPLINE_SURFACE_WITH_KNOTS('',3,3,((#1911,#1912,#1913,#1914),(#1915,
#1916,#1917,#1918),(#1919,#1920,#1921,#1922),(#1923,#1924,#1925,#1926),
(#1927,#1928,#1929,#1930),(#1931,#1932,#1933,#1934)),.UNSPECIFIED.,.F.,
 .F.,.F.,(4,1,1,4),(4,4),(0.,0.285714285714286,0.571428571428571,1.),(0.956029707062872,
2.87033172134456),.UNSPECIFIED.);
#1013=B_SPLINE_SURFACE_WITH_KNOTS('',3,3,((#2033,#2034,#2035,#2036),(#2037,
#2038,#2039,#2040),(#2041,#2042,#2043,#2044),(#2045,#2046,#2047,#2048)),
 .UNSPECIFIED.,.F.,.F.,.F.,(4,4),(4,4),(0.,1.),(-1.52616643896631,-1.26442912063231),
 .UNSPECIFIED.);
#1014=B_SPLINE_SURFACE_WITH_KNOTS('',3,3,((#2085,#2086,#2087,#2088),(#2089,
#2090,#2091,#2092),(#2093,#2094,#2095,#2096),(#2097,#2098,#2099,#2100)),
 .UNSPECIFIED.,.F.,.F.,.F.,(4,4),(4,4),(0.,1.),(-1.26442912063233,-1.25454266633352),
 .UNSPECIFIED.);
#1015=B_SPLINE_SURFACE_WITH_KNOTS('',3,3,((#2178,#2179,#2180,#2181),(#2182,
#2183,#2184,#2185),(#2186,#2187,#2188,#2189),(#2190,#2191,#2192,#2193)),
 .UNSPECIFIED.,.F.,.F.,.F.,(4,4),(4,4),(0.,1.),(1.26178947018002,1.5707963267949),
 .UNSPECIFIED.);
#1016=B_SPLINE_SURFACE_WITH_KNOTS('',3,3,((#2212,#2213,#2214,#2215),(#2216,
#2217,#2218,#2219),(#2220,#2221,#2222,#2223),(#2224,#2225,#2226,#2227)),
 .UNSPECIFIED.,.F.,.F.,.F.,(4,4),(4,4),(0.,1.),(1.25454266633352,1.26178947018022),
 .UNSPECIFIED.);
#1017=B_SPLINE_SURFACE_WITH_KNOTS('',3,3,((#2239,#2240,#2241,#2242),(#2243,
#2244,#2245,#2246),(#2247,#2248,#2249,#2250),(#2251,#2252,#2253,#2254)),
 .UNSPECIFIED.,.F.,.F.,.F.,(4,4),(4,4),(0.321120984733031,1.),(0.648571398061871,
0.721444516587457),.UNSPECIFIED.);
#1018=B_SPLINE_SURFACE_WITH_KNOTS('',3,3,((#2293,#2294,#2295,#2296),(#2297,
#2298,#2299,#2300),(#2301,#2302,#2303,#2304),(#2305,#2306,#2307,#2308)),
 .UNSPECIFIED.,.F.,.F.,.F.,(4,4),(4,4),(0.,1.),(-1.5707963267949,-1.52032738833746),
 .UNSPECIFIED.);
#1019=B_SPLINE_SURFACE_WITH_KNOTS('',3,3,((#2325,#2326,#2327,#2328),(#2329,
#2330,#2331,#2332),(#2333,#2334,#2335,#2336),(#2337,#2338,#2339,#2340)),
 .UNSPECIFIED.,.F.,.F.,.F.,(4,4),(4,4),(0.,1.),(-2.67449508348804,-2.37622376671321),
 .UNSPECIFIED.);
#1020=B_SPLINE_SURFACE_WITH_KNOTS('',3,3,((#2347,#2348,#2349,#2350),(#2351,
#2352,#2353,#2354),(#2355,#2356,#2357,#2358),(#2359,#2360,#2361,#2362)),
 .UNSPECIFIED.,.F.,.F.,.F.,(4,4),(4,4),(0.,1.),(-0.154016433928549,-0.0963871063505184),
 .UNSPECIFIED.);
#1021=STYLED_ITEM('',(#2440),#1082);
#1022=STYLED_ITEM('',(#2440),#1083);
#1023=STYLED_ITEM('',(#2440),#1084);
#1024=STYLED_ITEM('',(#2440),#1085);
#1025=STYLED_ITEM('',(#2440),#1086);
#1026=STYLED_ITEM('',(#2440),#1087);
#1027=STYLED_ITEM('',(#2440),#1088);
#1028=STYLED_ITEM('',(#2440),#1089);
#1029=STYLED_ITEM('',(#2440),#1090);
#1030=STYLED_ITEM('',(#2440),#1091);
#1031=STYLED_ITEM('',(#2440),#1092);
#1032=STYLED_ITEM('',(#2440),#1093);
#1033=STYLED_ITEM('',(#2440),#1094);
#1034=STYLED_ITEM('',(#2440),#1095);
#1035=STYLED_ITEM('',(#2440),#1096);
#1036=STYLED_ITEM('',(#2440),#1097);
#1037=STYLED_ITEM('',(#2440),#1098);
#1038=STYLED_ITEM('',(#2440),#1099);
#1039=STYLED_ITEM('',(#2440),#1100);
#1040=STYLED_ITEM('',(#2440),#1101);
#1041=STYLED_ITEM('',(#2440),#1102);
#1042=STYLED_ITEM('',(#2440),#1103);
#1043=STYLED_ITEM('',(#2440),#1104);
#1044=STYLED_ITEM('',(#2440),#1105);
#1045=STYLED_ITEM('',(#2440),#1106);
#1046=STYLED_ITEM('',(#2440),#1107);
#1047=STYLED_ITEM('',(#2440),#1108);
#1048=STYLED_ITEM('',(#2440),#1109);
#1049=STYLED_ITEM('',(#2440),#1110);
#1050=STYLED_ITEM('',(#2440),#1111);
#1051=STYLED_ITEM('',(#2440),#1112);
#1052=STYLED_ITEM('',(#2440),#1113);
#1053=STYLED_ITEM('',(#2440),#1114);
#1054=STYLED_ITEM('',(#2440),#1115);
#1055=STYLED_ITEM('',(#2440),#1116);
#1056=STYLED_ITEM('',(#2440),#1117);
#1057=STYLED_ITEM('',(#2440),#1118);
#1058=STYLED_ITEM('',(#2440),#1119);
#1059=STYLED_ITEM('',(#2440),#1120);
#1060=STYLED_ITEM('',(#2440),#1121);
#1061=STYLED_ITEM('',(#2440),#1122);
#1062=STYLED_ITEM('',(#2440),#1123);
#1063=STYLED_ITEM('',(#2440),#1124);
#1064=STYLED_ITEM('',(#2440),#1125);
#1065=STYLED_ITEM('',(#2440),#1126);
#1066=STYLED_ITEM('',(#2440),#1127);
#1067=STYLED_ITEM('',(#2440),#1128);
#1068=STYLED_ITEM('',(#2440),#1129);
#1069=STYLED_ITEM('',(#2440),#1130);
#1070=STYLED_ITEM('',(#2440),#1131);
#1071=STYLED_ITEM('',(#2440),#1132);
#1072=STYLED_ITEM('',(#2440),#1133);
#1073=STYLED_ITEM('',(#2440),#1134);
#1074=STYLED_ITEM('',(#2440),#1135);
#1075=STYLED_ITEM('',(#2440),#1136);
#1076=STYLED_ITEM('',(#2440),#1137);
#1077=STYLED_ITEM('',(#2440),#1138);
#1078=STYLED_ITEM('',(#2440),#1139);
#1079=STYLED_ITEM('',(#2440),#1140);
#1080=STYLED_ITEM('',(#2440),#1141);
#1081=STYLED_ITEM('',(#2440),#13);
#1082=ADVANCED_FACE('',(#238),#1002,.F.);
#1083=ADVANCED_FACE('',(#239),#1003,.F.);
#1084=ADVANCED_FACE('',(#240),#1004,.F.);
#1085=ADVANCED_FACE('',(#241),#1005,.F.);
#1086=ADVANCED_FACE('',(#242),#1006,.F.);
#1087=ADVANCED_FACE('',(#243),#1007,.F.);
#1088=ADVANCED_FACE('',(#244),#200,.F.);
#1089=ADVANCED_FACE('',(#245),#1008,.F.);
#1090=ADVANCED_FACE('',(#246),#1009,.F.);
#1091=ADVANCED_FACE('',(#247),#201,.T.);
#1092=ADVANCED_FACE('',(#248),#202,.T.);
#1093=ADVANCED_FACE('',(#249),#1010,.F.);
#1094=ADVANCED_FACE('',(#250),#203,.F.);
#1095=ADVANCED_FACE('',(#251),#1011,.F.);
#1096=ADVANCED_FACE('',(#252),#204,.T.);
#1097=ADVANCED_FACE('',(#253),#205,.T.);
#1098=ADVANCED_FACE('',(#254),#22,.F.);
#1099=ADVANCED_FACE('',(#255),#1012,.T.);
#1100=ADVANCED_FACE('',(#256),#23,.T.);
#1101=ADVANCED_FACE('',(#257,#15,#16,#17),#24,.F.);
#1102=ADVANCED_FACE('',(#258),#25,.F.);
#1103=ADVANCED_FACE('',(#259),#206,.F.);
#1104=ADVANCED_FACE('',(#260),#207,.F.);
#1105=ADVANCED_FACE('',(#261),#208,.F.);
#1106=ADVANCED_FACE('',(#262),#1013,.F.);
#1107=ADVANCED_FACE('',(#263),#26,.F.);
#1108=ADVANCED_FACE('',(#264),#1014,.F.);
#1109=ADVANCED_FACE('',(#265),#209,.T.);
#1110=ADVANCED_FACE('',(#266),#27,.F.);
#1111=ADVANCED_FACE('',(#267),#28,.F.);
#1112=ADVANCED_FACE('',(#268),#1015,.F.);
#1113=ADVANCED_FACE('',(#269),#1016,.F.);
#1114=ADVANCED_FACE('',(#270),#29,.F.);
#1115=ADVANCED_FACE('',(#271),#1017,.F.);
#1116=ADVANCED_FACE('',(#272),#210,.T.);
#1117=ADVANCED_FACE('',(#273),#30,.F.);
#1118=ADVANCED_FACE('',(#274),#31,.T.);
#1119=ADVANCED_FACE('',(#275),#1018,.F.);
#1120=ADVANCED_FACE('',(#276),#32,.F.);
#1121=ADVANCED_FACE('',(#277),#14,.F.);
#1122=ADVANCED_FACE('',(#278),#1019,.F.);
#1123=ADVANCED_FACE('',(#279),#1020,.F.);
#1124=ADVANCED_FACE('',(#280),#33,.T.);
#1125=ADVANCED_FACE('',(#281),#211,.F.);
#1126=ADVANCED_FACE('',(#282),#34,.T.);
#1127=ADVANCED_FACE('',(#283),#212,.T.);
#1128=ADVANCED_FACE('',(#284),#35,.F.);
#1129=ADVANCED_FACE('',(#285),#213,.T.);
#1130=ADVANCED_FACE('',(#286,#18),#36,.F.);
#1131=ADVANCED_FACE('',(#287),#37,.T.);
#1132=ADVANCED_FACE('',(#288),#214,.F.);
#1133=ADVANCED_FACE('',(#289),#38,.T.);
#1134=ADVANCED_FACE('',(#290),#215,.T.);
#1135=ADVANCED_FACE('',(#291),#39,.T.);
#1136=ADVANCED_FACE('',(#292),#40,.T.);
#1137=ADVANCED_FACE('',(#293),#41,.T.);
#1138=ADVANCED_FACE('',(#294),#42,.T.);
#1139=ADVANCED_FACE('',(#295),#43,.T.);
#1140=ADVANCED_FACE('',(#296,#19,#20,#21),#44,.F.);
#1141=ADVANCED_FACE('',(#297),#45,.F.);
#1142=CLOSED_SHELL('',(#1082,#1083,#1084,#1085,#1086,#1087,#1088,#1089,
#1090,#1091,#1092,#1093,#1094,#1095,#1096,#1097,#1098,#1099,#1100,#1101,
#1102,#1103,#1104,#1105,#1106,#1107,#1108,#1109,#1110,#1111,#1112,#1113,
#1114,#1115,#1116,#1117,#1118,#1119,#1120,#1121,#1122,#1123,#1124,#1125,
#1126,#1127,#1128,#1129,#1130,#1131,#1132,#1133,#1134,#1135,#1136,#1137,
#1138,#1139,#1140,#1141));
#1143=DERIVED_UNIT_ELEMENT(#1146,1.);
#1144=DERIVED_UNIT_ELEMENT(#2426,-3.);
#1145=DIMENSIONAL_EXPONENTS(0.,1.,0.,0.,0.,0.,0.);
#1146=(
CONVERSION_BASED_UNIT('gram',#1148)
MASS_UNIT()
NAMED_UNIT(#1145)
);
#1147=(
MASS_UNIT()
NAMED_UNIT(*)
SI_UNIT(.KILO.,.GRAM.)
);
#1148=MASS_MEASURE_WITH_UNIT(MASS_MEASURE(0.001),#1147);
#1149=DERIVED_UNIT((#1143,#1144));
#1150=MEASURE_REPRESENTATION_ITEM('density measure',
POSITIVE_RATIO_MEASURE(1.),#1149);
#1151=PROPERTY_DEFINITION_REPRESENTATION(#1156,#1153);
#1152=PROPERTY_DEFINITION_REPRESENTATION(#1157,#1154);
#1153=REPRESENTATION('material name',(#1155),#2423);
#1154=REPRESENTATION('density',(#1150),#2423);
#1155=DESCRIPTIVE_REPRESENTATION_ITEM('\X2\4E00822C\X0\','\X2\4E00822C\X0\');
#1156=PROPERTY_DEFINITION('material property','material name',#2433);
#1157=PROPERTY_DEFINITION('material property','density of part',#2433);
#1158=DATE_TIME_ROLE('creation_date');
#1159=APPLIED_DATE_AND_TIME_ASSIGNMENT(#1160,#1158,(#2433));
#1160=DATE_AND_TIME(#1161,#1162);
#1161=CALENDAR_DATE(2025,30,6);
#1162=LOCAL_TIME(0,0,0.,#1163);
#1163=COORDINATED_UNIVERSAL_TIME_OFFSET(0,0,.BEHIND.);
#1164=AXIS2_PLACEMENT_3D('',#1493,#1248,#1249);
#1165=AXIS2_PLACEMENT_3D('',#1532,#1250,#1251);
#1166=AXIS2_PLACEMENT_3D('',#1539,#1252,#1253);
#1167=AXIS2_PLACEMENT_3D('',#1585,#1254,#1255);
#1168=AXIS2_PLACEMENT_3D('',#1593,#1256,#1257);
#1169=AXIS2_PLACEMENT_3D('',#1632,#1258,#1259);
#1170=AXIS2_PLACEMENT_3D('',#1639,#1260,#1261);
#1171=AXIS2_PLACEMENT_3D('',#1660,#1262,#1263);
#1172=AXIS2_PLACEMENT_3D('',#1661,#1264,#1265);
#1173=AXIS2_PLACEMENT_3D('',#1707,#1266,#1267);
#1174=AXIS2_PLACEMENT_3D('',#1715,#1268,#1269);
#1175=AXIS2_PLACEMENT_3D('',#1746,#1270,#1271);
#1176=AXIS2_PLACEMENT_3D('',#1751,#1272,#1273);
#1177=AXIS2_PLACEMENT_3D('',#1754,#1274,#1275);
#1178=AXIS2_PLACEMENT_3D('',#1781,#1278,#1279);
#1179=AXIS2_PLACEMENT_3D('',#1782,#1280,#1281);
#1180=AXIS2_PLACEMENT_3D('',#1811,#1282,#1283);
#1181=AXIS2_PLACEMENT_3D('',#1814,#1284,#1285);
#1182=AXIS2_PLACEMENT_3D('',#1817,#1288,#1289);
#1183=AXIS2_PLACEMENT_3D('',#1820,#1290,#1291);
#1184=AXIS2_PLACEMENT_3D('',#1849,#1294,#1295);
#1185=AXIS2_PLACEMENT_3D('',#1850,#1296,#1297);
#1186=AXIS2_PLACEMENT_3D('',#1851,#1298,#1299);
#1187=AXIS2_PLACEMENT_3D('',#1852,#1300,#1301);
#1188=AXIS2_PLACEMENT_3D('',#1855,#1302,#1303);
#1189=AXIS2_PLACEMENT_3D('',#1890,#1306,#1307);
#1190=AXIS2_PLACEMENT_3D('',#1893,#1308,#1309);
#1191=AXIS2_PLACEMENT_3D('',#1896,#1312,#1313);
#1192=AXIS2_PLACEMENT_3D('',#1899,#1314,#1315);
#1193=AXIS2_PLACEMENT_3D('',#1902,#1318,#1319);
#1194=AXIS2_PLACEMENT_3D('',#2003,#1323,#1324);
#1195=AXIS2_PLACEMENT_3D('',#2008,#1325,#1326);
#1196=AXIS2_PLACEMENT_3D('',#2010,#1328,#1329);
#1197=AXIS2_PLACEMENT_3D('',#2013,#1331,#1332);
#1198=AXIS2_PLACEMENT_3D('',#2015,#1333,#1334);
#1199=AXIS2_PLACEMENT_3D('',#2017,#1335,#1336);
#1200=AXIS2_PLACEMENT_3D('',#2018,#1337,#1338);
#1201=AXIS2_PLACEMENT_3D('',#2021,#1341,#1342);
#1202=AXIS2_PLACEMENT_3D('',#2024,#1344,#1345);
#1203=AXIS2_PLACEMENT_3D('',#2025,#1346,#1347);
#1204=AXIS2_PLACEMENT_3D('',#2028,#1349,#1350);
#1205=AXIS2_PLACEMENT_3D('',#2029,#1351,#1352);
#1206=AXIS2_PLACEMENT_3D('',#2032,#1354,#1355);
#1207=AXIS2_PLACEMENT_3D('',#2074,#1357,#1358);
#1208=AXIS2_PLACEMENT_3D('',#2109,#1364,#1365);
#1209=AXIS2_PLACEMENT_3D('',#2133,#1367,#1368);
#1210=AXIS2_PLACEMENT_3D('',#2146,#1369,#1370);
#1211=AXIS2_PLACEMENT_3D('',#2157,#1371,#1372);
#1212=AXIS2_PLACEMENT_3D('',#2159,#1374,#1375);
#1213=AXIS2_PLACEMENT_3D('',#2174,#1381,#1382);
#1214=AXIS2_PLACEMENT_3D('',#2232,#1387,#1388);
#1215=AXIS2_PLACEMENT_3D('',#2265,#1392,#1393);
#1216=AXIS2_PLACEMENT_3D('',#2267,#1394,#1395);
#1217=AXIS2_PLACEMENT_3D('',#2275,#1397,#1398);
#1218=AXIS2_PLACEMENT_3D('',#2276,#1399,#1400);
#1219=AXIS2_PLACEMENT_3D('',#2280,#1402,#1403);
#1220=AXIS2_PLACEMENT_3D('',#2283,#1405,#1406);
#1221=AXIS2_PLACEMENT_3D('',#2285,#1407,#1408);
#1222=AXIS2_PLACEMENT_3D('',#2287,#1410,#1411);
#1223=AXIS2_PLACEMENT_3D('',#2315,#1416,#1417);
#1224=AXIS2_PLACEMENT_3D('',#2321,#1421,#1422);
#1225=AXIS2_PLACEMENT_3D('',#2324,#1424,#1425);
#1226=AXIS2_PLACEMENT_3D('',#2367,#1427,#1428);
#1227=AXIS2_PLACEMENT_3D('',#2373,#1432,#1433);
#1228=AXIS2_PLACEMENT_3D('',#2375,#1434,#1435);
#1229=AXIS2_PLACEMENT_3D('',#2377,#1437,#1438);
#1230=AXIS2_PLACEMENT_3D('',#2381,#1441,#1442);
#1231=AXIS2_PLACEMENT_3D('',#2385,#1445,#1446);
#1232=AXIS2_PLACEMENT_3D('',#2386,#1447,#1448);
#1233=AXIS2_PLACEMENT_3D('',#2388,#1450,#1451);
#1234=AXIS2_PLACEMENT_3D('',#2390,#1453,#1454);
#1235=AXIS2_PLACEMENT_3D('',#2398,#1458,#1459);
#1236=AXIS2_PLACEMENT_3D('',#2401,#1461,#1462);
#1237=AXIS2_PLACEMENT_3D('',#2404,#1465,#1466);
#1238=AXIS2_PLACEMENT_3D('',#2406,#1468,#1469);
#1239=AXIS2_PLACEMENT_3D('',#2409,#1472,#1473);
#1240=AXIS2_PLACEMENT_3D('',#2411,#1475,#1476);
#1241=AXIS2_PLACEMENT_3D('',#2412,#1477,#1478);
#1242=AXIS2_PLACEMENT_3D('',#2414,#1480,#1481);
#1243=AXIS2_PLACEMENT_3D('',#2416,#1483,#1484);
#1244=AXIS2_PLACEMENT_3D('',#2417,#1485,#1486);
#1245=AXIS2_PLACEMENT_3D('',#2418,#1487,#1488);
#1246=AXIS2_PLACEMENT_3D('',#2419,#1489,#1490);
#1247=AXIS2_PLACEMENT_3D('',#2420,#1491,#1492);
#1248=DIRECTION('axis',(0.,0.,1.));
#1249=DIRECTION('refdir',(1.,0.,0.));
#1250=DIRECTION('center_axis',(0.993338972828754,0.11522883779469,6.61696679335194E-15));
#1251=DIRECTION('ref_axis',(-6.66133814775096E-15,0.,1.));
#1252=DIRECTION('center_axis',(-0.0613030694928182,0.159699955967904,0.985260299481618));
#1253=DIRECTION('ref_axis',(0.10935709035847,-0.980099610220561,0.165667681923285));
#1254=DIRECTION('center_axis',(-0.00978553706920785,0.0254921956111489,
-0.999627126096121));
#1255=DIRECTION('ref_axis',(0.9335804264972,0.358367949545304,0.));
#1256=DIRECTION('center_axis',(0.994718704917083,0.102638677349628,0.));
#1257=DIRECTION('ref_axis',(0.101788066408588,-0.986475042435176,-0.128476379888749));
#1258=DIRECTION('center_axis',(0.0198971380877325,0.125625585739099,0.991878176039591));
#1259=DIRECTION('ref_axis',(-0.987688340595134,0.156434465040256,0.));
#1260=DIRECTION('center_axis',(-0.993501566037049,-0.113818444383725,1.07910619828396E-13));
#1261=DIRECTION('ref_axis',(0.110539186951618,-0.964877493621518,0.238311792512944));
#1262=DIRECTION('center_axis',(-0.00210144594658232,-0.000220870869167696,
-0.999997767568005));
#1263=DIRECTION('ref_axis',(-0.994519675165774,-0.104528229914969,0.00211302129834372));
#1264=DIRECTION('center_axis',(0.,0.,1.));
#1265=DIRECTION('ref_axis',(-0.994521895368273,-0.104528463267654,0.));
#1266=DIRECTION('center_axis',(-0.994596094473725,-0.103820079260289,4.41689393714794E-15));
#1267=DIRECTION('ref_axis',(-4.44089209850062E-15,0.,-1.));
#1268=DIRECTION('center_axis',(0.00591313862386762,0.0373340879429542,-0.999285344968634));
#1269=DIRECTION('ref_axis',(0.104315884965974,-0.993873673095291,-0.0365146281898056));
#1270=DIRECTION('center_axis',(-4.57236395044387E-15,-4.80574816367771E-16,
1.));
#1271=DIRECTION('ref_axis',(-0.987688340595137,0.156434465040238,-4.44089209850063E-15));
#1272=DIRECTION('center_axis',(0.,0.,1.));
#1273=DIRECTION('ref_axis',(-0.725374371012287,-0.688354575693754,0.));
#1274=DIRECTION('center_axis',(0.,0.,1.));
#1275=DIRECTION('ref_axis',(-0.987688340595137,0.156434465040238,0.));
#1276=DIRECTION('',(0.,0.,-1.));
#1277=DIRECTION('',(0.,0.,1.));
#1278=DIRECTION('center_axis',(-0.987688340595138,0.15643446504023,0.));
#1279=DIRECTION('ref_axis',(0.15476771868077,0.977164918243521,-0.14558734769369));
#1280=DIRECTION('center_axis',(0.985292703570912,-0.1708615143176,0.00215202579416439));
#1281=DIRECTION('ref_axis',(0.169350503935327,0.974745793642315,-0.145571441544915));
#1282=DIRECTION('center_axis',(-0.15643446504023,-0.987688340595138,0.));
#1283=DIRECTION('ref_axis',(0.698401123333707,-0.110615871041255,0.707106781186549));
#1284=DIRECTION('center_axis',(-0.104528463267653,0.994521895368273,0.));
#1285=DIRECTION('ref_axis',(0.994521895368273,0.104528463267653,-3.41825298210852E-15));
#1286=DIRECTION('',(0.15643446504023,0.987688340595138,0.));
#1287=DIRECTION('',(-0.15643446504023,-0.987688340595138,0.));
#1288=DIRECTION('center_axis',(0.15643446504023,0.987688340595138,0.));
#1289=DIRECTION('ref_axis',(0.698401123333704,-0.110615871041254,-0.707106781186552));
#1290=DIRECTION('center_axis',(-0.104528463267653,0.994521895368273,0.));
#1291=DIRECTION('ref_axis',(0.994521895368273,0.104528463267653,-2.01073704829913E-15));
#1292=DIRECTION('',(0.15643446504023,0.987688340595138,0.));
#1293=DIRECTION('',(-0.15643446504023,-0.987688340595138,0.));
#1294=DIRECTION('center_axis',(0.,0.,-1.));
#1295=DIRECTION('ref_axis',(0.933580426497195,0.358367949545317,0.));
#1296=DIRECTION('center_axis',(0.933580426497201,0.358367949545301,0.));
#1297=DIRECTION('ref_axis',(-0.35454968305845,0.923633502226218,0.14558734769369));
#1298=DIRECTION('center_axis',(-0.928237587680957,-0.371981652237337,-0.0021520257941646));
#1299=DIRECTION('ref_axis',(-0.368310835181076,0.918235309762565,0.145571441544915));
#1300=DIRECTION('center_axis',(0.,0.,1.));
#1301=DIRECTION('ref_axis',(0.852640164354098,-0.52249856471594,0.));
#1302=DIRECTION('center_axis',(0.,0.,-1.));
#1303=DIRECTION('ref_axis',(0.933580426497201,0.358367949545301,0.));
#1304=DIRECTION('',(0.,0.,1.));
#1305=DIRECTION('',(0.,0.,-1.));
#1306=DIRECTION('center_axis',(0.358367949545301,-0.933580426497201,0.));
#1307=DIRECTION('ref_axis',(-0.660141050359199,-0.253404407283402,0.707106781186549));
#1308=DIRECTION('center_axis',(-0.104528463267653,0.994521895368273,0.));
#1309=DIRECTION('ref_axis',(-0.994521895368273,-0.104528463267653,-1.87668791174585E-15));
#1310=DIRECTION('',(-0.358367949545301,0.933580426497201,0.));
#1311=DIRECTION('',(0.358367949545301,-0.933580426497201,0.));
#1312=DIRECTION('center_axis',(0.358367949545301,-0.933580426497201,0.));
#1313=DIRECTION('ref_axis',(-0.660141050359194,-0.253404407283401,-0.707106781186553));
#1314=DIRECTION('center_axis',(-0.104528463267653,0.994521895368273,0.));
#1315=DIRECTION('ref_axis',(-0.994521895368273,-0.104528463267653,3.35122841383188E-16));
#1316=DIRECTION('',(-0.358367949545301,0.933580426497201,0.));
#1317=DIRECTION('',(0.358367949545301,-0.933580426497201,0.));
#1318=DIRECTION('center_axis',(0.104528463267654,-0.994521895368273,0.));
#1319=DIRECTION('ref_axis',(-0.994521895368273,-0.104528463267654,0.));
#1320=DIRECTION('',(-0.993801358793436,-0.104452731821975,0.0380589815319201));
#1321=DIRECTION('',(0.,0.,-1.));
#1322=DIRECTION('',(1.,0.,0.));
#1323=DIRECTION('center_axis',(-0.994521895368273,-0.104528463267654,0.));
#1324=DIRECTION('ref_axis',(0.,0.,1.));
#1325=DIRECTION('center_axis',(0.,0.,1.));
#1326=DIRECTION('ref_axis',(1.,0.,0.));
#1327=DIRECTION('',(-0.994521895368273,-0.104528463267653,0.));
#1328=DIRECTION('center_axis',(0.933580426497201,0.358367949545301,0.));
#1329=DIRECTION('ref_axis',(0.358367949545301,-0.933580426497201,0.));
#1330=DIRECTION('',(0.,0.,-1.));
#1331=DIRECTION('center_axis',(-0.933580426497201,-0.358367949545301,0.));
#1332=DIRECTION('ref_axis',(0.358367949545301,-0.933580426497201,0.));
#1333=DIRECTION('center_axis',(-0.933580426497201,-0.358367949545301,0.));
#1334=DIRECTION('ref_axis',(0.358367949545301,-0.933580426497201,0.));
#1335=DIRECTION('center_axis',(-0.933580426497201,-0.358367949545301,0.));
#1336=DIRECTION('ref_axis',(0.358367949545301,-0.933580426497201,0.));
#1337=DIRECTION('center_axis',(0.104528463267653,-0.994521895368273,0.));
#1338=DIRECTION('ref_axis',(-0.994521895368273,-0.104528463267653,0.));
#1339=DIRECTION('',(0.,0.,-1.));
#1340=DIRECTION('',(0.994521895368273,0.104528463267653,0.));
#1341=DIRECTION('center_axis',(0.994521895368273,0.104528463267653,0.));
#1342=DIRECTION('ref_axis',(0.104528463267653,-0.994521895368273,0.));
#1343=DIRECTION('',(0.994521895368273,0.104528463267653,0.));
#1344=DIRECTION('center_axis',(0.987688340595138,-0.15643446504023,0.));
#1345=DIRECTION('ref_axis',(-0.15643446504023,-0.987688340595138,0.));
#1346=DIRECTION('center_axis',(0.994521895368273,0.104528463267653,0.));
#1347=DIRECTION('ref_axis',(0.104528463267653,-0.994521895368273,0.));
#1348=DIRECTION('',(0.994521895368273,0.104528463267653,0.));
#1349=DIRECTION('center_axis',(0.987688340595138,-0.15643446504023,0.));
#1350=DIRECTION('ref_axis',(-0.15643446504023,-0.987688340595138,0.));
#1351=DIRECTION('center_axis',(0.994521895368273,0.104528463267653,0.));
#1352=DIRECTION('ref_axis',(0.104528463267653,-0.994521895368273,0.));
#1353=DIRECTION('',(0.994521895368273,0.104528463267653,0.));
#1354=DIRECTION('center_axis',(0.987688340595138,-0.15643446504023,0.));
#1355=DIRECTION('ref_axis',(-0.15643446504023,-0.987688340595138,0.));
#1356=DIRECTION('',(0.655594672673379,-0.336348522299884,0.676066044635412));
#1357=DIRECTION('center_axis',(-0.69252135904829,0.0900816602855216,0.715750977465007));
#1358=DIRECTION('ref_axis',(0.718672826199352,0.,0.69534837950673));
#1359=DIRECTION('',(0.0465376269846826,0.995684908759513,-0.080285812838851));
#1360=DIRECTION('',(-0.225640886173395,0.915342098014371,-0.333519166000298));
#1361=DIRECTION('',(-0.306019490198467,-0.935162262857579,-0.178391742369885));
#1362=DIRECTION('',(-0.653273479394794,0.34257384110188,-0.675186584961612));
#1363=DIRECTION('',(0.306019490198467,0.935162262857579,0.178391742369885));
#1364=DIRECTION('center_axis',(0.,0.,1.));
#1365=DIRECTION('ref_axis',(0.950407227189149,-0.311008203278681,0.));
#1366=DIRECTION('',(0.,0.,-1.));
#1367=DIRECTION('center_axis',(0.,-5.70266654755057E-17,1.));
#1368=DIRECTION('ref_axis',(0.950407227189149,-0.311008203278681,0.));
#1369=DIRECTION('center_axis',(0.,-0.719320905559122,0.694677936043463));
#1370=DIRECTION('ref_axis',(-6.81765692194063E-17,-0.694677936043463,-0.719320905559122));
#1371=DIRECTION('center_axis',(0.,-0.187381314585726,0.982287250728689));
#1372=DIRECTION('ref_axis',(-2.89208730843244E-16,-0.982287250728688,-0.187381314585726));
#1373=DIRECTION('',(0.,0.,-1.));
#1374=DIRECTION('center_axis',(-0.950407227189149,0.311008203278681,0.));
#1375=DIRECTION('ref_axis',(0.311008203278681,0.950407227189149,0.));
#1376=DIRECTION('',(0.306019490198467,0.935162262857579,0.178391742369885));
#1377=DIRECTION('',(0.,0.,-1.));
#1378=DIRECTION('',(-0.293885532512924,-0.898082208514402,0.32723025613395));
#1379=DIRECTION('',(0.,0.,-1.));
#1380=DIRECTION('',(-0.293885532512924,-0.898082208514402,0.32723025613395));
#1381=DIRECTION('center_axis',(-0.71095303315654,-0.0234438673882431,-0.702848610817008));
#1382=DIRECTION('ref_axis',(-0.703041838512117,0.,0.711148488925838));
#1383=DIRECTION('',(0.293885532512924,0.898082208514402,-0.32723025613395));
#1384=DIRECTION('',(0.638887375384043,-0.439202381404945,-0.631604456715684));
#1385=DIRECTION('',(0.706648756875278,-0.242233391526603,-0.664808632943454));
#1386=DIRECTION('',(-0.640646971689194,0.435048252877622,0.632696195131276));
#1387=DIRECTION('center_axis',(-0.707106781186547,-0.242076689259907,-0.664378564161249));
#1388=DIRECTION('ref_axis',(-0.684744848876677,0.,0.728782883948887));
#1389=DIRECTION('',(-0.323893377821665,0.946093589346885,0.));
#1390=DIRECTION('',(-1.58597845711489E-15,0.939573175986802,-0.342348137085737));
#1391=DIRECTION('',(-0.707106781186548,0.242076689259905,0.664378564161249));
#1392=DIRECTION('center_axis',(0.,0.,1.));
#1393=DIRECTION('ref_axis',(0.950407227189149,-0.311008203278681,0.));
#1394=DIRECTION('center_axis',(0.,-0.342348137085737,-0.939573175986802));
#1395=DIRECTION('ref_axis',(1.84421794174715E-16,-0.939573175986802,0.342348137085737));
#1396=DIRECTION('',(0.,0.,-1.));
#1397=DIRECTION('center_axis',(0.,0.,-1.));
#1398=DIRECTION('ref_axis',(0.950407227189149,-0.311008203278681,0.));
#1399=DIRECTION('center_axis',(-1.,-1.68797758136208E-15,0.));
#1400=DIRECTION('ref_axis',(-1.68797758136208E-15,1.,0.));
#1401=DIRECTION('',(1.68797758136208E-15,-1.,0.));
#1402=DIRECTION('center_axis',(1.,1.68797758136208E-15,0.));
#1403=DIRECTION('ref_axis',(-1.60190063927789E-15,0.939573175986802,-0.342348137085736));
#1404=DIRECTION('',(0.,0.,-1.));
#1405=DIRECTION('center_axis',(1.,1.68797758136208E-15,0.));
#1406=DIRECTION('ref_axis',(-1.69368106995922E-15,1.,5.37465512271519E-15));
#1407=DIRECTION('center_axis',(-1.,-1.68797758136208E-15,0.));
#1408=DIRECTION('ref_axis',(0.,0.,1.));
#1409=DIRECTION('',(0.,0.,-1.));
#1410=DIRECTION('center_axis',(0.,0.342348137085737,0.939573175986802));
#1411=DIRECTION('ref_axis',(0.,-0.939573175986802,0.342348137085737));
#1412=DIRECTION('',(1.,0.,0.));
#1413=DIRECTION('',(0.,-0.939573175986802,0.342348137085737));
#1414=DIRECTION('',(1.,0.,0.));
#1415=DIRECTION('',(-0.705229124208291,0.491183143368911,-0.511264121603152));
#1416=DIRECTION('center_axis',(-0.707106781186548,0.707106781186547,0.));
#1417=DIRECTION('ref_axis',(0.,0.,1.));
#1418=DIRECTION('',(0.707106781186547,0.707106781186548,0.));
#1419=DIRECTION('',(0.707106781186547,0.707106781186548,0.));
#1420=DIRECTION('',(0.,0.,1.));
#1421=DIRECTION('center_axis',(1.,0.,0.));
#1422=DIRECTION('ref_axis',(0.,0.,1.));
#1423=DIRECTION('',(0.707106781186546,-0.318407826765914,0.63136079689367));
#1424=DIRECTION('center_axis',(1.,1.68797758136208E-15,0.));
#1425=DIRECTION('ref_axis',(0.,0.,1.));
#1426=DIRECTION('',(0.706187171404631,-0.490522022669179,0.510575973014852));
#1427=DIRECTION('center_axis',(0.,0.692803060363856,-0.721126840126253));
#1428=DIRECTION('ref_axis',(0.,0.721126840126253,0.692803060363856));
#1429=DIRECTION('',(1.,0.,0.));
#1430=DIRECTION('',(0.,0.721126840126253,0.692803060363856));
#1431=DIRECTION('',(1.,0.,0.));
#1432=DIRECTION('center_axis',(-1.,0.,0.));
#1433=DIRECTION('ref_axis',(0.,0.391916406671206,0.920000831620238));
#1434=DIRECTION('center_axis',(-1.,0.,0.));
#1435=DIRECTION('ref_axis',(0.,0.,-1.));
#1436=DIRECTION('',(1.,0.,0.));
#1437=DIRECTION('center_axis',(0.,-1.,0.));
#1438=DIRECTION('ref_axis',(0.,0.,-1.));
#1439=DIRECTION('',(0.,0.,-1.));
#1440=DIRECTION('',(1.,0.,0.));
#1441=DIRECTION('center_axis',(-0.993801358793436,-0.104452731821975,0.0380589815319201));
#1442=DIRECTION('ref_axis',(-0.104528463267654,0.994521895368273,0.));
#1443=DIRECTION('',(-0.993801358793436,-0.104452731821975,0.0380589815319201));
#1444=DIRECTION('',(0.993801358793436,0.104452731821975,-0.0380589815319201));
#1445=DIRECTION('center_axis',(-1.,0.,0.));
#1446=DIRECTION('ref_axis',(0.,0.939573175986803,-0.342348137085732));
#1447=DIRECTION('center_axis',(0.104528463267654,-0.994521895368273,0.));
#1448=DIRECTION('ref_axis',(-0.994521895368273,-0.104528463267654,0.));
#1449=DIRECTION('',(0.994521895368273,0.104528463267654,5.96090970743321E-18));
#1450=DIRECTION('center_axis',(0.994521895368273,0.104528463267654,5.96090970743321E-18));
#1451=DIRECTION('ref_axis',(-0.0739127852035672,0.703233176253404,0.707106781186547));
#1452=DIRECTION('',(-0.994521895368273,-0.104528463267654,-5.96090970743321E-18));
#1453=DIRECTION('center_axis',(1.,0.,0.));
#1454=DIRECTION('ref_axis',(0.,-1.,0.));
#1455=DIRECTION('',(0.,0.939573175986802,-0.342348137085737));
#1456=DIRECTION('',(0.,0.,-1.));
#1457=DIRECTION('',(0.,-0.982287250728688,-0.187381314585725));
#1458=DIRECTION('center_axis',(-1.,0.,0.));
#1459=DIRECTION('ref_axis',(0.,0.,-1.));
#1460=DIRECTION('',(0.,-0.694677936043463,-0.719320905559122));
#1461=DIRECTION('center_axis',(1.,0.,0.));
#1462=DIRECTION('ref_axis',(0.,0.,1.));
#1463=DIRECTION('',(0.,-1.,0.));
#1464=DIRECTION('',(0.,0.982287250728688,0.187381314585725));
#1465=DIRECTION('center_axis',(0.,-5.70266654755057E-17,1.));
#1466=DIRECTION('ref_axis',(0.,-1.,-5.70266654755057E-17));
#1467=DIRECTION('',(1.,0.,0.));
#1468=DIRECTION('center_axis',(-1.,0.,0.));
#1469=DIRECTION('ref_axis',(0.,0.,-1.));
#1470=DIRECTION('',(1.,0.,0.));
#1471=DIRECTION('',(1.,0.,0.));
#1472=DIRECTION('center_axis',(0.,-0.719320905559122,0.694677936043463));
#1473=DIRECTION('ref_axis',(0.,-0.694677936043463,-0.719320905559121));
#1474=DIRECTION('',(1.,0.,0.));
#1475=DIRECTION('center_axis',(-1.,0.,0.));
#1476=DIRECTION('ref_axis',(0.,0.,1.));
#1477=DIRECTION('center_axis',(0.,-0.187381314585726,0.982287250728689));
#1478=DIRECTION('ref_axis',(0.,-0.982287250728688,-0.187381314585725));
#1479=DIRECTION('',(1.,0.,0.));
#1480=DIRECTION('center_axis',(0.,-0.342348137085737,-0.939573175986802));
#1481=DIRECTION('ref_axis',(0.,0.939573175986802,-0.342348137085737));
#1482=DIRECTION('',(-1.,0.,0.));
#1483=DIRECTION('center_axis',(0.,0.187381314585725,-0.982287250728689));
#1484=DIRECTION('ref_axis',(0.,0.982287250728688,0.187381314585725));
#1485=DIRECTION('center_axis',(0.,0.,1.));
#1486=DIRECTION('ref_axis',(0.,-1.,0.));
#1487=DIRECTION('center_axis',(0.,0.,-1.));
#1488=DIRECTION('ref_axis',(-1.,0.,0.));
#1489=DIRECTION('center_axis',(-0.987688340595138,0.15643446504023,0.));
#1490=DIRECTION('ref_axis',(0.15643446504023,0.987688340595138,0.));
#1491=DIRECTION('center_axis',(0.,1.,0.));
#1492=DIRECTION('ref_axis',(1.,0.,0.));
#1493=CARTESIAN_POINT('',(0.,0.,0.));
#1494=CARTESIAN_POINT('Ctrl Pts',(5.68233193721555,75.6745235786318,-51.9140003414258));
#1495=CARTESIAN_POINT('Ctrl Pts',(5.44854547054915,75.647545484585,-51.9135030920179));
#1496=CARTESIAN_POINT('Ctrl Pts',(4.90188054866054,75.6367102161056,-51.7396824351048));
#1497=CARTESIAN_POINT('Ctrl Pts',(4.5916782683606,75.7150882002907,-51.2592290232684));
#1498=CARTESIAN_POINT('Ctrl Pts',(4.57209322273993,75.7622707658249,-50.9671661590384));
#1499=CARTESIAN_POINT('Ctrl Pts',(5.68039868343338,75.6911893401108,-51.8546437155419));
#1500=CARTESIAN_POINT('Ctrl Pts',(5.46058648115105,75.666613627729,-51.8516116447147));
#1501=CARTESIAN_POINT('Ctrl Pts',(4.94838814969446,75.6581994548732,-51.6779342556934));
#1502=CARTESIAN_POINT('Ctrl Pts',(4.67339432970422,75.7297483924304,-51.2280044718343));
#1503=CARTESIAN_POINT('Ctrl Pts',(4.65819853799164,75.772503412324,-50.9634672716163));
#1504=CARTESIAN_POINT('Ctrl Pts',(5.67396834105049,75.7466225964015,-51.742343137713));
#1505=CARTESIAN_POINT('Ctrl Pts',(5.48185971517374,75.728773153426,-51.7348323112084));
#1506=CARTESIAN_POINT('Ctrl Pts',(5.03764761357059,75.7324158573017,-51.5632715531077));
#1507=CARTESIAN_POINT('Ctrl Pts',(4.83156028978056,75.8012265453526,-51.1744846872164));
#1508=CARTESIAN_POINT('Ctrl Pts',(4.82480056233456,75.838279380685,-50.9637628318608));
#1509=CARTESIAN_POINT('Ctrl Pts',(5.65528894040777,75.9076497923933,-51.5940505492734));
#1510=CARTESIAN_POINT('Ctrl Pts',(5.50448571571847,75.9055446053604,-51.583977253402));
#1511=CARTESIAN_POINT('Ctrl Pts',(5.15767936733807,75.9472939180131,-51.4326234719205));
#1512=CARTESIAN_POINT('Ctrl Pts',(5.02415236635868,76.0427107063514,-51.13602948162));
#1513=CARTESIAN_POINT('Ctrl Pts',(5.02270822441961,76.0814475391103,-50.9908638903785));
#1514=CARTESIAN_POINT('Ctrl Pts',(5.63755108192059,76.0605603525191,-51.55));
#1515=CARTESIAN_POINT('Ctrl Pts',(5.50495763221428,76.0696902434421,-51.5447129971026));
#1516=CARTESIAN_POINT('Ctrl Pts',(5.19329731930706,76.1416950766078,-51.4272915882513));
#1517=CARTESIAN_POINT('Ctrl Pts',(5.0405176673545,76.2652081107454,-51.1680288415317));
#1518=CARTESIAN_POINT('Ctrl Pts',(5.03017138501979,76.3117577342978,-51.0277303036467));
#1519=CARTESIAN_POINT('Ctrl Pts',(5.62688972915083,76.1524673561126,-51.55));
#1520=CARTESIAN_POINT('Ctrl Pts',(5.49951857114437,76.166197882613,-51.55));
#1521=CARTESIAN_POINT('Ctrl Pts',(5.19246679409452,76.2500684621846,-51.4585941050231));
#1522=CARTESIAN_POINT('Ctrl Pts',(5.00344247373472,76.3813889287977,-51.2045928031925));
#1523=CARTESIAN_POINT('Ctrl Pts',(4.9842048908093,76.4315045457078,-51.05));
#1524=CARTESIAN_POINT('',(4.9842048908093,76.4315045457078,-51.05));
#1525=CARTESIAN_POINT('',(5.6268897291508,76.1524673561126,-51.55));
#1526=CARTESIAN_POINT('Ctrl Pts',(5.62688972915083,76.1524673561126,-51.55));
#1527=CARTESIAN_POINT('Ctrl Pts',(5.49951857114437,76.166197882613,-51.55));
#1528=CARTESIAN_POINT('Ctrl Pts',(5.19246679409452,76.2500684621846,-51.4585941050231));
#1529=CARTESIAN_POINT('Ctrl Pts',(5.00344247373472,76.3813889287977,-51.2045928031925));
#1530=CARTESIAN_POINT('Ctrl Pts',(4.9842048908093,76.4315045457078,-51.05));
#1531=CARTESIAN_POINT('',(5.68233193721552,75.6745235786318,-51.9140003414258));
#1532=CARTESIAN_POINT('Origin',(5.62688972915085,76.1524673561126,-52.05));
#1533=CARTESIAN_POINT('',(4.57209322273993,75.7622707658249,-50.9671661590384));
#1534=CARTESIAN_POINT('Ctrl Pts',(4.57209322273993,75.7622707658249,-50.9671661590384));
#1535=CARTESIAN_POINT('Ctrl Pts',(4.5916782683606,75.7150882002907,-51.2592290232684));
#1536=CARTESIAN_POINT('Ctrl Pts',(4.90188054866054,75.6367102161056,-51.7396824351048));
#1537=CARTESIAN_POINT('Ctrl Pts',(5.44854547054915,75.647545484585,-51.9135030920179));
#1538=CARTESIAN_POINT('Ctrl Pts',(5.68233193721555,75.6745235786318,-51.9140003414258));
#1539=CARTESIAN_POINT('Origin',(4.5174146775607,76.2523205709352,-51.05));
#1540=CARTESIAN_POINT('Ctrl Pts',(4.5245283026197,75.8722411432085,-13.9631865529214));
#1541=CARTESIAN_POINT('Ctrl Pts',(4.52588907549966,75.8685122143636,-13.8172425420733));
#1542=CARTESIAN_POINT('Ctrl Pts',(4.60662833044466,75.8620065456901,-13.527064510246));
#1543=CARTESIAN_POINT('Ctrl Pts',(4.97053552630237,75.8616958080153,-13.1340456458756));
#1544=CARTESIAN_POINT('Ctrl Pts',(5.35292729897154,75.8842690980422,-13.0140680333213));
#1545=CARTESIAN_POINT('Ctrl Pts',(5.58230543628549,75.9079593255444,-13.0142381899444));
#1546=CARTESIAN_POINT('Ctrl Pts',(4.61133211781809,75.8813441390721,-13.9638041498074));
#1547=CARTESIAN_POINT('Ctrl Pts',(4.61236184000957,75.8779474536496,-13.8321085235622));
#1548=CARTESIAN_POINT('Ctrl Pts',(4.6831191267705,75.8725727261112,-13.5695128439582));
#1549=CARTESIAN_POINT('Ctrl Pts',(5.01163562119266,75.8737857641145,-13.2032481947183));
#1550=CARTESIAN_POINT('Ctrl Pts',(5.36679573318534,75.8948963329918,-13.0849283347073));
#1551=CARTESIAN_POINT('Ctrl Pts',(5.58139997722665,75.9167345586584,-13.0823340795773));
#1552=CARTESIAN_POINT('Ctrl Pts',(4.77951318187975,75.9460506895203,-13.9638003783965));
#1553=CARTESIAN_POINT('Ctrl Pts',(4.77992076388808,75.9430864462366,-13.8598131112635));
#1554=CARTESIAN_POINT('Ctrl Pts',(4.83111292380334,75.9376568180416,-13.6508884065731));
#1555=CARTESIAN_POINT('Ctrl Pts',(5.08991263577266,75.9339679132321,-13.3370860123271));
#1556=CARTESIAN_POINT('Ctrl Pts',(5.39133354194909,75.9468514679672,-13.2224397822042));
#1557=CARTESIAN_POINT('Ctrl Pts',(5.57666305860593,75.9626422436522,-13.2146388276877));
#1558=CARTESIAN_POINT('Ctrl Pts',(4.97927159265091,76.1916587127605,-13.9594924276354));
#1559=CARTESIAN_POINT('Ctrl Pts',(4.97934178446407,76.1885822280529,-13.8886042815999));
#1560=CARTESIAN_POINT('Ctrl Pts',(5.01015904367649,76.176182521146,-13.7447569839179));
#1561=CARTESIAN_POINT('Ctrl Pts',(5.18802306428999,76.1432556374466,-13.5062417879831));
#1562=CARTESIAN_POINT('Ctrl Pts',(5.4162148807885,76.1285241707769,-13.4063747462409));
#1563=CARTESIAN_POINT('Ctrl Pts',(5.55955527616196,76.1284416801431,-13.3950598754303));
#1564=CARTESIAN_POINT('Ctrl Pts',(4.98618222746583,76.4263534076067,-13.9535749623703));
#1565=CARTESIAN_POINT('Ctrl Pts',(4.98698543274999,76.4226993602661,-13.884396977961));
#1566=CARTESIAN_POINT('Ctrl Pts',(5.02396569703426,76.4038656010123,-13.7453091416511));
#1567=CARTESIAN_POINT('Ctrl Pts',(5.20477492626912,76.3467631543048,-13.5349322506363));
#1568=CARTESIAN_POINT('Ctrl Pts',(5.4141848488435,76.3105361221154,-13.456045536162));
#1569=CARTESIAN_POINT('Ctrl Pts',(5.54198293042236,76.2987433914362,-13.4500000005052));
#1570=CARTESIAN_POINT('Ctrl Pts',(4.93928111276574,76.5485349886339,-13.95));
#1571=CARTESIAN_POINT('Ctrl Pts',(4.94078536599167,76.5446162750045,-13.873167613667));
#1572=CARTESIAN_POINT('Ctrl Pts',(4.98773819507937,76.5242574055205,-13.7203702693013));
#1573=CARTESIAN_POINT('Ctrl Pts',(5.19373796461844,76.4611461691808,-13.5133155342037));
#1574=CARTESIAN_POINT('Ctrl Pts',(5.40595934833951,76.4174186796682,-13.4500000020945));
#1575=CARTESIAN_POINT('Ctrl Pts',(5.53141141186518,76.4011968501338,-13.45));
#1576=CARTESIAN_POINT('',(5.5314114030812,76.401196846762,-13.45));
#1577=CARTESIAN_POINT('',(4.93928111276573,76.5485349886339,-13.95));
#1578=CARTESIAN_POINT('Ctrl Pts',(4.93928111276574,76.5485349886339,-13.95));
#1579=CARTESIAN_POINT('Ctrl Pts',(4.94078536599167,76.5446162750045,-13.873167613667));
#1580=CARTESIAN_POINT('Ctrl Pts',(4.98773819507937,76.5242574055205,-13.7203702693013));
#1581=CARTESIAN_POINT('Ctrl Pts',(5.19373796461844,76.4611461691808,-13.5133155342037));
#1582=CARTESIAN_POINT('Ctrl Pts',(5.40595934833951,76.4174186796682,-13.4500000020945));
#1583=CARTESIAN_POINT('Ctrl Pts',(5.53141141186518,76.4011968501338,-13.45));
#1584=CARTESIAN_POINT('',(4.5245283026197,75.8722411432085,-13.9631865529214));
#1585=CARTESIAN_POINT('Origin',(4.47249089951713,76.3693510138612,-13.95));
#1586=CARTESIAN_POINT('',(5.5823054362855,75.9079593255444,-13.0142381899444));
#1587=CARTESIAN_POINT('Ctrl Pts',(5.58230543628549,75.9079593255444,-13.0142381899444));
#1588=CARTESIAN_POINT('Ctrl Pts',(5.35292729897154,75.8842690980422,-13.0140680333213));
#1589=CARTESIAN_POINT('Ctrl Pts',(4.97053552630237,75.8616958080153,-13.1340456458756));
#1590=CARTESIAN_POINT('Ctrl Pts',(4.60662833044466,75.8620065456901,-13.527064510246));
#1591=CARTESIAN_POINT('Ctrl Pts',(4.52588907549966,75.8685122143636,-13.8172425420733));
#1592=CARTESIAN_POINT('Ctrl Pts',(4.5245283026197,75.8722411432085,-13.9631865529214));
#1593=CARTESIAN_POINT('Origin',(5.5314114030812,76.401196846762,-12.95));
#1594=CARTESIAN_POINT('Ctrl Pts',(14.6616885979704,76.8762559934116,-50.9886149931108));
#1595=CARTESIAN_POINT('Ctrl Pts',(14.6573452999469,76.8484433431963,-51.2082646284594));
#1596=CARTESIAN_POINT('Ctrl Pts',(14.4419171145737,76.7390908339876,-51.7027222485515));
#1597=CARTESIAN_POINT('Ctrl Pts',(13.912735535383,76.618454543901,-51.9315046156357));
#1598=CARTESIAN_POINT('Ctrl Pts',(13.6021458624455,76.5830356203848,-51.9308441037435));
#1599=CARTESIAN_POINT('Ctrl Pts',(14.5748283440739,76.8670742071265,-50.9857096587503));
#1600=CARTESIAN_POINT('Ctrl Pts',(14.5723109549639,76.8421084948819,-51.1840600765536));
#1601=CARTESIAN_POINT('Ctrl Pts',(14.3843874285439,76.7451523384539,-51.6396822561212));
#1602=CARTESIAN_POINT('Ctrl Pts',(13.8921137124124,76.6321298850011,-51.8661671801417));
#1603=CARTESIAN_POINT('Ctrl Pts',(13.6004277730737,76.598032526121,-51.8693276640134));
#1604=CARTESIAN_POINT('Ctrl Pts',(14.3965831105396,76.8950896007049,-50.9856823168874));
#1605=CARTESIAN_POINT('Ctrl Pts',(14.3978282380327,76.8741124393568,-51.1425630647399));
#1606=CARTESIAN_POINT('Ctrl Pts',(14.2655326291898,76.7928372725422,-51.5218388915748));
#1607=CARTESIAN_POINT('Ctrl Pts',(13.8478649580207,76.6859934199587,-51.7421736670464));
#1608=CARTESIAN_POINT('Ctrl Pts',(13.5942943708586,76.6515699359744,-51.7522485841846));
#1609=CARTESIAN_POINT('Ctrl Pts',(14.1493430601676,77.0925348701803,-51.0057299484278));
#1610=CARTESIAN_POINT('Ctrl Pts',(14.1532927462219,77.0712430229086,-51.112944965344));
#1611=CARTESIAN_POINT('Ctrl Pts',(14.08175744146,76.9818978231112,-51.3899884533461));
#1612=CARTESIAN_POINT('Ctrl Pts',(13.7710238652958,76.8576258990556,-51.5820093551279));
#1613=CARTESIAN_POINT('Ctrl Pts',(13.5756789115882,76.8140610685656,-51.5965226235089));
#1614=CARTESIAN_POINT('Ctrl Pts',(14.0933107587539,77.3192993439912,-51.0333266211542));
#1615=CARTESIAN_POINT('Ctrl Pts',(14.0931134238249,77.292787946867,-51.1379823552193));
#1616=CARTESIAN_POINT('Ctrl Pts',(14.0054692430083,77.1762688070045,-51.3910420606058));
#1617=CARTESIAN_POINT('Ctrl Pts',(13.7268432060396,77.0251654400857,-51.5422594879079));
#1618=CARTESIAN_POINT('Ctrl Pts',(13.5576903962544,76.9710797156884,-51.55));
#1619=CARTESIAN_POINT('Ctrl Pts',(14.1136510057147,77.4477226090491,-51.05));
#1620=CARTESIAN_POINT('Ctrl Pts',(14.1089856840658,77.4182669274222,-51.166283827034));
#1621=CARTESIAN_POINT('Ctrl Pts',(13.989487162461,77.2884648637262,-51.4282868804914));
#1622=CARTESIAN_POINT('Ctrl Pts',(13.7087245016654,77.1246169557696,-51.55));
#1623=CARTESIAN_POINT('Ctrl Pts',(13.5468762689697,77.0654743671955,-51.55));
#1624=CARTESIAN_POINT('',(13.5468762689697,77.0654743671955,-51.55));
#1625=CARTESIAN_POINT('',(14.1136510057147,77.4477226090492,-51.05));
#1626=CARTESIAN_POINT('Ctrl Pts',(14.1136510057147,77.4477226090491,-51.05));
#1627=CARTESIAN_POINT('Ctrl Pts',(14.1089856840658,77.4182669274222,-51.166283827034));
#1628=CARTESIAN_POINT('Ctrl Pts',(13.989487162461,77.2884648637262,-51.4282868804914));
#1629=CARTESIAN_POINT('Ctrl Pts',(13.7087245016654,77.1246169557696,-51.55));
#1630=CARTESIAN_POINT('Ctrl Pts',(13.5468762689697,77.0654743671955,-51.55));
#1631=CARTESIAN_POINT('',(14.6616885979704,76.8762559934116,-50.9886149931108));
#1632=CARTESIAN_POINT('Origin',(14.6074951760123,77.369505376529,-51.05));
#1633=CARTESIAN_POINT('',(13.6021458624455,76.5830356203848,-51.9308441037435));
#1634=CARTESIAN_POINT('Ctrl Pts',(13.6021458624455,76.5830356203848,-51.9308441037435));
#1635=CARTESIAN_POINT('Ctrl Pts',(13.912735535383,76.618454543901,-51.9315046156357));
#1636=CARTESIAN_POINT('Ctrl Pts',(14.4419171145737,76.7390908339876,-51.7027222485515));
#1637=CARTESIAN_POINT('Ctrl Pts',(14.6573452999469,76.8484433431963,-51.2082646284594));
#1638=CARTESIAN_POINT('Ctrl Pts',(14.6616885979704,76.8762559934116,-50.9886149931108));
#1639=CARTESIAN_POINT('Origin',(13.5468762689696,77.0654743671955,-52.05));
#1640=CARTESIAN_POINT('Ctrl Pts',(5.6268897291508,76.1524673561126,-51.55));
#1641=CARTESIAN_POINT('Ctrl Pts',(8.25426276798012,76.4572466409275,-51.55));
#1642=CARTESIAN_POINT('Ctrl Pts',(10.8947932918916,76.7616439867044,-51.55));
#1643=CARTESIAN_POINT('Ctrl Pts',(13.5468762689697,77.0654743671955,-51.55));
#1644=CARTESIAN_POINT('Ctrl Pts',(5.63932797404884,76.0452425185869,-51.55));
#1645=CARTESIAN_POINT('Ctrl Pts',(8.26676169568682,76.3490508572622,-51.5499826310962));
#1646=CARTESIAN_POINT('Ctrl Pts',(10.9073508402198,76.6524884371527,-51.550018859193));
#1647=CARTESIAN_POINT('Ctrl Pts',(13.5594927508019,76.9553472737705,-51.55));
#1648=CARTESIAN_POINT('Ctrl Pts',(5.6641432018126,75.8313209575514,-51.6226505721786));
#1649=CARTESIAN_POINT('Ctrl Pts',(8.29169436279203,76.1332246071509,-51.6240046124806));
#1650=CARTESIAN_POINT('Ctrl Pts',(10.9324009467,76.4347408006397,-51.6253732747108));
#1651=CARTESIAN_POINT('Ctrl Pts',(13.5846563964075,76.7356981522971,-51.6267693012858));
#1652=CARTESIAN_POINT('Ctrl Pts',(5.6789487430967,75.7036886612201,-51.810126246129));
#1653=CARTESIAN_POINT('Ctrl Pts',(8.30639995608334,76.0059192131686,-51.8144389091652));
#1654=CARTESIAN_POINT('Ctrl Pts',(10.9469945905344,76.3078820061976,-51.8187999673565));
#1655=CARTESIAN_POINT('Ctrl Pts',(13.5991392060449,76.6092802054231,-51.8231903342159));
#1656=CARTESIAN_POINT('Ctrl Pts',(5.6823319372155,75.6745235786318,-51.9140003414258));
#1657=CARTESIAN_POINT('Ctrl Pts',(8.30965866278751,75.9777073706822,-51.9195885034665));
#1658=CARTESIAN_POINT('Ctrl Pts',(10.9501316368423,76.2806060897051,-51.9252042287349));
#1659=CARTESIAN_POINT('Ctrl Pts',(13.6021458624455,76.5830356203848,-51.9308441037435));
#1660=CARTESIAN_POINT('Origin',(70.5472015928633,74.2679892972616,-52.05));
#1661=CARTESIAN_POINT('Origin',(70.5472015928633,74.2679892972616,-51.55));
#1662=CARTESIAN_POINT('Ctrl Pts',(13.6252666467219,76.7430924113952,-13.01826523067));
#1663=CARTESIAN_POINT('Ctrl Pts',(13.7782917868702,76.7590713572807,-13.0183052462775));
#1664=CARTESIAN_POINT('Ctrl Pts',(14.0823225631936,76.7998251884849,-13.0825418046505));
#1665=CARTESIAN_POINT('Ctrl Pts',(14.5196020078926,76.8838652227377,-13.391055403087));
#1666=CARTESIAN_POINT('Ctrl Pts',(14.6681666461683,76.9273032489687,-13.749241968011));
#1667=CARTESIAN_POINT('Ctrl Pts',(14.6696208694109,76.9355024424228,-13.9682573140949));
#1668=CARTESIAN_POINT('Ctrl Pts',(13.6242988329764,76.7523640635194,-13.0859038715491));
#1669=CARTESIAN_POINT('Ctrl Pts',(13.7674510423492,76.7675630936805,-13.087752470758));
#1670=CARTESIAN_POINT('Ctrl Pts',(14.0508485456765,76.8057248562713,-13.1519063315431));
#1671=CARTESIAN_POINT('Ctrl Pts',(14.4513599808001,76.8816073885468,-13.4449779525183));
#1672=CARTESIAN_POINT('Ctrl Pts',(14.5819451675622,76.9190993482616,-13.7714463203029));
#1673=CARTESIAN_POINT('Ctrl Pts',(14.5828473131592,76.9264261088004,-13.969109884093));
#1674=CARTESIAN_POINT('Ctrl Pts',(13.61944047959,76.7989070743949,-13.2171112455012));
#1675=CARTESIAN_POINT('Ctrl Pts',(13.7427075029013,76.8140752579101,-13.2223460027695));
#1676=CARTESIAN_POINT('Ctrl Pts',(13.9845580133936,76.8507849631544,-13.2859839785292));
#1677=CARTESIAN_POINT('Ctrl Pts',(14.3108416050642,76.9186530189207,-13.5483392607512));
#1678=CARTESIAN_POINT('Ctrl Pts',(14.4052248630473,76.9487419900094,-13.8129675558504));
#1679=CARTESIAN_POINT('Ctrl Pts',(14.4049730707969,76.9548412159238,-13.9691008205602));
#1680=CARTESIAN_POINT('Ctrl Pts',(13.6021510529577,76.9645397342464,-13.395695845855));
#1681=CARTESIAN_POINT('Ctrl Pts',(13.6958605958948,76.9842385596822,-13.4031617562915));
#1682=CARTESIAN_POINT('Ctrl Pts',(13.8772335127303,77.0302019521461,-13.4598353641269));
#1683=CARTESIAN_POINT('Ctrl Pts',(14.1062377497091,77.112259647948,-13.6698091802384));
#1684=CARTESIAN_POINT('Ctrl Pts',(14.1598171074651,77.147345944514,-13.8566545210511));
#1685=CARTESIAN_POINT('Ctrl Pts',(14.1586768118191,77.1535131351662,-13.9631357065785));
#1686=CARTESIAN_POINT('Ctrl Pts',(13.5844756402758,77.1338701414224,-13.4500000000448));
#1687=CARTESIAN_POINT('Ctrl Pts',(13.6663371177163,77.1589558932756,-13.4539739466781));
#1688=CARTESIAN_POINT('Ctrl Pts',(13.8270037093005,77.2173543444364,-13.4979569783033));
#1689=CARTESIAN_POINT('Ctrl Pts',(14.0414322149776,77.3245369516402,-13.6748618512134));
#1690=CARTESIAN_POINT('Ctrl Pts',(14.1031129195815,77.3737501719663,-13.8510880733524));
#1691=CARTESIAN_POINT('Ctrl Pts',(14.1031597663572,77.3814835306648,-13.9549470677184));
#1692=CARTESIAN_POINT('Ctrl Pts',(13.573842698451,77.2357336967568,-13.45));
#1693=CARTESIAN_POINT('Ctrl Pts',(13.6534557678039,77.2633314428868,-13.4500000001261));
#1694=CARTESIAN_POINT('Ctrl Pts',(13.8123290756613,77.3275179461396,-13.4837778946872));
#1695=CARTESIAN_POINT('Ctrl Pts',(14.0428053926643,77.4462451663483,-13.646145050736));
#1696=CARTESIAN_POINT('Ctrl Pts',(14.1222541951128,77.5020410091422,-13.8346985997173));
#1697=CARTESIAN_POINT('Ctrl Pts',(14.1236187566303,77.5106565114905,-13.95));
#1698=CARTESIAN_POINT('',(14.1236187566303,77.5106565114905,-13.95));
#1699=CARTESIAN_POINT('',(13.5738426976753,77.2357336972812,-13.45));
#1700=CARTESIAN_POINT('Ctrl Pts',(13.573842698451,77.2357336967568,-13.45));
#1701=CARTESIAN_POINT('Ctrl Pts',(13.6534557678039,77.2633314428868,-13.4500000001261));
#1702=CARTESIAN_POINT('Ctrl Pts',(13.8123290756613,77.3275179461396,-13.4837778946872));
#1703=CARTESIAN_POINT('Ctrl Pts',(14.0428053926643,77.4462451663483,-13.646145050736));
#1704=CARTESIAN_POINT('Ctrl Pts',(14.1222541951128,77.5020410091422,-13.8346985997173));
#1705=CARTESIAN_POINT('Ctrl Pts',(14.1236187566303,77.5106565114905,-13.95));
#1706=CARTESIAN_POINT('',(13.6252666467219,76.7430924113952,-13.01826523067));
#1707=CARTESIAN_POINT('Origin',(13.5738426992888,77.2357336966241,-12.95));
#1708=CARTESIAN_POINT('',(14.6696208694109,76.9355024424228,-13.9682573140949));
#1709=CARTESIAN_POINT('Ctrl Pts',(14.6696208694109,76.9355024424228,-13.9682573140949));
#1710=CARTESIAN_POINT('Ctrl Pts',(14.6681666461683,76.9273032489687,-13.749241968011));
#1711=CARTESIAN_POINT('Ctrl Pts',(14.5196020078926,76.8838652227377,-13.391055403087));
#1712=CARTESIAN_POINT('Ctrl Pts',(14.0823225631936,76.7998251884849,-13.0825418046505));
#1713=CARTESIAN_POINT('Ctrl Pts',(13.7782917868702,76.7590713572807,-13.0183052462775));
#1714=CARTESIAN_POINT('Ctrl Pts',(13.6252666467219,76.7430924113952,-13.01826523067));
#1715=CARTESIAN_POINT('Origin',(14.6174629269279,77.4324392789704,-13.95));
#1716=CARTESIAN_POINT('Ctrl Pts',(14.6696208694109,76.9355024424228,-13.9682573140949));
#1717=CARTESIAN_POINT('Ctrl Pts',(14.6703842706375,76.9398066470023,-14.0832304344259));
#1718=CARTESIAN_POINT('Ctrl Pts',(14.6707780140891,76.9419609039234,-14.1982835294477));
#1719=CARTESIAN_POINT('Ctrl Pts',(14.6708018086377,76.9419634048312,-14.3133331630033));
#1720=CARTESIAN_POINT('Ctrl Pts',(14.5828473131592,76.9264261088004,-13.969109884093));
#1721=CARTESIAN_POINT('Ctrl Pts',(14.5836026420534,76.9307042753463,-14.0837977808051));
#1722=CARTESIAN_POINT('Ctrl Pts',(14.5839914333446,76.9328434793648,-14.1985700231389));
#1723=CARTESIAN_POINT('Ctrl Pts',(14.5840134008509,76.9328415756008,-14.3133331630033));
#1724=CARTESIAN_POINT('Ctrl Pts',(14.4049731506344,76.9548412560693,-13.9691008185879));
#1725=CARTESIAN_POINT('Ctrl Pts',(14.4057071246493,76.9590968289468,-14.0837925812836));
#1726=CARTESIAN_POINT('Ctrl Pts',(14.4060824048037,76.9612214587264,-14.1985677563512));
#1727=CARTESIAN_POINT('Ctrl Pts',(14.4060982502122,76.9612130430906,-14.3133331630033));
#1728=CARTESIAN_POINT('Ctrl Pts',(14.1586769754519,77.1535131856872,-13.9631357037227));
#1729=CARTESIAN_POINT('Ctrl Pts',(14.159379678121,77.1578389430917,-14.0798161673208));
#1730=CARTESIAN_POINT('Ctrl Pts',(14.1597329075899,77.1599979674234,-14.1965778831324));
#1731=CARTESIAN_POINT('Ctrl Pts',(14.1597364223284,77.1599883717827,-14.3133331630033));
#1732=CARTESIAN_POINT('Ctrl Pts',(14.1031597663572,77.3814835306648,-13.9549470677184));
#1733=CARTESIAN_POINT('Ctrl Pts',(14.1038640718314,77.3859327034011,-14.0743516242651));
#1734=CARTESIAN_POINT('Ctrl Pts',(14.1042168288533,77.3881568833012,-14.1938500789502));
#1735=CARTESIAN_POINT('Ctrl Pts',(14.1042161831172,77.3881534835834,-14.3133331630033));
#1736=CARTESIAN_POINT('Ctrl Pts',(14.1236187566303,77.5106565114905,-13.95));
#1737=CARTESIAN_POINT('Ctrl Pts',(14.1243350895191,77.5151792593523,-14.0710560082301));
#1738=CARTESIAN_POINT('Ctrl Pts',(14.1246934067063,77.5174415850354,-14.192196346264));
#1739=CARTESIAN_POINT('Ctrl Pts',(14.1246934067063,77.5174415850354,-14.3133331630033));
#1740=CARTESIAN_POINT('',(14.6708018086377,76.9419634048312,-14.3133331630033));
#1741=CARTESIAN_POINT('Ctrl Pts',(14.6708018086377,76.9419634048312,-14.3133331630033));
#1742=CARTESIAN_POINT('Ctrl Pts',(14.6707780140891,76.9419609039234,-14.1982835294477));
#1743=CARTESIAN_POINT('Ctrl Pts',(14.6703842706375,76.9398066470023,-14.0832304344259));
#1744=CARTESIAN_POINT('Ctrl Pts',(14.6696208694109,76.9355024424228,-13.9682573140949));
#1745=CARTESIAN_POINT('',(14.1246934067063,77.5174415850354,-14.3133331630033));
#1746=CARTESIAN_POINT('Origin',(14.6185375770039,77.4392243525153,-14.3133331630033));
#1747=CARTESIAN_POINT('Ctrl Pts',(14.1236187566303,77.5106565114905,-13.95));
#1748=CARTESIAN_POINT('Ctrl Pts',(14.1243350895191,77.5151792593523,-14.0710560082301));
#1749=CARTESIAN_POINT('Ctrl Pts',(14.1246934067063,77.5174415850354,-14.192196346264));
#1750=CARTESIAN_POINT('Ctrl Pts',(14.1246934067063,77.5174415850354,-14.3133331630033));
#1751=CARTESIAN_POINT('Origin',(14.6185375770039,77.4392243525153,0.));
#1752=CARTESIAN_POINT('',(14.1246934067063,77.5174415850354,-49.9441629021842));
#1753=CARTESIAN_POINT('',(14.6708018086377,76.9419634048312,-49.9441629021842));
#1754=CARTESIAN_POINT('Origin',(14.6185375770039,77.4392243525153,-49.9441629021842));
#1755=CARTESIAN_POINT('',(14.1246934067063,77.5174415850354,0.));
#1756=CARTESIAN_POINT('',(14.6708018086377,76.9419634048312,0.));
#1757=CARTESIAN_POINT('Ctrl Pts',(14.6708018086377,76.9419634048312,-49.9441629021842));
#1758=CARTESIAN_POINT('Ctrl Pts',(14.671578817533,76.9420450717569,-50.2934279819262));
#1759=CARTESIAN_POINT('Ctrl Pts',(14.668533397832,76.9200872072298,-50.6424591950289));
#1760=CARTESIAN_POINT('Ctrl Pts',(14.6616885979704,76.8762559934116,-50.9886149931108));
#1761=CARTESIAN_POINT('Ctrl Pts',(14.5840134008509,76.9328415756008,-49.9441629021842));
#1762=CARTESIAN_POINT('Ctrl Pts',(14.5847307478414,76.9327794083543,-50.2924625127603));
#1763=CARTESIAN_POINT('Ctrl Pts',(14.5816612226606,76.9108008235644,-50.640526145551));
#1764=CARTESIAN_POINT('Ctrl Pts',(14.5748283440739,76.8670742071265,-50.9857096587503));
#1765=CARTESIAN_POINT('Ctrl Pts',(14.4061042768023,76.9612160571467,-49.9441629021842));
#1766=CARTESIAN_POINT('Ctrl Pts',(14.4066217072257,76.9609412452984,-50.2924701517195));
#1767=CARTESIAN_POINT('Ctrl Pts',(14.4034411860337,76.9388419587096,-50.6405124121898));
#1768=CARTESIAN_POINT('Ctrl Pts',(14.396583091627,76.8950895913789,-50.9856823153268));
#1769=CARTESIAN_POINT('Ctrl Pts',(14.1597486903929,77.1599921782802,-49.9441629021842));
#1770=CARTESIAN_POINT('Ctrl Pts',(14.1598634638678,77.1596788334745,-50.299175923245));
#1771=CARTESIAN_POINT('Ctrl Pts',(14.1563859623486,77.1371348501005,-50.6539081522509));
#1772=CARTESIAN_POINT('Ctrl Pts',(14.1493430218953,77.0925348583757,-51.0057299461649));
#1773=CARTESIAN_POINT('Ctrl Pts',(14.1042161831172,77.3881534835834,-49.9441629021842));
#1774=CARTESIAN_POINT('Ctrl Pts',(14.1041950966613,77.3880424660961,-50.3083684845802));
#1775=CARTESIAN_POINT('Ctrl Pts',(14.1005545165141,77.3650317977203,-50.6723582577821));
#1776=CARTESIAN_POINT('Ctrl Pts',(14.0933107587538,77.3192993439912,-51.0333266211542));
#1777=CARTESIAN_POINT('Ctrl Pts',(14.1246934067063,77.5174415850354,-49.9441629021842));
#1778=CARTESIAN_POINT('Ctrl Pts',(14.1246934067063,77.5174415850354,-50.3139414796098));
#1779=CARTESIAN_POINT('Ctrl Pts',(14.121003297177,77.4941431504053,-50.6834861117644));
#1780=CARTESIAN_POINT('Ctrl Pts',(14.1136510057147,77.4477226090492,-51.05));
#1781=CARTESIAN_POINT('Origin',(12.6671175276442,68.3146696708533,-49.8523154979393));
#1782=CARTESIAN_POINT('Origin',(13.1609616979418,68.2364524383331,-49.8523154979393));
#1783=CARTESIAN_POINT('Ctrl Pts',(13.5738426992888,77.2357336966241,-13.45));
#1784=CARTESIAN_POINT('Ctrl Pts',(10.8932025251113,76.9559173200088,-13.45));
#1785=CARTESIAN_POINT('Ctrl Pts',(8.2123820470299,76.6778291042513,-13.45));
#1786=CARTESIAN_POINT('Ctrl Pts',(5.5314114030812,76.401196846762,-13.45));
#1787=CARTESIAN_POINT('Ctrl Pts',(13.5862477980537,77.1168928821009,-13.45));
#1788=CARTESIAN_POINT('Ctrl Pts',(10.9055694655123,76.8369531587399,-13.450002908002));
#1789=CARTESIAN_POINT('Ctrl Pts',(8.22472360230844,76.5586392102087,-13.4499916144541));
#1790=CARTESIAN_POINT('Ctrl Pts',(5.54374484163728,76.2816678120504,-13.45));
#1791=CARTESIAN_POINT('Ctrl Pts',(13.6109823107033,76.8799363140143,-13.3604148145168));
#1792=CARTESIAN_POINT('Ctrl Pts',(10.9302275096306,76.5997572214627,-13.3602291213139));
#1793=CARTESIAN_POINT('Ctrl Pts',(8.24933129288036,76.3209852167161,-13.3598804255185));
#1794=CARTESIAN_POINT('Ctrl Pts',(5.56833464849034,76.0433566660122,-13.3593506418109));
#1795=CARTESIAN_POINT('Ctrl Pts',(13.6235729728645,76.7593178026281,-13.1366328521723));
#1796=CARTESIAN_POINT('Ctrl Pts',(10.9427564489744,76.4792304894502,-13.1360719280328));
#1797=CARTESIAN_POINT('Ctrl Pts',(8.26179007740531,76.2006638762402,-13.1350010913434));
#1798=CARTESIAN_POINT('Ctrl Pts',(5.58072088074823,75.9233159832158,-13.1334059963966));
#1799=CARTESIAN_POINT('Ctrl Pts',(13.6252666467219,76.7430924113952,-13.01826523067));
#1800=CARTESIAN_POINT('Ctrl Pts',(10.9444274887726,76.4631581228073,-13.0175642035994));
#1801=CARTESIAN_POINT('Ctrl Pts',(8.26342543098632,76.1848660297676,-13.0162271370911));
#1802=CARTESIAN_POINT('Ctrl Pts',(5.5823054362855,75.9079593255444,-13.0142381899444));
#1803=CARTESIAN_POINT('Ctrl Pts',(13.6252666467219,76.7430924113952,-13.01826523067));
#1804=CARTESIAN_POINT('Ctrl Pts',(10.9444274887726,76.4631581228073,-13.0175642035994));
#1805=CARTESIAN_POINT('Ctrl Pts',(8.26342543098632,76.1848660297676,-13.0162271370911));
#1806=CARTESIAN_POINT('Ctrl Pts',(5.5823054362855,75.9079593255444,-13.0142381899444));
#1807=CARTESIAN_POINT('Ctrl Pts',(5.5314114030812,76.401196846762,-13.45));
#1808=CARTESIAN_POINT('Ctrl Pts',(8.21238204652043,76.6778291041988,-13.45));
#1809=CARTESIAN_POINT('Ctrl Pts',(10.8932025240924,76.9559173199031,-13.45));
#1810=CARTESIAN_POINT('Ctrl Pts',(13.5738426977606,77.2357336964646,-13.45));
#1811=CARTESIAN_POINT('Origin',(13.6566731750025,77.7587047489667,-13.95));
#1812=CARTESIAN_POINT('',(14.4310877001798,82.6481656302914,-13.45));
#1813=CARTESIAN_POINT('',(14.9458901147653,82.7022735443893,-13.95));
#1814=CARTESIAN_POINT('Origin',(14.4310877001798,82.6481656302914,-13.95));
#1815=CARTESIAN_POINT('',(13.6566731750025,77.7587047489667,-13.45));
#1816=CARTESIAN_POINT('',(14.1505173453,77.6804875164465,-13.95));
#1817=CARTESIAN_POINT('Origin',(13.6566731750025,77.7587047489667,-51.05));
#1818=CARTESIAN_POINT('',(14.9458901147653,82.7022735443893,-51.05));
#1819=CARTESIAN_POINT('',(14.4310877001798,82.6481656302914,-51.55));
#1820=CARTESIAN_POINT('Origin',(14.4310877001798,82.6481656302914,-51.05));
#1821=CARTESIAN_POINT('',(14.1505173453,77.6804875164465,-51.05));
#1822=CARTESIAN_POINT('',(13.6566731750025,77.7587047489667,-51.55));
#1823=CARTESIAN_POINT('Ctrl Pts',(4.57209322273993,75.7622707658249,-50.9671661590384));
#1824=CARTESIAN_POINT('Ctrl Pts',(4.54080393547411,75.8376501586296,-50.5005632705093));
#1825=CARTESIAN_POINT('Ctrl Pts',(4.52452148145338,75.8755463702513,-50.0278503356025));
#1826=CARTESIAN_POINT('Ctrl Pts',(4.52347077196999,75.8754359362346,-49.555556989035));
#1827=CARTESIAN_POINT('Ctrl Pts',(4.65819853799164,75.772503412324,-50.9634672716163));
#1828=CARTESIAN_POINT('Ctrl Pts',(4.62724298798309,75.8473223897463,-50.4980149149286));
#1829=CARTESIAN_POINT('Ctrl Pts',(4.61119053574945,75.8848416749633,-50.0265447809112));
#1830=CARTESIAN_POINT('Ctrl Pts',(4.61025917975674,75.8845577654649,-49.555556989035));
#1831=CARTESIAN_POINT('Ctrl Pts',(4.82480069314394,75.838279348238,-50.9637628184625));
#1832=CARTESIAN_POINT('Ctrl Pts',(4.79453395686952,75.9126497548911,-50.4980953987575));
#1833=CARTESIAN_POINT('Ctrl Pts',(4.77898979602054,75.9498101702766,-50.0265551106859));
#1834=CARTESIAN_POINT('Ctrl Pts',(4.77838265417298,75.9493012021737,-49.555556989035));
#1835=CARTESIAN_POINT('Ctrl Pts',(5.02270847993834,76.0814475175614,-50.9908638709872));
#1836=CARTESIAN_POINT('Ctrl Pts',(4.99304704452358,76.157410792913,-50.5162248119968));
#1837=CARTESIAN_POINT('Ctrl Pts',(4.97809202284124,76.19540063818,-50.0356229833672));
#1838=CARTESIAN_POINT('Ctrl Pts',(4.97802830845192,76.1949539089146,-49.555556989035));
#1839=CARTESIAN_POINT('Ctrl Pts',(5.03017138501979,76.3117577342978,-51.0277303036467));
#1840=CARTESIAN_POINT('Ctrl Pts',(5.0000192644716,76.3903342878516,-50.5410612149861));
#1841=CARTESIAN_POINT('Ctrl Pts',(4.9848479050619,76.4298163809391,-50.048053615023));
#1842=CARTESIAN_POINT('Ctrl Pts',(4.98490700848366,76.4296754666322,-49.555556989035));
#1843=CARTESIAN_POINT('Ctrl Pts',(4.9842048908093,76.4315045457078,-51.05));
#1844=CARTESIAN_POINT('Ctrl Pts',(4.95347071381976,76.5115698140957,-50.5560416276777));
#1845=CARTESIAN_POINT('Ctrl Pts',(4.93799675358476,76.5518808586913,-50.0555896918472));
#1846=CARTESIAN_POINT('Ctrl Pts',(4.93799675358476,76.5518808586913,-49.555556989035));
#1847=CARTESIAN_POINT('',(4.93799675358477,76.5518808586913,-49.555556989035));
#1848=CARTESIAN_POINT('',(4.52347077196999,75.8754359362346,-49.555556989035));
#1849=CARTESIAN_POINT('Origin',(4.47120654033616,76.3726968839187,-49.555556989035));
#1850=CARTESIAN_POINT('Origin',(8.27708497146464,67.8532586562446,-49.6474043932798));
#1851=CARTESIAN_POINT('Origin',(7.81029475821604,67.674074681472,-49.6474043932798));
#1852=CARTESIAN_POINT('Origin',(4.47120654033616,76.3726968839187,0.));
#1853=CARTESIAN_POINT('',(4.93799675358477,76.5518808586913,-14.2124640607232));
#1854=CARTESIAN_POINT('',(4.52347077345538,75.8754359363907,-14.2124640607232));
#1855=CARTESIAN_POINT('Origin',(4.47120654033616,76.3726968839187,-14.2124640607232));
#1856=CARTESIAN_POINT('',(4.93799675358477,76.5518808586913,0.));
#1857=CARTESIAN_POINT('',(4.52347077196999,75.8754359362346,0.));
#1858=CARTESIAN_POINT('Ctrl Pts',(4.52347077196999,75.8754359362346,-14.2124640606757));
#1859=CARTESIAN_POINT('Ctrl Pts',(4.5234012370522,75.8754286278202,-14.129362307072));
#1860=CARTESIAN_POINT('Ctrl Pts',(4.52375373676667,75.8743636876787,-14.0462593778739));
#1861=CARTESIAN_POINT('Ctrl Pts',(4.5245283026197,75.8722411432085,-13.9631865529214));
#1862=CARTESIAN_POINT('Ctrl Pts',(4.61025917975675,75.8845577654649,-14.2124640606757));
#1863=CARTESIAN_POINT('Ctrl Pts',(4.61019754353531,75.8845389766142,-14.1295691932152));
#1864=CARTESIAN_POINT('Ctrl Pts',(4.61055519280717,75.883467781423,-14.0466696116441));
#1865=CARTESIAN_POINT('Ctrl Pts',(4.61133211781809,75.8813441390721,-13.9638041498074));
#1866=CARTESIAN_POINT('Ctrl Pts',(4.77839030249201,75.9492992009422,-14.2124640606757));
#1867=CARTESIAN_POINT('Ctrl Pts',(4.77835012244307,75.9492655179349,-14.1295675562962));
#1868=CARTESIAN_POINT('Ctrl Pts',(4.77872424932228,75.9481826606681,-14.0466666891783));
#1869=CARTESIAN_POINT('Ctrl Pts',(4.7795131081788,75.9460507090438,-13.9638003771771));
#1870=CARTESIAN_POINT('Ctrl Pts',(4.97804336584615,76.194952538437,-14.2124640606757));
#1871=CARTESIAN_POINT('Ctrl Pts',(4.97803914929067,76.1949229743346,-14.1281306059959));
#1872=CARTESIAN_POINT('Ctrl Pts',(4.97844853368974,76.1938250283567,-14.0437952438506));
#1873=CARTESIAN_POINT('Ctrl Pts',(4.97927144649649,76.1916587258665,-13.9594924258705));
#1874=CARTESIAN_POINT('Ctrl Pts',(4.98490700848366,76.4296754666322,-14.2124640606757));
#1875=CARTESIAN_POINT('Ctrl Pts',(4.98491091988985,76.4296661410623,-14.1261607724398));
#1876=CARTESIAN_POINT('Ctrl Pts',(4.98533550939384,76.4285587031478,-14.0398480386226));
#1877=CARTESIAN_POINT('Ctrl Pts',(4.98618222746583,76.4263534076067,-13.9535749623703));
#1878=CARTESIAN_POINT('Ctrl Pts',(4.93799675358476,76.5518808586913,-14.2124640606757));
#1879=CARTESIAN_POINT('Ctrl Pts',(4.93799675358476,76.5518808586913,-14.1249665598349));
#1880=CARTESIAN_POINT('Ctrl Pts',(4.93842487643102,76.5507655605462,-14.037467561614));
#1881=CARTESIAN_POINT('Ctrl Pts',(4.93928111276574,76.5485349886339,-13.95));
#1882=CARTESIAN_POINT('Ctrl Pts',(4.93799675358476,76.5518808586913,-14.2124640606757));
#1883=CARTESIAN_POINT('Ctrl Pts',(4.93799675358476,76.5518808586913,-14.1249665598349));
#1884=CARTESIAN_POINT('Ctrl Pts',(4.93842487643102,76.5507655605462,-14.037467561614));
#1885=CARTESIAN_POINT('Ctrl Pts',(4.93928111276574,76.5485349886339,-13.95));
#1886=CARTESIAN_POINT('Ctrl Pts',(4.5245283026197,75.8722411432085,-13.9631865529214));
#1887=CARTESIAN_POINT('Ctrl Pts',(4.52375373676667,75.8743636876787,-14.0462593778739));
#1888=CARTESIAN_POINT('Ctrl Pts',(4.5234012370522,75.8754286278202,-14.129362307072));
#1889=CARTESIAN_POINT('Ctrl Pts',(4.52347077196999,75.8754359362346,-14.2124640606757));
#1890=CARTESIAN_POINT('Origin',(4.26154401046434,79.7093145573892,-13.95));
#1891=CARTESIAN_POINT('',(3.0567579845911,81.4526754038748,-13.95));
#1892=CARTESIAN_POINT('',(3.57156039917663,81.5067833179727,-13.45));
#1893=CARTESIAN_POINT('Origin',(3.57156039917663,81.5067833179727,-13.95));
#1894=CARTESIAN_POINT('',(3.79475379721574,79.5301305826165,-13.95));
#1895=CARTESIAN_POINT('',(4.26154401046434,79.7093145573892,-13.45));
#1896=CARTESIAN_POINT('Origin',(4.26154401046433,79.7093145573892,-51.05));
#1897=CARTESIAN_POINT('',(3.57156039917663,81.5067833179727,-51.55));
#1898=CARTESIAN_POINT('',(3.0567579845911,81.4526754038748,-51.05));
#1899=CARTESIAN_POINT('Origin',(3.57156039917663,81.5067833179727,-51.05));
#1900=CARTESIAN_POINT('',(4.26154401046433,79.7093145573892,-51.55));
#1901=CARTESIAN_POINT('',(3.79475379721574,79.5301305826165,-51.05));
#1902=CARTESIAN_POINT('Origin',(19.0948203910708,77.406946494739,0.));
#1903=CARTESIAN_POINT('',(0.,75.4,-49.3823244923723));
#1904=CARTESIAN_POINT('',(17.1993708140448,77.207726716461,-50.0409979087249));
#1905=CARTESIAN_POINT('',(-1.12235354302947E-15,75.4,-14.1276357213365));
#1906=CARTESIAN_POINT('',(0.,75.4,0.));
#1907=CARTESIAN_POINT('Ctrl Pts',(-1.36284415808152E-7,75.399999985676,
-14.1276421190816));
#1908=CARTESIAN_POINT('Ctrl Pts',(1.50772608920941,75.5584683975965,-14.1601335329541));
#1909=CARTESIAN_POINT('Ctrl Pts',(3.01556037623145,75.7169481672413,-14.1884222082934));
#1910=CARTESIAN_POINT('Ctrl Pts',(4.52346903812611,75.8754357540002,-14.2125737383309));
#1911=CARTESIAN_POINT('Ctrl Pts',(19.0370416534695,67.8988204628335,-4.87000685158481));
#1912=CARTESIAN_POINT('Ctrl Pts',(12.6909907616338,67.8988204628335,-4.87000685158481));
#1913=CARTESIAN_POINT('Ctrl Pts',(6.34447345588575,67.8988204628335,-4.87000685158481));
#1914=CARTESIAN_POINT('Ctrl Pts',(-6.66133814775094E-15,67.8988204628335,
-4.87000685158481));
#1915=CARTESIAN_POINT('Ctrl Pts',(18.8892680199378,69.304792668979,-4.87000685158481));
#1916=CARTESIAN_POINT('Ctrl Pts',(12.549842756771,69.2418659407411,-4.96952830428748));
#1917=CARTESIAN_POINT('Ctrl Pts',(6.2088266283016,69.168710558816,-5.05508433196065));
#1918=CARTESIAN_POINT('Ctrl Pts',(-0.130746035704998,69.0870180284687,-5.1274233355067));
#1919=CARTESIAN_POINT('Ctrl Pts',(18.5944707625,72.109601216348,-5.51726367696038));
#1920=CARTESIAN_POINT('Ctrl Pts',(12.2681703673899,71.876126122874,-5.75620989442086));
#1921=CARTESIAN_POINT('Ctrl Pts',(5.93800931641348,71.6250805559059,-5.95415874429171));
#1922=CARTESIAN_POINT('Ctrl Pts',(-0.391840844281094,71.3576653292183,-6.11292655176724));
#1923=CARTESIAN_POINT('Ctrl Pts',(18.1786794472073,76.0655913269426,-8.6777414410447));
#1924=CARTESIAN_POINT('Ctrl Pts',(11.8620102088979,75.5172958176525,-8.92765824982202));
#1925=CARTESIAN_POINT('Ctrl Pts',(5.54042883762595,74.9594319405859,-9.10886687246057));
#1926=CARTESIAN_POINT('Ctrl Pts',(-0.78190711037163,74.3953240494972,-9.22204704019442));
#1927=CARTESIAN_POINT('Ctrl Pts',(18.0492476755902,77.2970523740637,-12.1994318104117));
#1928=CARTESIAN_POINT('Ctrl Pts',(11.7189546659936,76.6299894889869,-12.2947885499529));
#1929=CARTESIAN_POINT('Ctrl Pts',(5.38563508722796,75.9672039475227,-12.3189763715784));
#1930=CARTESIAN_POINT('Ctrl Pts',(-0.946496644843338,75.3005191939622,-12.272065063809));
#1931=CARTESIAN_POINT('Ctrl Pts',(18.0492476755902,77.2970523740637,-14.3200068515848));
#1932=CARTESIAN_POINT('Ctrl Pts',(11.7031967837544,76.6300555481203,-14.3200068515848));
#1933=CARTESIAN_POINT('Ctrl Pts',(5.35667947800642,75.9630097000992,-14.2502181490992));
#1934=CARTESIAN_POINT('Ctrl Pts',(-0.987793977879339,75.296178669355,-14.1057528646476));
#1935=CARTESIAN_POINT('',(0.,67.8988204628335,-4.87000685158481));
#1936=CARTESIAN_POINT('Ctrl Pts',(-7.105427357601E-15,67.8988204628335,
-4.87000685158481));
#1937=CARTESIAN_POINT('Ctrl Pts',(-6.76129540884399E-15,68.1283195726989,
-4.91972657466231));
#1938=CARTESIAN_POINT('Ctrl Pts',(6.66092174832008E-6,68.3554904147651,
-4.97793662715207));
#1939=CARTESIAN_POINT('Ctrl Pts',(1.74325812298259E-5,68.5799421684364,
-5.04434195356871));
#1940=CARTESIAN_POINT('Ctrl Pts',(2.87707240862949E-5,68.8161978773992,
-5.11423954721573));
#1941=CARTESIAN_POINT('Ctrl Pts',(4.45978034833695E-5,69.0494416665767,
-5.19321689266292));
#1942=CARTESIAN_POINT('Ctrl Pts',(6.13874082062982E-5,69.2792077721143,
-5.28099009302166));
#1943=CARTESIAN_POINT('Ctrl Pts',(7.7641061828476E-5,69.5016393751898,-5.36596143210224));
#1944=CARTESIAN_POINT('Ctrl Pts',(9.47327716454746E-5,69.7208122543628,
-5.45917661447976));
#1945=CARTESIAN_POINT('Ctrl Pts',(0.000109938176983237,69.9362862799967,
-5.56042864425903));
#1946=CARTESIAN_POINT('Ctrl Pts',(0.000125895661261303,70.1624179285785,
-5.6666887298953));
#1947=CARTESIAN_POINT('Ctrl Pts',(0.000139687448834847,70.3844766614225,
-5.78180025472227));
#1948=CARTESIAN_POINT('Ctrl Pts',(0.000149869139355774,70.6019233532632,
-5.90557775510427));
#1949=CARTESIAN_POINT('Ctrl Pts',(0.000159441438726406,70.8063554981191,
-6.02194696575448));
#1950=CARTESIAN_POINT('Ctrl Pts',(0.000165782657226664,71.0067113719591,
-6.1459765517298));
#1951=CARTESIAN_POINT('Ctrl Pts',(0.00017004153857475,71.2025096866926,
-6.27755276314627));
#1952=CARTESIAN_POINT('Ctrl Pts',(0.000170312667224533,71.2149745873002,
-6.28592916005175));
#1953=CARTESIAN_POINT('Ctrl Pts',(0.000170576307310309,71.2274210043706,
-6.2943361546287));
#1954=CARTESIAN_POINT('Ctrl Pts',(0.000170833157946693,71.2398488085094,
-6.30277372252008));
#1955=CARTESIAN_POINT('Ctrl Pts',(0.000171268738153934,71.2609245029266,
-6.31708257390812));
#1956=CARTESIAN_POINT('Ctrl Pts',(0.000171684769684506,71.2819466685512,
-6.33147935113391));
#1957=CARTESIAN_POINT('Ctrl Pts',(0.000172078940279584,71.3029147813038,
-6.3459636862653));
#1958=CARTESIAN_POINT('Ctrl Pts',(0.00017573438634081,71.4973681629974,
-6.48028802823739));
#1959=CARTESIAN_POINT('Ctrl Pts',(0.00017594818088976,71.6864876938826,
-6.62166414380462));
#1960=CARTESIAN_POINT('Ctrl Pts',(0.000172109801410039,71.8699529745008,
-6.76967326069303));
#1961=CARTESIAN_POINT('Ctrl Pts',(0.000168177263775775,72.0579187877884,
-6.92131314555931));
#1962=CARTESIAN_POINT('Ctrl Pts',(0.000159923777466478,72.2399501275136,
-7.07991575860077));
#1963=CARTESIAN_POINT('Ctrl Pts',(0.000148244078344101,72.415673772698,
-7.245078356472));
#1964=CARTESIAN_POINT('Ctrl Pts',(0.00013669734319896,72.589396945566,-7.40836071105327));
#1965=CARTESIAN_POINT('Ctrl Pts',(0.000121745879712952,72.75695562557,-7.57805509996546));
#1966=CARTESIAN_POINT('Ctrl Pts',(0.000106665987828741,72.9179543665535,
-7.75381137743447));
#1967=CARTESIAN_POINT('Ctrl Pts',(9.13256220041457E-5,73.0817340277707,
-7.9326034810547));
#1968=CARTESIAN_POINT('Ctrl Pts',(7.57788875844345E-5,73.2387257956309,
-8.11766909607069));
#1969=CARTESIAN_POINT('Ctrl Pts',(6.69804056316892E-5,73.3884691471192,
-8.30867321434293));
#1970=CARTESIAN_POINT('Ctrl Pts',(5.81819236789438E-5,73.5382124986075,
-8.49967733261518));
#1971=CARTESIAN_POINT('Ctrl Pts',(5.60657248222293E-5,73.6807079534654,
-8.69662045833476));
#1972=CARTESIAN_POINT('Ctrl Pts',(7.2100183237167E-5,73.8154427060765,-8.89919391281713));
#1973=CARTESIAN_POINT('Ctrl Pts',(7.47432190596524E-5,73.8376516743311,
-8.93258505602729));
#1974=CARTESIAN_POINT('Ctrl Pts',(7.78906894790812E-5,73.8596496547222,
-8.96612922654686));
#1975=CARTESIAN_POINT('Ctrl Pts',(8.14710616329085E-5,73.8814356646112,
-8.99982429920087));
#1976=CARTESIAN_POINT('Ctrl Pts',(0.000102671900030871,74.0104394818496,
-9.19934651628641));
#1977=CARTESIAN_POINT('Ctrl Pts',(0.000138199452526477,74.1316066900385,
-9.40352660613732));
#1978=CARTESIAN_POINT('Ctrl Pts',(0.000175225809199334,74.2448563295375,
-9.61185231305975));
#1979=CARTESIAN_POINT('Ctrl Pts',(0.000212533356287827,74.3589660243069,
-9.82176011439764));
#1980=CARTESIAN_POINT('Ctrl Pts',(0.000251324025601893,74.4650376667842,
-10.0358773332323));
#1981=CARTESIAN_POINT('Ctrl Pts',(0.000282252722439369,74.5629431931466,
-10.2537080286372));
#1982=CARTESIAN_POINT('Ctrl Pts',(0.000313216637382795,74.6609602032621,
-10.4717867650298));
#1983=CARTESIAN_POINT('Ctrl Pts',(0.00033626495864442,74.7507926836529,
-10.6935880687946));
#1984=CARTESIAN_POINT('Ctrl Pts',(0.000346345012830374,74.8322638312706,
-10.9186330761729));
#1985=CARTESIAN_POINT('Ctrl Pts',(0.000354228984072877,74.8959853324711,
-11.094648833004));
#1986=CARTESIAN_POINT('Ctrl Pts',(0.000354259752118643,74.9545909770705,
-11.2726493513166));
#1987=CARTESIAN_POINT('Ctrl Pts',(0.000346075634764131,75.0079744319789,
-11.4524097424985));
#1988=CARTESIAN_POINT('Ctrl Pts',(0.000335598702246558,75.0763134880308,
-11.6825307691344));
#1989=CARTESIAN_POINT('Ctrl Pts',(0.000311394928412714,75.1359054761754,
-11.9148936712203));
#1990=CARTESIAN_POINT('Ctrl Pts',(0.000277701858171941,75.1866280098454,
-12.1489985677794));
#1991=CARTESIAN_POINT('Ctrl Pts',(0.000244074915877953,75.2372509925697,
-12.3826439966786));
#1992=CARTESIAN_POINT('Ctrl Pts',(0.000200962523231237,75.2790394653859,
-12.6180252328301));
#1993=CARTESIAN_POINT('Ctrl Pts',(0.000157249484448979,75.3118223535346,
-12.8546600312971));
#1994=CARTESIAN_POINT('Ctrl Pts',(0.000114134599839089,75.344156651929,
-13.0880568006548));
#1995=CARTESIAN_POINT('Ctrl Pts',(7.041295674923E-5,75.3677302025534,-13.32267367562));
#1996=CARTESIAN_POINT('Ctrl Pts',(3.95582029157904E-5,75.3823292081884,
-13.5580528860311));
#1997=CARTESIAN_POINT('Ctrl Pts',(1.47242088396226E-5,75.3940794759563,
-13.7475020045868));
#1998=CARTESIAN_POINT('Ctrl Pts',(-1.6882025086893E-6,75.4000150278661,
-13.9374451892755));
#1999=CARTESIAN_POINT('Ctrl Pts',(-1.16947933670453E-7,75.3999999877083,
-14.1276421194983));
#2000=CARTESIAN_POINT('',(19.0370416534695,67.8988204628335,-4.87000685158481));
#2001=CARTESIAN_POINT('',(0.,67.8988204628335,-4.87000685158481));
#2002=CARTESIAN_POINT('',(18.0492476755902,77.2970523740637,-14.3200068515848));
#2003=CARTESIAN_POINT('Origin',(19.0370416534695,67.8988204628335,-14.3200068515848));
#2004=CARTESIAN_POINT('Ctrl Pts',(14.6708015997326,76.9419633828744,-14.3133865382834));
#2005=CARTESIAN_POINT('Ctrl Pts',(15.7969556274401,77.0603269407479,-14.3178091851544));
#2006=CARTESIAN_POINT('Ctrl Pts',(16.9231089952697,77.1786904292655,-14.3200068515848));
#2007=CARTESIAN_POINT('Ctrl Pts',(18.0492476755902,77.2970523740637,-14.3200068515848));
#2008=CARTESIAN_POINT('Origin',(9.00132404967821,79.3229107766906,-13.45));
#2009=CARTESIAN_POINT('',(11.8304305832717,82.3748255528305,-13.45));
#2010=CARTESIAN_POINT('Origin',(3.0567579845911,81.4526754038748,0.));
#2011=CARTESIAN_POINT('',(3.0567579845911,81.4526754038748,0.));
#2012=CARTESIAN_POINT('',(3.52052023707442,80.2445334313127,-32.5));
#2013=CARTESIAN_POINT('Origin',(4.16978739055106,78.5531346697258,-32.5));
#2014=CARTESIAN_POINT('',(3.52052023707442,80.2445334313127,-44.5));
#2015=CARTESIAN_POINT('Origin',(4.16978739055106,78.5531346697258,-44.5));
#2016=CARTESIAN_POINT('',(3.52052023707442,80.2445334313127,-20.5));
#2017=CARTESIAN_POINT('Origin',(4.16978739055106,78.5531346697258,-20.5));
#2018=CARTESIAN_POINT('Origin',(14.9458901147653,82.7022735443893,0.));
#2019=CARTESIAN_POINT('',(14.9458901147653,82.7022735443893,0.));
#2020=CARTESIAN_POINT('',(11.8304305832717,82.3748255528305,-51.55));
#2021=CARTESIAN_POINT('Origin',(9.31490943948116,79.0939087880272,-20.5));
#2022=CARTESIAN_POINT('',(14.7434490204511,81.4241107785307,-20.5));
#2023=CARTESIAN_POINT('',(9.13198462876277,80.8343221049217,-20.5));
#2024=CARTESIAN_POINT('Origin',(14.4600314884113,79.6346829063286,-20.5));
#2025=CARTESIAN_POINT('Origin',(9.31490943948116,79.0939087880272,-44.5));
#2026=CARTESIAN_POINT('',(14.7434490204511,81.4241107785307,-44.5));
#2027=CARTESIAN_POINT('',(9.13198462876277,80.8343221049217,-44.5));
#2028=CARTESIAN_POINT('Origin',(14.4600314884113,79.6346829063286,-44.5));
#2029=CARTESIAN_POINT('Origin',(9.31490943948116,79.0939087880272,-32.5));
#2030=CARTESIAN_POINT('',(14.7434490204511,81.4241107785307,-32.5));
#2031=CARTESIAN_POINT('',(9.13198462876277,80.8343221049217,-32.5));
#2032=CARTESIAN_POINT('Origin',(14.4600314884113,79.6346829063286,-32.5));
#2033=CARTESIAN_POINT('Ctrl Pts',(18.958109530644,63.2262912478827,-16.585582012039));
#2034=CARTESIAN_POINT('Ctrl Pts',(18.524471371465,55.3459903268851,-18.0896049560544));
#2035=CARTESIAN_POINT('Ctrl Pts',(17.0548811504663,47.5340242084128,-19.5826646311258));
#2036=CARTESIAN_POINT('Ctrl Pts',(14.6066744523766,40.0525709374688,-21.0143755243165));
#2037=CARTESIAN_POINT('Ctrl Pts',(17.3085761417595,63.6096606667405,-18.2090968109163));
#2038=CARTESIAN_POINT('Ctrl Pts',(16.9083213237525,55.8670123195283,-19.6866027398596));
#2039=CARTESIAN_POINT('Ctrl Pts',(15.4898208841826,48.1848459082969,-21.1539526503341));
#2040=CARTESIAN_POINT('Ctrl Pts',(13.1064244833302,40.822264287927,-22.5614717786444));
#2041=CARTESIAN_POINT('Ctrl Pts',(15.6590427528751,63.9930300855983,-19.8326116097937));
#2042=CARTESIAN_POINT('Ctrl Pts',(15.29217127604,56.3880343121715,-21.2836005236648));
#2043=CARTESIAN_POINT('Ctrl Pts',(13.9247606178989,48.8356676081811,-22.7252406695425));
#2044=CARTESIAN_POINT('Ctrl Pts',(11.6061745142838,41.5919576383853,-24.1085680329723));
#2045=CARTESIAN_POINT('Ctrl Pts',(14.0095093639907,64.3763995044561,-21.456126408671));
#2046=CARTESIAN_POINT('Ctrl Pts',(13.6760212283275,56.9090563048147,-22.8805983074701));
#2047=CARTESIAN_POINT('Ctrl Pts',(12.3597003516152,49.4864893080652,-24.2965286887509));
#2048=CARTESIAN_POINT('Ctrl Pts',(10.1059245452373,42.3616509888436,-25.6556642873002));
#2049=CARTESIAN_POINT('',(16.9809134498836,63.6858130238933,-18.5315911798604));
#2050=CARTESIAN_POINT('',(13.6738820650274,59.7164367119468,-22.3450618533011));
#2051=CARTESIAN_POINT('Ctrl Pts',(16.9809134498836,63.6858130238933,-18.5315911798604));
#2052=CARTESIAN_POINT('Ctrl Pts',(16.1218780374322,62.6231816944627,-19.5524820614033));
#2053=CARTESIAN_POINT('Ctrl Pts',(15.2472689393432,61.5666316268341,-20.5675553679173));
#2054=CARTESIAN_POINT('Ctrl Pts',(14.3570998801377,60.5173655639668,-21.5756330307911));
#2055=CARTESIAN_POINT('Ctrl Pts',(14.1302193274491,60.2499353923618,-21.8325653684641));
#2056=CARTESIAN_POINT('Ctrl Pts',(13.9023278859038,59.9829781564994,-22.0890432709465));
#2057=CARTESIAN_POINT('Ctrl Pts',(13.6734254936769,59.7165132845044,-22.3450472463045));
#2058=CARTESIAN_POINT('',(18.9292730114202,62.7273720428251,-16.680807737326));
#2059=CARTESIAN_POINT('Ctrl Pts',(18.929265720661,62.727373729672,-16.6808074704171));
#2060=CARTESIAN_POINT('Ctrl Pts',(18.2795369024392,63.0419904714707,-17.2997625685874));
#2061=CARTESIAN_POINT('Ctrl Pts',(17.6299280419827,63.3614713754159,-17.9169235914539));
#2062=CARTESIAN_POINT('Ctrl Pts',(16.9809134498836,63.6858130238933,-18.5315911798605));
#2063=CARTESIAN_POINT('',(14.6066744523558,40.0525709374052,-21.0143755239386));
#2064=CARTESIAN_POINT('Ctrl Pts',(14.6066744523766,40.0525709374688,-21.0143755243165));
#2065=CARTESIAN_POINT('Ctrl Pts',(17.0032043627042,47.3761055681538,-19.6128852085067));
#2066=CARTESIAN_POINT('Ctrl Pts',(18.461995080765,55.016347364445,-18.1526086791863));
#2067=CARTESIAN_POINT('Ctrl Pts',(18.9292656451551,62.7273724836532,-16.6808077082443));
#2068=CARTESIAN_POINT('',(10.1059245452379,42.3616509888453,-25.6556642872998));
#2069=CARTESIAN_POINT('',(10.1059245452379,42.3616509888453,-25.6556642872998));
#2070=CARTESIAN_POINT('Ctrl Pts',(13.6734222653556,59.716480885572,-22.3450534267314));
#2071=CARTESIAN_POINT('Ctrl Pts',(13.0867377883066,53.828617780688,-23.4682233832543));
#2072=CARTESIAN_POINT('Ctrl Pts',(11.8900681110202,48.0018457271625,-24.5797395984664));
#2073=CARTESIAN_POINT('Ctrl Pts',(10.1059245452373,42.3616509888436,-25.6556642873002));
#2074=CARTESIAN_POINT('Origin',(2.45292206250886,10.9367376468533,-29.1095322471318));
#2075=CARTESIAN_POINT('',(3.04064627347345,4.70804736793116,-27.7569636003084));
#2076=CARTESIAN_POINT('',(3.38930285797203,12.1676477390272,-28.358459187896));
#2077=CARTESIAN_POINT('',(3.77181358864149,20.3515665729531,-29.0183592928474));
#2078=CARTESIAN_POINT('',(2.03179882781832,17.6745423807589,-30.3649821175701));
#2079=CARTESIAN_POINT('',(-3.5860305824792,40.4640103974594,-38.6686801371505));
#2080=CARTESIAN_POINT('',(9.84654821486832,41.5555661538492,-25.809433193429));
#2081=CARTESIAN_POINT('',(0.211562182284143,12.1120972591424,-31.4260752737994));
#2082=CARTESIAN_POINT('',(14.3292679753177,39.2048469292709,-21.1763471400938));
#2083=CARTESIAN_POINT('',(14.3292679753177,39.2048469292709,-21.1763471400938));
#2084=CARTESIAN_POINT('',(4.69428194273357,9.76137803456415,-26.7929892204642));
#2085=CARTESIAN_POINT('Ctrl Pts',(14.6066744523772,40.0525709374705,-21.0143755243162));
#2086=CARTESIAN_POINT('Ctrl Pts',(14.5141997384519,39.7699782742535,-21.0684547225166));
#2087=CARTESIAN_POINT('Ctrl Pts',(14.4217338523882,39.4874125880212,-21.1224448578906));
#2088=CARTESIAN_POINT('Ctrl Pts',(14.3292679753177,39.2048469292709,-21.1763471400938));
#2089=CARTESIAN_POINT('Ctrl Pts',(13.1064244833307,40.8222642879288,-22.5614717786441));
#2090=CARTESIAN_POINT('Ctrl Pts',(13.0163978117649,40.544161695704,-22.6146371951208));
#2091=CARTESIAN_POINT('Ctrl Pts',(12.9259338185641,40.2662181252541,-22.6677163321107));
#2092=CARTESIAN_POINT('Ctrl Pts',(12.835028055168,39.9884200041304,-22.7207091578722));
#2093=CARTESIAN_POINT('Ctrl Pts',(11.6061745142843,41.591957638387,-24.108568032972));
#2094=CARTESIAN_POINT('Ctrl Pts',(11.5185958850779,41.3183451171545,-24.160819667725));
#2095=CARTESIAN_POINT('Ctrl Pts',(11.43013378474,41.045023662487,-24.2129878063308));
#2096=CARTESIAN_POINT('Ctrl Pts',(11.3407881350182,40.7719930789898,-24.2650711756506));
#2097=CARTESIAN_POINT('Ctrl Pts',(10.1059245452379,42.3616509888453,-25.6556642872998));
#2098=CARTESIAN_POINT('Ctrl Pts',(10.020793958391,42.0925285386049,-25.7070021403292));
#2099=CARTESIAN_POINT('Ctrl Pts',(9.93433375091596,41.8238291997199,-25.758259280551));
#2100=CARTESIAN_POINT('Ctrl Pts',(9.84654821486836,41.5555661538492,-25.809433193429));
#2101=CARTESIAN_POINT('Ctrl Pts',(10.1059245452379,42.3616509888453,-25.6556642872998));
#2102=CARTESIAN_POINT('Ctrl Pts',(10.020793958391,42.0925285386049,-25.7070021403292));
#2103=CARTESIAN_POINT('Ctrl Pts',(9.93433375091596,41.8238291997199,-25.758259280551));
#2104=CARTESIAN_POINT('Ctrl Pts',(9.84654821486836,41.5555661538492,-25.809433193429));
#2105=CARTESIAN_POINT('Ctrl Pts',(14.3292679753177,39.2048469292709,-21.1763471400938));
#2106=CARTESIAN_POINT('Ctrl Pts',(14.4217338523882,39.4874125880212,-21.1224448578906));
#2107=CARTESIAN_POINT('Ctrl Pts',(14.5141997384519,39.7699782742535,-21.0684547225166));
#2108=CARTESIAN_POINT('Ctrl Pts',(14.6066744523772,40.0525709374705,-21.0143755243162));
#2109=CARTESIAN_POINT('Origin',(-71.4051796089292,68.1988133320876,0.));
#2110=CARTESIAN_POINT('',(19.0842128615972,66.8132266999919,-12.7536150959622));
#2111=CARTESIAN_POINT('Ctrl Pts',(18.9292727969755,62.7273720569672,-16.680807731816));
#2112=CARTESIAN_POINT('Ctrl Pts',(19.0116638042704,64.0876799216652,-15.3728706276555));
#2113=CARTESIAN_POINT('Ctrl Pts',(19.0633403875147,65.4500946840432,-14.063360738508));
#2114=CARTESIAN_POINT('Ctrl Pts',(19.0842128615972,66.8132266999919,-12.7536150959622));
#2115=CARTESIAN_POINT('',(19.0896216752968,67.228792441353,-12.3543419378693));
#2116=CARTESIAN_POINT('Ctrl Pts',(19.0842128615972,66.8132266999919,-12.7536150959621));
#2117=CARTESIAN_POINT('Ctrl Pts',(19.086333885365,66.9517457559057,-12.6205210685532));
#2118=CARTESIAN_POINT('Ctrl Pts',(19.0881368237655,67.0902682656968,-12.4874306362261));
#2119=CARTESIAN_POINT('Ctrl Pts',(19.0896216752968,67.228792441353,-12.3543419378693));
#2120=CARTESIAN_POINT('',(19.0948203910709,68.1988133320876,-11.6673284207808));
#2121=CARTESIAN_POINT('Ctrl Pts',(19.0896216752968,67.228792441353,-12.3543419378693));
#2122=CARTESIAN_POINT('Ctrl Pts',(19.0926957203513,67.515575024084,-12.0788122664633));
#2123=CARTESIAN_POINT('Ctrl Pts',(19.0948203910709,67.8437197380037,-11.846409193846));
#2124=CARTESIAN_POINT('Ctrl Pts',(19.0948203910709,68.1988133320876,-11.6673284207808));
#2125=CARTESIAN_POINT('',(19.0948203910709,68.1988133320876,-4.87452883876667));
#2126=CARTESIAN_POINT('',(19.0948203910709,68.1988133320876,0.));
#2127=CARTESIAN_POINT('',(19.0943429394545,67.9048430706767,-4.87000685158481));
#2128=CARTESIAN_POINT('Ctrl Pts',(19.0948203910708,68.1988133320876,-4.87452883876667));
#2129=CARTESIAN_POINT('Ctrl Pts',(19.0948203910708,68.1003533128115,-4.87149848083026));
#2130=CARTESIAN_POINT('Ctrl Pts',(19.0946596045261,68.0023292505716,-4.87000685158481));
#2131=CARTESIAN_POINT('Ctrl Pts',(19.0943429394545,67.9048430706767,-4.87000685158481));
#2132=CARTESIAN_POINT('',(19.0943231757735,67.8988204628335,-4.87000685158481));
#2133=CARTESIAN_POINT('Origin',(-71.4051796089292,68.1988133320876,-4.87000685158481));
#2134=CARTESIAN_POINT('',(18.7746118644111,60.5925521069605,-7.92258835045614));
#2135=CARTESIAN_POINT('Ctrl Pts',(18.7746118644111,60.5925521069605,-7.92258835045614));
#2136=CARTESIAN_POINT('Ctrl Pts',(18.7780153197486,60.6329034548228,-7.88080558094701));
#2137=CARTESIAN_POINT('Ctrl Pts',(18.7814123328183,60.6735018986344,-7.83949559070229));
#2138=CARTESIAN_POINT('Ctrl Pts',(18.8584293173117,61.6015764220393,-6.91132511966406));
#2139=CARTESIAN_POINT('Ctrl Pts',(18.9375652693662,62.7253253080074,-6.14183159715897));
#2140=CARTESIAN_POINT('Ctrl Pts',(19.053158650696,65.1888859970838,-5.12082231520079));
#2141=CARTESIAN_POINT('Ctrl Pts',(19.0881407703151,66.5287921468451,-4.86936771089076));
#2142=CARTESIAN_POINT('Ctrl Pts',(19.0940494516698,67.8233746050333,-4.86936771089076));
#2143=CARTESIAN_POINT('Ctrl Pts',(19.0941980144185,67.861062764054,-4.86957993839862));
#2144=CARTESIAN_POINT('Ctrl Pts',(19.0943231757734,67.8988204628335,-4.87000685158481));
#2145=CARTESIAN_POINT('',(18.4445444069524,57.3693583933608,-11.2601214727317));
#2146=CARTESIAN_POINT('Origin',(-71.4051796089292,68.1988133320876,-0.0465030042888856));
#2147=CARTESIAN_POINT('',(17.6423617174554,52.0499624836268,-14.1362146195839));
#2148=CARTESIAN_POINT('Ctrl Pts',(17.6423617174554,52.0499624836268,-14.1362146195839));
#2149=CARTESIAN_POINT('Ctrl Pts',(17.761793179926,52.7085281109783,-14.0105865073362));
#2150=CARTESIAN_POINT('Ctrl Pts',(17.8732415322847,53.3656897161403,-13.8155963813739));
#2151=CARTESIAN_POINT('Ctrl Pts',(18.1697976846199,55.2319978182067,-13.0440675215038));
#2152=CARTESIAN_POINT('Ctrl Pts',(18.322269598444,56.364638616117,-12.2701095705488));
#2153=CARTESIAN_POINT('Ctrl Pts',(18.4357252443201,57.2963738116838,-11.3351024006079));
#2154=CARTESIAN_POINT('Ctrl Pts',(18.4401579344484,57.332964747871,-11.2978061445371));
#2155=CARTESIAN_POINT('Ctrl Pts',(18.4445444069524,57.3693583933608,-11.2601214727317));
#2156=CARTESIAN_POINT('',(14.6066744516888,40.052570935367,-16.4248394574253));
#2157=CARTESIAN_POINT('Origin',(-71.4051796089292,68.1988133320876,-11.0556565661341));
#2158=CARTESIAN_POINT('',(14.6066744516888,40.052570935367,0.));
#2159=CARTESIAN_POINT('Origin',(1.5,0.,0.));
#2160=CARTESIAN_POINT('',(1.5,3.29921672929112E-18,-24.0652759884294));
#2161=CARTESIAN_POINT('',(9.80543637004521,25.3805097995357,-19.2236848066597));
#2162=CARTESIAN_POINT('',(1.5,0.,-34.035961058068));
#2163=CARTESIAN_POINT('',(1.5,0.,0.));
#2164=CARTESIAN_POINT('',(14.6066744516888,40.052570935367,-48.6297398032052));
#2165=CARTESIAN_POINT('',(-0.201365732792747,-5.19918854709203,-32.1415556419225));
#2166=CARTESIAN_POINT('',(14.606674456787,40.0525709509466,-40.6355591264396));
#2167=CARTESIAN_POINT('',(14.6066744516888,40.052570935367,0.));
#2168=CARTESIAN_POINT('',(14.4031318636515,39.4305669345976,-40.4086550197517));
#2169=CARTESIAN_POINT('Ctrl Pts',(14.6066744573352,40.0525709526218,-40.6355591213615));
#2170=CARTESIAN_POINT('Ctrl Pts',(14.5388247365686,39.8452295889551,-40.5598338915831));
#2171=CARTESIAN_POINT('Ctrl Pts',(14.4709782964175,39.6378982504921,-40.4841994175379));
#2172=CARTESIAN_POINT('Ctrl Pts',(14.4031318636515,39.4305669345976,-40.4086550197517));
#2173=CARTESIAN_POINT('',(4.89755600243082,10.3825614419459,-29.8245612837623));
#2174=CARTESIAN_POINT('Origin',(9.9454091120412,29.0053231618728,-35.551791833015));
#2175=CARTESIAN_POINT('',(12.6949932086155,40.6048248616864,-38.7199880828591));
#2176=CARTESIAN_POINT('',(9.09133978452318,29.5924521254172,-34.7074583645687));
#2177=CARTESIAN_POINT('',(12.6949932086155,40.6048248616864,-38.7199880828591));
#2178=CARTESIAN_POINT('Ctrl Pts',(14.6066744573299,40.0525709526054,-40.6355591213555));
#2179=CARTESIAN_POINT('Ctrl Pts',(17.4998159534925,48.8936965567244,-43.8645157366108));
#2180=CARTESIAN_POINT('Ctrl Pts',(19.0217050314478,58.1926775809838,-47.2569235834596));
#2181=CARTESIAN_POINT('Ctrl Pts',(19.0922302534444,67.5141176321038,-50.6534328209629));
#2182=CARTESIAN_POINT('Ctrl Pts',(14.035350179694,40.4405437978053,-40.0713252899004));
#2183=CARTESIAN_POINT('Ctrl Pts',(16.8903217305406,49.2359915022327,-43.2811202351604));
#2184=CARTESIAN_POINT('Ctrl Pts',(18.3794101513222,58.4814406751004,-46.6526298788828));
#2185=CARTESIAN_POINT('Ctrl Pts',(18.4264269659865,67.7423495320984,-50.0270512289236));
#2186=CARTESIAN_POINT('Ctrl Pts',(13.4640259020581,40.8285166430051,-39.5070914584452));
#2187=CARTESIAN_POINT('Ctrl Pts',(16.2808275075888,49.578286447741,-42.69772473371));
#2188=CARTESIAN_POINT('Ctrl Pts',(17.7371152711965,58.7702037692169,-46.048336174306));
#2189=CARTESIAN_POINT('Ctrl Pts',(17.7606236785287,67.970581432093,-49.4006696368844));
#2190=CARTESIAN_POINT('Ctrl Pts',(12.8927016244222,41.2164894882049,-38.9428576269901));
#2191=CARTESIAN_POINT('Ctrl Pts',(15.6713332846369,49.9205813932493,-42.1143292322595));
#2192=CARTESIAN_POINT('Ctrl Pts',(17.0948203910709,59.0589668633334,-45.4440424697292));
#2193=CARTESIAN_POINT('Ctrl Pts',(17.0948203910709,68.1988133320876,-48.7742880448451));
#2194=CARTESIAN_POINT('',(19.064546513457,65.8581605726112,-50.0500000011138));
#2195=CARTESIAN_POINT('',(18.4508200315235,67.7339877895251,-50.05));
#2196=CARTESIAN_POINT('Ctrl Pts',(19.0644418722343,65.8581790520887,-50.0500056960491));
#2197=CARTESIAN_POINT('Ctrl Pts',(18.865659460779,66.4853038098666,-50.0500020380134));
#2198=CARTESIAN_POINT('Ctrl Pts',(18.6611170561547,67.1106047243699,-50.0499999432474));
#2199=CARTESIAN_POINT('Ctrl Pts',(18.4508200315235,67.7339877895251,-50.05));
#2200=CARTESIAN_POINT('',(17.0948203910709,68.1988133320876,-48.7742880448451));
#2201=CARTESIAN_POINT('',(17.0948203910709,68.1988133320876,-48.7742880448451));
#2202=CARTESIAN_POINT('',(12.8927016244273,41.2164894882211,-38.942857626996));
#2203=CARTESIAN_POINT('Ctrl Pts',(12.8927016244222,41.2164894882049,-38.9428576269901));
#2204=CARTESIAN_POINT('Ctrl Pts',(15.6713332846369,49.9205813932493,-42.1143292322595));
#2205=CARTESIAN_POINT('Ctrl Pts',(17.0948203910709,59.0589668633334,-45.4440424697292));
#2206=CARTESIAN_POINT('Ctrl Pts',(17.0948203910709,68.1988133320876,-48.7742880448451));
#2207=CARTESIAN_POINT('',(14.606674456787,40.0525709509466,-40.6355591264396));
#2208=CARTESIAN_POINT('Ctrl Pts',(19.0644414632675,65.8581633173127,-50.0499999618616));
#2209=CARTESIAN_POINT('Ctrl Pts',(18.8366166552301,57.0927567361089,-46.8556433872514));
#2210=CARTESIAN_POINT('Ctrl Pts',(17.328459894728,48.3700510867143,-43.6732698952838));
#2211=CARTESIAN_POINT('Ctrl Pts',(14.6066744573299,40.0525709526054,-40.6355591213555));
#2212=CARTESIAN_POINT('Ctrl Pts',(14.4031318636515,39.4305669345976,-40.4086550197517));
#2213=CARTESIAN_POINT('Ctrl Pts',(14.4709782964175,39.6378982504921,-40.4841994175379));
#2214=CARTESIAN_POINT('Ctrl Pts',(14.5388247365686,39.8452295889551,-40.5598338915831));
#2215=CARTESIAN_POINT('Ctrl Pts',(14.6066744573352,40.0525709526218,-40.6355591213615));
#2216=CARTESIAN_POINT('Ctrl Pts',(13.8337523119728,39.8219862436272,-39.8457660407875));
#2217=CARTESIAN_POINT('Ctrl Pts',(13.9011968595904,40.028089442239,-39.9208629548922));
#2218=CARTESIAN_POINT('Ctrl Pts',(13.9683956174216,40.2342736685652,-39.9960494380652));
#2219=CARTESIAN_POINT('Ctrl Pts',(14.0353501796993,40.4405437978216,-40.0713252899063));
#2220=CARTESIAN_POINT('Ctrl Pts',(13.2643727602942,40.2134055526568,-39.2828770618233));
#2221=CARTESIAN_POINT('Ctrl Pts',(13.3314154227634,40.418280633986,-39.3575264922465));
#2222=CARTESIAN_POINT('Ctrl Pts',(13.3979664982746,40.6233177481752,-39.4322649845474));
#2223=CARTESIAN_POINT('Ctrl Pts',(13.4640259020633,40.8285166430213,-39.5070914584511));
#2224=CARTESIAN_POINT('Ctrl Pts',(12.6949932086155,40.6048248616864,-38.7199880828591));
#2225=CARTESIAN_POINT('Ctrl Pts',(12.7616339859364,40.8084718257329,-38.7941900296008));
#2226=CARTESIAN_POINT('Ctrl Pts',(12.8275373791275,41.0123618277852,-38.8684805310295));
#2227=CARTESIAN_POINT('Ctrl Pts',(12.8927016244273,41.2164894882211,-38.942857626996));
#2228=CARTESIAN_POINT('Ctrl Pts',(12.6949932086155,40.6048248616864,-38.7199880828591));
#2229=CARTESIAN_POINT('Ctrl Pts',(12.7616339859364,40.8084718257329,-38.7941900296008));
#2230=CARTESIAN_POINT('Ctrl Pts',(12.8275373791275,41.0123618277852,-38.8684805310295));
#2231=CARTESIAN_POINT('Ctrl Pts',(12.8927016244273,41.2164894882211,-38.942857626996));
#2232=CARTESIAN_POINT('Origin',(18.0948203910709,61.76266231169,-47.4934891218962));
#2233=CARTESIAN_POINT('',(18.187052712804,68.5095859056489,-50.05));
#2234=CARTESIAN_POINT('',(17.0948203910709,71.7,-50.05));
#2235=CARTESIAN_POINT('',(17.7271926824565,69.8528385205518,-50.05));
#2236=CARTESIAN_POINT('',(17.0948203910709,68.8835096062591,-49.0237678085537));
#2237=CARTESIAN_POINT('',(17.0948203910709,62.1050104487757,-46.5539159459094));
#2238=CARTESIAN_POINT('',(19.0948203910709,68.1988133320876,-50.9029141605273));
#2239=CARTESIAN_POINT('Ctrl Pts',(18.4508200315235,67.7339877895251,-50.05));
#2240=CARTESIAN_POINT('Ctrl Pts',(18.4519923054041,67.9622193611706,-50.1331613476742));
#2241=CARTESIAN_POINT('Ctrl Pts',(18.4525784216048,68.1904515825021,-50.2163209122879));
#2242=CARTESIAN_POINT('Ctrl Pts',(18.4525784216048,68.4186836738926,-50.2994808335241));
#2243=CARTESIAN_POINT('Ctrl Pts',(17.9988201513726,67.8889296370459,-49.624762681615));
#2244=CARTESIAN_POINT('Ctrl Pts',(17.999601667293,68.1171613819398,-49.7079235538099));
#2245=CARTESIAN_POINT('Ctrl Pts',(17.9999924114268,68.3453935599576,-49.7910832372978));
#2246=CARTESIAN_POINT('Ctrl Pts',(17.9999924114268,68.5736256513481,-49.874243158534));
#2247=CARTESIAN_POINT('Ctrl Pts',(17.5468202712217,68.0438714845668,-49.1995253632301));
#2248=CARTESIAN_POINT('Ctrl Pts',(17.5472110291819,68.2721034027089,-49.2826857599456));
#2249=CARTESIAN_POINT('Ctrl Pts',(17.5474064012488,68.5003355374131,-49.3658455623076));
#2250=CARTESIAN_POINT('Ctrl Pts',(17.5474064012488,68.7285676288036,-49.4490054835438));
#2251=CARTESIAN_POINT('Ctrl Pts',(17.0948203910709,68.1988133320876,-48.7742880448451));
#2252=CARTESIAN_POINT('Ctrl Pts',(17.0948203910709,68.4270454234781,-48.8574479660813));
#2253=CARTESIAN_POINT('Ctrl Pts',(17.0948203910709,68.6552775148686,-48.9406078873175));
#2254=CARTESIAN_POINT('Ctrl Pts',(17.0948203910709,68.8835096062591,-49.0237678085537));
#2255=CARTESIAN_POINT('Ctrl Pts',(18.4508200315235,67.7339877895251,-50.05));
#2256=CARTESIAN_POINT('Ctrl Pts',(18.4079449230128,67.8610716177749,-50.05));
#2257=CARTESIAN_POINT('Ctrl Pts',(18.3648944369656,67.9880931107675,-50.05));
#2258=CARTESIAN_POINT('Ctrl Pts',(18.2769559991142,68.2466220038325,-50.05));
#2259=CARTESIAN_POINT('Ctrl Pts',(18.2320589320277,68.3781225957947,-50.05));
#2260=CARTESIAN_POINT('Ctrl Pts',(18.187052712804,68.5095859056489,-50.05));
#2261=CARTESIAN_POINT('Ctrl Pts',(17.0948203910709,68.1988133320876,-48.7742880448451));
#2262=CARTESIAN_POINT('Ctrl Pts',(17.0948203910709,68.4270454234781,-48.8574479660813));
#2263=CARTESIAN_POINT('Ctrl Pts',(17.0948203910709,68.6552775148686,-48.9406078873175));
#2264=CARTESIAN_POINT('Ctrl Pts',(17.0948203910709,68.8835096062591,-49.0237678085537));
#2265=CARTESIAN_POINT('Origin',(-71.4051796089292,68.1988133320876,0.));
#2266=CARTESIAN_POINT('',(19.0668068799323,65.947222614555,-58.0648599081864));
#2267=CARTESIAN_POINT('Origin',(-71.4051796089292,68.1988133320876,-58.8852620943357));
#2268=CARTESIAN_POINT('',(19.0948203910709,68.1988133320876,-58.5575895607481));
#2269=CARTESIAN_POINT('Ctrl Pts',(19.0668068799322,65.947222614555,-58.0648599081863));
#2270=CARTESIAN_POINT('Ctrl Pts',(19.0850543489291,66.680430810736,-58.3320157471075));
#2271=CARTESIAN_POINT('Ctrl Pts',(19.0948203910708,67.4483848982833,-58.4966398295213));
#2272=CARTESIAN_POINT('Ctrl Pts',(19.0948203910708,68.1988133320876,-58.5575895607481));
#2273=CARTESIAN_POINT('',(19.0948203910709,68.1988133320876,-50.05));
#2274=CARTESIAN_POINT('',(19.0948203910709,68.1988133320876,0.));
#2275=CARTESIAN_POINT('Origin',(-71.4051796089292,68.1988133320876,-50.05));
#2276=CARTESIAN_POINT('Origin',(19.0948203910709,68.1988133320876,0.));
#2277=CARTESIAN_POINT('',(19.0948203910709,74.,-50.05));
#2278=CARTESIAN_POINT('',(19.0948203910709,70.0994066660438,-50.05));
#2279=CARTESIAN_POINT('',(19.0948203910708,77.406946494739,-50.1135867413004));
#2280=CARTESIAN_POINT('Origin',(19.0948203910709,68.8601261184491,-50.0795607280012));
#2281=CARTESIAN_POINT('',(19.0948203910708,77.406946494739,-14.3200068515848));
#2282=CARTESIAN_POINT('',(19.0948203910708,77.406946494739,0.));
#2283=CARTESIAN_POINT('Origin',(19.0948203910709,67.9048932528637,-14.3200068515848));
#2284=CARTESIAN_POINT('',(19.0948203910709,74.,-15.2388444276517));
#2285=CARTESIAN_POINT('Origin',(19.0948203910709,70.,-15.2388444276517));
#2286=CARTESIAN_POINT('',(19.0948203910709,74.,-7.61942221382583));
#2287=CARTESIAN_POINT('Origin',(0.,71.7,-50.05));
#2288=CARTESIAN_POINT('',(0.,71.7,-50.05));
#2289=CARTESIAN_POINT('',(0.,71.7,-50.05));
#2290=CARTESIAN_POINT('',(0.,17.6745423807589,-30.3649821175701));
#2291=CARTESIAN_POINT('',(0.,65.2836061535811,-47.7120868536154));
#2292=CARTESIAN_POINT('',(0.,17.6745423807589,-30.3649821175701));
#2293=CARTESIAN_POINT('Ctrl Pts',(19.0842128615972,66.8132266999919,-12.7536150959622));
#2294=CARTESIAN_POINT('Ctrl Pts',(19.0609031661097,65.2909255067766,-14.2162961357502));
#2295=CARTESIAN_POINT('Ctrl Pts',(18.9991755377907,63.7695188500452,-15.6786831511865));
#2296=CARTESIAN_POINT('Ctrl Pts',(18.8991548898477,62.2509422227736,-17.1389139278878));
#2297=CARTESIAN_POINT('Ctrl Pts',(18.4210820380884,67.2750889106905,-13.2343595609186));
#2298=CARTESIAN_POINT('Ctrl Pts',(18.4055422410967,65.7585604685455,-14.6914374395474));
#2299=CARTESIAN_POINT('Ctrl Pts',(18.351728518967,64.2426284408416,-16.1483192473868));
#2300=CARTESIAN_POINT('Ctrl Pts',(18.2597410765264,62.7292324898135,-17.6031396785454));
#2301=CARTESIAN_POINT('Ctrl Pts',(17.7579512145796,67.736951121389,-13.715104025875));
#2302=CARTESIAN_POINT('Ctrl Pts',(17.7501813160838,66.2261954303143,-15.1665787433446));
#2303=CARTESIAN_POINT('Ctrl Pts',(17.7042815001433,64.715738031638,-16.6179553435871));
#2304=CARTESIAN_POINT('Ctrl Pts',(17.620327263205,63.2075227568534,-18.0673654292029));
#2305=CARTESIAN_POINT('Ctrl Pts',(17.0948203910708,68.1988133320876,-14.1958484908314));
#2306=CARTESIAN_POINT('Ctrl Pts',(17.0948203910708,66.6938303920831,-15.6417200471418));
#2307=CARTESIAN_POINT('Ctrl Pts',(17.0568344813196,65.1888476224344,-17.0875914397874));
#2308=CARTESIAN_POINT('Ctrl Pts',(16.9809134498836,63.6858130238933,-18.5315911798605));
#2309=CARTESIAN_POINT('',(17.0948203910708,68.1988133320876,-14.1958484908314));
#2310=CARTESIAN_POINT('Ctrl Pts',(17.0948203910708,68.1988133320876,-14.1958484908314));
#2311=CARTESIAN_POINT('Ctrl Pts',(17.0948203910708,66.6938303920831,-15.6417200471418));
#2312=CARTESIAN_POINT('Ctrl Pts',(17.0568344813196,65.1888476224344,-17.0875914397874));
#2313=CARTESIAN_POINT('Ctrl Pts',(16.9809134498836,63.6858130238933,-18.5315911798605));
#2314=CARTESIAN_POINT('',(19.0842128615972,66.8132266999919,-12.7536150959622));
#2315=CARTESIAN_POINT('Origin',(18.0948203910709,73.,-7.61942221382583));
#2316=CARTESIAN_POINT('',(17.0948203910709,72.,-50.05));
#2317=CARTESIAN_POINT('',(13.3211152933032,68.2262949022323,-50.05));
#2318=CARTESIAN_POINT('',(17.0948203910709,72.,-15.2388444276517));
#2319=CARTESIAN_POINT('',(17.0948203910709,72.,-15.2388444276517));
#2320=CARTESIAN_POINT('',(17.0948203910709,72.,-7.61942221382583));
#2321=CARTESIAN_POINT('Origin',(18.0948203910709,70.,-15.2388444276517));
#2322=CARTESIAN_POINT('',(17.0948203910709,69.0994066660438,-13.4530864242162));
#2323=CARTESIAN_POINT('',(17.0948203910709,69.0994066660438,-13.4530864242162));
#2324=CARTESIAN_POINT('Origin',(17.0948203910709,70.,-15.2388444276517));
#2325=CARTESIAN_POINT('Ctrl Pts',(19.0948203910709,68.1988133320876,-11.6673284207808));
#2326=CARTESIAN_POINT('Ctrl Pts',(19.0948203910709,67.8437197380037,-11.846409193846));
#2327=CARTESIAN_POINT('Ctrl Pts',(19.0926957203513,67.515575024084,-12.0788122664633));
#2328=CARTESIAN_POINT('Ctrl Pts',(19.0896216752968,67.228792441353,-12.3543419378693));
#2329=CARTESIAN_POINT('Ctrl Pts',(18.4281537244042,68.499011110073,-12.2625810885926));
#2330=CARTESIAN_POINT('Ctrl Pts',(18.4281537244042,68.2030997816698,-12.4118150661469));
#2331=CARTESIAN_POINT('Ctrl Pts',(18.4267372772578,67.929646076617,-12.6054843640596));
#2332=CARTESIAN_POINT('Ctrl Pts',(18.4246879138881,67.6906595876202,-12.8350915407633));
#2333=CARTESIAN_POINT('Ctrl Pts',(17.7614870577375,68.7992088880584,-12.8578337564044));
#2334=CARTESIAN_POINT('Ctrl Pts',(17.7614870577375,68.5624798253358,-12.9772209384479));
#2335=CARTESIAN_POINT('Ctrl Pts',(17.7607788341643,68.34371712915,-13.1321564616559));
#2336=CARTESIAN_POINT('Ctrl Pts',(17.7597541524795,68.1525267338874,-13.3158411436574));
#2337=CARTESIAN_POINT('Ctrl Pts',(17.0948203910709,69.0994066660438,-13.4530864242162));
#2338=CARTESIAN_POINT('Ctrl Pts',(17.0948203910709,68.9218598690019,-13.5426268107488));
#2339=CARTESIAN_POINT('Ctrl Pts',(17.0948203910709,68.7577881816831,-13.6588285592522));
#2340=CARTESIAN_POINT('Ctrl Pts',(17.0948203910709,68.6143938801547,-13.7965907465514));
#2341=CARTESIAN_POINT('',(17.0948203910709,68.6143938801547,-13.7965907465514));
#2342=CARTESIAN_POINT('',(17.0948203910709,68.6143938801547,-13.7965907465514));
#2343=CARTESIAN_POINT('Ctrl Pts',(17.0948203910709,69.0994066660438,-13.4530864242162));
#2344=CARTESIAN_POINT('Ctrl Pts',(17.0948203910709,68.9218598690019,-13.5426268107488));
#2345=CARTESIAN_POINT('Ctrl Pts',(17.0948203910709,68.7577881816831,-13.6588285592522));
#2346=CARTESIAN_POINT('Ctrl Pts',(17.0948203910709,68.6143938801547,-13.7965907465514));
#2347=CARTESIAN_POINT('Ctrl Pts',(19.0896216752968,67.228792441353,-12.3543419378693));
#2348=CARTESIAN_POINT('Ctrl Pts',(19.0881368237655,67.0902682656968,-12.4874306362261));
#2349=CARTESIAN_POINT('Ctrl Pts',(19.086333885365,66.9517457559057,-12.6205210685532));
#2350=CARTESIAN_POINT('Ctrl Pts',(19.0842128615972,66.8132266999919,-12.7536150959621));
#2351=CARTESIAN_POINT('Ctrl Pts',(18.4246879138881,67.6906595879144,-12.8350915404808));
#2352=CARTESIAN_POINT('Ctrl Pts',(18.4236980128673,67.552134520927,-12.9681793110661));
#2353=CARTESIAN_POINT('Ctrl Pts',(18.4224960539336,67.4136105645163,-13.1012682376318));
#2354=CARTESIAN_POINT('Ctrl Pts',(18.4210820380884,67.2750889106905,-13.2343595609186));
#2355=CARTESIAN_POINT('Ctrl Pts',(17.7597541524795,68.1525267344757,-13.3158411430922));
#2356=CARTESIAN_POINT('Ctrl Pts',(17.7592592019691,68.0140007761571,-13.4489279859062));
#2357=CARTESIAN_POINT('Ctrl Pts',(17.7586582225023,67.8754753731268,-13.5820154067103));
#2358=CARTESIAN_POINT('Ctrl Pts',(17.7579512145796,67.736951121389,-13.715104025875));
#2359=CARTESIAN_POINT('Ctrl Pts',(17.0948203910709,68.6143938810371,-13.7965907457037));
#2360=CARTESIAN_POINT('Ctrl Pts',(17.0948203910709,68.4758670313873,-13.9296766607463));
#2361=CARTESIAN_POINT('Ctrl Pts',(17.0948203910709,68.3373401817374,-14.0627625757888));
#2362=CARTESIAN_POINT('Ctrl Pts',(17.0948203910709,68.1988133320876,-14.1958484908314));
#2363=CARTESIAN_POINT('Ctrl Pts',(17.0948203910709,68.6143938801547,-13.7965907465514));
#2364=CARTESIAN_POINT('Ctrl Pts',(17.0948203910709,68.475867030799,-13.9296766613114));
#2365=CARTESIAN_POINT('Ctrl Pts',(17.0948203910709,68.3373401814433,-14.0627625760714));
#2366=CARTESIAN_POINT('Ctrl Pts',(17.0948203910709,68.1988133320876,-14.1958484908314));
#2367=CARTESIAN_POINT('Origin',(0.,59.7164367119468,-22.3450618533011));
#2368=CARTESIAN_POINT('',(0.,59.7164367119468,-22.3450618533011));
#2369=CARTESIAN_POINT('',(0.,59.7164367119468,-22.3450618533011));
#2370=CARTESIAN_POINT('',(0.,68.6143938792723,-13.7965907473992));
#2371=CARTESIAN_POINT('',(0.,69.3761346960042,-13.064768910143));
#2372=CARTESIAN_POINT('',(0.,68.6143938792723,-13.7965907473992));
#2373=CARTESIAN_POINT('Origin',(0.,70.,-15.2388444276517));
#2374=CARTESIAN_POINT('',(0.,72.,-15.2388444276517));
#2375=CARTESIAN_POINT('Origin',(0.,70.,-15.2388444276517));
#2376=CARTESIAN_POINT('',(0.,72.,-15.2388444276517));
#2377=CARTESIAN_POINT('Origin',(0.,72.,-15.2388444276517));
#2378=CARTESIAN_POINT('',(0.,72.,-50.05));
#2379=CARTESIAN_POINT('',(0.,72.,-7.61942221382583));
#2380=CARTESIAN_POINT('',(0.,72.,-50.05));
#2381=CARTESIAN_POINT('Origin',(18.0878627518199,68.7542906058307,-50.0409979087249));
#2382=CARTESIAN_POINT('',(17.1993708140448,77.207726716461,-50.0409979087249));
#2383=CARTESIAN_POINT('',(0.,63.9432204584813,-57.3346704749609));
#2384=CARTESIAN_POINT('',(18.0878627518199,65.8443314406019,-58.0273699046128));
#2385=CARTESIAN_POINT('Origin',(0.,66.8531796237101,-49.3482984790731));
#2386=CARTESIAN_POINT('Origin',(19.0948203910708,77.406946494739,0.));
#2387=CARTESIAN_POINT('',(9.65172710531091,76.4144373963967,-14.3200068515848));
#2388=CARTESIAN_POINT('Origin',(10.6395210831902,67.0162054851665,-14.3200068515848));
#2389=CARTESIAN_POINT('',(10.6395210831902,67.0162054851665,-4.87000685158481));
#2390=CARTESIAN_POINT('Origin',(0.,75.4,0.));
#2391=CARTESIAN_POINT('',(0.,0.,-34.035961058068));
#2392=CARTESIAN_POINT('',(0.,27.8074525024239,-44.1680399685867));
#2393=CARTESIAN_POINT('',(0.,3.29921672929112E-18,-24.0652759884294));
#2394=CARTESIAN_POINT('',(0.,0.,0.));
#2395=CARTESIAN_POINT('',(0.,52.0499624836268,-14.1362146195839));
#2396=CARTESIAN_POINT('',(0.,64.6160227404254,-11.7391104239063));
#2397=CARTESIAN_POINT('',(0.,57.3693583933608,-11.2601214727317));
#2398=CARTESIAN_POINT('Origin',(0.,50.1761493377696,-4.31334211229705));
#2399=CARTESIAN_POINT('',(0.,60.5925521069605,-7.92258835045615));
#2400=CARTESIAN_POINT('',(0.,66.1448665055081,-2.17331143537319));
#2401=CARTESIAN_POINT('Origin',(0.,67.7857611625518,-14.8693677108908));
#2402=CARTESIAN_POINT('',(0.,73.7,-50.05));
#2403=CARTESIAN_POINT('',(0.,48.3183739332737,-24.5193586138607));
#2404=CARTESIAN_POINT('Origin',(0.,77.406946494739,-4.87000685158481));
#2405=CARTESIAN_POINT('',(0.,67.8988204628335,-4.87000685158481));
#2406=CARTESIAN_POINT('Origin',(0.,50.1761493377696,-4.31334211229705));
#2407=CARTESIAN_POINT('',(0.,57.3693583933608,-11.2601214727317));
#2408=CARTESIAN_POINT('',(0.,52.0499624836268,-14.1362146195839));
#2409=CARTESIAN_POINT('Origin',(0.,60.5925521069605,-7.92258835045615));
#2410=CARTESIAN_POINT('',(0.,60.5925521069605,-7.92258835045615));
#2411=CARTESIAN_POINT('Origin',(0.,67.7857611625518,-14.8693677108908));
#2412=CARTESIAN_POINT('Origin',(0.,52.0499624836268,-14.1362146195839));
#2413=CARTESIAN_POINT('',(0.,0.,-24.0652759884294));
#2414=CARTESIAN_POINT('Origin',(0.,-1.77635683940025E-14,-34.035961058068));
#2415=CARTESIAN_POINT('',(0.,0.,-34.035961058068));
#2416=CARTESIAN_POINT('Origin',(0.,17.6745423807589,-30.3649821175701));
#2417=CARTESIAN_POINT('Origin',(0.,72.,-50.05));
#2418=CARTESIAN_POINT('Origin',(9.0013240496782,79.3229107766906,-51.55));
#2419=CARTESIAN_POINT('Origin',(14.0227587246927,76.8738513320739,0.));
#2420=CARTESIAN_POINT('Origin',(0.,0.,0.));
#2421=UNCERTAINTY_MEASURE_WITH_UNIT(LENGTH_MEASURE(0.01),#2425,
'DISTANCE_ACCURACY_VALUE',
'Maximum model space distance between geometric entities at asserted c
onnectivities');
#2422=UNCERTAINTY_MEASURE_WITH_UNIT(LENGTH_MEASURE(0.01),#2425,
'DISTANCE_ACCURACY_VALUE',
'Maximum model space distance between geometric entities at asserted c
onnectivities');
#2423=(
GEOMETRIC_REPRESENTATION_CONTEXT(3)
GLOBAL_UNCERTAINTY_ASSIGNED_CONTEXT((#2421))
GLOBAL_UNIT_ASSIGNED_CONTEXT((#2425,#2427,#2428))
REPRESENTATION_CONTEXT('','3D')
);
#2424=(
GEOMETRIC_REPRESENTATION_CONTEXT(3)
GLOBAL_UNCERTAINTY_ASSIGNED_CONTEXT((#2422))
GLOBAL_UNIT_ASSIGNED_CONTEXT((#2425,#2427,#2428))
REPRESENTATION_CONTEXT('','3D')
);
#2425=(
LENGTH_UNIT()
NAMED_UNIT(*)
SI_UNIT(.MILLI.,.METRE.)
);
#2426=(
LENGTH_UNIT()
NAMED_UNIT(*)
SI_UNIT(.CENTI.,.METRE.)
);
#2427=(
NAMED_UNIT(*)
PLANE_ANGLE_UNIT()
SI_UNIT($,.RADIAN.)
);
#2428=(
NAMED_UNIT(*)
SI_UNIT($,.STERADIAN.)
SOLID_ANGLE_UNIT()
);
#2429=SHAPE_DEFINITION_REPRESENTATION(#2430,#2431);
#2430=PRODUCT_DEFINITION_SHAPE('',$,#2433);
#2431=SHAPE_REPRESENTATION('',(#1164),#2423);
#2432=PRODUCT_DEFINITION_CONTEXT('part definition',#2437,'design');
#2433=PRODUCT_DEFINITION('finger_MIR1','finger_MIR1',#2434,#2432);
#2434=PRODUCT_DEFINITION_FORMATION('',$,#2439);
#2435=PRODUCT_RELATED_PRODUCT_CATEGORY('finger_MIR1','finger_MIR1',(#2439));
#2436=APPLICATION_PROTOCOL_DEFINITION('international standard',
'automotive_design',2009,#2437);
#2437=APPLICATION_CONTEXT(
'Core Data for Automotive Mechanical Design Process');
#2438=PRODUCT_CONTEXT('part definition',#2437,'mechanical');
#2439=PRODUCT('finger_MIR1','finger_MIR1',$,(#2438));
#2440=PRESENTATION_STYLE_ASSIGNMENT((#2441));
#2441=SURFACE_STYLE_USAGE(.BOTH.,#2444);
#2442=SURFACE_STYLE_RENDERING_WITH_PROPERTIES($,#2448,(#2443));
#2443=SURFACE_STYLE_TRANSPARENT(0.);
#2444=SURFACE_SIDE_STYLE('',(#2445,#2442));
#2445=SURFACE_STYLE_FILL_AREA(#2446);
#2446=FILL_AREA_STYLE('',(#2447));
#2447=FILL_AREA_STYLE_COLOUR('',#2448);
#2448=COLOUR_RGB('',0.0196078431372549,0.0196078431372549,0.0196078431372549);
ENDSEC;
END-ISO-10303-21;
