ISO-10303-21;
HEADER;
/* Generated by software containing ST-Developer
 * from STEP Tools, Inc. (www.steptools.com) 
 */
/* OPTION: using custom renumber hook */

FILE_DESCRIPTION(
/* description */ ('STEP AP203'),
/* implementation_level */ '2;1');

FILE_NAME(
/* name */ 'SSE2BSZ8-160',
/* time_stamp */ '2025-06-28T08:33:13+02:00',
/* author */ ('License CC BY-ND 4.0'),
/* organization */ ('CADENAS'),
/* preprocessor_version */ 'ST-DEVELOPER v19.3',
/* originating_system */ 'PARTsolutions',
/* authorisation */ '  ');

FILE_SCHEMA (('CONFIG_CONTROL_DESIGN'));
ENDSEC;

DATA;
#10=PROPERTY_DEFINITION_REPRESENTATION(#14,#12);
#11=PROPERTY_DEFINITION_REPRESENTATION(#15,#13);
#12=REPRESENTATION('',(#16),#9773);
#13=REPRESENTATION('',(#17),#9773);
#14=PROPERTY_DEFINITION('pmi validation property','',#9784);
#15=PROPERTY_DEFINITION('pmi validation property','',#9784);
#16=VALUE_REPRESENTATION_ITEM('number of annotations',COUNT_MEASURE(0.));
#17=VALUE_REPRESENTATION_ITEM('number of views',COUNT_MEASURE(0.));
#18=VERTEX_LOOP('',#3278);
#19=VERTEX_LOOP('',#3281);
#20=VERTEX_LOOP('',#3306);
#21=CONICAL_SURFACE('',#6404,1.,0.785398163397449);
#22=CONICAL_SURFACE('',#6408,0.7835,1.0471975511966);
#23=CONICAL_SURFACE('',#6409,1.,0.785398163397449);
#24=CONICAL_SURFACE('',#6413,0.7835,1.0471975511966);
#25=CONICAL_SURFACE('',#6418,1.7,0.785398163397449);
#26=CONICAL_SURFACE('',#6426,1.,0.785398163397448);
#27=CONICAL_SURFACE('',#6447,0.75,1.30899693899575);
#28=CONTEXT_DEPENDENT_SHAPE_REPRESENTATION(#56,#9786);
#29=CONTEXT_DEPENDENT_SHAPE_REPRESENTATION(#57,#9788);
#30=CONTEXT_DEPENDENT_SHAPE_REPRESENTATION(#58,#9789);
#31=CONTEXT_DEPENDENT_SHAPE_REPRESENTATION(#59,#9791);
#32=CONTEXT_DEPENDENT_SHAPE_REPRESENTATION(#60,#9792);
#33=CONTEXT_DEPENDENT_SHAPE_REPRESENTATION(#61,#9793);
#34=CONTEXT_DEPENDENT_SHAPE_REPRESENTATION(#62,#9794);
#35=CONTEXT_DEPENDENT_SHAPE_REPRESENTATION(#63,#9795);
#36=CONTEXT_DEPENDENT_SHAPE_REPRESENTATION(#64,#9796);
#37=CONTEXT_DEPENDENT_SHAPE_REPRESENTATION(#65,#9797);
#38=CONTEXT_DEPENDENT_SHAPE_REPRESENTATION(#66,#9798);
#39=CONTEXT_DEPENDENT_SHAPE_REPRESENTATION(#67,#9799);
#40=CONTEXT_DEPENDENT_SHAPE_REPRESENTATION(#68,#9800);
#41=CONTEXT_DEPENDENT_SHAPE_REPRESENTATION(#69,#9801);
#42=NEXT_ASSEMBLY_USAGE_OCCURRENCE('NAUO1','SSE2BZ8-160_r1',
'SSE2BZ8-160_r1',#9802,#9803,'');
#43=NEXT_ASSEMBLY_USAGE_OCCURRENCE('NAUO2','SEBSZ8_b','SEBSZ8_b',#9802,
#9804,'');
#44=NEXT_ASSEMBLY_USAGE_OCCURRENCE('NAUO3','SEBSZ8_b','SEBSZ8_b',#9802,
#9804,'');
#45=NEXT_ASSEMBLY_USAGE_OCCURRENCE('NAUO4','BOLT2-6','BOLT2-6',#9802,#9805,
'');
#46=NEXT_ASSEMBLY_USAGE_OCCURRENCE('NAUO5','BOLT2-6','BOLT2-6',#9802,#9805,
'');
#47=NEXT_ASSEMBLY_USAGE_OCCURRENCE('NAUO6','BOLT2-6','BOLT2-6',#9802,#9805,
'');
#48=NEXT_ASSEMBLY_USAGE_OCCURRENCE('NAUO7','BOLT2-6','BOLT2-6',#9802,#9805,
'');
#49=NEXT_ASSEMBLY_USAGE_OCCURRENCE('NAUO8','BOLT2-6','BOLT2-6',#9802,#9805,
'');
#50=NEXT_ASSEMBLY_USAGE_OCCURRENCE('NAUO9','BOLT2-6','BOLT2-6',#9802,#9805,
'');
#51=NEXT_ASSEMBLY_USAGE_OCCURRENCE('NAUO10','BOLT2-6','BOLT2-6',#9802,#9805,
'');
#52=NEXT_ASSEMBLY_USAGE_OCCURRENCE('NAUO11','BOLT2-6','BOLT2-6',#9802,#9805,
'');
#53=NEXT_ASSEMBLY_USAGE_OCCURRENCE('NAUO12','BOLT2-6','BOLT2-6',#9802,#9805,
'');
#54=NEXT_ASSEMBLY_USAGE_OCCURRENCE('NAUO13','BOLT2-6','BOLT2-6',#9802,#9805,
'');
#55=NEXT_ASSEMBLY_USAGE_OCCURRENCE('NAUO14','BOLT2-6','BOLT2-6',#9802,#9805,
'');
#56=(
REPRESENTATION_RELATIONSHIP(' ',' ',#5980,#5979)
REPRESENTATION_RELATIONSHIP_WITH_TRANSFORMATION(#70)
SHAPE_REPRESENTATION_RELATIONSHIP()
);
#57=(
REPRESENTATION_RELATIONSHIP(' ',' ',#5981,#5979)
REPRESENTATION_RELATIONSHIP_WITH_TRANSFORMATION(#71)
SHAPE_REPRESENTATION_RELATIONSHIP()
);
#58=(
REPRESENTATION_RELATIONSHIP(' ',' ',#5981,#5979)
REPRESENTATION_RELATIONSHIP_WITH_TRANSFORMATION(#72)
SHAPE_REPRESENTATION_RELATIONSHIP()
);
#59=(
REPRESENTATION_RELATIONSHIP(' ',' ',#5982,#5979)
REPRESENTATION_RELATIONSHIP_WITH_TRANSFORMATION(#73)
SHAPE_REPRESENTATION_RELATIONSHIP()
);
#60=(
REPRESENTATION_RELATIONSHIP(' ',' ',#5982,#5979)
REPRESENTATION_RELATIONSHIP_WITH_TRANSFORMATION(#74)
SHAPE_REPRESENTATION_RELATIONSHIP()
);
#61=(
REPRESENTATION_RELATIONSHIP(' ',' ',#5982,#5979)
REPRESENTATION_RELATIONSHIP_WITH_TRANSFORMATION(#75)
SHAPE_REPRESENTATION_RELATIONSHIP()
);
#62=(
REPRESENTATION_RELATIONSHIP(' ',' ',#5982,#5979)
REPRESENTATION_RELATIONSHIP_WITH_TRANSFORMATION(#76)
SHAPE_REPRESENTATION_RELATIONSHIP()
);
#63=(
REPRESENTATION_RELATIONSHIP(' ',' ',#5982,#5979)
REPRESENTATION_RELATIONSHIP_WITH_TRANSFORMATION(#77)
SHAPE_REPRESENTATION_RELATIONSHIP()
);
#64=(
REPRESENTATION_RELATIONSHIP(' ',' ',#5982,#5979)
REPRESENTATION_RELATIONSHIP_WITH_TRANSFORMATION(#78)
SHAPE_REPRESENTATION_RELATIONSHIP()
);
#65=(
REPRESENTATION_RELATIONSHIP(' ',' ',#5982,#5979)
REPRESENTATION_RELATIONSHIP_WITH_TRANSFORMATION(#79)
SHAPE_REPRESENTATION_RELATIONSHIP()
);
#66=(
REPRESENTATION_RELATIONSHIP(' ',' ',#5982,#5979)
REPRESENTATION_RELATIONSHIP_WITH_TRANSFORMATION(#80)
SHAPE_REPRESENTATION_RELATIONSHIP()
);
#67=(
REPRESENTATION_RELATIONSHIP(' ',' ',#5982,#5979)
REPRESENTATION_RELATIONSHIP_WITH_TRANSFORMATION(#81)
SHAPE_REPRESENTATION_RELATIONSHIP()
);
#68=(
REPRESENTATION_RELATIONSHIP(' ',' ',#5982,#5979)
REPRESENTATION_RELATIONSHIP_WITH_TRANSFORMATION(#82)
SHAPE_REPRESENTATION_RELATIONSHIP()
);
#69=(
REPRESENTATION_RELATIONSHIP(' ',' ',#5982,#5979)
REPRESENTATION_RELATIONSHIP_WITH_TRANSFORMATION(#83)
SHAPE_REPRESENTATION_RELATIONSHIP()
);
#70=ITEM_DEFINED_TRANSFORMATION(' ',' ',#5983,#6095);
#71=ITEM_DEFINED_TRANSFORMATION(' ',' ',#5983,#6414);
#72=ITEM_DEFINED_TRANSFORMATION(' ',' ',#5983,#6415);
#73=ITEM_DEFINED_TRANSFORMATION(' ',' ',#5983,#6448);
#74=ITEM_DEFINED_TRANSFORMATION(' ',' ',#5983,#6449);
#75=ITEM_DEFINED_TRANSFORMATION(' ',' ',#5983,#6450);
#76=ITEM_DEFINED_TRANSFORMATION(' ',' ',#5983,#6451);
#77=ITEM_DEFINED_TRANSFORMATION(' ',' ',#5983,#6452);
#78=ITEM_DEFINED_TRANSFORMATION(' ',' ',#5983,#6453);
#79=ITEM_DEFINED_TRANSFORMATION(' ',' ',#5983,#6454);
#80=ITEM_DEFINED_TRANSFORMATION(' ',' ',#5983,#6455);
#81=ITEM_DEFINED_TRANSFORMATION(' ',' ',#5983,#6456);
#82=ITEM_DEFINED_TRANSFORMATION(' ',' ',#5983,#6457);
#83=ITEM_DEFINED_TRANSFORMATION(' ',' ',#5983,#6458);
#84=SHAPE_REPRESENTATION_RELATIONSHIP('','',#5980,#87);
#85=SHAPE_REPRESENTATION_RELATIONSHIP('','',#5981,#88);
#86=SHAPE_REPRESENTATION_RELATIONSHIP('','',#5982,#89);
#87=ADVANCED_BREP_SHAPE_REPRESENTATION('',(#5972),#9774);
#88=ADVANCED_BREP_SHAPE_REPRESENTATION('',(#5973),#9775);
#89=ADVANCED_BREP_SHAPE_REPRESENTATION('',(#5974),#9776);
#90=CIRCLE('',#5988,0.874999999999999);
#91=CIRCLE('',#5989,0.874999999999999);
#92=CIRCLE('',#5994,0.875000000000013);
#93=CIRCLE('',#5995,0.875000000000013);
#94=CIRCLE('',#6000,1.20000000000001);
#95=CIRCLE('',#6001,1.20000000000001);
#96=CIRCLE('',#6002,1.20000000000001);
#97=CIRCLE('',#6003,1.20000000000001);
#98=CIRCLE('',#6004,1.20000000000001);
#99=CIRCLE('',#6005,1.20000000000001);
#100=CIRCLE('',#6006,1.20000000000001);
#101=CIRCLE('',#6007,1.20000000000001);
#102=CIRCLE('',#6008,1.20000000000001);
#103=CIRCLE('',#6009,1.20000000000001);
#104=CIRCLE('',#6010,1.20000000000001);
#105=CIRCLE('',#6015,0.874999999999995);
#106=CIRCLE('',#6016,0.874999999999995);
#107=CIRCLE('',#6021,0.875000000000008);
#108=CIRCLE('',#6022,0.875000000000008);
#109=CIRCLE('',#6027,2.1);
#110=CIRCLE('',#6028,2.1);
#111=CIRCLE('',#6029,2.1);
#112=CIRCLE('',#6030,2.1);
#113=CIRCLE('',#6031,2.1);
#114=CIRCLE('',#6032,2.1);
#115=CIRCLE('',#6033,2.1);
#116=CIRCLE('',#6034,2.1);
#117=CIRCLE('',#6035,2.1);
#118=CIRCLE('',#6036,2.1);
#119=CIRCLE('',#6037,2.1);
#120=CIRCLE('',#6041,2.1);
#121=CIRCLE('',#6043,1.20000000000001);
#122=CIRCLE('',#6046,2.1);
#123=CIRCLE('',#6048,1.20000000000001);
#124=CIRCLE('',#6051,2.1);
#125=CIRCLE('',#6053,1.20000000000001);
#126=CIRCLE('',#6056,2.1);
#127=CIRCLE('',#6058,1.20000000000001);
#128=CIRCLE('',#6061,2.1);
#129=CIRCLE('',#6063,1.20000000000001);
#130=CIRCLE('',#6066,2.1);
#131=CIRCLE('',#6068,1.20000000000001);
#132=CIRCLE('',#6071,2.1);
#133=CIRCLE('',#6073,1.20000000000001);
#134=CIRCLE('',#6076,2.1);
#135=CIRCLE('',#6078,1.20000000000001);
#136=CIRCLE('',#6081,2.1);
#137=CIRCLE('',#6083,1.20000000000001);
#138=CIRCLE('',#6086,2.1);
#139=CIRCLE('',#6088,1.20000000000001);
#140=CIRCLE('',#6091,2.1);
#141=CIRCLE('',#6093,1.20000000000001);
#142=CIRCLE('',#6104,0.874999999999999);
#143=CIRCLE('',#6105,0.874999999999999);
#144=CIRCLE('',#6110,0.875000000000013);
#145=CIRCLE('',#6111,0.875000000000013);
#146=CIRCLE('',#6115,0.874999999999995);
#147=CIRCLE('',#6116,0.874999999999995);
#148=CIRCLE('',#6121,0.875000000000008);
#149=CIRCLE('',#6122,0.875000000000008);
#150=CIRCLE('',#6140,0.874999999999999);
#151=CIRCLE('',#6141,0.874999999999999);
#152=CIRCLE('',#6146,0.875000000000013);
#153=CIRCLE('',#6147,0.875000000000013);
#154=CIRCLE('',#6151,0.874999999999995);
#155=CIRCLE('',#6152,0.874999999999995);
#156=CIRCLE('',#6157,0.875000000000008);
#157=CIRCLE('',#6158,0.875000000000008);
#158=CIRCLE('',#6165,0.875000000000013);
#159=CIRCLE('',#6166,0.874999999999999);
#160=CIRCLE('',#6167,0.875000000000008);
#161=CIRCLE('',#6168,0.874999999999995);
#162=CIRCLE('',#6169,1.30000000000001);
#163=CIRCLE('',#6170,1.3);
#164=CIRCLE('',#6171,1.6);
#165=CIRCLE('',#6172,1.6);
#166=CIRCLE('',#6173,1.3);
#167=CIRCLE('',#6174,1.30000000000001);
#168=CIRCLE('',#6176,1.45);
#169=CIRCLE('',#6177,1.45);
#170=CIRCLE('',#6179,1.45);
#171=CIRCLE('',#6180,1.45);
#172=CIRCLE('',#6187,1.30000000000001);
#173=CIRCLE('',#6188,1.3);
#174=CIRCLE('',#6189,1.6);
#175=CIRCLE('',#6190,1.6);
#176=CIRCLE('',#6191,1.3);
#177=CIRCLE('',#6192,1.30000000000001);
#178=CIRCLE('',#6199,1.45);
#179=CIRCLE('',#6200,1.45);
#180=CIRCLE('',#6206,1.45);
#181=CIRCLE('',#6207,1.45);
#182=CIRCLE('',#6225,1.);
#183=CIRCLE('',#6226,1.);
#184=CIRCLE('',#6229,0.825000000000005);
#185=CIRCLE('',#6230,0.824999999999997);
#186=CIRCLE('',#6231,0.82500000000001);
#187=CIRCLE('',#6232,0.825000000000009);
#188=CIRCLE('',#6234,0.825000000000009);
#189=CIRCLE('',#6235,0.82500000000001);
#190=CIRCLE('',#6236,0.824999999999997);
#191=CIRCLE('',#6237,0.825000000000005);
#192=CIRCLE('',#6243,1.30000000000001);
#193=CIRCLE('',#6246,1.3);
#194=CIRCLE('',#6249,1.6);
#195=CIRCLE('',#6252,1.6);
#196=CIRCLE('',#6255,1.3);
#197=CIRCLE('',#6258,1.30000000000001);
#198=CIRCLE('',#6276,1.30000000000001);
#199=CIRCLE('',#6277,1.3);
#200=CIRCLE('',#6278,1.6);
#201=CIRCLE('',#6279,1.6);
#202=CIRCLE('',#6280,1.3);
#203=CIRCLE('',#6281,1.30000000000001);
#204=CIRCLE('',#6297,1.25);
#205=CIRCLE('',#6300,1.25);
#206=CIRCLE('',#6303,1.25);
#207=CIRCLE('',#6306,1.25);
#208=CIRCLE('',#6308,1.25);
#209=CIRCLE('',#6311,1.25);
#210=CIRCLE('',#6314,1.25);
#211=CIRCLE('',#6317,1.25);
#212=CIRCLE('',#6325,0.874999999999999);
#213=CIRCLE('',#6330,0.875000000000013);
#214=CIRCLE('',#6334,0.874999999999995);
#215=CIRCLE('',#6339,0.875000000000008);
#216=CIRCLE('',#6345,0.825000000000009);
#217=CIRCLE('',#6346,0.82500000000001);
#218=CIRCLE('',#6347,0.824999999999997);
#219=CIRCLE('',#6348,0.825000000000005);
#220=CIRCLE('',#6379,0.825000000000005);
#221=CIRCLE('',#6384,0.824999999999997);
#222=CIRCLE('',#6393,0.82500000000001);
#223=CIRCLE('',#6398,0.825000000000009);
#224=CIRCLE('',#6405,0.7835);
#225=CIRCLE('',#6407,0.7835);
#226=CIRCLE('',#6410,0.7835);
#227=CIRCLE('',#6412,0.7835);
#228=CIRCLE('',#6417,1.7);
#229=CIRCLE('',#6419,1.9);
#230=CIRCLE('',#6421,1.9);
#231=CIRCLE('',#6423,1.);
#232=CIRCLE('',#6425,1.);
#233=CIRCLE('',#6427,0.7545);
#234=CIRCLE('',#6436,0.75);
#235=CIRCLE('',#6438,0.75);
#236=CIRCLE('',#6440,0.75);
#237=CIRCLE('',#6442,0.75);
#238=CIRCLE('',#6444,0.75);
#239=CIRCLE('',#6446,0.75);
#240=CYLINDRICAL_SURFACE('',#5987,0.874999999999999);
#241=CYLINDRICAL_SURFACE('',#5993,0.875000000000013);
#242=CYLINDRICAL_SURFACE('',#6014,0.874999999999995);
#243=CYLINDRICAL_SURFACE('',#6020,0.875000000000008);
#244=CYLINDRICAL_SURFACE('',#6040,2.1);
#245=CYLINDRICAL_SURFACE('',#6044,1.20000000000001);
#246=CYLINDRICAL_SURFACE('',#6045,2.1);
#247=CYLINDRICAL_SURFACE('',#6049,1.20000000000001);
#248=CYLINDRICAL_SURFACE('',#6050,2.1);
#249=CYLINDRICAL_SURFACE('',#6054,1.20000000000001);
#250=CYLINDRICAL_SURFACE('',#6055,2.1);
#251=CYLINDRICAL_SURFACE('',#6059,1.20000000000001);
#252=CYLINDRICAL_SURFACE('',#6060,2.1);
#253=CYLINDRICAL_SURFACE('',#6064,1.20000000000001);
#254=CYLINDRICAL_SURFACE('',#6065,2.1);
#255=CYLINDRICAL_SURFACE('',#6069,1.20000000000001);
#256=CYLINDRICAL_SURFACE('',#6070,2.1);
#257=CYLINDRICAL_SURFACE('',#6074,1.20000000000001);
#258=CYLINDRICAL_SURFACE('',#6075,2.1);
#259=CYLINDRICAL_SURFACE('',#6079,1.20000000000001);
#260=CYLINDRICAL_SURFACE('',#6080,2.1);
#261=CYLINDRICAL_SURFACE('',#6084,1.20000000000001);
#262=CYLINDRICAL_SURFACE('',#6085,2.1);
#263=CYLINDRICAL_SURFACE('',#6089,1.20000000000001);
#264=CYLINDRICAL_SURFACE('',#6090,2.1);
#265=CYLINDRICAL_SURFACE('',#6094,1.20000000000001);
#266=CYLINDRICAL_SURFACE('',#6103,0.874999999999999);
#267=CYLINDRICAL_SURFACE('',#6109,0.875000000000013);
#268=CYLINDRICAL_SURFACE('',#6114,0.874999999999995);
#269=CYLINDRICAL_SURFACE('',#6120,0.875000000000008);
#270=CYLINDRICAL_SURFACE('',#6139,0.874999999999999);
#271=CYLINDRICAL_SURFACE('',#6145,0.875000000000013);
#272=CYLINDRICAL_SURFACE('',#6150,0.874999999999995);
#273=CYLINDRICAL_SURFACE('',#6156,0.875000000000008);
#274=CYLINDRICAL_SURFACE('',#6175,1.45);
#275=CYLINDRICAL_SURFACE('',#6178,1.45);
#276=CYLINDRICAL_SURFACE('',#6198,1.45);
#277=CYLINDRICAL_SURFACE('',#6205,1.45);
#278=CYLINDRICAL_SURFACE('',#6242,1.30000000000001);
#279=CYLINDRICAL_SURFACE('',#6245,1.3);
#280=CYLINDRICAL_SURFACE('',#6248,1.6);
#281=CYLINDRICAL_SURFACE('',#6251,1.6);
#282=CYLINDRICAL_SURFACE('',#6254,1.3);
#283=CYLINDRICAL_SURFACE('',#6257,1.30000000000001);
#284=CYLINDRICAL_SURFACE('',#6283,1.30000000000001);
#285=CYLINDRICAL_SURFACE('',#6285,1.3);
#286=CYLINDRICAL_SURFACE('',#6287,1.6);
#287=CYLINDRICAL_SURFACE('',#6289,1.6);
#288=CYLINDRICAL_SURFACE('',#6291,1.3);
#289=CYLINDRICAL_SURFACE('',#6293,1.30000000000001);
#290=CYLINDRICAL_SURFACE('',#6309,1.25);
#291=CYLINDRICAL_SURFACE('',#6310,1.25);
#292=CYLINDRICAL_SURFACE('',#6315,1.25);
#293=CYLINDRICAL_SURFACE('',#6316,1.25);
#294=CYLINDRICAL_SURFACE('',#6324,0.874999999999999);
#295=CYLINDRICAL_SURFACE('',#6329,0.875000000000013);
#296=CYLINDRICAL_SURFACE('',#6333,0.874999999999995);
#297=CYLINDRICAL_SURFACE('',#6338,0.875000000000008);
#298=CYLINDRICAL_SURFACE('',#6353,0.825000000000005);
#299=CYLINDRICAL_SURFACE('',#6357,0.824999999999997);
#300=CYLINDRICAL_SURFACE('',#6365,0.82500000000001);
#301=CYLINDRICAL_SURFACE('',#6369,0.825000000000009);
#302=CYLINDRICAL_SURFACE('',#6378,0.825000000000005);
#303=CYLINDRICAL_SURFACE('',#6383,0.824999999999997);
#304=CYLINDRICAL_SURFACE('',#6392,0.82500000000001);
#305=CYLINDRICAL_SURFACE('',#6397,0.825000000000009);
#306=CYLINDRICAL_SURFACE('',#6406,0.7835);
#307=CYLINDRICAL_SURFACE('',#6411,0.7835);
#308=CYLINDRICAL_SURFACE('',#6420,1.9);
#309=CYLINDRICAL_SURFACE('',#6424,1.);
#310=ORIENTED_EDGE('',*,*,#1934,.T.);
#311=ORIENTED_EDGE('',*,*,#1935,.F.);
#312=ORIENTED_EDGE('',*,*,#1936,.F.);
#313=ORIENTED_EDGE('',*,*,#1937,.T.);
#314=ORIENTED_EDGE('',*,*,#1938,.T.);
#315=ORIENTED_EDGE('',*,*,#1939,.F.);
#316=ORIENTED_EDGE('',*,*,#1940,.F.);
#317=ORIENTED_EDGE('',*,*,#1935,.T.);
#318=ORIENTED_EDGE('',*,*,#1941,.T.);
#319=ORIENTED_EDGE('',*,*,#1942,.F.);
#320=ORIENTED_EDGE('',*,*,#1943,.F.);
#321=ORIENTED_EDGE('',*,*,#1939,.T.);
#322=ORIENTED_EDGE('',*,*,#1944,.F.);
#323=ORIENTED_EDGE('',*,*,#1945,.F.);
#324=ORIENTED_EDGE('',*,*,#1946,.T.);
#325=ORIENTED_EDGE('',*,*,#1942,.T.);
#326=ORIENTED_EDGE('',*,*,#1947,.T.);
#327=ORIENTED_EDGE('',*,*,#1948,.F.);
#328=ORIENTED_EDGE('',*,*,#1949,.F.);
#329=ORIENTED_EDGE('',*,*,#1945,.T.);
#330=ORIENTED_EDGE('',*,*,#1950,.T.);
#331=ORIENTED_EDGE('',*,*,#1951,.F.);
#332=ORIENTED_EDGE('',*,*,#1952,.F.);
#333=ORIENTED_EDGE('',*,*,#1948,.T.);
#334=ORIENTED_EDGE('',*,*,#1953,.T.);
#335=ORIENTED_EDGE('',*,*,#1954,.F.);
#336=ORIENTED_EDGE('',*,*,#1955,.F.);
#337=ORIENTED_EDGE('',*,*,#1951,.T.);
#338=ORIENTED_EDGE('',*,*,#1956,.F.);
#339=ORIENTED_EDGE('',*,*,#1957,.F.);
#340=ORIENTED_EDGE('',*,*,#1958,.T.);
#341=ORIENTED_EDGE('',*,*,#1954,.T.);
#342=ORIENTED_EDGE('',*,*,#1959,.T.);
#343=ORIENTED_EDGE('',*,*,#1960,.F.);
#344=ORIENTED_EDGE('',*,*,#1961,.F.);
#345=ORIENTED_EDGE('',*,*,#1957,.T.);
#346=ORIENTED_EDGE('',*,*,#1962,.T.);
#347=ORIENTED_EDGE('',*,*,#1963,.F.);
#348=ORIENTED_EDGE('',*,*,#1964,.F.);
#349=ORIENTED_EDGE('',*,*,#1960,.T.);
#350=ORIENTED_EDGE('',*,*,#1965,.T.);
#351=ORIENTED_EDGE('',*,*,#1966,.F.);
#352=ORIENTED_EDGE('',*,*,#1967,.F.);
#353=ORIENTED_EDGE('',*,*,#1963,.T.);
#354=ORIENTED_EDGE('',*,*,#1968,.F.);
#355=ORIENTED_EDGE('',*,*,#1969,.F.);
#356=ORIENTED_EDGE('',*,*,#1970,.F.);
#357=ORIENTED_EDGE('',*,*,#1971,.F.);
#358=ORIENTED_EDGE('',*,*,#1972,.F.);
#359=ORIENTED_EDGE('',*,*,#1973,.F.);
#360=ORIENTED_EDGE('',*,*,#1974,.F.);
#361=ORIENTED_EDGE('',*,*,#1975,.F.);
#362=ORIENTED_EDGE('',*,*,#1976,.F.);
#363=ORIENTED_EDGE('',*,*,#1977,.F.);
#364=ORIENTED_EDGE('',*,*,#1978,.F.);
#365=ORIENTED_EDGE('',*,*,#1979,.T.);
#366=ORIENTED_EDGE('',*,*,#1980,.F.);
#367=ORIENTED_EDGE('',*,*,#1981,.F.);
#368=ORIENTED_EDGE('',*,*,#1966,.T.);
#369=ORIENTED_EDGE('',*,*,#1982,.T.);
#370=ORIENTED_EDGE('',*,*,#1983,.F.);
#371=ORIENTED_EDGE('',*,*,#1984,.F.);
#372=ORIENTED_EDGE('',*,*,#1980,.T.);
#373=ORIENTED_EDGE('',*,*,#1985,.T.);
#374=ORIENTED_EDGE('',*,*,#1986,.F.);
#375=ORIENTED_EDGE('',*,*,#1987,.F.);
#376=ORIENTED_EDGE('',*,*,#1983,.T.);
#377=ORIENTED_EDGE('',*,*,#1988,.T.);
#378=ORIENTED_EDGE('',*,*,#1989,.F.);
#379=ORIENTED_EDGE('',*,*,#1990,.F.);
#380=ORIENTED_EDGE('',*,*,#1986,.T.);
#381=ORIENTED_EDGE('',*,*,#1991,.F.);
#382=ORIENTED_EDGE('',*,*,#1992,.F.);
#383=ORIENTED_EDGE('',*,*,#1993,.T.);
#384=ORIENTED_EDGE('',*,*,#1989,.T.);
#385=ORIENTED_EDGE('',*,*,#1994,.T.);
#386=ORIENTED_EDGE('',*,*,#1995,.F.);
#387=ORIENTED_EDGE('',*,*,#1996,.F.);
#388=ORIENTED_EDGE('',*,*,#1992,.T.);
#389=ORIENTED_EDGE('',*,*,#1997,.T.);
#390=ORIENTED_EDGE('',*,*,#1998,.F.);
#391=ORIENTED_EDGE('',*,*,#1999,.F.);
#392=ORIENTED_EDGE('',*,*,#1995,.T.);
#393=ORIENTED_EDGE('',*,*,#2000,.T.);
#394=ORIENTED_EDGE('',*,*,#2001,.F.);
#395=ORIENTED_EDGE('',*,*,#2002,.F.);
#396=ORIENTED_EDGE('',*,*,#1998,.T.);
#397=ORIENTED_EDGE('',*,*,#2003,.F.);
#398=ORIENTED_EDGE('',*,*,#2004,.F.);
#399=ORIENTED_EDGE('',*,*,#2005,.T.);
#400=ORIENTED_EDGE('',*,*,#2001,.T.);
#401=ORIENTED_EDGE('',*,*,#2006,.T.);
#402=ORIENTED_EDGE('',*,*,#2007,.F.);
#403=ORIENTED_EDGE('',*,*,#2008,.F.);
#404=ORIENTED_EDGE('',*,*,#2004,.T.);
#405=ORIENTED_EDGE('',*,*,#2009,.T.);
#406=ORIENTED_EDGE('',*,*,#2010,.F.);
#407=ORIENTED_EDGE('',*,*,#2011,.F.);
#408=ORIENTED_EDGE('',*,*,#2007,.T.);
#409=ORIENTED_EDGE('',*,*,#2012,.T.);
#410=ORIENTED_EDGE('',*,*,#2013,.F.);
#411=ORIENTED_EDGE('',*,*,#2014,.F.);
#412=ORIENTED_EDGE('',*,*,#2010,.T.);
#413=ORIENTED_EDGE('',*,*,#2015,.T.);
#414=ORIENTED_EDGE('',*,*,#2016,.T.);
#415=ORIENTED_EDGE('',*,*,#2017,.T.);
#416=ORIENTED_EDGE('',*,*,#2018,.T.);
#417=ORIENTED_EDGE('',*,*,#2019,.T.);
#418=ORIENTED_EDGE('',*,*,#2020,.T.);
#419=ORIENTED_EDGE('',*,*,#2021,.T.);
#420=ORIENTED_EDGE('',*,*,#2022,.T.);
#421=ORIENTED_EDGE('',*,*,#2023,.T.);
#422=ORIENTED_EDGE('',*,*,#2024,.T.);
#423=ORIENTED_EDGE('',*,*,#2025,.T.);
#424=ORIENTED_EDGE('',*,*,#2026,.T.);
#425=ORIENTED_EDGE('',*,*,#1937,.F.);
#426=ORIENTED_EDGE('',*,*,#2027,.F.);
#427=ORIENTED_EDGE('',*,*,#2013,.T.);
#428=ORIENTED_EDGE('',*,*,#1936,.T.);
#429=ORIENTED_EDGE('',*,*,#1940,.T.);
#430=ORIENTED_EDGE('',*,*,#1943,.T.);
#431=ORIENTED_EDGE('',*,*,#1946,.F.);
#432=ORIENTED_EDGE('',*,*,#1949,.T.);
#433=ORIENTED_EDGE('',*,*,#1952,.T.);
#434=ORIENTED_EDGE('',*,*,#1955,.T.);
#435=ORIENTED_EDGE('',*,*,#1958,.F.);
#436=ORIENTED_EDGE('',*,*,#1961,.T.);
#437=ORIENTED_EDGE('',*,*,#1964,.T.);
#438=ORIENTED_EDGE('',*,*,#1967,.T.);
#439=ORIENTED_EDGE('',*,*,#1981,.T.);
#440=ORIENTED_EDGE('',*,*,#1984,.T.);
#441=ORIENTED_EDGE('',*,*,#1987,.T.);
#442=ORIENTED_EDGE('',*,*,#1990,.T.);
#443=ORIENTED_EDGE('',*,*,#1993,.F.);
#444=ORIENTED_EDGE('',*,*,#1996,.T.);
#445=ORIENTED_EDGE('',*,*,#1999,.T.);
#446=ORIENTED_EDGE('',*,*,#2002,.T.);
#447=ORIENTED_EDGE('',*,*,#2005,.F.);
#448=ORIENTED_EDGE('',*,*,#2008,.T.);
#449=ORIENTED_EDGE('',*,*,#2011,.T.);
#450=ORIENTED_EDGE('',*,*,#2014,.T.);
#451=ORIENTED_EDGE('',*,*,#2027,.T.);
#452=ORIENTED_EDGE('',*,*,#1934,.F.);
#453=ORIENTED_EDGE('',*,*,#2026,.F.);
#454=ORIENTED_EDGE('',*,*,#2012,.F.);
#455=ORIENTED_EDGE('',*,*,#2009,.F.);
#456=ORIENTED_EDGE('',*,*,#2006,.F.);
#457=ORIENTED_EDGE('',*,*,#2003,.T.);
#458=ORIENTED_EDGE('',*,*,#2000,.F.);
#459=ORIENTED_EDGE('',*,*,#1997,.F.);
#460=ORIENTED_EDGE('',*,*,#1994,.F.);
#461=ORIENTED_EDGE('',*,*,#1991,.T.);
#462=ORIENTED_EDGE('',*,*,#1988,.F.);
#463=ORIENTED_EDGE('',*,*,#1985,.F.);
#464=ORIENTED_EDGE('',*,*,#1982,.F.);
#465=ORIENTED_EDGE('',*,*,#1979,.F.);
#466=ORIENTED_EDGE('',*,*,#1965,.F.);
#467=ORIENTED_EDGE('',*,*,#1962,.F.);
#468=ORIENTED_EDGE('',*,*,#1959,.F.);
#469=ORIENTED_EDGE('',*,*,#1956,.T.);
#470=ORIENTED_EDGE('',*,*,#1953,.F.);
#471=ORIENTED_EDGE('',*,*,#1950,.F.);
#472=ORIENTED_EDGE('',*,*,#1947,.F.);
#473=ORIENTED_EDGE('',*,*,#1944,.T.);
#474=ORIENTED_EDGE('',*,*,#1941,.F.);
#475=ORIENTED_EDGE('',*,*,#1938,.F.);
#476=ORIENTED_EDGE('',*,*,#2028,.T.);
#477=ORIENTED_EDGE('',*,*,#2025,.F.);
#478=ORIENTED_EDGE('',*,*,#2029,.T.);
#479=ORIENTED_EDGE('',*,*,#2028,.F.);
#480=ORIENTED_EDGE('',*,*,#1978,.T.);
#481=ORIENTED_EDGE('',*,*,#2029,.F.);
#482=ORIENTED_EDGE('',*,*,#2030,.T.);
#483=ORIENTED_EDGE('',*,*,#2024,.F.);
#484=ORIENTED_EDGE('',*,*,#2031,.T.);
#485=ORIENTED_EDGE('',*,*,#2030,.F.);
#486=ORIENTED_EDGE('',*,*,#1977,.T.);
#487=ORIENTED_EDGE('',*,*,#2031,.F.);
#488=ORIENTED_EDGE('',*,*,#2032,.T.);
#489=ORIENTED_EDGE('',*,*,#2023,.F.);
#490=ORIENTED_EDGE('',*,*,#2033,.T.);
#491=ORIENTED_EDGE('',*,*,#2032,.F.);
#492=ORIENTED_EDGE('',*,*,#1976,.T.);
#493=ORIENTED_EDGE('',*,*,#2033,.F.);
#494=ORIENTED_EDGE('',*,*,#2034,.T.);
#495=ORIENTED_EDGE('',*,*,#2022,.F.);
#496=ORIENTED_EDGE('',*,*,#2035,.T.);
#497=ORIENTED_EDGE('',*,*,#2034,.F.);
#498=ORIENTED_EDGE('',*,*,#1975,.T.);
#499=ORIENTED_EDGE('',*,*,#2035,.F.);
#500=ORIENTED_EDGE('',*,*,#2036,.T.);
#501=ORIENTED_EDGE('',*,*,#2021,.F.);
#502=ORIENTED_EDGE('',*,*,#2037,.T.);
#503=ORIENTED_EDGE('',*,*,#2036,.F.);
#504=ORIENTED_EDGE('',*,*,#1974,.T.);
#505=ORIENTED_EDGE('',*,*,#2037,.F.);
#506=ORIENTED_EDGE('',*,*,#2038,.T.);
#507=ORIENTED_EDGE('',*,*,#2020,.F.);
#508=ORIENTED_EDGE('',*,*,#2039,.T.);
#509=ORIENTED_EDGE('',*,*,#2038,.F.);
#510=ORIENTED_EDGE('',*,*,#1973,.T.);
#511=ORIENTED_EDGE('',*,*,#2039,.F.);
#512=ORIENTED_EDGE('',*,*,#2040,.T.);
#513=ORIENTED_EDGE('',*,*,#2019,.F.);
#514=ORIENTED_EDGE('',*,*,#2041,.T.);
#515=ORIENTED_EDGE('',*,*,#2040,.F.);
#516=ORIENTED_EDGE('',*,*,#1972,.T.);
#517=ORIENTED_EDGE('',*,*,#2041,.F.);
#518=ORIENTED_EDGE('',*,*,#2042,.T.);
#519=ORIENTED_EDGE('',*,*,#2018,.F.);
#520=ORIENTED_EDGE('',*,*,#2043,.T.);
#521=ORIENTED_EDGE('',*,*,#2042,.F.);
#522=ORIENTED_EDGE('',*,*,#1971,.T.);
#523=ORIENTED_EDGE('',*,*,#2043,.F.);
#524=ORIENTED_EDGE('',*,*,#2044,.T.);
#525=ORIENTED_EDGE('',*,*,#2017,.F.);
#526=ORIENTED_EDGE('',*,*,#2045,.T.);
#527=ORIENTED_EDGE('',*,*,#2044,.F.);
#528=ORIENTED_EDGE('',*,*,#1970,.T.);
#529=ORIENTED_EDGE('',*,*,#2045,.F.);
#530=ORIENTED_EDGE('',*,*,#2046,.T.);
#531=ORIENTED_EDGE('',*,*,#2016,.F.);
#532=ORIENTED_EDGE('',*,*,#2047,.T.);
#533=ORIENTED_EDGE('',*,*,#2046,.F.);
#534=ORIENTED_EDGE('',*,*,#1969,.T.);
#535=ORIENTED_EDGE('',*,*,#2047,.F.);
#536=ORIENTED_EDGE('',*,*,#2048,.T.);
#537=ORIENTED_EDGE('',*,*,#2015,.F.);
#538=ORIENTED_EDGE('',*,*,#2049,.T.);
#539=ORIENTED_EDGE('',*,*,#2048,.F.);
#540=ORIENTED_EDGE('',*,*,#1968,.T.);
#541=ORIENTED_EDGE('',*,*,#2049,.F.);
#542=ORIENTED_EDGE('',*,*,#2050,.F.);
#543=ORIENTED_EDGE('',*,*,#2051,.F.);
#544=ORIENTED_EDGE('',*,*,#2052,.T.);
#545=ORIENTED_EDGE('',*,*,#2053,.T.);
#546=ORIENTED_EDGE('',*,*,#2054,.T.);
#547=ORIENTED_EDGE('',*,*,#2055,.T.);
#548=ORIENTED_EDGE('',*,*,#2056,.T.);
#549=ORIENTED_EDGE('',*,*,#2057,.F.);
#550=ORIENTED_EDGE('',*,*,#2058,.F.);
#551=ORIENTED_EDGE('',*,*,#2059,.F.);
#552=ORIENTED_EDGE('',*,*,#2060,.T.);
#553=ORIENTED_EDGE('',*,*,#2061,.F.);
#554=ORIENTED_EDGE('',*,*,#2062,.T.);
#555=ORIENTED_EDGE('',*,*,#2063,.F.);
#556=ORIENTED_EDGE('',*,*,#2064,.T.);
#557=ORIENTED_EDGE('',*,*,#2065,.T.);
#558=ORIENTED_EDGE('',*,*,#2066,.F.);
#559=ORIENTED_EDGE('',*,*,#2067,.T.);
#560=ORIENTED_EDGE('',*,*,#2057,.T.);
#561=ORIENTED_EDGE('',*,*,#2068,.F.);
#562=ORIENTED_EDGE('',*,*,#2059,.T.);
#563=ORIENTED_EDGE('',*,*,#2069,.T.);
#564=ORIENTED_EDGE('',*,*,#2070,.T.);
#565=ORIENTED_EDGE('',*,*,#2071,.F.);
#566=ORIENTED_EDGE('',*,*,#2072,.F.);
#567=ORIENTED_EDGE('',*,*,#2073,.T.);
#568=ORIENTED_EDGE('',*,*,#2074,.T.);
#569=ORIENTED_EDGE('',*,*,#2075,.F.);
#570=ORIENTED_EDGE('',*,*,#2074,.F.);
#571=ORIENTED_EDGE('',*,*,#2076,.T.);
#572=ORIENTED_EDGE('',*,*,#2077,.T.);
#573=ORIENTED_EDGE('',*,*,#2078,.F.);
#574=ORIENTED_EDGE('',*,*,#2077,.F.);
#575=ORIENTED_EDGE('',*,*,#2079,.T.);
#576=ORIENTED_EDGE('',*,*,#2080,.T.);
#577=ORIENTED_EDGE('',*,*,#2081,.F.);
#578=ORIENTED_EDGE('',*,*,#2082,.F.);
#579=ORIENTED_EDGE('',*,*,#2083,.T.);
#580=ORIENTED_EDGE('',*,*,#2084,.T.);
#581=ORIENTED_EDGE('',*,*,#2080,.F.);
#582=ORIENTED_EDGE('',*,*,#2083,.F.);
#583=ORIENTED_EDGE('',*,*,#2085,.T.);
#584=ORIENTED_EDGE('',*,*,#2086,.T.);
#585=ORIENTED_EDGE('',*,*,#2087,.F.);
#586=ORIENTED_EDGE('',*,*,#2086,.F.);
#587=ORIENTED_EDGE('',*,*,#2088,.T.);
#588=ORIENTED_EDGE('',*,*,#2089,.T.);
#589=ORIENTED_EDGE('',*,*,#2090,.F.);
#590=ORIENTED_EDGE('',*,*,#2089,.F.);
#591=ORIENTED_EDGE('',*,*,#2091,.T.);
#592=ORIENTED_EDGE('',*,*,#2092,.T.);
#593=ORIENTED_EDGE('',*,*,#2093,.F.);
#594=ORIENTED_EDGE('',*,*,#2094,.F.);
#595=ORIENTED_EDGE('',*,*,#2095,.T.);
#596=ORIENTED_EDGE('',*,*,#2096,.T.);
#597=ORIENTED_EDGE('',*,*,#2092,.F.);
#598=ORIENTED_EDGE('',*,*,#2095,.F.);
#599=ORIENTED_EDGE('',*,*,#2097,.T.);
#600=ORIENTED_EDGE('',*,*,#2066,.T.);
#601=ORIENTED_EDGE('',*,*,#2098,.F.);
#602=ORIENTED_EDGE('',*,*,#2070,.F.);
#603=ORIENTED_EDGE('',*,*,#2099,.T.);
#604=ORIENTED_EDGE('',*,*,#2100,.T.);
#605=ORIENTED_EDGE('',*,*,#2101,.F.);
#606=ORIENTED_EDGE('',*,*,#2102,.F.);
#607=ORIENTED_EDGE('',*,*,#2103,.T.);
#608=ORIENTED_EDGE('',*,*,#2104,.T.);
#609=ORIENTED_EDGE('',*,*,#2100,.F.);
#610=ORIENTED_EDGE('',*,*,#2103,.F.);
#611=ORIENTED_EDGE('',*,*,#2105,.T.);
#612=ORIENTED_EDGE('',*,*,#2106,.T.);
#613=ORIENTED_EDGE('',*,*,#2107,.F.);
#614=ORIENTED_EDGE('',*,*,#2106,.F.);
#615=ORIENTED_EDGE('',*,*,#2108,.T.);
#616=ORIENTED_EDGE('',*,*,#2109,.T.);
#617=ORIENTED_EDGE('',*,*,#2110,.F.);
#618=ORIENTED_EDGE('',*,*,#2109,.F.);
#619=ORIENTED_EDGE('',*,*,#2111,.T.);
#620=ORIENTED_EDGE('',*,*,#2112,.T.);
#621=ORIENTED_EDGE('',*,*,#2113,.F.);
#622=ORIENTED_EDGE('',*,*,#2114,.F.);
#623=ORIENTED_EDGE('',*,*,#2115,.T.);
#624=ORIENTED_EDGE('',*,*,#2116,.T.);
#625=ORIENTED_EDGE('',*,*,#2112,.F.);
#626=ORIENTED_EDGE('',*,*,#2115,.F.);
#627=ORIENTED_EDGE('',*,*,#2117,.T.);
#628=ORIENTED_EDGE('',*,*,#2118,.T.);
#629=ORIENTED_EDGE('',*,*,#2119,.F.);
#630=ORIENTED_EDGE('',*,*,#2118,.F.);
#631=ORIENTED_EDGE('',*,*,#2120,.T.);
#632=ORIENTED_EDGE('',*,*,#2121,.T.);
#633=ORIENTED_EDGE('',*,*,#2122,.F.);
#634=ORIENTED_EDGE('',*,*,#2121,.F.);
#635=ORIENTED_EDGE('',*,*,#2123,.T.);
#636=ORIENTED_EDGE('',*,*,#2124,.T.);
#637=ORIENTED_EDGE('',*,*,#2125,.F.);
#638=ORIENTED_EDGE('',*,*,#2124,.F.);
#639=ORIENTED_EDGE('',*,*,#2126,.T.);
#640=ORIENTED_EDGE('',*,*,#2072,.T.);
#641=ORIENTED_EDGE('',*,*,#2127,.F.);
#642=ORIENTED_EDGE('',*,*,#2128,.T.);
#643=ORIENTED_EDGE('',*,*,#2129,.T.);
#644=ORIENTED_EDGE('',*,*,#2130,.T.);
#645=ORIENTED_EDGE('',*,*,#2131,.F.);
#646=ORIENTED_EDGE('',*,*,#2132,.F.);
#647=ORIENTED_EDGE('',*,*,#2133,.F.);
#648=ORIENTED_EDGE('',*,*,#2051,.T.);
#649=ORIENTED_EDGE('',*,*,#2134,.T.);
#650=ORIENTED_EDGE('',*,*,#2128,.F.);
#651=ORIENTED_EDGE('',*,*,#2135,.F.);
#652=ORIENTED_EDGE('',*,*,#2136,.T.);
#653=ORIENTED_EDGE('',*,*,#2137,.T.);
#654=ORIENTED_EDGE('',*,*,#2065,.F.);
#655=ORIENTED_EDGE('',*,*,#2138,.F.);
#656=ORIENTED_EDGE('',*,*,#2139,.T.);
#657=ORIENTED_EDGE('',*,*,#2140,.F.);
#658=ORIENTED_EDGE('',*,*,#2141,.F.);
#659=ORIENTED_EDGE('',*,*,#2142,.T.);
#660=ORIENTED_EDGE('',*,*,#2136,.F.);
#661=ORIENTED_EDGE('',*,*,#2143,.F.);
#662=ORIENTED_EDGE('',*,*,#2144,.T.);
#663=ORIENTED_EDGE('',*,*,#2145,.T.);
#664=ORIENTED_EDGE('',*,*,#2146,.F.);
#665=ORIENTED_EDGE('',*,*,#2147,.F.);
#666=ORIENTED_EDGE('',*,*,#2148,.F.);
#667=ORIENTED_EDGE('',*,*,#2149,.T.);
#668=ORIENTED_EDGE('',*,*,#2150,.F.);
#669=ORIENTED_EDGE('',*,*,#2151,.F.);
#670=ORIENTED_EDGE('',*,*,#2152,.T.);
#671=ORIENTED_EDGE('',*,*,#2153,.T.);
#672=ORIENTED_EDGE('',*,*,#2154,.F.);
#673=ORIENTED_EDGE('',*,*,#2155,.F.);
#674=ORIENTED_EDGE('',*,*,#2156,.F.);
#675=ORIENTED_EDGE('',*,*,#2157,.F.);
#676=ORIENTED_EDGE('',*,*,#2158,.F.);
#677=ORIENTED_EDGE('',*,*,#2159,.F.);
#678=ORIENTED_EDGE('',*,*,#2160,.F.);
#679=ORIENTED_EDGE('',*,*,#2161,.F.);
#680=ORIENTED_EDGE('',*,*,#2162,.T.);
#681=ORIENTED_EDGE('',*,*,#2146,.T.);
#682=ORIENTED_EDGE('',*,*,#2163,.F.);
#683=ORIENTED_EDGE('',*,*,#2148,.T.);
#684=ORIENTED_EDGE('',*,*,#2164,.T.);
#685=ORIENTED_EDGE('',*,*,#2165,.T.);
#686=ORIENTED_EDGE('',*,*,#2166,.F.);
#687=ORIENTED_EDGE('',*,*,#2167,.F.);
#688=ORIENTED_EDGE('',*,*,#2168,.T.);
#689=ORIENTED_EDGE('',*,*,#2169,.T.);
#690=ORIENTED_EDGE('',*,*,#2170,.F.);
#691=ORIENTED_EDGE('',*,*,#2169,.F.);
#692=ORIENTED_EDGE('',*,*,#2171,.T.);
#693=ORIENTED_EDGE('',*,*,#2172,.T.);
#694=ORIENTED_EDGE('',*,*,#2173,.F.);
#695=ORIENTED_EDGE('',*,*,#2172,.F.);
#696=ORIENTED_EDGE('',*,*,#2174,.T.);
#697=ORIENTED_EDGE('',*,*,#2175,.T.);
#698=ORIENTED_EDGE('',*,*,#2176,.T.);
#699=ORIENTED_EDGE('',*,*,#2177,.T.);
#700=ORIENTED_EDGE('',*,*,#2175,.F.);
#701=ORIENTED_EDGE('',*,*,#2178,.F.);
#702=ORIENTED_EDGE('',*,*,#2179,.F.);
#703=ORIENTED_EDGE('',*,*,#2176,.F.);
#704=ORIENTED_EDGE('',*,*,#2180,.T.);
#705=ORIENTED_EDGE('',*,*,#2181,.T.);
#706=ORIENTED_EDGE('',*,*,#2182,.F.);
#707=ORIENTED_EDGE('',*,*,#2181,.F.);
#708=ORIENTED_EDGE('',*,*,#2183,.T.);
#709=ORIENTED_EDGE('',*,*,#2184,.T.);
#710=ORIENTED_EDGE('',*,*,#2185,.F.);
#711=ORIENTED_EDGE('',*,*,#2184,.F.);
#712=ORIENTED_EDGE('',*,*,#2186,.T.);
#713=ORIENTED_EDGE('',*,*,#2187,.T.);
#714=ORIENTED_EDGE('',*,*,#2188,.T.);
#715=ORIENTED_EDGE('',*,*,#2189,.T.);
#716=ORIENTED_EDGE('',*,*,#2187,.F.);
#717=ORIENTED_EDGE('',*,*,#2190,.F.);
#718=ORIENTED_EDGE('',*,*,#2191,.F.);
#719=ORIENTED_EDGE('',*,*,#2188,.F.);
#720=ORIENTED_EDGE('',*,*,#2192,.T.);
#721=ORIENTED_EDGE('',*,*,#2161,.T.);
#722=ORIENTED_EDGE('',*,*,#2193,.F.);
#723=ORIENTED_EDGE('',*,*,#2165,.F.);
#724=ORIENTED_EDGE('',*,*,#2194,.T.);
#725=ORIENTED_EDGE('',*,*,#2195,.T.);
#726=ORIENTED_EDGE('',*,*,#2196,.T.);
#727=ORIENTED_EDGE('',*,*,#2197,.T.);
#728=ORIENTED_EDGE('',*,*,#2195,.F.);
#729=ORIENTED_EDGE('',*,*,#2198,.F.);
#730=ORIENTED_EDGE('',*,*,#2199,.F.);
#731=ORIENTED_EDGE('',*,*,#2196,.F.);
#732=ORIENTED_EDGE('',*,*,#2200,.T.);
#733=ORIENTED_EDGE('',*,*,#2201,.T.);
#734=ORIENTED_EDGE('',*,*,#2202,.F.);
#735=ORIENTED_EDGE('',*,*,#2201,.F.);
#736=ORIENTED_EDGE('',*,*,#2203,.T.);
#737=ORIENTED_EDGE('',*,*,#2204,.T.);
#738=ORIENTED_EDGE('',*,*,#2205,.F.);
#739=ORIENTED_EDGE('',*,*,#2204,.F.);
#740=ORIENTED_EDGE('',*,*,#2206,.T.);
#741=ORIENTED_EDGE('',*,*,#2207,.T.);
#742=ORIENTED_EDGE('',*,*,#2208,.T.);
#743=ORIENTED_EDGE('',*,*,#2209,.T.);
#744=ORIENTED_EDGE('',*,*,#2207,.F.);
#745=ORIENTED_EDGE('',*,*,#2210,.F.);
#746=ORIENTED_EDGE('',*,*,#2211,.F.);
#747=ORIENTED_EDGE('',*,*,#2208,.F.);
#748=ORIENTED_EDGE('',*,*,#2212,.T.);
#749=ORIENTED_EDGE('',*,*,#2213,.T.);
#750=ORIENTED_EDGE('',*,*,#2214,.F.);
#751=ORIENTED_EDGE('',*,*,#2213,.F.);
#752=ORIENTED_EDGE('',*,*,#2215,.T.);
#753=ORIENTED_EDGE('',*,*,#2216,.T.);
#754=ORIENTED_EDGE('',*,*,#2217,.F.);
#755=ORIENTED_EDGE('',*,*,#2216,.F.);
#756=ORIENTED_EDGE('',*,*,#2218,.T.);
#757=ORIENTED_EDGE('',*,*,#2219,.T.);
#758=ORIENTED_EDGE('',*,*,#2220,.F.);
#759=ORIENTED_EDGE('',*,*,#2219,.F.);
#760=ORIENTED_EDGE('',*,*,#2221,.T.);
#761=ORIENTED_EDGE('',*,*,#2167,.T.);
#762=ORIENTED_EDGE('',*,*,#2222,.F.);
#763=ORIENTED_EDGE('',*,*,#2223,.T.);
#764=ORIENTED_EDGE('',*,*,#2224,.F.);
#765=ORIENTED_EDGE('',*,*,#2225,.F.);
#766=ORIENTED_EDGE('',*,*,#2226,.T.);
#767=ORIENTED_EDGE('',*,*,#2227,.F.);
#768=ORIENTED_EDGE('',*,*,#2228,.T.);
#769=ORIENTED_EDGE('',*,*,#2229,.F.);
#770=ORIENTED_EDGE('',*,*,#2155,.T.);
#771=ORIENTED_EDGE('',*,*,#2230,.T.);
#772=ORIENTED_EDGE('',*,*,#2231,.T.);
#773=ORIENTED_EDGE('',*,*,#2232,.F.);
#774=ORIENTED_EDGE('',*,*,#2233,.T.);
#775=ORIENTED_EDGE('',*,*,#2234,.T.);
#776=ORIENTED_EDGE('',*,*,#2235,.T.);
#777=ORIENTED_EDGE('',*,*,#2236,.F.);
#778=ORIENTED_EDGE('',*,*,#2237,.T.);
#779=ORIENTED_EDGE('',*,*,#2238,.T.);
#780=ORIENTED_EDGE('',*,*,#2239,.T.);
#781=ORIENTED_EDGE('',*,*,#2240,.T.);
#782=ORIENTED_EDGE('',*,*,#2241,.T.);
#783=ORIENTED_EDGE('',*,*,#2242,.T.);
#784=ORIENTED_EDGE('',*,*,#2243,.T.);
#785=ORIENTED_EDGE('',*,*,#2244,.F.);
#786=ORIENTED_EDGE('',*,*,#2245,.T.);
#787=ORIENTED_EDGE('',*,*,#2246,.T.);
#788=ORIENTED_EDGE('',*,*,#2247,.T.);
#789=ORIENTED_EDGE('',*,*,#2248,.F.);
#790=ORIENTED_EDGE('',*,*,#2249,.T.);
#791=ORIENTED_EDGE('',*,*,#2250,.T.);
#792=ORIENTED_EDGE('',*,*,#2229,.T.);
#793=ORIENTED_EDGE('',*,*,#2251,.F.);
#794=ORIENTED_EDGE('',*,*,#2252,.T.);
#795=ORIENTED_EDGE('',*,*,#2253,.F.);
#796=ORIENTED_EDGE('',*,*,#2254,.T.);
#797=ORIENTED_EDGE('',*,*,#2255,.F.);
#798=ORIENTED_EDGE('',*,*,#2256,.T.);
#799=ORIENTED_EDGE('',*,*,#2257,.F.);
#800=ORIENTED_EDGE('',*,*,#2258,.T.);
#801=ORIENTED_EDGE('',*,*,#2259,.F.);
#802=ORIENTED_EDGE('',*,*,#2260,.T.);
#803=ORIENTED_EDGE('',*,*,#2261,.F.);
#804=ORIENTED_EDGE('',*,*,#2262,.T.);
#805=ORIENTED_EDGE('',*,*,#2263,.F.);
#806=ORIENTED_EDGE('',*,*,#2264,.F.);
#807=ORIENTED_EDGE('',*,*,#2265,.T.);
#808=ORIENTED_EDGE('',*,*,#2266,.T.);
#809=ORIENTED_EDGE('',*,*,#2267,.F.);
#810=ORIENTED_EDGE('',*,*,#2268,.F.);
#811=ORIENTED_EDGE('',*,*,#2269,.T.);
#812=ORIENTED_EDGE('',*,*,#2270,.T.);
#813=ORIENTED_EDGE('',*,*,#2271,.F.);
#814=ORIENTED_EDGE('',*,*,#2272,.F.);
#815=ORIENTED_EDGE('',*,*,#2273,.F.);
#816=ORIENTED_EDGE('',*,*,#2274,.F.);
#817=ORIENTED_EDGE('',*,*,#2275,.F.);
#818=ORIENTED_EDGE('',*,*,#2276,.F.);
#819=ORIENTED_EDGE('',*,*,#2225,.T.);
#820=ORIENTED_EDGE('',*,*,#2277,.T.);
#821=ORIENTED_EDGE('',*,*,#2278,.T.);
#822=ORIENTED_EDGE('',*,*,#2279,.T.);
#823=ORIENTED_EDGE('',*,*,#2280,.T.);
#824=ORIENTED_EDGE('',*,*,#2281,.T.);
#825=ORIENTED_EDGE('',*,*,#2282,.T.);
#826=ORIENTED_EDGE('',*,*,#2283,.T.);
#827=ORIENTED_EDGE('',*,*,#2159,.T.);
#828=ORIENTED_EDGE('',*,*,#2284,.F.);
#829=ORIENTED_EDGE('',*,*,#2285,.F.);
#830=ORIENTED_EDGE('',*,*,#2286,.F.);
#831=ORIENTED_EDGE('',*,*,#2287,.F.);
#832=ORIENTED_EDGE('',*,*,#2288,.F.);
#833=ORIENTED_EDGE('',*,*,#2289,.F.);
#834=ORIENTED_EDGE('',*,*,#2290,.F.);
#835=ORIENTED_EDGE('',*,*,#2291,.F.);
#836=ORIENTED_EDGE('',*,*,#2292,.F.);
#837=ORIENTED_EDGE('',*,*,#2293,.F.);
#838=ORIENTED_EDGE('',*,*,#2294,.F.);
#839=ORIENTED_EDGE('',*,*,#2295,.T.);
#840=ORIENTED_EDGE('',*,*,#2272,.T.);
#841=ORIENTED_EDGE('',*,*,#2296,.T.);
#842=ORIENTED_EDGE('',*,*,#2297,.T.);
#843=ORIENTED_EDGE('',*,*,#2298,.F.);
#844=ORIENTED_EDGE('',*,*,#2274,.T.);
#845=ORIENTED_EDGE('',*,*,#2299,.F.);
#846=ORIENTED_EDGE('',*,*,#2300,.F.);
#847=ORIENTED_EDGE('',*,*,#2301,.T.);
#848=ORIENTED_EDGE('',*,*,#2302,.T.);
#849=ORIENTED_EDGE('',*,*,#2303,.F.);
#850=ORIENTED_EDGE('',*,*,#2304,.F.);
#851=ORIENTED_EDGE('',*,*,#2305,.T.);
#852=ORIENTED_EDGE('',*,*,#2286,.T.);
#853=ORIENTED_EDGE('',*,*,#2306,.T.);
#854=ORIENTED_EDGE('',*,*,#2307,.T.);
#855=ORIENTED_EDGE('',*,*,#2308,.F.);
#856=ORIENTED_EDGE('',*,*,#2288,.T.);
#857=ORIENTED_EDGE('',*,*,#2309,.F.);
#858=ORIENTED_EDGE('',*,*,#2310,.F.);
#859=ORIENTED_EDGE('',*,*,#2311,.T.);
#860=ORIENTED_EDGE('',*,*,#2312,.T.);
#861=ORIENTED_EDGE('',*,*,#2313,.F.);
#862=ORIENTED_EDGE('',*,*,#2098,.T.);
#863=ORIENTED_EDGE('',*,*,#2068,.T.);
#864=ORIENTED_EDGE('',*,*,#2056,.F.);
#865=ORIENTED_EDGE('',*,*,#2314,.T.);
#866=ORIENTED_EDGE('',*,*,#2315,.F.);
#867=ORIENTED_EDGE('',*,*,#2316,.T.);
#868=ORIENTED_EDGE('',*,*,#2317,.F.);
#869=ORIENTED_EDGE('',*,*,#2318,.T.);
#870=ORIENTED_EDGE('',*,*,#2319,.F.);
#871=ORIENTED_EDGE('',*,*,#2320,.T.);
#872=ORIENTED_EDGE('',*,*,#2321,.F.);
#873=ORIENTED_EDGE('',*,*,#2322,.T.);
#874=ORIENTED_EDGE('',*,*,#2323,.F.);
#875=ORIENTED_EDGE('',*,*,#2324,.T.);
#876=ORIENTED_EDGE('',*,*,#2325,.F.);
#877=ORIENTED_EDGE('',*,*,#2326,.T.);
#878=ORIENTED_EDGE('',*,*,#2060,.F.);
#879=ORIENTED_EDGE('',*,*,#2071,.T.);
#880=ORIENTED_EDGE('',*,*,#2101,.T.);
#881=ORIENTED_EDGE('',*,*,#2104,.F.);
#882=ORIENTED_EDGE('',*,*,#2107,.T.);
#883=ORIENTED_EDGE('',*,*,#2110,.T.);
#884=ORIENTED_EDGE('',*,*,#2113,.T.);
#885=ORIENTED_EDGE('',*,*,#2116,.F.);
#886=ORIENTED_EDGE('',*,*,#2119,.T.);
#887=ORIENTED_EDGE('',*,*,#2122,.T.);
#888=ORIENTED_EDGE('',*,*,#2125,.T.);
#889=ORIENTED_EDGE('',*,*,#2127,.T.);
#890=ORIENTED_EDGE('',*,*,#2075,.T.);
#891=ORIENTED_EDGE('',*,*,#2078,.T.);
#892=ORIENTED_EDGE('',*,*,#2081,.T.);
#893=ORIENTED_EDGE('',*,*,#2084,.F.);
#894=ORIENTED_EDGE('',*,*,#2087,.T.);
#895=ORIENTED_EDGE('',*,*,#2090,.T.);
#896=ORIENTED_EDGE('',*,*,#2093,.T.);
#897=ORIENTED_EDGE('',*,*,#2096,.F.);
#898=ORIENTED_EDGE('',*,*,#2313,.T.);
#899=ORIENTED_EDGE('',*,*,#2327,.T.);
#900=ORIENTED_EDGE('',*,*,#2328,.F.);
#901=ORIENTED_EDGE('',*,*,#2289,.T.);
#902=ORIENTED_EDGE('',*,*,#2328,.T.);
#903=ORIENTED_EDGE('',*,*,#2329,.T.);
#904=ORIENTED_EDGE('',*,*,#2330,.F.);
#905=ORIENTED_EDGE('',*,*,#2290,.T.);
#906=ORIENTED_EDGE('',*,*,#2330,.T.);
#907=ORIENTED_EDGE('',*,*,#2331,.T.);
#908=ORIENTED_EDGE('',*,*,#2332,.F.);
#909=ORIENTED_EDGE('',*,*,#2291,.T.);
#910=ORIENTED_EDGE('',*,*,#2332,.T.);
#911=ORIENTED_EDGE('',*,*,#2333,.T.);
#912=ORIENTED_EDGE('',*,*,#2334,.F.);
#913=ORIENTED_EDGE('',*,*,#2292,.T.);
#914=ORIENTED_EDGE('',*,*,#2334,.T.);
#915=ORIENTED_EDGE('',*,*,#2335,.T.);
#916=ORIENTED_EDGE('',*,*,#2296,.F.);
#917=ORIENTED_EDGE('',*,*,#2293,.T.);
#918=ORIENTED_EDGE('',*,*,#2301,.F.);
#919=ORIENTED_EDGE('',*,*,#2336,.F.);
#920=ORIENTED_EDGE('',*,*,#2298,.T.);
#921=ORIENTED_EDGE('',*,*,#2337,.F.);
#922=ORIENTED_EDGE('',*,*,#2303,.T.);
#923=ORIENTED_EDGE('',*,*,#2338,.T.);
#924=ORIENTED_EDGE('',*,*,#2339,.F.);
#925=ORIENTED_EDGE('',*,*,#2275,.T.);
#926=ORIENTED_EDGE('',*,*,#2339,.T.);
#927=ORIENTED_EDGE('',*,*,#2340,.T.);
#928=ORIENTED_EDGE('',*,*,#2226,.F.);
#929=ORIENTED_EDGE('',*,*,#2276,.T.);
#930=ORIENTED_EDGE('',*,*,#2158,.T.);
#931=ORIENTED_EDGE('',*,*,#2341,.T.);
#932=ORIENTED_EDGE('',*,*,#2342,.F.);
#933=ORIENTED_EDGE('',*,*,#2284,.T.);
#934=ORIENTED_EDGE('',*,*,#2342,.T.);
#935=ORIENTED_EDGE('',*,*,#2343,.T.);
#936=ORIENTED_EDGE('',*,*,#2306,.F.);
#937=ORIENTED_EDGE('',*,*,#2285,.T.);
#938=ORIENTED_EDGE('',*,*,#2311,.F.);
#939=ORIENTED_EDGE('',*,*,#2344,.F.);
#940=ORIENTED_EDGE('',*,*,#2308,.T.);
#941=ORIENTED_EDGE('',*,*,#2345,.F.);
#942=ORIENTED_EDGE('',*,*,#2281,.F.);
#943=ORIENTED_EDGE('',*,*,#2346,.T.);
#944=ORIENTED_EDGE('',*,*,#2347,.T.);
#945=ORIENTED_EDGE('',*,*,#2348,.F.);
#946=ORIENTED_EDGE('',*,*,#2348,.T.);
#947=ORIENTED_EDGE('',*,*,#2349,.T.);
#948=ORIENTED_EDGE('',*,*,#2350,.F.);
#949=ORIENTED_EDGE('',*,*,#2351,.T.);
#950=ORIENTED_EDGE('',*,*,#2352,.F.);
#951=ORIENTED_EDGE('',*,*,#2282,.F.);
#952=ORIENTED_EDGE('',*,*,#2352,.T.);
#953=ORIENTED_EDGE('',*,*,#2353,.T.);
#954=ORIENTED_EDGE('',*,*,#2152,.F.);
#955=ORIENTED_EDGE('',*,*,#2283,.F.);
#956=ORIENTED_EDGE('',*,*,#2224,.T.);
#957=ORIENTED_EDGE('',*,*,#2354,.T.);
#958=ORIENTED_EDGE('',*,*,#2355,.F.);
#959=ORIENTED_EDGE('',*,*,#2277,.F.);
#960=ORIENTED_EDGE('',*,*,#2355,.T.);
#961=ORIENTED_EDGE('',*,*,#2356,.T.);
#962=ORIENTED_EDGE('',*,*,#2357,.T.);
#963=ORIENTED_EDGE('',*,*,#2358,.T.);
#964=ORIENTED_EDGE('',*,*,#2359,.F.);
#965=ORIENTED_EDGE('',*,*,#2278,.F.);
#966=ORIENTED_EDGE('',*,*,#2279,.F.);
#967=ORIENTED_EDGE('',*,*,#2359,.T.);
#968=ORIENTED_EDGE('',*,*,#2360,.T.);
#969=ORIENTED_EDGE('',*,*,#2361,.F.);
#970=ORIENTED_EDGE('',*,*,#2361,.T.);
#971=ORIENTED_EDGE('',*,*,#2362,.T.);
#972=ORIENTED_EDGE('',*,*,#2346,.F.);
#973=ORIENTED_EDGE('',*,*,#2280,.F.);
#974=ORIENTED_EDGE('',*,*,#2363,.T.);
#975=ORIENTED_EDGE('',*,*,#2364,.F.);
#976=ORIENTED_EDGE('',*,*,#2365,.F.);
#977=ORIENTED_EDGE('',*,*,#2366,.T.);
#978=ORIENTED_EDGE('',*,*,#2367,.T.);
#979=ORIENTED_EDGE('',*,*,#2368,.F.);
#980=ORIENTED_EDGE('',*,*,#2369,.F.);
#981=ORIENTED_EDGE('',*,*,#2364,.T.);
#982=ORIENTED_EDGE('',*,*,#2370,.T.);
#983=ORIENTED_EDGE('',*,*,#2371,.F.);
#984=ORIENTED_EDGE('',*,*,#2372,.F.);
#985=ORIENTED_EDGE('',*,*,#2368,.T.);
#986=ORIENTED_EDGE('',*,*,#2373,.T.);
#987=ORIENTED_EDGE('',*,*,#2144,.F.);
#988=ORIENTED_EDGE('',*,*,#2374,.F.);
#989=ORIENTED_EDGE('',*,*,#2371,.T.);
#990=ORIENTED_EDGE('',*,*,#2375,.T.);
#991=ORIENTED_EDGE('',*,*,#2376,.F.);
#992=ORIENTED_EDGE('',*,*,#2377,.F.);
#993=ORIENTED_EDGE('',*,*,#2150,.T.);
#994=ORIENTED_EDGE('',*,*,#2378,.T.);
#995=ORIENTED_EDGE('',*,*,#2379,.F.);
#996=ORIENTED_EDGE('',*,*,#2380,.F.);
#997=ORIENTED_EDGE('',*,*,#2376,.T.);
#998=ORIENTED_EDGE('',*,*,#2381,.T.);
#999=ORIENTED_EDGE('',*,*,#2382,.F.);
#1000=ORIENTED_EDGE('',*,*,#2383,.F.);
#1001=ORIENTED_EDGE('',*,*,#2379,.T.);
#1002=ORIENTED_EDGE('',*,*,#2384,.T.);
#1003=ORIENTED_EDGE('',*,*,#2385,.F.);
#1004=ORIENTED_EDGE('',*,*,#2386,.F.);
#1005=ORIENTED_EDGE('',*,*,#2382,.T.);
#1006=ORIENTED_EDGE('',*,*,#2387,.T.);
#1007=ORIENTED_EDGE('',*,*,#2388,.F.);
#1008=ORIENTED_EDGE('',*,*,#2389,.F.);
#1009=ORIENTED_EDGE('',*,*,#2385,.T.);
#1010=ORIENTED_EDGE('',*,*,#2390,.T.);
#1011=ORIENTED_EDGE('',*,*,#2391,.T.);
#1012=ORIENTED_EDGE('',*,*,#2392,.T.);
#1013=ORIENTED_EDGE('',*,*,#2393,.F.);
#1014=ORIENTED_EDGE('',*,*,#2394,.F.);
#1015=ORIENTED_EDGE('',*,*,#2388,.T.);
#1016=ORIENTED_EDGE('',*,*,#2395,.T.);
#1017=ORIENTED_EDGE('',*,*,#2366,.F.);
#1018=ORIENTED_EDGE('',*,*,#2396,.F.);
#1019=ORIENTED_EDGE('',*,*,#2393,.T.);
#1020=ORIENTED_EDGE('',*,*,#2374,.T.);
#1021=ORIENTED_EDGE('',*,*,#2147,.T.);
#1022=ORIENTED_EDGE('',*,*,#2162,.F.);
#1023=ORIENTED_EDGE('',*,*,#2192,.F.);
#1024=ORIENTED_EDGE('',*,*,#2190,.T.);
#1025=ORIENTED_EDGE('',*,*,#2186,.F.);
#1026=ORIENTED_EDGE('',*,*,#2183,.F.);
#1027=ORIENTED_EDGE('',*,*,#2180,.F.);
#1028=ORIENTED_EDGE('',*,*,#2178,.T.);
#1029=ORIENTED_EDGE('',*,*,#2174,.F.);
#1030=ORIENTED_EDGE('',*,*,#2171,.F.);
#1031=ORIENTED_EDGE('',*,*,#2168,.F.);
#1032=ORIENTED_EDGE('',*,*,#2221,.F.);
#1033=ORIENTED_EDGE('',*,*,#2218,.F.);
#1034=ORIENTED_EDGE('',*,*,#2215,.F.);
#1035=ORIENTED_EDGE('',*,*,#2212,.F.);
#1036=ORIENTED_EDGE('',*,*,#2210,.T.);
#1037=ORIENTED_EDGE('',*,*,#2206,.F.);
#1038=ORIENTED_EDGE('',*,*,#2203,.F.);
#1039=ORIENTED_EDGE('',*,*,#2200,.F.);
#1040=ORIENTED_EDGE('',*,*,#2198,.T.);
#1041=ORIENTED_EDGE('',*,*,#2194,.F.);
#1042=ORIENTED_EDGE('',*,*,#2164,.F.);
#1043=ORIENTED_EDGE('',*,*,#2151,.T.);
#1044=ORIENTED_EDGE('',*,*,#2377,.T.);
#1045=ORIENTED_EDGE('',*,*,#2380,.T.);
#1046=ORIENTED_EDGE('',*,*,#2383,.T.);
#1047=ORIENTED_EDGE('',*,*,#2386,.T.);
#1048=ORIENTED_EDGE('',*,*,#2389,.T.);
#1049=ORIENTED_EDGE('',*,*,#2394,.T.);
#1050=ORIENTED_EDGE('',*,*,#2396,.T.);
#1051=ORIENTED_EDGE('',*,*,#2365,.T.);
#1052=ORIENTED_EDGE('',*,*,#2369,.T.);
#1053=ORIENTED_EDGE('',*,*,#2372,.T.);
#1054=ORIENTED_EDGE('',*,*,#2347,.F.);
#1055=ORIENTED_EDGE('',*,*,#2362,.F.);
#1056=ORIENTED_EDGE('',*,*,#2360,.F.);
#1057=ORIENTED_EDGE('',*,*,#2358,.F.);
#1058=ORIENTED_EDGE('',*,*,#2397,.F.);
#1059=ORIENTED_EDGE('',*,*,#2398,.F.);
#1060=ORIENTED_EDGE('',*,*,#2399,.F.);
#1061=ORIENTED_EDGE('',*,*,#2400,.F.);
#1062=ORIENTED_EDGE('',*,*,#2401,.F.);
#1063=ORIENTED_EDGE('',*,*,#2402,.F.);
#1064=ORIENTED_EDGE('',*,*,#2403,.F.);
#1065=ORIENTED_EDGE('',*,*,#2404,.F.);
#1066=ORIENTED_EDGE('',*,*,#2405,.F.);
#1067=ORIENTED_EDGE('',*,*,#2406,.F.);
#1068=ORIENTED_EDGE('',*,*,#2407,.F.);
#1069=ORIENTED_EDGE('',*,*,#2408,.F.);
#1070=ORIENTED_EDGE('',*,*,#2409,.F.);
#1071=ORIENTED_EDGE('',*,*,#2410,.F.);
#1072=ORIENTED_EDGE('',*,*,#2411,.F.);
#1073=ORIENTED_EDGE('',*,*,#2412,.F.);
#1074=ORIENTED_EDGE('',*,*,#2413,.F.);
#1075=ORIENTED_EDGE('',*,*,#2414,.F.);
#1076=ORIENTED_EDGE('',*,*,#2415,.F.);
#1077=ORIENTED_EDGE('',*,*,#2416,.F.);
#1078=ORIENTED_EDGE('',*,*,#2417,.F.);
#1079=ORIENTED_EDGE('',*,*,#2418,.F.);
#1080=ORIENTED_EDGE('',*,*,#2419,.F.);
#1081=ORIENTED_EDGE('',*,*,#2420,.F.);
#1082=ORIENTED_EDGE('',*,*,#2421,.F.);
#1083=ORIENTED_EDGE('',*,*,#2349,.F.);
#1084=ORIENTED_EDGE('',*,*,#2145,.F.);
#1085=ORIENTED_EDGE('',*,*,#2373,.F.);
#1086=ORIENTED_EDGE('',*,*,#2370,.F.);
#1087=ORIENTED_EDGE('',*,*,#2367,.F.);
#1088=ORIENTED_EDGE('',*,*,#2363,.F.);
#1089=ORIENTED_EDGE('',*,*,#2395,.F.);
#1090=ORIENTED_EDGE('',*,*,#2392,.F.);
#1091=ORIENTED_EDGE('',*,*,#2387,.F.);
#1092=ORIENTED_EDGE('',*,*,#2384,.F.);
#1093=ORIENTED_EDGE('',*,*,#2381,.F.);
#1094=ORIENTED_EDGE('',*,*,#2378,.F.);
#1095=ORIENTED_EDGE('',*,*,#2375,.F.);
#1096=ORIENTED_EDGE('',*,*,#2149,.F.);
#1097=ORIENTED_EDGE('',*,*,#2163,.T.);
#1098=ORIENTED_EDGE('',*,*,#2193,.T.);
#1099=ORIENTED_EDGE('',*,*,#2197,.F.);
#1100=ORIENTED_EDGE('',*,*,#2199,.T.);
#1101=ORIENTED_EDGE('',*,*,#2202,.T.);
#1102=ORIENTED_EDGE('',*,*,#2205,.T.);
#1103=ORIENTED_EDGE('',*,*,#2209,.F.);
#1104=ORIENTED_EDGE('',*,*,#2211,.T.);
#1105=ORIENTED_EDGE('',*,*,#2214,.T.);
#1106=ORIENTED_EDGE('',*,*,#2217,.T.);
#1107=ORIENTED_EDGE('',*,*,#2220,.T.);
#1108=ORIENTED_EDGE('',*,*,#2166,.T.);
#1109=ORIENTED_EDGE('',*,*,#2170,.T.);
#1110=ORIENTED_EDGE('',*,*,#2173,.T.);
#1111=ORIENTED_EDGE('',*,*,#2177,.F.);
#1112=ORIENTED_EDGE('',*,*,#2179,.T.);
#1113=ORIENTED_EDGE('',*,*,#2182,.T.);
#1114=ORIENTED_EDGE('',*,*,#2185,.T.);
#1115=ORIENTED_EDGE('',*,*,#2189,.F.);
#1116=ORIENTED_EDGE('',*,*,#2191,.T.);
#1117=ORIENTED_EDGE('',*,*,#2160,.T.);
#1118=ORIENTED_EDGE('',*,*,#2422,.T.);
#1119=ORIENTED_EDGE('',*,*,#2423,.T.);
#1120=ORIENTED_EDGE('',*,*,#2424,.T.);
#1121=ORIENTED_EDGE('',*,*,#2131,.T.);
#1122=ORIENTED_EDGE('',*,*,#2425,.T.);
#1123=ORIENTED_EDGE('',*,*,#2426,.T.);
#1124=ORIENTED_EDGE('',*,*,#2427,.T.);
#1125=ORIENTED_EDGE('',*,*,#2428,.T.);
#1126=ORIENTED_EDGE('',*,*,#2429,.T.);
#1127=ORIENTED_EDGE('',*,*,#2430,.T.);
#1128=ORIENTED_EDGE('',*,*,#2431,.T.);
#1129=ORIENTED_EDGE('',*,*,#2432,.T.);
#1130=ORIENTED_EDGE('',*,*,#2433,.T.);
#1131=ORIENTED_EDGE('',*,*,#2434,.T.);
#1132=ORIENTED_EDGE('',*,*,#2435,.T.);
#1133=ORIENTED_EDGE('',*,*,#2436,.T.);
#1134=ORIENTED_EDGE('',*,*,#2437,.T.);
#1135=ORIENTED_EDGE('',*,*,#2438,.T.);
#1136=ORIENTED_EDGE('',*,*,#2439,.T.);
#1137=ORIENTED_EDGE('',*,*,#2440,.T.);
#1138=ORIENTED_EDGE('',*,*,#2441,.T.);
#1139=ORIENTED_EDGE('',*,*,#2442,.T.);
#1140=ORIENTED_EDGE('',*,*,#2443,.T.);
#1141=ORIENTED_EDGE('',*,*,#2444,.T.);
#1142=ORIENTED_EDGE('',*,*,#2445,.T.);
#1143=ORIENTED_EDGE('',*,*,#2446,.T.);
#1144=ORIENTED_EDGE('',*,*,#2447,.T.);
#1145=ORIENTED_EDGE('',*,*,#2448,.T.);
#1146=ORIENTED_EDGE('',*,*,#2449,.T.);
#1147=ORIENTED_EDGE('',*,*,#2140,.T.);
#1148=ORIENTED_EDGE('',*,*,#2450,.F.);
#1149=ORIENTED_EDGE('',*,*,#2132,.T.);
#1150=ORIENTED_EDGE('',*,*,#2424,.F.);
#1151=ORIENTED_EDGE('',*,*,#2451,.F.);
#1152=ORIENTED_EDGE('',*,*,#2452,.F.);
#1153=ORIENTED_EDGE('',*,*,#2453,.T.);
#1154=ORIENTED_EDGE('',*,*,#2422,.F.);
#1155=ORIENTED_EDGE('',*,*,#2139,.F.);
#1156=ORIENTED_EDGE('',*,*,#2423,.F.);
#1157=ORIENTED_EDGE('',*,*,#2453,.F.);
#1158=ORIENTED_EDGE('',*,*,#2454,.F.);
#1159=ORIENTED_EDGE('',*,*,#2451,.T.);
#1160=ORIENTED_EDGE('',*,*,#2263,.T.);
#1161=ORIENTED_EDGE('',*,*,#2455,.F.);
#1162=ORIENTED_EDGE('',*,*,#2456,.F.);
#1163=ORIENTED_EDGE('',*,*,#2156,.T.);
#1164=ORIENTED_EDGE('',*,*,#2262,.F.);
#1165=ORIENTED_EDGE('',*,*,#2457,.F.);
#1166=ORIENTED_EDGE('',*,*,#2458,.T.);
#1167=ORIENTED_EDGE('',*,*,#2455,.T.);
#1168=ORIENTED_EDGE('',*,*,#2261,.T.);
#1169=ORIENTED_EDGE('',*,*,#2459,.F.);
#1170=ORIENTED_EDGE('',*,*,#2460,.F.);
#1171=ORIENTED_EDGE('',*,*,#2457,.T.);
#1172=ORIENTED_EDGE('',*,*,#2260,.F.);
#1173=ORIENTED_EDGE('',*,*,#2461,.F.);
#1174=ORIENTED_EDGE('',*,*,#2462,.T.);
#1175=ORIENTED_EDGE('',*,*,#2459,.T.);
#1176=ORIENTED_EDGE('',*,*,#2259,.T.);
#1177=ORIENTED_EDGE('',*,*,#2463,.F.);
#1178=ORIENTED_EDGE('',*,*,#2464,.F.);
#1179=ORIENTED_EDGE('',*,*,#2461,.T.);
#1180=ORIENTED_EDGE('',*,*,#2258,.F.);
#1181=ORIENTED_EDGE('',*,*,#2465,.F.);
#1182=ORIENTED_EDGE('',*,*,#2466,.T.);
#1183=ORIENTED_EDGE('',*,*,#2463,.T.);
#1184=ORIENTED_EDGE('',*,*,#2257,.T.);
#1185=ORIENTED_EDGE('',*,*,#2467,.F.);
#1186=ORIENTED_EDGE('',*,*,#2468,.F.);
#1187=ORIENTED_EDGE('',*,*,#2465,.T.);
#1188=ORIENTED_EDGE('',*,*,#2256,.F.);
#1189=ORIENTED_EDGE('',*,*,#2469,.F.);
#1190=ORIENTED_EDGE('',*,*,#2470,.T.);
#1191=ORIENTED_EDGE('',*,*,#2467,.T.);
#1192=ORIENTED_EDGE('',*,*,#2255,.T.);
#1193=ORIENTED_EDGE('',*,*,#2471,.F.);
#1194=ORIENTED_EDGE('',*,*,#2472,.F.);
#1195=ORIENTED_EDGE('',*,*,#2469,.T.);
#1196=ORIENTED_EDGE('',*,*,#2254,.F.);
#1197=ORIENTED_EDGE('',*,*,#2473,.F.);
#1198=ORIENTED_EDGE('',*,*,#2474,.T.);
#1199=ORIENTED_EDGE('',*,*,#2471,.T.);
#1200=ORIENTED_EDGE('',*,*,#2253,.T.);
#1201=ORIENTED_EDGE('',*,*,#2475,.F.);
#1202=ORIENTED_EDGE('',*,*,#2476,.F.);
#1203=ORIENTED_EDGE('',*,*,#2473,.T.);
#1204=ORIENTED_EDGE('',*,*,#2252,.F.);
#1205=ORIENTED_EDGE('',*,*,#2477,.F.);
#1206=ORIENTED_EDGE('',*,*,#2478,.T.);
#1207=ORIENTED_EDGE('',*,*,#2475,.T.);
#1208=ORIENTED_EDGE('',*,*,#2251,.T.);
#1209=ORIENTED_EDGE('',*,*,#2228,.F.);
#1210=ORIENTED_EDGE('',*,*,#2479,.F.);
#1211=ORIENTED_EDGE('',*,*,#2477,.T.);
#1212=ORIENTED_EDGE('',*,*,#2338,.F.);
#1213=ORIENTED_EDGE('',*,*,#2302,.F.);
#1214=ORIENTED_EDGE('',*,*,#2337,.T.);
#1215=ORIENTED_EDGE('',*,*,#2297,.F.);
#1216=ORIENTED_EDGE('',*,*,#2335,.F.);
#1217=ORIENTED_EDGE('',*,*,#2333,.F.);
#1218=ORIENTED_EDGE('',*,*,#2331,.F.);
#1219=ORIENTED_EDGE('',*,*,#2329,.F.);
#1220=ORIENTED_EDGE('',*,*,#2327,.F.);
#1221=ORIENTED_EDGE('',*,*,#2312,.F.);
#1222=ORIENTED_EDGE('',*,*,#2345,.T.);
#1223=ORIENTED_EDGE('',*,*,#2307,.F.);
#1224=ORIENTED_EDGE('',*,*,#2343,.F.);
#1225=ORIENTED_EDGE('',*,*,#2341,.F.);
#1226=ORIENTED_EDGE('',*,*,#2157,.T.);
#1227=ORIENTED_EDGE('',*,*,#2456,.T.);
#1228=ORIENTED_EDGE('',*,*,#2458,.F.);
#1229=ORIENTED_EDGE('',*,*,#2460,.T.);
#1230=ORIENTED_EDGE('',*,*,#2462,.F.);
#1231=ORIENTED_EDGE('',*,*,#2464,.T.);
#1232=ORIENTED_EDGE('',*,*,#2466,.F.);
#1233=ORIENTED_EDGE('',*,*,#2468,.T.);
#1234=ORIENTED_EDGE('',*,*,#2470,.F.);
#1235=ORIENTED_EDGE('',*,*,#2472,.T.);
#1236=ORIENTED_EDGE('',*,*,#2474,.F.);
#1237=ORIENTED_EDGE('',*,*,#2476,.T.);
#1238=ORIENTED_EDGE('',*,*,#2478,.F.);
#1239=ORIENTED_EDGE('',*,*,#2479,.T.);
#1240=ORIENTED_EDGE('',*,*,#2227,.T.);
#1241=ORIENTED_EDGE('',*,*,#2340,.F.);
#1242=ORIENTED_EDGE('',*,*,#2480,.T.);
#1243=ORIENTED_EDGE('',*,*,#2481,.T.);
#1244=ORIENTED_EDGE('',*,*,#2482,.T.);
#1245=ORIENTED_EDGE('',*,*,#2483,.T.);
#1246=ORIENTED_EDGE('',*,*,#2484,.T.);
#1247=ORIENTED_EDGE('',*,*,#2485,.T.);
#1248=ORIENTED_EDGE('',*,*,#2486,.T.);
#1249=ORIENTED_EDGE('',*,*,#2487,.T.);
#1250=ORIENTED_EDGE('',*,*,#2488,.T.);
#1251=ORIENTED_EDGE('',*,*,#2489,.T.);
#1252=ORIENTED_EDGE('',*,*,#2490,.T.);
#1253=ORIENTED_EDGE('',*,*,#2491,.T.);
#1254=ORIENTED_EDGE('',*,*,#2492,.T.);
#1255=ORIENTED_EDGE('',*,*,#2052,.F.);
#1256=ORIENTED_EDGE('',*,*,#2135,.T.);
#1257=ORIENTED_EDGE('',*,*,#2133,.T.);
#1258=ORIENTED_EDGE('',*,*,#2450,.T.);
#1259=ORIENTED_EDGE('',*,*,#2454,.T.);
#1260=ORIENTED_EDGE('',*,*,#2452,.T.);
#1261=ORIENTED_EDGE('',*,*,#2143,.T.);
#1262=ORIENTED_EDGE('',*,*,#2138,.T.);
#1263=ORIENTED_EDGE('',*,*,#2064,.F.);
#1264=ORIENTED_EDGE('',*,*,#2493,.T.);
#1265=ORIENTED_EDGE('',*,*,#2494,.T.);
#1266=ORIENTED_EDGE('',*,*,#2495,.T.);
#1267=ORIENTED_EDGE('',*,*,#2496,.T.);
#1268=ORIENTED_EDGE('',*,*,#2497,.F.);
#1269=ORIENTED_EDGE('',*,*,#2487,.F.);
#1270=ORIENTED_EDGE('',*,*,#2498,.T.);
#1271=ORIENTED_EDGE('',*,*,#2499,.T.);
#1272=ORIENTED_EDGE('',*,*,#2495,.F.);
#1273=ORIENTED_EDGE('',*,*,#2486,.F.);
#1274=ORIENTED_EDGE('',*,*,#2500,.T.);
#1275=ORIENTED_EDGE('',*,*,#2501,.T.);
#1276=ORIENTED_EDGE('',*,*,#2498,.F.);
#1277=ORIENTED_EDGE('',*,*,#2485,.F.);
#1278=ORIENTED_EDGE('',*,*,#2502,.T.);
#1279=ORIENTED_EDGE('',*,*,#2503,.T.);
#1280=ORIENTED_EDGE('',*,*,#2500,.F.);
#1281=ORIENTED_EDGE('',*,*,#2484,.F.);
#1282=ORIENTED_EDGE('',*,*,#2504,.T.);
#1283=ORIENTED_EDGE('',*,*,#2505,.T.);
#1284=ORIENTED_EDGE('',*,*,#2502,.F.);
#1285=ORIENTED_EDGE('',*,*,#2483,.F.);
#1286=ORIENTED_EDGE('',*,*,#2482,.F.);
#1287=ORIENTED_EDGE('',*,*,#2506,.F.);
#1288=ORIENTED_EDGE('',*,*,#2507,.T.);
#1289=ORIENTED_EDGE('',*,*,#2264,.T.);
#1290=ORIENTED_EDGE('',*,*,#2508,.T.);
#1291=ORIENTED_EDGE('',*,*,#2504,.F.);
#1292=ORIENTED_EDGE('',*,*,#2509,.T.);
#1293=ORIENTED_EDGE('',*,*,#2510,.T.);
#1294=ORIENTED_EDGE('',*,*,#2480,.F.);
#1295=ORIENTED_EDGE('',*,*,#2511,.T.);
#1296=ORIENTED_EDGE('',*,*,#2512,.T.);
#1297=ORIENTED_EDGE('',*,*,#2266,.F.);
#1298=ORIENTED_EDGE('',*,*,#2513,.T.);
#1299=ORIENTED_EDGE('',*,*,#2514,.T.);
#1300=ORIENTED_EDGE('',*,*,#2511,.F.);
#1301=ORIENTED_EDGE('',*,*,#2494,.F.);
#1302=ORIENTED_EDGE('',*,*,#2063,.T.);
#1303=ORIENTED_EDGE('',*,*,#2515,.T.);
#1304=ORIENTED_EDGE('',*,*,#2513,.F.);
#1305=ORIENTED_EDGE('',*,*,#2493,.F.);
#1306=ORIENTED_EDGE('',*,*,#2516,.T.);
#1307=ORIENTED_EDGE('',*,*,#2517,.T.);
#1308=ORIENTED_EDGE('',*,*,#2053,.F.);
#1309=ORIENTED_EDGE('',*,*,#2492,.F.);
#1310=ORIENTED_EDGE('',*,*,#2518,.T.);
#1311=ORIENTED_EDGE('',*,*,#2519,.T.);
#1312=ORIENTED_EDGE('',*,*,#2516,.F.);
#1313=ORIENTED_EDGE('',*,*,#2491,.F.);
#1314=ORIENTED_EDGE('',*,*,#2490,.F.);
#1315=ORIENTED_EDGE('',*,*,#2520,.F.);
#1316=ORIENTED_EDGE('',*,*,#2521,.T.);
#1317=ORIENTED_EDGE('',*,*,#2268,.T.);
#1318=ORIENTED_EDGE('',*,*,#2522,.T.);
#1319=ORIENTED_EDGE('',*,*,#2518,.F.);
#1320=ORIENTED_EDGE('',*,*,#2523,.T.);
#1321=ORIENTED_EDGE('',*,*,#2524,.T.);
#1322=ORIENTED_EDGE('',*,*,#2488,.F.);
#1323=ORIENTED_EDGE('',*,*,#2497,.T.);
#1324=ORIENTED_EDGE('',*,*,#2525,.T.);
#1325=ORIENTED_EDGE('',*,*,#2270,.F.);
#1326=ORIENTED_EDGE('',*,*,#2062,.F.);
#1327=ORIENTED_EDGE('',*,*,#2526,.F.);
#1328=ORIENTED_EDGE('',*,*,#2527,.T.);
#1329=ORIENTED_EDGE('',*,*,#2528,.F.);
#1330=ORIENTED_EDGE('',*,*,#2529,.T.);
#1331=ORIENTED_EDGE('',*,*,#2530,.F.);
#1332=ORIENTED_EDGE('',*,*,#2531,.T.);
#1333=ORIENTED_EDGE('',*,*,#2532,.F.);
#1334=ORIENTED_EDGE('',*,*,#2533,.T.);
#1335=ORIENTED_EDGE('',*,*,#2534,.F.);
#1336=ORIENTED_EDGE('',*,*,#2535,.T.);
#1337=ORIENTED_EDGE('',*,*,#2536,.F.);
#1338=ORIENTED_EDGE('',*,*,#2537,.T.);
#1339=ORIENTED_EDGE('',*,*,#2538,.F.);
#1340=ORIENTED_EDGE('',*,*,#2054,.F.);
#1341=ORIENTED_EDGE('',*,*,#2517,.F.);
#1342=ORIENTED_EDGE('',*,*,#2519,.F.);
#1343=ORIENTED_EDGE('',*,*,#2522,.F.);
#1344=ORIENTED_EDGE('',*,*,#2271,.T.);
#1345=ORIENTED_EDGE('',*,*,#2525,.F.);
#1346=ORIENTED_EDGE('',*,*,#2496,.F.);
#1347=ORIENTED_EDGE('',*,*,#2499,.F.);
#1348=ORIENTED_EDGE('',*,*,#2501,.F.);
#1349=ORIENTED_EDGE('',*,*,#2503,.F.);
#1350=ORIENTED_EDGE('',*,*,#2505,.F.);
#1351=ORIENTED_EDGE('',*,*,#2508,.F.);
#1352=ORIENTED_EDGE('',*,*,#2267,.T.);
#1353=ORIENTED_EDGE('',*,*,#2512,.F.);
#1354=ORIENTED_EDGE('',*,*,#2514,.F.);
#1355=ORIENTED_EDGE('',*,*,#2515,.F.);
#1356=ORIENTED_EDGE('',*,*,#2314,.F.);
#1357=ORIENTED_EDGE('',*,*,#2055,.F.);
#1358=ORIENTED_EDGE('',*,*,#2538,.T.);
#1359=ORIENTED_EDGE('',*,*,#2539,.T.);
#1360=ORIENTED_EDGE('',*,*,#2315,.T.);
#1361=ORIENTED_EDGE('',*,*,#2539,.F.);
#1362=ORIENTED_EDGE('',*,*,#2537,.F.);
#1363=ORIENTED_EDGE('',*,*,#2540,.T.);
#1364=ORIENTED_EDGE('',*,*,#2316,.F.);
#1365=ORIENTED_EDGE('',*,*,#2540,.F.);
#1366=ORIENTED_EDGE('',*,*,#2536,.T.);
#1367=ORIENTED_EDGE('',*,*,#2541,.T.);
#1368=ORIENTED_EDGE('',*,*,#2317,.T.);
#1369=ORIENTED_EDGE('',*,*,#2541,.F.);
#1370=ORIENTED_EDGE('',*,*,#2535,.F.);
#1371=ORIENTED_EDGE('',*,*,#2542,.T.);
#1372=ORIENTED_EDGE('',*,*,#2318,.F.);
#1373=ORIENTED_EDGE('',*,*,#2542,.F.);
#1374=ORIENTED_EDGE('',*,*,#2534,.T.);
#1375=ORIENTED_EDGE('',*,*,#2543,.T.);
#1376=ORIENTED_EDGE('',*,*,#2319,.T.);
#1377=ORIENTED_EDGE('',*,*,#2543,.F.);
#1378=ORIENTED_EDGE('',*,*,#2533,.F.);
#1379=ORIENTED_EDGE('',*,*,#2544,.T.);
#1380=ORIENTED_EDGE('',*,*,#2320,.F.);
#1381=ORIENTED_EDGE('',*,*,#2544,.F.);
#1382=ORIENTED_EDGE('',*,*,#2532,.T.);
#1383=ORIENTED_EDGE('',*,*,#2545,.T.);
#1384=ORIENTED_EDGE('',*,*,#2321,.T.);
#1385=ORIENTED_EDGE('',*,*,#2545,.F.);
#1386=ORIENTED_EDGE('',*,*,#2531,.F.);
#1387=ORIENTED_EDGE('',*,*,#2546,.T.);
#1388=ORIENTED_EDGE('',*,*,#2322,.F.);
#1389=ORIENTED_EDGE('',*,*,#2546,.F.);
#1390=ORIENTED_EDGE('',*,*,#2530,.T.);
#1391=ORIENTED_EDGE('',*,*,#2547,.T.);
#1392=ORIENTED_EDGE('',*,*,#2323,.T.);
#1393=ORIENTED_EDGE('',*,*,#2547,.F.);
#1394=ORIENTED_EDGE('',*,*,#2529,.F.);
#1395=ORIENTED_EDGE('',*,*,#2548,.T.);
#1396=ORIENTED_EDGE('',*,*,#2324,.F.);
#1397=ORIENTED_EDGE('',*,*,#2548,.F.);
#1398=ORIENTED_EDGE('',*,*,#2528,.T.);
#1399=ORIENTED_EDGE('',*,*,#2549,.T.);
#1400=ORIENTED_EDGE('',*,*,#2325,.T.);
#1401=ORIENTED_EDGE('',*,*,#2549,.F.);
#1402=ORIENTED_EDGE('',*,*,#2527,.F.);
#1403=ORIENTED_EDGE('',*,*,#2550,.T.);
#1404=ORIENTED_EDGE('',*,*,#2326,.F.);
#1405=ORIENTED_EDGE('',*,*,#2550,.F.);
#1406=ORIENTED_EDGE('',*,*,#2526,.T.);
#1407=ORIENTED_EDGE('',*,*,#2061,.T.);
#1408=ORIENTED_EDGE('',*,*,#2287,.T.);
#1409=ORIENTED_EDGE('',*,*,#2305,.F.);
#1410=ORIENTED_EDGE('',*,*,#2551,.F.);
#1411=ORIENTED_EDGE('',*,*,#2552,.F.);
#1412=ORIENTED_EDGE('',*,*,#2309,.T.);
#1413=ORIENTED_EDGE('',*,*,#2553,.T.);
#1414=ORIENTED_EDGE('',*,*,#2551,.T.);
#1415=ORIENTED_EDGE('',*,*,#2304,.T.);
#1416=ORIENTED_EDGE('',*,*,#2344,.T.);
#1417=ORIENTED_EDGE('',*,*,#2310,.T.);
#1418=ORIENTED_EDGE('',*,*,#2552,.T.);
#1419=ORIENTED_EDGE('',*,*,#2273,.T.);
#1420=ORIENTED_EDGE('',*,*,#2295,.F.);
#1421=ORIENTED_EDGE('',*,*,#2554,.F.);
#1422=ORIENTED_EDGE('',*,*,#2555,.F.);
#1423=ORIENTED_EDGE('',*,*,#2299,.T.);
#1424=ORIENTED_EDGE('',*,*,#2556,.T.);
#1425=ORIENTED_EDGE('',*,*,#2554,.T.);
#1426=ORIENTED_EDGE('',*,*,#2294,.T.);
#1427=ORIENTED_EDGE('',*,*,#2336,.T.);
#1428=ORIENTED_EDGE('',*,*,#2300,.T.);
#1429=ORIENTED_EDGE('',*,*,#2555,.T.);
#1430=ORIENTED_EDGE('',*,*,#2489,.F.);
#1431=ORIENTED_EDGE('',*,*,#2524,.F.);
#1432=ORIENTED_EDGE('',*,*,#2557,.T.);
#1433=ORIENTED_EDGE('',*,*,#2558,.T.);
#1434=ORIENTED_EDGE('',*,*,#2520,.T.);
#1435=ORIENTED_EDGE('',*,*,#2558,.F.);
#1436=ORIENTED_EDGE('',*,*,#2559,.F.);
#1437=ORIENTED_EDGE('',*,*,#2557,.F.);
#1438=ORIENTED_EDGE('',*,*,#2523,.F.);
#1439=ORIENTED_EDGE('',*,*,#2269,.F.);
#1440=ORIENTED_EDGE('',*,*,#2521,.F.);
#1441=ORIENTED_EDGE('',*,*,#2481,.F.);
#1442=ORIENTED_EDGE('',*,*,#2510,.F.);
#1443=ORIENTED_EDGE('',*,*,#2560,.T.);
#1444=ORIENTED_EDGE('',*,*,#2561,.T.);
#1445=ORIENTED_EDGE('',*,*,#2506,.T.);
#1446=ORIENTED_EDGE('',*,*,#2561,.F.);
#1447=ORIENTED_EDGE('',*,*,#2562,.F.);
#1448=ORIENTED_EDGE('',*,*,#2560,.F.);
#1449=ORIENTED_EDGE('',*,*,#2509,.F.);
#1450=ORIENTED_EDGE('',*,*,#2265,.F.);
#1451=ORIENTED_EDGE('',*,*,#2507,.F.);
#1452=ORIENTED_EDGE('',*,*,#2563,.F.);
#1453=ORIENTED_EDGE('',*,*,#2553,.F.);
#1454=ORIENTED_EDGE('',*,*,#2563,.T.);
#1455=ORIENTED_EDGE('',*,*,#2564,.F.);
#1456=ORIENTED_EDGE('',*,*,#2559,.T.);
#1457=ORIENTED_EDGE('',*,*,#2564,.T.);
#1458=ORIENTED_EDGE('',*,*,#2565,.F.);
#1459=ORIENTED_EDGE('',*,*,#2556,.F.);
#1460=ORIENTED_EDGE('',*,*,#2565,.T.);
#1461=ORIENTED_EDGE('',*,*,#2566,.F.);
#1462=ORIENTED_EDGE('',*,*,#2562,.T.);
#1463=ORIENTED_EDGE('',*,*,#2566,.T.);
#1464=ORIENTED_EDGE('',*,*,#2567,.F.);
#1465=ORIENTED_EDGE('',*,*,#2568,.F.);
#1466=ORIENTED_EDGE('',*,*,#2230,.F.);
#1467=ORIENTED_EDGE('',*,*,#2154,.T.);
#1468=ORIENTED_EDGE('',*,*,#2569,.F.);
#1469=ORIENTED_EDGE('',*,*,#2222,.T.);
#1470=ORIENTED_EDGE('',*,*,#2250,.F.);
#1471=ORIENTED_EDGE('',*,*,#2570,.T.);
#1472=ORIENTED_EDGE('',*,*,#2571,.F.);
#1473=ORIENTED_EDGE('',*,*,#2572,.F.);
#1474=ORIENTED_EDGE('',*,*,#2239,.F.);
#1475=ORIENTED_EDGE('',*,*,#2573,.T.);
#1476=ORIENTED_EDGE('',*,*,#2574,.F.);
#1477=ORIENTED_EDGE('',*,*,#2573,.F.);
#1478=ORIENTED_EDGE('',*,*,#2238,.F.);
#1479=ORIENTED_EDGE('',*,*,#2575,.T.);
#1480=ORIENTED_EDGE('',*,*,#2576,.F.);
#1481=ORIENTED_EDGE('',*,*,#2575,.F.);
#1482=ORIENTED_EDGE('',*,*,#2237,.F.);
#1483=ORIENTED_EDGE('',*,*,#2577,.T.);
#1484=ORIENTED_EDGE('',*,*,#2578,.T.);
#1485=ORIENTED_EDGE('',*,*,#2579,.T.);
#1486=ORIENTED_EDGE('',*,*,#2577,.F.);
#1487=ORIENTED_EDGE('',*,*,#2236,.T.);
#1488=ORIENTED_EDGE('',*,*,#2580,.F.);
#1489=ORIENTED_EDGE('',*,*,#2578,.F.);
#1490=ORIENTED_EDGE('',*,*,#2235,.F.);
#1491=ORIENTED_EDGE('',*,*,#2581,.T.);
#1492=ORIENTED_EDGE('',*,*,#2582,.F.);
#1493=ORIENTED_EDGE('',*,*,#2581,.F.);
#1494=ORIENTED_EDGE('',*,*,#2234,.F.);
#1495=ORIENTED_EDGE('',*,*,#2583,.T.);
#1496=ORIENTED_EDGE('',*,*,#2584,.F.);
#1497=ORIENTED_EDGE('',*,*,#2583,.F.);
#1498=ORIENTED_EDGE('',*,*,#2233,.F.);
#1499=ORIENTED_EDGE('',*,*,#2585,.T.);
#1500=ORIENTED_EDGE('',*,*,#2586,.T.);
#1501=ORIENTED_EDGE('',*,*,#2587,.T.);
#1502=ORIENTED_EDGE('',*,*,#2585,.F.);
#1503=ORIENTED_EDGE('',*,*,#2232,.T.);
#1504=ORIENTED_EDGE('',*,*,#2588,.F.);
#1505=ORIENTED_EDGE('',*,*,#2586,.F.);
#1506=ORIENTED_EDGE('',*,*,#2231,.F.);
#1507=ORIENTED_EDGE('',*,*,#2568,.T.);
#1508=ORIENTED_EDGE('',*,*,#2589,.F.);
#1509=ORIENTED_EDGE('',*,*,#2570,.F.);
#1510=ORIENTED_EDGE('',*,*,#2249,.F.);
#1511=ORIENTED_EDGE('',*,*,#2590,.T.);
#1512=ORIENTED_EDGE('',*,*,#2591,.T.);
#1513=ORIENTED_EDGE('',*,*,#2592,.T.);
#1514=ORIENTED_EDGE('',*,*,#2590,.F.);
#1515=ORIENTED_EDGE('',*,*,#2248,.T.);
#1516=ORIENTED_EDGE('',*,*,#2593,.F.);
#1517=ORIENTED_EDGE('',*,*,#2591,.F.);
#1518=ORIENTED_EDGE('',*,*,#2247,.F.);
#1519=ORIENTED_EDGE('',*,*,#2594,.T.);
#1520=ORIENTED_EDGE('',*,*,#2595,.F.);
#1521=ORIENTED_EDGE('',*,*,#2594,.F.);
#1522=ORIENTED_EDGE('',*,*,#2246,.F.);
#1523=ORIENTED_EDGE('',*,*,#2596,.T.);
#1524=ORIENTED_EDGE('',*,*,#2597,.F.);
#1525=ORIENTED_EDGE('',*,*,#2596,.F.);
#1526=ORIENTED_EDGE('',*,*,#2245,.F.);
#1527=ORIENTED_EDGE('',*,*,#2598,.T.);
#1528=ORIENTED_EDGE('',*,*,#2599,.T.);
#1529=ORIENTED_EDGE('',*,*,#2600,.T.);
#1530=ORIENTED_EDGE('',*,*,#2598,.F.);
#1531=ORIENTED_EDGE('',*,*,#2244,.T.);
#1532=ORIENTED_EDGE('',*,*,#2601,.F.);
#1533=ORIENTED_EDGE('',*,*,#2599,.F.);
#1534=ORIENTED_EDGE('',*,*,#2243,.F.);
#1535=ORIENTED_EDGE('',*,*,#2602,.T.);
#1536=ORIENTED_EDGE('',*,*,#2603,.F.);
#1537=ORIENTED_EDGE('',*,*,#2602,.F.);
#1538=ORIENTED_EDGE('',*,*,#2242,.F.);
#1539=ORIENTED_EDGE('',*,*,#2604,.T.);
#1540=ORIENTED_EDGE('',*,*,#2605,.F.);
#1541=ORIENTED_EDGE('',*,*,#2604,.F.);
#1542=ORIENTED_EDGE('',*,*,#2241,.F.);
#1543=ORIENTED_EDGE('',*,*,#2606,.T.);
#1544=ORIENTED_EDGE('',*,*,#2607,.F.);
#1545=ORIENTED_EDGE('',*,*,#2606,.F.);
#1546=ORIENTED_EDGE('',*,*,#2240,.F.);
#1547=ORIENTED_EDGE('',*,*,#2572,.T.);
#1548=ORIENTED_EDGE('',*,*,#2608,.T.);
#1549=ORIENTED_EDGE('',*,*,#2609,.T.);
#1550=ORIENTED_EDGE('',*,*,#2610,.T.);
#1551=ORIENTED_EDGE('',*,*,#2611,.T.);
#1552=ORIENTED_EDGE('',*,*,#2612,.T.);
#1553=ORIENTED_EDGE('',*,*,#2613,.T.);
#1554=ORIENTED_EDGE('',*,*,#2614,.T.);
#1555=ORIENTED_EDGE('',*,*,#2615,.T.);
#1556=ORIENTED_EDGE('',*,*,#2616,.T.);
#1557=ORIENTED_EDGE('',*,*,#2617,.T.);
#1558=ORIENTED_EDGE('',*,*,#2618,.T.);
#1559=ORIENTED_EDGE('',*,*,#2619,.T.);
#1560=ORIENTED_EDGE('',*,*,#2620,.T.);
#1561=ORIENTED_EDGE('',*,*,#2621,.T.);
#1562=ORIENTED_EDGE('',*,*,#2622,.T.);
#1563=ORIENTED_EDGE('',*,*,#2623,.T.);
#1564=ORIENTED_EDGE('',*,*,#2624,.T.);
#1565=ORIENTED_EDGE('',*,*,#2625,.T.);
#1566=ORIENTED_EDGE('',*,*,#2626,.T.);
#1567=ORIENTED_EDGE('',*,*,#2627,.T.);
#1568=ORIENTED_EDGE('',*,*,#2628,.T.);
#1569=ORIENTED_EDGE('',*,*,#2629,.T.);
#1570=ORIENTED_EDGE('',*,*,#2630,.T.);
#1571=ORIENTED_EDGE('',*,*,#2631,.T.);
#1572=ORIENTED_EDGE('',*,*,#2632,.T.);
#1573=ORIENTED_EDGE('',*,*,#2356,.F.);
#1574=ORIENTED_EDGE('',*,*,#2354,.F.);
#1575=ORIENTED_EDGE('',*,*,#2223,.F.);
#1576=ORIENTED_EDGE('',*,*,#2569,.T.);
#1577=ORIENTED_EDGE('',*,*,#2589,.T.);
#1578=ORIENTED_EDGE('',*,*,#2592,.F.);
#1579=ORIENTED_EDGE('',*,*,#2593,.T.);
#1580=ORIENTED_EDGE('',*,*,#2595,.T.);
#1581=ORIENTED_EDGE('',*,*,#2597,.T.);
#1582=ORIENTED_EDGE('',*,*,#2600,.F.);
#1583=ORIENTED_EDGE('',*,*,#2601,.T.);
#1584=ORIENTED_EDGE('',*,*,#2603,.T.);
#1585=ORIENTED_EDGE('',*,*,#2605,.T.);
#1586=ORIENTED_EDGE('',*,*,#2607,.T.);
#1587=ORIENTED_EDGE('',*,*,#2571,.T.);
#1588=ORIENTED_EDGE('',*,*,#2574,.T.);
#1589=ORIENTED_EDGE('',*,*,#2576,.T.);
#1590=ORIENTED_EDGE('',*,*,#2579,.F.);
#1591=ORIENTED_EDGE('',*,*,#2580,.T.);
#1592=ORIENTED_EDGE('',*,*,#2582,.T.);
#1593=ORIENTED_EDGE('',*,*,#2584,.T.);
#1594=ORIENTED_EDGE('',*,*,#2587,.F.);
#1595=ORIENTED_EDGE('',*,*,#2588,.T.);
#1596=ORIENTED_EDGE('',*,*,#2567,.T.);
#1597=ORIENTED_EDGE('',*,*,#2153,.F.);
#1598=ORIENTED_EDGE('',*,*,#2353,.F.);
#1599=ORIENTED_EDGE('',*,*,#2351,.F.);
#1600=ORIENTED_EDGE('',*,*,#2397,.T.);
#1601=ORIENTED_EDGE('',*,*,#2357,.F.);
#1602=ORIENTED_EDGE('',*,*,#2632,.F.);
#1603=ORIENTED_EDGE('',*,*,#2633,.T.);
#1604=ORIENTED_EDGE('',*,*,#2398,.T.);
#1605=ORIENTED_EDGE('',*,*,#2633,.F.);
#1606=ORIENTED_EDGE('',*,*,#2631,.F.);
#1607=ORIENTED_EDGE('',*,*,#2634,.T.);
#1608=ORIENTED_EDGE('',*,*,#2399,.T.);
#1609=ORIENTED_EDGE('',*,*,#2634,.F.);
#1610=ORIENTED_EDGE('',*,*,#2630,.F.);
#1611=ORIENTED_EDGE('',*,*,#2635,.T.);
#1612=ORIENTED_EDGE('',*,*,#2400,.T.);
#1613=ORIENTED_EDGE('',*,*,#2635,.F.);
#1614=ORIENTED_EDGE('',*,*,#2629,.F.);
#1615=ORIENTED_EDGE('',*,*,#2636,.T.);
#1616=ORIENTED_EDGE('',*,*,#2401,.T.);
#1617=ORIENTED_EDGE('',*,*,#2636,.F.);
#1618=ORIENTED_EDGE('',*,*,#2628,.F.);
#1619=ORIENTED_EDGE('',*,*,#2637,.T.);
#1620=ORIENTED_EDGE('',*,*,#2402,.T.);
#1621=ORIENTED_EDGE('',*,*,#2637,.F.);
#1622=ORIENTED_EDGE('',*,*,#2627,.F.);
#1623=ORIENTED_EDGE('',*,*,#2638,.T.);
#1624=ORIENTED_EDGE('',*,*,#2403,.T.);
#1625=ORIENTED_EDGE('',*,*,#2638,.F.);
#1626=ORIENTED_EDGE('',*,*,#2626,.F.);
#1627=ORIENTED_EDGE('',*,*,#2639,.T.);
#1628=ORIENTED_EDGE('',*,*,#2404,.T.);
#1629=ORIENTED_EDGE('',*,*,#2639,.F.);
#1630=ORIENTED_EDGE('',*,*,#2625,.F.);
#1631=ORIENTED_EDGE('',*,*,#2640,.T.);
#1632=ORIENTED_EDGE('',*,*,#2405,.T.);
#1633=ORIENTED_EDGE('',*,*,#2640,.F.);
#1634=ORIENTED_EDGE('',*,*,#2624,.F.);
#1635=ORIENTED_EDGE('',*,*,#2641,.T.);
#1636=ORIENTED_EDGE('',*,*,#2406,.T.);
#1637=ORIENTED_EDGE('',*,*,#2641,.F.);
#1638=ORIENTED_EDGE('',*,*,#2623,.F.);
#1639=ORIENTED_EDGE('',*,*,#2642,.T.);
#1640=ORIENTED_EDGE('',*,*,#2407,.T.);
#1641=ORIENTED_EDGE('',*,*,#2642,.F.);
#1642=ORIENTED_EDGE('',*,*,#2622,.F.);
#1643=ORIENTED_EDGE('',*,*,#2643,.T.);
#1644=ORIENTED_EDGE('',*,*,#2408,.T.);
#1645=ORIENTED_EDGE('',*,*,#2643,.F.);
#1646=ORIENTED_EDGE('',*,*,#2621,.F.);
#1647=ORIENTED_EDGE('',*,*,#2644,.T.);
#1648=ORIENTED_EDGE('',*,*,#2409,.T.);
#1649=ORIENTED_EDGE('',*,*,#2644,.F.);
#1650=ORIENTED_EDGE('',*,*,#2620,.F.);
#1651=ORIENTED_EDGE('',*,*,#2645,.T.);
#1652=ORIENTED_EDGE('',*,*,#2410,.T.);
#1653=ORIENTED_EDGE('',*,*,#2645,.F.);
#1654=ORIENTED_EDGE('',*,*,#2619,.F.);
#1655=ORIENTED_EDGE('',*,*,#2646,.T.);
#1656=ORIENTED_EDGE('',*,*,#2411,.T.);
#1657=ORIENTED_EDGE('',*,*,#2646,.F.);
#1658=ORIENTED_EDGE('',*,*,#2618,.F.);
#1659=ORIENTED_EDGE('',*,*,#2647,.T.);
#1660=ORIENTED_EDGE('',*,*,#2412,.T.);
#1661=ORIENTED_EDGE('',*,*,#2647,.F.);
#1662=ORIENTED_EDGE('',*,*,#2617,.F.);
#1663=ORIENTED_EDGE('',*,*,#2648,.T.);
#1664=ORIENTED_EDGE('',*,*,#2413,.T.);
#1665=ORIENTED_EDGE('',*,*,#2648,.F.);
#1666=ORIENTED_EDGE('',*,*,#2616,.F.);
#1667=ORIENTED_EDGE('',*,*,#2649,.T.);
#1668=ORIENTED_EDGE('',*,*,#2414,.T.);
#1669=ORIENTED_EDGE('',*,*,#2649,.F.);
#1670=ORIENTED_EDGE('',*,*,#2615,.F.);
#1671=ORIENTED_EDGE('',*,*,#2650,.T.);
#1672=ORIENTED_EDGE('',*,*,#2415,.T.);
#1673=ORIENTED_EDGE('',*,*,#2650,.F.);
#1674=ORIENTED_EDGE('',*,*,#2614,.F.);
#1675=ORIENTED_EDGE('',*,*,#2651,.T.);
#1676=ORIENTED_EDGE('',*,*,#2416,.T.);
#1677=ORIENTED_EDGE('',*,*,#2651,.F.);
#1678=ORIENTED_EDGE('',*,*,#2613,.F.);
#1679=ORIENTED_EDGE('',*,*,#2652,.T.);
#1680=ORIENTED_EDGE('',*,*,#2417,.T.);
#1681=ORIENTED_EDGE('',*,*,#2652,.F.);
#1682=ORIENTED_EDGE('',*,*,#2612,.F.);
#1683=ORIENTED_EDGE('',*,*,#2653,.T.);
#1684=ORIENTED_EDGE('',*,*,#2418,.T.);
#1685=ORIENTED_EDGE('',*,*,#2653,.F.);
#1686=ORIENTED_EDGE('',*,*,#2611,.F.);
#1687=ORIENTED_EDGE('',*,*,#2654,.T.);
#1688=ORIENTED_EDGE('',*,*,#2419,.T.);
#1689=ORIENTED_EDGE('',*,*,#2654,.F.);
#1690=ORIENTED_EDGE('',*,*,#2610,.F.);
#1691=ORIENTED_EDGE('',*,*,#2655,.T.);
#1692=ORIENTED_EDGE('',*,*,#2420,.T.);
#1693=ORIENTED_EDGE('',*,*,#2655,.F.);
#1694=ORIENTED_EDGE('',*,*,#2609,.F.);
#1695=ORIENTED_EDGE('',*,*,#2656,.T.);
#1696=ORIENTED_EDGE('',*,*,#2421,.T.);
#1697=ORIENTED_EDGE('',*,*,#2656,.F.);
#1698=ORIENTED_EDGE('',*,*,#2608,.F.);
#1699=ORIENTED_EDGE('',*,*,#2350,.T.);
#1700=ORIENTED_EDGE('',*,*,#2449,.F.);
#1701=ORIENTED_EDGE('',*,*,#2657,.F.);
#1702=ORIENTED_EDGE('',*,*,#2658,.T.);
#1703=ORIENTED_EDGE('',*,*,#2141,.T.);
#1704=ORIENTED_EDGE('',*,*,#2448,.F.);
#1705=ORIENTED_EDGE('',*,*,#2659,.F.);
#1706=ORIENTED_EDGE('',*,*,#2660,.T.);
#1707=ORIENTED_EDGE('',*,*,#2657,.T.);
#1708=ORIENTED_EDGE('',*,*,#2447,.F.);
#1709=ORIENTED_EDGE('',*,*,#2661,.F.);
#1710=ORIENTED_EDGE('',*,*,#2662,.T.);
#1711=ORIENTED_EDGE('',*,*,#2659,.T.);
#1712=ORIENTED_EDGE('',*,*,#2446,.F.);
#1713=ORIENTED_EDGE('',*,*,#2663,.F.);
#1714=ORIENTED_EDGE('',*,*,#2664,.T.);
#1715=ORIENTED_EDGE('',*,*,#2661,.T.);
#1716=ORIENTED_EDGE('',*,*,#2445,.F.);
#1717=ORIENTED_EDGE('',*,*,#2665,.F.);
#1718=ORIENTED_EDGE('',*,*,#2666,.T.);
#1719=ORIENTED_EDGE('',*,*,#2663,.T.);
#1720=ORIENTED_EDGE('',*,*,#2444,.F.);
#1721=ORIENTED_EDGE('',*,*,#2667,.F.);
#1722=ORIENTED_EDGE('',*,*,#2668,.T.);
#1723=ORIENTED_EDGE('',*,*,#2665,.T.);
#1724=ORIENTED_EDGE('',*,*,#2443,.F.);
#1725=ORIENTED_EDGE('',*,*,#2669,.F.);
#1726=ORIENTED_EDGE('',*,*,#2670,.T.);
#1727=ORIENTED_EDGE('',*,*,#2667,.T.);
#1728=ORIENTED_EDGE('',*,*,#2442,.F.);
#1729=ORIENTED_EDGE('',*,*,#2671,.F.);
#1730=ORIENTED_EDGE('',*,*,#2672,.T.);
#1731=ORIENTED_EDGE('',*,*,#2669,.T.);
#1732=ORIENTED_EDGE('',*,*,#2441,.F.);
#1733=ORIENTED_EDGE('',*,*,#2673,.F.);
#1734=ORIENTED_EDGE('',*,*,#2674,.T.);
#1735=ORIENTED_EDGE('',*,*,#2671,.T.);
#1736=ORIENTED_EDGE('',*,*,#2440,.F.);
#1737=ORIENTED_EDGE('',*,*,#2675,.F.);
#1738=ORIENTED_EDGE('',*,*,#2676,.T.);
#1739=ORIENTED_EDGE('',*,*,#2673,.T.);
#1740=ORIENTED_EDGE('',*,*,#2439,.F.);
#1741=ORIENTED_EDGE('',*,*,#2677,.F.);
#1742=ORIENTED_EDGE('',*,*,#2678,.T.);
#1743=ORIENTED_EDGE('',*,*,#2675,.T.);
#1744=ORIENTED_EDGE('',*,*,#2438,.F.);
#1745=ORIENTED_EDGE('',*,*,#2679,.F.);
#1746=ORIENTED_EDGE('',*,*,#2680,.T.);
#1747=ORIENTED_EDGE('',*,*,#2677,.T.);
#1748=ORIENTED_EDGE('',*,*,#2437,.F.);
#1749=ORIENTED_EDGE('',*,*,#2681,.F.);
#1750=ORIENTED_EDGE('',*,*,#2682,.T.);
#1751=ORIENTED_EDGE('',*,*,#2679,.T.);
#1752=ORIENTED_EDGE('',*,*,#2436,.F.);
#1753=ORIENTED_EDGE('',*,*,#2683,.F.);
#1754=ORIENTED_EDGE('',*,*,#2684,.T.);
#1755=ORIENTED_EDGE('',*,*,#2681,.T.);
#1756=ORIENTED_EDGE('',*,*,#2435,.F.);
#1757=ORIENTED_EDGE('',*,*,#2685,.F.);
#1758=ORIENTED_EDGE('',*,*,#2686,.T.);
#1759=ORIENTED_EDGE('',*,*,#2683,.T.);
#1760=ORIENTED_EDGE('',*,*,#2434,.F.);
#1761=ORIENTED_EDGE('',*,*,#2687,.F.);
#1762=ORIENTED_EDGE('',*,*,#2688,.T.);
#1763=ORIENTED_EDGE('',*,*,#2685,.T.);
#1764=ORIENTED_EDGE('',*,*,#2433,.F.);
#1765=ORIENTED_EDGE('',*,*,#2689,.F.);
#1766=ORIENTED_EDGE('',*,*,#2690,.T.);
#1767=ORIENTED_EDGE('',*,*,#2687,.T.);
#1768=ORIENTED_EDGE('',*,*,#2432,.F.);
#1769=ORIENTED_EDGE('',*,*,#2691,.F.);
#1770=ORIENTED_EDGE('',*,*,#2692,.T.);
#1771=ORIENTED_EDGE('',*,*,#2689,.T.);
#1772=ORIENTED_EDGE('',*,*,#2431,.F.);
#1773=ORIENTED_EDGE('',*,*,#2693,.F.);
#1774=ORIENTED_EDGE('',*,*,#2694,.T.);
#1775=ORIENTED_EDGE('',*,*,#2691,.T.);
#1776=ORIENTED_EDGE('',*,*,#2430,.F.);
#1777=ORIENTED_EDGE('',*,*,#2695,.F.);
#1778=ORIENTED_EDGE('',*,*,#2696,.T.);
#1779=ORIENTED_EDGE('',*,*,#2693,.T.);
#1780=ORIENTED_EDGE('',*,*,#2429,.F.);
#1781=ORIENTED_EDGE('',*,*,#2697,.F.);
#1782=ORIENTED_EDGE('',*,*,#2698,.T.);
#1783=ORIENTED_EDGE('',*,*,#2695,.T.);
#1784=ORIENTED_EDGE('',*,*,#2428,.F.);
#1785=ORIENTED_EDGE('',*,*,#2699,.F.);
#1786=ORIENTED_EDGE('',*,*,#2700,.T.);
#1787=ORIENTED_EDGE('',*,*,#2697,.T.);
#1788=ORIENTED_EDGE('',*,*,#2427,.F.);
#1789=ORIENTED_EDGE('',*,*,#2701,.F.);
#1790=ORIENTED_EDGE('',*,*,#2702,.T.);
#1791=ORIENTED_EDGE('',*,*,#2699,.T.);
#1792=ORIENTED_EDGE('',*,*,#2426,.F.);
#1793=ORIENTED_EDGE('',*,*,#2703,.F.);
#1794=ORIENTED_EDGE('',*,*,#2704,.T.);
#1795=ORIENTED_EDGE('',*,*,#2701,.T.);
#1796=ORIENTED_EDGE('',*,*,#2425,.F.);
#1797=ORIENTED_EDGE('',*,*,#2130,.F.);
#1798=ORIENTED_EDGE('',*,*,#2705,.T.);
#1799=ORIENTED_EDGE('',*,*,#2703,.T.);
#1800=ORIENTED_EDGE('',*,*,#2134,.F.);
#1801=ORIENTED_EDGE('',*,*,#2050,.T.);
#1802=ORIENTED_EDGE('',*,*,#2067,.F.);
#1803=ORIENTED_EDGE('',*,*,#2097,.F.);
#1804=ORIENTED_EDGE('',*,*,#2094,.T.);
#1805=ORIENTED_EDGE('',*,*,#2091,.F.);
#1806=ORIENTED_EDGE('',*,*,#2088,.F.);
#1807=ORIENTED_EDGE('',*,*,#2085,.F.);
#1808=ORIENTED_EDGE('',*,*,#2082,.T.);
#1809=ORIENTED_EDGE('',*,*,#2079,.F.);
#1810=ORIENTED_EDGE('',*,*,#2076,.F.);
#1811=ORIENTED_EDGE('',*,*,#2073,.F.);
#1812=ORIENTED_EDGE('',*,*,#2126,.F.);
#1813=ORIENTED_EDGE('',*,*,#2123,.F.);
#1814=ORIENTED_EDGE('',*,*,#2120,.F.);
#1815=ORIENTED_EDGE('',*,*,#2117,.F.);
#1816=ORIENTED_EDGE('',*,*,#2114,.T.);
#1817=ORIENTED_EDGE('',*,*,#2111,.F.);
#1818=ORIENTED_EDGE('',*,*,#2108,.F.);
#1819=ORIENTED_EDGE('',*,*,#2105,.F.);
#1820=ORIENTED_EDGE('',*,*,#2102,.T.);
#1821=ORIENTED_EDGE('',*,*,#2099,.F.);
#1822=ORIENTED_EDGE('',*,*,#2069,.F.);
#1823=ORIENTED_EDGE('',*,*,#2058,.T.);
#1824=ORIENTED_EDGE('',*,*,#2137,.F.);
#1825=ORIENTED_EDGE('',*,*,#2142,.F.);
#1826=ORIENTED_EDGE('',*,*,#2658,.F.);
#1827=ORIENTED_EDGE('',*,*,#2660,.F.);
#1828=ORIENTED_EDGE('',*,*,#2662,.F.);
#1829=ORIENTED_EDGE('',*,*,#2664,.F.);
#1830=ORIENTED_EDGE('',*,*,#2666,.F.);
#1831=ORIENTED_EDGE('',*,*,#2668,.F.);
#1832=ORIENTED_EDGE('',*,*,#2670,.F.);
#1833=ORIENTED_EDGE('',*,*,#2672,.F.);
#1834=ORIENTED_EDGE('',*,*,#2674,.F.);
#1835=ORIENTED_EDGE('',*,*,#2676,.F.);
#1836=ORIENTED_EDGE('',*,*,#2678,.F.);
#1837=ORIENTED_EDGE('',*,*,#2680,.F.);
#1838=ORIENTED_EDGE('',*,*,#2682,.F.);
#1839=ORIENTED_EDGE('',*,*,#2684,.F.);
#1840=ORIENTED_EDGE('',*,*,#2686,.F.);
#1841=ORIENTED_EDGE('',*,*,#2688,.F.);
#1842=ORIENTED_EDGE('',*,*,#2690,.F.);
#1843=ORIENTED_EDGE('',*,*,#2692,.F.);
#1844=ORIENTED_EDGE('',*,*,#2694,.F.);
#1845=ORIENTED_EDGE('',*,*,#2696,.F.);
#1846=ORIENTED_EDGE('',*,*,#2698,.F.);
#1847=ORIENTED_EDGE('',*,*,#2700,.F.);
#1848=ORIENTED_EDGE('',*,*,#2702,.F.);
#1849=ORIENTED_EDGE('',*,*,#2704,.F.);
#1850=ORIENTED_EDGE('',*,*,#2705,.F.);
#1851=ORIENTED_EDGE('',*,*,#2129,.F.);
#1852=ORIENTED_EDGE('',*,*,#2706,.T.);
#1853=ORIENTED_EDGE('',*,*,#2391,.F.);
#1854=ORIENTED_EDGE('',*,*,#2707,.T.);
#1855=ORIENTED_EDGE('',*,*,#2706,.F.);
#1856=ORIENTED_EDGE('',*,*,#2707,.F.);
#1857=ORIENTED_EDGE('',*,*,#2708,.T.);
#1858=ORIENTED_EDGE('',*,*,#2390,.F.);
#1859=ORIENTED_EDGE('',*,*,#2709,.T.);
#1860=ORIENTED_EDGE('',*,*,#2708,.F.);
#1861=ORIENTED_EDGE('',*,*,#2709,.F.);
#1862=ORIENTED_EDGE('',*,*,#2710,.F.);
#1863=ORIENTED_EDGE('',*,*,#2711,.T.);
#1864=ORIENTED_EDGE('',*,*,#2712,.T.);
#1865=ORIENTED_EDGE('',*,*,#2713,.T.);
#1866=ORIENTED_EDGE('',*,*,#2714,.T.);
#1867=ORIENTED_EDGE('',*,*,#2715,.T.);
#1868=ORIENTED_EDGE('',*,*,#2716,.T.);
#1869=ORIENTED_EDGE('',*,*,#2717,.F.);
#1870=ORIENTED_EDGE('',*,*,#2710,.T.);
#1871=ORIENTED_EDGE('',*,*,#2718,.F.);
#1872=ORIENTED_EDGE('',*,*,#2717,.T.);
#1873=ORIENTED_EDGE('',*,*,#2719,.F.);
#1874=ORIENTED_EDGE('',*,*,#2718,.T.);
#1875=ORIENTED_EDGE('',*,*,#2720,.F.);
#1876=ORIENTED_EDGE('',*,*,#2719,.T.);
#1877=ORIENTED_EDGE('',*,*,#2721,.F.);
#1878=ORIENTED_EDGE('',*,*,#2720,.T.);
#1879=ORIENTED_EDGE('',*,*,#2721,.T.);
#1880=ORIENTED_EDGE('',*,*,#2715,.F.);
#1881=ORIENTED_EDGE('',*,*,#2722,.F.);
#1882=ORIENTED_EDGE('',*,*,#2723,.T.);
#1883=ORIENTED_EDGE('',*,*,#2724,.T.);
#1884=ORIENTED_EDGE('',*,*,#2725,.T.);
#1885=ORIENTED_EDGE('',*,*,#2716,.F.);
#1886=ORIENTED_EDGE('',*,*,#2725,.F.);
#1887=ORIENTED_EDGE('',*,*,#2726,.T.);
#1888=ORIENTED_EDGE('',*,*,#2727,.T.);
#1889=ORIENTED_EDGE('',*,*,#2728,.T.);
#1890=ORIENTED_EDGE('',*,*,#2711,.F.);
#1891=ORIENTED_EDGE('',*,*,#2728,.F.);
#1892=ORIENTED_EDGE('',*,*,#2729,.T.);
#1893=ORIENTED_EDGE('',*,*,#2730,.T.);
#1894=ORIENTED_EDGE('',*,*,#2731,.T.);
#1895=ORIENTED_EDGE('',*,*,#2712,.F.);
#1896=ORIENTED_EDGE('',*,*,#2731,.F.);
#1897=ORIENTED_EDGE('',*,*,#2732,.T.);
#1898=ORIENTED_EDGE('',*,*,#2733,.T.);
#1899=ORIENTED_EDGE('',*,*,#2734,.T.);
#1900=ORIENTED_EDGE('',*,*,#2713,.F.);
#1901=ORIENTED_EDGE('',*,*,#2734,.F.);
#1902=ORIENTED_EDGE('',*,*,#2735,.T.);
#1903=ORIENTED_EDGE('',*,*,#2736,.T.);
#1904=ORIENTED_EDGE('',*,*,#2737,.T.);
#1905=ORIENTED_EDGE('',*,*,#2714,.F.);
#1906=ORIENTED_EDGE('',*,*,#2737,.F.);
#1907=ORIENTED_EDGE('',*,*,#2738,.T.);
#1908=ORIENTED_EDGE('',*,*,#2739,.T.);
#1909=ORIENTED_EDGE('',*,*,#2722,.T.);
#1910=ORIENTED_EDGE('',*,*,#2740,.T.);
#1911=ORIENTED_EDGE('',*,*,#2735,.F.);
#1912=ORIENTED_EDGE('',*,*,#2733,.F.);
#1913=ORIENTED_EDGE('',*,*,#2736,.F.);
#1914=ORIENTED_EDGE('',*,*,#2741,.T.);
#1915=ORIENTED_EDGE('',*,*,#2738,.F.);
#1916=ORIENTED_EDGE('',*,*,#2742,.T.);
#1917=ORIENTED_EDGE('',*,*,#2723,.F.);
#1918=ORIENTED_EDGE('',*,*,#2739,.F.);
#1919=ORIENTED_EDGE('',*,*,#2743,.T.);
#1920=ORIENTED_EDGE('',*,*,#2726,.F.);
#1921=ORIENTED_EDGE('',*,*,#2724,.F.);
#1922=ORIENTED_EDGE('',*,*,#2744,.T.);
#1923=ORIENTED_EDGE('',*,*,#2729,.F.);
#1924=ORIENTED_EDGE('',*,*,#2727,.F.);
#1925=ORIENTED_EDGE('',*,*,#2745,.T.);
#1926=ORIENTED_EDGE('',*,*,#2732,.F.);
#1927=ORIENTED_EDGE('',*,*,#2730,.F.);
#1928=ORIENTED_EDGE('',*,*,#2741,.F.);
#1929=ORIENTED_EDGE('',*,*,#2740,.F.);
#1930=ORIENTED_EDGE('',*,*,#2745,.F.);
#1931=ORIENTED_EDGE('',*,*,#2744,.F.);
#1932=ORIENTED_EDGE('',*,*,#2743,.F.);
#1933=ORIENTED_EDGE('',*,*,#2742,.F.);
#1934=EDGE_CURVE('',#2746,#2747,#3307,.T.);
#1935=EDGE_CURVE('',#2748,#2747,#3308,.T.);
#1936=EDGE_CURVE('',#2749,#2748,#3309,.T.);
#1937=EDGE_CURVE('',#2749,#2746,#3310,.T.);
#1938=EDGE_CURVE('',#2747,#2750,#3311,.T.);
#1939=EDGE_CURVE('',#2751,#2750,#3312,.T.);
#1940=EDGE_CURVE('',#2748,#2751,#3313,.T.);
#1941=EDGE_CURVE('',#2750,#2752,#3314,.T.);
#1942=EDGE_CURVE('',#2753,#2752,#3315,.T.);
#1943=EDGE_CURVE('',#2751,#2753,#3316,.T.);
#1944=EDGE_CURVE('',#2754,#2752,#90,.T.);
#1945=EDGE_CURVE('',#2755,#2754,#3317,.T.);
#1946=EDGE_CURVE('',#2755,#2753,#91,.T.);
#1947=EDGE_CURVE('',#2754,#2756,#3318,.T.);
#1948=EDGE_CURVE('',#2757,#2756,#3319,.T.);
#1949=EDGE_CURVE('',#2755,#2757,#3320,.T.);
#1950=EDGE_CURVE('',#2756,#2758,#3321,.T.);
#1951=EDGE_CURVE('',#2759,#2758,#3322,.T.);
#1952=EDGE_CURVE('',#2757,#2759,#3323,.T.);
#1953=EDGE_CURVE('',#2758,#2760,#3324,.T.);
#1954=EDGE_CURVE('',#2761,#2760,#3325,.T.);
#1955=EDGE_CURVE('',#2759,#2761,#3326,.T.);
#1956=EDGE_CURVE('',#2762,#2760,#92,.T.);
#1957=EDGE_CURVE('',#2763,#2762,#3327,.T.);
#1958=EDGE_CURVE('',#2763,#2761,#93,.T.);
#1959=EDGE_CURVE('',#2762,#2764,#3328,.T.);
#1960=EDGE_CURVE('',#2765,#2764,#3329,.T.);
#1961=EDGE_CURVE('',#2763,#2765,#3330,.T.);
#1962=EDGE_CURVE('',#2764,#2766,#3331,.T.);
#1963=EDGE_CURVE('',#2767,#2766,#3332,.T.);
#1964=EDGE_CURVE('',#2765,#2767,#3333,.T.);
#1965=EDGE_CURVE('',#2766,#2768,#3334,.T.);
#1966=EDGE_CURVE('',#2769,#2768,#3335,.T.);
#1967=EDGE_CURVE('',#2767,#2769,#3336,.T.);
#1968=EDGE_CURVE('',#2770,#2770,#94,.T.);
#1969=EDGE_CURVE('',#2771,#2771,#95,.T.);
#1970=EDGE_CURVE('',#2772,#2772,#96,.T.);
#1971=EDGE_CURVE('',#2773,#2773,#97,.T.);
#1972=EDGE_CURVE('',#2774,#2774,#98,.T.);
#1973=EDGE_CURVE('',#2775,#2775,#99,.T.);
#1974=EDGE_CURVE('',#2776,#2776,#100,.T.);
#1975=EDGE_CURVE('',#2777,#2777,#101,.T.);
#1976=EDGE_CURVE('',#2778,#2778,#102,.T.);
#1977=EDGE_CURVE('',#2779,#2779,#103,.T.);
#1978=EDGE_CURVE('',#2780,#2780,#104,.T.);
#1979=EDGE_CURVE('',#2768,#2781,#3337,.T.);
#1980=EDGE_CURVE('',#2782,#2781,#3338,.T.);
#1981=EDGE_CURVE('',#2769,#2782,#3339,.T.);
#1982=EDGE_CURVE('',#2781,#2783,#3340,.T.);
#1983=EDGE_CURVE('',#2784,#2783,#3341,.T.);
#1984=EDGE_CURVE('',#2782,#2784,#3342,.T.);
#1985=EDGE_CURVE('',#2783,#2785,#3343,.T.);
#1986=EDGE_CURVE('',#2786,#2785,#3344,.T.);
#1987=EDGE_CURVE('',#2784,#2786,#3345,.T.);
#1988=EDGE_CURVE('',#2785,#2787,#3346,.T.);
#1989=EDGE_CURVE('',#2788,#2787,#3347,.T.);
#1990=EDGE_CURVE('',#2786,#2788,#3348,.T.);
#1991=EDGE_CURVE('',#2789,#2787,#105,.T.);
#1992=EDGE_CURVE('',#2790,#2789,#3349,.T.);
#1993=EDGE_CURVE('',#2790,#2788,#106,.T.);
#1994=EDGE_CURVE('',#2789,#2791,#3350,.T.);
#1995=EDGE_CURVE('',#2792,#2791,#3351,.T.);
#1996=EDGE_CURVE('',#2790,#2792,#3352,.T.);
#1997=EDGE_CURVE('',#2791,#2793,#3353,.T.);
#1998=EDGE_CURVE('',#2794,#2793,#3354,.T.);
#1999=EDGE_CURVE('',#2792,#2794,#3355,.T.);
#2000=EDGE_CURVE('',#2793,#2795,#3356,.T.);
#2001=EDGE_CURVE('',#2796,#2795,#3357,.T.);
#2002=EDGE_CURVE('',#2794,#2796,#3358,.T.);
#2003=EDGE_CURVE('',#2797,#2795,#107,.T.);
#2004=EDGE_CURVE('',#2798,#2797,#3359,.T.);
#2005=EDGE_CURVE('',#2798,#2796,#108,.T.);
#2006=EDGE_CURVE('',#2797,#2799,#3360,.T.);
#2007=EDGE_CURVE('',#2800,#2799,#3361,.T.);
#2008=EDGE_CURVE('',#2798,#2800,#3362,.T.);
#2009=EDGE_CURVE('',#2799,#2801,#3363,.T.);
#2010=EDGE_CURVE('',#2802,#2801,#3364,.T.);
#2011=EDGE_CURVE('',#2800,#2802,#3365,.T.);
#2012=EDGE_CURVE('',#2801,#2803,#3366,.T.);
#2013=EDGE_CURVE('',#2804,#2803,#3367,.T.);
#2014=EDGE_CURVE('',#2802,#2804,#3368,.T.);
#2015=EDGE_CURVE('',#2805,#2805,#109,.T.);
#2016=EDGE_CURVE('',#2806,#2806,#110,.T.);
#2017=EDGE_CURVE('',#2807,#2807,#111,.T.);
#2018=EDGE_CURVE('',#2808,#2808,#112,.T.);
#2019=EDGE_CURVE('',#2809,#2809,#113,.T.);
#2020=EDGE_CURVE('',#2810,#2810,#114,.T.);
#2021=EDGE_CURVE('',#2811,#2811,#115,.T.);
#2022=EDGE_CURVE('',#2812,#2812,#116,.T.);
#2023=EDGE_CURVE('',#2813,#2813,#117,.T.);
#2024=EDGE_CURVE('',#2814,#2814,#118,.T.);
#2025=EDGE_CURVE('',#2815,#2815,#119,.T.);
#2026=EDGE_CURVE('',#2803,#2746,#3369,.T.);
#2027=EDGE_CURVE('',#2804,#2749,#3370,.T.);
#2028=EDGE_CURVE('',#2816,#2816,#120,.T.);
#2029=EDGE_CURVE('',#2817,#2817,#121,.T.);
#2030=EDGE_CURVE('',#2818,#2818,#122,.T.);
#2031=EDGE_CURVE('',#2819,#2819,#123,.T.);
#2032=EDGE_CURVE('',#2820,#2820,#124,.T.);
#2033=EDGE_CURVE('',#2821,#2821,#125,.T.);
#2034=EDGE_CURVE('',#2822,#2822,#126,.T.);
#2035=EDGE_CURVE('',#2823,#2823,#127,.T.);
#2036=EDGE_CURVE('',#2824,#2824,#128,.T.);
#2037=EDGE_CURVE('',#2825,#2825,#129,.T.);
#2038=EDGE_CURVE('',#2826,#2826,#130,.T.);
#2039=EDGE_CURVE('',#2827,#2827,#131,.T.);
#2040=EDGE_CURVE('',#2828,#2828,#132,.T.);
#2041=EDGE_CURVE('',#2829,#2829,#133,.T.);
#2042=EDGE_CURVE('',#2830,#2830,#134,.T.);
#2043=EDGE_CURVE('',#2831,#2831,#135,.T.);
#2044=EDGE_CURVE('',#2832,#2832,#136,.T.);
#2045=EDGE_CURVE('',#2833,#2833,#137,.T.);
#2046=EDGE_CURVE('',#2834,#2834,#138,.T.);
#2047=EDGE_CURVE('',#2835,#2835,#139,.T.);
#2048=EDGE_CURVE('',#2836,#2836,#140,.T.);
#2049=EDGE_CURVE('',#2837,#2837,#141,.T.);
#2050=EDGE_CURVE('',#2838,#2839,#3371,.T.);
#2051=EDGE_CURVE('',#2840,#2838,#3372,.T.);
#2052=EDGE_CURVE('',#2840,#2841,#3373,.T.);
#2053=EDGE_CURVE('',#2841,#2842,#3374,.T.);
#2054=EDGE_CURVE('',#2842,#2843,#3375,.T.);
#2055=EDGE_CURVE('',#2843,#2844,#3376,.T.);
#2056=EDGE_CURVE('',#2844,#2845,#3377,.T.);
#2057=EDGE_CURVE('',#2839,#2845,#3378,.T.);
#2058=EDGE_CURVE('',#2846,#2847,#3379,.T.);
#2059=EDGE_CURVE('',#2848,#2846,#3380,.T.);
#2060=EDGE_CURVE('',#2848,#2849,#3381,.T.);
#2061=EDGE_CURVE('',#2850,#2849,#3382,.T.);
#2062=EDGE_CURVE('',#2850,#2851,#3383,.T.);
#2063=EDGE_CURVE('',#2852,#2851,#3384,.T.);
#2064=EDGE_CURVE('',#2852,#2853,#3385,.T.);
#2065=EDGE_CURVE('',#2853,#2847,#3386,.T.);
#2066=EDGE_CURVE('',#2854,#2855,#3387,.T.);
#2067=EDGE_CURVE('',#2854,#2839,#3388,.T.);
#2068=EDGE_CURVE('',#2855,#2845,#3389,.T.);
#2069=EDGE_CURVE('',#2846,#2856,#3390,.T.);
#2070=EDGE_CURVE('',#2856,#2857,#3391,.T.);
#2071=EDGE_CURVE('',#2848,#2857,#3392,.T.);
#2072=EDGE_CURVE('',#2858,#2859,#3393,.T.);
#2073=EDGE_CURVE('',#2858,#2860,#3394,.T.);
#2074=EDGE_CURVE('',#2860,#2861,#3395,.T.);
#2075=EDGE_CURVE('',#2859,#2861,#3396,.T.);
#2076=EDGE_CURVE('',#2860,#2862,#3397,.T.);
#2077=EDGE_CURVE('',#2862,#2863,#3398,.T.);
#2078=EDGE_CURVE('',#2861,#2863,#3399,.T.);
#2079=EDGE_CURVE('',#2862,#2864,#3400,.T.);
#2080=EDGE_CURVE('',#2864,#2865,#3401,.T.);
#2081=EDGE_CURVE('',#2863,#2865,#3402,.T.);
#2082=EDGE_CURVE('',#2866,#2864,#142,.T.);
#2083=EDGE_CURVE('',#2866,#2867,#3403,.T.);
#2084=EDGE_CURVE('',#2867,#2865,#143,.T.);
#2085=EDGE_CURVE('',#2866,#2868,#3404,.T.);
#2086=EDGE_CURVE('',#2868,#2869,#3405,.T.);
#2087=EDGE_CURVE('',#2867,#2869,#3406,.T.);
#2088=EDGE_CURVE('',#2868,#2870,#3407,.T.);
#2089=EDGE_CURVE('',#2870,#2871,#3408,.T.);
#2090=EDGE_CURVE('',#2869,#2871,#3409,.T.);
#2091=EDGE_CURVE('',#2870,#2872,#3410,.T.);
#2092=EDGE_CURVE('',#2872,#2873,#3411,.T.);
#2093=EDGE_CURVE('',#2871,#2873,#3412,.T.);
#2094=EDGE_CURVE('',#2874,#2872,#144,.T.);
#2095=EDGE_CURVE('',#2874,#2875,#3413,.T.);
#2096=EDGE_CURVE('',#2875,#2873,#145,.T.);
#2097=EDGE_CURVE('',#2874,#2854,#3414,.T.);
#2098=EDGE_CURVE('',#2875,#2855,#3415,.T.);
#2099=EDGE_CURVE('',#2856,#2876,#3416,.T.);
#2100=EDGE_CURVE('',#2876,#2877,#3417,.T.);
#2101=EDGE_CURVE('',#2857,#2877,#3418,.T.);
#2102=EDGE_CURVE('',#2878,#2876,#146,.T.);
#2103=EDGE_CURVE('',#2878,#2879,#3419,.T.);
#2104=EDGE_CURVE('',#2879,#2877,#147,.T.);
#2105=EDGE_CURVE('',#2878,#2880,#3420,.T.);
#2106=EDGE_CURVE('',#2880,#2881,#3421,.T.);
#2107=EDGE_CURVE('',#2879,#2881,#3422,.T.);
#2108=EDGE_CURVE('',#2880,#2882,#3423,.T.);
#2109=EDGE_CURVE('',#2882,#2883,#3424,.T.);
#2110=EDGE_CURVE('',#2881,#2883,#3425,.T.);
#2111=EDGE_CURVE('',#2882,#2884,#3426,.T.);
#2112=EDGE_CURVE('',#2884,#2885,#3427,.T.);
#2113=EDGE_CURVE('',#2883,#2885,#3428,.T.);
#2114=EDGE_CURVE('',#2886,#2884,#148,.T.);
#2115=EDGE_CURVE('',#2886,#2887,#3429,.T.);
#2116=EDGE_CURVE('',#2887,#2885,#149,.T.);
#2117=EDGE_CURVE('',#2886,#2888,#3430,.T.);
#2118=EDGE_CURVE('',#2888,#2889,#3431,.T.);
#2119=EDGE_CURVE('',#2887,#2889,#3432,.T.);
#2120=EDGE_CURVE('',#2888,#2890,#3433,.T.);
#2121=EDGE_CURVE('',#2890,#2891,#3434,.T.);
#2122=EDGE_CURVE('',#2889,#2891,#3435,.T.);
#2123=EDGE_CURVE('',#2890,#2892,#3436,.T.);
#2124=EDGE_CURVE('',#2892,#2893,#3437,.T.);
#2125=EDGE_CURVE('',#2891,#2893,#3438,.T.);
#2126=EDGE_CURVE('',#2892,#2858,#3439,.T.);
#2127=EDGE_CURVE('',#2893,#2859,#3440,.T.);
#2128=EDGE_CURVE('',#2894,#2895,#3441,.T.);
#2129=EDGE_CURVE('',#2895,#2896,#3442,.T.);
#2130=EDGE_CURVE('',#2896,#2897,#3443,.T.);
#2131=EDGE_CURVE('',#2898,#2897,#3444,.T.);
#2132=EDGE_CURVE('',#2899,#2898,#3445,.T.);
#2133=EDGE_CURVE('',#2894,#2899,#3446,.T.);
#2134=EDGE_CURVE('',#2838,#2895,#3447,.T.);
#2135=EDGE_CURVE('',#2840,#2894,#3448,.T.);
#2136=EDGE_CURVE('',#2900,#2901,#3449,.T.);
#2137=EDGE_CURVE('',#2901,#2847,#3450,.T.);
#2138=EDGE_CURVE('',#2900,#2853,#3451,.T.);
#2139=EDGE_CURVE('',#2902,#2903,#3452,.T.);
#2140=EDGE_CURVE('',#2904,#2903,#3453,.T.);
#2141=EDGE_CURVE('',#2905,#2904,#3454,.T.);
#2142=EDGE_CURVE('',#2905,#2901,#3455,.T.);
#2143=EDGE_CURVE('',#2902,#2900,#3456,.T.);
#2144=EDGE_CURVE('',#2906,#2907,#3457,.T.);
#2145=EDGE_CURVE('',#2907,#2908,#3458,.T.);
#2146=EDGE_CURVE('',#2909,#2908,#3459,.T.);
#2147=EDGE_CURVE('',#2906,#2909,#3460,.T.);
#2148=EDGE_CURVE('',#2910,#2911,#3461,.T.);
#2149=EDGE_CURVE('',#2910,#2912,#3462,.T.);
#2150=EDGE_CURVE('',#2913,#2912,#3463,.T.);
#2151=EDGE_CURVE('',#2911,#2913,#3464,.T.);
#2152=EDGE_CURVE('',#2914,#2915,#3465,.T.);
#2153=EDGE_CURVE('',#2915,#2916,#3466,.T.);
#2154=EDGE_CURVE('',#2917,#2916,#3467,.T.);
#2155=EDGE_CURVE('',#2918,#2917,#3468,.T.);
#2156=EDGE_CURVE('',#2919,#2918,#3469,.T.);
#2157=EDGE_CURVE('',#2920,#2919,#3470,.T.);
#2158=EDGE_CURVE('',#2921,#2920,#3471,.T.);
#2159=EDGE_CURVE('',#2914,#2921,#3472,.T.);
#2160=EDGE_CURVE('',#2922,#2908,#3473,.T.);
#2161=EDGE_CURVE('',#2923,#2922,#3474,.T.);
#2162=EDGE_CURVE('',#2923,#2909,#3475,.T.);
#2163=EDGE_CURVE('',#2910,#2924,#3476,.T.);
#2164=EDGE_CURVE('',#2911,#2925,#3477,.T.);
#2165=EDGE_CURVE('',#2925,#2924,#3478,.T.);
#2166=EDGE_CURVE('',#2926,#2927,#3479,.T.);
#2167=EDGE_CURVE('',#2928,#2926,#3480,.T.);
#2168=EDGE_CURVE('',#2928,#2929,#3481,.T.);
#2169=EDGE_CURVE('',#2929,#2927,#3482,.T.);
#2170=EDGE_CURVE('',#2927,#2930,#3483,.T.);
#2171=EDGE_CURVE('',#2929,#2931,#3484,.T.);
#2172=EDGE_CURVE('',#2931,#2930,#3485,.T.);
#2173=EDGE_CURVE('',#2930,#2932,#3486,.T.);
#2174=EDGE_CURVE('',#2931,#2933,#3487,.T.);
#2175=EDGE_CURVE('',#2933,#2932,#3488,.T.);
#2176=EDGE_CURVE('',#2934,#2935,#3489,.T.);
#2177=EDGE_CURVE('',#2935,#2932,#150,.T.);
#2178=EDGE_CURVE('',#2934,#2933,#151,.T.);
#2179=EDGE_CURVE('',#2935,#2936,#3490,.T.);
#2180=EDGE_CURVE('',#2934,#2937,#3491,.T.);
#2181=EDGE_CURVE('',#2937,#2936,#3492,.T.);
#2182=EDGE_CURVE('',#2936,#2938,#3493,.T.);
#2183=EDGE_CURVE('',#2937,#2939,#3494,.T.);
#2184=EDGE_CURVE('',#2939,#2938,#3495,.T.);
#2185=EDGE_CURVE('',#2938,#2940,#3496,.T.);
#2186=EDGE_CURVE('',#2939,#2941,#3497,.T.);
#2187=EDGE_CURVE('',#2941,#2940,#3498,.T.);
#2188=EDGE_CURVE('',#2942,#2943,#3499,.T.);
#2189=EDGE_CURVE('',#2943,#2940,#152,.T.);
#2190=EDGE_CURVE('',#2942,#2941,#153,.T.);
#2191=EDGE_CURVE('',#2943,#2922,#3500,.T.);
#2192=EDGE_CURVE('',#2942,#2923,#3501,.T.);
#2193=EDGE_CURVE('',#2924,#2944,#3502,.T.);
#2194=EDGE_CURVE('',#2925,#2945,#3503,.T.);
#2195=EDGE_CURVE('',#2945,#2944,#3504,.T.);
#2196=EDGE_CURVE('',#2946,#2947,#3505,.T.);
#2197=EDGE_CURVE('',#2947,#2944,#154,.T.);
#2198=EDGE_CURVE('',#2946,#2945,#155,.T.);
#2199=EDGE_CURVE('',#2947,#2948,#3506,.T.);
#2200=EDGE_CURVE('',#2946,#2949,#3507,.T.);
#2201=EDGE_CURVE('',#2949,#2948,#3508,.T.);
#2202=EDGE_CURVE('',#2948,#2950,#3509,.T.);
#2203=EDGE_CURVE('',#2949,#2951,#3510,.T.);
#2204=EDGE_CURVE('',#2951,#2950,#3511,.T.);
#2205=EDGE_CURVE('',#2950,#2952,#3512,.T.);
#2206=EDGE_CURVE('',#2951,#2953,#3513,.T.);
#2207=EDGE_CURVE('',#2953,#2952,#3514,.T.);
#2208=EDGE_CURVE('',#2954,#2955,#3515,.T.);
#2209=EDGE_CURVE('',#2955,#2952,#156,.T.);
#2210=EDGE_CURVE('',#2954,#2953,#157,.T.);
#2211=EDGE_CURVE('',#2955,#2956,#3516,.T.);
#2212=EDGE_CURVE('',#2954,#2957,#3517,.T.);
#2213=EDGE_CURVE('',#2957,#2956,#3518,.T.);
#2214=EDGE_CURVE('',#2956,#2958,#3519,.T.);
#2215=EDGE_CURVE('',#2957,#2959,#3520,.T.);
#2216=EDGE_CURVE('',#2959,#2958,#3521,.T.);
#2217=EDGE_CURVE('',#2958,#2960,#3522,.T.);
#2218=EDGE_CURVE('',#2959,#2961,#3523,.T.);
#2219=EDGE_CURVE('',#2961,#2960,#3524,.T.);
#2220=EDGE_CURVE('',#2960,#2926,#3525,.T.);
#2221=EDGE_CURVE('',#2961,#2928,#3526,.T.);
#2222=EDGE_CURVE('',#2962,#2963,#3527,.T.);
#2223=EDGE_CURVE('',#2962,#2964,#3528,.T.);
#2224=EDGE_CURVE('',#2965,#2964,#3529,.T.);
#2225=EDGE_CURVE('',#2966,#2965,#3530,.T.);
#2226=EDGE_CURVE('',#2966,#2967,#3531,.T.);
#2227=EDGE_CURVE('',#2968,#2967,#3532,.T.);
#2228=EDGE_CURVE('',#2968,#2969,#3533,.T.);
#2229=EDGE_CURVE('',#2963,#2969,#3534,.T.);
#2230=EDGE_CURVE('',#2917,#2970,#3535,.T.);
#2231=EDGE_CURVE('',#2970,#2971,#3536,.T.);
#2232=EDGE_CURVE('',#2972,#2971,#158,.F.);
#2233=EDGE_CURVE('',#2972,#2973,#3537,.T.);
#2234=EDGE_CURVE('',#2973,#2974,#3538,.T.);
#2235=EDGE_CURVE('',#2974,#2975,#3539,.T.);
#2236=EDGE_CURVE('',#2976,#2975,#159,.F.);
#2237=EDGE_CURVE('',#2976,#2977,#3540,.T.);
#2238=EDGE_CURVE('',#2977,#2978,#3541,.T.);
#2239=EDGE_CURVE('',#2978,#2979,#3542,.T.);
#2240=EDGE_CURVE('',#2979,#2980,#3543,.T.);
#2241=EDGE_CURVE('',#2980,#2981,#3544,.T.);
#2242=EDGE_CURVE('',#2981,#2982,#3545,.T.);
#2243=EDGE_CURVE('',#2982,#2983,#3546,.T.);
#2244=EDGE_CURVE('',#2984,#2983,#160,.F.);
#2245=EDGE_CURVE('',#2984,#2985,#3547,.T.);
#2246=EDGE_CURVE('',#2985,#2986,#3548,.T.);
#2247=EDGE_CURVE('',#2986,#2987,#3549,.T.);
#2248=EDGE_CURVE('',#2988,#2987,#161,.F.);
#2249=EDGE_CURVE('',#2988,#2989,#3550,.T.);
#2250=EDGE_CURVE('',#2989,#2963,#3551,.T.);
#2251=EDGE_CURVE('',#2990,#2969,#3552,.T.);
#2252=EDGE_CURVE('',#2990,#2991,#162,.T.);
#2253=EDGE_CURVE('',#2992,#2991,#3553,.T.);
#2254=EDGE_CURVE('',#2992,#2993,#163,.T.);
#2255=EDGE_CURVE('',#2994,#2993,#3554,.T.);
#2256=EDGE_CURVE('',#2994,#2995,#164,.T.);
#2257=EDGE_CURVE('',#2996,#2995,#3555,.T.);
#2258=EDGE_CURVE('',#2996,#2997,#165,.T.);
#2259=EDGE_CURVE('',#2998,#2997,#3556,.T.);
#2260=EDGE_CURVE('',#2998,#2999,#166,.T.);
#2261=EDGE_CURVE('',#3000,#2999,#3557,.T.);
#2262=EDGE_CURVE('',#3000,#3001,#167,.T.);
#2263=EDGE_CURVE('',#2918,#3001,#3558,.T.);
#2264=EDGE_CURVE('',#3002,#3003,#3559,.T.);
#2265=EDGE_CURVE('',#3002,#3004,#168,.T.);
#2266=EDGE_CURVE('',#3004,#3005,#3560,.T.);
#2267=EDGE_CURVE('',#3003,#3005,#169,.T.);
#2268=EDGE_CURVE('',#3006,#3007,#3561,.T.);
#2269=EDGE_CURVE('',#3006,#3008,#170,.T.);
#2270=EDGE_CURVE('',#3008,#3009,#3562,.T.);
#2271=EDGE_CURVE('',#3007,#3009,#171,.T.);
#2272=EDGE_CURVE('',#3010,#3011,#3563,.T.);
#2273=EDGE_CURVE('',#3012,#3010,#3564,.T.);
#2274=EDGE_CURVE('',#3013,#3012,#3565,.T.);
#2275=EDGE_CURVE('',#3014,#3013,#3566,.T.);
#2276=EDGE_CURVE('',#2966,#3014,#3567,.T.);
#2277=EDGE_CURVE('',#2965,#3015,#3568,.T.);
#2278=EDGE_CURVE('',#3015,#3016,#3569,.T.);
#2279=EDGE_CURVE('',#3016,#3017,#3570,.T.);
#2280=EDGE_CURVE('',#3017,#3018,#3571,.T.);
#2281=EDGE_CURVE('',#3018,#3019,#3572,.T.);
#2282=EDGE_CURVE('',#3019,#3020,#3573,.T.);
#2283=EDGE_CURVE('',#3020,#2914,#3574,.T.);
#2284=EDGE_CURVE('',#3021,#2921,#3575,.T.);
#2285=EDGE_CURVE('',#3022,#3021,#3576,.T.);
#2286=EDGE_CURVE('',#3023,#3022,#3577,.T.);
#2287=EDGE_CURVE('',#3024,#3023,#3578,.T.);
#2288=EDGE_CURVE('',#3025,#3024,#3579,.T.);
#2289=EDGE_CURVE('',#3026,#3025,#3580,.T.);
#2290=EDGE_CURVE('',#3027,#3026,#3581,.T.);
#2291=EDGE_CURVE('',#3028,#3027,#3582,.T.);
#2292=EDGE_CURVE('',#3029,#3028,#3583,.T.);
#2293=EDGE_CURVE('',#3011,#3029,#3584,.T.);
#2294=EDGE_CURVE('',#3030,#3031,#3585,.T.);
#2295=EDGE_CURVE('',#3030,#3010,#3586,.T.);
#2296=EDGE_CURVE('',#3011,#3032,#3587,.T.);
#2297=EDGE_CURVE('',#3032,#3033,#3588,.T.);
#2298=EDGE_CURVE('',#3031,#3033,#3589,.T.);
#2299=EDGE_CURVE('',#3034,#3012,#3590,.T.);
#2300=EDGE_CURVE('',#3035,#3034,#3591,.T.);
#2301=EDGE_CURVE('',#3035,#3036,#3592,.T.);
#2302=EDGE_CURVE('',#3036,#3037,#3593,.T.);
#2303=EDGE_CURVE('',#3013,#3037,#3594,.T.);
#2304=EDGE_CURVE('',#3038,#3039,#3595,.T.);
#2305=EDGE_CURVE('',#3038,#3023,#3596,.T.);
#2306=EDGE_CURVE('',#3022,#3040,#3597,.T.);
#2307=EDGE_CURVE('',#3040,#3041,#3598,.T.);
#2308=EDGE_CURVE('',#3039,#3041,#3599,.T.);
#2309=EDGE_CURVE('',#3042,#3024,#3600,.T.);
#2310=EDGE_CURVE('',#3043,#3042,#3601,.T.);
#2311=EDGE_CURVE('',#3043,#3044,#3602,.T.);
#2312=EDGE_CURVE('',#3044,#3045,#3603,.T.);
#2313=EDGE_CURVE('',#3025,#3045,#3604,.T.);
#2314=EDGE_CURVE('',#2844,#3046,#3605,.T.);
#2315=EDGE_CURVE('',#3047,#3046,#172,.T.);
#2316=EDGE_CURVE('',#3047,#3048,#3606,.T.);
#2317=EDGE_CURVE('',#3049,#3048,#173,.T.);
#2318=EDGE_CURVE('',#3049,#3050,#3607,.T.);
#2319=EDGE_CURVE('',#3051,#3050,#174,.T.);
#2320=EDGE_CURVE('',#3051,#3052,#3608,.T.);
#2321=EDGE_CURVE('',#3053,#3052,#175,.T.);
#2322=EDGE_CURVE('',#3053,#3054,#3609,.T.);
#2323=EDGE_CURVE('',#3055,#3054,#176,.T.);
#2324=EDGE_CURVE('',#3055,#3056,#3610,.T.);
#2325=EDGE_CURVE('',#3057,#3056,#177,.T.);
#2326=EDGE_CURVE('',#3057,#2849,#3611,.T.);
#2327=EDGE_CURVE('',#3045,#3058,#3612,.T.);
#2328=EDGE_CURVE('',#3026,#3058,#3613,.T.);
#2329=EDGE_CURVE('',#3058,#3059,#3614,.T.);
#2330=EDGE_CURVE('',#3027,#3059,#3615,.T.);
#2331=EDGE_CURVE('',#3059,#3060,#3616,.T.);
#2332=EDGE_CURVE('',#3028,#3060,#3617,.T.);
#2333=EDGE_CURVE('',#3060,#3061,#3618,.T.);
#2334=EDGE_CURVE('',#3029,#3061,#3619,.T.);
#2335=EDGE_CURVE('',#3061,#3032,#3620,.T.);
#2336=EDGE_CURVE('',#3031,#3035,#178,.T.);
#2337=EDGE_CURVE('',#3036,#3033,#179,.F.);
#2338=EDGE_CURVE('',#3037,#3062,#3621,.T.);
#2339=EDGE_CURVE('',#3014,#3062,#3622,.T.);
#2340=EDGE_CURVE('',#3062,#2967,#3623,.T.);
#2341=EDGE_CURVE('',#2920,#3063,#3624,.T.);
#2342=EDGE_CURVE('',#3021,#3063,#3625,.T.);
#2343=EDGE_CURVE('',#3063,#3040,#3626,.T.);
#2344=EDGE_CURVE('',#3039,#3043,#180,.T.);
#2345=EDGE_CURVE('',#3044,#3041,#181,.F.);
#2346=EDGE_CURVE('',#3018,#3064,#3627,.T.);
#2347=EDGE_CURVE('',#3064,#3065,#3628,.T.);
#2348=EDGE_CURVE('',#3019,#3065,#3629,.T.);
#2349=EDGE_CURVE('',#3065,#3066,#3630,.T.);
#2350=EDGE_CURVE('',#3067,#3066,#3631,.T.);
#2351=EDGE_CURVE('',#3067,#3068,#3632,.T.);
#2352=EDGE_CURVE('',#3020,#3068,#3633,.T.);
#2353=EDGE_CURVE('',#3068,#2915,#3634,.T.);
#2354=EDGE_CURVE('',#2964,#3069,#3635,.T.);
#2355=EDGE_CURVE('',#3015,#3069,#3636,.T.);
#2356=EDGE_CURVE('',#3069,#3070,#3637,.T.);
#2357=EDGE_CURVE('',#3070,#3071,#3638,.T.);
#2358=EDGE_CURVE('',#3071,#3072,#3639,.T.);
#2359=EDGE_CURVE('',#3016,#3072,#3640,.T.);
#2360=EDGE_CURVE('',#3072,#3073,#3641,.T.);
#2361=EDGE_CURVE('',#3017,#3073,#3642,.T.);
#2362=EDGE_CURVE('',#3073,#3064,#3643,.T.);
#2363=EDGE_CURVE('',#3074,#3075,#3644,.T.);
#2364=EDGE_CURVE('',#3076,#3075,#3645,.T.);
#2365=EDGE_CURVE('',#3077,#3076,#3646,.T.);
#2366=EDGE_CURVE('',#3077,#3074,#3647,.T.);
#2367=EDGE_CURVE('',#3075,#3078,#3648,.T.);
#2368=EDGE_CURVE('',#3079,#3078,#3649,.T.);
#2369=EDGE_CURVE('',#3076,#3079,#3650,.T.);
#2370=EDGE_CURVE('',#3078,#3080,#3651,.T.);
#2371=EDGE_CURVE('',#3081,#3080,#3652,.T.);
#2372=EDGE_CURVE('',#3079,#3081,#3653,.T.);
#2373=EDGE_CURVE('',#3080,#2907,#3654,.T.);
#2374=EDGE_CURVE('',#3081,#2906,#3655,.T.);
#2375=EDGE_CURVE('',#2912,#3082,#3656,.T.);
#2376=EDGE_CURVE('',#3083,#3082,#3657,.T.);
#2377=EDGE_CURVE('',#2913,#3083,#3658,.T.);
#2378=EDGE_CURVE('',#3082,#3084,#3659,.T.);
#2379=EDGE_CURVE('',#3085,#3084,#3660,.T.);
#2380=EDGE_CURVE('',#3083,#3085,#3661,.T.);
#2381=EDGE_CURVE('',#3084,#3086,#3662,.T.);
#2382=EDGE_CURVE('',#3087,#3086,#3663,.T.);
#2383=EDGE_CURVE('',#3085,#3087,#3664,.T.);
#2384=EDGE_CURVE('',#3086,#3088,#3665,.T.);
#2385=EDGE_CURVE('',#3089,#3088,#3666,.T.);
#2386=EDGE_CURVE('',#3087,#3089,#3667,.T.);
#2387=EDGE_CURVE('',#3088,#3090,#3668,.T.);
#2388=EDGE_CURVE('',#3091,#3090,#3669,.T.);
#2389=EDGE_CURVE('',#3089,#3091,#3670,.T.);
#2390=EDGE_CURVE('',#3092,#3092,#182,.T.);
#2391=EDGE_CURVE('',#3093,#3093,#183,.T.);
#2392=EDGE_CURVE('',#3090,#3094,#3671,.T.);
#2393=EDGE_CURVE('',#3095,#3094,#3672,.T.);
#2394=EDGE_CURVE('',#3091,#3095,#3673,.T.);
#2395=EDGE_CURVE('',#3094,#3074,#3674,.T.);
#2396=EDGE_CURVE('',#3095,#3077,#3675,.T.);
#2397=EDGE_CURVE('',#3096,#3071,#3676,.T.);
#2398=EDGE_CURVE('',#3097,#3096,#3677,.T.);
#2399=EDGE_CURVE('',#3098,#3097,#3678,.T.);
#2400=EDGE_CURVE('',#3099,#3098,#3679,.T.);
#2401=EDGE_CURVE('',#3100,#3099,#184,.T.);
#2402=EDGE_CURVE('',#3101,#3100,#3680,.T.);
#2403=EDGE_CURVE('',#3102,#3101,#3681,.T.);
#2404=EDGE_CURVE('',#3103,#3102,#3682,.T.);
#2405=EDGE_CURVE('',#3104,#3103,#185,.T.);
#2406=EDGE_CURVE('',#3105,#3104,#3683,.T.);
#2407=EDGE_CURVE('',#3106,#3105,#3684,.T.);
#2408=EDGE_CURVE('',#3107,#3106,#3685,.T.);
#2409=EDGE_CURVE('',#3108,#3107,#3686,.T.);
#2410=EDGE_CURVE('',#3109,#3108,#3687,.T.);
#2411=EDGE_CURVE('',#3110,#3109,#3688,.T.);
#2412=EDGE_CURVE('',#3111,#3110,#3689,.T.);
#2413=EDGE_CURVE('',#3112,#3111,#186,.T.);
#2414=EDGE_CURVE('',#3113,#3112,#3690,.T.);
#2415=EDGE_CURVE('',#3114,#3113,#3691,.T.);
#2416=EDGE_CURVE('',#3115,#3114,#3692,.T.);
#2417=EDGE_CURVE('',#3116,#3115,#187,.T.);
#2418=EDGE_CURVE('',#3117,#3116,#3693,.T.);
#2419=EDGE_CURVE('',#3118,#3117,#3694,.T.);
#2420=EDGE_CURVE('',#3119,#3118,#3695,.T.);
#2421=EDGE_CURVE('',#3066,#3119,#3696,.T.);
#2422=EDGE_CURVE('',#2903,#3120,#3697,.T.);
#2423=EDGE_CURVE('',#3120,#3121,#3698,.T.);
#2424=EDGE_CURVE('',#3121,#2898,#3699,.T.);
#2425=EDGE_CURVE('',#2897,#3122,#3700,.T.);
#2426=EDGE_CURVE('',#3122,#3123,#3701,.T.);
#2427=EDGE_CURVE('',#3123,#3124,#3702,.T.);
#2428=EDGE_CURVE('',#3124,#3125,#3703,.T.);
#2429=EDGE_CURVE('',#3125,#3126,#188,.T.);
#2430=EDGE_CURVE('',#3126,#3127,#3704,.T.);
#2431=EDGE_CURVE('',#3127,#3128,#3705,.T.);
#2432=EDGE_CURVE('',#3128,#3129,#3706,.T.);
#2433=EDGE_CURVE('',#3129,#3130,#189,.T.);
#2434=EDGE_CURVE('',#3130,#3131,#3707,.T.);
#2435=EDGE_CURVE('',#3131,#3132,#3708,.T.);
#2436=EDGE_CURVE('',#3132,#3133,#3709,.T.);
#2437=EDGE_CURVE('',#3133,#3134,#3710,.T.);
#2438=EDGE_CURVE('',#3134,#3135,#3711,.T.);
#2439=EDGE_CURVE('',#3135,#3136,#3712,.T.);
#2440=EDGE_CURVE('',#3136,#3137,#3713,.T.);
#2441=EDGE_CURVE('',#3137,#3138,#190,.T.);
#2442=EDGE_CURVE('',#3138,#3139,#3714,.T.);
#2443=EDGE_CURVE('',#3139,#3140,#3715,.T.);
#2444=EDGE_CURVE('',#3140,#3141,#3716,.T.);
#2445=EDGE_CURVE('',#3141,#3142,#191,.T.);
#2446=EDGE_CURVE('',#3142,#3143,#3717,.T.);
#2447=EDGE_CURVE('',#3143,#3144,#3718,.T.);
#2448=EDGE_CURVE('',#3144,#3145,#3719,.T.);
#2449=EDGE_CURVE('',#3145,#2904,#3720,.T.);
#2450=EDGE_CURVE('',#2899,#3146,#3721,.T.);
#2451=EDGE_CURVE('',#3146,#3121,#3722,.T.);
#2452=EDGE_CURVE('',#3147,#2902,#3723,.T.);
#2453=EDGE_CURVE('',#3147,#3120,#3724,.T.);
#2454=EDGE_CURVE('',#3146,#3147,#3725,.T.);
#2455=EDGE_CURVE('',#3148,#3001,#3726,.T.);
#2456=EDGE_CURVE('',#2919,#3148,#3727,.T.);
#2457=EDGE_CURVE('',#3149,#3000,#3728,.T.);
#2458=EDGE_CURVE('',#3149,#3148,#192,.T.);
#2459=EDGE_CURVE('',#3150,#2999,#3729,.T.);
#2460=EDGE_CURVE('',#3149,#3150,#3730,.T.);
#2461=EDGE_CURVE('',#3151,#2998,#3731,.T.);
#2462=EDGE_CURVE('',#3151,#3150,#193,.T.);
#2463=EDGE_CURVE('',#3152,#2997,#3732,.T.);
#2464=EDGE_CURVE('',#3151,#3152,#3733,.T.);
#2465=EDGE_CURVE('',#3153,#2996,#3734,.T.);
#2466=EDGE_CURVE('',#3153,#3152,#194,.T.);
#2467=EDGE_CURVE('',#3154,#2995,#3735,.T.);
#2468=EDGE_CURVE('',#3153,#3154,#3736,.T.);
#2469=EDGE_CURVE('',#3155,#2994,#3737,.T.);
#2470=EDGE_CURVE('',#3155,#3154,#195,.T.);
#2471=EDGE_CURVE('',#3156,#2993,#3738,.T.);
#2472=EDGE_CURVE('',#3155,#3156,#3739,.T.);
#2473=EDGE_CURVE('',#3157,#2992,#3740,.T.);
#2474=EDGE_CURVE('',#3157,#3156,#196,.T.);
#2475=EDGE_CURVE('',#3158,#2991,#3741,.T.);
#2476=EDGE_CURVE('',#3157,#3158,#3742,.T.);
#2477=EDGE_CURVE('',#3159,#2990,#3743,.T.);
#2478=EDGE_CURVE('',#3159,#3158,#197,.T.);
#2479=EDGE_CURVE('',#3159,#2968,#3744,.T.);
#2480=EDGE_CURVE('',#3160,#3161,#3745,.T.);
#2481=EDGE_CURVE('',#3161,#3162,#3746,.T.);
#2482=EDGE_CURVE('',#3162,#3163,#3747,.T.);
#2483=EDGE_CURVE('',#3163,#3164,#3748,.T.);
#2484=EDGE_CURVE('',#3164,#3165,#3749,.T.);
#2485=EDGE_CURVE('',#3165,#3166,#3750,.T.);
#2486=EDGE_CURVE('',#3166,#3167,#3751,.T.);
#2487=EDGE_CURVE('',#3167,#3168,#3752,.T.);
#2488=EDGE_CURVE('',#3168,#3169,#3753,.T.);
#2489=EDGE_CURVE('',#3169,#3170,#3754,.T.);
#2490=EDGE_CURVE('',#3170,#3171,#3755,.T.);
#2491=EDGE_CURVE('',#3171,#3172,#3756,.T.);
#2492=EDGE_CURVE('',#3172,#2841,#3757,.T.);
#2493=EDGE_CURVE('',#2852,#3173,#3758,.T.);
#2494=EDGE_CURVE('',#3173,#3160,#3759,.T.);
#2495=EDGE_CURVE('',#3167,#3174,#3760,.T.);
#2496=EDGE_CURVE('',#3174,#3175,#3761,.T.);
#2497=EDGE_CURVE('',#3168,#3175,#3762,.T.);
#2498=EDGE_CURVE('',#3166,#3176,#3763,.T.);
#2499=EDGE_CURVE('',#3176,#3174,#3764,.T.);
#2500=EDGE_CURVE('',#3165,#3177,#3765,.T.);
#2501=EDGE_CURVE('',#3177,#3176,#3766,.T.);
#2502=EDGE_CURVE('',#3164,#3178,#3767,.T.);
#2503=EDGE_CURVE('',#3178,#3177,#3768,.T.);
#2504=EDGE_CURVE('',#3163,#3179,#3769,.T.);
#2505=EDGE_CURVE('',#3179,#3178,#3770,.T.);
#2506=EDGE_CURVE('',#3180,#3162,#3771,.T.);
#2507=EDGE_CURVE('',#3180,#3002,#3772,.T.);
#2508=EDGE_CURVE('',#3003,#3179,#3773,.T.);
#2509=EDGE_CURVE('',#3004,#3181,#3774,.T.);
#2510=EDGE_CURVE('',#3181,#3161,#3775,.T.);
#2511=EDGE_CURVE('',#3160,#3182,#3776,.T.);
#2512=EDGE_CURVE('',#3182,#3005,#3777,.T.);
#2513=EDGE_CURVE('',#3173,#3183,#3778,.T.);
#2514=EDGE_CURVE('',#3183,#3182,#3779,.T.);
#2515=EDGE_CURVE('',#2851,#3183,#3780,.T.);
#2516=EDGE_CURVE('',#3172,#3184,#3781,.T.);
#2517=EDGE_CURVE('',#3184,#2842,#3782,.T.);
#2518=EDGE_CURVE('',#3171,#3185,#3783,.T.);
#2519=EDGE_CURVE('',#3185,#3184,#3784,.T.);
#2520=EDGE_CURVE('',#3186,#3170,#3785,.T.);
#2521=EDGE_CURVE('',#3186,#3006,#3786,.T.);
#2522=EDGE_CURVE('',#3007,#3185,#3787,.T.);
#2523=EDGE_CURVE('',#3008,#3187,#3788,.T.);
#2524=EDGE_CURVE('',#3187,#3169,#3789,.T.);
#2525=EDGE_CURVE('',#3175,#3009,#3790,.T.);
#2526=EDGE_CURVE('',#3188,#2850,#3791,.T.);
#2527=EDGE_CURVE('',#3188,#3189,#198,.T.);
#2528=EDGE_CURVE('',#3190,#3189,#3792,.T.);
#2529=EDGE_CURVE('',#3190,#3191,#199,.T.);
#2530=EDGE_CURVE('',#3192,#3191,#3793,.T.);
#2531=EDGE_CURVE('',#3192,#3193,#200,.T.);
#2532=EDGE_CURVE('',#3194,#3193,#3794,.T.);
#2533=EDGE_CURVE('',#3194,#3195,#201,.T.);
#2534=EDGE_CURVE('',#3196,#3195,#3795,.T.);
#2535=EDGE_CURVE('',#3196,#3197,#202,.T.);
#2536=EDGE_CURVE('',#3198,#3197,#3796,.T.);
#2537=EDGE_CURVE('',#3198,#3199,#203,.T.);
#2538=EDGE_CURVE('',#2843,#3199,#3797,.T.);
#2539=EDGE_CURVE('',#3199,#3046,#3798,.T.);
#2540=EDGE_CURVE('',#3198,#3047,#3799,.T.);
#2541=EDGE_CURVE('',#3197,#3048,#3800,.T.);
#2542=EDGE_CURVE('',#3196,#3049,#3801,.T.);
#2543=EDGE_CURVE('',#3195,#3050,#3802,.T.);
#2544=EDGE_CURVE('',#3194,#3051,#3803,.T.);
#2545=EDGE_CURVE('',#3193,#3052,#3804,.T.);
#2546=EDGE_CURVE('',#3192,#3053,#3805,.T.);
#2547=EDGE_CURVE('',#3191,#3054,#3806,.T.);
#2548=EDGE_CURVE('',#3190,#3055,#3807,.T.);
#2549=EDGE_CURVE('',#3189,#3056,#3808,.T.);
#2550=EDGE_CURVE('',#3188,#3057,#3809,.T.);
#2551=EDGE_CURVE('',#3200,#3038,#3810,.T.);
#2552=EDGE_CURVE('',#3042,#3200,#3811,.T.);
#2553=EDGE_CURVE('',#3200,#3200,#204,.F.);
#2554=EDGE_CURVE('',#3201,#3030,#3812,.T.);
#2555=EDGE_CURVE('',#3034,#3201,#3813,.T.);
#2556=EDGE_CURVE('',#3201,#3201,#205,.F.);
#2557=EDGE_CURVE('',#3187,#3202,#3814,.T.);
#2558=EDGE_CURVE('',#3202,#3186,#3815,.T.);
#2559=EDGE_CURVE('',#3202,#3202,#206,.F.);
#2560=EDGE_CURVE('',#3181,#3203,#3816,.T.);
#2561=EDGE_CURVE('',#3203,#3180,#3817,.T.);
#2562=EDGE_CURVE('',#3203,#3203,#207,.F.);
#2563=EDGE_CURVE('',#3204,#3204,#208,.T.);
#2564=EDGE_CURVE('',#3205,#3205,#209,.T.);
#2565=EDGE_CURVE('',#3206,#3206,#210,.T.);
#2566=EDGE_CURVE('',#3207,#3207,#211,.T.);
#2567=EDGE_CURVE('',#3208,#2916,#3818,.T.);
#2568=EDGE_CURVE('',#2970,#3208,#3819,.T.);
#2569=EDGE_CURVE('',#2962,#3209,#3820,.T.);
#2570=EDGE_CURVE('',#2989,#3209,#3821,.T.);
#2571=EDGE_CURVE('',#3210,#3211,#3822,.T.);
#2572=EDGE_CURVE('',#2979,#3210,#3823,.T.);
#2573=EDGE_CURVE('',#2978,#3211,#3824,.T.);
#2574=EDGE_CURVE('',#3211,#3212,#3825,.T.);
#2575=EDGE_CURVE('',#2977,#3212,#3826,.T.);
#2576=EDGE_CURVE('',#3212,#3213,#3827,.T.);
#2577=EDGE_CURVE('',#2976,#3213,#3828,.T.);
#2578=EDGE_CURVE('',#2975,#3214,#3829,.T.);
#2579=EDGE_CURVE('',#3214,#3213,#212,.T.);
#2580=EDGE_CURVE('',#3214,#3215,#3830,.T.);
#2581=EDGE_CURVE('',#2974,#3215,#3831,.T.);
#2582=EDGE_CURVE('',#3215,#3216,#3832,.T.);
#2583=EDGE_CURVE('',#2973,#3216,#3833,.T.);
#2584=EDGE_CURVE('',#3216,#3217,#3834,.T.);
#2585=EDGE_CURVE('',#2972,#3217,#3835,.T.);
#2586=EDGE_CURVE('',#2971,#3218,#3836,.T.);
#2587=EDGE_CURVE('',#3218,#3217,#213,.T.);
#2588=EDGE_CURVE('',#3218,#3208,#3837,.T.);
#2589=EDGE_CURVE('',#3209,#3219,#3838,.T.);
#2590=EDGE_CURVE('',#2988,#3219,#3839,.T.);
#2591=EDGE_CURVE('',#2987,#3220,#3840,.T.);
#2592=EDGE_CURVE('',#3220,#3219,#214,.T.);
#2593=EDGE_CURVE('',#3220,#3221,#3841,.T.);
#2594=EDGE_CURVE('',#2986,#3221,#3842,.T.);
#2595=EDGE_CURVE('',#3221,#3222,#3843,.T.);
#2596=EDGE_CURVE('',#2985,#3222,#3844,.T.);
#2597=EDGE_CURVE('',#3222,#3223,#3845,.T.);
#2598=EDGE_CURVE('',#2984,#3223,#3846,.T.);
#2599=EDGE_CURVE('',#2983,#3224,#3847,.T.);
#2600=EDGE_CURVE('',#3224,#3223,#215,.T.);
#2601=EDGE_CURVE('',#3224,#3225,#3848,.T.);
#2602=EDGE_CURVE('',#2982,#3225,#3849,.T.);
#2603=EDGE_CURVE('',#3225,#3226,#3850,.T.);
#2604=EDGE_CURVE('',#2981,#3226,#3851,.T.);
#2605=EDGE_CURVE('',#3226,#3227,#3852,.T.);
#2606=EDGE_CURVE('',#2980,#3227,#3853,.T.);
#2607=EDGE_CURVE('',#3227,#3210,#3854,.T.);
#2608=EDGE_CURVE('',#3067,#3228,#3855,.T.);
#2609=EDGE_CURVE('',#3228,#3229,#3856,.T.);
#2610=EDGE_CURVE('',#3229,#3230,#3857,.T.);
#2611=EDGE_CURVE('',#3230,#3231,#3858,.T.);
#2612=EDGE_CURVE('',#3231,#3232,#216,.T.);
#2613=EDGE_CURVE('',#3232,#3233,#3859,.T.);
#2614=EDGE_CURVE('',#3233,#3234,#3860,.T.);
#2615=EDGE_CURVE('',#3234,#3235,#3861,.T.);
#2616=EDGE_CURVE('',#3235,#3236,#217,.T.);
#2617=EDGE_CURVE('',#3236,#3237,#3862,.T.);
#2618=EDGE_CURVE('',#3237,#3238,#3863,.T.);
#2619=EDGE_CURVE('',#3238,#3239,#3864,.T.);
#2620=EDGE_CURVE('',#3239,#3240,#3865,.T.);
#2621=EDGE_CURVE('',#3240,#3241,#3866,.T.);
#2622=EDGE_CURVE('',#3241,#3242,#3867,.T.);
#2623=EDGE_CURVE('',#3242,#3243,#3868,.T.);
#2624=EDGE_CURVE('',#3243,#3244,#218,.T.);
#2625=EDGE_CURVE('',#3244,#3245,#3869,.T.);
#2626=EDGE_CURVE('',#3245,#3246,#3870,.T.);
#2627=EDGE_CURVE('',#3246,#3247,#3871,.T.);
#2628=EDGE_CURVE('',#3247,#3248,#219,.T.);
#2629=EDGE_CURVE('',#3248,#3249,#3872,.T.);
#2630=EDGE_CURVE('',#3249,#3250,#3873,.T.);
#2631=EDGE_CURVE('',#3250,#3251,#3874,.T.);
#2632=EDGE_CURVE('',#3251,#3070,#3875,.T.);
#2633=EDGE_CURVE('',#3251,#3096,#3876,.T.);
#2634=EDGE_CURVE('',#3250,#3097,#3877,.T.);
#2635=EDGE_CURVE('',#3249,#3098,#3878,.T.);
#2636=EDGE_CURVE('',#3248,#3099,#3879,.T.);
#2637=EDGE_CURVE('',#3247,#3100,#3880,.T.);
#2638=EDGE_CURVE('',#3246,#3101,#3881,.T.);
#2639=EDGE_CURVE('',#3245,#3102,#3882,.T.);
#2640=EDGE_CURVE('',#3244,#3103,#3883,.T.);
#2641=EDGE_CURVE('',#3243,#3104,#3884,.T.);
#2642=EDGE_CURVE('',#3242,#3105,#3885,.T.);
#2643=EDGE_CURVE('',#3241,#3106,#3886,.T.);
#2644=EDGE_CURVE('',#3240,#3107,#3887,.T.);
#2645=EDGE_CURVE('',#3239,#3108,#3888,.T.);
#2646=EDGE_CURVE('',#3238,#3109,#3889,.T.);
#2647=EDGE_CURVE('',#3237,#3110,#3890,.T.);
#2648=EDGE_CURVE('',#3236,#3111,#3891,.T.);
#2649=EDGE_CURVE('',#3235,#3112,#3892,.T.);
#2650=EDGE_CURVE('',#3234,#3113,#3893,.T.);
#2651=EDGE_CURVE('',#3233,#3114,#3894,.T.);
#2652=EDGE_CURVE('',#3232,#3115,#3895,.T.);
#2653=EDGE_CURVE('',#3231,#3116,#3896,.T.);
#2654=EDGE_CURVE('',#3230,#3117,#3897,.T.);
#2655=EDGE_CURVE('',#3229,#3118,#3898,.T.);
#2656=EDGE_CURVE('',#3228,#3119,#3899,.T.);
#2657=EDGE_CURVE('',#3252,#3145,#3900,.T.);
#2658=EDGE_CURVE('',#3252,#2905,#3901,.T.);
#2659=EDGE_CURVE('',#3253,#3144,#3902,.T.);
#2660=EDGE_CURVE('',#3253,#3252,#3903,.T.);
#2661=EDGE_CURVE('',#3254,#3143,#3904,.T.);
#2662=EDGE_CURVE('',#3254,#3253,#3905,.T.);
#2663=EDGE_CURVE('',#3255,#3142,#3906,.T.);
#2664=EDGE_CURVE('',#3255,#3254,#3907,.T.);
#2665=EDGE_CURVE('',#3256,#3141,#3908,.T.);
#2666=EDGE_CURVE('',#3256,#3255,#220,.T.);
#2667=EDGE_CURVE('',#3257,#3140,#3909,.T.);
#2668=EDGE_CURVE('',#3257,#3256,#3910,.T.);
#2669=EDGE_CURVE('',#3258,#3139,#3911,.T.);
#2670=EDGE_CURVE('',#3258,#3257,#3912,.T.);
#2671=EDGE_CURVE('',#3259,#3138,#3913,.T.);
#2672=EDGE_CURVE('',#3259,#3258,#3914,.T.);
#2673=EDGE_CURVE('',#3260,#3137,#3915,.T.);
#2674=EDGE_CURVE('',#3260,#3259,#221,.T.);
#2675=EDGE_CURVE('',#3261,#3136,#3916,.T.);
#2676=EDGE_CURVE('',#3261,#3260,#3917,.T.);
#2677=EDGE_CURVE('',#3262,#3135,#3918,.T.);
#2678=EDGE_CURVE('',#3262,#3261,#3919,.T.);
#2679=EDGE_CURVE('',#3263,#3134,#3920,.T.);
#2680=EDGE_CURVE('',#3263,#3262,#3921,.T.);
#2681=EDGE_CURVE('',#3264,#3133,#3922,.T.);
#2682=EDGE_CURVE('',#3264,#3263,#3923,.T.);
#2683=EDGE_CURVE('',#3265,#3132,#3924,.T.);
#2684=EDGE_CURVE('',#3265,#3264,#3925,.T.);
#2685=EDGE_CURVE('',#3266,#3131,#3926,.T.);
#2686=EDGE_CURVE('',#3266,#3265,#3927,.T.);
#2687=EDGE_CURVE('',#3267,#3130,#3928,.T.);
#2688=EDGE_CURVE('',#3267,#3266,#3929,.T.);
#2689=EDGE_CURVE('',#3268,#3129,#3930,.T.);
#2690=EDGE_CURVE('',#3268,#3267,#222,.T.);
#2691=EDGE_CURVE('',#3269,#3128,#3931,.T.);
#2692=EDGE_CURVE('',#3269,#3268,#3932,.T.);
#2693=EDGE_CURVE('',#3270,#3127,#3933,.T.);
#2694=EDGE_CURVE('',#3270,#3269,#3934,.T.);
#2695=EDGE_CURVE('',#3271,#3126,#3935,.T.);
#2696=EDGE_CURVE('',#3271,#3270,#3936,.T.);
#2697=EDGE_CURVE('',#3272,#3125,#3937,.T.);
#2698=EDGE_CURVE('',#3272,#3271,#223,.T.);
#2699=EDGE_CURVE('',#3273,#3124,#3938,.T.);
#2700=EDGE_CURVE('',#3273,#3272,#3939,.T.);
#2701=EDGE_CURVE('',#3274,#3123,#3940,.T.);
#2702=EDGE_CURVE('',#3274,#3273,#3941,.T.);
#2703=EDGE_CURVE('',#3275,#3122,#3942,.T.);
#2704=EDGE_CURVE('',#3275,#3274,#3943,.T.);
#2705=EDGE_CURVE('',#2896,#3275,#3944,.T.);
#2706=EDGE_CURVE('',#3276,#3276,#224,.T.);
#2707=EDGE_CURVE('',#3277,#3277,#225,.T.);
#2708=EDGE_CURVE('',#3279,#3279,#226,.T.);
#2709=EDGE_CURVE('',#3280,#3280,#227,.T.);
#2710=EDGE_CURVE('',#3282,#3282,#228,.T.);
#2711=EDGE_CURVE('',#3283,#3284,#3945,.T.);
#2712=EDGE_CURVE('',#3284,#3285,#3946,.T.);
#2713=EDGE_CURVE('',#3285,#3286,#3947,.T.);
#2714=EDGE_CURVE('',#3286,#3287,#3948,.T.);
#2715=EDGE_CURVE('',#3287,#3288,#3949,.T.);
#2716=EDGE_CURVE('',#3288,#3283,#3950,.T.);
#2717=EDGE_CURVE('',#3289,#3289,#229,.T.);
#2718=EDGE_CURVE('',#3290,#3290,#230,.T.);
#2719=EDGE_CURVE('',#3291,#3291,#231,.T.);
#2720=EDGE_CURVE('',#3292,#3292,#232,.T.);
#2721=EDGE_CURVE('',#3293,#3293,#233,.T.);
#2722=EDGE_CURVE('',#3294,#3287,#3951,.T.);
#2723=EDGE_CURVE('',#3294,#3295,#3952,.T.);
#2724=EDGE_CURVE('',#3295,#3296,#3953,.T.);
#2725=EDGE_CURVE('',#3296,#3288,#3954,.T.);
#2726=EDGE_CURVE('',#3296,#3297,#3955,.T.);
#2727=EDGE_CURVE('',#3297,#3298,#3956,.T.);
#2728=EDGE_CURVE('',#3298,#3283,#3957,.T.);
#2729=EDGE_CURVE('',#3298,#3299,#3958,.T.);
#2730=EDGE_CURVE('',#3299,#3300,#3959,.T.);
#2731=EDGE_CURVE('',#3300,#3284,#3960,.T.);
#2732=EDGE_CURVE('',#3300,#3301,#3961,.T.);
#2733=EDGE_CURVE('',#3301,#3302,#3962,.T.);
#2734=EDGE_CURVE('',#3302,#3285,#3963,.T.);
#2735=EDGE_CURVE('',#3302,#3303,#3964,.T.);
#2736=EDGE_CURVE('',#3303,#3304,#3965,.T.);
#2737=EDGE_CURVE('',#3304,#3286,#3966,.T.);
#2738=EDGE_CURVE('',#3304,#3305,#3967,.T.);
#2739=EDGE_CURVE('',#3305,#3294,#3968,.T.);
#2740=EDGE_CURVE('',#3301,#3303,#234,.T.);
#2741=EDGE_CURVE('',#3303,#3305,#235,.T.);
#2742=EDGE_CURVE('',#3305,#3295,#236,.T.);
#2743=EDGE_CURVE('',#3295,#3297,#237,.T.);
#2744=EDGE_CURVE('',#3297,#3299,#238,.T.);
#2745=EDGE_CURVE('',#3299,#3301,#239,.T.);
#2746=VERTEX_POINT('',#8076);
#2747=VERTEX_POINT('',#8077);
#2748=VERTEX_POINT('',#8079);
#2749=VERTEX_POINT('',#8081);
#2750=VERTEX_POINT('',#8085);
#2751=VERTEX_POINT('',#8087);
#2752=VERTEX_POINT('',#8091);
#2753=VERTEX_POINT('',#8093);
#2754=VERTEX_POINT('',#8097);
#2755=VERTEX_POINT('',#8099);
#2756=VERTEX_POINT('',#8103);
#2757=VERTEX_POINT('',#8105);
#2758=VERTEX_POINT('',#8109);
#2759=VERTEX_POINT('',#8111);
#2760=VERTEX_POINT('',#8115);
#2761=VERTEX_POINT('',#8117);
#2762=VERTEX_POINT('',#8121);
#2763=VERTEX_POINT('',#8123);
#2764=VERTEX_POINT('',#8127);
#2765=VERTEX_POINT('',#8129);
#2766=VERTEX_POINT('',#8133);
#2767=VERTEX_POINT('',#8135);
#2768=VERTEX_POINT('',#8139);
#2769=VERTEX_POINT('',#8141);
#2770=VERTEX_POINT('',#8145);
#2771=VERTEX_POINT('',#8147);
#2772=VERTEX_POINT('',#8149);
#2773=VERTEX_POINT('',#8151);
#2774=VERTEX_POINT('',#8153);
#2775=VERTEX_POINT('',#8155);
#2776=VERTEX_POINT('',#8157);
#2777=VERTEX_POINT('',#8159);
#2778=VERTEX_POINT('',#8161);
#2779=VERTEX_POINT('',#8163);
#2780=VERTEX_POINT('',#8165);
#2781=VERTEX_POINT('',#8167);
#2782=VERTEX_POINT('',#8169);
#2783=VERTEX_POINT('',#8173);
#2784=VERTEX_POINT('',#8175);
#2785=VERTEX_POINT('',#8179);
#2786=VERTEX_POINT('',#8181);
#2787=VERTEX_POINT('',#8185);
#2788=VERTEX_POINT('',#8187);
#2789=VERTEX_POINT('',#8191);
#2790=VERTEX_POINT('',#8193);
#2791=VERTEX_POINT('',#8197);
#2792=VERTEX_POINT('',#8199);
#2793=VERTEX_POINT('',#8203);
#2794=VERTEX_POINT('',#8205);
#2795=VERTEX_POINT('',#8209);
#2796=VERTEX_POINT('',#8211);
#2797=VERTEX_POINT('',#8215);
#2798=VERTEX_POINT('',#8217);
#2799=VERTEX_POINT('',#8221);
#2800=VERTEX_POINT('',#8223);
#2801=VERTEX_POINT('',#8227);
#2802=VERTEX_POINT('',#8229);
#2803=VERTEX_POINT('',#8233);
#2804=VERTEX_POINT('',#8235);
#2805=VERTEX_POINT('',#8239);
#2806=VERTEX_POINT('',#8241);
#2807=VERTEX_POINT('',#8243);
#2808=VERTEX_POINT('',#8245);
#2809=VERTEX_POINT('',#8247);
#2810=VERTEX_POINT('',#8249);
#2811=VERTEX_POINT('',#8251);
#2812=VERTEX_POINT('',#8253);
#2813=VERTEX_POINT('',#8255);
#2814=VERTEX_POINT('',#8257);
#2815=VERTEX_POINT('',#8259);
#2816=VERTEX_POINT('',#8266);
#2817=VERTEX_POINT('',#8269);
#2818=VERTEX_POINT('',#8273);
#2819=VERTEX_POINT('',#8276);
#2820=VERTEX_POINT('',#8280);
#2821=VERTEX_POINT('',#8283);
#2822=VERTEX_POINT('',#8287);
#2823=VERTEX_POINT('',#8290);
#2824=VERTEX_POINT('',#8294);
#2825=VERTEX_POINT('',#8297);
#2826=VERTEX_POINT('',#8301);
#2827=VERTEX_POINT('',#8304);
#2828=VERTEX_POINT('',#8308);
#2829=VERTEX_POINT('',#8311);
#2830=VERTEX_POINT('',#8315);
#2831=VERTEX_POINT('',#8318);
#2832=VERTEX_POINT('',#8322);
#2833=VERTEX_POINT('',#8325);
#2834=VERTEX_POINT('',#8329);
#2835=VERTEX_POINT('',#8332);
#2836=VERTEX_POINT('',#8336);
#2837=VERTEX_POINT('',#8339);
#2838=VERTEX_POINT('',#8344);
#2839=VERTEX_POINT('',#8345);
#2840=VERTEX_POINT('',#8347);
#2841=VERTEX_POINT('',#8349);
#2842=VERTEX_POINT('',#8351);
#2843=VERTEX_POINT('',#8353);
#2844=VERTEX_POINT('',#8355);
#2845=VERTEX_POINT('',#8357);
#2846=VERTEX_POINT('',#8361);
#2847=VERTEX_POINT('',#8362);
#2848=VERTEX_POINT('',#8364);
#2849=VERTEX_POINT('',#8366);
#2850=VERTEX_POINT('',#8368);
#2851=VERTEX_POINT('',#8370);
#2852=VERTEX_POINT('',#8372);
#2853=VERTEX_POINT('',#8374);
#2854=VERTEX_POINT('',#8378);
#2855=VERTEX_POINT('',#8379);
#2856=VERTEX_POINT('',#8384);
#2857=VERTEX_POINT('',#8386);
#2858=VERTEX_POINT('',#8390);
#2859=VERTEX_POINT('',#8391);
#2860=VERTEX_POINT('',#8393);
#2861=VERTEX_POINT('',#8395);
#2862=VERTEX_POINT('',#8399);
#2863=VERTEX_POINT('',#8401);
#2864=VERTEX_POINT('',#8405);
#2865=VERTEX_POINT('',#8407);
#2866=VERTEX_POINT('',#8411);
#2867=VERTEX_POINT('',#8413);
#2868=VERTEX_POINT('',#8417);
#2869=VERTEX_POINT('',#8419);
#2870=VERTEX_POINT('',#8423);
#2871=VERTEX_POINT('',#8425);
#2872=VERTEX_POINT('',#8429);
#2873=VERTEX_POINT('',#8431);
#2874=VERTEX_POINT('',#8435);
#2875=VERTEX_POINT('',#8437);
#2876=VERTEX_POINT('',#8444);
#2877=VERTEX_POINT('',#8446);
#2878=VERTEX_POINT('',#8450);
#2879=VERTEX_POINT('',#8452);
#2880=VERTEX_POINT('',#8456);
#2881=VERTEX_POINT('',#8458);
#2882=VERTEX_POINT('',#8462);
#2883=VERTEX_POINT('',#8464);
#2884=VERTEX_POINT('',#8468);
#2885=VERTEX_POINT('',#8470);
#2886=VERTEX_POINT('',#8474);
#2887=VERTEX_POINT('',#8476);
#2888=VERTEX_POINT('',#8480);
#2889=VERTEX_POINT('',#8482);
#2890=VERTEX_POINT('',#8486);
#2891=VERTEX_POINT('',#8488);
#2892=VERTEX_POINT('',#8492);
#2893=VERTEX_POINT('',#8494);
#2894=VERTEX_POINT('',#8501);
#2895=VERTEX_POINT('',#8502);
#2896=VERTEX_POINT('',#8504);
#2897=VERTEX_POINT('',#8506);
#2898=VERTEX_POINT('',#8508);
#2899=VERTEX_POINT('',#8510);
#2900=VERTEX_POINT('',#8517);
#2901=VERTEX_POINT('',#8518);
#2902=VERTEX_POINT('',#8523);
#2903=VERTEX_POINT('',#8524);
#2904=VERTEX_POINT('',#8526);
#2905=VERTEX_POINT('',#8528);
#2906=VERTEX_POINT('',#8533);
#2907=VERTEX_POINT('',#8534);
#2908=VERTEX_POINT('',#8536);
#2909=VERTEX_POINT('',#8538);
#2910=VERTEX_POINT('',#8542);
#2911=VERTEX_POINT('',#8543);
#2912=VERTEX_POINT('',#8545);
#2913=VERTEX_POINT('',#8547);
#2914=VERTEX_POINT('',#8551);
#2915=VERTEX_POINT('',#8552);
#2916=VERTEX_POINT('',#8554);
#2917=VERTEX_POINT('',#8556);
#2918=VERTEX_POINT('',#8558);
#2919=VERTEX_POINT('',#8560);
#2920=VERTEX_POINT('',#8562);
#2921=VERTEX_POINT('',#8564);
#2922=VERTEX_POINT('',#8568);
#2923=VERTEX_POINT('',#8570);
#2924=VERTEX_POINT('',#8574);
#2925=VERTEX_POINT('',#8576);
#2926=VERTEX_POINT('',#8580);
#2927=VERTEX_POINT('',#8581);
#2928=VERTEX_POINT('',#8583);
#2929=VERTEX_POINT('',#8585);
#2930=VERTEX_POINT('',#8589);
#2931=VERTEX_POINT('',#8591);
#2932=VERTEX_POINT('',#8595);
#2933=VERTEX_POINT('',#8597);
#2934=VERTEX_POINT('',#8601);
#2935=VERTEX_POINT('',#8602);
#2936=VERTEX_POINT('',#8607);
#2937=VERTEX_POINT('',#8609);
#2938=VERTEX_POINT('',#8613);
#2939=VERTEX_POINT('',#8615);
#2940=VERTEX_POINT('',#8619);
#2941=VERTEX_POINT('',#8621);
#2942=VERTEX_POINT('',#8625);
#2943=VERTEX_POINT('',#8626);
#2944=VERTEX_POINT('',#8634);
#2945=VERTEX_POINT('',#8636);
#2946=VERTEX_POINT('',#8640);
#2947=VERTEX_POINT('',#8641);
#2948=VERTEX_POINT('',#8646);
#2949=VERTEX_POINT('',#8648);
#2950=VERTEX_POINT('',#8652);
#2951=VERTEX_POINT('',#8654);
#2952=VERTEX_POINT('',#8658);
#2953=VERTEX_POINT('',#8660);
#2954=VERTEX_POINT('',#8664);
#2955=VERTEX_POINT('',#8665);
#2956=VERTEX_POINT('',#8670);
#2957=VERTEX_POINT('',#8672);
#2958=VERTEX_POINT('',#8676);
#2959=VERTEX_POINT('',#8678);
#2960=VERTEX_POINT('',#8682);
#2961=VERTEX_POINT('',#8684);
#2962=VERTEX_POINT('',#8691);
#2963=VERTEX_POINT('',#8692);
#2964=VERTEX_POINT('',#8694);
#2965=VERTEX_POINT('',#8696);
#2966=VERTEX_POINT('',#8698);
#2967=VERTEX_POINT('',#8700);
#2968=VERTEX_POINT('',#8702);
#2969=VERTEX_POINT('',#8704);
#2970=VERTEX_POINT('',#8708);
#2971=VERTEX_POINT('',#8710);
#2972=VERTEX_POINT('',#8712);
#2973=VERTEX_POINT('',#8714);
#2974=VERTEX_POINT('',#8716);
#2975=VERTEX_POINT('',#8718);
#2976=VERTEX_POINT('',#8720);
#2977=VERTEX_POINT('',#8722);
#2978=VERTEX_POINT('',#8724);
#2979=VERTEX_POINT('',#8726);
#2980=VERTEX_POINT('',#8728);
#2981=VERTEX_POINT('',#8730);
#2982=VERTEX_POINT('',#8732);
#2983=VERTEX_POINT('',#8734);
#2984=VERTEX_POINT('',#8736);
#2985=VERTEX_POINT('',#8738);
#2986=VERTEX_POINT('',#8740);
#2987=VERTEX_POINT('',#8742);
#2988=VERTEX_POINT('',#8744);
#2989=VERTEX_POINT('',#8746);
#2990=VERTEX_POINT('',#8749);
#2991=VERTEX_POINT('',#8751);
#2992=VERTEX_POINT('',#8753);
#2993=VERTEX_POINT('',#8755);
#2994=VERTEX_POINT('',#8757);
#2995=VERTEX_POINT('',#8759);
#2996=VERTEX_POINT('',#8761);
#2997=VERTEX_POINT('',#8763);
#2998=VERTEX_POINT('',#8765);
#2999=VERTEX_POINT('',#8767);
#3000=VERTEX_POINT('',#8769);
#3001=VERTEX_POINT('',#8771);
#3002=VERTEX_POINT('',#8775);
#3003=VERTEX_POINT('',#8776);
#3004=VERTEX_POINT('',#8778);
#3005=VERTEX_POINT('',#8780);
#3006=VERTEX_POINT('',#8784);
#3007=VERTEX_POINT('',#8785);
#3008=VERTEX_POINT('',#8787);
#3009=VERTEX_POINT('',#8789);
#3010=VERTEX_POINT('',#8793);
#3011=VERTEX_POINT('',#8794);
#3012=VERTEX_POINT('',#8796);
#3013=VERTEX_POINT('',#8798);
#3014=VERTEX_POINT('',#8800);
#3015=VERTEX_POINT('',#8803);
#3016=VERTEX_POINT('',#8805);
#3017=VERTEX_POINT('',#8807);
#3018=VERTEX_POINT('',#8809);
#3019=VERTEX_POINT('',#8811);
#3020=VERTEX_POINT('',#8813);
#3021=VERTEX_POINT('',#8816);
#3022=VERTEX_POINT('',#8818);
#3023=VERTEX_POINT('',#8820);
#3024=VERTEX_POINT('',#8822);
#3025=VERTEX_POINT('',#8824);
#3026=VERTEX_POINT('',#8826);
#3027=VERTEX_POINT('',#8828);
#3028=VERTEX_POINT('',#8830);
#3029=VERTEX_POINT('',#8832);
#3030=VERTEX_POINT('',#8836);
#3031=VERTEX_POINT('',#8837);
#3032=VERTEX_POINT('',#8840);
#3033=VERTEX_POINT('',#8842);
#3034=VERTEX_POINT('',#8846);
#3035=VERTEX_POINT('',#8848);
#3036=VERTEX_POINT('',#8850);
#3037=VERTEX_POINT('',#8852);
#3038=VERTEX_POINT('',#8856);
#3039=VERTEX_POINT('',#8857);
#3040=VERTEX_POINT('',#8860);
#3041=VERTEX_POINT('',#8862);
#3042=VERTEX_POINT('',#8866);
#3043=VERTEX_POINT('',#8868);
#3044=VERTEX_POINT('',#8870);
#3045=VERTEX_POINT('',#8872);
#3046=VERTEX_POINT('',#8876);
#3047=VERTEX_POINT('',#8878);
#3048=VERTEX_POINT('',#8880);
#3049=VERTEX_POINT('',#8882);
#3050=VERTEX_POINT('',#8884);
#3051=VERTEX_POINT('',#8886);
#3052=VERTEX_POINT('',#8888);
#3053=VERTEX_POINT('',#8890);
#3054=VERTEX_POINT('',#8892);
#3055=VERTEX_POINT('',#8894);
#3056=VERTEX_POINT('',#8896);
#3057=VERTEX_POINT('',#8898);
#3058=VERTEX_POINT('',#8902);
#3059=VERTEX_POINT('',#8906);
#3060=VERTEX_POINT('',#8910);
#3061=VERTEX_POINT('',#8914);
#3062=VERTEX_POINT('',#8923);
#3063=VERTEX_POINT('',#8929);
#3064=VERTEX_POINT('',#8938);
#3065=VERTEX_POINT('',#8940);
#3066=VERTEX_POINT('',#8944);
#3067=VERTEX_POINT('',#8946);
#3068=VERTEX_POINT('',#8948);
#3069=VERTEX_POINT('',#8954);
#3070=VERTEX_POINT('',#8958);
#3071=VERTEX_POINT('',#8960);
#3072=VERTEX_POINT('',#8962);
#3073=VERTEX_POINT('',#8966);
#3074=VERTEX_POINT('',#8972);
#3075=VERTEX_POINT('',#8973);
#3076=VERTEX_POINT('',#8975);
#3077=VERTEX_POINT('',#8977);
#3078=VERTEX_POINT('',#8981);
#3079=VERTEX_POINT('',#8983);
#3080=VERTEX_POINT('',#8987);
#3081=VERTEX_POINT('',#8989);
#3082=VERTEX_POINT('',#8996);
#3083=VERTEX_POINT('',#8998);
#3084=VERTEX_POINT('',#9002);
#3085=VERTEX_POINT('',#9004);
#3086=VERTEX_POINT('',#9008);
#3087=VERTEX_POINT('',#9010);
#3088=VERTEX_POINT('',#9014);
#3089=VERTEX_POINT('',#9016);
#3090=VERTEX_POINT('',#9020);
#3091=VERTEX_POINT('',#9022);
#3092=VERTEX_POINT('',#9026);
#3093=VERTEX_POINT('',#9028);
#3094=VERTEX_POINT('',#9030);
#3095=VERTEX_POINT('',#9032);
#3096=VERTEX_POINT('',#9039);
#3097=VERTEX_POINT('',#9041);
#3098=VERTEX_POINT('',#9043);
#3099=VERTEX_POINT('',#9045);
#3100=VERTEX_POINT('',#9047);
#3101=VERTEX_POINT('',#9049);
#3102=VERTEX_POINT('',#9051);
#3103=VERTEX_POINT('',#9053);
#3104=VERTEX_POINT('',#9055);
#3105=VERTEX_POINT('',#9057);
#3106=VERTEX_POINT('',#9059);
#3107=VERTEX_POINT('',#9061);
#3108=VERTEX_POINT('',#9063);
#3109=VERTEX_POINT('',#9065);
#3110=VERTEX_POINT('',#9067);
#3111=VERTEX_POINT('',#9069);
#3112=VERTEX_POINT('',#9071);
#3113=VERTEX_POINT('',#9073);
#3114=VERTEX_POINT('',#9075);
#3115=VERTEX_POINT('',#9077);
#3116=VERTEX_POINT('',#9079);
#3117=VERTEX_POINT('',#9081);
#3118=VERTEX_POINT('',#9083);
#3119=VERTEX_POINT('',#9085);
#3120=VERTEX_POINT('',#9089);
#3121=VERTEX_POINT('',#9091);
#3122=VERTEX_POINT('',#9094);
#3123=VERTEX_POINT('',#9096);
#3124=VERTEX_POINT('',#9098);
#3125=VERTEX_POINT('',#9100);
#3126=VERTEX_POINT('',#9102);
#3127=VERTEX_POINT('',#9104);
#3128=VERTEX_POINT('',#9106);
#3129=VERTEX_POINT('',#9108);
#3130=VERTEX_POINT('',#9110);
#3131=VERTEX_POINT('',#9112);
#3132=VERTEX_POINT('',#9114);
#3133=VERTEX_POINT('',#9116);
#3134=VERTEX_POINT('',#9118);
#3135=VERTEX_POINT('',#9120);
#3136=VERTEX_POINT('',#9122);
#3137=VERTEX_POINT('',#9124);
#3138=VERTEX_POINT('',#9126);
#3139=VERTEX_POINT('',#9128);
#3140=VERTEX_POINT('',#9130);
#3141=VERTEX_POINT('',#9132);
#3142=VERTEX_POINT('',#9134);
#3143=VERTEX_POINT('',#9136);
#3144=VERTEX_POINT('',#9138);
#3145=VERTEX_POINT('',#9140);
#3146=VERTEX_POINT('',#9144);
#3147=VERTEX_POINT('',#9148);
#3148=VERTEX_POINT('',#9154);
#3149=VERTEX_POINT('',#9158);
#3150=VERTEX_POINT('',#9162);
#3151=VERTEX_POINT('',#9166);
#3152=VERTEX_POINT('',#9170);
#3153=VERTEX_POINT('',#9174);
#3154=VERTEX_POINT('',#9178);
#3155=VERTEX_POINT('',#9182);
#3156=VERTEX_POINT('',#9186);
#3157=VERTEX_POINT('',#9190);
#3158=VERTEX_POINT('',#9194);
#3159=VERTEX_POINT('',#9198);
#3160=VERTEX_POINT('',#9205);
#3161=VERTEX_POINT('',#9206);
#3162=VERTEX_POINT('',#9208);
#3163=VERTEX_POINT('',#9210);
#3164=VERTEX_POINT('',#9212);
#3165=VERTEX_POINT('',#9214);
#3166=VERTEX_POINT('',#9216);
#3167=VERTEX_POINT('',#9218);
#3168=VERTEX_POINT('',#9220);
#3169=VERTEX_POINT('',#9222);
#3170=VERTEX_POINT('',#9224);
#3171=VERTEX_POINT('',#9226);
#3172=VERTEX_POINT('',#9228);
#3173=VERTEX_POINT('',#9231);
#3174=VERTEX_POINT('',#9235);
#3175=VERTEX_POINT('',#9237);
#3176=VERTEX_POINT('',#9241);
#3177=VERTEX_POINT('',#9245);
#3178=VERTEX_POINT('',#9249);
#3179=VERTEX_POINT('',#9253);
#3180=VERTEX_POINT('',#9257);
#3181=VERTEX_POINT('',#9262);
#3182=VERTEX_POINT('',#9265);
#3183=VERTEX_POINT('',#9269);
#3184=VERTEX_POINT('',#9275);
#3185=VERTEX_POINT('',#9279);
#3186=VERTEX_POINT('',#9283);
#3187=VERTEX_POINT('',#9288);
#3188=VERTEX_POINT('',#9293);
#3189=VERTEX_POINT('',#9295);
#3190=VERTEX_POINT('',#9297);
#3191=VERTEX_POINT('',#9299);
#3192=VERTEX_POINT('',#9301);
#3193=VERTEX_POINT('',#9303);
#3194=VERTEX_POINT('',#9305);
#3195=VERTEX_POINT('',#9307);
#3196=VERTEX_POINT('',#9309);
#3197=VERTEX_POINT('',#9311);
#3198=VERTEX_POINT('',#9313);
#3199=VERTEX_POINT('',#9315);
#3200=VERTEX_POINT('',#9344);
#3201=VERTEX_POINT('',#9350);
#3202=VERTEX_POINT('',#9356);
#3203=VERTEX_POINT('',#9362);
#3204=VERTEX_POINT('',#9368);
#3205=VERTEX_POINT('',#9372);
#3206=VERTEX_POINT('',#9376);
#3207=VERTEX_POINT('',#9380);
#3208=VERTEX_POINT('',#9384);
#3209=VERTEX_POINT('',#9388);
#3210=VERTEX_POINT('',#9392);
#3211=VERTEX_POINT('',#9393);
#3212=VERTEX_POINT('',#9398);
#3213=VERTEX_POINT('',#9402);
#3214=VERTEX_POINT('',#9406);
#3215=VERTEX_POINT('',#9410);
#3216=VERTEX_POINT('',#9414);
#3217=VERTEX_POINT('',#9418);
#3218=VERTEX_POINT('',#9422);
#3219=VERTEX_POINT('',#9428);
#3220=VERTEX_POINT('',#9432);
#3221=VERTEX_POINT('',#9436);
#3222=VERTEX_POINT('',#9440);
#3223=VERTEX_POINT('',#9444);
#3224=VERTEX_POINT('',#9448);
#3225=VERTEX_POINT('',#9452);
#3226=VERTEX_POINT('',#9456);
#3227=VERTEX_POINT('',#9460);
#3228=VERTEX_POINT('',#9466);
#3229=VERTEX_POINT('',#9468);
#3230=VERTEX_POINT('',#9470);
#3231=VERTEX_POINT('',#9472);
#3232=VERTEX_POINT('',#9474);
#3233=VERTEX_POINT('',#9476);
#3234=VERTEX_POINT('',#9478);
#3235=VERTEX_POINT('',#9480);
#3236=VERTEX_POINT('',#9482);
#3237=VERTEX_POINT('',#9484);
#3238=VERTEX_POINT('',#9486);
#3239=VERTEX_POINT('',#9488);
#3240=VERTEX_POINT('',#9490);
#3241=VERTEX_POINT('',#9492);
#3242=VERTEX_POINT('',#9494);
#3243=VERTEX_POINT('',#9496);
#3244=VERTEX_POINT('',#9498);
#3245=VERTEX_POINT('',#9500);
#3246=VERTEX_POINT('',#9502);
#3247=VERTEX_POINT('',#9504);
#3248=VERTEX_POINT('',#9506);
#3249=VERTEX_POINT('',#9508);
#3250=VERTEX_POINT('',#9510);
#3251=VERTEX_POINT('',#9512);
#3252=VERTEX_POINT('',#9565);
#3253=VERTEX_POINT('',#9569);
#3254=VERTEX_POINT('',#9573);
#3255=VERTEX_POINT('',#9577);
#3256=VERTEX_POINT('',#9581);
#3257=VERTEX_POINT('',#9585);
#3258=VERTEX_POINT('',#9589);
#3259=VERTEX_POINT('',#9593);
#3260=VERTEX_POINT('',#9597);
#3261=VERTEX_POINT('',#9601);
#3262=VERTEX_POINT('',#9605);
#3263=VERTEX_POINT('',#9609);
#3264=VERTEX_POINT('',#9613);
#3265=VERTEX_POINT('',#9617);
#3266=VERTEX_POINT('',#9621);
#3267=VERTEX_POINT('',#9625);
#3268=VERTEX_POINT('',#9629);
#3269=VERTEX_POINT('',#9633);
#3270=VERTEX_POINT('',#9637);
#3271=VERTEX_POINT('',#9641);
#3272=VERTEX_POINT('',#9645);
#3273=VERTEX_POINT('',#9649);
#3274=VERTEX_POINT('',#9653);
#3275=VERTEX_POINT('',#9657);
#3276=VERTEX_POINT('',#9664);
#3277=VERTEX_POINT('',#9667);
#3278=VERTEX_POINT('',#9669);
#3279=VERTEX_POINT('',#9672);
#3280=VERTEX_POINT('',#9675);
#3281=VERTEX_POINT('',#9677);
#3282=VERTEX_POINT('',#9682);
#3283=VERTEX_POINT('',#9684);
#3284=VERTEX_POINT('',#9685);
#3285=VERTEX_POINT('',#9687);
#3286=VERTEX_POINT('',#9689);
#3287=VERTEX_POINT('',#9691);
#3288=VERTEX_POINT('',#9693);
#3289=VERTEX_POINT('',#9697);
#3290=VERTEX_POINT('',#9700);
#3291=VERTEX_POINT('',#9703);
#3292=VERTEX_POINT('',#9706);
#3293=VERTEX_POINT('',#9709);
#3294=VERTEX_POINT('',#9713);
#3295=VERTEX_POINT('',#9715);
#3296=VERTEX_POINT('',#9717);
#3297=VERTEX_POINT('',#9721);
#3298=VERTEX_POINT('',#9723);
#3299=VERTEX_POINT('',#9727);
#3300=VERTEX_POINT('',#9729);
#3301=VERTEX_POINT('',#9733);
#3302=VERTEX_POINT('',#9735);
#3303=VERTEX_POINT('',#9739);
#3304=VERTEX_POINT('',#9741);
#3305=VERTEX_POINT('',#9745);
#3306=VERTEX_POINT('',#9760);
#3307=LINE('',#8075,#3969);
#3308=LINE('',#8078,#3970);
#3309=LINE('',#8080,#3971);
#3310=LINE('',#8082,#3972);
#3311=LINE('',#8084,#3973);
#3312=LINE('',#8086,#3974);
#3313=LINE('',#8088,#3975);
#3314=LINE('',#8090,#3976);
#3315=LINE('',#8092,#3977);
#3316=LINE('',#8094,#3978);
#3317=LINE('',#8098,#3979);
#3318=LINE('',#8102,#3980);
#3319=LINE('',#8104,#3981);
#3320=LINE('',#8106,#3982);
#3321=LINE('',#8108,#3983);
#3322=LINE('',#8110,#3984);
#3323=LINE('',#8112,#3985);
#3324=LINE('',#8114,#3986);
#3325=LINE('',#8116,#3987);
#3326=LINE('',#8118,#3988);
#3327=LINE('',#8122,#3989);
#3328=LINE('',#8126,#3990);
#3329=LINE('',#8128,#3991);
#3330=LINE('',#8130,#3992);
#3331=LINE('',#8132,#3993);
#3332=LINE('',#8134,#3994);
#3333=LINE('',#8136,#3995);
#3334=LINE('',#8138,#3996);
#3335=LINE('',#8140,#3997);
#3336=LINE('',#8142,#3998);
#3337=LINE('',#8166,#3999);
#3338=LINE('',#8168,#4000);
#3339=LINE('',#8170,#4001);
#3340=LINE('',#8172,#4002);
#3341=LINE('',#8174,#4003);
#3342=LINE('',#8176,#4004);
#3343=LINE('',#8178,#4005);
#3344=LINE('',#8180,#4006);
#3345=LINE('',#8182,#4007);
#3346=LINE('',#8184,#4008);
#3347=LINE('',#8186,#4009);
#3348=LINE('',#8188,#4010);
#3349=LINE('',#8192,#4011);
#3350=LINE('',#8196,#4012);
#3351=LINE('',#8198,#4013);
#3352=LINE('',#8200,#4014);
#3353=LINE('',#8202,#4015);
#3354=LINE('',#8204,#4016);
#3355=LINE('',#8206,#4017);
#3356=LINE('',#8208,#4018);
#3357=LINE('',#8210,#4019);
#3358=LINE('',#8212,#4020);
#3359=LINE('',#8216,#4021);
#3360=LINE('',#8220,#4022);
#3361=LINE('',#8222,#4023);
#3362=LINE('',#8224,#4024);
#3363=LINE('',#8226,#4025);
#3364=LINE('',#8228,#4026);
#3365=LINE('',#8230,#4027);
#3366=LINE('',#8232,#4028);
#3367=LINE('',#8234,#4029);
#3368=LINE('',#8236,#4030);
#3369=LINE('',#8260,#4031);
#3370=LINE('',#8261,#4032);
#3371=LINE('',#8343,#4033);
#3372=LINE('',#8346,#4034);
#3373=LINE('',#8348,#4035);
#3374=LINE('',#8350,#4036);
#3375=LINE('',#8352,#4037);
#3376=LINE('',#8354,#4038);
#3377=LINE('',#8356,#4039);
#3378=LINE('',#8358,#4040);
#3379=LINE('',#8360,#4041);
#3380=LINE('',#8363,#4042);
#3381=LINE('',#8365,#4043);
#3382=LINE('',#8367,#4044);
#3383=LINE('',#8369,#4045);
#3384=LINE('',#8371,#4046);
#3385=LINE('',#8373,#4047);
#3386=LINE('',#8375,#4048);
#3387=LINE('',#8377,#4049);
#3388=LINE('',#8380,#4050);
#3389=LINE('',#8381,#4051);
#3390=LINE('',#8383,#4052);
#3391=LINE('',#8385,#4053);
#3392=LINE('',#8387,#4054);
#3393=LINE('',#8389,#4055);
#3394=LINE('',#8392,#4056);
#3395=LINE('',#8394,#4057);
#3396=LINE('',#8396,#4058);
#3397=LINE('',#8398,#4059);
#3398=LINE('',#8400,#4060);
#3399=LINE('',#8402,#4061);
#3400=LINE('',#8404,#4062);
#3401=LINE('',#8406,#4063);
#3402=LINE('',#8408,#4064);
#3403=LINE('',#8412,#4065);
#3404=LINE('',#8416,#4066);
#3405=LINE('',#8418,#4067);
#3406=LINE('',#8420,#4068);
#3407=LINE('',#8422,#4069);
#3408=LINE('',#8424,#4070);
#3409=LINE('',#8426,#4071);
#3410=LINE('',#8428,#4072);
#3411=LINE('',#8430,#4073);
#3412=LINE('',#8432,#4074);
#3413=LINE('',#8436,#4075);
#3414=LINE('',#8440,#4076);
#3415=LINE('',#8441,#4077);
#3416=LINE('',#8443,#4078);
#3417=LINE('',#8445,#4079);
#3418=LINE('',#8447,#4080);
#3419=LINE('',#8451,#4081);
#3420=LINE('',#8455,#4082);
#3421=LINE('',#8457,#4083);
#3422=LINE('',#8459,#4084);
#3423=LINE('',#8461,#4085);
#3424=LINE('',#8463,#4086);
#3425=LINE('',#8465,#4087);
#3426=LINE('',#8467,#4088);
#3427=LINE('',#8469,#4089);
#3428=LINE('',#8471,#4090);
#3429=LINE('',#8475,#4091);
#3430=LINE('',#8479,#4092);
#3431=LINE('',#8481,#4093);
#3432=LINE('',#8483,#4094);
#3433=LINE('',#8485,#4095);
#3434=LINE('',#8487,#4096);
#3435=LINE('',#8489,#4097);
#3436=LINE('',#8491,#4098);
#3437=LINE('',#8493,#4099);
#3438=LINE('',#8495,#4100);
#3439=LINE('',#8497,#4101);
#3440=LINE('',#8498,#4102);
#3441=LINE('',#8500,#4103);
#3442=LINE('',#8503,#4104);
#3443=LINE('',#8505,#4105);
#3444=LINE('',#8507,#4106);
#3445=LINE('',#8509,#4107);
#3446=LINE('',#8511,#4108);
#3447=LINE('',#8513,#4109);
#3448=LINE('',#8514,#4110);
#3449=LINE('',#8516,#4111);
#3450=LINE('',#8519,#4112);
#3451=LINE('',#8520,#4113);
#3452=LINE('',#8522,#4114);
#3453=LINE('',#8525,#4115);
#3454=LINE('',#8527,#4116);
#3455=LINE('',#8529,#4117);
#3456=LINE('',#8530,#4118);
#3457=LINE('',#8532,#4119);
#3458=LINE('',#8535,#4120);
#3459=LINE('',#8537,#4121);
#3460=LINE('',#8539,#4122);
#3461=LINE('',#8541,#4123);
#3462=LINE('',#8544,#4124);
#3463=LINE('',#8546,#4125);
#3464=LINE('',#8548,#4126);
#3465=LINE('',#8550,#4127);
#3466=LINE('',#8553,#4128);
#3467=LINE('',#8555,#4129);
#3468=LINE('',#8557,#4130);
#3469=LINE('',#8559,#4131);
#3470=LINE('',#8561,#4132);
#3471=LINE('',#8563,#4133);
#3472=LINE('',#8565,#4134);
#3473=LINE('',#8567,#4135);
#3474=LINE('',#8569,#4136);
#3475=LINE('',#8571,#4137);
#3476=LINE('',#8573,#4138);
#3477=LINE('',#8575,#4139);
#3478=LINE('',#8577,#4140);
#3479=LINE('',#8579,#4141);
#3480=LINE('',#8582,#4142);
#3481=LINE('',#8584,#4143);
#3482=LINE('',#8586,#4144);
#3483=LINE('',#8588,#4145);
#3484=LINE('',#8590,#4146);
#3485=LINE('',#8592,#4147);
#3486=LINE('',#8594,#4148);
#3487=LINE('',#8596,#4149);
#3488=LINE('',#8598,#4150);
#3489=LINE('',#8600,#4151);
#3490=LINE('',#8606,#4152);
#3491=LINE('',#8608,#4153);
#3492=LINE('',#8610,#4154);
#3493=LINE('',#8612,#4155);
#3494=LINE('',#8614,#4156);
#3495=LINE('',#8616,#4157);
#3496=LINE('',#8618,#4158);
#3497=LINE('',#8620,#4159);
#3498=LINE('',#8622,#4160);
#3499=LINE('',#8624,#4161);
#3500=LINE('',#8630,#4162);
#3501=LINE('',#8631,#4163);
#3502=LINE('',#8633,#4164);
#3503=LINE('',#8635,#4165);
#3504=LINE('',#8637,#4166);
#3505=LINE('',#8639,#4167);
#3506=LINE('',#8645,#4168);
#3507=LINE('',#8647,#4169);
#3508=LINE('',#8649,#4170);
#3509=LINE('',#8651,#4171);
#3510=LINE('',#8653,#4172);
#3511=LINE('',#8655,#4173);
#3512=LINE('',#8657,#4174);
#3513=LINE('',#8659,#4175);
#3514=LINE('',#8661,#4176);
#3515=LINE('',#8663,#4177);
#3516=LINE('',#8669,#4178);
#3517=LINE('',#8671,#4179);
#3518=LINE('',#8673,#4180);
#3519=LINE('',#8675,#4181);
#3520=LINE('',#8677,#4182);
#3521=LINE('',#8679,#4183);
#3522=LINE('',#8681,#4184);
#3523=LINE('',#8683,#4185);
#3524=LINE('',#8685,#4186);
#3525=LINE('',#8687,#4187);
#3526=LINE('',#8688,#4188);
#3527=LINE('',#8690,#4189);
#3528=LINE('',#8693,#4190);
#3529=LINE('',#8695,#4191);
#3530=LINE('',#8697,#4192);
#3531=LINE('',#8699,#4193);
#3532=LINE('',#8701,#4194);
#3533=LINE('',#8703,#4195);
#3534=LINE('',#8705,#4196);
#3535=LINE('',#8707,#4197);
#3536=LINE('',#8709,#4198);
#3537=LINE('',#8713,#4199);
#3538=LINE('',#8715,#4200);
#3539=LINE('',#8717,#4201);
#3540=LINE('',#8721,#4202);
#3541=LINE('',#8723,#4203);
#3542=LINE('',#8725,#4204);
#3543=LINE('',#8727,#4205);
#3544=LINE('',#8729,#4206);
#3545=LINE('',#8731,#4207);
#3546=LINE('',#8733,#4208);
#3547=LINE('',#8737,#4209);
#3548=LINE('',#8739,#4210);
#3549=LINE('',#8741,#4211);
#3550=LINE('',#8745,#4212);
#3551=LINE('',#8747,#4213);
#3552=LINE('',#8748,#4214);
#3553=LINE('',#8752,#4215);
#3554=LINE('',#8756,#4216);
#3555=LINE('',#8760,#4217);
#3556=LINE('',#8764,#4218);
#3557=LINE('',#8768,#4219);
#3558=LINE('',#8772,#4220);
#3559=LINE('',#8774,#4221);
#3560=LINE('',#8779,#4222);
#3561=LINE('',#8783,#4223);
#3562=LINE('',#8788,#4224);
#3563=LINE('',#8792,#4225);
#3564=LINE('',#8795,#4226);
#3565=LINE('',#8797,#4227);
#3566=LINE('',#8799,#4228);
#3567=LINE('',#8801,#4229);
#3568=LINE('',#8802,#4230);
#3569=LINE('',#8804,#4231);
#3570=LINE('',#8806,#4232);
#3571=LINE('',#8808,#4233);
#3572=LINE('',#8810,#4234);
#3573=LINE('',#8812,#4235);
#3574=LINE('',#8814,#4236);
#3575=LINE('',#8815,#4237);
#3576=LINE('',#8817,#4238);
#3577=LINE('',#8819,#4239);
#3578=LINE('',#8821,#4240);
#3579=LINE('',#8823,#4241);
#3580=LINE('',#8825,#4242);
#3581=LINE('',#8827,#4243);
#3582=LINE('',#8829,#4244);
#3583=LINE('',#8831,#4245);
#3584=LINE('',#8833,#4246);
#3585=LINE('',#8835,#4247);
#3586=LINE('',#8838,#4248);
#3587=LINE('',#8839,#4249);
#3588=LINE('',#8841,#4250);
#3589=LINE('',#8843,#4251);
#3590=LINE('',#8845,#4252);
#3591=LINE('',#8847,#4253);
#3592=LINE('',#8849,#4254);
#3593=LINE('',#8851,#4255);
#3594=LINE('',#8853,#4256);
#3595=LINE('',#8855,#4257);
#3596=LINE('',#8858,#4258);
#3597=LINE('',#8859,#4259);
#3598=LINE('',#8861,#4260);
#3599=LINE('',#8863,#4261);
#3600=LINE('',#8865,#4262);
#3601=LINE('',#8867,#4263);
#3602=LINE('',#8869,#4264);
#3603=LINE('',#8871,#4265);
#3604=LINE('',#8873,#4266);
#3605=LINE('',#8875,#4267);
#3606=LINE('',#8879,#4268);
#3607=LINE('',#8883,#4269);
#3608=LINE('',#8887,#4270);
#3609=LINE('',#8891,#4271);
#3610=LINE('',#8895,#4272);
#3611=LINE('',#8899,#4273);
#3612=LINE('',#8901,#4274);
#3613=LINE('',#8903,#4275);
#3614=LINE('',#8905,#4276);
#3615=LINE('',#8907,#4277);
#3616=LINE('',#8909,#4278);
#3617=LINE('',#8911,#4279);
#3618=LINE('',#8913,#4280);
#3619=LINE('',#8915,#4281);
#3620=LINE('',#8917,#4282);
#3621=LINE('',#8922,#4283);
#3622=LINE('',#8924,#4284);
#3623=LINE('',#8926,#4285);
#3624=LINE('',#8928,#4286);
#3625=LINE('',#8930,#4287);
#3626=LINE('',#8932,#4288);
#3627=LINE('',#8937,#4289);
#3628=LINE('',#8939,#4290);
#3629=LINE('',#8941,#4291);
#3630=LINE('',#8943,#4292);
#3631=LINE('',#8945,#4293);
#3632=LINE('',#8947,#4294);
#3633=LINE('',#8949,#4295);
#3634=LINE('',#8951,#4296);
#3635=LINE('',#8953,#4297);
#3636=LINE('',#8955,#4298);
#3637=LINE('',#8957,#4299);
#3638=LINE('',#8959,#4300);
#3639=LINE('',#8961,#4301);
#3640=LINE('',#8963,#4302);
#3641=LINE('',#8965,#4303);
#3642=LINE('',#8967,#4304);
#3643=LINE('',#8969,#4305);
#3644=LINE('',#8971,#4306);
#3645=LINE('',#8974,#4307);
#3646=LINE('',#8976,#4308);
#3647=LINE('',#8978,#4309);
#3648=LINE('',#8980,#4310);
#3649=LINE('',#8982,#4311);
#3650=LINE('',#8984,#4312);
#3651=LINE('',#8986,#4313);
#3652=LINE('',#8988,#4314);
#3653=LINE('',#8990,#4315);
#3654=LINE('',#8992,#4316);
#3655=LINE('',#8993,#4317);
#3656=LINE('',#8995,#4318);
#3657=LINE('',#8997,#4319);
#3658=LINE('',#8999,#4320);
#3659=LINE('',#9001,#4321);
#3660=LINE('',#9003,#4322);
#3661=LINE('',#9005,#4323);
#3662=LINE('',#9007,#4324);
#3663=LINE('',#9009,#4325);
#3664=LINE('',#9011,#4326);
#3665=LINE('',#9013,#4327);
#3666=LINE('',#9015,#4328);
#3667=LINE('',#9017,#4329);
#3668=LINE('',#9019,#4330);
#3669=LINE('',#9021,#4331);
#3670=LINE('',#9023,#4332);
#3671=LINE('',#9029,#4333);
#3672=LINE('',#9031,#4334);
#3673=LINE('',#9033,#4335);
#3674=LINE('',#9035,#4336);
#3675=LINE('',#9036,#4337);
#3676=LINE('',#9038,#4338);
#3677=LINE('',#9040,#4339);
#3678=LINE('',#9042,#4340);
#3679=LINE('',#9044,#4341);
#3680=LINE('',#9048,#4342);
#3681=LINE('',#9050,#4343);
#3682=LINE('',#9052,#4344);
#3683=LINE('',#9056,#4345);
#3684=LINE('',#9058,#4346);
#3685=LINE('',#9060,#4347);
#3686=LINE('',#9062,#4348);
#3687=LINE('',#9064,#4349);
#3688=LINE('',#9066,#4350);
#3689=LINE('',#9068,#4351);
#3690=LINE('',#9072,#4352);
#3691=LINE('',#9074,#4353);
#3692=LINE('',#9076,#4354);
#3693=LINE('',#9080,#4355);
#3694=LINE('',#9082,#4356);
#3695=LINE('',#9084,#4357);
#3696=LINE('',#9086,#4358);
#3697=LINE('',#9088,#4359);
#3698=LINE('',#9090,#4360);
#3699=LINE('',#9092,#4361);
#3700=LINE('',#9093,#4362);
#3701=LINE('',#9095,#4363);
#3702=LINE('',#9097,#4364);
#3703=LINE('',#9099,#4365);
#3704=LINE('',#9103,#4366);
#3705=LINE('',#9105,#4367);
#3706=LINE('',#9107,#4368);
#3707=LINE('',#9111,#4369);
#3708=LINE('',#9113,#4370);
#3709=LINE('',#9115,#4371);
#3710=LINE('',#9117,#4372);
#3711=LINE('',#9119,#4373);
#3712=LINE('',#9121,#4374);
#3713=LINE('',#9123,#4375);
#3714=LINE('',#9127,#4376);
#3715=LINE('',#9129,#4377);
#3716=LINE('',#9131,#4378);
#3717=LINE('',#9135,#4379);
#3718=LINE('',#9137,#4380);
#3719=LINE('',#9139,#4381);
#3720=LINE('',#9141,#4382);
#3721=LINE('',#9143,#4383);
#3722=LINE('',#9145,#4384);
#3723=LINE('',#9147,#4385);
#3724=LINE('',#9149,#4386);
#3725=LINE('',#9151,#4387);
#3726=LINE('',#9153,#4388);
#3727=LINE('',#9155,#4389);
#3728=LINE('',#9157,#4390);
#3729=LINE('',#9161,#4391);
#3730=LINE('',#9163,#4392);
#3731=LINE('',#9165,#4393);
#3732=LINE('',#9169,#4394);
#3733=LINE('',#9171,#4395);
#3734=LINE('',#9173,#4396);
#3735=LINE('',#9177,#4397);
#3736=LINE('',#9179,#4398);
#3737=LINE('',#9181,#4399);
#3738=LINE('',#9185,#4400);
#3739=LINE('',#9187,#4401);
#3740=LINE('',#9189,#4402);
#3741=LINE('',#9193,#4403);
#3742=LINE('',#9195,#4404);
#3743=LINE('',#9197,#4405);
#3744=LINE('',#9201,#4406);
#3745=LINE('',#9204,#4407);
#3746=LINE('',#9207,#4408);
#3747=LINE('',#9209,#4409);
#3748=LINE('',#9211,#4410);
#3749=LINE('',#9213,#4411);
#3750=LINE('',#9215,#4412);
#3751=LINE('',#9217,#4413);
#3752=LINE('',#9219,#4414);
#3753=LINE('',#9221,#4415);
#3754=LINE('',#9223,#4416);
#3755=LINE('',#9225,#4417);
#3756=LINE('',#9227,#4418);
#3757=LINE('',#9229,#4419);
#3758=LINE('',#9230,#4420);
#3759=LINE('',#9232,#4421);
#3760=LINE('',#9234,#4422);
#3761=LINE('',#9236,#4423);
#3762=LINE('',#9238,#4424);
#3763=LINE('',#9240,#4425);
#3764=LINE('',#9242,#4426);
#3765=LINE('',#9244,#4427);
#3766=LINE('',#9246,#4428);
#3767=LINE('',#9248,#4429);
#3768=LINE('',#9250,#4430);
#3769=LINE('',#9252,#4431);
#3770=LINE('',#9254,#4432);
#3771=LINE('',#9256,#4433);
#3772=LINE('',#9258,#4434);
#3773=LINE('',#9259,#4435);
#3774=LINE('',#9261,#4436);
#3775=LINE('',#9263,#4437);
#3776=LINE('',#9264,#4438);
#3777=LINE('',#9266,#4439);
#3778=LINE('',#9268,#4440);
#3779=LINE('',#9270,#4441);
#3780=LINE('',#9272,#4442);
#3781=LINE('',#9274,#4443);
#3782=LINE('',#9276,#4444);
#3783=LINE('',#9278,#4445);
#3784=LINE('',#9280,#4446);
#3785=LINE('',#9282,#4447);
#3786=LINE('',#9284,#4448);
#3787=LINE('',#9285,#4449);
#3788=LINE('',#9287,#4450);
#3789=LINE('',#9289,#4451);
#3790=LINE('',#9290,#4452);
#3791=LINE('',#9292,#4453);
#3792=LINE('',#9296,#4454);
#3793=LINE('',#9300,#4455);
#3794=LINE('',#9304,#4456);
#3795=LINE('',#9308,#4457);
#3796=LINE('',#9312,#4458);
#3797=LINE('',#9316,#4459);
#3798=LINE('',#9318,#4460);
#3799=LINE('',#9320,#4461);
#3800=LINE('',#9322,#4462);
#3801=LINE('',#9324,#4463);
#3802=LINE('',#9326,#4464);
#3803=LINE('',#9328,#4465);
#3804=LINE('',#9330,#4466);
#3805=LINE('',#9332,#4467);
#3806=LINE('',#9334,#4468);
#3807=LINE('',#9336,#4469);
#3808=LINE('',#9338,#4470);
#3809=LINE('',#9340,#4471);
#3810=LINE('',#9343,#4472);
#3811=LINE('',#9345,#4473);
#3812=LINE('',#9349,#4474);
#3813=LINE('',#9351,#4475);
#3814=LINE('',#9355,#4476);
#3815=LINE('',#9357,#4477);
#3816=LINE('',#9361,#4478);
#3817=LINE('',#9363,#4479);
#3818=LINE('',#9383,#4480);
#3819=LINE('',#9385,#4481);
#3820=LINE('',#9387,#4482);
#3821=LINE('',#9389,#4483);
#3822=LINE('',#9391,#4484);
#3823=LINE('',#9394,#4485);
#3824=LINE('',#9395,#4486);
#3825=LINE('',#9397,#4487);
#3826=LINE('',#9399,#4488);
#3827=LINE('',#9401,#4489);
#3828=LINE('',#9403,#4490);
#3829=LINE('',#9405,#4491);
#3830=LINE('',#9409,#4492);
#3831=LINE('',#9411,#4493);
#3832=LINE('',#9413,#4494);
#3833=LINE('',#9415,#4495);
#3834=LINE('',#9417,#4496);
#3835=LINE('',#9419,#4497);
#3836=LINE('',#9421,#4498);
#3837=LINE('',#9425,#4499);
#3838=LINE('',#9427,#4500);
#3839=LINE('',#9429,#4501);
#3840=LINE('',#9431,#4502);
#3841=LINE('',#9435,#4503);
#3842=LINE('',#9437,#4504);
#3843=LINE('',#9439,#4505);
#3844=LINE('',#9441,#4506);
#3845=LINE('',#9443,#4507);
#3846=LINE('',#9445,#4508);
#3847=LINE('',#9447,#4509);
#3848=LINE('',#9451,#4510);
#3849=LINE('',#9453,#4511);
#3850=LINE('',#9455,#4512);
#3851=LINE('',#9457,#4513);
#3852=LINE('',#9459,#4514);
#3853=LINE('',#9461,#4515);
#3854=LINE('',#9463,#4516);
#3855=LINE('',#9465,#4517);
#3856=LINE('',#9467,#4518);
#3857=LINE('',#9469,#4519);
#3858=LINE('',#9471,#4520);
#3859=LINE('',#9475,#4521);
#3860=LINE('',#9477,#4522);
#3861=LINE('',#9479,#4523);
#3862=LINE('',#9483,#4524);
#3863=LINE('',#9485,#4525);
#3864=LINE('',#9487,#4526);
#3865=LINE('',#9489,#4527);
#3866=LINE('',#9491,#4528);
#3867=LINE('',#9493,#4529);
#3868=LINE('',#9495,#4530);
#3869=LINE('',#9499,#4531);
#3870=LINE('',#9501,#4532);
#3871=LINE('',#9503,#4533);
#3872=LINE('',#9507,#4534);
#3873=LINE('',#9509,#4535);
#3874=LINE('',#9511,#4536);
#3875=LINE('',#9513,#4537);
#3876=LINE('',#9515,#4538);
#3877=LINE('',#9517,#4539);
#3878=LINE('',#9519,#4540);
#3879=LINE('',#9521,#4541);
#3880=LINE('',#9523,#4542);
#3881=LINE('',#9525,#4543);
#3882=LINE('',#9527,#4544);
#3883=LINE('',#9529,#4545);
#3884=LINE('',#9531,#4546);
#3885=LINE('',#9533,#4547);
#3886=LINE('',#9535,#4548);
#3887=LINE('',#9537,#4549);
#3888=LINE('',#9539,#4550);
#3889=LINE('',#9541,#4551);
#3890=LINE('',#9543,#4552);
#3891=LINE('',#9545,#4553);
#3892=LINE('',#9547,#4554);
#3893=LINE('',#9549,#4555);
#3894=LINE('',#9551,#4556);
#3895=LINE('',#9553,#4557);
#3896=LINE('',#9555,#4558);
#3897=LINE('',#9557,#4559);
#3898=LINE('',#9559,#4560);
#3899=LINE('',#9561,#4561);
#3900=LINE('',#9564,#4562);
#3901=LINE('',#9566,#4563);
#3902=LINE('',#9568,#4564);
#3903=LINE('',#9570,#4565);
#3904=LINE('',#9572,#4566);
#3905=LINE('',#9574,#4567);
#3906=LINE('',#9576,#4568);
#3907=LINE('',#9578,#4569);
#3908=LINE('',#9580,#4570);
#3909=LINE('',#9584,#4571);
#3910=LINE('',#9586,#4572);
#3911=LINE('',#9588,#4573);
#3912=LINE('',#9590,#4574);
#3913=LINE('',#9592,#4575);
#3914=LINE('',#9594,#4576);
#3915=LINE('',#9596,#4577);
#3916=LINE('',#9600,#4578);
#3917=LINE('',#9602,#4579);
#3918=LINE('',#9604,#4580);
#3919=LINE('',#9606,#4581);
#3920=LINE('',#9608,#4582);
#3921=LINE('',#9610,#4583);
#3922=LINE('',#9612,#4584);
#3923=LINE('',#9614,#4585);
#3924=LINE('',#9616,#4586);
#3925=LINE('',#9618,#4587);
#3926=LINE('',#9620,#4588);
#3927=LINE('',#9622,#4589);
#3928=LINE('',#9624,#4590);
#3929=LINE('',#9626,#4591);
#3930=LINE('',#9628,#4592);
#3931=LINE('',#9632,#4593);
#3932=LINE('',#9634,#4594);
#3933=LINE('',#9636,#4595);
#3934=LINE('',#9638,#4596);
#3935=LINE('',#9640,#4597);
#3936=LINE('',#9642,#4598);
#3937=LINE('',#9644,#4599);
#3938=LINE('',#9648,#4600);
#3939=LINE('',#9650,#4601);
#3940=LINE('',#9652,#4602);
#3941=LINE('',#9654,#4603);
#3942=LINE('',#9656,#4604);
#3943=LINE('',#9658,#4605);
#3944=LINE('',#9660,#4606);
#3945=LINE('',#9683,#4607);
#3946=LINE('',#9686,#4608);
#3947=LINE('',#9688,#4609);
#3948=LINE('',#9690,#4610);
#3949=LINE('',#9692,#4611);
#3950=LINE('',#9694,#4612);
#3951=LINE('',#9712,#4613);
#3952=LINE('',#9714,#4614);
#3953=LINE('',#9716,#4615);
#3954=LINE('',#9718,#4616);
#3955=LINE('',#9720,#4617);
#3956=LINE('',#9722,#4618);
#3957=LINE('',#9724,#4619);
#3958=LINE('',#9726,#4620);
#3959=LINE('',#9728,#4621);
#3960=LINE('',#9730,#4622);
#3961=LINE('',#9732,#4623);
#3962=LINE('',#9734,#4624);
#3963=LINE('',#9736,#4625);
#3964=LINE('',#9738,#4626);
#3965=LINE('',#9740,#4627);
#3966=LINE('',#9742,#4628);
#3967=LINE('',#9744,#4629);
#3968=LINE('',#9746,#4630);
#3969=VECTOR('',#6463,1000.);
#3970=VECTOR('',#6464,1000.);
#3971=VECTOR('',#6465,1000.);
#3972=VECTOR('',#6466,1000.);
#3973=VECTOR('',#6469,1000.);
#3974=VECTOR('',#6470,1000.);
#3975=VECTOR('',#6471,1000.);
#3976=VECTOR('',#6474,1000.);
#3977=VECTOR('',#6475,1000.);
#3978=VECTOR('',#6476,1000.);
#3979=VECTOR('',#6481,1000.);
#3980=VECTOR('',#6486,1000.);
#3981=VECTOR('',#6487,1000.);
#3982=VECTOR('',#6488,1000.);
#3983=VECTOR('',#6491,1000.);
#3984=VECTOR('',#6492,1000.);
#3985=VECTOR('',#6493,1000.);
#3986=VECTOR('',#6496,1000.);
#3987=VECTOR('',#6497,1000.);
#3988=VECTOR('',#6498,1000.);
#3989=VECTOR('',#6503,1000.);
#3990=VECTOR('',#6508,1000.);
#3991=VECTOR('',#6509,1000.);
#3992=VECTOR('',#6510,1000.);
#3993=VECTOR('',#6513,1000.);
#3994=VECTOR('',#6514,1000.);
#3995=VECTOR('',#6515,1000.);
#3996=VECTOR('',#6518,1000.);
#3997=VECTOR('',#6519,1000.);
#3998=VECTOR('',#6520,1000.);
#3999=VECTOR('',#6545,1000.);
#4000=VECTOR('',#6546,1000.);
#4001=VECTOR('',#6547,1000.);
#4002=VECTOR('',#6550,1000.);
#4003=VECTOR('',#6551,1000.);
#4004=VECTOR('',#6552,1000.);
#4005=VECTOR('',#6555,1000.);
#4006=VECTOR('',#6556,1000.);
#4007=VECTOR('',#6557,1000.);
#4008=VECTOR('',#6560,1000.);
#4009=VECTOR('',#6561,1000.);
#4010=VECTOR('',#6562,1000.);
#4011=VECTOR('',#6567,1000.);
#4012=VECTOR('',#6572,1000.);
#4013=VECTOR('',#6573,1000.);
#4014=VECTOR('',#6574,1000.);
#4015=VECTOR('',#6577,1000.);
#4016=VECTOR('',#6578,1000.);
#4017=VECTOR('',#6579,1000.);
#4018=VECTOR('',#6582,1000.);
#4019=VECTOR('',#6583,1000.);
#4020=VECTOR('',#6584,1000.);
#4021=VECTOR('',#6589,1000.);
#4022=VECTOR('',#6594,1000.);
#4023=VECTOR('',#6595,1000.);
#4024=VECTOR('',#6596,1000.);
#4025=VECTOR('',#6599,1000.);
#4026=VECTOR('',#6600,1000.);
#4027=VECTOR('',#6601,1000.);
#4028=VECTOR('',#6604,1000.);
#4029=VECTOR('',#6605,1000.);
#4030=VECTOR('',#6606,1000.);
#4031=VECTOR('',#6631,1000.);
#4032=VECTOR('',#6632,1000.);
#4033=VECTOR('',#6751,1000.);
#4034=VECTOR('',#6752,1000.);
#4035=VECTOR('',#6753,1000.);
#4036=VECTOR('',#6754,1000.);
#4037=VECTOR('',#6755,1000.);
#4038=VECTOR('',#6756,1000.);
#4039=VECTOR('',#6757,1000.);
#4040=VECTOR('',#6758,1000.);
#4041=VECTOR('',#6761,1000.);
#4042=VECTOR('',#6762,1000.);
#4043=VECTOR('',#6763,1000.);
#4044=VECTOR('',#6764,1000.);
#4045=VECTOR('',#6765,1000.);
#4046=VECTOR('',#6766,1000.);
#4047=VECTOR('',#6767,1000.);
#4048=VECTOR('',#6768,1000.);
#4049=VECTOR('',#6771,1000.);
#4050=VECTOR('',#6772,1000.);
#4051=VECTOR('',#6773,1000.);
#4052=VECTOR('',#6776,1000.);
#4053=VECTOR('',#6777,1000.);
#4054=VECTOR('',#6778,1000.);
#4055=VECTOR('',#6781,1000.);
#4056=VECTOR('',#6782,1000.);
#4057=VECTOR('',#6783,1000.);
#4058=VECTOR('',#6784,1000.);
#4059=VECTOR('',#6787,1000.);
#4060=VECTOR('',#6788,1000.);
#4061=VECTOR('',#6789,1000.);
#4062=VECTOR('',#6792,1000.);
#4063=VECTOR('',#6793,1000.);
#4064=VECTOR('',#6794,1000.);
#4065=VECTOR('',#6799,1000.);
#4066=VECTOR('',#6804,1000.);
#4067=VECTOR('',#6805,1000.);
#4068=VECTOR('',#6806,1000.);
#4069=VECTOR('',#6809,1000.);
#4070=VECTOR('',#6810,1000.);
#4071=VECTOR('',#6811,1000.);
#4072=VECTOR('',#6814,1000.);
#4073=VECTOR('',#6815,1000.);
#4074=VECTOR('',#6816,1000.);
#4075=VECTOR('',#6821,1000.);
#4076=VECTOR('',#6826,1000.);
#4077=VECTOR('',#6827,1000.);
#4078=VECTOR('',#6830,1000.);
#4079=VECTOR('',#6831,1000.);
#4080=VECTOR('',#6832,1000.);
#4081=VECTOR('',#6837,1000.);
#4082=VECTOR('',#6842,1000.);
#4083=VECTOR('',#6843,1000.);
#4084=VECTOR('',#6844,1000.);
#4085=VECTOR('',#6847,1000.);
#4086=VECTOR('',#6848,1000.);
#4087=VECTOR('',#6849,1000.);
#4088=VECTOR('',#6852,1000.);
#4089=VECTOR('',#6853,1000.);
#4090=VECTOR('',#6854,1000.);
#4091=VECTOR('',#6859,1000.);
#4092=VECTOR('',#6864,1000.);
#4093=VECTOR('',#6865,1000.);
#4094=VECTOR('',#6866,1000.);
#4095=VECTOR('',#6869,1000.);
#4096=VECTOR('',#6870,1000.);
#4097=VECTOR('',#6871,1000.);
#4098=VECTOR('',#6874,1000.);
#4099=VECTOR('',#6875,1000.);
#4100=VECTOR('',#6876,1000.);
#4101=VECTOR('',#6879,1000.);
#4102=VECTOR('',#6880,1000.);
#4103=VECTOR('',#6883,1000.);
#4104=VECTOR('',#6884,1000.);
#4105=VECTOR('',#6885,1000.);
#4106=VECTOR('',#6886,1000.);
#4107=VECTOR('',#6887,1000.);
#4108=VECTOR('',#6888,1000.);
#4109=VECTOR('',#6891,1000.);
#4110=VECTOR('',#6892,1000.);
#4111=VECTOR('',#6895,1000.);
#4112=VECTOR('',#6896,1000.);
#4113=VECTOR('',#6897,1000.);
#4114=VECTOR('',#6900,1000.);
#4115=VECTOR('',#6901,1000.);
#4116=VECTOR('',#6902,1000.);
#4117=VECTOR('',#6903,1000.);
#4118=VECTOR('',#6904,1000.);
#4119=VECTOR('',#6907,1000.);
#4120=VECTOR('',#6908,1000.);
#4121=VECTOR('',#6909,1000.);
#4122=VECTOR('',#6910,1000.);
#4123=VECTOR('',#6913,1000.);
#4124=VECTOR('',#6914,1000.);
#4125=VECTOR('',#6915,1000.);
#4126=VECTOR('',#6916,1000.);
#4127=VECTOR('',#6919,1000.);
#4128=VECTOR('',#6920,1000.);
#4129=VECTOR('',#6921,1000.);
#4130=VECTOR('',#6922,1000.);
#4131=VECTOR('',#6923,1000.);
#4132=VECTOR('',#6924,1000.);
#4133=VECTOR('',#6925,1000.);
#4134=VECTOR('',#6926,1000.);
#4135=VECTOR('',#6929,1000.);
#4136=VECTOR('',#6930,1000.);
#4137=VECTOR('',#6931,1000.);
#4138=VECTOR('',#6934,1000.);
#4139=VECTOR('',#6935,1000.);
#4140=VECTOR('',#6936,1000.);
#4141=VECTOR('',#6939,1000.);
#4142=VECTOR('',#6940,1000.);
#4143=VECTOR('',#6941,1000.);
#4144=VECTOR('',#6942,1000.);
#4145=VECTOR('',#6945,1000.);
#4146=VECTOR('',#6946,1000.);
#4147=VECTOR('',#6947,1000.);
#4148=VECTOR('',#6950,1000.);
#4149=VECTOR('',#6951,1000.);
#4150=VECTOR('',#6952,1000.);
#4151=VECTOR('',#6955,1000.);
#4152=VECTOR('',#6962,1000.);
#4153=VECTOR('',#6963,1000.);
#4154=VECTOR('',#6964,1000.);
#4155=VECTOR('',#6967,1000.);
#4156=VECTOR('',#6968,1000.);
#4157=VECTOR('',#6969,1000.);
#4158=VECTOR('',#6972,1000.);
#4159=VECTOR('',#6973,1000.);
#4160=VECTOR('',#6974,1000.);
#4161=VECTOR('',#6977,1000.);
#4162=VECTOR('',#6984,1000.);
#4163=VECTOR('',#6985,1000.);
#4164=VECTOR('',#6988,1000.);
#4165=VECTOR('',#6989,1000.);
#4166=VECTOR('',#6990,1000.);
#4167=VECTOR('',#6993,1000.);
#4168=VECTOR('',#7000,1000.);
#4169=VECTOR('',#7001,1000.);
#4170=VECTOR('',#7002,1000.);
#4171=VECTOR('',#7005,1000.);
#4172=VECTOR('',#7006,1000.);
#4173=VECTOR('',#7007,1000.);
#4174=VECTOR('',#7010,1000.);
#4175=VECTOR('',#7011,1000.);
#4176=VECTOR('',#7012,1000.);
#4177=VECTOR('',#7015,1000.);
#4178=VECTOR('',#7022,1000.);
#4179=VECTOR('',#7023,1000.);
#4180=VECTOR('',#7024,1000.);
#4181=VECTOR('',#7027,1000.);
#4182=VECTOR('',#7028,1000.);
#4183=VECTOR('',#7029,1000.);
#4184=VECTOR('',#7032,1000.);
#4185=VECTOR('',#7033,1000.);
#4186=VECTOR('',#7034,1000.);
#4187=VECTOR('',#7037,1000.);
#4188=VECTOR('',#7038,1000.);
#4189=VECTOR('',#7041,1000.);
#4190=VECTOR('',#7042,1000.);
#4191=VECTOR('',#7043,1000.);
#4192=VECTOR('',#7044,1000.);
#4193=VECTOR('',#7045,1000.);
#4194=VECTOR('',#7046,1000.);
#4195=VECTOR('',#7047,1000.);
#4196=VECTOR('',#7048,1000.);
#4197=VECTOR('',#7051,1000.);
#4198=VECTOR('',#7052,1000.);
#4199=VECTOR('',#7055,1000.);
#4200=VECTOR('',#7056,1000.);
#4201=VECTOR('',#7057,1000.);
#4202=VECTOR('',#7060,1000.);
#4203=VECTOR('',#7061,1000.);
#4204=VECTOR('',#7062,1000.);
#4205=VECTOR('',#7063,1000.);
#4206=VECTOR('',#7064,1000.);
#4207=VECTOR('',#7065,1000.);
#4208=VECTOR('',#7066,1000.);
#4209=VECTOR('',#7069,1000.);
#4210=VECTOR('',#7070,1000.);
#4211=VECTOR('',#7071,1000.);
#4212=VECTOR('',#7074,1000.);
#4213=VECTOR('',#7075,1000.);
#4214=VECTOR('',#7076,1000.);
#4215=VECTOR('',#7079,1000.);
#4216=VECTOR('',#7082,1000.);
#4217=VECTOR('',#7085,1000.);
#4218=VECTOR('',#7088,1000.);
#4219=VECTOR('',#7091,1000.);
#4220=VECTOR('',#7094,1000.);
#4221=VECTOR('',#7097,1000.);
#4222=VECTOR('',#7100,1000.);
#4223=VECTOR('',#7105,1000.);
#4224=VECTOR('',#7108,1000.);
#4225=VECTOR('',#7113,1000.);
#4226=VECTOR('',#7114,1000.);
#4227=VECTOR('',#7115,1000.);
#4228=VECTOR('',#7116,1000.);
#4229=VECTOR('',#7117,1000.);
#4230=VECTOR('',#7118,1000.);
#4231=VECTOR('',#7119,1000.);
#4232=VECTOR('',#7120,1000.);
#4233=VECTOR('',#7121,1000.);
#4234=VECTOR('',#7122,1000.);
#4235=VECTOR('',#7123,1000.);
#4236=VECTOR('',#7124,1000.);
#4237=VECTOR('',#7125,1000.);
#4238=VECTOR('',#7126,1000.);
#4239=VECTOR('',#7127,1000.);
#4240=VECTOR('',#7128,1000.);
#4241=VECTOR('',#7129,1000.);
#4242=VECTOR('',#7130,1000.);
#4243=VECTOR('',#7131,1000.);
#4244=VECTOR('',#7132,1000.);
#4245=VECTOR('',#7133,1000.);
#4246=VECTOR('',#7134,1000.);
#4247=VECTOR('',#7137,1000.);
#4248=VECTOR('',#7138,1000.);
#4249=VECTOR('',#7139,1000.);
#4250=VECTOR('',#7140,1000.);
#4251=VECTOR('',#7141,1000.);
#4252=VECTOR('',#7144,1000.);
#4253=VECTOR('',#7145,1000.);
#4254=VECTOR('',#7146,1000.);
#4255=VECTOR('',#7147,1000.);
#4256=VECTOR('',#7148,1000.);
#4257=VECTOR('',#7151,1000.);
#4258=VECTOR('',#7152,1000.);
#4259=VECTOR('',#7153,1000.);
#4260=VECTOR('',#7154,1000.);
#4261=VECTOR('',#7155,1000.);
#4262=VECTOR('',#7158,1000.);
#4263=VECTOR('',#7159,1000.);
#4264=VECTOR('',#7160,1000.);
#4265=VECTOR('',#7161,1000.);
#4266=VECTOR('',#7162,1000.);
#4267=VECTOR('',#7165,1000.);
#4268=VECTOR('',#7168,1000.);
#4269=VECTOR('',#7171,1000.);
#4270=VECTOR('',#7174,1000.);
#4271=VECTOR('',#7177,1000.);
#4272=VECTOR('',#7180,1000.);
#4273=VECTOR('',#7183,1000.);
#4274=VECTOR('',#7186,1000.);
#4275=VECTOR('',#7187,1000.);
#4276=VECTOR('',#7190,1000.);
#4277=VECTOR('',#7191,1000.);
#4278=VECTOR('',#7194,1000.);
#4279=VECTOR('',#7195,1000.);
#4280=VECTOR('',#7198,1000.);
#4281=VECTOR('',#7199,1000.);
#4282=VECTOR('',#7202,1000.);
#4283=VECTOR('',#7211,1000.);
#4284=VECTOR('',#7212,1000.);
#4285=VECTOR('',#7215,1000.);
#4286=VECTOR('',#7218,1000.);
#4287=VECTOR('',#7219,1000.);
#4288=VECTOR('',#7222,1000.);
#4289=VECTOR('',#7231,1000.);
#4290=VECTOR('',#7232,1000.);
#4291=VECTOR('',#7233,1000.);
#4292=VECTOR('',#7236,1000.);
#4293=VECTOR('',#7237,1000.);
#4294=VECTOR('',#7238,1000.);
#4295=VECTOR('',#7239,1000.);
#4296=VECTOR('',#7242,1000.);
#4297=VECTOR('',#7245,1000.);
#4298=VECTOR('',#7246,1000.);
#4299=VECTOR('',#7249,1000.);
#4300=VECTOR('',#7250,1000.);
#4301=VECTOR('',#7251,1000.);
#4302=VECTOR('',#7252,1000.);
#4303=VECTOR('',#7255,1000.);
#4304=VECTOR('',#7256,1000.);
#4305=VECTOR('',#7259,1000.);
#4306=VECTOR('',#7262,1000.);
#4307=VECTOR('',#7263,1000.);
#4308=VECTOR('',#7264,1000.);
#4309=VECTOR('',#7265,1000.);
#4310=VECTOR('',#7268,1000.);
#4311=VECTOR('',#7269,1000.);
#4312=VECTOR('',#7270,1000.);
#4313=VECTOR('',#7273,1000.);
#4314=VECTOR('',#7274,1000.);
#4315=VECTOR('',#7275,1000.);
#4316=VECTOR('',#7278,1000.);
#4317=VECTOR('',#7279,1000.);
#4318=VECTOR('',#7282,1000.);
#4319=VECTOR('',#7283,1000.);
#4320=VECTOR('',#7284,1000.);
#4321=VECTOR('',#7287,1000.);
#4322=VECTOR('',#7288,1000.);
#4323=VECTOR('',#7289,1000.);
#4324=VECTOR('',#7292,1000.);
#4325=VECTOR('',#7293,1000.);
#4326=VECTOR('',#7294,1000.);
#4327=VECTOR('',#7297,1000.);
#4328=VECTOR('',#7298,1000.);
#4329=VECTOR('',#7299,1000.);
#4330=VECTOR('',#7302,1000.);
#4331=VECTOR('',#7303,1000.);
#4332=VECTOR('',#7304,1000.);
#4333=VECTOR('',#7311,1000.);
#4334=VECTOR('',#7312,1000.);
#4335=VECTOR('',#7313,1000.);
#4336=VECTOR('',#7316,1000.);
#4337=VECTOR('',#7317,1000.);
#4338=VECTOR('',#7320,1000.);
#4339=VECTOR('',#7321,1000.);
#4340=VECTOR('',#7322,1000.);
#4341=VECTOR('',#7323,1000.);
#4342=VECTOR('',#7326,1000.);
#4343=VECTOR('',#7327,1000.);
#4344=VECTOR('',#7328,1000.);
#4345=VECTOR('',#7331,1000.);
#4346=VECTOR('',#7332,1000.);
#4347=VECTOR('',#7333,1000.);
#4348=VECTOR('',#7334,1000.);
#4349=VECTOR('',#7335,1000.);
#4350=VECTOR('',#7336,1000.);
#4351=VECTOR('',#7337,1000.);
#4352=VECTOR('',#7340,1000.);
#4353=VECTOR('',#7341,1000.);
#4354=VECTOR('',#7342,1000.);
#4355=VECTOR('',#7345,1000.);
#4356=VECTOR('',#7346,1000.);
#4357=VECTOR('',#7347,1000.);
#4358=VECTOR('',#7348,1000.);
#4359=VECTOR('',#7351,1000.);
#4360=VECTOR('',#7352,1000.);
#4361=VECTOR('',#7353,1000.);
#4362=VECTOR('',#7354,1000.);
#4363=VECTOR('',#7355,1000.);
#4364=VECTOR('',#7356,1000.);
#4365=VECTOR('',#7357,1000.);
#4366=VECTOR('',#7360,1000.);
#4367=VECTOR('',#7361,1000.);
#4368=VECTOR('',#7362,1000.);
#4369=VECTOR('',#7365,1000.);
#4370=VECTOR('',#7366,1000.);
#4371=VECTOR('',#7367,1000.);
#4372=VECTOR('',#7368,1000.);
#4373=VECTOR('',#7369,1000.);
#4374=VECTOR('',#7370,1000.);
#4375=VECTOR('',#7371,1000.);
#4376=VECTOR('',#7374,1000.);
#4377=VECTOR('',#7375,1000.);
#4378=VECTOR('',#7376,1000.);
#4379=VECTOR('',#7379,1000.);
#4380=VECTOR('',#7380,1000.);
#4381=VECTOR('',#7381,1000.);
#4382=VECTOR('',#7382,1000.);
#4383=VECTOR('',#7385,1000.);
#4384=VECTOR('',#7386,1000.);
#4385=VECTOR('',#7389,1000.);
#4386=VECTOR('',#7390,1000.);
#4387=VECTOR('',#7393,1000.);
#4388=VECTOR('',#7396,1000.);
#4389=VECTOR('',#7397,1000.);
#4390=VECTOR('',#7400,1000.);
#4391=VECTOR('',#7405,1000.);
#4392=VECTOR('',#7406,1000.);
#4393=VECTOR('',#7409,1000.);
#4394=VECTOR('',#7414,1000.);
#4395=VECTOR('',#7415,1000.);
#4396=VECTOR('',#7418,1000.);
#4397=VECTOR('',#7423,1000.);
#4398=VECTOR('',#7424,1000.);
#4399=VECTOR('',#7427,1000.);
#4400=VECTOR('',#7432,1000.);
#4401=VECTOR('',#7433,1000.);
#4402=VECTOR('',#7436,1000.);
#4403=VECTOR('',#7441,1000.);
#4404=VECTOR('',#7442,1000.);
#4405=VECTOR('',#7445,1000.);
#4406=VECTOR('',#7450,1000.);
#4407=VECTOR('',#7455,1000.);
#4408=VECTOR('',#7456,1000.);
#4409=VECTOR('',#7457,1000.);
#4410=VECTOR('',#7458,1000.);
#4411=VECTOR('',#7459,1000.);
#4412=VECTOR('',#7460,1000.);
#4413=VECTOR('',#7461,1000.);
#4414=VECTOR('',#7462,1000.);
#4415=VECTOR('',#7463,1000.);
#4416=VECTOR('',#7464,1000.);
#4417=VECTOR('',#7465,1000.);
#4418=VECTOR('',#7466,1000.);
#4419=VECTOR('',#7467,1000.);
#4420=VECTOR('',#7468,1000.);
#4421=VECTOR('',#7469,1000.);
#4422=VECTOR('',#7472,1000.);
#4423=VECTOR('',#7473,1000.);
#4424=VECTOR('',#7474,1000.);
#4425=VECTOR('',#7477,1000.);
#4426=VECTOR('',#7478,1000.);
#4427=VECTOR('',#7481,1000.);
#4428=VECTOR('',#7482,1000.);
#4429=VECTOR('',#7485,1000.);
#4430=VECTOR('',#7486,1000.);
#4431=VECTOR('',#7489,1000.);
#4432=VECTOR('',#7490,1000.);
#4433=VECTOR('',#7493,1000.);
#4434=VECTOR('',#7494,1000.);
#4435=VECTOR('',#7495,1000.);
#4436=VECTOR('',#7498,1000.);
#4437=VECTOR('',#7499,1000.);
#4438=VECTOR('',#7500,1000.);
#4439=VECTOR('',#7501,1000.);
#4440=VECTOR('',#7504,1000.);
#4441=VECTOR('',#7505,1000.);
#4442=VECTOR('',#7508,1000.);
#4443=VECTOR('',#7511,1000.);
#4444=VECTOR('',#7512,1000.);
#4445=VECTOR('',#7515,1000.);
#4446=VECTOR('',#7516,1000.);
#4447=VECTOR('',#7519,1000.);
#4448=VECTOR('',#7520,1000.);
#4449=VECTOR('',#7521,1000.);
#4450=VECTOR('',#7524,1000.);
#4451=VECTOR('',#7525,1000.);
#4452=VECTOR('',#7526,1000.);
#4453=VECTOR('',#7529,1000.);
#4454=VECTOR('',#7532,1000.);
#4455=VECTOR('',#7535,1000.);
#4456=VECTOR('',#7538,1000.);
#4457=VECTOR('',#7541,1000.);
#4458=VECTOR('',#7544,1000.);
#4459=VECTOR('',#7547,1000.);
#4460=VECTOR('',#7550,1000.);
#4461=VECTOR('',#7553,1000.);
#4462=VECTOR('',#7556,1000.);
#4463=VECTOR('',#7559,1000.);
#4464=VECTOR('',#7562,1000.);
#4465=VECTOR('',#7565,1000.);
#4466=VECTOR('',#7568,1000.);
#4467=VECTOR('',#7571,1000.);
#4468=VECTOR('',#7574,1000.);
#4469=VECTOR('',#7577,1000.);
#4470=VECTOR('',#7580,1000.);
#4471=VECTOR('',#7583,1000.);
#4472=VECTOR('',#7588,1000.);
#4473=VECTOR('',#7589,1000.);
#4474=VECTOR('',#7596,1000.);
#4475=VECTOR('',#7597,1000.);
#4476=VECTOR('',#7604,1000.);
#4477=VECTOR('',#7605,1000.);
#4478=VECTOR('',#7612,1000.);
#4479=VECTOR('',#7613,1000.);
#4480=VECTOR('',#7644,1000.);
#4481=VECTOR('',#7645,1000.);
#4482=VECTOR('',#7648,1000.);
#4483=VECTOR('',#7649,1000.);
#4484=VECTOR('',#7652,1000.);
#4485=VECTOR('',#7653,1000.);
#4486=VECTOR('',#7654,1000.);
#4487=VECTOR('',#7657,1000.);
#4488=VECTOR('',#7658,1000.);
#4489=VECTOR('',#7661,1000.);
#4490=VECTOR('',#7662,1000.);
#4491=VECTOR('',#7665,1000.);
#4492=VECTOR('',#7670,1000.);
#4493=VECTOR('',#7671,1000.);
#4494=VECTOR('',#7674,1000.);
#4495=VECTOR('',#7675,1000.);
#4496=VECTOR('',#7678,1000.);
#4497=VECTOR('',#7679,1000.);
#4498=VECTOR('',#7682,1000.);
#4499=VECTOR('',#7687,1000.);
#4500=VECTOR('',#7690,1000.);
#4501=VECTOR('',#7691,1000.);
#4502=VECTOR('',#7694,1000.);
#4503=VECTOR('',#7699,1000.);
#4504=VECTOR('',#7700,1000.);
#4505=VECTOR('',#7703,1000.);
#4506=VECTOR('',#7704,1000.);
#4507=VECTOR('',#7707,1000.);
#4508=VECTOR('',#7708,1000.);
#4509=VECTOR('',#7711,1000.);
#4510=VECTOR('',#7716,1000.);
#4511=VECTOR('',#7717,1000.);
#4512=VECTOR('',#7720,1000.);
#4513=VECTOR('',#7721,1000.);
#4514=VECTOR('',#7724,1000.);
#4515=VECTOR('',#7725,1000.);
#4516=VECTOR('',#7728,1000.);
#4517=VECTOR('',#7731,1000.);
#4518=VECTOR('',#7732,1000.);
#4519=VECTOR('',#7733,1000.);
#4520=VECTOR('',#7734,1000.);
#4521=VECTOR('',#7737,1000.);
#4522=VECTOR('',#7738,1000.);
#4523=VECTOR('',#7739,1000.);
#4524=VECTOR('',#7742,1000.);
#4525=VECTOR('',#7743,1000.);
#4526=VECTOR('',#7744,1000.);
#4527=VECTOR('',#7745,1000.);
#4528=VECTOR('',#7746,1000.);
#4529=VECTOR('',#7747,1000.);
#4530=VECTOR('',#7748,1000.);
#4531=VECTOR('',#7751,1000.);
#4532=VECTOR('',#7752,1000.);
#4533=VECTOR('',#7753,1000.);
#4534=VECTOR('',#7756,1000.);
#4535=VECTOR('',#7757,1000.);
#4536=VECTOR('',#7758,1000.);
#4537=VECTOR('',#7759,1000.);
#4538=VECTOR('',#7762,1000.);
#4539=VECTOR('',#7765,1000.);
#4540=VECTOR('',#7768,1000.);
#4541=VECTOR('',#7771,1000.);
#4542=VECTOR('',#7774,1000.);
#4543=VECTOR('',#7777,1000.);
#4544=VECTOR('',#7780,1000.);
#4545=VECTOR('',#7783,1000.);
#4546=VECTOR('',#7786,1000.);
#4547=VECTOR('',#7789,1000.);
#4548=VECTOR('',#7792,1000.);
#4549=VECTOR('',#7795,1000.);
#4550=VECTOR('',#7798,1000.);
#4551=VECTOR('',#7801,1000.);
#4552=VECTOR('',#7804,1000.);
#4553=VECTOR('',#7807,1000.);
#4554=VECTOR('',#7810,1000.);
#4555=VECTOR('',#7813,1000.);
#4556=VECTOR('',#7816,1000.);
#4557=VECTOR('',#7819,1000.);
#4558=VECTOR('',#7822,1000.);
#4559=VECTOR('',#7825,1000.);
#4560=VECTOR('',#7828,1000.);
#4561=VECTOR('',#7831,1000.);
#4562=VECTOR('',#7836,1000.);
#4563=VECTOR('',#7837,1000.);
#4564=VECTOR('',#7840,1000.);
#4565=VECTOR('',#7841,1000.);
#4566=VECTOR('',#7844,1000.);
#4567=VECTOR('',#7845,1000.);
#4568=VECTOR('',#7848,1000.);
#4569=VECTOR('',#7849,1000.);
#4570=VECTOR('',#7852,1000.);
#4571=VECTOR('',#7857,1000.);
#4572=VECTOR('',#7858,1000.);
#4573=VECTOR('',#7861,1000.);
#4574=VECTOR('',#7862,1000.);
#4575=VECTOR('',#7865,1000.);
#4576=VECTOR('',#7866,1000.);
#4577=VECTOR('',#7869,1000.);
#4578=VECTOR('',#7874,1000.);
#4579=VECTOR('',#7875,1000.);
#4580=VECTOR('',#7878,1000.);
#4581=VECTOR('',#7879,1000.);
#4582=VECTOR('',#7882,1000.);
#4583=VECTOR('',#7883,1000.);
#4584=VECTOR('',#7886,1000.);
#4585=VECTOR('',#7887,1000.);
#4586=VECTOR('',#7890,1000.);
#4587=VECTOR('',#7891,1000.);
#4588=VECTOR('',#7894,1000.);
#4589=VECTOR('',#7895,1000.);
#4590=VECTOR('',#7898,1000.);
#4591=VECTOR('',#7899,1000.);
#4592=VECTOR('',#7902,1000.);
#4593=VECTOR('',#7907,1000.);
#4594=VECTOR('',#7908,1000.);
#4595=VECTOR('',#7911,1000.);
#4596=VECTOR('',#7912,1000.);
#4597=VECTOR('',#7915,1000.);
#4598=VECTOR('',#7916,1000.);
#4599=VECTOR('',#7919,1000.);
#4600=VECTOR('',#7924,1000.);
#4601=VECTOR('',#7925,1000.);
#4602=VECTOR('',#7928,1000.);
#4603=VECTOR('',#7929,1000.);
#4604=VECTOR('',#7932,1000.);
#4605=VECTOR('',#7933,1000.);
#4606=VECTOR('',#7936,1000.);
#4607=VECTOR('',#7967,1000.);
#4608=VECTOR('',#7968,1000.);
#4609=VECTOR('',#7969,1000.);
#4610=VECTOR('',#7970,1000.);
#4611=VECTOR('',#7971,1000.);
#4612=VECTOR('',#7972,1000.);
#4613=VECTOR('',#7997,1000.);
#4614=VECTOR('',#7998,1000.);
#4615=VECTOR('',#7999,1000.);
#4616=VECTOR('',#8000,1000.);
#4617=VECTOR('',#8003,1000.);
#4618=VECTOR('',#8004,1000.);
#4619=VECTOR('',#8005,1000.);
#4620=VECTOR('',#8008,1000.);
#4621=VECTOR('',#8009,1000.);
#4622=VECTOR('',#8010,1000.);
#4623=VECTOR('',#8013,1000.);
#4624=VECTOR('',#8014,1000.);
#4625=VECTOR('',#8015,1000.);
#4626=VECTOR('',#8018,1000.);
#4627=VECTOR('',#8019,1000.);
#4628=VECTOR('',#8020,1000.);
#4629=VECTOR('',#8023,1000.);
#4630=VECTOR('',#8024,1000.);
#4631=EDGE_LOOP('',(#310,#311,#312,#313));
#4632=EDGE_LOOP('',(#314,#315,#316,#317));
#4633=EDGE_LOOP('',(#318,#319,#320,#321));
#4634=EDGE_LOOP('',(#322,#323,#324,#325));
#4635=EDGE_LOOP('',(#326,#327,#328,#329));
#4636=EDGE_LOOP('',(#330,#331,#332,#333));
#4637=EDGE_LOOP('',(#334,#335,#336,#337));
#4638=EDGE_LOOP('',(#338,#339,#340,#341));
#4639=EDGE_LOOP('',(#342,#343,#344,#345));
#4640=EDGE_LOOP('',(#346,#347,#348,#349));
#4641=EDGE_LOOP('',(#350,#351,#352,#353));
#4642=EDGE_LOOP('',(#354));
#4643=EDGE_LOOP('',(#355));
#4644=EDGE_LOOP('',(#356));
#4645=EDGE_LOOP('',(#357));
#4646=EDGE_LOOP('',(#358));
#4647=EDGE_LOOP('',(#359));
#4648=EDGE_LOOP('',(#360));
#4649=EDGE_LOOP('',(#361));
#4650=EDGE_LOOP('',(#362));
#4651=EDGE_LOOP('',(#363));
#4652=EDGE_LOOP('',(#364));
#4653=EDGE_LOOP('',(#365,#366,#367,#368));
#4654=EDGE_LOOP('',(#369,#370,#371,#372));
#4655=EDGE_LOOP('',(#373,#374,#375,#376));
#4656=EDGE_LOOP('',(#377,#378,#379,#380));
#4657=EDGE_LOOP('',(#381,#382,#383,#384));
#4658=EDGE_LOOP('',(#385,#386,#387,#388));
#4659=EDGE_LOOP('',(#389,#390,#391,#392));
#4660=EDGE_LOOP('',(#393,#394,#395,#396));
#4661=EDGE_LOOP('',(#397,#398,#399,#400));
#4662=EDGE_LOOP('',(#401,#402,#403,#404));
#4663=EDGE_LOOP('',(#405,#406,#407,#408));
#4664=EDGE_LOOP('',(#409,#410,#411,#412));
#4665=EDGE_LOOP('',(#413));
#4666=EDGE_LOOP('',(#414));
#4667=EDGE_LOOP('',(#415));
#4668=EDGE_LOOP('',(#416));
#4669=EDGE_LOOP('',(#417));
#4670=EDGE_LOOP('',(#418));
#4671=EDGE_LOOP('',(#419));
#4672=EDGE_LOOP('',(#420));
#4673=EDGE_LOOP('',(#421));
#4674=EDGE_LOOP('',(#422));
#4675=EDGE_LOOP('',(#423));
#4676=EDGE_LOOP('',(#424,#425,#426,#427));
#4677=EDGE_LOOP('',(#428,#429,#430,#431,#432,#433,#434,#435,#436,#437,#438,
#439,#440,#441,#442,#443,#444,#445,#446,#447,#448,#449,#450,#451));
#4678=EDGE_LOOP('',(#452,#453,#454,#455,#456,#457,#458,#459,#460,#461,#462,
#463,#464,#465,#466,#467,#468,#469,#470,#471,#472,#473,#474,#475));
#4679=EDGE_LOOP('',(#476));
#4680=EDGE_LOOP('',(#477));
#4681=EDGE_LOOP('',(#478));
#4682=EDGE_LOOP('',(#479));
#4683=EDGE_LOOP('',(#480));
#4684=EDGE_LOOP('',(#481));
#4685=EDGE_LOOP('',(#482));
#4686=EDGE_LOOP('',(#483));
#4687=EDGE_LOOP('',(#484));
#4688=EDGE_LOOP('',(#485));
#4689=EDGE_LOOP('',(#486));
#4690=EDGE_LOOP('',(#487));
#4691=EDGE_LOOP('',(#488));
#4692=EDGE_LOOP('',(#489));
#4693=EDGE_LOOP('',(#490));
#4694=EDGE_LOOP('',(#491));
#4695=EDGE_LOOP('',(#492));
#4696=EDGE_LOOP('',(#493));
#4697=EDGE_LOOP('',(#494));
#4698=EDGE_LOOP('',(#495));
#4699=EDGE_LOOP('',(#496));
#4700=EDGE_LOOP('',(#497));
#4701=EDGE_LOOP('',(#498));
#4702=EDGE_LOOP('',(#499));
#4703=EDGE_LOOP('',(#500));
#4704=EDGE_LOOP('',(#501));
#4705=EDGE_LOOP('',(#502));
#4706=EDGE_LOOP('',(#503));
#4707=EDGE_LOOP('',(#504));
#4708=EDGE_LOOP('',(#505));
#4709=EDGE_LOOP('',(#506));
#4710=EDGE_LOOP('',(#507));
#4711=EDGE_LOOP('',(#508));
#4712=EDGE_LOOP('',(#509));
#4713=EDGE_LOOP('',(#510));
#4714=EDGE_LOOP('',(#511));
#4715=EDGE_LOOP('',(#512));
#4716=EDGE_LOOP('',(#513));
#4717=EDGE_LOOP('',(#514));
#4718=EDGE_LOOP('',(#515));
#4719=EDGE_LOOP('',(#516));
#4720=EDGE_LOOP('',(#517));
#4721=EDGE_LOOP('',(#518));
#4722=EDGE_LOOP('',(#519));
#4723=EDGE_LOOP('',(#520));
#4724=EDGE_LOOP('',(#521));
#4725=EDGE_LOOP('',(#522));
#4726=EDGE_LOOP('',(#523));
#4727=EDGE_LOOP('',(#524));
#4728=EDGE_LOOP('',(#525));
#4729=EDGE_LOOP('',(#526));
#4730=EDGE_LOOP('',(#527));
#4731=EDGE_LOOP('',(#528));
#4732=EDGE_LOOP('',(#529));
#4733=EDGE_LOOP('',(#530));
#4734=EDGE_LOOP('',(#531));
#4735=EDGE_LOOP('',(#532));
#4736=EDGE_LOOP('',(#533));
#4737=EDGE_LOOP('',(#534));
#4738=EDGE_LOOP('',(#535));
#4739=EDGE_LOOP('',(#536));
#4740=EDGE_LOOP('',(#537));
#4741=EDGE_LOOP('',(#538));
#4742=EDGE_LOOP('',(#539));
#4743=EDGE_LOOP('',(#540));
#4744=EDGE_LOOP('',(#541));
#4745=EDGE_LOOP('',(#542,#543,#544,#545,#546,#547,#548,#549));
#4746=EDGE_LOOP('',(#550,#551,#552,#553,#554,#555,#556,#557));
#4747=EDGE_LOOP('',(#558,#559,#560,#561));
#4748=EDGE_LOOP('',(#562,#563,#564,#565));
#4749=EDGE_LOOP('',(#566,#567,#568,#569));
#4750=EDGE_LOOP('',(#570,#571,#572,#573));
#4751=EDGE_LOOP('',(#574,#575,#576,#577));
#4752=EDGE_LOOP('',(#578,#579,#580,#581));
#4753=EDGE_LOOP('',(#582,#583,#584,#585));
#4754=EDGE_LOOP('',(#586,#587,#588,#589));
#4755=EDGE_LOOP('',(#590,#591,#592,#593));
#4756=EDGE_LOOP('',(#594,#595,#596,#597));
#4757=EDGE_LOOP('',(#598,#599,#600,#601));
#4758=EDGE_LOOP('',(#602,#603,#604,#605));
#4759=EDGE_LOOP('',(#606,#607,#608,#609));
#4760=EDGE_LOOP('',(#610,#611,#612,#613));
#4761=EDGE_LOOP('',(#614,#615,#616,#617));
#4762=EDGE_LOOP('',(#618,#619,#620,#621));
#4763=EDGE_LOOP('',(#622,#623,#624,#625));
#4764=EDGE_LOOP('',(#626,#627,#628,#629));
#4765=EDGE_LOOP('',(#630,#631,#632,#633));
#4766=EDGE_LOOP('',(#634,#635,#636,#637));
#4767=EDGE_LOOP('',(#638,#639,#640,#641));
#4768=EDGE_LOOP('',(#642,#643,#644,#645,#646,#647));
#4769=EDGE_LOOP('',(#648,#649,#650,#651));
#4770=EDGE_LOOP('',(#652,#653,#654,#655));
#4771=EDGE_LOOP('',(#656,#657,#658,#659,#660,#661));
#4772=EDGE_LOOP('',(#662,#663,#664,#665));
#4773=EDGE_LOOP('',(#666,#667,#668,#669));
#4774=EDGE_LOOP('',(#670,#671,#672,#673,#674,#675,#676,#677));
#4775=EDGE_LOOP('',(#678,#679,#680,#681));
#4776=EDGE_LOOP('',(#682,#683,#684,#685));
#4777=EDGE_LOOP('',(#686,#687,#688,#689));
#4778=EDGE_LOOP('',(#690,#691,#692,#693));
#4779=EDGE_LOOP('',(#694,#695,#696,#697));
#4780=EDGE_LOOP('',(#698,#699,#700,#701));
#4781=EDGE_LOOP('',(#702,#703,#704,#705));
#4782=EDGE_LOOP('',(#706,#707,#708,#709));
#4783=EDGE_LOOP('',(#710,#711,#712,#713));
#4784=EDGE_LOOP('',(#714,#715,#716,#717));
#4785=EDGE_LOOP('',(#718,#719,#720,#721));
#4786=EDGE_LOOP('',(#722,#723,#724,#725));
#4787=EDGE_LOOP('',(#726,#727,#728,#729));
#4788=EDGE_LOOP('',(#730,#731,#732,#733));
#4789=EDGE_LOOP('',(#734,#735,#736,#737));
#4790=EDGE_LOOP('',(#738,#739,#740,#741));
#4791=EDGE_LOOP('',(#742,#743,#744,#745));
#4792=EDGE_LOOP('',(#746,#747,#748,#749));
#4793=EDGE_LOOP('',(#750,#751,#752,#753));
#4794=EDGE_LOOP('',(#754,#755,#756,#757));
#4795=EDGE_LOOP('',(#758,#759,#760,#761));
#4796=EDGE_LOOP('',(#762,#763,#764,#765,#766,#767,#768,#769));
#4797=EDGE_LOOP('',(#770,#771,#772,#773,#774,#775,#776,#777,#778,#779,#780,
#781,#782,#783,#784,#785,#786,#787,#788,#789,#790,#791,#792,#793,#794,#795,
#796,#797,#798,#799,#800,#801,#802,#803,#804,#805));
#4798=EDGE_LOOP('',(#806,#807,#808,#809));
#4799=EDGE_LOOP('',(#810,#811,#812,#813));
#4800=EDGE_LOOP('',(#814,#815,#816,#817,#818,#819,#820,#821,#822,#823,#824,
#825,#826,#827,#828,#829,#830,#831,#832,#833,#834,#835,#836,#837));
#4801=EDGE_LOOP('',(#838,#839,#840,#841,#842,#843));
#4802=EDGE_LOOP('',(#844,#845,#846,#847,#848,#849));
#4803=EDGE_LOOP('',(#850,#851,#852,#853,#854,#855));
#4804=EDGE_LOOP('',(#856,#857,#858,#859,#860,#861));
#4805=EDGE_LOOP('',(#862,#863,#864,#865,#866,#867,#868,#869,#870,#871,#872,
#873,#874,#875,#876,#877,#878,#879,#880,#881,#882,#883,#884,#885,#886,#887,
#888,#889,#890,#891,#892,#893,#894,#895,#896,#897));
#4806=EDGE_LOOP('',(#898,#899,#900,#901));
#4807=EDGE_LOOP('',(#902,#903,#904,#905));
#4808=EDGE_LOOP('',(#906,#907,#908,#909));
#4809=EDGE_LOOP('',(#910,#911,#912,#913));
#4810=EDGE_LOOP('',(#914,#915,#916,#917));
#4811=EDGE_LOOP('',(#918,#919,#920,#921));
#4812=EDGE_LOOP('',(#922,#923,#924,#925));
#4813=EDGE_LOOP('',(#926,#927,#928,#929));
#4814=EDGE_LOOP('',(#930,#931,#932,#933));
#4815=EDGE_LOOP('',(#934,#935,#936,#937));
#4816=EDGE_LOOP('',(#938,#939,#940,#941));
#4817=EDGE_LOOP('',(#942,#943,#944,#945));
#4818=EDGE_LOOP('',(#946,#947,#948,#949,#950,#951));
#4819=EDGE_LOOP('',(#952,#953,#954,#955));
#4820=EDGE_LOOP('',(#956,#957,#958,#959));
#4821=EDGE_LOOP('',(#960,#961,#962,#963,#964,#965));
#4822=EDGE_LOOP('',(#966,#967,#968,#969));
#4823=EDGE_LOOP('',(#970,#971,#972,#973));
#4824=EDGE_LOOP('',(#974,#975,#976,#977));
#4825=EDGE_LOOP('',(#978,#979,#980,#981));
#4826=EDGE_LOOP('',(#982,#983,#984,#985));
#4827=EDGE_LOOP('',(#986,#987,#988,#989));
#4828=EDGE_LOOP('',(#990,#991,#992,#993));
#4829=EDGE_LOOP('',(#994,#995,#996,#997));
#4830=EDGE_LOOP('',(#998,#999,#1000,#1001));
#4831=EDGE_LOOP('',(#1002,#1003,#1004,#1005));
#4832=EDGE_LOOP('',(#1006,#1007,#1008,#1009));
#4833=EDGE_LOOP('',(#1010));
#4834=EDGE_LOOP('',(#1011));
#4835=EDGE_LOOP('',(#1012,#1013,#1014,#1015));
#4836=EDGE_LOOP('',(#1016,#1017,#1018,#1019));
#4837=EDGE_LOOP('',(#1020,#1021,#1022,#1023,#1024,#1025,#1026,#1027,#1028,
#1029,#1030,#1031,#1032,#1033,#1034,#1035,#1036,#1037,#1038,#1039,#1040,
#1041,#1042,#1043,#1044,#1045,#1046,#1047,#1048,#1049,#1050,#1051,#1052,
#1053));
#4838=EDGE_LOOP('',(#1054,#1055,#1056,#1057,#1058,#1059,#1060,#1061,#1062,
#1063,#1064,#1065,#1066,#1067,#1068,#1069,#1070,#1071,#1072,#1073,#1074,
#1075,#1076,#1077,#1078,#1079,#1080,#1081,#1082,#1083));
#4839=EDGE_LOOP('',(#1084,#1085,#1086,#1087,#1088,#1089,#1090,#1091,#1092,
#1093,#1094,#1095,#1096,#1097,#1098,#1099,#1100,#1101,#1102,#1103,#1104,
#1105,#1106,#1107,#1108,#1109,#1110,#1111,#1112,#1113,#1114,#1115,#1116,
#1117));
#4840=EDGE_LOOP('',(#1118,#1119,#1120,#1121,#1122,#1123,#1124,#1125,#1126,
#1127,#1128,#1129,#1130,#1131,#1132,#1133,#1134,#1135,#1136,#1137,#1138,
#1139,#1140,#1141,#1142,#1143,#1144,#1145,#1146,#1147));
#4841=EDGE_LOOP('',(#1148,#1149,#1150,#1151));
#4842=EDGE_LOOP('',(#1152,#1153,#1154,#1155));
#4843=EDGE_LOOP('',(#1156,#1157,#1158,#1159));
#4844=EDGE_LOOP('',(#1160,#1161,#1162,#1163));
#4845=EDGE_LOOP('',(#1164,#1165,#1166,#1167));
#4846=EDGE_LOOP('',(#1168,#1169,#1170,#1171));
#4847=EDGE_LOOP('',(#1172,#1173,#1174,#1175));
#4848=EDGE_LOOP('',(#1176,#1177,#1178,#1179));
#4849=EDGE_LOOP('',(#1180,#1181,#1182,#1183));
#4850=EDGE_LOOP('',(#1184,#1185,#1186,#1187));
#4851=EDGE_LOOP('',(#1188,#1189,#1190,#1191));
#4852=EDGE_LOOP('',(#1192,#1193,#1194,#1195));
#4853=EDGE_LOOP('',(#1196,#1197,#1198,#1199));
#4854=EDGE_LOOP('',(#1200,#1201,#1202,#1203));
#4855=EDGE_LOOP('',(#1204,#1205,#1206,#1207));
#4856=EDGE_LOOP('',(#1208,#1209,#1210,#1211));
#4857=EDGE_LOOP('',(#1212,#1213,#1214,#1215,#1216,#1217,#1218,#1219,#1220,
#1221,#1222,#1223,#1224,#1225,#1226,#1227,#1228,#1229,#1230,#1231,#1232,
#1233,#1234,#1235,#1236,#1237,#1238,#1239,#1240,#1241));
#4858=EDGE_LOOP('',(#1242,#1243,#1244,#1245,#1246,#1247,#1248,#1249,#1250,
#1251,#1252,#1253,#1254,#1255,#1256,#1257,#1258,#1259,#1260,#1261,#1262,
#1263,#1264,#1265));
#4859=EDGE_LOOP('',(#1266,#1267,#1268,#1269));
#4860=EDGE_LOOP('',(#1270,#1271,#1272,#1273));
#4861=EDGE_LOOP('',(#1274,#1275,#1276,#1277));
#4862=EDGE_LOOP('',(#1278,#1279,#1280,#1281));
#4863=EDGE_LOOP('',(#1282,#1283,#1284,#1285));
#4864=EDGE_LOOP('',(#1286,#1287,#1288,#1289,#1290,#1291));
#4865=EDGE_LOOP('',(#1292,#1293,#1294,#1295,#1296,#1297));
#4866=EDGE_LOOP('',(#1298,#1299,#1300,#1301));
#4867=EDGE_LOOP('',(#1302,#1303,#1304,#1305));
#4868=EDGE_LOOP('',(#1306,#1307,#1308,#1309));
#4869=EDGE_LOOP('',(#1310,#1311,#1312,#1313));
#4870=EDGE_LOOP('',(#1314,#1315,#1316,#1317,#1318,#1319));
#4871=EDGE_LOOP('',(#1320,#1321,#1322,#1323,#1324,#1325));
#4872=EDGE_LOOP('',(#1326,#1327,#1328,#1329,#1330,#1331,#1332,#1333,#1334,
#1335,#1336,#1337,#1338,#1339,#1340,#1341,#1342,#1343,#1344,#1345,#1346,
#1347,#1348,#1349,#1350,#1351,#1352,#1353,#1354,#1355));
#4873=EDGE_LOOP('',(#1356,#1357,#1358,#1359));
#4874=EDGE_LOOP('',(#1360,#1361,#1362,#1363));
#4875=EDGE_LOOP('',(#1364,#1365,#1366,#1367));
#4876=EDGE_LOOP('',(#1368,#1369,#1370,#1371));
#4877=EDGE_LOOP('',(#1372,#1373,#1374,#1375));
#4878=EDGE_LOOP('',(#1376,#1377,#1378,#1379));
#4879=EDGE_LOOP('',(#1380,#1381,#1382,#1383));
#4880=EDGE_LOOP('',(#1384,#1385,#1386,#1387));
#4881=EDGE_LOOP('',(#1388,#1389,#1390,#1391));
#4882=EDGE_LOOP('',(#1392,#1393,#1394,#1395));
#4883=EDGE_LOOP('',(#1396,#1397,#1398,#1399));
#4884=EDGE_LOOP('',(#1400,#1401,#1402,#1403));
#4885=EDGE_LOOP('',(#1404,#1405,#1406,#1407));
#4886=EDGE_LOOP('',(#1408,#1409,#1410,#1411,#1412));
#4887=EDGE_LOOP('',(#1413,#1414,#1415,#1416,#1417,#1418));
#4888=EDGE_LOOP('',(#1419,#1420,#1421,#1422,#1423));
#4889=EDGE_LOOP('',(#1424,#1425,#1426,#1427,#1428,#1429));
#4890=EDGE_LOOP('',(#1430,#1431,#1432,#1433,#1434));
#4891=EDGE_LOOP('',(#1435,#1436,#1437,#1438,#1439,#1440));
#4892=EDGE_LOOP('',(#1441,#1442,#1443,#1444,#1445));
#4893=EDGE_LOOP('',(#1446,#1447,#1448,#1449,#1450,#1451));
#4894=EDGE_LOOP('',(#1452));
#4895=EDGE_LOOP('',(#1453));
#4896=EDGE_LOOP('',(#1454));
#4897=EDGE_LOOP('',(#1455));
#4898=EDGE_LOOP('',(#1456));
#4899=EDGE_LOOP('',(#1457));
#4900=EDGE_LOOP('',(#1458));
#4901=EDGE_LOOP('',(#1459));
#4902=EDGE_LOOP('',(#1460));
#4903=EDGE_LOOP('',(#1461));
#4904=EDGE_LOOP('',(#1462));
#4905=EDGE_LOOP('',(#1463));
#4906=EDGE_LOOP('',(#1464,#1465,#1466,#1467));
#4907=EDGE_LOOP('',(#1468,#1469,#1470,#1471));
#4908=EDGE_LOOP('',(#1472,#1473,#1474,#1475));
#4909=EDGE_LOOP('',(#1476,#1477,#1478,#1479));
#4910=EDGE_LOOP('',(#1480,#1481,#1482,#1483));
#4911=EDGE_LOOP('',(#1484,#1485,#1486,#1487));
#4912=EDGE_LOOP('',(#1488,#1489,#1490,#1491));
#4913=EDGE_LOOP('',(#1492,#1493,#1494,#1495));
#4914=EDGE_LOOP('',(#1496,#1497,#1498,#1499));
#4915=EDGE_LOOP('',(#1500,#1501,#1502,#1503));
#4916=EDGE_LOOP('',(#1504,#1505,#1506,#1507));
#4917=EDGE_LOOP('',(#1508,#1509,#1510,#1511));
#4918=EDGE_LOOP('',(#1512,#1513,#1514,#1515));
#4919=EDGE_LOOP('',(#1516,#1517,#1518,#1519));
#4920=EDGE_LOOP('',(#1520,#1521,#1522,#1523));
#4921=EDGE_LOOP('',(#1524,#1525,#1526,#1527));
#4922=EDGE_LOOP('',(#1528,#1529,#1530,#1531));
#4923=EDGE_LOOP('',(#1532,#1533,#1534,#1535));
#4924=EDGE_LOOP('',(#1536,#1537,#1538,#1539));
#4925=EDGE_LOOP('',(#1540,#1541,#1542,#1543));
#4926=EDGE_LOOP('',(#1544,#1545,#1546,#1547));
#4927=EDGE_LOOP('',(#1548,#1549,#1550,#1551,#1552,#1553,#1554,#1555,#1556,
#1557,#1558,#1559,#1560,#1561,#1562,#1563,#1564,#1565,#1566,#1567,#1568,
#1569,#1570,#1571,#1572,#1573,#1574,#1575,#1576,#1577,#1578,#1579,#1580,
#1581,#1582,#1583,#1584,#1585,#1586,#1587,#1588,#1589,#1590,#1591,#1592,
#1593,#1594,#1595,#1596,#1597,#1598,#1599));
#4928=EDGE_LOOP('',(#1600,#1601,#1602,#1603));
#4929=EDGE_LOOP('',(#1604,#1605,#1606,#1607));
#4930=EDGE_LOOP('',(#1608,#1609,#1610,#1611));
#4931=EDGE_LOOP('',(#1612,#1613,#1614,#1615));
#4932=EDGE_LOOP('',(#1616,#1617,#1618,#1619));
#4933=EDGE_LOOP('',(#1620,#1621,#1622,#1623));
#4934=EDGE_LOOP('',(#1624,#1625,#1626,#1627));
#4935=EDGE_LOOP('',(#1628,#1629,#1630,#1631));
#4936=EDGE_LOOP('',(#1632,#1633,#1634,#1635));
#4937=EDGE_LOOP('',(#1636,#1637,#1638,#1639));
#4938=EDGE_LOOP('',(#1640,#1641,#1642,#1643));
#4939=EDGE_LOOP('',(#1644,#1645,#1646,#1647));
#4940=EDGE_LOOP('',(#1648,#1649,#1650,#1651));
#4941=EDGE_LOOP('',(#1652,#1653,#1654,#1655));
#4942=EDGE_LOOP('',(#1656,#1657,#1658,#1659));
#4943=EDGE_LOOP('',(#1660,#1661,#1662,#1663));
#4944=EDGE_LOOP('',(#1664,#1665,#1666,#1667));
#4945=EDGE_LOOP('',(#1668,#1669,#1670,#1671));
#4946=EDGE_LOOP('',(#1672,#1673,#1674,#1675));
#4947=EDGE_LOOP('',(#1676,#1677,#1678,#1679));
#4948=EDGE_LOOP('',(#1680,#1681,#1682,#1683));
#4949=EDGE_LOOP('',(#1684,#1685,#1686,#1687));
#4950=EDGE_LOOP('',(#1688,#1689,#1690,#1691));
#4951=EDGE_LOOP('',(#1692,#1693,#1694,#1695));
#4952=EDGE_LOOP('',(#1696,#1697,#1698,#1699));
#4953=EDGE_LOOP('',(#1700,#1701,#1702,#1703));
#4954=EDGE_LOOP('',(#1704,#1705,#1706,#1707));
#4955=EDGE_LOOP('',(#1708,#1709,#1710,#1711));
#4956=EDGE_LOOP('',(#1712,#1713,#1714,#1715));
#4957=EDGE_LOOP('',(#1716,#1717,#1718,#1719));
#4958=EDGE_LOOP('',(#1720,#1721,#1722,#1723));
#4959=EDGE_LOOP('',(#1724,#1725,#1726,#1727));
#4960=EDGE_LOOP('',(#1728,#1729,#1730,#1731));
#4961=EDGE_LOOP('',(#1732,#1733,#1734,#1735));
#4962=EDGE_LOOP('',(#1736,#1737,#1738,#1739));
#4963=EDGE_LOOP('',(#1740,#1741,#1742,#1743));
#4964=EDGE_LOOP('',(#1744,#1745,#1746,#1747));
#4965=EDGE_LOOP('',(#1748,#1749,#1750,#1751));
#4966=EDGE_LOOP('',(#1752,#1753,#1754,#1755));
#4967=EDGE_LOOP('',(#1756,#1757,#1758,#1759));
#4968=EDGE_LOOP('',(#1760,#1761,#1762,#1763));
#4969=EDGE_LOOP('',(#1764,#1765,#1766,#1767));
#4970=EDGE_LOOP('',(#1768,#1769,#1770,#1771));
#4971=EDGE_LOOP('',(#1772,#1773,#1774,#1775));
#4972=EDGE_LOOP('',(#1776,#1777,#1778,#1779));
#4973=EDGE_LOOP('',(#1780,#1781,#1782,#1783));
#4974=EDGE_LOOP('',(#1784,#1785,#1786,#1787));
#4975=EDGE_LOOP('',(#1788,#1789,#1790,#1791));
#4976=EDGE_LOOP('',(#1792,#1793,#1794,#1795));
#4977=EDGE_LOOP('',(#1796,#1797,#1798,#1799));
#4978=EDGE_LOOP('',(#1800,#1801,#1802,#1803,#1804,#1805,#1806,#1807,#1808,
#1809,#1810,#1811,#1812,#1813,#1814,#1815,#1816,#1817,#1818,#1819,#1820,
#1821,#1822,#1823,#1824,#1825,#1826,#1827,#1828,#1829,#1830,#1831,#1832,
#1833,#1834,#1835,#1836,#1837,#1838,#1839,#1840,#1841,#1842,#1843,#1844,
#1845,#1846,#1847,#1848,#1849,#1850,#1851));
#4979=EDGE_LOOP('',(#1852));
#4980=EDGE_LOOP('',(#1853));
#4981=EDGE_LOOP('',(#1854));
#4982=EDGE_LOOP('',(#1855));
#4983=EDGE_LOOP('',(#1856));
#4984=EDGE_LOOP('',(#1857));
#4985=EDGE_LOOP('',(#1858));
#4986=EDGE_LOOP('',(#1859));
#4987=EDGE_LOOP('',(#1860));
#4988=EDGE_LOOP('',(#1861));
#4989=EDGE_LOOP('',(#1862));
#4990=EDGE_LOOP('',(#1863,#1864,#1865,#1866,#1867,#1868));
#4991=EDGE_LOOP('',(#1869));
#4992=EDGE_LOOP('',(#1870));
#4993=EDGE_LOOP('',(#1871));
#4994=EDGE_LOOP('',(#1872));
#4995=EDGE_LOOP('',(#1873));
#4996=EDGE_LOOP('',(#1874));
#4997=EDGE_LOOP('',(#1875));
#4998=EDGE_LOOP('',(#1876));
#4999=EDGE_LOOP('',(#1877));
#5000=EDGE_LOOP('',(#1878));
#5001=EDGE_LOOP('',(#1879));
#5002=EDGE_LOOP('',(#1880,#1881,#1882,#1883,#1884));
#5003=EDGE_LOOP('',(#1885,#1886,#1887,#1888,#1889));
#5004=EDGE_LOOP('',(#1890,#1891,#1892,#1893,#1894));
#5005=EDGE_LOOP('',(#1895,#1896,#1897,#1898,#1899));
#5006=EDGE_LOOP('',(#1900,#1901,#1902,#1903,#1904));
#5007=EDGE_LOOP('',(#1905,#1906,#1907,#1908,#1909));
#5008=EDGE_LOOP('',(#1910,#1911,#1912));
#5009=EDGE_LOOP('',(#1913,#1914,#1915));
#5010=EDGE_LOOP('',(#1916,#1917,#1918));
#5011=EDGE_LOOP('',(#1919,#1920,#1921));
#5012=EDGE_LOOP('',(#1922,#1923,#1924));
#5013=EDGE_LOOP('',(#1925,#1926,#1927));
#5014=EDGE_LOOP('',(#1928,#1929,#1930,#1931,#1932,#1933));
#5015=FACE_BOUND('',#4631,.T.);
#5016=FACE_BOUND('',#4632,.T.);
#5017=FACE_BOUND('',#4633,.T.);
#5018=FACE_BOUND('',#4634,.T.);
#5019=FACE_BOUND('',#4635,.T.);
#5020=FACE_BOUND('',#4636,.T.);
#5021=FACE_BOUND('',#4637,.T.);
#5022=FACE_BOUND('',#4638,.T.);
#5023=FACE_BOUND('',#4639,.T.);
#5024=FACE_BOUND('',#4640,.T.);
#5025=FACE_BOUND('',#4641,.T.);
#5026=FACE_BOUND('',#4642,.T.);
#5027=FACE_BOUND('',#4643,.T.);
#5028=FACE_BOUND('',#4644,.T.);
#5029=FACE_BOUND('',#4645,.T.);
#5030=FACE_BOUND('',#4646,.T.);
#5031=FACE_BOUND('',#4647,.T.);
#5032=FACE_BOUND('',#4648,.T.);
#5033=FACE_BOUND('',#4649,.T.);
#5034=FACE_BOUND('',#4650,.T.);
#5035=FACE_BOUND('',#4651,.T.);
#5036=FACE_BOUND('',#4652,.T.);
#5037=FACE_BOUND('',#4653,.T.);
#5038=FACE_BOUND('',#4654,.T.);
#5039=FACE_BOUND('',#4655,.T.);
#5040=FACE_BOUND('',#4656,.T.);
#5041=FACE_BOUND('',#4657,.T.);
#5042=FACE_BOUND('',#4658,.T.);
#5043=FACE_BOUND('',#4659,.T.);
#5044=FACE_BOUND('',#4660,.T.);
#5045=FACE_BOUND('',#4661,.T.);
#5046=FACE_BOUND('',#4662,.T.);
#5047=FACE_BOUND('',#4663,.T.);
#5048=FACE_BOUND('',#4664,.T.);
#5049=FACE_BOUND('',#4665,.T.);
#5050=FACE_BOUND('',#4666,.T.);
#5051=FACE_BOUND('',#4667,.T.);
#5052=FACE_BOUND('',#4668,.T.);
#5053=FACE_BOUND('',#4669,.T.);
#5054=FACE_BOUND('',#4670,.T.);
#5055=FACE_BOUND('',#4671,.T.);
#5056=FACE_BOUND('',#4672,.T.);
#5057=FACE_BOUND('',#4673,.T.);
#5058=FACE_BOUND('',#4674,.T.);
#5059=FACE_BOUND('',#4675,.T.);
#5060=FACE_BOUND('',#4676,.T.);
#5061=FACE_BOUND('',#4677,.T.);
#5062=FACE_BOUND('',#4678,.T.);
#5063=FACE_BOUND('',#4679,.T.);
#5064=FACE_BOUND('',#4680,.T.);
#5065=FACE_BOUND('',#4681,.T.);
#5066=FACE_BOUND('',#4682,.T.);
#5067=FACE_BOUND('',#4683,.T.);
#5068=FACE_BOUND('',#4684,.T.);
#5069=FACE_BOUND('',#4685,.T.);
#5070=FACE_BOUND('',#4686,.T.);
#5071=FACE_BOUND('',#4687,.T.);
#5072=FACE_BOUND('',#4688,.T.);
#5073=FACE_BOUND('',#4689,.T.);
#5074=FACE_BOUND('',#4690,.T.);
#5075=FACE_BOUND('',#4691,.T.);
#5076=FACE_BOUND('',#4692,.T.);
#5077=FACE_BOUND('',#4693,.T.);
#5078=FACE_BOUND('',#4694,.T.);
#5079=FACE_BOUND('',#4695,.T.);
#5080=FACE_BOUND('',#4696,.T.);
#5081=FACE_BOUND('',#4697,.T.);
#5082=FACE_BOUND('',#4698,.T.);
#5083=FACE_BOUND('',#4699,.T.);
#5084=FACE_BOUND('',#4700,.T.);
#5085=FACE_BOUND('',#4701,.T.);
#5086=FACE_BOUND('',#4702,.T.);
#5087=FACE_BOUND('',#4703,.T.);
#5088=FACE_BOUND('',#4704,.T.);
#5089=FACE_BOUND('',#4705,.T.);
#5090=FACE_BOUND('',#4706,.T.);
#5091=FACE_BOUND('',#4707,.T.);
#5092=FACE_BOUND('',#4708,.T.);
#5093=FACE_BOUND('',#4709,.T.);
#5094=FACE_BOUND('',#4710,.T.);
#5095=FACE_BOUND('',#4711,.T.);
#5096=FACE_BOUND('',#4712,.T.);
#5097=FACE_BOUND('',#4713,.T.);
#5098=FACE_BOUND('',#4714,.T.);
#5099=FACE_BOUND('',#4715,.T.);
#5100=FACE_BOUND('',#4716,.T.);
#5101=FACE_BOUND('',#4717,.T.);
#5102=FACE_BOUND('',#4718,.T.);
#5103=FACE_BOUND('',#4719,.T.);
#5104=FACE_BOUND('',#4720,.T.);
#5105=FACE_BOUND('',#4721,.T.);
#5106=FACE_BOUND('',#4722,.T.);
#5107=FACE_BOUND('',#4723,.T.);
#5108=FACE_BOUND('',#4724,.T.);
#5109=FACE_BOUND('',#4725,.T.);
#5110=FACE_BOUND('',#4726,.T.);
#5111=FACE_BOUND('',#4727,.T.);
#5112=FACE_BOUND('',#4728,.T.);
#5113=FACE_BOUND('',#4729,.T.);
#5114=FACE_BOUND('',#4730,.T.);
#5115=FACE_BOUND('',#4731,.T.);
#5116=FACE_BOUND('',#4732,.T.);
#5117=FACE_BOUND('',#4733,.T.);
#5118=FACE_BOUND('',#4734,.T.);
#5119=FACE_BOUND('',#4735,.T.);
#5120=FACE_BOUND('',#4736,.T.);
#5121=FACE_BOUND('',#4737,.T.);
#5122=FACE_BOUND('',#4738,.T.);
#5123=FACE_BOUND('',#4739,.T.);
#5124=FACE_BOUND('',#4740,.T.);
#5125=FACE_BOUND('',#4741,.T.);
#5126=FACE_BOUND('',#4742,.T.);
#5127=FACE_BOUND('',#4743,.T.);
#5128=FACE_BOUND('',#4744,.T.);
#5129=FACE_BOUND('',#4745,.T.);
#5130=FACE_BOUND('',#4746,.T.);
#5131=FACE_BOUND('',#4747,.T.);
#5132=FACE_BOUND('',#4748,.T.);
#5133=FACE_BOUND('',#4749,.T.);
#5134=FACE_BOUND('',#4750,.T.);
#5135=FACE_BOUND('',#4751,.T.);
#5136=FACE_BOUND('',#4752,.T.);
#5137=FACE_BOUND('',#4753,.T.);
#5138=FACE_BOUND('',#4754,.T.);
#5139=FACE_BOUND('',#4755,.T.);
#5140=FACE_BOUND('',#4756,.T.);
#5141=FACE_BOUND('',#4757,.T.);
#5142=FACE_BOUND('',#4758,.T.);
#5143=FACE_BOUND('',#4759,.T.);
#5144=FACE_BOUND('',#4760,.T.);
#5145=FACE_BOUND('',#4761,.T.);
#5146=FACE_BOUND('',#4762,.T.);
#5147=FACE_BOUND('',#4763,.T.);
#5148=FACE_BOUND('',#4764,.T.);
#5149=FACE_BOUND('',#4765,.T.);
#5150=FACE_BOUND('',#4766,.T.);
#5151=FACE_BOUND('',#4767,.T.);
#5152=FACE_BOUND('',#4768,.T.);
#5153=FACE_BOUND('',#4769,.T.);
#5154=FACE_BOUND('',#4770,.T.);
#5155=FACE_BOUND('',#4771,.T.);
#5156=FACE_BOUND('',#4772,.T.);
#5157=FACE_BOUND('',#4773,.T.);
#5158=FACE_BOUND('',#4774,.T.);
#5159=FACE_BOUND('',#4775,.T.);
#5160=FACE_BOUND('',#4776,.T.);
#5161=FACE_BOUND('',#4777,.T.);
#5162=FACE_BOUND('',#4778,.T.);
#5163=FACE_BOUND('',#4779,.T.);
#5164=FACE_BOUND('',#4780,.T.);
#5165=FACE_BOUND('',#4781,.T.);
#5166=FACE_BOUND('',#4782,.T.);
#5167=FACE_BOUND('',#4783,.T.);
#5168=FACE_BOUND('',#4784,.T.);
#5169=FACE_BOUND('',#4785,.T.);
#5170=FACE_BOUND('',#4786,.T.);
#5171=FACE_BOUND('',#4787,.T.);
#5172=FACE_BOUND('',#4788,.T.);
#5173=FACE_BOUND('',#4789,.T.);
#5174=FACE_BOUND('',#4790,.T.);
#5175=FACE_BOUND('',#4791,.T.);
#5176=FACE_BOUND('',#4792,.T.);
#5177=FACE_BOUND('',#4793,.T.);
#5178=FACE_BOUND('',#4794,.T.);
#5179=FACE_BOUND('',#4795,.T.);
#5180=FACE_BOUND('',#4796,.T.);
#5181=FACE_BOUND('',#4797,.T.);
#5182=FACE_BOUND('',#4798,.T.);
#5183=FACE_BOUND('',#4799,.T.);
#5184=FACE_BOUND('',#4800,.T.);
#5185=FACE_BOUND('',#4801,.T.);
#5186=FACE_BOUND('',#4802,.T.);
#5187=FACE_BOUND('',#4803,.T.);
#5188=FACE_BOUND('',#4804,.T.);
#5189=FACE_BOUND('',#4805,.T.);
#5190=FACE_BOUND('',#4806,.T.);
#5191=FACE_BOUND('',#4807,.T.);
#5192=FACE_BOUND('',#4808,.T.);
#5193=FACE_BOUND('',#4809,.T.);
#5194=FACE_BOUND('',#4810,.T.);
#5195=FACE_BOUND('',#4811,.T.);
#5196=FACE_BOUND('',#4812,.T.);
#5197=FACE_BOUND('',#4813,.T.);
#5198=FACE_BOUND('',#4814,.T.);
#5199=FACE_BOUND('',#4815,.T.);
#5200=FACE_BOUND('',#4816,.T.);
#5201=FACE_BOUND('',#4817,.T.);
#5202=FACE_BOUND('',#4818,.T.);
#5203=FACE_BOUND('',#4819,.T.);
#5204=FACE_BOUND('',#4820,.T.);
#5205=FACE_BOUND('',#4821,.T.);
#5206=FACE_BOUND('',#4822,.T.);
#5207=FACE_BOUND('',#4823,.T.);
#5208=FACE_BOUND('',#4824,.T.);
#5209=FACE_BOUND('',#4825,.T.);
#5210=FACE_BOUND('',#4826,.T.);
#5211=FACE_BOUND('',#4827,.T.);
#5212=FACE_BOUND('',#4828,.T.);
#5213=FACE_BOUND('',#4829,.T.);
#5214=FACE_BOUND('',#4830,.T.);
#5215=FACE_BOUND('',#4831,.T.);
#5216=FACE_BOUND('',#4832,.T.);
#5217=FACE_BOUND('',#4833,.T.);
#5218=FACE_BOUND('',#4834,.T.);
#5219=FACE_BOUND('',#4835,.T.);
#5220=FACE_BOUND('',#4836,.T.);
#5221=FACE_BOUND('',#4837,.T.);
#5222=FACE_BOUND('',#4838,.T.);
#5223=FACE_BOUND('',#4839,.T.);
#5224=FACE_BOUND('',#4840,.T.);
#5225=FACE_BOUND('',#4841,.T.);
#5226=FACE_BOUND('',#4842,.T.);
#5227=FACE_BOUND('',#4843,.T.);
#5228=FACE_BOUND('',#4844,.T.);
#5229=FACE_BOUND('',#4845,.T.);
#5230=FACE_BOUND('',#4846,.T.);
#5231=FACE_BOUND('',#4847,.T.);
#5232=FACE_BOUND('',#4848,.T.);
#5233=FACE_BOUND('',#4849,.T.);
#5234=FACE_BOUND('',#4850,.T.);
#5235=FACE_BOUND('',#4851,.T.);
#5236=FACE_BOUND('',#4852,.T.);
#5237=FACE_BOUND('',#4853,.T.);
#5238=FACE_BOUND('',#4854,.T.);
#5239=FACE_BOUND('',#4855,.T.);
#5240=FACE_BOUND('',#4856,.T.);
#5241=FACE_BOUND('',#4857,.T.);
#5242=FACE_BOUND('',#4858,.T.);
#5243=FACE_BOUND('',#4859,.T.);
#5244=FACE_BOUND('',#4860,.T.);
#5245=FACE_BOUND('',#4861,.T.);
#5246=FACE_BOUND('',#4862,.T.);
#5247=FACE_BOUND('',#4863,.T.);
#5248=FACE_BOUND('',#4864,.T.);
#5249=FACE_BOUND('',#4865,.T.);
#5250=FACE_BOUND('',#4866,.T.);
#5251=FACE_BOUND('',#4867,.T.);
#5252=FACE_BOUND('',#4868,.T.);
#5253=FACE_BOUND('',#4869,.T.);
#5254=FACE_BOUND('',#4870,.T.);
#5255=FACE_BOUND('',#4871,.T.);
#5256=FACE_BOUND('',#4872,.T.);
#5257=FACE_BOUND('',#4873,.T.);
#5258=FACE_BOUND('',#4874,.T.);
#5259=FACE_BOUND('',#4875,.T.);
#5260=FACE_BOUND('',#4876,.T.);
#5261=FACE_BOUND('',#4877,.T.);
#5262=FACE_BOUND('',#4878,.T.);
#5263=FACE_BOUND('',#4879,.T.);
#5264=FACE_BOUND('',#4880,.T.);
#5265=FACE_BOUND('',#4881,.T.);
#5266=FACE_BOUND('',#4882,.T.);
#5267=FACE_BOUND('',#4883,.T.);
#5268=FACE_BOUND('',#4884,.T.);
#5269=FACE_BOUND('',#4885,.T.);
#5270=FACE_BOUND('',#4886,.T.);
#5271=FACE_BOUND('',#4887,.T.);
#5272=FACE_BOUND('',#4888,.T.);
#5273=FACE_BOUND('',#4889,.T.);
#5274=FACE_BOUND('',#4890,.T.);
#5275=FACE_BOUND('',#4891,.T.);
#5276=FACE_BOUND('',#4892,.T.);
#5277=FACE_BOUND('',#4893,.T.);
#5278=FACE_BOUND('',#4894,.T.);
#5279=FACE_BOUND('',#4895,.T.);
#5280=FACE_BOUND('',#4896,.T.);
#5281=FACE_BOUND('',#4897,.T.);
#5282=FACE_BOUND('',#4898,.T.);
#5283=FACE_BOUND('',#4899,.T.);
#5284=FACE_BOUND('',#4900,.T.);
#5285=FACE_BOUND('',#4901,.T.);
#5286=FACE_BOUND('',#4902,.T.);
#5287=FACE_BOUND('',#4903,.T.);
#5288=FACE_BOUND('',#4904,.T.);
#5289=FACE_BOUND('',#4905,.T.);
#5290=FACE_BOUND('',#4906,.T.);
#5291=FACE_BOUND('',#4907,.T.);
#5292=FACE_BOUND('',#4908,.T.);
#5293=FACE_BOUND('',#4909,.T.);
#5294=FACE_BOUND('',#4910,.T.);
#5295=FACE_BOUND('',#4911,.T.);
#5296=FACE_BOUND('',#4912,.T.);
#5297=FACE_BOUND('',#4913,.T.);
#5298=FACE_BOUND('',#4914,.T.);
#5299=FACE_BOUND('',#4915,.T.);
#5300=FACE_BOUND('',#4916,.T.);
#5301=FACE_BOUND('',#4917,.T.);
#5302=FACE_BOUND('',#4918,.T.);
#5303=FACE_BOUND('',#4919,.T.);
#5304=FACE_BOUND('',#4920,.T.);
#5305=FACE_BOUND('',#4921,.T.);
#5306=FACE_BOUND('',#4922,.T.);
#5307=FACE_BOUND('',#4923,.T.);
#5308=FACE_BOUND('',#4924,.T.);
#5309=FACE_BOUND('',#4925,.T.);
#5310=FACE_BOUND('',#4926,.T.);
#5311=FACE_BOUND('',#4927,.T.);
#5312=FACE_BOUND('',#4928,.T.);
#5313=FACE_BOUND('',#4929,.T.);
#5314=FACE_BOUND('',#4930,.T.);
#5315=FACE_BOUND('',#4931,.T.);
#5316=FACE_BOUND('',#4932,.T.);
#5317=FACE_BOUND('',#4933,.T.);
#5318=FACE_BOUND('',#4934,.T.);
#5319=FACE_BOUND('',#4935,.T.);
#5320=FACE_BOUND('',#4936,.T.);
#5321=FACE_BOUND('',#4937,.T.);
#5322=FACE_BOUND('',#4938,.T.);
#5323=FACE_BOUND('',#4939,.T.);
#5324=FACE_BOUND('',#4940,.T.);
#5325=FACE_BOUND('',#4941,.T.);
#5326=FACE_BOUND('',#4942,.T.);
#5327=FACE_BOUND('',#4943,.T.);
#5328=FACE_BOUND('',#4944,.T.);
#5329=FACE_BOUND('',#4945,.T.);
#5330=FACE_BOUND('',#4946,.T.);
#5331=FACE_BOUND('',#4947,.T.);
#5332=FACE_BOUND('',#4948,.T.);
#5333=FACE_BOUND('',#4949,.T.);
#5334=FACE_BOUND('',#4950,.T.);
#5335=FACE_BOUND('',#4951,.T.);
#5336=FACE_BOUND('',#4952,.T.);
#5337=FACE_BOUND('',#4953,.T.);
#5338=FACE_BOUND('',#4954,.T.);
#5339=FACE_BOUND('',#4955,.T.);
#5340=FACE_BOUND('',#4956,.T.);
#5341=FACE_BOUND('',#4957,.T.);
#5342=FACE_BOUND('',#4958,.T.);
#5343=FACE_BOUND('',#4959,.T.);
#5344=FACE_BOUND('',#4960,.T.);
#5345=FACE_BOUND('',#4961,.T.);
#5346=FACE_BOUND('',#4962,.T.);
#5347=FACE_BOUND('',#4963,.T.);
#5348=FACE_BOUND('',#4964,.T.);
#5349=FACE_BOUND('',#4965,.T.);
#5350=FACE_BOUND('',#4966,.T.);
#5351=FACE_BOUND('',#4967,.T.);
#5352=FACE_BOUND('',#4968,.T.);
#5353=FACE_BOUND('',#4969,.T.);
#5354=FACE_BOUND('',#4970,.T.);
#5355=FACE_BOUND('',#4971,.T.);
#5356=FACE_BOUND('',#4972,.T.);
#5357=FACE_BOUND('',#4973,.T.);
#5358=FACE_BOUND('',#4974,.T.);
#5359=FACE_BOUND('',#4975,.T.);
#5360=FACE_BOUND('',#4976,.T.);
#5361=FACE_BOUND('',#4977,.T.);
#5362=FACE_BOUND('',#4978,.T.);
#5363=FACE_BOUND('',#4979,.T.);
#5364=FACE_BOUND('',#4980,.T.);
#5365=FACE_BOUND('',#4981,.T.);
#5366=FACE_BOUND('',#4982,.T.);
#5367=FACE_BOUND('',#18,.T.);
#5368=FACE_BOUND('',#4983,.T.);
#5369=FACE_BOUND('',#4984,.T.);
#5370=FACE_BOUND('',#4985,.T.);
#5371=FACE_BOUND('',#4986,.T.);
#5372=FACE_BOUND('',#4987,.T.);
#5373=FACE_BOUND('',#19,.T.);
#5374=FACE_BOUND('',#4988,.T.);
#5375=FACE_BOUND('',#4989,.T.);
#5376=FACE_BOUND('',#4990,.T.);
#5377=FACE_BOUND('',#4991,.T.);
#5378=FACE_BOUND('',#4992,.T.);
#5379=FACE_BOUND('',#4993,.T.);
#5380=FACE_BOUND('',#4994,.T.);
#5381=FACE_BOUND('',#4995,.T.);
#5382=FACE_BOUND('',#4996,.T.);
#5383=FACE_BOUND('',#4997,.T.);
#5384=FACE_BOUND('',#4998,.T.);
#5385=FACE_BOUND('',#4999,.T.);
#5386=FACE_BOUND('',#5000,.T.);
#5387=FACE_BOUND('',#5001,.T.);
#5388=FACE_BOUND('',#5002,.T.);
#5389=FACE_BOUND('',#5003,.T.);
#5390=FACE_BOUND('',#5004,.T.);
#5391=FACE_BOUND('',#5005,.T.);
#5392=FACE_BOUND('',#5006,.T.);
#5393=FACE_BOUND('',#5007,.T.);
#5394=FACE_BOUND('',#5008,.T.);
#5395=FACE_BOUND('',#5009,.T.);
#5396=FACE_BOUND('',#5010,.T.);
#5397=FACE_BOUND('',#5011,.T.);
#5398=FACE_BOUND('',#5012,.T.);
#5399=FACE_BOUND('',#5013,.T.);
#5400=FACE_BOUND('',#20,.T.);
#5401=FACE_BOUND('',#5014,.T.);
#5402=PLANE('',#5984);
#5403=PLANE('',#5985);
#5404=PLANE('',#5986);
#5405=PLANE('',#5990);
#5406=PLANE('',#5991);
#5407=PLANE('',#5992);
#5408=PLANE('',#5996);
#5409=PLANE('',#5997);
#5410=PLANE('',#5998);
#5411=PLANE('',#5999);
#5412=PLANE('',#6011);
#5413=PLANE('',#6012);
#5414=PLANE('',#6013);
#5415=PLANE('',#6017);
#5416=PLANE('',#6018);
#5417=PLANE('',#6019);
#5418=PLANE('',#6023);
#5419=PLANE('',#6024);
#5420=PLANE('',#6025);
#5421=PLANE('',#6026);
#5422=PLANE('',#6038);
#5423=PLANE('',#6039);
#5424=PLANE('',#6042);
#5425=PLANE('',#6047);
#5426=PLANE('',#6052);
#5427=PLANE('',#6057);
#5428=PLANE('',#6062);
#5429=PLANE('',#6067);
#5430=PLANE('',#6072);
#5431=PLANE('',#6077);
#5432=PLANE('',#6082);
#5433=PLANE('',#6087);
#5434=PLANE('',#6092);
#5435=PLANE('',#6096);
#5436=PLANE('',#6097);
#5437=PLANE('',#6098);
#5438=PLANE('',#6099);
#5439=PLANE('',#6100);
#5440=PLANE('',#6101);
#5441=PLANE('',#6102);
#5442=PLANE('',#6106);
#5443=PLANE('',#6107);
#5444=PLANE('',#6108);
#5445=PLANE('',#6112);
#5446=PLANE('',#6113);
#5447=PLANE('',#6117);
#5448=PLANE('',#6118);
#5449=PLANE('',#6119);
#5450=PLANE('',#6123);
#5451=PLANE('',#6124);
#5452=PLANE('',#6125);
#5453=PLANE('',#6126);
#5454=PLANE('',#6127);
#5455=PLANE('',#6128);
#5456=PLANE('',#6129);
#5457=PLANE('',#6130);
#5458=PLANE('',#6131);
#5459=PLANE('',#6132);
#5460=PLANE('',#6133);
#5461=PLANE('',#6134);
#5462=PLANE('',#6135);
#5463=PLANE('',#6136);
#5464=PLANE('',#6137);
#5465=PLANE('',#6138);
#5466=PLANE('',#6142);
#5467=PLANE('',#6143);
#5468=PLANE('',#6144);
#5469=PLANE('',#6148);
#5470=PLANE('',#6149);
#5471=PLANE('',#6153);
#5472=PLANE('',#6154);
#5473=PLANE('',#6155);
#5474=PLANE('',#6159);
#5475=PLANE('',#6160);
#5476=PLANE('',#6161);
#5477=PLANE('',#6162);
#5478=PLANE('',#6163);
#5479=PLANE('',#6164);
#5480=PLANE('',#6181);
#5481=PLANE('',#6182);
#5482=PLANE('',#6183);
#5483=PLANE('',#6184);
#5484=PLANE('',#6185);
#5485=PLANE('',#6186);
#5486=PLANE('',#6193);
#5487=PLANE('',#6194);
#5488=PLANE('',#6195);
#5489=PLANE('',#6196);
#5490=PLANE('',#6197);
#5491=PLANE('',#6201);
#5492=PLANE('',#6202);
#5493=PLANE('',#6203);
#5494=PLANE('',#6204);
#5495=PLANE('',#6208);
#5496=PLANE('',#6209);
#5497=PLANE('',#6210);
#5498=PLANE('',#6211);
#5499=PLANE('',#6212);
#5500=PLANE('',#6213);
#5501=PLANE('',#6214);
#5502=PLANE('',#6215);
#5503=PLANE('',#6216);
#5504=PLANE('',#6217);
#5505=PLANE('',#6218);
#5506=PLANE('',#6219);
#5507=PLANE('',#6220);
#5508=PLANE('',#6221);
#5509=PLANE('',#6222);
#5510=PLANE('',#6223);
#5511=PLANE('',#6224);
#5512=PLANE('',#6227);
#5513=PLANE('',#6228);
#5514=PLANE('',#6233);
#5515=PLANE('',#6238);
#5516=PLANE('',#6239);
#5517=PLANE('',#6240);
#5518=PLANE('',#6241);
#5519=PLANE('',#6244);
#5520=PLANE('',#6247);
#5521=PLANE('',#6250);
#5522=PLANE('',#6253);
#5523=PLANE('',#6256);
#5524=PLANE('',#6259);
#5525=PLANE('',#6260);
#5526=PLANE('',#6261);
#5527=PLANE('',#6262);
#5528=PLANE('',#6263);
#5529=PLANE('',#6264);
#5530=PLANE('',#6265);
#5531=PLANE('',#6266);
#5532=PLANE('',#6267);
#5533=PLANE('',#6268);
#5534=PLANE('',#6269);
#5535=PLANE('',#6270);
#5536=PLANE('',#6271);
#5537=PLANE('',#6272);
#5538=PLANE('',#6273);
#5539=PLANE('',#6274);
#5540=PLANE('',#6275);
#5541=PLANE('',#6282);
#5542=PLANE('',#6284);
#5543=PLANE('',#6286);
#5544=PLANE('',#6288);
#5545=PLANE('',#6290);
#5546=PLANE('',#6292);
#5547=PLANE('',#6294);
#5548=PLANE('',#6295);
#5549=PLANE('',#6296);
#5550=PLANE('',#6298);
#5551=PLANE('',#6299);
#5552=PLANE('',#6301);
#5553=PLANE('',#6302);
#5554=PLANE('',#6304);
#5555=PLANE('',#6305);
#5556=PLANE('',#6307);
#5557=PLANE('',#6312);
#5558=PLANE('',#6313);
#5559=PLANE('',#6318);
#5560=PLANE('',#6319);
#5561=PLANE('',#6320);
#5562=PLANE('',#6321);
#5563=PLANE('',#6322);
#5564=PLANE('',#6323);
#5565=PLANE('',#6326);
#5566=PLANE('',#6327);
#5567=PLANE('',#6328);
#5568=PLANE('',#6331);
#5569=PLANE('',#6332);
#5570=PLANE('',#6335);
#5571=PLANE('',#6336);
#5572=PLANE('',#6337);
#5573=PLANE('',#6340);
#5574=PLANE('',#6341);
#5575=PLANE('',#6342);
#5576=PLANE('',#6343);
#5577=PLANE('',#6344);
#5578=PLANE('',#6349);
#5579=PLANE('',#6350);
#5580=PLANE('',#6351);
#5581=PLANE('',#6352);
#5582=PLANE('',#6354);
#5583=PLANE('',#6355);
#5584=PLANE('',#6356);
#5585=PLANE('',#6358);
#5586=PLANE('',#6359);
#5587=PLANE('',#6360);
#5588=PLANE('',#6361);
#5589=PLANE('',#6362);
#5590=PLANE('',#6363);
#5591=PLANE('',#6364);
#5592=PLANE('',#6366);
#5593=PLANE('',#6367);
#5594=PLANE('',#6368);
#5595=PLANE('',#6370);
#5596=PLANE('',#6371);
#5597=PLANE('',#6372);
#5598=PLANE('',#6373);
#5599=PLANE('',#6374);
#5600=PLANE('',#6375);
#5601=PLANE('',#6376);
#5602=PLANE('',#6377);
#5603=PLANE('',#6380);
#5604=PLANE('',#6381);
#5605=PLANE('',#6382);
#5606=PLANE('',#6385);
#5607=PLANE('',#6386);
#5608=PLANE('',#6387);
#5609=PLANE('',#6388);
#5610=PLANE('',#6389);
#5611=PLANE('',#6390);
#5612=PLANE('',#6391);
#5613=PLANE('',#6394);
#5614=PLANE('',#6395);
#5615=PLANE('',#6396);
#5616=PLANE('',#6399);
#5617=PLANE('',#6400);
#5618=PLANE('',#6401);
#5619=PLANE('',#6402);
#5620=PLANE('',#6403);
#5621=PLANE('',#6416);
#5622=PLANE('',#6422);
#5623=PLANE('',#6428);
#5624=PLANE('',#6429);
#5625=PLANE('',#6430);
#5626=PLANE('',#6431);
#5627=PLANE('',#6432);
#5628=PLANE('',#6433);
#5629=PLANE('',#6434);
#5630=PLANE('',#6435);
#5631=PLANE('',#6437);
#5632=PLANE('',#6439);
#5633=PLANE('',#6441);
#5634=PLANE('',#6443);
#5635=PLANE('',#6445);
#5636=ADVANCED_FACE('',(#5015),#5402,.F.);
#5637=ADVANCED_FACE('',(#5016),#5403,.F.);
#5638=ADVANCED_FACE('',(#5017),#5404,.F.);
#5639=ADVANCED_FACE('',(#5018),#240,.F.);
#5640=ADVANCED_FACE('',(#5019),#5405,.F.);
#5641=ADVANCED_FACE('',(#5020),#5406,.F.);
#5642=ADVANCED_FACE('',(#5021),#5407,.F.);
#5643=ADVANCED_FACE('',(#5022),#241,.F.);
#5644=ADVANCED_FACE('',(#5023),#5408,.F.);
#5645=ADVANCED_FACE('',(#5024),#5409,.F.);
#5646=ADVANCED_FACE('',(#5025),#5410,.F.);
#5647=ADVANCED_FACE('',(#5026,#5027,#5028,#5029,#5030,#5031,#5032,#5033,
#5034,#5035,#5036,#5037),#5411,.F.);
#5648=ADVANCED_FACE('',(#5038),#5412,.F.);
#5649=ADVANCED_FACE('',(#5039),#5413,.F.);
#5650=ADVANCED_FACE('',(#5040),#5414,.F.);
#5651=ADVANCED_FACE('',(#5041),#242,.F.);
#5652=ADVANCED_FACE('',(#5042),#5415,.F.);
#5653=ADVANCED_FACE('',(#5043),#5416,.F.);
#5654=ADVANCED_FACE('',(#5044),#5417,.F.);
#5655=ADVANCED_FACE('',(#5045),#243,.F.);
#5656=ADVANCED_FACE('',(#5046),#5418,.F.);
#5657=ADVANCED_FACE('',(#5047),#5419,.F.);
#5658=ADVANCED_FACE('',(#5048),#5420,.F.);
#5659=ADVANCED_FACE('',(#5049,#5050,#5051,#5052,#5053,#5054,#5055,#5056,
#5057,#5058,#5059,#5060),#5421,.F.);
#5660=ADVANCED_FACE('',(#5061),#5422,.T.);
#5661=ADVANCED_FACE('',(#5062),#5423,.F.);
#5662=ADVANCED_FACE('',(#5063,#5064),#244,.F.);
#5663=ADVANCED_FACE('',(#5065,#5066),#5424,.T.);
#5664=ADVANCED_FACE('',(#5067,#5068),#245,.F.);
#5665=ADVANCED_FACE('',(#5069,#5070),#246,.F.);
#5666=ADVANCED_FACE('',(#5071,#5072),#5425,.T.);
#5667=ADVANCED_FACE('',(#5073,#5074),#247,.F.);
#5668=ADVANCED_FACE('',(#5075,#5076),#248,.F.);
#5669=ADVANCED_FACE('',(#5077,#5078),#5426,.T.);
#5670=ADVANCED_FACE('',(#5079,#5080),#249,.F.);
#5671=ADVANCED_FACE('',(#5081,#5082),#250,.F.);
#5672=ADVANCED_FACE('',(#5083,#5084),#5427,.T.);
#5673=ADVANCED_FACE('',(#5085,#5086),#251,.F.);
#5674=ADVANCED_FACE('',(#5087,#5088),#252,.F.);
#5675=ADVANCED_FACE('',(#5089,#5090),#5428,.T.);
#5676=ADVANCED_FACE('',(#5091,#5092),#253,.F.);
#5677=ADVANCED_FACE('',(#5093,#5094),#254,.F.);
#5678=ADVANCED_FACE('',(#5095,#5096),#5429,.T.);
#5679=ADVANCED_FACE('',(#5097,#5098),#255,.F.);
#5680=ADVANCED_FACE('',(#5099,#5100),#256,.F.);
#5681=ADVANCED_FACE('',(#5101,#5102),#5430,.T.);
#5682=ADVANCED_FACE('',(#5103,#5104),#257,.F.);
#5683=ADVANCED_FACE('',(#5105,#5106),#258,.F.);
#5684=ADVANCED_FACE('',(#5107,#5108),#5431,.T.);
#5685=ADVANCED_FACE('',(#5109,#5110),#259,.F.);
#5686=ADVANCED_FACE('',(#5111,#5112),#260,.F.);
#5687=ADVANCED_FACE('',(#5113,#5114),#5432,.T.);
#5688=ADVANCED_FACE('',(#5115,#5116),#261,.F.);
#5689=ADVANCED_FACE('',(#5117,#5118),#262,.F.);
#5690=ADVANCED_FACE('',(#5119,#5120),#5433,.T.);
#5691=ADVANCED_FACE('',(#5121,#5122),#263,.F.);
#5692=ADVANCED_FACE('',(#5123,#5124),#264,.F.);
#5693=ADVANCED_FACE('',(#5125,#5126),#5434,.T.);
#5694=ADVANCED_FACE('',(#5127,#5128),#265,.F.);
#5695=ADVANCED_FACE('',(#5129),#5435,.F.);
#5696=ADVANCED_FACE('',(#5130),#5436,.F.);
#5697=ADVANCED_FACE('',(#5131),#5437,.T.);
#5698=ADVANCED_FACE('',(#5132),#5438,.T.);
#5699=ADVANCED_FACE('',(#5133),#5439,.T.);
#5700=ADVANCED_FACE('',(#5134),#5440,.T.);
#5701=ADVANCED_FACE('',(#5135),#5441,.T.);
#5702=ADVANCED_FACE('',(#5136),#266,.T.);
#5703=ADVANCED_FACE('',(#5137),#5442,.T.);
#5704=ADVANCED_FACE('',(#5138),#5443,.T.);
#5705=ADVANCED_FACE('',(#5139),#5444,.T.);
#5706=ADVANCED_FACE('',(#5140),#267,.T.);
#5707=ADVANCED_FACE('',(#5141),#5445,.T.);
#5708=ADVANCED_FACE('',(#5142),#5446,.T.);
#5709=ADVANCED_FACE('',(#5143),#268,.T.);
#5710=ADVANCED_FACE('',(#5144),#5447,.T.);
#5711=ADVANCED_FACE('',(#5145),#5448,.T.);
#5712=ADVANCED_FACE('',(#5146),#5449,.T.);
#5713=ADVANCED_FACE('',(#5147),#269,.T.);
#5714=ADVANCED_FACE('',(#5148),#5450,.T.);
#5715=ADVANCED_FACE('',(#5149),#5451,.T.);
#5716=ADVANCED_FACE('',(#5150),#5452,.T.);
#5717=ADVANCED_FACE('',(#5151),#5453,.T.);
#5718=ADVANCED_FACE('',(#5152),#5454,.T.);
#5719=ADVANCED_FACE('',(#5153),#5455,.T.);
#5720=ADVANCED_FACE('',(#5154),#5456,.T.);
#5721=ADVANCED_FACE('',(#5155),#5457,.T.);
#5722=ADVANCED_FACE('',(#5156),#5458,.F.);
#5723=ADVANCED_FACE('',(#5157),#5459,.F.);
#5724=ADVANCED_FACE('',(#5158),#5460,.F.);
#5725=ADVANCED_FACE('',(#5159),#5461,.T.);
#5726=ADVANCED_FACE('',(#5160),#5462,.T.);
#5727=ADVANCED_FACE('',(#5161),#5463,.T.);
#5728=ADVANCED_FACE('',(#5162),#5464,.T.);
#5729=ADVANCED_FACE('',(#5163),#5465,.T.);
#5730=ADVANCED_FACE('',(#5164),#270,.T.);
#5731=ADVANCED_FACE('',(#5165),#5466,.T.);
#5732=ADVANCED_FACE('',(#5166),#5467,.T.);
#5733=ADVANCED_FACE('',(#5167),#5468,.T.);
#5734=ADVANCED_FACE('',(#5168),#271,.T.);
#5735=ADVANCED_FACE('',(#5169),#5469,.T.);
#5736=ADVANCED_FACE('',(#5170),#5470,.T.);
#5737=ADVANCED_FACE('',(#5171),#272,.T.);
#5738=ADVANCED_FACE('',(#5172),#5471,.T.);
#5739=ADVANCED_FACE('',(#5173),#5472,.T.);
#5740=ADVANCED_FACE('',(#5174),#5473,.T.);
#5741=ADVANCED_FACE('',(#5175),#273,.T.);
#5742=ADVANCED_FACE('',(#5176),#5474,.T.);
#5743=ADVANCED_FACE('',(#5177),#5475,.T.);
#5744=ADVANCED_FACE('',(#5178),#5476,.T.);
#5745=ADVANCED_FACE('',(#5179),#5477,.T.);
#5746=ADVANCED_FACE('',(#5180),#5478,.F.);
#5747=ADVANCED_FACE('',(#5181),#5479,.T.);
#5748=ADVANCED_FACE('',(#5182),#274,.F.);
#5749=ADVANCED_FACE('',(#5183),#275,.F.);
#5750=ADVANCED_FACE('',(#5184),#5480,.T.);
#5751=ADVANCED_FACE('',(#5185),#5481,.T.);
#5752=ADVANCED_FACE('',(#5186),#5482,.T.);
#5753=ADVANCED_FACE('',(#5187),#5483,.T.);
#5754=ADVANCED_FACE('',(#5188),#5484,.T.);
#5755=ADVANCED_FACE('',(#5189),#5485,.F.);
#5756=ADVANCED_FACE('',(#5190),#5486,.T.);
#5757=ADVANCED_FACE('',(#5191),#5487,.T.);
#5758=ADVANCED_FACE('',(#5192),#5488,.T.);
#5759=ADVANCED_FACE('',(#5193),#5489,.T.);
#5760=ADVANCED_FACE('',(#5194),#5490,.T.);
#5761=ADVANCED_FACE('',(#5195),#276,.F.);
#5762=ADVANCED_FACE('',(#5196),#5491,.T.);
#5763=ADVANCED_FACE('',(#5197),#5492,.T.);
#5764=ADVANCED_FACE('',(#5198),#5493,.T.);
#5765=ADVANCED_FACE('',(#5199),#5494,.T.);
#5766=ADVANCED_FACE('',(#5200),#277,.F.);
#5767=ADVANCED_FACE('',(#5201),#5495,.F.);
#5768=ADVANCED_FACE('',(#5202),#5496,.F.);
#5769=ADVANCED_FACE('',(#5203),#5497,.F.);
#5770=ADVANCED_FACE('',(#5204),#5498,.F.);
#5771=ADVANCED_FACE('',(#5205),#5499,.F.);
#5772=ADVANCED_FACE('',(#5206),#5500,.F.);
#5773=ADVANCED_FACE('',(#5207),#5501,.F.);
#5774=ADVANCED_FACE('',(#5208),#5502,.F.);
#5775=ADVANCED_FACE('',(#5209),#5503,.F.);
#5776=ADVANCED_FACE('',(#5210),#5504,.F.);
#5777=ADVANCED_FACE('',(#5211),#5505,.F.);
#5778=ADVANCED_FACE('',(#5212),#5506,.F.);
#5779=ADVANCED_FACE('',(#5213),#5507,.F.);
#5780=ADVANCED_FACE('',(#5214),#5508,.F.);
#5781=ADVANCED_FACE('',(#5215),#5509,.F.);
#5782=ADVANCED_FACE('',(#5216),#5510,.F.);
#5783=ADVANCED_FACE('',(#5217,#5218,#5219),#5511,.F.);
#5784=ADVANCED_FACE('',(#5220),#5512,.F.);
#5785=ADVANCED_FACE('',(#5221,#5222),#5513,.T.);
#5786=ADVANCED_FACE('',(#5223,#5224),#5514,.F.);
#5787=ADVANCED_FACE('',(#5225),#5515,.T.);
#5788=ADVANCED_FACE('',(#5226),#5516,.T.);
#5789=ADVANCED_FACE('',(#5227),#5517,.T.);
#5790=ADVANCED_FACE('',(#5228),#5518,.F.);
#5791=ADVANCED_FACE('',(#5229),#278,.T.);
#5792=ADVANCED_FACE('',(#5230),#5519,.F.);
#5793=ADVANCED_FACE('',(#5231),#279,.T.);
#5794=ADVANCED_FACE('',(#5232),#5520,.F.);
#5795=ADVANCED_FACE('',(#5233),#280,.T.);
#5796=ADVANCED_FACE('',(#5234),#5521,.F.);
#5797=ADVANCED_FACE('',(#5235),#281,.T.);
#5798=ADVANCED_FACE('',(#5236),#5522,.F.);
#5799=ADVANCED_FACE('',(#5237),#282,.T.);
#5800=ADVANCED_FACE('',(#5238),#5523,.F.);
#5801=ADVANCED_FACE('',(#5239),#283,.T.);
#5802=ADVANCED_FACE('',(#5240),#5524,.F.);
#5803=ADVANCED_FACE('',(#5241),#5525,.T.);
#5804=ADVANCED_FACE('',(#5242),#5526,.F.);
#5805=ADVANCED_FACE('',(#5243),#5527,.F.);
#5806=ADVANCED_FACE('',(#5244),#5528,.F.);
#5807=ADVANCED_FACE('',(#5245),#5529,.F.);
#5808=ADVANCED_FACE('',(#5246),#5530,.F.);
#5809=ADVANCED_FACE('',(#5247),#5531,.F.);
#5810=ADVANCED_FACE('',(#5248),#5532,.F.);
#5811=ADVANCED_FACE('',(#5249),#5533,.F.);
#5812=ADVANCED_FACE('',(#5250),#5534,.F.);
#5813=ADVANCED_FACE('',(#5251),#5535,.F.);
#5814=ADVANCED_FACE('',(#5252),#5536,.F.);
#5815=ADVANCED_FACE('',(#5253),#5537,.F.);
#5816=ADVANCED_FACE('',(#5254),#5538,.F.);
#5817=ADVANCED_FACE('',(#5255),#5539,.F.);
#5818=ADVANCED_FACE('',(#5256),#5540,.F.);
#5819=ADVANCED_FACE('',(#5257),#5541,.T.);
#5820=ADVANCED_FACE('',(#5258),#284,.T.);
#5821=ADVANCED_FACE('',(#5259),#5542,.T.);
#5822=ADVANCED_FACE('',(#5260),#285,.T.);
#5823=ADVANCED_FACE('',(#5261),#5543,.T.);
#5824=ADVANCED_FACE('',(#5262),#286,.T.);
#5825=ADVANCED_FACE('',(#5263),#5544,.T.);
#5826=ADVANCED_FACE('',(#5264),#287,.T.);
#5827=ADVANCED_FACE('',(#5265),#5545,.T.);
#5828=ADVANCED_FACE('',(#5266),#288,.T.);
#5829=ADVANCED_FACE('',(#5267),#5546,.T.);
#5830=ADVANCED_FACE('',(#5268),#289,.T.);
#5831=ADVANCED_FACE('',(#5269),#5547,.T.);
#5832=ADVANCED_FACE('',(#5270),#5548,.F.);
#5833=ADVANCED_FACE('',(#5271),#5549,.T.);
#5834=ADVANCED_FACE('',(#5272),#5550,.F.);
#5835=ADVANCED_FACE('',(#5273),#5551,.T.);
#5836=ADVANCED_FACE('',(#5274),#5552,.T.);
#5837=ADVANCED_FACE('',(#5275),#5553,.F.);
#5838=ADVANCED_FACE('',(#5276),#5554,.T.);
#5839=ADVANCED_FACE('',(#5277),#5555,.F.);
#5840=ADVANCED_FACE('',(#5278),#5556,.F.);
#5841=ADVANCED_FACE('',(#5279,#5280),#290,.T.);
#5842=ADVANCED_FACE('',(#5281,#5282),#291,.T.);
#5843=ADVANCED_FACE('',(#5283),#5557,.F.);
#5844=ADVANCED_FACE('',(#5284),#5558,.F.);
#5845=ADVANCED_FACE('',(#5285,#5286),#292,.T.);
#5846=ADVANCED_FACE('',(#5287,#5288),#293,.T.);
#5847=ADVANCED_FACE('',(#5289),#5559,.F.);
#5848=ADVANCED_FACE('',(#5290),#5560,.T.);
#5849=ADVANCED_FACE('',(#5291),#5561,.T.);
#5850=ADVANCED_FACE('',(#5292),#5562,.T.);
#5851=ADVANCED_FACE('',(#5293),#5563,.T.);
#5852=ADVANCED_FACE('',(#5294),#5564,.T.);
#5853=ADVANCED_FACE('',(#5295),#294,.T.);
#5854=ADVANCED_FACE('',(#5296),#5565,.T.);
#5855=ADVANCED_FACE('',(#5297),#5566,.T.);
#5856=ADVANCED_FACE('',(#5298),#5567,.T.);
#5857=ADVANCED_FACE('',(#5299),#295,.T.);
#5858=ADVANCED_FACE('',(#5300),#5568,.T.);
#5859=ADVANCED_FACE('',(#5301),#5569,.T.);
#5860=ADVANCED_FACE('',(#5302),#296,.T.);
#5861=ADVANCED_FACE('',(#5303),#5570,.T.);
#5862=ADVANCED_FACE('',(#5304),#5571,.T.);
#5863=ADVANCED_FACE('',(#5305),#5572,.T.);
#5864=ADVANCED_FACE('',(#5306),#297,.T.);
#5865=ADVANCED_FACE('',(#5307),#5573,.T.);
#5866=ADVANCED_FACE('',(#5308),#5574,.T.);
#5867=ADVANCED_FACE('',(#5309),#5575,.T.);
#5868=ADVANCED_FACE('',(#5310),#5576,.T.);
#5869=ADVANCED_FACE('',(#5311),#5577,.F.);
#5870=ADVANCED_FACE('',(#5312),#5578,.F.);
#5871=ADVANCED_FACE('',(#5313),#5579,.F.);
#5872=ADVANCED_FACE('',(#5314),#5580,.F.);
#5873=ADVANCED_FACE('',(#5315),#5581,.F.);
#5874=ADVANCED_FACE('',(#5316),#298,.T.);
#5875=ADVANCED_FACE('',(#5317),#5582,.F.);
#5876=ADVANCED_FACE('',(#5318),#5583,.F.);
#5877=ADVANCED_FACE('',(#5319),#5584,.F.);
#5878=ADVANCED_FACE('',(#5320),#299,.T.);
#5879=ADVANCED_FACE('',(#5321),#5585,.F.);
#5880=ADVANCED_FACE('',(#5322),#5586,.F.);
#5881=ADVANCED_FACE('',(#5323),#5587,.F.);
#5882=ADVANCED_FACE('',(#5324),#5588,.F.);
#5883=ADVANCED_FACE('',(#5325),#5589,.F.);
#5884=ADVANCED_FACE('',(#5326),#5590,.F.);
#5885=ADVANCED_FACE('',(#5327),#5591,.F.);
#5886=ADVANCED_FACE('',(#5328),#300,.T.);
#5887=ADVANCED_FACE('',(#5329),#5592,.F.);
#5888=ADVANCED_FACE('',(#5330),#5593,.F.);
#5889=ADVANCED_FACE('',(#5331),#5594,.F.);
#5890=ADVANCED_FACE('',(#5332),#301,.T.);
#5891=ADVANCED_FACE('',(#5333),#5595,.F.);
#5892=ADVANCED_FACE('',(#5334),#5596,.F.);
#5893=ADVANCED_FACE('',(#5335),#5597,.F.);
#5894=ADVANCED_FACE('',(#5336),#5598,.F.);
#5895=ADVANCED_FACE('',(#5337),#5599,.T.);
#5896=ADVANCED_FACE('',(#5338),#5600,.T.);
#5897=ADVANCED_FACE('',(#5339),#5601,.T.);
#5898=ADVANCED_FACE('',(#5340),#5602,.T.);
#5899=ADVANCED_FACE('',(#5341),#302,.T.);
#5900=ADVANCED_FACE('',(#5342),#5603,.T.);
#5901=ADVANCED_FACE('',(#5343),#5604,.T.);
#5902=ADVANCED_FACE('',(#5344),#5605,.T.);
#5903=ADVANCED_FACE('',(#5345),#303,.T.);
#5904=ADVANCED_FACE('',(#5346),#5606,.T.);
#5905=ADVANCED_FACE('',(#5347),#5607,.T.);
#5906=ADVANCED_FACE('',(#5348),#5608,.T.);
#5907=ADVANCED_FACE('',(#5349),#5609,.T.);
#5908=ADVANCED_FACE('',(#5350),#5610,.T.);
#5909=ADVANCED_FACE('',(#5351),#5611,.T.);
#5910=ADVANCED_FACE('',(#5352),#5612,.T.);
#5911=ADVANCED_FACE('',(#5353),#304,.T.);
#5912=ADVANCED_FACE('',(#5354),#5613,.T.);
#5913=ADVANCED_FACE('',(#5355),#5614,.T.);
#5914=ADVANCED_FACE('',(#5356),#5615,.T.);
#5915=ADVANCED_FACE('',(#5357),#305,.T.);
#5916=ADVANCED_FACE('',(#5358),#5616,.T.);
#5917=ADVANCED_FACE('',(#5359),#5617,.T.);
#5918=ADVANCED_FACE('',(#5360),#5618,.T.);
#5919=ADVANCED_FACE('',(#5361),#5619,.T.);
#5920=ADVANCED_FACE('',(#5362),#5620,.T.);
#5921=ADVANCED_FACE('',(#5363,#5364),#21,.F.);
#5922=ADVANCED_FACE('',(#5365,#5366),#306,.F.);
#5923=ADVANCED_FACE('',(#5367,#5368),#22,.F.);
#5924=ADVANCED_FACE('',(#5369,#5370),#23,.F.);
#5925=ADVANCED_FACE('',(#5371,#5372),#307,.F.);
#5926=ADVANCED_FACE('',(#5373,#5374),#24,.F.);
#5927=ADVANCED_FACE('',(#5375,#5376),#5621,.F.);
#5928=ADVANCED_FACE('',(#5377,#5378),#25,.T.);
#5929=ADVANCED_FACE('',(#5379,#5380),#308,.T.);
#5930=ADVANCED_FACE('',(#5381,#5382),#5622,.F.);
#5931=ADVANCED_FACE('',(#5383,#5384),#309,.T.);
#5932=ADVANCED_FACE('',(#5385,#5386),#26,.T.);
#5933=ADVANCED_FACE('',(#5387),#5623,.F.);
#5934=ADVANCED_FACE('',(#5388),#5624,.T.);
#5935=ADVANCED_FACE('',(#5389),#5625,.T.);
#5936=ADVANCED_FACE('',(#5390),#5626,.T.);
#5937=ADVANCED_FACE('',(#5391),#5627,.T.);
#5938=ADVANCED_FACE('',(#5392),#5628,.T.);
#5939=ADVANCED_FACE('',(#5393),#5629,.T.);
#5940=ADVANCED_FACE('',(#5394),#5630,.F.);
#5941=ADVANCED_FACE('',(#5395),#5631,.F.);
#5942=ADVANCED_FACE('',(#5396),#5632,.F.);
#5943=ADVANCED_FACE('',(#5397),#5633,.F.);
#5944=ADVANCED_FACE('',(#5398),#5634,.F.);
#5945=ADVANCED_FACE('',(#5399),#5635,.F.);
#5946=ADVANCED_FACE('',(#5400,#5401),#27,.F.);
#5947=CLOSED_SHELL('',(#5636,#5637,#5638,#5639,#5640,#5641,#5642,#5643,
#5644,#5645,#5646,#5647,#5648,#5649,#5650,#5651,#5652,#5653,#5654,#5655,
#5656,#5657,#5658,#5659,#5660,#5661,#5662,#5663,#5664,#5665,#5666,#5667,
#5668,#5669,#5670,#5671,#5672,#5673,#5674,#5675,#5676,#5677,#5678,#5679,
#5680,#5681,#5682,#5683,#5684,#5685,#5686,#5687,#5688,#5689,#5690,#5691,
#5692,#5693,#5694));
#5948=CLOSED_SHELL('',(#5695,#5696,#5697,#5698,#5699,#5700,#5701,#5702,
#5703,#5704,#5705,#5706,#5707,#5708,#5709,#5710,#5711,#5712,#5713,#5714,
#5715,#5716,#5717,#5718,#5719,#5720,#5721,#5722,#5723,#5724,#5725,#5726,
#5727,#5728,#5729,#5730,#5731,#5732,#5733,#5734,#5735,#5736,#5737,#5738,
#5739,#5740,#5741,#5742,#5743,#5744,#5745,#5746,#5747,#5748,#5749,#5750,
#5751,#5752,#5753,#5754,#5755,#5756,#5757,#5758,#5759,#5760,#5761,#5762,
#5763,#5764,#5765,#5766,#5767,#5768,#5769,#5770,#5771,#5772,#5773,#5774,
#5775,#5776,#5777,#5778,#5779,#5780,#5781,#5782,#5783,#5784,#5785,#5786,
#5787,#5788,#5789,#5790,#5791,#5792,#5793,#5794,#5795,#5796,#5797,#5798,
#5799,#5800,#5801,#5802,#5803,#5804,#5805,#5806,#5807,#5808,#5809,#5810,
#5811,#5812,#5813,#5814,#5815,#5816,#5817,#5818,#5819,#5820,#5821,#5822,
#5823,#5824,#5825,#5826,#5827,#5828,#5829,#5830,#5831,#5832,#5833,#5834,
#5835,#5836,#5837,#5838,#5839,#5840,#5841,#5842,#5843,#5844,#5845,#5846,
#5847,#5848,#5849,#5850,#5851,#5852,#5853,#5854,#5855,#5856,#5857,#5858,
#5859,#5860,#5861,#5862,#5863,#5864,#5865,#5866,#5867,#5868,#5869,#5870,
#5871,#5872,#5873,#5874,#5875,#5876,#5877,#5878,#5879,#5880,#5881,#5882,
#5883,#5884,#5885,#5886,#5887,#5888,#5889,#5890,#5891,#5892,#5893,#5894,
#5895,#5896,#5897,#5898,#5899,#5900,#5901,#5902,#5903,#5904,#5905,#5906,
#5907,#5908,#5909,#5910,#5911,#5912,#5913,#5914,#5915,#5916,#5917,#5918,
#5919,#5920,#5921,#5922,#5923,#5924,#5925,#5926));
#5949=CLOSED_SHELL('',(#5927,#5928,#5929,#5930,#5931,#5932,#5933,#5934,
#5935,#5936,#5937,#5938,#5939,#5940,#5941,#5942,#5943,#5944,#5945,#5946));
#5950=STYLED_ITEM('',(#5953),#5972);
#5951=STYLED_ITEM('',(#5954),#5973);
#5952=STYLED_ITEM('',(#5955),#5974);
#5953=PRESENTATION_STYLE_ASSIGNMENT((#5956));
#5954=PRESENTATION_STYLE_ASSIGNMENT((#5957));
#5955=PRESENTATION_STYLE_ASSIGNMENT((#5958));
#5956=SURFACE_STYLE_USAGE(.BOTH.,#5959);
#5957=SURFACE_STYLE_USAGE(.BOTH.,#5960);
#5958=SURFACE_STYLE_USAGE(.BOTH.,#5961);
#5959=SURFACE_SIDE_STYLE('',(#5962));
#5960=SURFACE_SIDE_STYLE('',(#5963));
#5961=SURFACE_SIDE_STYLE('',(#5964));
#5962=SURFACE_STYLE_FILL_AREA(#5965);
#5963=SURFACE_STYLE_FILL_AREA(#5966);
#5964=SURFACE_STYLE_FILL_AREA(#5967);
#5965=FILL_AREA_STYLE('',(#5968));
#5966=FILL_AREA_STYLE('',(#5969));
#5967=FILL_AREA_STYLE('',(#5970));
#5968=FILL_AREA_STYLE_COLOUR('',#5971);
#5969=FILL_AREA_STYLE_COLOUR('',#5971);
#5970=FILL_AREA_STYLE_COLOUR('',#5971);
#5971=COLOUR_RGB('',0.689999997615814,0.689999997615814,0.689999997615814);
#5972=MANIFOLD_SOLID_BREP('SSE2BZ8-160_r1',#5947);
#5973=MANIFOLD_SOLID_BREP('SEBSZ8_b',#5948);
#5974=MANIFOLD_SOLID_BREP('BOLT2-6',#5949);
#5975=SHAPE_DEFINITION_REPRESENTATION(#9784,#5979);
#5976=SHAPE_DEFINITION_REPRESENTATION(#9785,#5980);
#5977=SHAPE_DEFINITION_REPRESENTATION(#9787,#5981);
#5978=SHAPE_DEFINITION_REPRESENTATION(#9790,#5982);
#5979=SHAPE_REPRESENTATION('SSE2BSZ8-160',(#5983,#6095,#6414,#6415,#6448,
#6449,#6450,#6451,#6452,#6453,#6454,#6455,#6456,#6457,#6458),#9773);
#5980=SHAPE_REPRESENTATION('SSE2BZ8-160_r1',(#5983),#9774);
#5981=SHAPE_REPRESENTATION('SEBSZ8_b',(#5983),#9775);
#5982=SHAPE_REPRESENTATION('BOLT2-6',(#5983),#9776);
#5983=AXIS2_PLACEMENT_3D('',#8073,#6459,#6460);
#5984=AXIS2_PLACEMENT_3D('',#8074,#6461,#6462);
#5985=AXIS2_PLACEMENT_3D('',#8083,#6467,#6468);
#5986=AXIS2_PLACEMENT_3D('',#8089,#6472,#6473);
#5987=AXIS2_PLACEMENT_3D('',#8095,#6477,#6478);
#5988=AXIS2_PLACEMENT_3D('',#8096,#6479,#6480);
#5989=AXIS2_PLACEMENT_3D('',#8100,#6482,#6483);
#5990=AXIS2_PLACEMENT_3D('',#8101,#6484,#6485);
#5991=AXIS2_PLACEMENT_3D('',#8107,#6489,#6490);
#5992=AXIS2_PLACEMENT_3D('',#8113,#6494,#6495);
#5993=AXIS2_PLACEMENT_3D('',#8119,#6499,#6500);
#5994=AXIS2_PLACEMENT_3D('',#8120,#6501,#6502);
#5995=AXIS2_PLACEMENT_3D('',#8124,#6504,#6505);
#5996=AXIS2_PLACEMENT_3D('',#8125,#6506,#6507);
#5997=AXIS2_PLACEMENT_3D('',#8131,#6511,#6512);
#5998=AXIS2_PLACEMENT_3D('',#8137,#6516,#6517);
#5999=AXIS2_PLACEMENT_3D('',#8143,#6521,#6522);
#6000=AXIS2_PLACEMENT_3D('',#8144,#6523,#6524);
#6001=AXIS2_PLACEMENT_3D('',#8146,#6525,#6526);
#6002=AXIS2_PLACEMENT_3D('',#8148,#6527,#6528);
#6003=AXIS2_PLACEMENT_3D('',#8150,#6529,#6530);
#6004=AXIS2_PLACEMENT_3D('',#8152,#6531,#6532);
#6005=AXIS2_PLACEMENT_3D('',#8154,#6533,#6534);
#6006=AXIS2_PLACEMENT_3D('',#8156,#6535,#6536);
#6007=AXIS2_PLACEMENT_3D('',#8158,#6537,#6538);
#6008=AXIS2_PLACEMENT_3D('',#8160,#6539,#6540);
#6009=AXIS2_PLACEMENT_3D('',#8162,#6541,#6542);
#6010=AXIS2_PLACEMENT_3D('',#8164,#6543,#6544);
#6011=AXIS2_PLACEMENT_3D('',#8171,#6548,#6549);
#6012=AXIS2_PLACEMENT_3D('',#8177,#6553,#6554);
#6013=AXIS2_PLACEMENT_3D('',#8183,#6558,#6559);
#6014=AXIS2_PLACEMENT_3D('',#8189,#6563,#6564);
#6015=AXIS2_PLACEMENT_3D('',#8190,#6565,#6566);
#6016=AXIS2_PLACEMENT_3D('',#8194,#6568,#6569);
#6017=AXIS2_PLACEMENT_3D('',#8195,#6570,#6571);
#6018=AXIS2_PLACEMENT_3D('',#8201,#6575,#6576);
#6019=AXIS2_PLACEMENT_3D('',#8207,#6580,#6581);
#6020=AXIS2_PLACEMENT_3D('',#8213,#6585,#6586);
#6021=AXIS2_PLACEMENT_3D('',#8214,#6587,#6588);
#6022=AXIS2_PLACEMENT_3D('',#8218,#6590,#6591);
#6023=AXIS2_PLACEMENT_3D('',#8219,#6592,#6593);
#6024=AXIS2_PLACEMENT_3D('',#8225,#6597,#6598);
#6025=AXIS2_PLACEMENT_3D('',#8231,#6602,#6603);
#6026=AXIS2_PLACEMENT_3D('',#8237,#6607,#6608);
#6027=AXIS2_PLACEMENT_3D('',#8238,#6609,#6610);
#6028=AXIS2_PLACEMENT_3D('',#8240,#6611,#6612);
#6029=AXIS2_PLACEMENT_3D('',#8242,#6613,#6614);
#6030=AXIS2_PLACEMENT_3D('',#8244,#6615,#6616);
#6031=AXIS2_PLACEMENT_3D('',#8246,#6617,#6618);
#6032=AXIS2_PLACEMENT_3D('',#8248,#6619,#6620);
#6033=AXIS2_PLACEMENT_3D('',#8250,#6621,#6622);
#6034=AXIS2_PLACEMENT_3D('',#8252,#6623,#6624);
#6035=AXIS2_PLACEMENT_3D('',#8254,#6625,#6626);
#6036=AXIS2_PLACEMENT_3D('',#8256,#6627,#6628);
#6037=AXIS2_PLACEMENT_3D('',#8258,#6629,#6630);
#6038=AXIS2_PLACEMENT_3D('',#8262,#6633,#6634);
#6039=AXIS2_PLACEMENT_3D('',#8263,#6635,#6636);
#6040=AXIS2_PLACEMENT_3D('',#8264,#6637,#6638);
#6041=AXIS2_PLACEMENT_3D('',#8265,#6639,#6640);
#6042=AXIS2_PLACEMENT_3D('',#8267,#6641,#6642);
#6043=AXIS2_PLACEMENT_3D('',#8268,#6643,#6644);
#6044=AXIS2_PLACEMENT_3D('',#8270,#6645,#6646);
#6045=AXIS2_PLACEMENT_3D('',#8271,#6647,#6648);
#6046=AXIS2_PLACEMENT_3D('',#8272,#6649,#6650);
#6047=AXIS2_PLACEMENT_3D('',#8274,#6651,#6652);
#6048=AXIS2_PLACEMENT_3D('',#8275,#6653,#6654);
#6049=AXIS2_PLACEMENT_3D('',#8277,#6655,#6656);
#6050=AXIS2_PLACEMENT_3D('',#8278,#6657,#6658);
#6051=AXIS2_PLACEMENT_3D('',#8279,#6659,#6660);
#6052=AXIS2_PLACEMENT_3D('',#8281,#6661,#6662);
#6053=AXIS2_PLACEMENT_3D('',#8282,#6663,#6664);
#6054=AXIS2_PLACEMENT_3D('',#8284,#6665,#6666);
#6055=AXIS2_PLACEMENT_3D('',#8285,#6667,#6668);
#6056=AXIS2_PLACEMENT_3D('',#8286,#6669,#6670);
#6057=AXIS2_PLACEMENT_3D('',#8288,#6671,#6672);
#6058=AXIS2_PLACEMENT_3D('',#8289,#6673,#6674);
#6059=AXIS2_PLACEMENT_3D('',#8291,#6675,#6676);
#6060=AXIS2_PLACEMENT_3D('',#8292,#6677,#6678);
#6061=AXIS2_PLACEMENT_3D('',#8293,#6679,#6680);
#6062=AXIS2_PLACEMENT_3D('',#8295,#6681,#6682);
#6063=AXIS2_PLACEMENT_3D('',#8296,#6683,#6684);
#6064=AXIS2_PLACEMENT_3D('',#8298,#6685,#6686);
#6065=AXIS2_PLACEMENT_3D('',#8299,#6687,#6688);
#6066=AXIS2_PLACEMENT_3D('',#8300,#6689,#6690);
#6067=AXIS2_PLACEMENT_3D('',#8302,#6691,#6692);
#6068=AXIS2_PLACEMENT_3D('',#8303,#6693,#6694);
#6069=AXIS2_PLACEMENT_3D('',#8305,#6695,#6696);
#6070=AXIS2_PLACEMENT_3D('',#8306,#6697,#6698);
#6071=AXIS2_PLACEMENT_3D('',#8307,#6699,#6700);
#6072=AXIS2_PLACEMENT_3D('',#8309,#6701,#6702);
#6073=AXIS2_PLACEMENT_3D('',#8310,#6703,#6704);
#6074=AXIS2_PLACEMENT_3D('',#8312,#6705,#6706);
#6075=AXIS2_PLACEMENT_3D('',#8313,#6707,#6708);
#6076=AXIS2_PLACEMENT_3D('',#8314,#6709,#6710);
#6077=AXIS2_PLACEMENT_3D('',#8316,#6711,#6712);
#6078=AXIS2_PLACEMENT_3D('',#8317,#6713,#6714);
#6079=AXIS2_PLACEMENT_3D('',#8319,#6715,#6716);
#6080=AXIS2_PLACEMENT_3D('',#8320,#6717,#6718);
#6081=AXIS2_PLACEMENT_3D('',#8321,#6719,#6720);
#6082=AXIS2_PLACEMENT_3D('',#8323,#6721,#6722);
#6083=AXIS2_PLACEMENT_3D('',#8324,#6723,#6724);
#6084=AXIS2_PLACEMENT_3D('',#8326,#6725,#6726);
#6085=AXIS2_PLACEMENT_3D('',#8327,#6727,#6728);
#6086=AXIS2_PLACEMENT_3D('',#8328,#6729,#6730);
#6087=AXIS2_PLACEMENT_3D('',#8330,#6731,#6732);
#6088=AXIS2_PLACEMENT_3D('',#8331,#6733,#6734);
#6089=AXIS2_PLACEMENT_3D('',#8333,#6735,#6736);
#6090=AXIS2_PLACEMENT_3D('',#8334,#6737,#6738);
#6091=AXIS2_PLACEMENT_3D('',#8335,#6739,#6740);
#6092=AXIS2_PLACEMENT_3D('',#8337,#6741,#6742);
#6093=AXIS2_PLACEMENT_3D('',#8338,#6743,#6744);
#6094=AXIS2_PLACEMENT_3D('',#8340,#6745,#6746);
#6095=AXIS2_PLACEMENT_3D('',#8341,#6747,#6748);
#6096=AXIS2_PLACEMENT_3D('',#8342,#6749,#6750);
#6097=AXIS2_PLACEMENT_3D('',#8359,#6759,#6760);
#6098=AXIS2_PLACEMENT_3D('',#8376,#6769,#6770);
#6099=AXIS2_PLACEMENT_3D('',#8382,#6774,#6775);
#6100=AXIS2_PLACEMENT_3D('',#8388,#6779,#6780);
#6101=AXIS2_PLACEMENT_3D('',#8397,#6785,#6786);
#6102=AXIS2_PLACEMENT_3D('',#8403,#6790,#6791);
#6103=AXIS2_PLACEMENT_3D('',#8409,#6795,#6796);
#6104=AXIS2_PLACEMENT_3D('',#8410,#6797,#6798);
#6105=AXIS2_PLACEMENT_3D('',#8414,#6800,#6801);
#6106=AXIS2_PLACEMENT_3D('',#8415,#6802,#6803);
#6107=AXIS2_PLACEMENT_3D('',#8421,#6807,#6808);
#6108=AXIS2_PLACEMENT_3D('',#8427,#6812,#6813);
#6109=AXIS2_PLACEMENT_3D('',#8433,#6817,#6818);
#6110=AXIS2_PLACEMENT_3D('',#8434,#6819,#6820);
#6111=AXIS2_PLACEMENT_3D('',#8438,#6822,#6823);
#6112=AXIS2_PLACEMENT_3D('',#8439,#6824,#6825);
#6113=AXIS2_PLACEMENT_3D('',#8442,#6828,#6829);
#6114=AXIS2_PLACEMENT_3D('',#8448,#6833,#6834);
#6115=AXIS2_PLACEMENT_3D('',#8449,#6835,#6836);
#6116=AXIS2_PLACEMENT_3D('',#8453,#6838,#6839);
#6117=AXIS2_PLACEMENT_3D('',#8454,#6840,#6841);
#6118=AXIS2_PLACEMENT_3D('',#8460,#6845,#6846);
#6119=AXIS2_PLACEMENT_3D('',#8466,#6850,#6851);
#6120=AXIS2_PLACEMENT_3D('',#8472,#6855,#6856);
#6121=AXIS2_PLACEMENT_3D('',#8473,#6857,#6858);
#6122=AXIS2_PLACEMENT_3D('',#8477,#6860,#6861);
#6123=AXIS2_PLACEMENT_3D('',#8478,#6862,#6863);
#6124=AXIS2_PLACEMENT_3D('',#8484,#6867,#6868);
#6125=AXIS2_PLACEMENT_3D('',#8490,#6872,#6873);
#6126=AXIS2_PLACEMENT_3D('',#8496,#6877,#6878);
#6127=AXIS2_PLACEMENT_3D('',#8499,#6881,#6882);
#6128=AXIS2_PLACEMENT_3D('',#8512,#6889,#6890);
#6129=AXIS2_PLACEMENT_3D('',#8515,#6893,#6894);
#6130=AXIS2_PLACEMENT_3D('',#8521,#6898,#6899);
#6131=AXIS2_PLACEMENT_3D('',#8531,#6905,#6906);
#6132=AXIS2_PLACEMENT_3D('',#8540,#6911,#6912);
#6133=AXIS2_PLACEMENT_3D('',#8549,#6917,#6918);
#6134=AXIS2_PLACEMENT_3D('',#8566,#6927,#6928);
#6135=AXIS2_PLACEMENT_3D('',#8572,#6932,#6933);
#6136=AXIS2_PLACEMENT_3D('',#8578,#6937,#6938);
#6137=AXIS2_PLACEMENT_3D('',#8587,#6943,#6944);
#6138=AXIS2_PLACEMENT_3D('',#8593,#6948,#6949);
#6139=AXIS2_PLACEMENT_3D('',#8599,#6953,#6954);
#6140=AXIS2_PLACEMENT_3D('',#8603,#6956,#6957);
#6141=AXIS2_PLACEMENT_3D('',#8604,#6958,#6959);
#6142=AXIS2_PLACEMENT_3D('',#8605,#6960,#6961);
#6143=AXIS2_PLACEMENT_3D('',#8611,#6965,#6966);
#6144=AXIS2_PLACEMENT_3D('',#8617,#6970,#6971);
#6145=AXIS2_PLACEMENT_3D('',#8623,#6975,#6976);
#6146=AXIS2_PLACEMENT_3D('',#8627,#6978,#6979);
#6147=AXIS2_PLACEMENT_3D('',#8628,#6980,#6981);
#6148=AXIS2_PLACEMENT_3D('',#8629,#6982,#6983);
#6149=AXIS2_PLACEMENT_3D('',#8632,#6986,#6987);
#6150=AXIS2_PLACEMENT_3D('',#8638,#6991,#6992);
#6151=AXIS2_PLACEMENT_3D('',#8642,#6994,#6995);
#6152=AXIS2_PLACEMENT_3D('',#8643,#6996,#6997);
#6153=AXIS2_PLACEMENT_3D('',#8644,#6998,#6999);
#6154=AXIS2_PLACEMENT_3D('',#8650,#7003,#7004);
#6155=AXIS2_PLACEMENT_3D('',#8656,#7008,#7009);
#6156=AXIS2_PLACEMENT_3D('',#8662,#7013,#7014);
#6157=AXIS2_PLACEMENT_3D('',#8666,#7016,#7017);
#6158=AXIS2_PLACEMENT_3D('',#8667,#7018,#7019);
#6159=AXIS2_PLACEMENT_3D('',#8668,#7020,#7021);
#6160=AXIS2_PLACEMENT_3D('',#8674,#7025,#7026);
#6161=AXIS2_PLACEMENT_3D('',#8680,#7030,#7031);
#6162=AXIS2_PLACEMENT_3D('',#8686,#7035,#7036);
#6163=AXIS2_PLACEMENT_3D('',#8689,#7039,#7040);
#6164=AXIS2_PLACEMENT_3D('',#8706,#7049,#7050);
#6165=AXIS2_PLACEMENT_3D('',#8711,#7053,#7054);
#6166=AXIS2_PLACEMENT_3D('',#8719,#7058,#7059);
#6167=AXIS2_PLACEMENT_3D('',#8735,#7067,#7068);
#6168=AXIS2_PLACEMENT_3D('',#8743,#7072,#7073);
#6169=AXIS2_PLACEMENT_3D('',#8750,#7077,#7078);
#6170=AXIS2_PLACEMENT_3D('',#8754,#7080,#7081);
#6171=AXIS2_PLACEMENT_3D('',#8758,#7083,#7084);
#6172=AXIS2_PLACEMENT_3D('',#8762,#7086,#7087);
#6173=AXIS2_PLACEMENT_3D('',#8766,#7089,#7090);
#6174=AXIS2_PLACEMENT_3D('',#8770,#7092,#7093);
#6175=AXIS2_PLACEMENT_3D('',#8773,#7095,#7096);
#6176=AXIS2_PLACEMENT_3D('',#8777,#7098,#7099);
#6177=AXIS2_PLACEMENT_3D('',#8781,#7101,#7102);
#6178=AXIS2_PLACEMENT_3D('',#8782,#7103,#7104);
#6179=AXIS2_PLACEMENT_3D('',#8786,#7106,#7107);
#6180=AXIS2_PLACEMENT_3D('',#8790,#7109,#7110);
#6181=AXIS2_PLACEMENT_3D('',#8791,#7111,#7112);
#6182=AXIS2_PLACEMENT_3D('',#8834,#7135,#7136);
#6183=AXIS2_PLACEMENT_3D('',#8844,#7142,#7143);
#6184=AXIS2_PLACEMENT_3D('',#8854,#7149,#7150);
#6185=AXIS2_PLACEMENT_3D('',#8864,#7156,#7157);
#6186=AXIS2_PLACEMENT_3D('',#8874,#7163,#7164);
#6187=AXIS2_PLACEMENT_3D('',#8877,#7166,#7167);
#6188=AXIS2_PLACEMENT_3D('',#8881,#7169,#7170);
#6189=AXIS2_PLACEMENT_3D('',#8885,#7172,#7173);
#6190=AXIS2_PLACEMENT_3D('',#8889,#7175,#7176);
#6191=AXIS2_PLACEMENT_3D('',#8893,#7178,#7179);
#6192=AXIS2_PLACEMENT_3D('',#8897,#7181,#7182);
#6193=AXIS2_PLACEMENT_3D('',#8900,#7184,#7185);
#6194=AXIS2_PLACEMENT_3D('',#8904,#7188,#7189);
#6195=AXIS2_PLACEMENT_3D('',#8908,#7192,#7193);
#6196=AXIS2_PLACEMENT_3D('',#8912,#7196,#7197);
#6197=AXIS2_PLACEMENT_3D('',#8916,#7200,#7201);
#6198=AXIS2_PLACEMENT_3D('',#8918,#7203,#7204);
#6199=AXIS2_PLACEMENT_3D('',#8919,#7205,#7206);
#6200=AXIS2_PLACEMENT_3D('',#8920,#7207,#7208);
#6201=AXIS2_PLACEMENT_3D('',#8921,#7209,#7210);
#6202=AXIS2_PLACEMENT_3D('',#8925,#7213,#7214);
#6203=AXIS2_PLACEMENT_3D('',#8927,#7216,#7217);
#6204=AXIS2_PLACEMENT_3D('',#8931,#7220,#7221);
#6205=AXIS2_PLACEMENT_3D('',#8933,#7223,#7224);
#6206=AXIS2_PLACEMENT_3D('',#8934,#7225,#7226);
#6207=AXIS2_PLACEMENT_3D('',#8935,#7227,#7228);
#6208=AXIS2_PLACEMENT_3D('',#8936,#7229,#7230);
#6209=AXIS2_PLACEMENT_3D('',#8942,#7234,#7235);
#6210=AXIS2_PLACEMENT_3D('',#8950,#7240,#7241);
#6211=AXIS2_PLACEMENT_3D('',#8952,#7243,#7244);
#6212=AXIS2_PLACEMENT_3D('',#8956,#7247,#7248);
#6213=AXIS2_PLACEMENT_3D('',#8964,#7253,#7254);
#6214=AXIS2_PLACEMENT_3D('',#8968,#7257,#7258);
#6215=AXIS2_PLACEMENT_3D('',#8970,#7260,#7261);
#6216=AXIS2_PLACEMENT_3D('',#8979,#7266,#7267);
#6217=AXIS2_PLACEMENT_3D('',#8985,#7271,#7272);
#6218=AXIS2_PLACEMENT_3D('',#8991,#7276,#7277);
#6219=AXIS2_PLACEMENT_3D('',#8994,#7280,#7281);
#6220=AXIS2_PLACEMENT_3D('',#9000,#7285,#7286);
#6221=AXIS2_PLACEMENT_3D('',#9006,#7290,#7291);
#6222=AXIS2_PLACEMENT_3D('',#9012,#7295,#7296);
#6223=AXIS2_PLACEMENT_3D('',#9018,#7300,#7301);
#6224=AXIS2_PLACEMENT_3D('',#9024,#7305,#7306);
#6225=AXIS2_PLACEMENT_3D('',#9025,#7307,#7308);
#6226=AXIS2_PLACEMENT_3D('',#9027,#7309,#7310);
#6227=AXIS2_PLACEMENT_3D('',#9034,#7314,#7315);
#6228=AXIS2_PLACEMENT_3D('',#9037,#7318,#7319);
#6229=AXIS2_PLACEMENT_3D('',#9046,#7324,#7325);
#6230=AXIS2_PLACEMENT_3D('',#9054,#7329,#7330);
#6231=AXIS2_PLACEMENT_3D('',#9070,#7338,#7339);
#6232=AXIS2_PLACEMENT_3D('',#9078,#7343,#7344);
#6233=AXIS2_PLACEMENT_3D('',#9087,#7349,#7350);
#6234=AXIS2_PLACEMENT_3D('',#9101,#7358,#7359);
#6235=AXIS2_PLACEMENT_3D('',#9109,#7363,#7364);
#6236=AXIS2_PLACEMENT_3D('',#9125,#7372,#7373);
#6237=AXIS2_PLACEMENT_3D('',#9133,#7377,#7378);
#6238=AXIS2_PLACEMENT_3D('',#9142,#7383,#7384);
#6239=AXIS2_PLACEMENT_3D('',#9146,#7387,#7388);
#6240=AXIS2_PLACEMENT_3D('',#9150,#7391,#7392);
#6241=AXIS2_PLACEMENT_3D('',#9152,#7394,#7395);
#6242=AXIS2_PLACEMENT_3D('',#9156,#7398,#7399);
#6243=AXIS2_PLACEMENT_3D('',#9159,#7401,#7402);
#6244=AXIS2_PLACEMENT_3D('',#9160,#7403,#7404);
#6245=AXIS2_PLACEMENT_3D('',#9164,#7407,#7408);
#6246=AXIS2_PLACEMENT_3D('',#9167,#7410,#7411);
#6247=AXIS2_PLACEMENT_3D('',#9168,#7412,#7413);
#6248=AXIS2_PLACEMENT_3D('',#9172,#7416,#7417);
#6249=AXIS2_PLACEMENT_3D('',#9175,#7419,#7420);
#6250=AXIS2_PLACEMENT_3D('',#9176,#7421,#7422);
#6251=AXIS2_PLACEMENT_3D('',#9180,#7425,#7426);
#6252=AXIS2_PLACEMENT_3D('',#9183,#7428,#7429);
#6253=AXIS2_PLACEMENT_3D('',#9184,#7430,#7431);
#6254=AXIS2_PLACEMENT_3D('',#9188,#7434,#7435);
#6255=AXIS2_PLACEMENT_3D('',#9191,#7437,#7438);
#6256=AXIS2_PLACEMENT_3D('',#9192,#7439,#7440);
#6257=AXIS2_PLACEMENT_3D('',#9196,#7443,#7444);
#6258=AXIS2_PLACEMENT_3D('',#9199,#7446,#7447);
#6259=AXIS2_PLACEMENT_3D('',#9200,#7448,#7449);
#6260=AXIS2_PLACEMENT_3D('',#9202,#7451,#7452);
#6261=AXIS2_PLACEMENT_3D('',#9203,#7453,#7454);
#6262=AXIS2_PLACEMENT_3D('',#9233,#7470,#7471);
#6263=AXIS2_PLACEMENT_3D('',#9239,#7475,#7476);
#6264=AXIS2_PLACEMENT_3D('',#9243,#7479,#7480);
#6265=AXIS2_PLACEMENT_3D('',#9247,#7483,#7484);
#6266=AXIS2_PLACEMENT_3D('',#9251,#7487,#7488);
#6267=AXIS2_PLACEMENT_3D('',#9255,#7491,#7492);
#6268=AXIS2_PLACEMENT_3D('',#9260,#7496,#7497);
#6269=AXIS2_PLACEMENT_3D('',#9267,#7502,#7503);
#6270=AXIS2_PLACEMENT_3D('',#9271,#7506,#7507);
#6271=AXIS2_PLACEMENT_3D('',#9273,#7509,#7510);
#6272=AXIS2_PLACEMENT_3D('',#9277,#7513,#7514);
#6273=AXIS2_PLACEMENT_3D('',#9281,#7517,#7518);
#6274=AXIS2_PLACEMENT_3D('',#9286,#7522,#7523);
#6275=AXIS2_PLACEMENT_3D('',#9291,#7527,#7528);
#6276=AXIS2_PLACEMENT_3D('',#9294,#7530,#7531);
#6277=AXIS2_PLACEMENT_3D('',#9298,#7533,#7534);
#6278=AXIS2_PLACEMENT_3D('',#9302,#7536,#7537);
#6279=AXIS2_PLACEMENT_3D('',#9306,#7539,#7540);
#6280=AXIS2_PLACEMENT_3D('',#9310,#7542,#7543);
#6281=AXIS2_PLACEMENT_3D('',#9314,#7545,#7546);
#6282=AXIS2_PLACEMENT_3D('',#9317,#7548,#7549);
#6283=AXIS2_PLACEMENT_3D('',#9319,#7551,#7552);
#6284=AXIS2_PLACEMENT_3D('',#9321,#7554,#7555);
#6285=AXIS2_PLACEMENT_3D('',#9323,#7557,#7558);
#6286=AXIS2_PLACEMENT_3D('',#9325,#7560,#7561);
#6287=AXIS2_PLACEMENT_3D('',#9327,#7563,#7564);
#6288=AXIS2_PLACEMENT_3D('',#9329,#7566,#7567);
#6289=AXIS2_PLACEMENT_3D('',#9331,#7569,#7570);
#6290=AXIS2_PLACEMENT_3D('',#9333,#7572,#7573);
#6291=AXIS2_PLACEMENT_3D('',#9335,#7575,#7576);
#6292=AXIS2_PLACEMENT_3D('',#9337,#7578,#7579);
#6293=AXIS2_PLACEMENT_3D('',#9339,#7581,#7582);
#6294=AXIS2_PLACEMENT_3D('',#9341,#7584,#7585);
#6295=AXIS2_PLACEMENT_3D('',#9342,#7586,#7587);
#6296=AXIS2_PLACEMENT_3D('',#9346,#7590,#7591);
#6297=AXIS2_PLACEMENT_3D('',#9347,#7592,#7593);
#6298=AXIS2_PLACEMENT_3D('',#9348,#7594,#7595);
#6299=AXIS2_PLACEMENT_3D('',#9352,#7598,#7599);
#6300=AXIS2_PLACEMENT_3D('',#9353,#7600,#7601);
#6301=AXIS2_PLACEMENT_3D('',#9354,#7602,#7603);
#6302=AXIS2_PLACEMENT_3D('',#9358,#7606,#7607);
#6303=AXIS2_PLACEMENT_3D('',#9359,#7608,#7609);
#6304=AXIS2_PLACEMENT_3D('',#9360,#7610,#7611);
#6305=AXIS2_PLACEMENT_3D('',#9364,#7614,#7615);
#6306=AXIS2_PLACEMENT_3D('',#9365,#7616,#7617);
#6307=AXIS2_PLACEMENT_3D('',#9366,#7618,#7619);
#6308=AXIS2_PLACEMENT_3D('',#9367,#7620,#7621);
#6309=AXIS2_PLACEMENT_3D('',#9369,#7622,#7623);
#6310=AXIS2_PLACEMENT_3D('',#9370,#7624,#7625);
#6311=AXIS2_PLACEMENT_3D('',#9371,#7626,#7627);
#6312=AXIS2_PLACEMENT_3D('',#9373,#7628,#7629);
#6313=AXIS2_PLACEMENT_3D('',#9374,#7630,#7631);
#6314=AXIS2_PLACEMENT_3D('',#9375,#7632,#7633);
#6315=AXIS2_PLACEMENT_3D('',#9377,#7634,#7635);
#6316=AXIS2_PLACEMENT_3D('',#9378,#7636,#7637);
#6317=AXIS2_PLACEMENT_3D('',#9379,#7638,#7639);
#6318=AXIS2_PLACEMENT_3D('',#9381,#7640,#7641);
#6319=AXIS2_PLACEMENT_3D('',#9382,#7642,#7643);
#6320=AXIS2_PLACEMENT_3D('',#9386,#7646,#7647);
#6321=AXIS2_PLACEMENT_3D('',#9390,#7650,#7651);
#6322=AXIS2_PLACEMENT_3D('',#9396,#7655,#7656);
#6323=AXIS2_PLACEMENT_3D('',#9400,#7659,#7660);
#6324=AXIS2_PLACEMENT_3D('',#9404,#7663,#7664);
#6325=AXIS2_PLACEMENT_3D('',#9407,#7666,#7667);
#6326=AXIS2_PLACEMENT_3D('',#9408,#7668,#7669);
#6327=AXIS2_PLACEMENT_3D('',#9412,#7672,#7673);
#6328=AXIS2_PLACEMENT_3D('',#9416,#7676,#7677);
#6329=AXIS2_PLACEMENT_3D('',#9420,#7680,#7681);
#6330=AXIS2_PLACEMENT_3D('',#9423,#7683,#7684);
#6331=AXIS2_PLACEMENT_3D('',#9424,#7685,#7686);
#6332=AXIS2_PLACEMENT_3D('',#9426,#7688,#7689);
#6333=AXIS2_PLACEMENT_3D('',#9430,#7692,#7693);
#6334=AXIS2_PLACEMENT_3D('',#9433,#7695,#7696);
#6335=AXIS2_PLACEMENT_3D('',#9434,#7697,#7698);
#6336=AXIS2_PLACEMENT_3D('',#9438,#7701,#7702);
#6337=AXIS2_PLACEMENT_3D('',#9442,#7705,#7706);
#6338=AXIS2_PLACEMENT_3D('',#9446,#7709,#7710);
#6339=AXIS2_PLACEMENT_3D('',#9449,#7712,#7713);
#6340=AXIS2_PLACEMENT_3D('',#9450,#7714,#7715);
#6341=AXIS2_PLACEMENT_3D('',#9454,#7718,#7719);
#6342=AXIS2_PLACEMENT_3D('',#9458,#7722,#7723);
#6343=AXIS2_PLACEMENT_3D('',#9462,#7726,#7727);
#6344=AXIS2_PLACEMENT_3D('',#9464,#7729,#7730);
#6345=AXIS2_PLACEMENT_3D('',#9473,#7735,#7736);
#6346=AXIS2_PLACEMENT_3D('',#9481,#7740,#7741);
#6347=AXIS2_PLACEMENT_3D('',#9497,#7749,#7750);
#6348=AXIS2_PLACEMENT_3D('',#9505,#7754,#7755);
#6349=AXIS2_PLACEMENT_3D('',#9514,#7760,#7761);
#6350=AXIS2_PLACEMENT_3D('',#9516,#7763,#7764);
#6351=AXIS2_PLACEMENT_3D('',#9518,#7766,#7767);
#6352=AXIS2_PLACEMENT_3D('',#9520,#7769,#7770);
#6353=AXIS2_PLACEMENT_3D('',#9522,#7772,#7773);
#6354=AXIS2_PLACEMENT_3D('',#9524,#7775,#7776);
#6355=AXIS2_PLACEMENT_3D('',#9526,#7778,#7779);
#6356=AXIS2_PLACEMENT_3D('',#9528,#7781,#7782);
#6357=AXIS2_PLACEMENT_3D('',#9530,#7784,#7785);
#6358=AXIS2_PLACEMENT_3D('',#9532,#7787,#7788);
#6359=AXIS2_PLACEMENT_3D('',#9534,#7790,#7791);
#6360=AXIS2_PLACEMENT_3D('',#9536,#7793,#7794);
#6361=AXIS2_PLACEMENT_3D('',#9538,#7796,#7797);
#6362=AXIS2_PLACEMENT_3D('',#9540,#7799,#7800);
#6363=AXIS2_PLACEMENT_3D('',#9542,#7802,#7803);
#6364=AXIS2_PLACEMENT_3D('',#9544,#7805,#7806);
#6365=AXIS2_PLACEMENT_3D('',#9546,#7808,#7809);
#6366=AXIS2_PLACEMENT_3D('',#9548,#7811,#7812);
#6367=AXIS2_PLACEMENT_3D('',#9550,#7814,#7815);
#6368=AXIS2_PLACEMENT_3D('',#9552,#7817,#7818);
#6369=AXIS2_PLACEMENT_3D('',#9554,#7820,#7821);
#6370=AXIS2_PLACEMENT_3D('',#9556,#7823,#7824);
#6371=AXIS2_PLACEMENT_3D('',#9558,#7826,#7827);
#6372=AXIS2_PLACEMENT_3D('',#9560,#7829,#7830);
#6373=AXIS2_PLACEMENT_3D('',#9562,#7832,#7833);
#6374=AXIS2_PLACEMENT_3D('',#9563,#7834,#7835);
#6375=AXIS2_PLACEMENT_3D('',#9567,#7838,#7839);
#6376=AXIS2_PLACEMENT_3D('',#9571,#7842,#7843);
#6377=AXIS2_PLACEMENT_3D('',#9575,#7846,#7847);
#6378=AXIS2_PLACEMENT_3D('',#9579,#7850,#7851);
#6379=AXIS2_PLACEMENT_3D('',#9582,#7853,#7854);
#6380=AXIS2_PLACEMENT_3D('',#9583,#7855,#7856);
#6381=AXIS2_PLACEMENT_3D('',#9587,#7859,#7860);
#6382=AXIS2_PLACEMENT_3D('',#9591,#7863,#7864);
#6383=AXIS2_PLACEMENT_3D('',#9595,#7867,#7868);
#6384=AXIS2_PLACEMENT_3D('',#9598,#7870,#7871);
#6385=AXIS2_PLACEMENT_3D('',#9599,#7872,#7873);
#6386=AXIS2_PLACEMENT_3D('',#9603,#7876,#7877);
#6387=AXIS2_PLACEMENT_3D('',#9607,#7880,#7881);
#6388=AXIS2_PLACEMENT_3D('',#9611,#7884,#7885);
#6389=AXIS2_PLACEMENT_3D('',#9615,#7888,#7889);
#6390=AXIS2_PLACEMENT_3D('',#9619,#7892,#7893);
#6391=AXIS2_PLACEMENT_3D('',#9623,#7896,#7897);
#6392=AXIS2_PLACEMENT_3D('',#9627,#7900,#7901);
#6393=AXIS2_PLACEMENT_3D('',#9630,#7903,#7904);
#6394=AXIS2_PLACEMENT_3D('',#9631,#7905,#7906);
#6395=AXIS2_PLACEMENT_3D('',#9635,#7909,#7910);
#6396=AXIS2_PLACEMENT_3D('',#9639,#7913,#7914);
#6397=AXIS2_PLACEMENT_3D('',#9643,#7917,#7918);
#6398=AXIS2_PLACEMENT_3D('',#9646,#7920,#7921);
#6399=AXIS2_PLACEMENT_3D('',#9647,#7922,#7923);
#6400=AXIS2_PLACEMENT_3D('',#9651,#7926,#7927);
#6401=AXIS2_PLACEMENT_3D('',#9655,#7930,#7931);
#6402=AXIS2_PLACEMENT_3D('',#9659,#7934,#7935);
#6403=AXIS2_PLACEMENT_3D('',#9661,#7937,#7938);
#6404=AXIS2_PLACEMENT_3D('',#9662,#7939,#7940);
#6405=AXIS2_PLACEMENT_3D('',#9663,#7941,#7942);
#6406=AXIS2_PLACEMENT_3D('',#9665,#7943,#7944);
#6407=AXIS2_PLACEMENT_3D('',#9666,#7945,#7946);
#6408=AXIS2_PLACEMENT_3D('',#9668,#7947,#7948);
#6409=AXIS2_PLACEMENT_3D('',#9670,#7949,#7950);
#6410=AXIS2_PLACEMENT_3D('',#9671,#7951,#7952);
#6411=AXIS2_PLACEMENT_3D('',#9673,#7953,#7954);
#6412=AXIS2_PLACEMENT_3D('',#9674,#7955,#7956);
#6413=AXIS2_PLACEMENT_3D('',#9676,#7957,#7958);
#6414=AXIS2_PLACEMENT_3D('',#9678,#7959,#7960);
#6415=AXIS2_PLACEMENT_3D('',#9679,#7961,#7962);
#6416=AXIS2_PLACEMENT_3D('',#9680,#7963,#7964);
#6417=AXIS2_PLACEMENT_3D('',#9681,#7965,#7966);
#6418=AXIS2_PLACEMENT_3D('',#9695,#7973,#7974);
#6419=AXIS2_PLACEMENT_3D('',#9696,#7975,#7976);
#6420=AXIS2_PLACEMENT_3D('',#9698,#7977,#7978);
#6421=AXIS2_PLACEMENT_3D('',#9699,#7979,#7980);
#6422=AXIS2_PLACEMENT_3D('',#9701,#7981,#7982);
#6423=AXIS2_PLACEMENT_3D('',#9702,#7983,#7984);
#6424=AXIS2_PLACEMENT_3D('',#9704,#7985,#7986);
#6425=AXIS2_PLACEMENT_3D('',#9705,#7987,#7988);
#6426=AXIS2_PLACEMENT_3D('',#9707,#7989,#7990);
#6427=AXIS2_PLACEMENT_3D('',#9708,#7991,#7992);
#6428=AXIS2_PLACEMENT_3D('',#9710,#7993,#7994);
#6429=AXIS2_PLACEMENT_3D('',#9711,#7995,#7996);
#6430=AXIS2_PLACEMENT_3D('',#9719,#8001,#8002);
#6431=AXIS2_PLACEMENT_3D('',#9725,#8006,#8007);
#6432=AXIS2_PLACEMENT_3D('',#9731,#8011,#8012);
#6433=AXIS2_PLACEMENT_3D('',#9737,#8016,#8017);
#6434=AXIS2_PLACEMENT_3D('',#9743,#8021,#8022);
#6435=AXIS2_PLACEMENT_3D('',#9747,#8025,#8026);
#6436=AXIS2_PLACEMENT_3D('',#9748,#8027,#8028);
#6437=AXIS2_PLACEMENT_3D('',#9749,#8029,#8030);
#6438=AXIS2_PLACEMENT_3D('',#9750,#8031,#8032);
#6439=AXIS2_PLACEMENT_3D('',#9751,#8033,#8034);
#6440=AXIS2_PLACEMENT_3D('',#9752,#8035,#8036);
#6441=AXIS2_PLACEMENT_3D('',#9753,#8037,#8038);
#6442=AXIS2_PLACEMENT_3D('',#9754,#8039,#8040);
#6443=AXIS2_PLACEMENT_3D('',#9755,#8041,#8042);
#6444=AXIS2_PLACEMENT_3D('',#9756,#8043,#8044);
#6445=AXIS2_PLACEMENT_3D('',#9757,#8045,#8046);
#6446=AXIS2_PLACEMENT_3D('',#9758,#8047,#8048);
#6447=AXIS2_PLACEMENT_3D('',#9759,#8049,#8050);
#6448=AXIS2_PLACEMENT_3D('',#9761,#8051,#8052);
#6449=AXIS2_PLACEMENT_3D('',#9762,#8053,#8054);
#6450=AXIS2_PLACEMENT_3D('',#9763,#8055,#8056);
#6451=AXIS2_PLACEMENT_3D('',#9764,#8057,#8058);
#6452=AXIS2_PLACEMENT_3D('',#9765,#8059,#8060);
#6453=AXIS2_PLACEMENT_3D('',#9766,#8061,#8062);
#6454=AXIS2_PLACEMENT_3D('',#9767,#8063,#8064);
#6455=AXIS2_PLACEMENT_3D('',#9768,#8065,#8066);
#6456=AXIS2_PLACEMENT_3D('',#9769,#8067,#8068);
#6457=AXIS2_PLACEMENT_3D('',#9770,#8069,#8070);
#6458=AXIS2_PLACEMENT_3D('',#9771,#8071,#8072);
#6459=DIRECTION('',(0.,0.,1.));
#6460=DIRECTION('',(1.,0.,0.));
#6461=DIRECTION('',(0.707106781186548,-0.707106781186548,0.));
#6462=DIRECTION('',(0.707106781186548,0.707106781186548,0.));
#6463=DIRECTION('',(-0.707106781186547,-0.707106781186547,0.));
#6464=DIRECTION('',(0.,0.,-1.));
#6465=DIRECTION('',(-0.707106781186547,-0.707106781186547,0.));
#6466=DIRECTION('',(0.,0.,-1.));
#6467=DIRECTION('',(1.,0.,0.));
#6468=DIRECTION('',(0.,0.,-1.));
#6469=DIRECTION('',(0.,-1.,0.));
#6470=DIRECTION('',(0.,0.,-1.));
#6471=DIRECTION('',(0.,-1.,0.));
#6472=DIRECTION('',(0.499995870757681,0.866027787790478,0.));
#6473=DIRECTION('',(-0.866027787790478,0.499995870757681,0.));
#6474=DIRECTION('',(0.866027787790478,-0.499995870757681,0.));
#6475=DIRECTION('',(0.,0.,-1.));
#6476=DIRECTION('',(0.866027787790478,-0.499995870757681,0.));
#6477=DIRECTION('',(0.,0.,-1.));
#6478=DIRECTION('',(-1.,0.,0.));
#6479=DIRECTION('',(0.,0.,1.));
#6480=DIRECTION('',(1.,0.,0.));
#6481=DIRECTION('',(0.,0.,-1.));
#6482=DIRECTION('',(0.,0.,1.));
#6483=DIRECTION('',(1.,0.,0.));
#6484=DIRECTION('',(0.,1.,0.));
#6485=DIRECTION('',(0.,0.,1.));
#6486=DIRECTION('',(1.,0.,0.));
#6487=DIRECTION('',(0.,0.,-1.));
#6488=DIRECTION('',(1.,0.,0.));
#6489=DIRECTION('',(1.,0.,0.));
#6490=DIRECTION('',(0.,0.,-1.));
#6491=DIRECTION('',(0.,-1.,0.));
#6492=DIRECTION('',(0.,0.,-1.));
#6493=DIRECTION('',(0.,-1.,0.));
#6494=DIRECTION('',(-2.72375850421113E-14,-1.,0.));
#6495=DIRECTION('',(1.,-2.72375850421113E-14,0.));
#6496=DIRECTION('',(-1.,2.72375850421113E-14,0.));
#6497=DIRECTION('',(0.,0.,-1.));
#6498=DIRECTION('',(-1.,2.72375850421113E-14,0.));
#6499=DIRECTION('',(0.,0.,-1.));
#6500=DIRECTION('',(-1.,0.,0.));
#6501=DIRECTION('',(0.,0.,1.));
#6502=DIRECTION('',(1.,0.,0.));
#6503=DIRECTION('',(0.,0.,-1.));
#6504=DIRECTION('',(0.,0.,1.));
#6505=DIRECTION('',(1.,0.,0.));
#6506=DIRECTION('',(0.499995870757661,-0.866027787790489,0.));
#6507=DIRECTION('',(0.866027787790489,0.499995870757661,0.));
#6508=DIRECTION('',(-0.866027787790489,-0.499995870757661,0.));
#6509=DIRECTION('',(0.,0.,-1.));
#6510=DIRECTION('',(-0.866027787790489,-0.499995870757661,0.));
#6511=DIRECTION('',(1.,6.92663585742016E-15,0.));
#6512=DIRECTION('',(-6.92663585742016E-15,1.,0.));
#6513=DIRECTION('',(6.92663585742016E-15,-1.,0.));
#6514=DIRECTION('',(0.,0.,-1.));
#6515=DIRECTION('',(6.92663585742016E-15,-1.,0.));
#6516=DIRECTION('',(0.707106781186547,0.707106781186548,0.));
#6517=DIRECTION('',(-0.707106781186548,0.707106781186547,0.));
#6518=DIRECTION('',(0.707106781186548,-0.707106781186547,0.));
#6519=DIRECTION('',(0.,0.,-1.));
#6520=DIRECTION('',(0.707106781186548,-0.707106781186547,0.));
#6521=DIRECTION('',(0.,1.,0.));
#6522=DIRECTION('',(0.,0.,1.));
#6523=DIRECTION('',(0.,-1.,0.));
#6524=DIRECTION('',(0.,0.,-1.));
#6525=DIRECTION('',(0.,-1.,0.));
#6526=DIRECTION('',(0.,0.,-1.));
#6527=DIRECTION('',(0.,-1.,0.));
#6528=DIRECTION('',(0.,0.,-1.));
#6529=DIRECTION('',(0.,-1.,0.));
#6530=DIRECTION('',(0.,0.,-1.));
#6531=DIRECTION('',(0.,-1.,0.));
#6532=DIRECTION('',(0.,0.,-1.));
#6533=DIRECTION('',(0.,-1.,0.));
#6534=DIRECTION('',(0.,0.,-1.));
#6535=DIRECTION('',(0.,-1.,0.));
#6536=DIRECTION('',(0.,0.,-1.));
#6537=DIRECTION('',(0.,-1.,0.));
#6538=DIRECTION('',(0.,0.,-1.));
#6539=DIRECTION('',(0.,-1.,0.));
#6540=DIRECTION('',(0.,0.,-1.));
#6541=DIRECTION('',(0.,-1.,0.));
#6542=DIRECTION('',(0.,0.,-1.));
#6543=DIRECTION('',(0.,-1.,0.));
#6544=DIRECTION('',(0.,0.,-1.));
#6545=DIRECTION('',(1.,0.,0.));
#6546=DIRECTION('',(0.,0.,-1.));
#6547=DIRECTION('',(1.,0.,0.));
#6548=DIRECTION('',(-0.707106781186541,0.707106781186554,0.));
#6549=DIRECTION('',(-0.707106781186554,-0.707106781186541,0.));
#6550=DIRECTION('',(0.707106781186554,0.707106781186541,0.));
#6551=DIRECTION('',(0.,0.,-1.));
#6552=DIRECTION('',(0.707106781186554,0.707106781186541,0.));
#6553=DIRECTION('',(-1.,6.9266358574201E-15,0.));
#6554=DIRECTION('',(-6.9266358574201E-15,-1.,0.));
#6555=DIRECTION('',(6.9266358574201E-15,1.,0.));
#6556=DIRECTION('',(0.,0.,-1.));
#6557=DIRECTION('',(6.9266358574201E-15,1.,0.));
#6558=DIRECTION('',(-0.499995870757613,-0.866027787790517,0.));
#6559=DIRECTION('',(0.866027787790517,-0.499995870757613,0.));
#6560=DIRECTION('',(-0.866027787790517,0.499995870757613,0.));
#6561=DIRECTION('',(0.,0.,-1.));
#6562=DIRECTION('',(-0.866027787790517,0.499995870757613,0.));
#6563=DIRECTION('',(0.,0.,-1.));
#6564=DIRECTION('',(-1.,0.,0.));
#6565=DIRECTION('',(0.,0.,1.));
#6566=DIRECTION('',(1.,0.,0.));
#6567=DIRECTION('',(0.,0.,-1.));
#6568=DIRECTION('',(0.,0.,1.));
#6569=DIRECTION('',(1.,0.,0.));
#6570=DIRECTION('',(1.12503068652197E-14,-1.,0.));
#6571=DIRECTION('',(1.,1.12503068652197E-14,0.));
#6572=DIRECTION('',(-1.,-1.12503068652197E-14,0.));
#6573=DIRECTION('',(0.,0.,-1.));
#6574=DIRECTION('',(-1.,-1.12503068652197E-14,0.));
#6575=DIRECTION('',(-1.,0.,0.));
#6576=DIRECTION('',(0.,0.,1.));
#6577=DIRECTION('',(0.,1.,0.));
#6578=DIRECTION('',(0.,0.,-1.));
#6579=DIRECTION('',(0.,1.,0.));
#6580=DIRECTION('',(0.,1.,0.));
#6581=DIRECTION('',(0.,0.,1.));
#6582=DIRECTION('',(1.,0.,0.));
#6583=DIRECTION('',(0.,0.,-1.));
#6584=DIRECTION('',(1.,0.,0.));
#6585=DIRECTION('',(0.,0.,-1.));
#6586=DIRECTION('',(-1.,0.,0.));
#6587=DIRECTION('',(0.,0.,1.));
#6588=DIRECTION('',(1.,0.,0.));
#6589=DIRECTION('',(0.,0.,-1.));
#6590=DIRECTION('',(0.,0.,1.));
#6591=DIRECTION('',(1.,0.,0.));
#6592=DIRECTION('',(-0.499995870757794,0.866027787790412,0.));
#6593=DIRECTION('',(-0.866027787790412,-0.499995870757794,0.));
#6594=DIRECTION('',(0.866027787790412,0.499995870757794,0.));
#6595=DIRECTION('',(0.,0.,-1.));
#6596=DIRECTION('',(0.866027787790412,0.499995870757794,0.));
#6597=DIRECTION('',(-1.,0.,0.));
#6598=DIRECTION('',(0.,0.,1.));
#6599=DIRECTION('',(0.,1.,0.));
#6600=DIRECTION('',(0.,0.,-1.));
#6601=DIRECTION('',(0.,1.,0.));
#6602=DIRECTION('',(-0.707106781186541,-0.707106781186554,0.));
#6603=DIRECTION('',(0.707106781186554,-0.707106781186541,0.));
#6604=DIRECTION('',(-0.707106781186554,0.707106781186541,0.));
#6605=DIRECTION('',(0.,0.,-1.));
#6606=DIRECTION('',(-0.707106781186554,0.707106781186541,0.));
#6607=DIRECTION('',(0.,-1.,0.));
#6608=DIRECTION('',(0.,0.,-1.));
#6609=DIRECTION('',(0.,-1.,0.));
#6610=DIRECTION('',(0.,0.,-1.));
#6611=DIRECTION('',(0.,-1.,0.));
#6612=DIRECTION('',(0.,0.,-1.));
#6613=DIRECTION('',(0.,-1.,0.));
#6614=DIRECTION('',(0.,0.,-1.));
#6615=DIRECTION('',(0.,-1.,0.));
#6616=DIRECTION('',(0.,0.,-1.));
#6617=DIRECTION('',(0.,-1.,0.));
#6618=DIRECTION('',(0.,0.,-1.));
#6619=DIRECTION('',(0.,-1.,0.));
#6620=DIRECTION('',(0.,0.,-1.));
#6621=DIRECTION('',(0.,-1.,0.));
#6622=DIRECTION('',(0.,0.,-1.));
#6623=DIRECTION('',(0.,-1.,0.));
#6624=DIRECTION('',(0.,0.,-1.));
#6625=DIRECTION('',(0.,-1.,0.));
#6626=DIRECTION('',(0.,0.,-1.));
#6627=DIRECTION('',(0.,-1.,0.));
#6628=DIRECTION('',(0.,0.,-1.));
#6629=DIRECTION('',(0.,-1.,0.));
#6630=DIRECTION('',(0.,0.,-1.));
#6631=DIRECTION('',(-1.,0.,0.));
#6632=DIRECTION('',(-1.,0.,0.));
#6633=DIRECTION('',(0.,0.,1.));
#6634=DIRECTION('',(1.,0.,0.));
#6635=DIRECTION('',(0.,0.,1.));
#6636=DIRECTION('',(1.,0.,0.));
#6637=DIRECTION('',(0.,-1.,0.));
#6638=DIRECTION('',(0.,0.,-1.));
#6639=DIRECTION('',(0.,-1.,0.));
#6640=DIRECTION('',(0.,0.,-1.));
#6641=DIRECTION('',(0.,1.,0.));
#6642=DIRECTION('',(0.,0.,1.));
#6643=DIRECTION('',(0.,-1.,0.));
#6644=DIRECTION('',(0.,0.,-1.));
#6645=DIRECTION('',(0.,-1.,0.));
#6646=DIRECTION('',(0.,0.,-1.));
#6647=DIRECTION('',(0.,-1.,0.));
#6648=DIRECTION('',(0.,0.,-1.));
#6649=DIRECTION('',(0.,-1.,0.));
#6650=DIRECTION('',(0.,0.,-1.));
#6651=DIRECTION('',(0.,1.,0.));
#6652=DIRECTION('',(0.,0.,1.));
#6653=DIRECTION('',(0.,-1.,0.));
#6654=DIRECTION('',(0.,0.,-1.));
#6655=DIRECTION('',(0.,-1.,0.));
#6656=DIRECTION('',(0.,0.,-1.));
#6657=DIRECTION('',(0.,-1.,0.));
#6658=DIRECTION('',(0.,0.,-1.));
#6659=DIRECTION('',(0.,-1.,0.));
#6660=DIRECTION('',(0.,0.,-1.));
#6661=DIRECTION('',(0.,1.,0.));
#6662=DIRECTION('',(0.,0.,1.));
#6663=DIRECTION('',(0.,-1.,0.));
#6664=DIRECTION('',(0.,0.,-1.));
#6665=DIRECTION('',(0.,-1.,0.));
#6666=DIRECTION('',(0.,0.,-1.));
#6667=DIRECTION('',(0.,-1.,0.));
#6668=DIRECTION('',(0.,0.,-1.));
#6669=DIRECTION('',(0.,-1.,0.));
#6670=DIRECTION('',(0.,0.,-1.));
#6671=DIRECTION('',(0.,1.,0.));
#6672=DIRECTION('',(0.,0.,1.));
#6673=DIRECTION('',(0.,-1.,0.));
#6674=DIRECTION('',(0.,0.,-1.));
#6675=DIRECTION('',(0.,-1.,0.));
#6676=DIRECTION('',(0.,0.,-1.));
#6677=DIRECTION('',(0.,-1.,0.));
#6678=DIRECTION('',(0.,0.,-1.));
#6679=DIRECTION('',(0.,-1.,0.));
#6680=DIRECTION('',(0.,0.,-1.));
#6681=DIRECTION('',(0.,1.,0.));
#6682=DIRECTION('',(0.,0.,1.));
#6683=DIRECTION('',(0.,-1.,0.));
#6684=DIRECTION('',(0.,0.,-1.));
#6685=DIRECTION('',(0.,-1.,0.));
#6686=DIRECTION('',(0.,0.,-1.));
#6687=DIRECTION('',(0.,-1.,0.));
#6688=DIRECTION('',(0.,0.,-1.));
#6689=DIRECTION('',(0.,-1.,0.));
#6690=DIRECTION('',(0.,0.,-1.));
#6691=DIRECTION('',(0.,1.,0.));
#6692=DIRECTION('',(0.,0.,1.));
#6693=DIRECTION('',(0.,-1.,0.));
#6694=DIRECTION('',(0.,0.,-1.));
#6695=DIRECTION('',(0.,-1.,0.));
#6696=DIRECTION('',(0.,0.,-1.));
#6697=DIRECTION('',(0.,-1.,0.));
#6698=DIRECTION('',(0.,0.,-1.));
#6699=DIRECTION('',(0.,-1.,0.));
#6700=DIRECTION('',(0.,0.,-1.));
#6701=DIRECTION('',(0.,1.,0.));
#6702=DIRECTION('',(0.,0.,1.));
#6703=DIRECTION('',(0.,-1.,0.));
#6704=DIRECTION('',(0.,0.,-1.));
#6705=DIRECTION('',(0.,-1.,0.));
#6706=DIRECTION('',(0.,0.,-1.));
#6707=DIRECTION('',(0.,-1.,0.));
#6708=DIRECTION('',(0.,0.,-1.));
#6709=DIRECTION('',(0.,-1.,0.));
#6710=DIRECTION('',(0.,0.,-1.));
#6711=DIRECTION('',(0.,1.,0.));
#6712=DIRECTION('',(0.,0.,1.));
#6713=DIRECTION('',(0.,-1.,0.));
#6714=DIRECTION('',(0.,0.,-1.));
#6715=DIRECTION('',(0.,-1.,0.));
#6716=DIRECTION('',(0.,0.,-1.));
#6717=DIRECTION('',(0.,-1.,0.));
#6718=DIRECTION('',(0.,0.,-1.));
#6719=DIRECTION('',(0.,-1.,0.));
#6720=DIRECTION('',(0.,0.,-1.));
#6721=DIRECTION('',(0.,1.,0.));
#6722=DIRECTION('',(0.,0.,1.));
#6723=DIRECTION('',(0.,-1.,0.));
#6724=DIRECTION('',(0.,0.,-1.));
#6725=DIRECTION('',(0.,-1.,0.));
#6726=DIRECTION('',(0.,0.,-1.));
#6727=DIRECTION('',(0.,-1.,0.));
#6728=DIRECTION('',(0.,0.,-1.));
#6729=DIRECTION('',(0.,-1.,0.));
#6730=DIRECTION('',(0.,0.,-1.));
#6731=DIRECTION('',(0.,1.,0.));
#6732=DIRECTION('',(0.,0.,1.));
#6733=DIRECTION('',(0.,-1.,0.));
#6734=DIRECTION('',(0.,0.,-1.));
#6735=DIRECTION('',(0.,-1.,0.));
#6736=DIRECTION('',(0.,0.,-1.));
#6737=DIRECTION('',(0.,-1.,0.));
#6738=DIRECTION('',(0.,0.,-1.));
#6739=DIRECTION('',(0.,-1.,0.));
#6740=DIRECTION('',(0.,0.,-1.));
#6741=DIRECTION('',(0.,1.,0.));
#6742=DIRECTION('',(0.,0.,1.));
#6743=DIRECTION('',(0.,-1.,0.));
#6744=DIRECTION('',(0.,0.,-1.));
#6745=DIRECTION('',(0.,-1.,0.));
#6746=DIRECTION('',(0.,0.,-1.));
#6747=DIRECTION('',(0.,0.,1.));
#6748=DIRECTION('',(1.,0.,0.));
#6749=DIRECTION('',(0.,1.,0.));
#6750=DIRECTION('',(0.,0.,1.));
#6751=DIRECTION('',(1.,0.,0.));
#6752=DIRECTION('',(0.,0.,1.));
#6753=DIRECTION('',(1.,0.,0.));
#6754=DIRECTION('',(0.,0.,-1.));
#6755=DIRECTION('',(1.,0.,0.));
#6756=DIRECTION('',(0.,0.,-1.));
#6757=DIRECTION('',(1.,-8.13151629364127E-17,0.));
#6758=DIRECTION('',(0.,0.,-1.));
#6759=DIRECTION('',(0.,1.,0.));
#6760=DIRECTION('',(0.,0.,1.));
#6761=DIRECTION('',(1.,0.,0.));
#6762=DIRECTION('',(0.,0.,1.));
#6763=DIRECTION('',(1.,-8.13151629364127E-17,0.));
#6764=DIRECTION('',(0.,0.,-1.));
#6765=DIRECTION('',(1.,0.,0.));
#6766=DIRECTION('',(0.,0.,-1.));
#6767=DIRECTION('',(1.,0.,0.));
#6768=DIRECTION('',(0.,0.,1.));
#6769=DIRECTION('',(1.,6.92663585742016E-15,0.));
#6770=DIRECTION('',(-6.92663585742016E-15,1.,0.));
#6771=DIRECTION('',(0.,0.,-1.));
#6772=DIRECTION('',(6.92663585742016E-15,-1.,0.));
#6773=DIRECTION('',(6.92663585742016E-15,-1.,0.));
#6774=DIRECTION('',(-1.,6.9266358574201E-15,0.));
#6775=DIRECTION('',(-6.9266358574201E-15,-1.,0.));
#6776=DIRECTION('',(6.9266358574201E-15,1.,0.));
#6777=DIRECTION('',(0.,0.,-1.));
#6778=DIRECTION('',(6.9266358574201E-15,1.,0.));
#6779=DIRECTION('',(0.707106781186547,-0.707106781186547,0.));
#6780=DIRECTION('',(0.707106781186548,0.707106781186548,0.));
#6781=DIRECTION('',(0.,0.,-1.));
#6782=DIRECTION('',(-0.707106781186548,-0.707106781186548,0.));
#6783=DIRECTION('',(0.,0.,-1.));
#6784=DIRECTION('',(-0.707106781186548,-0.707106781186548,0.));
#6785=DIRECTION('',(1.,0.,0.));
#6786=DIRECTION('',(0.,0.,-1.));
#6787=DIRECTION('',(0.,-1.,0.));
#6788=DIRECTION('',(0.,0.,-1.));
#6789=DIRECTION('',(0.,-1.,0.));
#6790=DIRECTION('',(0.499995870757681,0.866027787790478,0.));
#6791=DIRECTION('',(-0.866027787790478,0.499995870757681,0.));
#6792=DIRECTION('',(0.866027787790478,-0.499995870757681,0.));
#6793=DIRECTION('',(0.,0.,-1.));
#6794=DIRECTION('',(0.866027787790478,-0.499995870757681,0.));
#6795=DIRECTION('',(0.,0.,-1.));
#6796=DIRECTION('',(-1.,0.,0.));
#6797=DIRECTION('',(0.,0.,1.));
#6798=DIRECTION('',(1.,0.,0.));
#6799=DIRECTION('',(0.,0.,-1.));
#6800=DIRECTION('',(0.,0.,1.));
#6801=DIRECTION('',(1.,0.,0.));
#6802=DIRECTION('',(0.,1.,0.));
#6803=DIRECTION('',(0.,0.,1.));
#6804=DIRECTION('',(1.,0.,0.));
#6805=DIRECTION('',(0.,0.,-1.));
#6806=DIRECTION('',(1.,0.,0.));
#6807=DIRECTION('',(1.,0.,0.));
#6808=DIRECTION('',(0.,0.,-1.));
#6809=DIRECTION('',(0.,-1.,0.));
#6810=DIRECTION('',(0.,0.,-1.));
#6811=DIRECTION('',(0.,-1.,0.));
#6812=DIRECTION('',(-2.72375850421113E-14,-1.,0.));
#6813=DIRECTION('',(1.,-2.72375850421113E-14,0.));
#6814=DIRECTION('',(-1.,2.72375850421113E-14,0.));
#6815=DIRECTION('',(0.,0.,-1.));
#6816=DIRECTION('',(-1.,2.72375850421113E-14,0.));
#6817=DIRECTION('',(0.,0.,-1.));
#6818=DIRECTION('',(-1.,0.,0.));
#6819=DIRECTION('',(0.,0.,1.));
#6820=DIRECTION('',(1.,0.,0.));
#6821=DIRECTION('',(0.,0.,-1.));
#6822=DIRECTION('',(0.,0.,1.));
#6823=DIRECTION('',(1.,0.,0.));
#6824=DIRECTION('',(0.499995870757661,-0.866027787790489,0.));
#6825=DIRECTION('',(0.866027787790489,0.499995870757661,0.));
#6826=DIRECTION('',(-0.866027787790489,-0.499995870757661,0.));
#6827=DIRECTION('',(-0.866027787790489,-0.499995870757661,0.));
#6828=DIRECTION('',(-0.499995870757613,-0.866027787790517,0.));
#6829=DIRECTION('',(0.866027787790517,-0.499995870757613,0.));
#6830=DIRECTION('',(-0.866027787790517,0.499995870757613,0.));
#6831=DIRECTION('',(0.,0.,-1.));
#6832=DIRECTION('',(-0.866027787790517,0.499995870757613,0.));
#6833=DIRECTION('',(0.,0.,-1.));
#6834=DIRECTION('',(-1.,0.,0.));
#6835=DIRECTION('',(0.,0.,1.));
#6836=DIRECTION('',(1.,0.,0.));
#6837=DIRECTION('',(0.,0.,-1.));
#6838=DIRECTION('',(0.,0.,1.));
#6839=DIRECTION('',(1.,0.,0.));
#6840=DIRECTION('',(1.12503068652197E-14,-1.,0.));
#6841=DIRECTION('',(1.,1.12503068652197E-14,0.));
#6842=DIRECTION('',(-1.,-1.12503068652197E-14,0.));
#6843=DIRECTION('',(0.,0.,-1.));
#6844=DIRECTION('',(-1.,-1.12503068652197E-14,0.));
#6845=DIRECTION('',(-1.,0.,0.));
#6846=DIRECTION('',(0.,0.,1.));
#6847=DIRECTION('',(0.,1.,0.));
#6848=DIRECTION('',(0.,0.,-1.));
#6849=DIRECTION('',(0.,1.,0.));
#6850=DIRECTION('',(0.,1.,0.));
#6851=DIRECTION('',(0.,0.,1.));
#6852=DIRECTION('',(1.,0.,0.));
#6853=DIRECTION('',(0.,0.,-1.));
#6854=DIRECTION('',(1.,0.,0.));
#6855=DIRECTION('',(0.,0.,-1.));
#6856=DIRECTION('',(-1.,0.,0.));
#6857=DIRECTION('',(0.,0.,1.));
#6858=DIRECTION('',(1.,0.,0.));
#6859=DIRECTION('',(0.,0.,-1.));
#6860=DIRECTION('',(0.,0.,1.));
#6861=DIRECTION('',(1.,0.,0.));
#6862=DIRECTION('',(-0.499995870757794,0.866027787790412,0.));
#6863=DIRECTION('',(-0.866027787790412,-0.499995870757794,0.));
#6864=DIRECTION('',(0.866027787790412,0.499995870757794,0.));
#6865=DIRECTION('',(0.,0.,-1.));
#6866=DIRECTION('',(0.866027787790412,0.499995870757794,0.));
#6867=DIRECTION('',(-1.,0.,0.));
#6868=DIRECTION('',(0.,0.,1.));
#6869=DIRECTION('',(0.,1.,0.));
#6870=DIRECTION('',(0.,0.,-1.));
#6871=DIRECTION('',(0.,1.,0.));
#6872=DIRECTION('',(-0.707106781186541,-0.707106781186554,0.));
#6873=DIRECTION('',(0.707106781186554,-0.707106781186541,0.));
#6874=DIRECTION('',(-0.707106781186554,0.707106781186541,0.));
#6875=DIRECTION('',(0.,0.,-1.));
#6876=DIRECTION('',(-0.707106781186554,0.707106781186541,0.));
#6877=DIRECTION('',(0.,-1.,0.));
#6878=DIRECTION('',(0.,0.,-1.));
#6879=DIRECTION('',(-1.,0.,0.));
#6880=DIRECTION('',(-1.,0.,0.));
#6881=DIRECTION('',(-1.,0.,0.));
#6882=DIRECTION('',(0.,0.,1.));
#6883=DIRECTION('',(0.,0.,1.));
#6884=DIRECTION('',(0.,1.,0.));
#6885=DIRECTION('',(0.,0.,1.));
#6886=DIRECTION('',(0.,-1.,0.));
#6887=DIRECTION('',(0.,0.,1.));
#6888=DIRECTION('',(0.,1.,0.));
#6889=DIRECTION('',(-0.707106781186548,-0.707106781186548,0.));
#6890=DIRECTION('',(0.707106781186548,-0.707106781186548,0.));
#6891=DIRECTION('',(-0.707106781186548,0.707106781186548,0.));
#6892=DIRECTION('',(-0.707106781186548,0.707106781186548,0.));
#6893=DIRECTION('',(0.707106781186579,-0.707106781186516,0.));
#6894=DIRECTION('',(0.707106781186516,0.707106781186579,0.));
#6895=DIRECTION('',(0.,0.,1.));
#6896=DIRECTION('',(-0.707106781186516,-0.707106781186579,0.));
#6897=DIRECTION('',(-0.707106781186516,-0.707106781186579,0.));
#6898=DIRECTION('',(1.,0.,0.));
#6899=DIRECTION('',(0.,0.,-1.));
#6900=DIRECTION('',(0.,0.,1.));
#6901=DIRECTION('',(0.,1.,0.));
#6902=DIRECTION('',(0.,0.,1.));
#6903=DIRECTION('',(0.,-1.,0.));
#6904=DIRECTION('',(0.,-1.,0.));
#6905=DIRECTION('',(0.,1.,0.));
#6906=DIRECTION('',(0.,0.,1.));
#6907=DIRECTION('',(0.,0.,-1.));
#6908=DIRECTION('',(1.,0.,0.));
#6909=DIRECTION('',(0.,0.,-1.));
#6910=DIRECTION('',(1.,0.,0.));
#6911=DIRECTION('',(0.,1.,0.));
#6912=DIRECTION('',(0.,0.,1.));
#6913=DIRECTION('',(0.,0.,1.));
#6914=DIRECTION('',(1.,0.,0.));
#6915=DIRECTION('',(0.,0.,-1.));
#6916=DIRECTION('',(1.,0.,0.));
#6917=DIRECTION('',(0.,1.,0.));
#6918=DIRECTION('',(0.,0.,1.));
#6919=DIRECTION('',(0.,0.,-1.));
#6920=DIRECTION('',(1.,0.,0.));
#6921=DIRECTION('',(0.,0.,-1.));
#6922=DIRECTION('',(1.,-8.13151629364127E-17,0.));
#6923=DIRECTION('',(0.,0.,1.));
#6924=DIRECTION('',(1.,0.,0.));
#6925=DIRECTION('',(0.,0.,1.));
#6926=DIRECTION('',(1.,0.,0.));
#6927=DIRECTION('',(1.,6.92663585742016E-15,0.));
#6928=DIRECTION('',(-6.92663585742016E-15,1.,0.));
#6929=DIRECTION('',(6.92663585742016E-15,-1.,0.));
#6930=DIRECTION('',(0.,0.,-1.));
#6931=DIRECTION('',(6.92663585742016E-15,-1.,0.));
#6932=DIRECTION('',(-1.,6.9266358574201E-15,0.));
#6933=DIRECTION('',(-6.9266358574201E-15,-1.,0.));
#6934=DIRECTION('',(6.9266358574201E-15,1.,0.));
#6935=DIRECTION('',(6.9266358574201E-15,1.,0.));
#6936=DIRECTION('',(0.,0.,-1.));
#6937=DIRECTION('',(0.707106781186547,-0.707106781186547,0.));
#6938=DIRECTION('',(0.707106781186548,0.707106781186548,0.));
#6939=DIRECTION('',(-0.707106781186548,-0.707106781186548,0.));
#6940=DIRECTION('',(0.,0.,-1.));
#6941=DIRECTION('',(-0.707106781186548,-0.707106781186548,0.));
#6942=DIRECTION('',(0.,0.,-1.));
#6943=DIRECTION('',(1.,0.,0.));
#6944=DIRECTION('',(0.,0.,-1.));
#6945=DIRECTION('',(0.,-1.,0.));
#6946=DIRECTION('',(0.,-1.,0.));
#6947=DIRECTION('',(0.,0.,-1.));
#6948=DIRECTION('',(0.499995870757681,0.866027787790478,0.));
#6949=DIRECTION('',(-0.866027787790478,0.499995870757681,0.));
#6950=DIRECTION('',(0.866027787790478,-0.499995870757681,0.));
#6951=DIRECTION('',(0.866027787790478,-0.499995870757681,0.));
#6952=DIRECTION('',(0.,0.,-1.));
#6953=DIRECTION('',(0.,0.,-1.));
#6954=DIRECTION('',(-1.,0.,0.));
#6955=DIRECTION('',(0.,0.,-1.));
#6956=DIRECTION('',(0.,0.,1.));
#6957=DIRECTION('',(1.,0.,0.));
#6958=DIRECTION('',(0.,0.,1.));
#6959=DIRECTION('',(1.,0.,0.));
#6960=DIRECTION('',(0.,1.,0.));
#6961=DIRECTION('',(0.,0.,1.));
#6962=DIRECTION('',(1.,0.,0.));
#6963=DIRECTION('',(1.,0.,0.));
#6964=DIRECTION('',(0.,0.,-1.));
#6965=DIRECTION('',(1.,0.,0.));
#6966=DIRECTION('',(0.,0.,-1.));
#6967=DIRECTION('',(0.,-1.,0.));
#6968=DIRECTION('',(0.,-1.,0.));
#6969=DIRECTION('',(0.,0.,-1.));
#6970=DIRECTION('',(-2.72375850421113E-14,-1.,0.));
#6971=DIRECTION('',(1.,-2.72375850421113E-14,0.));
#6972=DIRECTION('',(-1.,2.72375850421113E-14,0.));
#6973=DIRECTION('',(-1.,2.72375850421113E-14,0.));
#6974=DIRECTION('',(0.,0.,-1.));
#6975=DIRECTION('',(0.,0.,-1.));
#6976=DIRECTION('',(-1.,0.,0.));
#6977=DIRECTION('',(0.,0.,-1.));
#6978=DIRECTION('',(0.,0.,1.));
#6979=DIRECTION('',(1.,0.,0.));
#6980=DIRECTION('',(0.,0.,1.));
#6981=DIRECTION('',(1.,0.,0.));
#6982=DIRECTION('',(0.499995870757661,-0.866027787790489,0.));
#6983=DIRECTION('',(0.866027787790489,0.499995870757661,0.));
#6984=DIRECTION('',(-0.866027787790489,-0.499995870757661,0.));
#6985=DIRECTION('',(-0.866027787790489,-0.499995870757661,0.));
#6986=DIRECTION('',(-0.499995870757613,-0.866027787790517,0.));
#6987=DIRECTION('',(0.866027787790517,-0.499995870757613,0.));
#6988=DIRECTION('',(-0.866027787790517,0.499995870757613,0.));
#6989=DIRECTION('',(-0.866027787790517,0.499995870757613,0.));
#6990=DIRECTION('',(0.,0.,-1.));
#6991=DIRECTION('',(0.,0.,-1.));
#6992=DIRECTION('',(-1.,0.,0.));
#6993=DIRECTION('',(0.,0.,-1.));
#6994=DIRECTION('',(0.,0.,1.));
#6995=DIRECTION('',(1.,0.,0.));
#6996=DIRECTION('',(0.,0.,1.));
#6997=DIRECTION('',(1.,0.,0.));
#6998=DIRECTION('',(1.12503068652197E-14,-1.,0.));
#6999=DIRECTION('',(1.,1.12503068652197E-14,0.));
#7000=DIRECTION('',(-1.,-1.12503068652197E-14,0.));
#7001=DIRECTION('',(-1.,-1.12503068652197E-14,0.));
#7002=DIRECTION('',(0.,0.,-1.));
#7003=DIRECTION('',(-1.,0.,0.));
#7004=DIRECTION('',(0.,0.,1.));
#7005=DIRECTION('',(0.,1.,0.));
#7006=DIRECTION('',(0.,1.,0.));
#7007=DIRECTION('',(0.,0.,-1.));
#7008=DIRECTION('',(0.,1.,0.));
#7009=DIRECTION('',(0.,0.,1.));
#7010=DIRECTION('',(1.,0.,0.));
#7011=DIRECTION('',(1.,0.,0.));
#7012=DIRECTION('',(0.,0.,-1.));
#7013=DIRECTION('',(0.,0.,-1.));
#7014=DIRECTION('',(-1.,0.,0.));
#7015=DIRECTION('',(0.,0.,-1.));
#7016=DIRECTION('',(0.,0.,1.));
#7017=DIRECTION('',(1.,0.,0.));
#7018=DIRECTION('',(0.,0.,1.));
#7019=DIRECTION('',(1.,0.,0.));
#7020=DIRECTION('',(-0.499995870757794,0.866027787790412,0.));
#7021=DIRECTION('',(-0.866027787790412,-0.499995870757794,0.));
#7022=DIRECTION('',(0.866027787790412,0.499995870757794,0.));
#7023=DIRECTION('',(0.866027787790412,0.499995870757794,0.));
#7024=DIRECTION('',(0.,0.,-1.));
#7025=DIRECTION('',(-1.,0.,0.));
#7026=DIRECTION('',(0.,0.,1.));
#7027=DIRECTION('',(0.,1.,0.));
#7028=DIRECTION('',(0.,1.,0.));
#7029=DIRECTION('',(0.,0.,-1.));
#7030=DIRECTION('',(-0.707106781186541,-0.707106781186554,0.));
#7031=DIRECTION('',(0.707106781186554,-0.707106781186541,0.));
#7032=DIRECTION('',(-0.707106781186554,0.707106781186541,0.));
#7033=DIRECTION('',(-0.707106781186554,0.707106781186541,0.));
#7034=DIRECTION('',(0.,0.,-1.));
#7035=DIRECTION('',(0.,-1.,0.));
#7036=DIRECTION('',(0.,0.,-1.));
#7037=DIRECTION('',(-1.,0.,0.));
#7038=DIRECTION('',(-1.,0.,0.));
#7039=DIRECTION('',(0.,1.,0.));
#7040=DIRECTION('',(0.,0.,1.));
#7041=DIRECTION('',(0.,0.,1.));
#7042=DIRECTION('',(1.,0.,0.));
#7043=DIRECTION('',(0.,0.,-1.));
#7044=DIRECTION('',(1.,0.,0.));
#7045=DIRECTION('',(0.,0.,1.));
#7046=DIRECTION('',(1.,0.,0.));
#7047=DIRECTION('',(0.,0.,1.));
#7048=DIRECTION('',(1.,-8.13151629364127E-17,0.));
#7049=DIRECTION('',(0.,0.,1.));
#7050=DIRECTION('',(1.,0.,0.));
#7051=DIRECTION('',(-6.92663585742016E-15,1.,0.));
#7052=DIRECTION('',(0.866027787790489,0.499995870757661,0.));
#7053=DIRECTION('',(0.,0.,1.));
#7054=DIRECTION('',(1.,0.,0.));
#7055=DIRECTION('',(1.,-2.72375850421113E-14,0.));
#7056=DIRECTION('',(0.,1.,0.));
#7057=DIRECTION('',(-1.,0.,0.));
#7058=DIRECTION('',(0.,0.,1.));
#7059=DIRECTION('',(1.,0.,0.));
#7060=DIRECTION('',(-0.866027787790478,0.499995870757681,0.));
#7061=DIRECTION('',(0.,1.,0.));
#7062=DIRECTION('',(0.707106781186548,0.707106781186548,0.));
#7063=DIRECTION('',(1.,0.,0.));
#7064=DIRECTION('',(0.707106781186554,-0.707106781186541,0.));
#7065=DIRECTION('',(0.,-1.,0.));
#7066=DIRECTION('',(-0.866027787790412,-0.499995870757794,0.));
#7067=DIRECTION('',(0.,0.,1.));
#7068=DIRECTION('',(1.,0.,0.));
#7069=DIRECTION('',(-1.,0.,0.));
#7070=DIRECTION('',(0.,-1.,0.));
#7071=DIRECTION('',(1.,1.12503068652197E-14,0.));
#7072=DIRECTION('',(0.,0.,1.));
#7073=DIRECTION('',(1.,0.,0.));
#7074=DIRECTION('',(0.866027787790517,-0.499995870757613,0.));
#7075=DIRECTION('',(-6.9266358574201E-15,-1.,0.));
#7076=DIRECTION('',(2.39024936407395E-14,-1.,0.));
#7077=DIRECTION('',(0.,0.,1.));
#7078=DIRECTION('',(1.,0.,0.));
#7079=DIRECTION('',(0.,-1.,0.));
#7080=DIRECTION('',(0.,0.,1.));
#7081=DIRECTION('',(1.,0.,0.));
#7082=DIRECTION('',(0.,-1.,0.));
#7083=DIRECTION('',(0.,0.,1.));
#7084=DIRECTION('',(1.,0.,0.));
#7085=DIRECTION('',(1.,0.,0.));
#7086=DIRECTION('',(0.,0.,1.));
#7087=DIRECTION('',(1.,0.,0.));
#7088=DIRECTION('',(0.,1.,0.));
#7089=DIRECTION('',(0.,0.,1.));
#7090=DIRECTION('',(1.,0.,0.));
#7091=DIRECTION('',(0.,1.,0.));
#7092=DIRECTION('',(0.,0.,1.));
#7093=DIRECTION('',(1.,0.,0.));
#7094=DIRECTION('',(2.39024936407403E-14,1.,0.));
#7095=DIRECTION('',(0.,0.,-1.));
#7096=DIRECTION('',(-1.,0.,0.));
#7097=DIRECTION('',(0.,0.,-1.));
#7098=DIRECTION('',(0.,0.,1.));
#7099=DIRECTION('',(1.,0.,0.));
#7100=DIRECTION('',(0.,0.,-1.));
#7101=DIRECTION('',(0.,0.,1.));
#7102=DIRECTION('',(1.,0.,0.));
#7103=DIRECTION('',(0.,0.,-1.));
#7104=DIRECTION('',(-1.,0.,0.));
#7105=DIRECTION('',(0.,0.,-1.));
#7106=DIRECTION('',(0.,0.,1.));
#7107=DIRECTION('',(1.,0.,0.));
#7108=DIRECTION('',(0.,0.,-1.));
#7109=DIRECTION('',(0.,0.,1.));
#7110=DIRECTION('',(1.,0.,0.));
#7111=DIRECTION('',(0.,0.,1.));
#7112=DIRECTION('',(1.,0.,0.));
#7113=DIRECTION('',(1.,-1.79454152687256E-15,0.));
#7114=DIRECTION('',(0.,1.,0.));
#7115=DIRECTION('',(-1.,7.77634661644768E-15,0.));
#7116=DIRECTION('',(0.,1.,0.));
#7117=DIRECTION('',(0.707106781186518,0.707106781186577,0.));
#7118=DIRECTION('',(0.707106781186516,0.707106781186579,0.));
#7119=DIRECTION('',(0.,1.,0.));
#7120=DIRECTION('',(-0.707106781186554,0.707106781186541,0.));
#7121=DIRECTION('',(-1.,0.,0.));
#7122=DIRECTION('',(-0.707106781186548,-0.707106781186548,0.));
#7123=DIRECTION('',(0.,-1.,0.));
#7124=DIRECTION('',(0.707106781186548,-0.707106781186548,0.));
#7125=DIRECTION('',(0.707106781186547,-0.707106781186547,0.));
#7126=DIRECTION('',(0.,-1.,0.));
#7127=DIRECTION('',(-1.,8.37452712540533E-15,0.));
#7128=DIRECTION('',(0.,-1.,0.));
#7129=DIRECTION('',(1.,-1.79454152687255E-15,0.));
#7130=DIRECTION('',(-3.9650822308041E-14,-1.,0.));
#7131=DIRECTION('',(-0.707106781186547,-0.707106781186547,0.));
#7132=DIRECTION('',(-1.,0.,0.));
#7133=DIRECTION('',(-0.707106781186554,0.707106781186541,0.));
#7134=DIRECTION('',(-3.96508223080398E-14,1.,0.));
#7135=DIRECTION('',(-1.79454152687256E-15,-1.,0.));
#7136=DIRECTION('',(1.,-1.79454152687256E-15,0.));
#7137=DIRECTION('',(-1.,2.08166817117217E-15,0.));
#7138=DIRECTION('',(0.,0.,-1.));
#7139=DIRECTION('',(0.,0.,1.));
#7140=DIRECTION('',(-1.,1.79454152687256E-15,0.));
#7141=DIRECTION('',(0.,0.,1.));
#7142=DIRECTION('',(7.77634661644768E-15,1.,0.));
#7143=DIRECTION('',(-1.,7.77634661644768E-15,0.));
#7144=DIRECTION('',(0.,0.,-1.));
#7145=DIRECTION('',(1.,-9.02056207507927E-15,0.));
#7146=DIRECTION('',(0.,0.,1.));
#7147=DIRECTION('',(1.,-7.77634661644768E-15,0.));
#7148=DIRECTION('',(0.,0.,1.));
#7149=DIRECTION('',(8.37452712540533E-15,1.,0.));
#7150=DIRECTION('',(-1.,8.37452712540533E-15,0.));
#7151=DIRECTION('',(1.,-9.71445146547019E-15,0.));
#7152=DIRECTION('',(0.,0.,-1.));
#7153=DIRECTION('',(0.,0.,1.));
#7154=DIRECTION('',(1.,-8.37452712540533E-15,0.));
#7155=DIRECTION('',(0.,0.,1.));
#7156=DIRECTION('',(-1.79454152687255E-15,-1.,0.));
#7157=DIRECTION('',(1.,-1.79454152687255E-15,0.));
#7158=DIRECTION('',(0.,0.,-1.));
#7159=DIRECTION('',(-1.,2.08166817117216E-15,0.));
#7160=DIRECTION('',(0.,0.,1.));
#7161=DIRECTION('',(-1.,1.79454152687255E-15,0.));
#7162=DIRECTION('',(0.,0.,1.));
#7163=DIRECTION('',(0.,0.,1.));
#7164=DIRECTION('',(1.,0.,0.));
#7165=DIRECTION('',(2.39024936407403E-14,1.,0.));
#7166=DIRECTION('',(0.,0.,1.));
#7167=DIRECTION('',(1.,0.,0.));
#7168=DIRECTION('',(0.,1.,0.));
#7169=DIRECTION('',(0.,0.,1.));
#7170=DIRECTION('',(1.,0.,0.));
#7171=DIRECTION('',(0.,1.,0.));
#7172=DIRECTION('',(0.,0.,1.));
#7173=DIRECTION('',(1.,0.,0.));
#7174=DIRECTION('',(1.,0.,0.));
#7175=DIRECTION('',(0.,0.,1.));
#7176=DIRECTION('',(1.,0.,0.));
#7177=DIRECTION('',(0.,-1.,0.));
#7178=DIRECTION('',(0.,0.,1.));
#7179=DIRECTION('',(1.,0.,0.));
#7180=DIRECTION('',(0.,-1.,0.));
#7181=DIRECTION('',(0.,0.,1.));
#7182=DIRECTION('',(1.,0.,0.));
#7183=DIRECTION('',(2.39024936407395E-14,-1.,0.));
#7184=DIRECTION('',(-1.,3.9650822308041E-14,0.));
#7185=DIRECTION('',(-3.9650822308041E-14,-1.,0.));
#7186=DIRECTION('',(3.9650822308041E-14,1.,0.));
#7187=DIRECTION('',(0.,0.,1.));
#7188=DIRECTION('',(-0.707106781186548,0.707106781186548,0.));
#7189=DIRECTION('',(-0.707106781186548,-0.707106781186548,0.));
#7190=DIRECTION('',(0.707106781186548,0.707106781186548,0.));
#7191=DIRECTION('',(0.,0.,1.));
#7192=DIRECTION('',(0.,1.,0.));
#7193=DIRECTION('',(0.,0.,1.));
#7194=DIRECTION('',(1.,0.,0.));
#7195=DIRECTION('',(0.,0.,1.));
#7196=DIRECTION('',(0.707106781186541,0.707106781186554,0.));
#7197=DIRECTION('',(-0.707106781186554,0.707106781186541,0.));
#7198=DIRECTION('',(0.707106781186554,-0.707106781186541,0.));
#7199=DIRECTION('',(0.,0.,1.));
#7200=DIRECTION('',(1.,3.96508223080398E-14,0.));
#7201=DIRECTION('',(-3.96508223080398E-14,1.,0.));
#7202=DIRECTION('',(3.96508223080398E-14,-1.,0.));
#7203=DIRECTION('',(0.,0.,1.));
#7204=DIRECTION('',(1.,0.,0.));
#7205=DIRECTION('',(0.,0.,1.));
#7206=DIRECTION('',(1.,0.,0.));
#7207=DIRECTION('',(0.,0.,1.));
#7208=DIRECTION('',(1.,0.,0.));
#7209=DIRECTION('',(1.,0.,0.));
#7210=DIRECTION('',(0.,0.,-1.));
#7211=DIRECTION('',(0.,-1.,0.));
#7212=DIRECTION('',(0.,0.,1.));
#7213=DIRECTION('',(0.707106781186577,-0.707106781186518,0.));
#7214=DIRECTION('',(0.707106781186518,0.707106781186577,0.));
#7215=DIRECTION('',(-0.707106781186518,-0.707106781186577,0.));
#7216=DIRECTION('',(-0.707106781186548,-0.707106781186548,0.));
#7217=DIRECTION('',(0.707106781186548,-0.707106781186548,0.));
#7218=DIRECTION('',(-0.707106781186548,0.707106781186548,0.));
#7219=DIRECTION('',(0.,0.,1.));
#7220=DIRECTION('',(-1.,0.,0.));
#7221=DIRECTION('',(0.,0.,1.));
#7222=DIRECTION('',(0.,1.,0.));
#7223=DIRECTION('',(0.,0.,1.));
#7224=DIRECTION('',(1.,0.,0.));
#7225=DIRECTION('',(0.,0.,1.));
#7226=DIRECTION('',(1.,0.,0.));
#7227=DIRECTION('',(0.,0.,1.));
#7228=DIRECTION('',(1.,0.,0.));
#7229=DIRECTION('',(0.707106781186548,-0.707106781186548,0.));
#7230=DIRECTION('',(0.707106781186548,0.707106781186548,0.));
#7231=DIRECTION('',(0.,0.,-1.));
#7232=DIRECTION('',(-0.707106781186547,-0.707106781186547,0.));
#7233=DIRECTION('',(0.,0.,-1.));
#7234=DIRECTION('',(1.,0.,0.));
#7235=DIRECTION('',(0.,0.,-1.));
#7236=DIRECTION('',(0.,-1.,0.));
#7237=DIRECTION('',(0.,0.,-1.));
#7238=DIRECTION('',(0.,-1.,0.));
#7239=DIRECTION('',(0.,0.,-1.));
#7240=DIRECTION('',(0.707106781186548,0.707106781186548,0.));
#7241=DIRECTION('',(-0.707106781186548,0.707106781186548,0.));
#7242=DIRECTION('',(0.707106781186548,-0.707106781186548,0.));
#7243=DIRECTION('',(-0.707106781186579,0.707106781186516,0.));
#7244=DIRECTION('',(-0.707106781186516,-0.707106781186579,0.));
#7245=DIRECTION('',(0.707106781186516,0.707106781186579,0.));
#7246=DIRECTION('',(0.,0.,-1.));
#7247=DIRECTION('',(-1.,0.,0.));
#7248=DIRECTION('',(0.,0.,1.));
#7249=DIRECTION('',(0.,1.,0.));
#7250=DIRECTION('',(0.,0.,-1.));
#7251=DIRECTION('',(0.,1.,0.));
#7252=DIRECTION('',(0.,0.,-1.));
#7253=DIRECTION('',(-0.707106781186541,-0.707106781186554,0.));
#7254=DIRECTION('',(0.707106781186554,-0.707106781186541,0.));
#7255=DIRECTION('',(-0.707106781186554,0.707106781186541,0.));
#7256=DIRECTION('',(0.,0.,-1.));
#7257=DIRECTION('',(0.,-1.,0.));
#7258=DIRECTION('',(0.,0.,-1.));
#7259=DIRECTION('',(-1.,0.,0.));
#7260=DIRECTION('',(1.,0.,0.));
#7261=DIRECTION('',(0.,0.,-1.));
#7262=DIRECTION('',(0.,-1.,0.));
#7263=DIRECTION('',(0.,0.,-1.));
#7264=DIRECTION('',(0.,-1.,0.));
#7265=DIRECTION('',(0.,0.,-1.));
#7266=DIRECTION('',(0.707106781186545,0.70710678118655,0.));
#7267=DIRECTION('',(-0.70710678118655,0.707106781186545,0.));
#7268=DIRECTION('',(0.70710678118655,-0.707106781186546,0.));
#7269=DIRECTION('',(0.,0.,-1.));
#7270=DIRECTION('',(0.70710678118655,-0.707106781186546,0.));
#7271=DIRECTION('',(0.,1.,0.));
#7272=DIRECTION('',(0.,0.,1.));
#7273=DIRECTION('',(1.,0.,0.));
#7274=DIRECTION('',(0.,0.,-1.));
#7275=DIRECTION('',(1.,0.,0.));
#7276=DIRECTION('',(-0.422618261740697,0.906307787036651,0.));
#7277=DIRECTION('',(-0.906307787036651,-0.422618261740698,0.));
#7278=DIRECTION('',(0.906307787036651,0.422618261740698,0.));
#7279=DIRECTION('',(0.906307787036651,0.422618261740698,0.));
#7280=DIRECTION('',(0.422618261740699,0.90630778703665,0.));
#7281=DIRECTION('',(-0.90630778703665,0.422618261740699,0.));
#7282=DIRECTION('',(0.90630778703665,-0.422618261740699,0.));
#7283=DIRECTION('',(0.,0.,-1.));
#7284=DIRECTION('',(0.90630778703665,-0.422618261740699,0.));
#7285=DIRECTION('',(0.,1.,0.));
#7286=DIRECTION('',(0.,0.,1.));
#7287=DIRECTION('',(1.,0.,0.));
#7288=DIRECTION('',(0.,0.,-1.));
#7289=DIRECTION('',(1.,0.,0.));
#7290=DIRECTION('',(-0.707106781186546,0.707106781186549,0.));
#7291=DIRECTION('',(-0.707106781186549,-0.707106781186546,0.));
#7292=DIRECTION('',(0.707106781186549,0.707106781186546,0.));
#7293=DIRECTION('',(0.,0.,-1.));
#7294=DIRECTION('',(0.707106781186549,0.707106781186546,0.));
#7295=DIRECTION('',(-1.,0.,0.));
#7296=DIRECTION('',(0.,0.,1.));
#7297=DIRECTION('',(0.,1.,0.));
#7298=DIRECTION('',(0.,0.,-1.));
#7299=DIRECTION('',(0.,1.,0.));
#7300=DIRECTION('',(-0.707106781186545,-0.70710678118655,0.));
#7301=DIRECTION('',(0.70710678118655,-0.707106781186545,0.));
#7302=DIRECTION('',(-0.70710678118655,0.707106781186546,0.));
#7303=DIRECTION('',(0.,0.,-1.));
#7304=DIRECTION('',(-0.70710678118655,0.707106781186546,0.));
#7305=DIRECTION('',(0.,-1.,0.));
#7306=DIRECTION('',(0.,0.,-1.));
#7307=DIRECTION('',(0.,-1.,-1.86518314700218E-17));
#7308=DIRECTION('',(0.,1.86518314700218E-17,-1.));
#7309=DIRECTION('',(0.,-1.,-1.86518314700218E-17));
#7310=DIRECTION('',(0.,1.86518314700218E-17,-1.));
#7311=DIRECTION('',(-1.,0.,0.));
#7312=DIRECTION('',(0.,0.,-1.));
#7313=DIRECTION('',(-1.,0.,0.));
#7314=DIRECTION('',(0.707106781186545,-0.70710678118655,0.));
#7315=DIRECTION('',(0.70710678118655,0.707106781186545,0.));
#7316=DIRECTION('',(-0.70710678118655,-0.707106781186546,0.));
#7317=DIRECTION('',(-0.70710678118655,-0.707106781186546,0.));
#7318=DIRECTION('',(0.,0.,1.));
#7319=DIRECTION('',(1.,0.,0.));
#7320=DIRECTION('',(0.707106781186546,0.707106781186549,0.));
#7321=DIRECTION('',(1.,9.63735264431559E-17,0.));
#7322=DIRECTION('',(-8.23053997774942E-15,-1.,0.));
#7323=DIRECTION('',(0.899613745241067,-0.436686511554159,0.));
#7324=DIRECTION('',(0.,0.,1.));
#7325=DIRECTION('',(1.,0.,0.));
#7326=DIRECTION('',(1.,7.2965005027185E-15,0.));
#7327=DIRECTION('',(0.,-1.,0.));
#7328=DIRECTION('',(-1.,0.,0.));
#7329=DIRECTION('',(0.,0.,1.));
#7330=DIRECTION('',(1.,0.,0.));
#7331=DIRECTION('',(-0.899613745241078,-0.436686511554136,0.));
#7332=DIRECTION('',(5.58207704379552E-15,-1.,0.));
#7333=DIRECTION('',(0.707106781186554,-0.707106781186541,0.));
#7334=DIRECTION('',(1.,0.,0.));
#7335=DIRECTION('',(0.707106781186547,0.707106781186547,0.));
#7336=DIRECTION('',(5.58207704379558E-15,1.,0.));
#7337=DIRECTION('',(-0.899613745241101,0.436686511554089,0.));
#7338=DIRECTION('',(0.,0.,1.));
#7339=DIRECTION('',(1.,0.,0.));
#7340=DIRECTION('',(-1.,0.,0.));
#7341=DIRECTION('',(0.,1.,0.));
#7342=DIRECTION('',(1.,7.90454221127837E-15,0.));
#7343=DIRECTION('',(0.,0.,1.));
#7344=DIRECTION('',(1.,0.,0.));
#7345=DIRECTION('',(0.89961374524109,0.436686511554112,0.));
#7346=DIRECTION('',(-8.23053997774896E-15,1.,0.));
#7347=DIRECTION('',(1.,9.63735264431559E-17,0.));
#7348=DIRECTION('',(0.707106781186545,-0.70710678118655,0.));
#7349=DIRECTION('',(0.,0.,1.));
#7350=DIRECTION('',(1.,0.,0.));
#7351=DIRECTION('',(-0.707106781186554,0.707106781186541,0.));
#7352=DIRECTION('',(-1.,0.,0.));
#7353=DIRECTION('',(-0.707106781186547,-0.707106781186547,0.));
#7354=DIRECTION('',(0.707106781186545,-0.70710678118655,0.));
#7355=DIRECTION('',(1.,9.63735264431559E-17,0.));
#7356=DIRECTION('',(-8.23053997774896E-15,1.,0.));
#7357=DIRECTION('',(0.89961374524109,0.436686511554112,0.));
#7358=DIRECTION('',(0.,0.,1.));
#7359=DIRECTION('',(1.,0.,0.));
#7360=DIRECTION('',(1.,7.90454221127837E-15,0.));
#7361=DIRECTION('',(0.,1.,0.));
#7362=DIRECTION('',(-1.,0.,0.));
#7363=DIRECTION('',(0.,0.,1.));
#7364=DIRECTION('',(1.,0.,0.));
#7365=DIRECTION('',(-0.899613745241101,0.436686511554089,0.));
#7366=DIRECTION('',(5.58207704379558E-15,1.,0.));
#7367=DIRECTION('',(0.707106781186547,0.707106781186547,0.));
#7368=DIRECTION('',(1.,0.,0.));
#7369=DIRECTION('',(0.707106781186554,-0.707106781186541,0.));
#7370=DIRECTION('',(5.58207704379552E-15,-1.,0.));
#7371=DIRECTION('',(-0.899613745241078,-0.436686511554136,0.));
#7372=DIRECTION('',(0.,0.,1.));
#7373=DIRECTION('',(1.,0.,0.));
#7374=DIRECTION('',(-1.,0.,0.));
#7375=DIRECTION('',(0.,-1.,0.));
#7376=DIRECTION('',(1.,7.2965005027185E-15,0.));
#7377=DIRECTION('',(0.,0.,1.));
#7378=DIRECTION('',(1.,0.,0.));
#7379=DIRECTION('',(0.899613745241067,-0.436686511554159,0.));
#7380=DIRECTION('',(-8.23053997774942E-15,-1.,0.));
#7381=DIRECTION('',(1.,9.63735264431559E-17,0.));
#7382=DIRECTION('',(0.707106781186546,0.707106781186549,0.));
#7383=DIRECTION('',(-0.707106781186548,0.707106781186548,0.));
#7384=DIRECTION('',(-0.707106781186548,-0.707106781186548,0.));
#7385=DIRECTION('',(0.707106781186548,0.707106781186548,0.));
#7386=DIRECTION('',(0.,0.,1.));
#7387=DIRECTION('',(0.707106781186541,0.707106781186554,0.));
#7388=DIRECTION('',(-0.707106781186554,0.707106781186541,0.));
#7389=DIRECTION('',(0.707106781186554,-0.707106781186541,0.));
#7390=DIRECTION('',(0.,0.,1.));
#7391=DIRECTION('',(0.,1.,0.));
#7392=DIRECTION('',(0.,0.,1.));
#7393=DIRECTION('',(1.,0.,0.));
#7394=DIRECTION('',(1.,-2.39024936407403E-14,0.));
#7395=DIRECTION('',(2.39024936407403E-14,1.,0.));
#7396=DIRECTION('',(0.,0.,1.));
#7397=DIRECTION('',(2.39024936407403E-14,1.,0.));
#7398=DIRECTION('',(0.,0.,1.));
#7399=DIRECTION('',(1.,0.,0.));
#7400=DIRECTION('',(0.,0.,1.));
#7401=DIRECTION('',(0.,0.,1.));
#7402=DIRECTION('',(1.,0.,0.));
#7403=DIRECTION('',(1.,0.,0.));
#7404=DIRECTION('',(0.,0.,-1.));
#7405=DIRECTION('',(0.,0.,1.));
#7406=DIRECTION('',(0.,1.,0.));
#7407=DIRECTION('',(0.,0.,1.));
#7408=DIRECTION('',(1.,0.,0.));
#7409=DIRECTION('',(0.,0.,1.));
#7410=DIRECTION('',(0.,0.,1.));
#7411=DIRECTION('',(1.,0.,0.));
#7412=DIRECTION('',(1.,0.,0.));
#7413=DIRECTION('',(0.,0.,-1.));
#7414=DIRECTION('',(0.,0.,1.));
#7415=DIRECTION('',(0.,1.,0.));
#7416=DIRECTION('',(0.,0.,1.));
#7417=DIRECTION('',(1.,0.,0.));
#7418=DIRECTION('',(0.,0.,1.));
#7419=DIRECTION('',(0.,0.,1.));
#7420=DIRECTION('',(1.,0.,0.));
#7421=DIRECTION('',(0.,-1.,0.));
#7422=DIRECTION('',(0.,0.,-1.));
#7423=DIRECTION('',(0.,0.,1.));
#7424=DIRECTION('',(1.,0.,0.));
#7425=DIRECTION('',(0.,0.,1.));
#7426=DIRECTION('',(1.,0.,0.));
#7427=DIRECTION('',(0.,0.,1.));
#7428=DIRECTION('',(0.,0.,1.));
#7429=DIRECTION('',(1.,0.,0.));
#7430=DIRECTION('',(-1.,0.,0.));
#7431=DIRECTION('',(0.,0.,1.));
#7432=DIRECTION('',(0.,0.,1.));
#7433=DIRECTION('',(0.,-1.,0.));
#7434=DIRECTION('',(0.,0.,1.));
#7435=DIRECTION('',(1.,0.,0.));
#7436=DIRECTION('',(0.,0.,1.));
#7437=DIRECTION('',(0.,0.,1.));
#7438=DIRECTION('',(1.,0.,0.));
#7439=DIRECTION('',(-1.,0.,0.));
#7440=DIRECTION('',(0.,0.,1.));
#7441=DIRECTION('',(0.,0.,1.));
#7442=DIRECTION('',(0.,-1.,0.));
#7443=DIRECTION('',(0.,0.,1.));
#7444=DIRECTION('',(1.,0.,0.));
#7445=DIRECTION('',(0.,0.,1.));
#7446=DIRECTION('',(0.,0.,1.));
#7447=DIRECTION('',(1.,0.,0.));
#7448=DIRECTION('',(-1.,-2.39024936407395E-14,0.));
#7449=DIRECTION('',(2.39024936407395E-14,-1.,0.));
#7450=DIRECTION('',(2.39024936407395E-14,-1.,0.));
#7451=DIRECTION('',(0.,0.,1.));
#7452=DIRECTION('',(1.,0.,0.));
#7453=DIRECTION('',(0.,0.,1.));
#7454=DIRECTION('',(1.,0.,0.));
#7455=DIRECTION('',(-1.,7.77634661644768E-15,0.));
#7456=DIRECTION('',(0.,1.,0.));
#7457=DIRECTION('',(1.,-1.79454152687256E-15,0.));
#7458=DIRECTION('',(-3.96508223080398E-14,1.,0.));
#7459=DIRECTION('',(-0.707106781186554,0.707106781186541,0.));
#7460=DIRECTION('',(-1.,0.,0.));
#7461=DIRECTION('',(-0.707106781186547,-0.707106781186547,0.));
#7462=DIRECTION('',(-3.9650822308041E-14,-1.,0.));
#7463=DIRECTION('',(1.,-1.79454152687255E-15,0.));
#7464=DIRECTION('',(0.,-1.,0.));
#7465=DIRECTION('',(-1.,8.37452712540533E-15,0.));
#7466=DIRECTION('',(0.,-1.,0.));
#7467=DIRECTION('',(0.707106781186547,-0.707106781186547,0.));
#7468=DIRECTION('',(0.707106781186518,0.707106781186577,0.));
#7469=DIRECTION('',(0.,1.,0.));
#7470=DIRECTION('',(1.,-3.9650822308041E-14,0.));
#7471=DIRECTION('',(3.9650822308041E-14,1.,0.));
#7472=DIRECTION('',(0.,0.,-1.));
#7473=DIRECTION('',(-3.9650822308041E-14,-1.,0.));
#7474=DIRECTION('',(0.,0.,-1.));
#7475=DIRECTION('',(0.707106781186548,-0.707106781186548,0.));
#7476=DIRECTION('',(0.707106781186548,0.707106781186548,0.));
#7477=DIRECTION('',(0.,0.,-1.));
#7478=DIRECTION('',(-0.707106781186548,-0.707106781186548,0.));
#7479=DIRECTION('',(0.,-1.,0.));
#7480=DIRECTION('',(0.,0.,-1.));
#7481=DIRECTION('',(0.,0.,-1.));
#7482=DIRECTION('',(-1.,0.,0.));
#7483=DIRECTION('',(-0.707106781186541,-0.707106781186554,0.));
#7484=DIRECTION('',(0.707106781186554,-0.707106781186541,0.));
#7485=DIRECTION('',(0.,0.,-1.));
#7486=DIRECTION('',(-0.707106781186554,0.707106781186541,0.));
#7487=DIRECTION('',(-1.,-3.96508223080398E-14,0.));
#7488=DIRECTION('',(3.96508223080398E-14,-1.,0.));
#7489=DIRECTION('',(0.,0.,-1.));
#7490=DIRECTION('',(-3.96508223080398E-14,1.,0.));
#7491=DIRECTION('',(1.79454152687256E-15,1.,0.));
#7492=DIRECTION('',(-1.,1.79454152687256E-15,0.));
#7493=DIRECTION('',(0.,0.,1.));
#7494=DIRECTION('',(-1.,2.08166817117217E-15,0.));
#7495=DIRECTION('',(1.,-1.79454152687256E-15,0.));
#7496=DIRECTION('',(-7.77634661644768E-15,-1.,0.));
#7497=DIRECTION('',(1.,-7.77634661644768E-15,0.));
#7498=DIRECTION('',(1.,-9.02056207507927E-15,0.));
#7499=DIRECTION('',(0.,0.,1.));
#7500=DIRECTION('',(0.,0.,-1.));
#7501=DIRECTION('',(-1.,7.77634661644768E-15,0.));
#7502=DIRECTION('',(-1.,0.,0.));
#7503=DIRECTION('',(0.,0.,1.));
#7504=DIRECTION('',(0.,0.,-1.));
#7505=DIRECTION('',(0.,1.,0.));
#7506=DIRECTION('',(-0.707106781186577,0.707106781186518,0.));
#7507=DIRECTION('',(-0.707106781186518,-0.707106781186577,0.));
#7508=DIRECTION('',(0.707106781186518,0.707106781186577,0.));
#7509=DIRECTION('',(0.707106781186548,0.707106781186548,0.));
#7510=DIRECTION('',(-0.707106781186548,0.707106781186548,0.));
#7511=DIRECTION('',(0.,0.,-1.));
#7512=DIRECTION('',(0.707106781186548,-0.707106781186548,0.));
#7513=DIRECTION('',(1.,0.,0.));
#7514=DIRECTION('',(0.,0.,-1.));
#7515=DIRECTION('',(0.,0.,-1.));
#7516=DIRECTION('',(0.,-1.,0.));
#7517=DIRECTION('',(-8.37452712540533E-15,-1.,0.));
#7518=DIRECTION('',(1.,-8.37452712540533E-15,0.));
#7519=DIRECTION('',(0.,0.,1.));
#7520=DIRECTION('',(1.,-9.71445146547019E-15,0.));
#7521=DIRECTION('',(-1.,8.37452712540533E-15,0.));
#7522=DIRECTION('',(1.79454152687255E-15,1.,0.));
#7523=DIRECTION('',(-1.,1.79454152687255E-15,0.));
#7524=DIRECTION('',(-1.,2.08166817117216E-15,0.));
#7525=DIRECTION('',(0.,0.,1.));
#7526=DIRECTION('',(1.,-1.79454152687255E-15,0.));
#7527=DIRECTION('',(0.,0.,1.));
#7528=DIRECTION('',(1.,0.,0.));
#7529=DIRECTION('',(2.39024936407395E-14,-1.,0.));
#7530=DIRECTION('',(0.,0.,1.));
#7531=DIRECTION('',(1.,0.,0.));
#7532=DIRECTION('',(0.,-1.,0.));
#7533=DIRECTION('',(0.,0.,1.));
#7534=DIRECTION('',(1.,0.,0.));
#7535=DIRECTION('',(0.,-1.,0.));
#7536=DIRECTION('',(0.,0.,1.));
#7537=DIRECTION('',(1.,0.,0.));
#7538=DIRECTION('',(1.,0.,0.));
#7539=DIRECTION('',(0.,0.,1.));
#7540=DIRECTION('',(1.,0.,0.));
#7541=DIRECTION('',(0.,1.,0.));
#7542=DIRECTION('',(0.,0.,1.));
#7543=DIRECTION('',(1.,0.,0.));
#7544=DIRECTION('',(0.,1.,0.));
#7545=DIRECTION('',(0.,0.,1.));
#7546=DIRECTION('',(1.,0.,0.));
#7547=DIRECTION('',(2.39024936407403E-14,1.,0.));
#7548=DIRECTION('',(-1.,2.39024936407403E-14,0.));
#7549=DIRECTION('',(-2.39024936407403E-14,-1.,0.));
#7550=DIRECTION('',(0.,0.,-1.));
#7551=DIRECTION('',(0.,0.,-1.));
#7552=DIRECTION('',(-1.,0.,0.));
#7553=DIRECTION('',(0.,0.,-1.));
#7554=DIRECTION('',(-1.,0.,0.));
#7555=DIRECTION('',(0.,0.,1.));
#7556=DIRECTION('',(0.,0.,-1.));
#7557=DIRECTION('',(0.,0.,-1.));
#7558=DIRECTION('',(-1.,0.,0.));
#7559=DIRECTION('',(0.,0.,-1.));
#7560=DIRECTION('',(-1.,0.,0.));
#7561=DIRECTION('',(0.,0.,1.));
#7562=DIRECTION('',(0.,0.,-1.));
#7563=DIRECTION('',(0.,0.,-1.));
#7564=DIRECTION('',(-1.,0.,0.));
#7565=DIRECTION('',(0.,0.,-1.));
#7566=DIRECTION('',(0.,1.,0.));
#7567=DIRECTION('',(0.,0.,1.));
#7568=DIRECTION('',(0.,0.,-1.));
#7569=DIRECTION('',(0.,0.,-1.));
#7570=DIRECTION('',(-1.,0.,0.));
#7571=DIRECTION('',(0.,0.,-1.));
#7572=DIRECTION('',(1.,0.,0.));
#7573=DIRECTION('',(0.,0.,-1.));
#7574=DIRECTION('',(0.,0.,-1.));
#7575=DIRECTION('',(0.,0.,-1.));
#7576=DIRECTION('',(-1.,0.,0.));
#7577=DIRECTION('',(0.,0.,-1.));
#7578=DIRECTION('',(1.,0.,0.));
#7579=DIRECTION('',(0.,0.,-1.));
#7580=DIRECTION('',(0.,0.,-1.));
#7581=DIRECTION('',(0.,0.,-1.));
#7582=DIRECTION('',(-1.,0.,0.));
#7583=DIRECTION('',(0.,0.,-1.));
#7584=DIRECTION('',(1.,2.39024936407395E-14,0.));
#7585=DIRECTION('',(-2.39024936407395E-14,1.,0.));
#7586=DIRECTION('',(1.,0.,0.));
#7587=DIRECTION('',(0.,0.,-1.));
#7588=DIRECTION('',(0.,-1.,0.));
#7589=DIRECTION('',(0.,-1.,0.));
#7590=DIRECTION('',(0.,0.,1.));
#7591=DIRECTION('',(1.,0.,0.));
#7592=DIRECTION('',(0.,0.,1.));
#7593=DIRECTION('',(1.,0.,0.));
#7594=DIRECTION('',(-1.,0.,0.));
#7595=DIRECTION('',(0.,0.,1.));
#7596=DIRECTION('',(0.,1.,0.));
#7597=DIRECTION('',(0.,1.,0.));
#7598=DIRECTION('',(0.,0.,1.));
#7599=DIRECTION('',(1.,0.,0.));
#7600=DIRECTION('',(0.,0.,1.));
#7601=DIRECTION('',(1.,0.,0.));
#7602=DIRECTION('',(-1.,0.,0.));
#7603=DIRECTION('',(0.,0.,1.));
#7604=DIRECTION('',(0.,-1.,0.));
#7605=DIRECTION('',(0.,-1.,0.));
#7606=DIRECTION('',(0.,0.,1.));
#7607=DIRECTION('',(1.,0.,0.));
#7608=DIRECTION('',(0.,0.,1.));
#7609=DIRECTION('',(1.,0.,0.));
#7610=DIRECTION('',(1.,0.,0.));
#7611=DIRECTION('',(0.,0.,-1.));
#7612=DIRECTION('',(0.,1.,0.));
#7613=DIRECTION('',(0.,1.,0.));
#7614=DIRECTION('',(0.,0.,1.));
#7615=DIRECTION('',(1.,0.,0.));
#7616=DIRECTION('',(0.,0.,1.));
#7617=DIRECTION('',(1.,0.,0.));
#7618=DIRECTION('',(0.,0.,-1.));
#7619=DIRECTION('',(-1.,0.,0.));
#7620=DIRECTION('',(0.,0.,-1.));
#7621=DIRECTION('',(-1.,0.,0.));
#7622=DIRECTION('',(0.,0.,-1.));
#7623=DIRECTION('',(-1.,0.,0.));
#7624=DIRECTION('',(0.,0.,-1.));
#7625=DIRECTION('',(-1.,0.,0.));
#7626=DIRECTION('',(0.,0.,-1.));
#7627=DIRECTION('',(-1.,0.,0.));
#7628=DIRECTION('',(0.,0.,1.));
#7629=DIRECTION('',(1.,0.,0.));
#7630=DIRECTION('',(0.,0.,-1.));
#7631=DIRECTION('',(-1.,0.,0.));
#7632=DIRECTION('',(0.,0.,-1.));
#7633=DIRECTION('',(-1.,0.,0.));
#7634=DIRECTION('',(0.,0.,-1.));
#7635=DIRECTION('',(-1.,0.,0.));
#7636=DIRECTION('',(0.,0.,-1.));
#7637=DIRECTION('',(-1.,0.,0.));
#7638=DIRECTION('',(0.,0.,-1.));
#7639=DIRECTION('',(-1.,0.,0.));
#7640=DIRECTION('',(0.,0.,1.));
#7641=DIRECTION('',(1.,0.,0.));
#7642=DIRECTION('',(1.,6.92663585742016E-15,0.));
#7643=DIRECTION('',(-6.92663585742016E-15,1.,0.));
#7644=DIRECTION('',(6.92663585742016E-15,-1.,0.));
#7645=DIRECTION('',(0.,0.,-1.));
#7646=DIRECTION('',(-1.,6.9266358574201E-15,0.));
#7647=DIRECTION('',(-6.9266358574201E-15,-1.,0.));
#7648=DIRECTION('',(6.9266358574201E-15,1.,0.));
#7649=DIRECTION('',(0.,0.,-1.));
#7650=DIRECTION('',(0.707106781186547,-0.707106781186547,0.));
#7651=DIRECTION('',(0.707106781186548,0.707106781186548,0.));
#7652=DIRECTION('',(-0.707106781186548,-0.707106781186548,0.));
#7653=DIRECTION('',(0.,0.,-1.));
#7654=DIRECTION('',(0.,0.,-1.));
#7655=DIRECTION('',(1.,0.,0.));
#7656=DIRECTION('',(0.,0.,-1.));
#7657=DIRECTION('',(0.,-1.,0.));
#7658=DIRECTION('',(0.,0.,-1.));
#7659=DIRECTION('',(0.499995870757681,0.866027787790478,0.));
#7660=DIRECTION('',(-0.866027787790478,0.499995870757681,0.));
#7661=DIRECTION('',(0.866027787790478,-0.499995870757681,0.));
#7662=DIRECTION('',(0.,0.,-1.));
#7663=DIRECTION('',(0.,0.,-1.));
#7664=DIRECTION('',(-1.,0.,0.));
#7665=DIRECTION('',(0.,0.,-1.));
#7666=DIRECTION('',(0.,0.,1.));
#7667=DIRECTION('',(1.,0.,0.));
#7668=DIRECTION('',(0.,1.,0.));
#7669=DIRECTION('',(0.,0.,1.));
#7670=DIRECTION('',(1.,0.,0.));
#7671=DIRECTION('',(0.,0.,-1.));
#7672=DIRECTION('',(1.,0.,0.));
#7673=DIRECTION('',(0.,0.,-1.));
#7674=DIRECTION('',(0.,-1.,0.));
#7675=DIRECTION('',(0.,0.,-1.));
#7676=DIRECTION('',(-2.72375850421113E-14,-1.,0.));
#7677=DIRECTION('',(1.,-2.72375850421113E-14,0.));
#7678=DIRECTION('',(-1.,2.72375850421113E-14,0.));
#7679=DIRECTION('',(0.,0.,-1.));
#7680=DIRECTION('',(0.,0.,-1.));
#7681=DIRECTION('',(-1.,0.,0.));
#7682=DIRECTION('',(0.,0.,-1.));
#7683=DIRECTION('',(0.,0.,1.));
#7684=DIRECTION('',(1.,0.,0.));
#7685=DIRECTION('',(0.499995870757661,-0.866027787790489,0.));
#7686=DIRECTION('',(0.866027787790489,0.499995870757661,0.));
#7687=DIRECTION('',(-0.866027787790489,-0.499995870757661,0.));
#7688=DIRECTION('',(-0.499995870757613,-0.866027787790517,0.));
#7689=DIRECTION('',(0.866027787790517,-0.499995870757613,0.));
#7690=DIRECTION('',(-0.866027787790517,0.499995870757613,0.));
#7691=DIRECTION('',(0.,0.,-1.));
#7692=DIRECTION('',(0.,0.,-1.));
#7693=DIRECTION('',(-1.,0.,0.));
#7694=DIRECTION('',(0.,0.,-1.));
#7695=DIRECTION('',(0.,0.,1.));
#7696=DIRECTION('',(1.,0.,0.));
#7697=DIRECTION('',(1.12503068652197E-14,-1.,0.));
#7698=DIRECTION('',(1.,1.12503068652197E-14,0.));
#7699=DIRECTION('',(-1.,-1.12503068652197E-14,0.));
#7700=DIRECTION('',(0.,0.,-1.));
#7701=DIRECTION('',(-1.,0.,0.));
#7702=DIRECTION('',(0.,0.,1.));
#7703=DIRECTION('',(0.,1.,0.));
#7704=DIRECTION('',(0.,0.,-1.));
#7705=DIRECTION('',(0.,1.,0.));
#7706=DIRECTION('',(0.,0.,1.));
#7707=DIRECTION('',(1.,0.,0.));
#7708=DIRECTION('',(0.,0.,-1.));
#7709=DIRECTION('',(0.,0.,-1.));
#7710=DIRECTION('',(-1.,0.,0.));
#7711=DIRECTION('',(0.,0.,-1.));
#7712=DIRECTION('',(0.,0.,1.));
#7713=DIRECTION('',(1.,0.,0.));
#7714=DIRECTION('',(-0.499995870757794,0.866027787790412,0.));
#7715=DIRECTION('',(-0.866027787790412,-0.499995870757794,0.));
#7716=DIRECTION('',(0.866027787790412,0.499995870757794,0.));
#7717=DIRECTION('',(0.,0.,-1.));
#7718=DIRECTION('',(-1.,0.,0.));
#7719=DIRECTION('',(0.,0.,1.));
#7720=DIRECTION('',(0.,1.,0.));
#7721=DIRECTION('',(0.,0.,-1.));
#7722=DIRECTION('',(-0.707106781186541,-0.707106781186554,0.));
#7723=DIRECTION('',(0.707106781186554,-0.707106781186541,0.));
#7724=DIRECTION('',(-0.707106781186554,0.707106781186541,0.));
#7725=DIRECTION('',(0.,0.,-1.));
#7726=DIRECTION('',(0.,-1.,0.));
#7727=DIRECTION('',(0.,0.,-1.));
#7728=DIRECTION('',(-1.,0.,0.));
#7729=DIRECTION('',(0.,0.,1.));
#7730=DIRECTION('',(1.,0.,0.));
#7731=DIRECTION('',(0.707106781186545,-0.70710678118655,0.));
#7732=DIRECTION('',(1.,9.63735264431559E-17,0.));
#7733=DIRECTION('',(-8.23053997774896E-15,1.,0.));
#7734=DIRECTION('',(0.89961374524109,0.436686511554112,0.));
#7735=DIRECTION('',(0.,0.,1.));
#7736=DIRECTION('',(1.,0.,0.));
#7737=DIRECTION('',(1.,7.90454221127837E-15,0.));
#7738=DIRECTION('',(0.,1.,0.));
#7739=DIRECTION('',(-1.,0.,0.));
#7740=DIRECTION('',(0.,0.,1.));
#7741=DIRECTION('',(1.,0.,0.));
#7742=DIRECTION('',(-0.899613745241101,0.436686511554089,0.));
#7743=DIRECTION('',(5.58207704379558E-15,1.,0.));
#7744=DIRECTION('',(0.707106781186547,0.707106781186547,0.));
#7745=DIRECTION('',(1.,0.,0.));
#7746=DIRECTION('',(0.707106781186554,-0.707106781186541,0.));
#7747=DIRECTION('',(5.58207704379552E-15,-1.,0.));
#7748=DIRECTION('',(-0.899613745241078,-0.436686511554136,0.));
#7749=DIRECTION('',(0.,0.,1.));
#7750=DIRECTION('',(1.,0.,0.));
#7751=DIRECTION('',(-1.,0.,0.));
#7752=DIRECTION('',(0.,-1.,0.));
#7753=DIRECTION('',(1.,7.2965005027185E-15,0.));
#7754=DIRECTION('',(0.,0.,1.));
#7755=DIRECTION('',(1.,0.,0.));
#7756=DIRECTION('',(0.899613745241067,-0.436686511554159,0.));
#7757=DIRECTION('',(-8.23053997774942E-15,-1.,0.));
#7758=DIRECTION('',(1.,9.63735264431559E-17,0.));
#7759=DIRECTION('',(0.707106781186546,0.707106781186549,0.));
#7760=DIRECTION('',(-0.707106781186549,0.707106781186546,0.));
#7761=DIRECTION('',(-0.707106781186546,-0.707106781186549,0.));
#7762=DIRECTION('',(0.,0.,-1.));
#7763=DIRECTION('',(-9.63735264431559E-17,1.,0.));
#7764=DIRECTION('',(-1.,-9.63735264431559E-17,0.));
#7765=DIRECTION('',(0.,0.,-1.));
#7766=DIRECTION('',(1.,-8.23053997774942E-15,0.));
#7767=DIRECTION('',(8.23053997774942E-15,1.,0.));
#7768=DIRECTION('',(0.,0.,-1.));
#7769=DIRECTION('',(0.436686511554159,0.899613745241067,0.));
#7770=DIRECTION('',(-0.899613745241067,0.436686511554159,0.));
#7771=DIRECTION('',(0.,0.,-1.));
#7772=DIRECTION('',(0.,0.,-1.));
#7773=DIRECTION('',(-1.,0.,0.));
#7774=DIRECTION('',(0.,0.,-1.));
#7775=DIRECTION('',(-7.2965005027185E-15,1.,0.));
#7776=DIRECTION('',(-1.,-7.2965005027185E-15,0.));
#7777=DIRECTION('',(0.,0.,-1.));
#7778=DIRECTION('',(1.,0.,0.));
#7779=DIRECTION('',(0.,0.,-1.));
#7780=DIRECTION('',(0.,0.,-1.));
#7781=DIRECTION('',(0.,-1.,0.));
#7782=DIRECTION('',(0.,0.,-1.));
#7783=DIRECTION('',(0.,0.,-1.));
#7784=DIRECTION('',(0.,0.,-1.));
#7785=DIRECTION('',(-1.,0.,0.));
#7786=DIRECTION('',(0.,0.,-1.));
#7787=DIRECTION('',(0.436686511554136,-0.899613745241078,0.));
#7788=DIRECTION('',(0.899613745241078,0.436686511554136,0.));
#7789=DIRECTION('',(0.,0.,-1.));
#7790=DIRECTION('',(1.,5.58207704379552E-15,0.));
#7791=DIRECTION('',(-5.58207704379552E-15,1.,0.));
#7792=DIRECTION('',(0.,0.,-1.));
#7793=DIRECTION('',(0.707106781186541,0.707106781186554,0.));
#7794=DIRECTION('',(-0.707106781186554,0.707106781186541,0.));
#7795=DIRECTION('',(0.,0.,-1.));
#7796=DIRECTION('',(0.,1.,0.));
#7797=DIRECTION('',(0.,0.,1.));
#7798=DIRECTION('',(0.,0.,-1.));
#7799=DIRECTION('',(-0.707106781186548,0.707106781186548,0.));
#7800=DIRECTION('',(-0.707106781186548,-0.707106781186548,0.));
#7801=DIRECTION('',(0.,0.,-1.));
#7802=DIRECTION('',(-1.,5.58207704379558E-15,0.));
#7803=DIRECTION('',(-5.58207704379558E-15,-1.,0.));
#7804=DIRECTION('',(0.,0.,-1.));
#7805=DIRECTION('',(-0.436686511554089,-0.899613745241101,0.));
#7806=DIRECTION('',(0.899613745241101,-0.436686511554089,0.));
#7807=DIRECTION('',(0.,0.,-1.));
#7808=DIRECTION('',(0.,0.,-1.));
#7809=DIRECTION('',(-1.,0.,0.));
#7810=DIRECTION('',(0.,0.,-1.));
#7811=DIRECTION('',(0.,-1.,0.));
#7812=DIRECTION('',(0.,0.,-1.));
#7813=DIRECTION('',(0.,0.,-1.));
#7814=DIRECTION('',(-1.,0.,0.));
#7815=DIRECTION('',(0.,0.,1.));
#7816=DIRECTION('',(0.,0.,-1.));
#7817=DIRECTION('',(-7.90454221127837E-15,1.,0.));
#7818=DIRECTION('',(-1.,-7.90454221127837E-15,0.));
#7819=DIRECTION('',(0.,0.,-1.));
#7820=DIRECTION('',(0.,0.,-1.));
#7821=DIRECTION('',(-1.,0.,0.));
#7822=DIRECTION('',(0.,0.,-1.));
#7823=DIRECTION('',(-0.436686511554112,0.89961374524109,0.));
#7824=DIRECTION('',(-0.89961374524109,-0.436686511554113,0.));
#7825=DIRECTION('',(0.,0.,-1.));
#7826=DIRECTION('',(-1.,-8.23053997774896E-15,0.));
#7827=DIRECTION('',(8.23053997774896E-15,-1.,0.));
#7828=DIRECTION('',(0.,0.,-1.));
#7829=DIRECTION('',(-9.63735264431559E-17,1.,0.));
#7830=DIRECTION('',(-1.,-9.63735264431559E-17,0.));
#7831=DIRECTION('',(0.,0.,-1.));
#7832=DIRECTION('',(0.70710678118655,0.707106781186545,0.));
#7833=DIRECTION('',(-0.707106781186545,0.70710678118655,0.));
#7834=DIRECTION('',(0.707106781186549,-0.707106781186546,0.));
#7835=DIRECTION('',(0.707106781186546,0.707106781186549,0.));
#7836=DIRECTION('',(0.,0.,1.));
#7837=DIRECTION('',(0.707106781186546,0.707106781186549,0.));
#7838=DIRECTION('',(9.63735264431559E-17,-1.,0.));
#7839=DIRECTION('',(1.,9.63735264431559E-17,0.));
#7840=DIRECTION('',(0.,0.,1.));
#7841=DIRECTION('',(1.,9.63735264431559E-17,0.));
#7842=DIRECTION('',(-1.,8.23053997774942E-15,0.));
#7843=DIRECTION('',(-8.23053997774942E-15,-1.,0.));
#7844=DIRECTION('',(0.,0.,1.));
#7845=DIRECTION('',(-8.23053997774942E-15,-1.,0.));
#7846=DIRECTION('',(-0.436686511554159,-0.899613745241067,0.));
#7847=DIRECTION('',(0.899613745241067,-0.436686511554159,0.));
#7848=DIRECTION('',(0.,0.,1.));
#7849=DIRECTION('',(0.899613745241067,-0.436686511554159,0.));
#7850=DIRECTION('',(0.,0.,1.));
#7851=DIRECTION('',(1.,0.,0.));
#7852=DIRECTION('',(0.,0.,1.));
#7853=DIRECTION('',(0.,0.,1.));
#7854=DIRECTION('',(1.,0.,0.));
#7855=DIRECTION('',(7.2965005027185E-15,-1.,0.));
#7856=DIRECTION('',(1.,7.2965005027185E-15,0.));
#7857=DIRECTION('',(0.,0.,1.));
#7858=DIRECTION('',(1.,7.2965005027185E-15,0.));
#7859=DIRECTION('',(-1.,0.,0.));
#7860=DIRECTION('',(0.,0.,1.));
#7861=DIRECTION('',(0.,0.,1.));
#7862=DIRECTION('',(0.,-1.,0.));
#7863=DIRECTION('',(0.,1.,0.));
#7864=DIRECTION('',(0.,0.,1.));
#7865=DIRECTION('',(0.,0.,1.));
#7866=DIRECTION('',(-1.,0.,0.));
#7867=DIRECTION('',(0.,0.,1.));
#7868=DIRECTION('',(1.,0.,0.));
#7869=DIRECTION('',(0.,0.,1.));
#7870=DIRECTION('',(0.,0.,1.));
#7871=DIRECTION('',(1.,0.,0.));
#7872=DIRECTION('',(-0.436686511554136,0.899613745241078,0.));
#7873=DIRECTION('',(-0.899613745241078,-0.436686511554136,0.));
#7874=DIRECTION('',(0.,0.,1.));
#7875=DIRECTION('',(-0.899613745241078,-0.436686511554136,0.));
#7876=DIRECTION('',(-1.,-5.58207704379552E-15,0.));
#7877=DIRECTION('',(5.58207704379552E-15,-1.,0.));
#7878=DIRECTION('',(0.,0.,1.));
#7879=DIRECTION('',(5.58207704379552E-15,-1.,0.));
#7880=DIRECTION('',(-0.707106781186541,-0.707106781186554,0.));
#7881=DIRECTION('',(0.707106781186554,-0.707106781186541,0.));
#7882=DIRECTION('',(0.,0.,1.));
#7883=DIRECTION('',(0.707106781186554,-0.707106781186541,0.));
#7884=DIRECTION('',(0.,-1.,0.));
#7885=DIRECTION('',(0.,0.,-1.));
#7886=DIRECTION('',(0.,0.,1.));
#7887=DIRECTION('',(1.,0.,0.));
#7888=DIRECTION('',(0.707106781186548,-0.707106781186548,0.));
#7889=DIRECTION('',(0.707106781186548,0.707106781186548,0.));
#7890=DIRECTION('',(0.,0.,1.));
#7891=DIRECTION('',(0.707106781186547,0.707106781186547,0.));
#7892=DIRECTION('',(1.,-5.58207704379558E-15,0.));
#7893=DIRECTION('',(5.58207704379558E-15,1.,0.));
#7894=DIRECTION('',(0.,0.,1.));
#7895=DIRECTION('',(5.58207704379558E-15,1.,0.));
#7896=DIRECTION('',(0.436686511554089,0.899613745241101,0.));
#7897=DIRECTION('',(-0.899613745241101,0.436686511554089,0.));
#7898=DIRECTION('',(0.,0.,1.));
#7899=DIRECTION('',(-0.899613745241101,0.436686511554089,0.));
#7900=DIRECTION('',(0.,0.,1.));
#7901=DIRECTION('',(1.,0.,0.));
#7902=DIRECTION('',(0.,0.,1.));
#7903=DIRECTION('',(0.,0.,1.));
#7904=DIRECTION('',(1.,0.,0.));
#7905=DIRECTION('',(0.,1.,0.));
#7906=DIRECTION('',(0.,0.,1.));
#7907=DIRECTION('',(0.,0.,1.));
#7908=DIRECTION('',(-1.,0.,0.));
#7909=DIRECTION('',(1.,0.,0.));
#7910=DIRECTION('',(0.,0.,-1.));
#7911=DIRECTION('',(0.,0.,1.));
#7912=DIRECTION('',(0.,1.,0.));
#7913=DIRECTION('',(7.90454221127837E-15,-1.,0.));
#7914=DIRECTION('',(1.,7.90454221127837E-15,0.));
#7915=DIRECTION('',(0.,0.,1.));
#7916=DIRECTION('',(1.,7.90454221127837E-15,0.));
#7917=DIRECTION('',(0.,0.,1.));
#7918=DIRECTION('',(1.,0.,0.));
#7919=DIRECTION('',(0.,0.,1.));
#7920=DIRECTION('',(0.,0.,1.));
#7921=DIRECTION('',(1.,0.,0.));
#7922=DIRECTION('',(0.436686511554112,-0.89961374524109,0.));
#7923=DIRECTION('',(0.89961374524109,0.436686511554113,0.));
#7924=DIRECTION('',(0.,0.,1.));
#7925=DIRECTION('',(0.89961374524109,0.436686511554112,0.));
#7926=DIRECTION('',(1.,8.23053997774896E-15,0.));
#7927=DIRECTION('',(-8.23053997774896E-15,1.,0.));
#7928=DIRECTION('',(0.,0.,1.));
#7929=DIRECTION('',(-8.23053997774896E-15,1.,0.));
#7930=DIRECTION('',(9.63735264431559E-17,-1.,0.));
#7931=DIRECTION('',(1.,9.63735264431559E-17,0.));
#7932=DIRECTION('',(0.,0.,1.));
#7933=DIRECTION('',(1.,9.63735264431559E-17,0.));
#7934=DIRECTION('',(-0.70710678118655,-0.707106781186545,0.));
#7935=DIRECTION('',(0.707106781186545,-0.70710678118655,0.));
#7936=DIRECTION('',(0.707106781186545,-0.70710678118655,0.));
#7937=DIRECTION('',(0.,0.,1.));
#7938=DIRECTION('',(1.,0.,0.));
#7939=DIRECTION('',(0.,1.,1.86518314700218E-17));
#7940=DIRECTION('',(0.,-1.86518314700218E-17,1.));
#7941=DIRECTION('',(0.,-1.,-1.86518314700218E-17));
#7942=DIRECTION('',(0.,1.86518314700218E-17,-1.));
#7943=DIRECTION('',(0.,-1.,-1.86518314700218E-17));
#7944=DIRECTION('',(0.,1.86518314700218E-17,-1.));
#7945=DIRECTION('',(0.,-1.,-1.86518314700218E-17));
#7946=DIRECTION('',(0.,1.86518314700218E-17,-1.));
#7947=DIRECTION('',(0.,1.,1.86518314700218E-17));
#7948=DIRECTION('',(0.,-1.86518314700218E-17,1.));
#7949=DIRECTION('',(0.,1.,1.86518314700218E-17));
#7950=DIRECTION('',(0.,-1.86518314700218E-17,1.));
#7951=DIRECTION('',(0.,-1.,-1.86518314700218E-17));
#7952=DIRECTION('',(0.,1.86518314700218E-17,-1.));
#7953=DIRECTION('',(0.,-1.,-1.86518314700218E-17));
#7954=DIRECTION('',(0.,1.86518314700218E-17,-1.));
#7955=DIRECTION('',(0.,-1.,-1.86518314700218E-17));
#7956=DIRECTION('',(0.,1.86518314700218E-17,-1.));
#7957=DIRECTION('',(0.,1.,1.86518314700218E-17));
#7958=DIRECTION('',(0.,-1.86518314700218E-17,1.));
#7959=DIRECTION('',(0.,0.,-1.));
#7960=DIRECTION('',(-1.,0.,0.));
#7961=DIRECTION('',(0.,0.,-1.));
#7962=DIRECTION('',(-1.,0.,0.));
#7963=DIRECTION('',(1.,0.,0.));
#7964=DIRECTION('',(0.,0.,-1.));
#7965=DIRECTION('',(1.,0.,0.));
#7966=DIRECTION('',(0.,0.,-1.));
#7967=DIRECTION('',(0.,0.5,-0.866025403784439));
#7968=DIRECTION('',(0.,1.,0.));
#7969=DIRECTION('',(0.,0.5,0.866025403784439));
#7970=DIRECTION('',(0.,-0.5,0.866025403784439));
#7971=DIRECTION('',(0.,-1.,0.));
#7972=DIRECTION('',(0.,-0.5,-0.866025403784439));
#7973=DIRECTION('',(1.,0.,0.));
#7974=DIRECTION('',(0.,0.,-1.));
#7975=DIRECTION('',(1.,0.,0.));
#7976=DIRECTION('',(0.,0.,-1.));
#7977=DIRECTION('',(1.,0.,0.));
#7978=DIRECTION('',(0.,0.,-1.));
#7979=DIRECTION('',(1.,0.,0.));
#7980=DIRECTION('',(0.,0.,-1.));
#7981=DIRECTION('',(-1.,0.,0.));
#7982=DIRECTION('',(0.,0.,1.));
#7983=DIRECTION('',(1.,0.,0.));
#7984=DIRECTION('',(0.,0.,-1.));
#7985=DIRECTION('',(1.,0.,0.));
#7986=DIRECTION('',(0.,0.,-1.));
#7987=DIRECTION('',(1.,0.,0.));
#7988=DIRECTION('',(0.,0.,-1.));
#7989=DIRECTION('',(-1.,0.,0.));
#7990=DIRECTION('',(0.,0.,1.));
#7991=DIRECTION('',(1.,0.,0.));
#7992=DIRECTION('',(0.,0.,-1.));
#7993=DIRECTION('',(-1.,0.,0.));
#7994=DIRECTION('',(0.,0.,1.));
#7995=DIRECTION('',(0.,0.,-1.));
#7996=DIRECTION('',(-1.,0.,0.));
#7997=DIRECTION('',(-1.,0.,0.));
#7998=DIRECTION('',(0.,-1.,0.));
#7999=DIRECTION('',(0.,-1.,0.));
#8000=DIRECTION('',(-1.,0.,0.));
#8001=DIRECTION('',(0.,0.866025403784439,-0.5));
#8002=DIRECTION('',(0.,0.5,0.866025403784439));
#8003=DIRECTION('',(0.,-0.5,-0.866025403784439));
#8004=DIRECTION('',(0.,-0.5,-0.866025403784439));
#8005=DIRECTION('',(-1.,0.,0.));
#8006=DIRECTION('',(0.,0.866025403784439,0.5));
#8007=DIRECTION('',(0.,-0.5,0.866025403784439));
#8008=DIRECTION('',(0.,0.5,-0.866025403784439));
#8009=DIRECTION('',(0.,0.5,-0.866025403784439));
#8010=DIRECTION('',(-1.,0.,0.));
#8011=DIRECTION('',(0.,0.,1.));
#8012=DIRECTION('',(1.,0.,0.));
#8013=DIRECTION('',(0.,1.,0.));
#8014=DIRECTION('',(0.,1.,0.));
#8015=DIRECTION('',(-1.,0.,0.));
#8016=DIRECTION('',(0.,-0.866025403784439,0.5));
#8017=DIRECTION('',(0.,-0.5,-0.866025403784439));
#8018=DIRECTION('',(0.,0.5,0.866025403784439));
#8019=DIRECTION('',(0.,0.5,0.866025403784439));
#8020=DIRECTION('',(-1.,0.,0.));
#8021=DIRECTION('',(0.,-0.866025403784439,-0.5));
#8022=DIRECTION('',(0.,0.5,-0.866025403784439));
#8023=DIRECTION('',(0.,-0.5,0.866025403784439));
#8024=DIRECTION('',(0.,-0.5,0.866025403784439));
#8025=DIRECTION('',(1.,0.,0.));
#8026=DIRECTION('',(0.,0.,-1.));
#8027=DIRECTION('',(1.,0.,0.));
#8028=DIRECTION('',(0.,0.,-1.));
#8029=DIRECTION('',(1.,0.,0.));
#8030=DIRECTION('',(0.,0.,-1.));
#8031=DIRECTION('',(1.,0.,0.));
#8032=DIRECTION('',(0.,0.,-1.));
#8033=DIRECTION('',(1.,0.,0.));
#8034=DIRECTION('',(0.,0.,-1.));
#8035=DIRECTION('',(1.,0.,0.));
#8036=DIRECTION('',(0.,0.,-1.));
#8037=DIRECTION('',(1.,0.,0.));
#8038=DIRECTION('',(0.,0.,-1.));
#8039=DIRECTION('',(1.,0.,0.));
#8040=DIRECTION('',(0.,0.,-1.));
#8041=DIRECTION('',(1.,0.,0.));
#8042=DIRECTION('',(0.,0.,-1.));
#8043=DIRECTION('',(1.,0.,0.));
#8044=DIRECTION('',(0.,0.,-1.));
#8045=DIRECTION('',(1.,0.,0.));
#8046=DIRECTION('',(0.,0.,-1.));
#8047=DIRECTION('',(1.,0.,0.));
#8048=DIRECTION('',(0.,0.,-1.));
#8049=DIRECTION('',(-1.,0.,0.));
#8050=DIRECTION('',(0.,0.,1.));
#8051=DIRECTION('',(-1.,0.,0.));
#8052=DIRECTION('',(0.,-1.,0.));
#8053=DIRECTION('',(-1.,0.,0.));
#8054=DIRECTION('',(0.,-1.,0.));
#8055=DIRECTION('',(-1.,0.,0.));
#8056=DIRECTION('',(0.,-1.,0.));
#8057=DIRECTION('',(-1.,0.,0.));
#8058=DIRECTION('',(0.,-1.,0.));
#8059=DIRECTION('',(-1.,0.,0.));
#8060=DIRECTION('',(0.,-1.,0.));
#8061=DIRECTION('',(-1.,0.,0.));
#8062=DIRECTION('',(0.,-1.,0.));
#8063=DIRECTION('',(-1.,0.,0.));
#8064=DIRECTION('',(0.,-1.,0.));
#8065=DIRECTION('',(-1.,0.,0.));
#8066=DIRECTION('',(0.,-1.,0.));
#8067=DIRECTION('',(-1.,0.,0.));
#8068=DIRECTION('',(0.,-1.,0.));
#8069=DIRECTION('',(-1.,0.,0.));
#8070=DIRECTION('',(0.,-1.,0.));
#8071=DIRECTION('',(-1.,0.,0.));
#8072=DIRECTION('',(0.,-1.,0.));
#8073=CARTESIAN_POINT('',(0.,0.,0.));
#8074=CARTESIAN_POINT('',(-3.2,4.7,80.));
#8075=CARTESIAN_POINT('',(-3.2,4.7,-80.));
#8076=CARTESIAN_POINT('',(-3.2,4.7,-80.));
#8077=CARTESIAN_POINT('',(-3.5,4.4,-80.));
#8078=CARTESIAN_POINT('',(-3.5,4.4,80.));
#8079=CARTESIAN_POINT('',(-3.5,4.4,80.));
#8080=CARTESIAN_POINT('',(-3.2,4.7,80.));
#8081=CARTESIAN_POINT('',(-3.2,4.7,80.));
#8082=CARTESIAN_POINT('',(-3.2,4.7,80.));
#8083=CARTESIAN_POINT('',(-3.5,4.4,80.));
#8084=CARTESIAN_POINT('',(-3.5,4.4,-80.));
#8085=CARTESIAN_POINT('',(-3.5,4.03385,-80.));
#8086=CARTESIAN_POINT('',(-3.5,4.03385,80.));
#8087=CARTESIAN_POINT('',(-3.5,4.03385,80.));
#8088=CARTESIAN_POINT('',(-3.5,4.4,80.));
#8089=CARTESIAN_POINT('',(-3.5,4.03385,80.));
#8090=CARTESIAN_POINT('',(-3.5,4.03385,-80.));
#8091=CARTESIAN_POINT('',(-3.26950361308703,3.90077431431665,-80.));
#8092=CARTESIAN_POINT('',(-3.26950361308703,3.90077431431665,80.));
#8093=CARTESIAN_POINT('',(-3.26950361308703,3.90077431431665,80.));
#8094=CARTESIAN_POINT('',(-3.5,4.03385,80.));
#8095=CARTESIAN_POINT('',(-3.707,3.14299999999999,80.));
#8096=CARTESIAN_POINT('',(-3.707,3.14299999999999,-80.));
#8097=CARTESIAN_POINT('',(-2.93241882284683,3.55,-80.));
#8098=CARTESIAN_POINT('',(-2.93241882284683,3.55,80.));
#8099=CARTESIAN_POINT('',(-2.93241882284683,3.55,80.));
#8100=CARTESIAN_POINT('',(-3.707,3.14299999999999,80.));
#8101=CARTESIAN_POINT('',(-2.93241882284683,3.55,80.));
#8102=CARTESIAN_POINT('',(-2.93241882284683,3.55,-80.));
#8103=CARTESIAN_POINT('',(-2.2,3.55,-80.));
#8104=CARTESIAN_POINT('',(-2.2,3.55,80.));
#8105=CARTESIAN_POINT('',(-2.2,3.55,80.));
#8106=CARTESIAN_POINT('',(-2.93241882284683,3.55,80.));
#8107=CARTESIAN_POINT('',(-2.2,3.55,80.));
#8108=CARTESIAN_POINT('',(-2.2,3.55,-80.));
#8109=CARTESIAN_POINT('',(-2.2,2.84999999999998,-80.));
#8110=CARTESIAN_POINT('',(-2.2,2.84999999999998,80.));
#8111=CARTESIAN_POINT('',(-2.2,2.84999999999998,80.));
#8112=CARTESIAN_POINT('',(-2.2,3.55,80.));
#8113=CARTESIAN_POINT('',(-2.2,2.84999999999998,80.));
#8114=CARTESIAN_POINT('',(-2.2,2.84999999999998,-80.));
#8115=CARTESIAN_POINT('',(-2.93241882284682,2.85,-80.));
#8116=CARTESIAN_POINT('',(-2.93241882284682,2.85,80.));
#8117=CARTESIAN_POINT('',(-2.93241882284682,2.85,80.));
#8118=CARTESIAN_POINT('',(-2.2,2.84999999999998,80.));
#8119=CARTESIAN_POINT('',(-3.707,3.25700000000002,80.));
#8120=CARTESIAN_POINT('',(-3.707,3.25700000000002,-80.));
#8121=CARTESIAN_POINT('',(-3.26950361308704,2.49922568568334,-80.));
#8122=CARTESIAN_POINT('',(-3.26950361308704,2.49922568568334,80.));
#8123=CARTESIAN_POINT('',(-3.26950361308704,2.49922568568334,80.));
#8124=CARTESIAN_POINT('',(-3.707,3.25700000000002,80.));
#8125=CARTESIAN_POINT('',(-3.26950361308704,2.49922568568334,80.));
#8126=CARTESIAN_POINT('',(-3.26950361308704,2.49922568568334,-80.));
#8127=CARTESIAN_POINT('',(-3.5,2.36615,-80.));
#8128=CARTESIAN_POINT('',(-3.5,2.36615,80.));
#8129=CARTESIAN_POINT('',(-3.5,2.36615,80.));
#8130=CARTESIAN_POINT('',(-3.26950361308704,2.49922568568334,80.));
#8131=CARTESIAN_POINT('',(-3.5,2.36615,80.));
#8132=CARTESIAN_POINT('',(-3.5,2.36615,-80.));
#8133=CARTESIAN_POINT('',(-3.49999999999999,0.3,-80.));
#8134=CARTESIAN_POINT('',(-3.49999999999999,0.3,80.));
#8135=CARTESIAN_POINT('',(-3.49999999999999,0.3,80.));
#8136=CARTESIAN_POINT('',(-3.5,2.36615,80.));
#8137=CARTESIAN_POINT('',(-3.49999999999999,0.3,80.));
#8138=CARTESIAN_POINT('',(-3.49999999999999,0.3,-80.));
#8139=CARTESIAN_POINT('',(-3.19999999999999,0.,-80.));
#8140=CARTESIAN_POINT('',(-3.19999999999999,0.,80.));
#8141=CARTESIAN_POINT('',(-3.19999999999999,0.,80.));
#8142=CARTESIAN_POINT('',(-3.49999999999999,0.3,80.));
#8143=CARTESIAN_POINT('',(-3.19999999999999,0.,80.));
#8144=CARTESIAN_POINT('',(0.,0.,-60.));
#8145=CARTESIAN_POINT('',(0.,0.,-61.2));
#8146=CARTESIAN_POINT('',(0.,0.,-45.));
#8147=CARTESIAN_POINT('',(0.,0.,-46.2));
#8148=CARTESIAN_POINT('',(0.,0.,-30.));
#8149=CARTESIAN_POINT('',(0.,0.,-31.2));
#8150=CARTESIAN_POINT('',(0.,0.,-15.));
#8151=CARTESIAN_POINT('',(0.,0.,-16.2));
#8152=CARTESIAN_POINT('',(0.,0.,0.));
#8153=CARTESIAN_POINT('',(0.,0.,-1.20000000000001));
#8154=CARTESIAN_POINT('',(0.,0.,15.));
#8155=CARTESIAN_POINT('',(0.,0.,13.8));
#8156=CARTESIAN_POINT('',(0.,0.,30.));
#8157=CARTESIAN_POINT('',(0.,0.,28.8));
#8158=CARTESIAN_POINT('',(0.,0.,45.));
#8159=CARTESIAN_POINT('',(0.,0.,43.8));
#8160=CARTESIAN_POINT('',(0.,0.,60.));
#8161=CARTESIAN_POINT('',(0.,0.,58.8));
#8162=CARTESIAN_POINT('',(0.,0.,75.));
#8163=CARTESIAN_POINT('',(0.,0.,73.8));
#8164=CARTESIAN_POINT('',(0.,0.,-75.));
#8165=CARTESIAN_POINT('',(0.,0.,-76.2));
#8166=CARTESIAN_POINT('',(-3.19999999999999,0.,-80.));
#8167=CARTESIAN_POINT('',(3.19999999999999,0.,-80.));
#8168=CARTESIAN_POINT('',(3.19999999999999,0.,80.));
#8169=CARTESIAN_POINT('',(3.19999999999999,0.,80.));
#8170=CARTESIAN_POINT('',(-3.19999999999999,0.,80.));
#8171=CARTESIAN_POINT('',(3.19999999999999,0.,80.));
#8172=CARTESIAN_POINT('',(3.19999999999999,0.,-80.));
#8173=CARTESIAN_POINT('',(3.49999999999999,0.299999999999994,-80.));
#8174=CARTESIAN_POINT('',(3.49999999999999,0.299999999999994,80.));
#8175=CARTESIAN_POINT('',(3.49999999999999,0.299999999999994,80.));
#8176=CARTESIAN_POINT('',(3.19999999999999,0.,80.));
#8177=CARTESIAN_POINT('',(3.49999999999999,0.299999999999994,80.));
#8178=CARTESIAN_POINT('',(3.49999999999999,0.299999999999994,-80.));
#8179=CARTESIAN_POINT('',(3.5,2.36615000000001,-80.));
#8180=CARTESIAN_POINT('',(3.5,2.36615000000001,80.));
#8181=CARTESIAN_POINT('',(3.5,2.36615000000001,80.));
#8182=CARTESIAN_POINT('',(3.49999999999999,0.299999999999994,80.));
#8183=CARTESIAN_POINT('',(3.5,2.36615000000001,80.));
#8184=CARTESIAN_POINT('',(3.5,2.36615000000001,-80.));
#8185=CARTESIAN_POINT('',(3.26950361308707,2.49922568568331,-80.));
#8186=CARTESIAN_POINT('',(3.26950361308707,2.49922568568331,80.));
#8187=CARTESIAN_POINT('',(3.26950361308707,2.49922568568331,80.));
#8188=CARTESIAN_POINT('',(3.5,2.36615000000001,80.));
#8189=CARTESIAN_POINT('',(3.707,3.257,80.));
#8190=CARTESIAN_POINT('',(3.707,3.257,-80.));
#8191=CARTESIAN_POINT('',(2.93241882284683,2.84999999999999,-80.));
#8192=CARTESIAN_POINT('',(2.93241882284683,2.84999999999999,80.));
#8193=CARTESIAN_POINT('',(2.93241882284683,2.84999999999999,80.));
#8194=CARTESIAN_POINT('',(3.707,3.257,80.));
#8195=CARTESIAN_POINT('',(2.93241882284683,2.84999999999999,80.));
#8196=CARTESIAN_POINT('',(2.93241882284683,2.84999999999999,-80.));
#8197=CARTESIAN_POINT('',(2.2,2.84999999999998,-80.));
#8198=CARTESIAN_POINT('',(2.2,2.84999999999998,80.));
#8199=CARTESIAN_POINT('',(2.2,2.84999999999998,80.));
#8200=CARTESIAN_POINT('',(2.93241882284683,2.84999999999999,80.));
#8201=CARTESIAN_POINT('',(2.2,2.84999999999998,80.));
#8202=CARTESIAN_POINT('',(2.2,2.84999999999998,-80.));
#8203=CARTESIAN_POINT('',(2.2,3.54999999999999,-80.));
#8204=CARTESIAN_POINT('',(2.2,3.54999999999999,80.));
#8205=CARTESIAN_POINT('',(2.2,3.54999999999999,80.));
#8206=CARTESIAN_POINT('',(2.2,2.84999999999998,80.));
#8207=CARTESIAN_POINT('',(2.2,3.54999999999999,80.));
#8208=CARTESIAN_POINT('',(2.2,3.54999999999999,-80.));
#8209=CARTESIAN_POINT('',(2.93241882284683,3.54999999999999,-80.));
#8210=CARTESIAN_POINT('',(2.93241882284683,3.54999999999999,80.));
#8211=CARTESIAN_POINT('',(2.93241882284683,3.54999999999999,80.));
#8212=CARTESIAN_POINT('',(2.2,3.54999999999999,80.));
#8213=CARTESIAN_POINT('',(3.70699999999998,3.14299999999992,80.));
#8214=CARTESIAN_POINT('',(3.70699999999998,3.14299999999992,-80.));
#8215=CARTESIAN_POINT('',(3.26950361308695,3.90077431431657,-80.));
#8216=CARTESIAN_POINT('',(3.26950361308695,3.90077431431657,80.));
#8217=CARTESIAN_POINT('',(3.26950361308695,3.90077431431657,80.));
#8218=CARTESIAN_POINT('',(3.70699999999998,3.14299999999992,80.));
#8219=CARTESIAN_POINT('',(3.26950361308695,3.90077431431657,80.));
#8220=CARTESIAN_POINT('',(3.26950361308695,3.90077431431657,-80.));
#8221=CARTESIAN_POINT('',(3.5,4.03385,-80.));
#8222=CARTESIAN_POINT('',(3.5,4.03385,80.));
#8223=CARTESIAN_POINT('',(3.5,4.03385,80.));
#8224=CARTESIAN_POINT('',(3.26950361308695,3.90077431431657,80.));
#8225=CARTESIAN_POINT('',(3.5,4.03385,80.));
#8226=CARTESIAN_POINT('',(3.5,4.03385,-80.));
#8227=CARTESIAN_POINT('',(3.5,4.40000000000001,-80.));
#8228=CARTESIAN_POINT('',(3.5,4.40000000000001,80.));
#8229=CARTESIAN_POINT('',(3.5,4.40000000000001,80.));
#8230=CARTESIAN_POINT('',(3.5,4.03385,80.));
#8231=CARTESIAN_POINT('',(3.5,4.40000000000001,80.));
#8232=CARTESIAN_POINT('',(3.5,4.40000000000001,-80.));
#8233=CARTESIAN_POINT('',(3.20000000000001,4.7,-80.));
#8234=CARTESIAN_POINT('',(3.20000000000001,4.7,80.));
#8235=CARTESIAN_POINT('',(3.20000000000001,4.7,80.));
#8236=CARTESIAN_POINT('',(3.5,4.40000000000001,80.));
#8237=CARTESIAN_POINT('',(3.20000000000001,4.7,80.));
#8238=CARTESIAN_POINT('',(0.,4.7,-60.));
#8239=CARTESIAN_POINT('',(0.,4.7,-62.1));
#8240=CARTESIAN_POINT('',(0.,4.7,-45.));
#8241=CARTESIAN_POINT('',(0.,4.7,-47.1));
#8242=CARTESIAN_POINT('',(0.,4.7,-30.));
#8243=CARTESIAN_POINT('',(0.,4.7,-32.1));
#8244=CARTESIAN_POINT('',(0.,4.7,-15.));
#8245=CARTESIAN_POINT('',(0.,4.7,-17.1));
#8246=CARTESIAN_POINT('',(0.,4.7,0.));
#8247=CARTESIAN_POINT('',(0.,4.7,-2.1));
#8248=CARTESIAN_POINT('',(0.,4.7,15.));
#8249=CARTESIAN_POINT('',(0.,4.7,12.9));
#8250=CARTESIAN_POINT('',(0.,4.7,30.));
#8251=CARTESIAN_POINT('',(0.,4.7,27.9));
#8252=CARTESIAN_POINT('',(0.,4.7,45.));
#8253=CARTESIAN_POINT('',(0.,4.7,42.9));
#8254=CARTESIAN_POINT('',(0.,4.7,60.));
#8255=CARTESIAN_POINT('',(0.,4.7,57.9));
#8256=CARTESIAN_POINT('',(0.,4.7,75.));
#8257=CARTESIAN_POINT('',(0.,4.7,72.9));
#8258=CARTESIAN_POINT('',(0.,4.7,-75.));
#8259=CARTESIAN_POINT('',(0.,4.7,-77.1));
#8260=CARTESIAN_POINT('',(3.20000000000001,4.7,-80.));
#8261=CARTESIAN_POINT('',(3.20000000000001,4.7,80.));
#8262=CARTESIAN_POINT('',(-3.707,3.14299999999999,80.));
#8263=CARTESIAN_POINT('',(-3.707,3.14299999999999,-80.));
#8264=CARTESIAN_POINT('',(0.,0.,-75.));
#8265=CARTESIAN_POINT('',(0.,2.4,-75.));
#8266=CARTESIAN_POINT('',(0.,2.4,-77.1));
#8267=CARTESIAN_POINT('',(0.,2.4,-77.1));
#8268=CARTESIAN_POINT('',(0.,2.4,-75.));
#8269=CARTESIAN_POINT('',(0.,2.4,-76.2));
#8270=CARTESIAN_POINT('',(0.,0.,-75.));
#8271=CARTESIAN_POINT('',(0.,0.,75.));
#8272=CARTESIAN_POINT('',(0.,2.4,75.));
#8273=CARTESIAN_POINT('',(0.,2.4,72.9));
#8274=CARTESIAN_POINT('',(0.,2.4,72.9));
#8275=CARTESIAN_POINT('',(0.,2.4,75.));
#8276=CARTESIAN_POINT('',(0.,2.4,73.8));
#8277=CARTESIAN_POINT('',(0.,0.,75.));
#8278=CARTESIAN_POINT('',(0.,0.,60.));
#8279=CARTESIAN_POINT('',(0.,2.4,60.));
#8280=CARTESIAN_POINT('',(0.,2.4,57.9));
#8281=CARTESIAN_POINT('',(0.,2.4,57.9));
#8282=CARTESIAN_POINT('',(0.,2.4,60.));
#8283=CARTESIAN_POINT('',(0.,2.4,58.8));
#8284=CARTESIAN_POINT('',(0.,0.,60.));
#8285=CARTESIAN_POINT('',(0.,0.,45.));
#8286=CARTESIAN_POINT('',(0.,2.4,45.));
#8287=CARTESIAN_POINT('',(0.,2.4,42.9));
#8288=CARTESIAN_POINT('',(0.,2.4,42.9));
#8289=CARTESIAN_POINT('',(0.,2.4,45.));
#8290=CARTESIAN_POINT('',(0.,2.4,43.8));
#8291=CARTESIAN_POINT('',(0.,0.,45.));
#8292=CARTESIAN_POINT('',(0.,0.,30.));
#8293=CARTESIAN_POINT('',(0.,2.4,30.));
#8294=CARTESIAN_POINT('',(0.,2.4,27.9));
#8295=CARTESIAN_POINT('',(0.,2.4,27.9));
#8296=CARTESIAN_POINT('',(0.,2.4,30.));
#8297=CARTESIAN_POINT('',(0.,2.4,28.8));
#8298=CARTESIAN_POINT('',(0.,0.,30.));
#8299=CARTESIAN_POINT('',(0.,0.,15.));
#8300=CARTESIAN_POINT('',(0.,2.4,15.));
#8301=CARTESIAN_POINT('',(0.,2.4,12.9));
#8302=CARTESIAN_POINT('',(0.,2.4,12.9));
#8303=CARTESIAN_POINT('',(0.,2.4,15.));
#8304=CARTESIAN_POINT('',(0.,2.4,13.8));
#8305=CARTESIAN_POINT('',(0.,0.,15.));
#8306=CARTESIAN_POINT('',(0.,0.,0.));
#8307=CARTESIAN_POINT('',(0.,2.4,0.));
#8308=CARTESIAN_POINT('',(0.,2.4,-2.1));
#8309=CARTESIAN_POINT('',(0.,2.4,-2.1));
#8310=CARTESIAN_POINT('',(0.,2.4,0.));
#8311=CARTESIAN_POINT('',(0.,2.4,-1.20000000000001));
#8312=CARTESIAN_POINT('',(0.,0.,0.));
#8313=CARTESIAN_POINT('',(0.,0.,-15.));
#8314=CARTESIAN_POINT('',(0.,2.4,-15.));
#8315=CARTESIAN_POINT('',(0.,2.4,-17.1));
#8316=CARTESIAN_POINT('',(0.,2.4,-17.1));
#8317=CARTESIAN_POINT('',(0.,2.4,-15.));
#8318=CARTESIAN_POINT('',(0.,2.4,-16.2));
#8319=CARTESIAN_POINT('',(0.,0.,-15.));
#8320=CARTESIAN_POINT('',(0.,0.,-30.));
#8321=CARTESIAN_POINT('',(0.,2.4,-30.));
#8322=CARTESIAN_POINT('',(0.,2.4,-32.1));
#8323=CARTESIAN_POINT('',(0.,2.4,-32.1));
#8324=CARTESIAN_POINT('',(0.,2.4,-30.));
#8325=CARTESIAN_POINT('',(0.,2.4,-31.2));
#8326=CARTESIAN_POINT('',(0.,0.,-30.));
#8327=CARTESIAN_POINT('',(0.,0.,-45.));
#8328=CARTESIAN_POINT('',(0.,2.4,-45.));
#8329=CARTESIAN_POINT('',(0.,2.4,-47.1));
#8330=CARTESIAN_POINT('',(0.,2.4,-47.1));
#8331=CARTESIAN_POINT('',(0.,2.4,-45.));
#8332=CARTESIAN_POINT('',(0.,2.4,-46.2));
#8333=CARTESIAN_POINT('',(0.,0.,-45.));
#8334=CARTESIAN_POINT('',(0.,0.,-60.));
#8335=CARTESIAN_POINT('',(0.,2.4,-60.));
#8336=CARTESIAN_POINT('',(0.,2.4,-62.1));
#8337=CARTESIAN_POINT('',(0.,2.4,-62.1));
#8338=CARTESIAN_POINT('',(0.,2.4,-60.));
#8339=CARTESIAN_POINT('',(0.,2.4,-61.2));
#8340=CARTESIAN_POINT('',(0.,0.,-60.));
#8341=CARTESIAN_POINT('',(0.,0.,0.));
#8342=CARTESIAN_POINT('',(-4.65779930794904,1.6,4.8));
#8343=CARTESIAN_POINT('',(-4.65779930794904,1.6,-4.85));
#8344=CARTESIAN_POINT('',(-8.,1.6,-4.85));
#8345=CARTESIAN_POINT('',(-3.49999999999999,1.6,-4.85));
#8346=CARTESIAN_POINT('',(-8.,1.60000000000001,-9.8));
#8347=CARTESIAN_POINT('',(-8.,1.60000000000001,-8.3));
#8348=CARTESIAN_POINT('',(-4.65779930794904,1.6,-8.3));
#8349=CARTESIAN_POINT('',(-7.95,1.60000000000001,-8.3));
#8350=CARTESIAN_POINT('',(-7.95,1.60000000000001,-8.3));
#8351=CARTESIAN_POINT('',(-7.94999999999999,1.6,-9.3));
#8352=CARTESIAN_POINT('',(-17.,1.6,-9.3));
#8353=CARTESIAN_POINT('',(-4.73000000000002,1.6,-9.3));
#8354=CARTESIAN_POINT('',(-4.73000000000002,1.6,-9.3));
#8355=CARTESIAN_POINT('',(-4.73000000000002,1.6,-9.8));
#8356=CARTESIAN_POINT('',(-8.,1.60000000000001,-9.8));
#8357=CARTESIAN_POINT('',(-3.49999999999999,1.60000000000001,-9.8));
#8358=CARTESIAN_POINT('',(-3.49999999999999,1.6,4.8));
#8359=CARTESIAN_POINT('',(-4.65779930794904,1.6,4.8));
#8360=CARTESIAN_POINT('',(-4.65779930794904,1.6,-4.85));
#8361=CARTESIAN_POINT('',(3.49999999999999,1.6,-4.85));
#8362=CARTESIAN_POINT('',(8.00000000000003,1.60000000000001,-4.85));
#8363=CARTESIAN_POINT('',(3.49999999999999,1.6,4.8));
#8364=CARTESIAN_POINT('',(3.49999999999999,1.60000000000001,-9.8));
#8365=CARTESIAN_POINT('',(-8.,1.60000000000001,-9.8));
#8366=CARTESIAN_POINT('',(4.73000000000002,1.6,-9.8));
#8367=CARTESIAN_POINT('',(4.73000000000002,1.6,-9.3));
#8368=CARTESIAN_POINT('',(4.73000000000002,1.6,-9.3));
#8369=CARTESIAN_POINT('',(4.73000000000002,1.6,-9.3));
#8370=CARTESIAN_POINT('',(7.95000000000002,1.6,-9.3));
#8371=CARTESIAN_POINT('',(7.95000000000003,1.60000000000001,-8.3));
#8372=CARTESIAN_POINT('',(7.95000000000003,1.60000000000001,-8.3));
#8373=CARTESIAN_POINT('',(-4.65779930794904,1.6,-8.3));
#8374=CARTESIAN_POINT('',(8.00000000000003,1.60000000000001,-8.3));
#8375=CARTESIAN_POINT('',(8.00000000000003,1.60000000000001,-9.8));
#8376=CARTESIAN_POINT('',(-3.5,2.36615,4.8));
#8377=CARTESIAN_POINT('',(-3.5,2.36615,4.8));
#8378=CARTESIAN_POINT('',(-3.5,2.36615,-4.85));
#8379=CARTESIAN_POINT('',(-3.5,2.36615,-9.8));
#8380=CARTESIAN_POINT('',(-3.5,2.36615,-4.85));
#8381=CARTESIAN_POINT('',(-3.49999999999998,-2.42432255009704E-14,-9.8));
#8382=CARTESIAN_POINT('',(3.49999999999999,0.299999999999994,4.8));
#8383=CARTESIAN_POINT('',(3.49999999999999,0.299999999999994,-4.85));
#8384=CARTESIAN_POINT('',(3.5,2.36615000000001,-4.85));
#8385=CARTESIAN_POINT('',(3.5,2.36615000000001,4.8));
#8386=CARTESIAN_POINT('',(3.5,2.36615000000001,-9.8));
#8387=CARTESIAN_POINT('',(3.49999999999998,-2.42432255009703E-14,-9.8));
#8388=CARTESIAN_POINT('',(-3.2,4.7,4.8));
#8389=CARTESIAN_POINT('',(-3.2,4.7,4.8));
#8390=CARTESIAN_POINT('',(-3.2,4.7,-4.85));
#8391=CARTESIAN_POINT('',(-3.2,4.7,-9.8));
#8392=CARTESIAN_POINT('',(-3.2,4.7,-4.85));
#8393=CARTESIAN_POINT('',(-3.5,4.4,-4.85));
#8394=CARTESIAN_POINT('',(-3.5,4.4,4.8));
#8395=CARTESIAN_POINT('',(-3.5,4.4,-9.8));
#8396=CARTESIAN_POINT('',(-3.95,3.95,-9.8));
#8397=CARTESIAN_POINT('',(-3.5,4.4,4.8));
#8398=CARTESIAN_POINT('',(-3.5,4.4,-4.85));
#8399=CARTESIAN_POINT('',(-3.5,4.03385,-4.85));
#8400=CARTESIAN_POINT('',(-3.5,4.03385,4.8));
#8401=CARTESIAN_POINT('',(-3.5,4.03385,-9.8));
#8402=CARTESIAN_POINT('',(-3.5,0.,-9.8));
#8403=CARTESIAN_POINT('',(-3.5,4.03385,4.8));
#8404=CARTESIAN_POINT('',(-3.5,4.03385,-4.85));
#8405=CARTESIAN_POINT('',(-3.26950361308703,3.90077431431665,-4.85));
#8406=CARTESIAN_POINT('',(-3.26950361308703,3.90077431431665,4.8));
#8407=CARTESIAN_POINT('',(-3.26950361308703,3.90077431431665,-9.8));
#8408=CARTESIAN_POINT('',(0.87171312297448,1.50986804417708,-9.8));
#8409=CARTESIAN_POINT('',(-3.707,3.14299999999999,4.8));
#8410=CARTESIAN_POINT('',(-3.707,3.14299999999999,-4.85));
#8411=CARTESIAN_POINT('',(-2.93241882284683,3.55,-4.85));
#8412=CARTESIAN_POINT('',(-2.93241882284683,3.55,4.8));
#8413=CARTESIAN_POINT('',(-2.93241882284683,3.55,-9.8));
#8414=CARTESIAN_POINT('',(-3.707,3.14299999999999,-9.8));
#8415=CARTESIAN_POINT('',(-2.93241882284683,3.55,4.8));
#8416=CARTESIAN_POINT('',(-2.93241882284683,3.55,-4.85));
#8417=CARTESIAN_POINT('',(-2.2,3.55,-4.85));
#8418=CARTESIAN_POINT('',(-2.2,3.55,4.8));
#8419=CARTESIAN_POINT('',(-2.2,3.55,-9.8));
#8420=CARTESIAN_POINT('',(0.,3.55,-9.8));
#8421=CARTESIAN_POINT('',(-2.2,3.55,4.8));
#8422=CARTESIAN_POINT('',(-2.2,3.55,-4.85));
#8423=CARTESIAN_POINT('',(-2.2,2.84999999999998,-4.85));
#8424=CARTESIAN_POINT('',(-2.2,2.84999999999998,4.8));
#8425=CARTESIAN_POINT('',(-2.2,2.84999999999998,-9.8));
#8426=CARTESIAN_POINT('',(-2.2,0.,-9.8));
#8427=CARTESIAN_POINT('',(-2.2,2.84999999999998,4.8));
#8428=CARTESIAN_POINT('',(-2.2,2.84999999999998,-4.85));
#8429=CARTESIAN_POINT('',(-2.93241882284682,2.85,-4.85));
#8430=CARTESIAN_POINT('',(-2.93241882284682,2.85,4.8));
#8431=CARTESIAN_POINT('',(-2.93241882284682,2.85,-9.8));
#8432=CARTESIAN_POINT('',(7.76271173700151E-14,2.84999999999992,-9.8));
#8433=CARTESIAN_POINT('',(-3.707,3.25700000000002,4.8));
#8434=CARTESIAN_POINT('',(-3.707,3.25700000000002,-4.85));
#8435=CARTESIAN_POINT('',(-3.26950361308704,2.49922568568334,-4.85));
#8436=CARTESIAN_POINT('',(-3.26950361308704,2.49922568568334,4.8));
#8437=CARTESIAN_POINT('',(-3.26950361308704,2.49922568568334,-9.8));
#8438=CARTESIAN_POINT('',(-3.707,3.25700000000002,-9.8));
#8439=CARTESIAN_POINT('',(-3.26950361308704,2.49922568568334,4.8));
#8440=CARTESIAN_POINT('',(-3.26950361308704,2.49922568568334,-4.85));
#8441=CARTESIAN_POINT('',(-1.89955291130797,3.29015838286464,-9.8));
#8442=CARTESIAN_POINT('',(3.5,2.36615000000001,4.8));
#8443=CARTESIAN_POINT('',(3.5,2.36615000000001,-4.85));
#8444=CARTESIAN_POINT('',(3.26950361308707,2.49922568568331,-4.85));
#8445=CARTESIAN_POINT('',(3.26950361308707,2.49922568568331,4.8));
#8446=CARTESIAN_POINT('',(3.26950361308707,2.49922568568331,-9.8));
#8447=CARTESIAN_POINT('',(1.89955291130774,3.29015838286467,-9.8));
#8448=CARTESIAN_POINT('',(3.707,3.257,4.8));
#8449=CARTESIAN_POINT('',(3.707,3.257,-4.85));
#8450=CARTESIAN_POINT('',(2.93241882284683,2.84999999999999,-4.85));
#8451=CARTESIAN_POINT('',(2.93241882284683,2.84999999999999,4.8));
#8452=CARTESIAN_POINT('',(2.93241882284683,2.84999999999999,-9.8));
#8453=CARTESIAN_POINT('',(3.707,3.257,-9.8));
#8454=CARTESIAN_POINT('',(2.93241882284683,2.84999999999999,4.8));
#8455=CARTESIAN_POINT('',(2.93241882284683,2.84999999999999,-4.85));
#8456=CARTESIAN_POINT('',(2.2,2.84999999999998,-4.85));
#8457=CARTESIAN_POINT('',(2.2,2.84999999999998,4.8));
#8458=CARTESIAN_POINT('',(2.2,2.84999999999998,-9.8));
#8459=CARTESIAN_POINT('',(-3.20633745658757E-14,2.84999999999996,-9.8));
#8460=CARTESIAN_POINT('',(2.2,2.84999999999998,4.8));
#8461=CARTESIAN_POINT('',(2.2,2.84999999999998,-4.85));
#8462=CARTESIAN_POINT('',(2.2,3.54999999999999,-4.85));
#8463=CARTESIAN_POINT('',(2.2,3.54999999999999,4.8));
#8464=CARTESIAN_POINT('',(2.2,3.54999999999999,-9.8));
#8465=CARTESIAN_POINT('',(2.2,0.,-9.8));
#8466=CARTESIAN_POINT('',(2.2,3.54999999999999,4.8));
#8467=CARTESIAN_POINT('',(2.2,3.54999999999999,-4.85));
#8468=CARTESIAN_POINT('',(2.93241882284683,3.54999999999999,-4.85));
#8469=CARTESIAN_POINT('',(2.93241882284683,3.54999999999999,4.8));
#8470=CARTESIAN_POINT('',(2.93241882284683,3.54999999999999,-9.8));
#8471=CARTESIAN_POINT('',(0.,3.54999999999999,-9.8));
#8472=CARTESIAN_POINT('',(3.70699999999998,3.14299999999992,4.8));
#8473=CARTESIAN_POINT('',(3.70699999999998,3.14299999999992,-4.85));
#8474=CARTESIAN_POINT('',(3.26950361308695,3.90077431431657,-4.85));
#8475=CARTESIAN_POINT('',(3.26950361308695,3.90077431431657,4.8));
#8476=CARTESIAN_POINT('',(3.26950361308695,3.90077431431657,-9.8));
#8477=CARTESIAN_POINT('',(3.70699999999998,3.14299999999992,-9.8));
#8478=CARTESIAN_POINT('',(3.26950361308695,3.90077431431657,4.8));
#8479=CARTESIAN_POINT('',(3.26950361308695,3.90077431431657,-4.85));
#8480=CARTESIAN_POINT('',(3.5,4.03385,-4.85));
#8481=CARTESIAN_POINT('',(3.5,4.03385,4.8));
#8482=CARTESIAN_POINT('',(3.5,4.03385,-9.8));
#8483=CARTESIAN_POINT('',(-0.871713122974347,1.5098680441764,-9.8));
#8484=CARTESIAN_POINT('',(3.5,4.03385,4.8));
#8485=CARTESIAN_POINT('',(3.5,4.03385,-4.85));
#8486=CARTESIAN_POINT('',(3.5,4.40000000000001,-4.85));
#8487=CARTESIAN_POINT('',(3.5,4.40000000000001,4.8));
#8488=CARTESIAN_POINT('',(3.5,4.40000000000001,-9.8));
#8489=CARTESIAN_POINT('',(3.5,0.,-9.8));
#8490=CARTESIAN_POINT('',(3.5,4.40000000000001,4.8));
#8491=CARTESIAN_POINT('',(3.5,4.40000000000001,-4.85));
#8492=CARTESIAN_POINT('',(3.20000000000001,4.7,-4.85));
#8493=CARTESIAN_POINT('',(3.20000000000001,4.7,4.8));
#8494=CARTESIAN_POINT('',(3.20000000000001,4.7,-9.8));
#8495=CARTESIAN_POINT('',(3.94999999999997,3.95000000000004,-9.8));
#8496=CARTESIAN_POINT('',(3.20000000000001,4.7,4.8));
#8497=CARTESIAN_POINT('',(3.20000000000001,4.7,-4.85));
#8498=CARTESIAN_POINT('',(0.,4.7,-9.8));
#8499=CARTESIAN_POINT('',(-8.3,7.5,-9.8));
#8500=CARTESIAN_POINT('',(-8.3,1.90000000000001,-9.8));
#8501=CARTESIAN_POINT('',(-8.3,1.90000000000001,-8.3));
#8502=CARTESIAN_POINT('',(-8.3,1.90000000000001,-4.85));
#8503=CARTESIAN_POINT('',(-8.3,7.5,-4.85));
#8504=CARTESIAN_POINT('',(-8.3,2.34999999999999,-4.85));
#8505=CARTESIAN_POINT('',(-8.3,2.34999999999999,-4.85));
#8506=CARTESIAN_POINT('',(-8.3,2.34999999999999,-4.8));
#8507=CARTESIAN_POINT('',(-8.3,7.5,-4.8));
#8508=CARTESIAN_POINT('',(-8.3,7.5,-4.8));
#8509=CARTESIAN_POINT('',(-8.3,7.5,-9.8));
#8510=CARTESIAN_POINT('',(-8.3,7.5,-8.3));
#8511=CARTESIAN_POINT('',(-8.3,7.5,-8.3));
#8512=CARTESIAN_POINT('',(-8.3,1.90000000000001,-9.8));
#8513=CARTESIAN_POINT('',(-8.3,1.90000000000001,-4.85));
#8514=CARTESIAN_POINT('',(-8.3,1.90000000000001,-8.3));
#8515=CARTESIAN_POINT('',(8.00000000000003,1.60000000000001,-9.8));
#8516=CARTESIAN_POINT('',(8.3,1.9,-9.8));
#8517=CARTESIAN_POINT('',(8.3,1.9,-8.3));
#8518=CARTESIAN_POINT('',(8.3,1.9,-4.85));
#8519=CARTESIAN_POINT('',(8.00000000000003,1.60000000000001,-4.85));
#8520=CARTESIAN_POINT('',(8.00000000000003,1.60000000000001,-8.3));
#8521=CARTESIAN_POINT('',(8.3,1.9,-9.8));
#8522=CARTESIAN_POINT('',(8.3,7.5,-9.8));
#8523=CARTESIAN_POINT('',(8.3,7.5,-8.3));
#8524=CARTESIAN_POINT('',(8.3,7.5,-4.8));
#8525=CARTESIAN_POINT('',(8.3,1.9,-4.8));
#8526=CARTESIAN_POINT('',(8.3,2.34999999999999,-4.8));
#8527=CARTESIAN_POINT('',(8.3,2.34999999999999,-4.85));
#8528=CARTESIAN_POINT('',(8.3,2.34999999999999,-4.85));
#8529=CARTESIAN_POINT('',(8.3,1.9,-4.85));
#8530=CARTESIAN_POINT('',(8.3,1.9,-8.3));
#8531=CARTESIAN_POINT('',(-4.65779930794904,1.6,4.8));
#8532=CARTESIAN_POINT('',(-4.65779930794904,1.6,4.8));
#8533=CARTESIAN_POINT('',(-4.65779930794904,1.6,4.8));
#8534=CARTESIAN_POINT('',(-4.65779930794904,1.6,-4.8));
#8535=CARTESIAN_POINT('',(-4.65779930794904,1.6,-4.8));
#8536=CARTESIAN_POINT('',(-3.49999999999999,1.6,-4.8));
#8537=CARTESIAN_POINT('',(-3.49999999999999,1.6,4.8));
#8538=CARTESIAN_POINT('',(-3.49999999999999,1.6,4.8));
#8539=CARTESIAN_POINT('',(-4.65779930794904,1.6,4.8));
#8540=CARTESIAN_POINT('',(-4.65779930794904,1.6,4.8));
#8541=CARTESIAN_POINT('',(3.49999999999999,1.6,4.8));
#8542=CARTESIAN_POINT('',(3.49999999999999,1.6,-4.8));
#8543=CARTESIAN_POINT('',(3.49999999999999,1.6,4.8));
#8544=CARTESIAN_POINT('',(-4.65779930794904,1.6,-4.8));
#8545=CARTESIAN_POINT('',(4.65779930794903,1.6,-4.8));
#8546=CARTESIAN_POINT('',(4.65779930794905,1.6,4.8));
#8547=CARTESIAN_POINT('',(4.65779930794905,1.6,4.8));
#8548=CARTESIAN_POINT('',(-4.65779930794904,1.6,4.8));
#8549=CARTESIAN_POINT('',(-4.65779930794904,1.6,4.8));
#8550=CARTESIAN_POINT('',(-8.,1.60000000000001,9.8));
#8551=CARTESIAN_POINT('',(-8.,1.60000000000001,8.3));
#8552=CARTESIAN_POINT('',(-8.,1.6,4.85));
#8553=CARTESIAN_POINT('',(-4.65779930794904,1.6,4.85));
#8554=CARTESIAN_POINT('',(-3.49999999999999,1.6,4.85));
#8555=CARTESIAN_POINT('',(-3.49999999999999,1.6,4.8));
#8556=CARTESIAN_POINT('',(-3.49999999999999,1.60000000000001,9.8));
#8557=CARTESIAN_POINT('',(-8.,1.60000000000001,9.8));
#8558=CARTESIAN_POINT('',(-4.73000000000002,1.6,9.8));
#8559=CARTESIAN_POINT('',(-4.73000000000002,1.6,9.3));
#8560=CARTESIAN_POINT('',(-4.73000000000002,1.6,9.3));
#8561=CARTESIAN_POINT('',(-17.,1.6,9.3));
#8562=CARTESIAN_POINT('',(-7.94999999999999,1.6,9.3));
#8563=CARTESIAN_POINT('',(-7.95,1.60000000000001,8.3));
#8564=CARTESIAN_POINT('',(-7.95,1.60000000000001,8.3));
#8565=CARTESIAN_POINT('',(-4.65779930794904,1.6,8.3));
#8566=CARTESIAN_POINT('',(-3.5,2.36615,4.8));
#8567=CARTESIAN_POINT('',(-3.5,2.36615,-4.8));
#8568=CARTESIAN_POINT('',(-3.5,2.36615,-4.8));
#8569=CARTESIAN_POINT('',(-3.5,2.36615,4.8));
#8570=CARTESIAN_POINT('',(-3.5,2.36615,4.8));
#8571=CARTESIAN_POINT('',(-3.5,2.36615,4.8));
#8572=CARTESIAN_POINT('',(3.49999999999999,0.299999999999994,4.8));
#8573=CARTESIAN_POINT('',(3.49999999999999,0.299999999999994,-4.8));
#8574=CARTESIAN_POINT('',(3.5,2.36615000000001,-4.8));
#8575=CARTESIAN_POINT('',(3.49999999999999,0.299999999999994,4.8));
#8576=CARTESIAN_POINT('',(3.5,2.36615000000001,4.8));
#8577=CARTESIAN_POINT('',(3.5,2.36615000000001,4.8));
#8578=CARTESIAN_POINT('',(-3.2,4.7,4.8));
#8579=CARTESIAN_POINT('',(-3.2,4.7,-4.8));
#8580=CARTESIAN_POINT('',(-3.2,4.7,-4.8));
#8581=CARTESIAN_POINT('',(-3.5,4.4,-4.8));
#8582=CARTESIAN_POINT('',(-3.2,4.7,4.8));
#8583=CARTESIAN_POINT('',(-3.2,4.7,4.8));
#8584=CARTESIAN_POINT('',(-3.2,4.7,4.8));
#8585=CARTESIAN_POINT('',(-3.5,4.4,4.8));
#8586=CARTESIAN_POINT('',(-3.5,4.4,4.8));
#8587=CARTESIAN_POINT('',(-3.5,4.4,4.8));
#8588=CARTESIAN_POINT('',(-3.5,4.4,-4.8));
#8589=CARTESIAN_POINT('',(-3.5,4.03385,-4.8));
#8590=CARTESIAN_POINT('',(-3.5,4.4,4.8));
#8591=CARTESIAN_POINT('',(-3.5,4.03385,4.8));
#8592=CARTESIAN_POINT('',(-3.5,4.03385,4.8));
#8593=CARTESIAN_POINT('',(-3.5,4.03385,4.8));
#8594=CARTESIAN_POINT('',(-3.5,4.03385,-4.8));
#8595=CARTESIAN_POINT('',(-3.26950361308703,3.90077431431665,-4.8));
#8596=CARTESIAN_POINT('',(-3.5,4.03385,4.8));
#8597=CARTESIAN_POINT('',(-3.26950361308703,3.90077431431665,4.8));
#8598=CARTESIAN_POINT('',(-3.26950361308703,3.90077431431665,4.8));
#8599=CARTESIAN_POINT('',(-3.707,3.14299999999999,4.8));
#8600=CARTESIAN_POINT('',(-2.93241882284683,3.55,4.8));
#8601=CARTESIAN_POINT('',(-2.93241882284683,3.55,4.8));
#8602=CARTESIAN_POINT('',(-2.93241882284683,3.55,-4.8));
#8603=CARTESIAN_POINT('',(-3.707,3.14299999999999,-4.8));
#8604=CARTESIAN_POINT('',(-3.707,3.14299999999999,4.8));
#8605=CARTESIAN_POINT('',(-2.93241882284683,3.55,4.8));
#8606=CARTESIAN_POINT('',(-2.93241882284683,3.55,-4.8));
#8607=CARTESIAN_POINT('',(-2.2,3.55,-4.8));
#8608=CARTESIAN_POINT('',(-2.93241882284683,3.55,4.8));
#8609=CARTESIAN_POINT('',(-2.2,3.55,4.8));
#8610=CARTESIAN_POINT('',(-2.2,3.55,4.8));
#8611=CARTESIAN_POINT('',(-2.2,3.55,4.8));
#8612=CARTESIAN_POINT('',(-2.2,3.55,-4.8));
#8613=CARTESIAN_POINT('',(-2.2,2.84999999999998,-4.8));
#8614=CARTESIAN_POINT('',(-2.2,3.55,4.8));
#8615=CARTESIAN_POINT('',(-2.2,2.84999999999998,4.8));
#8616=CARTESIAN_POINT('',(-2.2,2.84999999999998,4.8));
#8617=CARTESIAN_POINT('',(-2.2,2.84999999999998,4.8));
#8618=CARTESIAN_POINT('',(-2.2,2.84999999999998,-4.8));
#8619=CARTESIAN_POINT('',(-2.93241882284682,2.85,-4.8));
#8620=CARTESIAN_POINT('',(-2.2,2.84999999999998,4.8));
#8621=CARTESIAN_POINT('',(-2.93241882284682,2.85,4.8));
#8622=CARTESIAN_POINT('',(-2.93241882284682,2.85,4.8));
#8623=CARTESIAN_POINT('',(-3.707,3.25700000000002,4.8));
#8624=CARTESIAN_POINT('',(-3.26950361308704,2.49922568568334,4.8));
#8625=CARTESIAN_POINT('',(-3.26950361308704,2.49922568568334,4.8));
#8626=CARTESIAN_POINT('',(-3.26950361308704,2.49922568568334,-4.8));
#8627=CARTESIAN_POINT('',(-3.707,3.25700000000002,-4.8));
#8628=CARTESIAN_POINT('',(-3.707,3.25700000000002,4.8));
#8629=CARTESIAN_POINT('',(-3.26950361308704,2.49922568568334,4.8));
#8630=CARTESIAN_POINT('',(-3.26950361308704,2.49922568568334,-4.8));
#8631=CARTESIAN_POINT('',(-3.26950361308704,2.49922568568334,4.8));
#8632=CARTESIAN_POINT('',(3.5,2.36615000000001,4.8));
#8633=CARTESIAN_POINT('',(3.5,2.36615000000001,-4.8));
#8634=CARTESIAN_POINT('',(3.26950361308707,2.49922568568331,-4.8));
#8635=CARTESIAN_POINT('',(3.5,2.36615000000001,4.8));
#8636=CARTESIAN_POINT('',(3.26950361308707,2.49922568568331,4.8));
#8637=CARTESIAN_POINT('',(3.26950361308707,2.49922568568331,4.8));
#8638=CARTESIAN_POINT('',(3.707,3.257,4.8));
#8639=CARTESIAN_POINT('',(2.93241882284683,2.84999999999999,4.8));
#8640=CARTESIAN_POINT('',(2.93241882284683,2.84999999999999,4.8));
#8641=CARTESIAN_POINT('',(2.93241882284683,2.84999999999999,-4.8));
#8642=CARTESIAN_POINT('',(3.707,3.257,-4.8));
#8643=CARTESIAN_POINT('',(3.707,3.257,4.8));
#8644=CARTESIAN_POINT('',(2.93241882284683,2.84999999999999,4.8));
#8645=CARTESIAN_POINT('',(2.93241882284683,2.84999999999999,-4.8));
#8646=CARTESIAN_POINT('',(2.2,2.84999999999998,-4.8));
#8647=CARTESIAN_POINT('',(2.93241882284683,2.84999999999999,4.8));
#8648=CARTESIAN_POINT('',(2.2,2.84999999999998,4.8));
#8649=CARTESIAN_POINT('',(2.2,2.84999999999998,4.8));
#8650=CARTESIAN_POINT('',(2.2,2.84999999999998,4.8));
#8651=CARTESIAN_POINT('',(2.2,2.84999999999998,-4.8));
#8652=CARTESIAN_POINT('',(2.2,3.54999999999999,-4.8));
#8653=CARTESIAN_POINT('',(2.2,2.84999999999998,4.8));
#8654=CARTESIAN_POINT('',(2.2,3.54999999999999,4.8));
#8655=CARTESIAN_POINT('',(2.2,3.54999999999999,4.8));
#8656=CARTESIAN_POINT('',(2.2,3.54999999999999,4.8));
#8657=CARTESIAN_POINT('',(2.2,3.54999999999999,-4.8));
#8658=CARTESIAN_POINT('',(2.93241882284683,3.54999999999999,-4.8));
#8659=CARTESIAN_POINT('',(2.2,3.54999999999999,4.8));
#8660=CARTESIAN_POINT('',(2.93241882284683,3.54999999999999,4.8));
#8661=CARTESIAN_POINT('',(2.93241882284683,3.54999999999999,4.8));
#8662=CARTESIAN_POINT('',(3.70699999999998,3.14299999999992,4.8));
#8663=CARTESIAN_POINT('',(3.26950361308695,3.90077431431657,4.8));
#8664=CARTESIAN_POINT('',(3.26950361308695,3.90077431431657,4.8));
#8665=CARTESIAN_POINT('',(3.26950361308695,3.90077431431657,-4.8));
#8666=CARTESIAN_POINT('',(3.70699999999998,3.14299999999992,-4.8));
#8667=CARTESIAN_POINT('',(3.70699999999998,3.14299999999992,4.8));
#8668=CARTESIAN_POINT('',(3.26950361308695,3.90077431431657,4.8));
#8669=CARTESIAN_POINT('',(3.26950361308695,3.90077431431657,-4.8));
#8670=CARTESIAN_POINT('',(3.5,4.03385,-4.8));
#8671=CARTESIAN_POINT('',(3.26950361308695,3.90077431431657,4.8));
#8672=CARTESIAN_POINT('',(3.5,4.03385,4.8));
#8673=CARTESIAN_POINT('',(3.5,4.03385,4.8));
#8674=CARTESIAN_POINT('',(3.5,4.03385,4.8));
#8675=CARTESIAN_POINT('',(3.5,4.03385,-4.8));
#8676=CARTESIAN_POINT('',(3.5,4.40000000000001,-4.8));
#8677=CARTESIAN_POINT('',(3.5,4.03385,4.8));
#8678=CARTESIAN_POINT('',(3.5,4.40000000000001,4.8));
#8679=CARTESIAN_POINT('',(3.5,4.40000000000001,4.8));
#8680=CARTESIAN_POINT('',(3.5,4.40000000000001,4.8));
#8681=CARTESIAN_POINT('',(3.5,4.40000000000001,-4.8));
#8682=CARTESIAN_POINT('',(3.20000000000001,4.7,-4.8));
#8683=CARTESIAN_POINT('',(3.5,4.40000000000001,4.8));
#8684=CARTESIAN_POINT('',(3.20000000000001,4.7,4.8));
#8685=CARTESIAN_POINT('',(3.20000000000001,4.7,4.8));
#8686=CARTESIAN_POINT('',(3.20000000000001,4.7,4.8));
#8687=CARTESIAN_POINT('',(3.20000000000001,4.7,-4.8));
#8688=CARTESIAN_POINT('',(3.20000000000001,4.7,4.8));
#8689=CARTESIAN_POINT('',(-4.65779930794904,1.6,4.8));
#8690=CARTESIAN_POINT('',(3.49999999999999,1.6,4.8));
#8691=CARTESIAN_POINT('',(3.49999999999999,1.6,4.85));
#8692=CARTESIAN_POINT('',(3.49999999999999,1.60000000000001,9.8));
#8693=CARTESIAN_POINT('',(-4.65779930794904,1.6,4.85));
#8694=CARTESIAN_POINT('',(8.00000000000003,1.6,4.85));
#8695=CARTESIAN_POINT('',(8.00000000000003,1.60000000000001,9.8));
#8696=CARTESIAN_POINT('',(8.00000000000003,1.60000000000001,8.3));
#8697=CARTESIAN_POINT('',(-4.65779930794904,1.6,8.3));
#8698=CARTESIAN_POINT('',(7.95000000000003,1.60000000000001,8.3));
#8699=CARTESIAN_POINT('',(7.95000000000003,1.60000000000001,8.3));
#8700=CARTESIAN_POINT('',(7.95000000000002,1.6,9.3));
#8701=CARTESIAN_POINT('',(4.73000000000002,1.6,9.3));
#8702=CARTESIAN_POINT('',(4.73000000000002,1.6,9.3));
#8703=CARTESIAN_POINT('',(4.73000000000002,1.6,9.3));
#8704=CARTESIAN_POINT('',(4.73000000000002,1.6,9.8));
#8705=CARTESIAN_POINT('',(-8.,1.60000000000001,9.8));
#8706=CARTESIAN_POINT('',(0.,0.,9.8));
#8707=CARTESIAN_POINT('',(-3.49999999999998,-2.42432255009704E-14,9.8));
#8708=CARTESIAN_POINT('',(-3.5,2.36615,9.8));
#8709=CARTESIAN_POINT('',(-1.89955291130797,3.29015838286464,9.8));
#8710=CARTESIAN_POINT('',(-3.26950361308704,2.49922568568334,9.8));
#8711=CARTESIAN_POINT('',(-3.707,3.25700000000002,9.8));
#8712=CARTESIAN_POINT('',(-2.93241882284682,2.85,9.8));
#8713=CARTESIAN_POINT('',(7.76271173700151E-14,2.84999999999992,9.8));
#8714=CARTESIAN_POINT('',(-2.2,2.84999999999998,9.8));
#8715=CARTESIAN_POINT('',(-2.2,0.,9.8));
#8716=CARTESIAN_POINT('',(-2.2,3.55,9.8));
#8717=CARTESIAN_POINT('',(0.,3.55,9.8));
#8718=CARTESIAN_POINT('',(-2.93241882284683,3.55,9.8));
#8719=CARTESIAN_POINT('',(-3.707,3.14299999999999,9.8));
#8720=CARTESIAN_POINT('',(-3.26950361308703,3.90077431431665,9.8));
#8721=CARTESIAN_POINT('',(0.87171312297448,1.50986804417708,9.8));
#8722=CARTESIAN_POINT('',(-3.5,4.03385,9.8));
#8723=CARTESIAN_POINT('',(-3.5,0.,9.8));
#8724=CARTESIAN_POINT('',(-3.5,4.4,9.8));
#8725=CARTESIAN_POINT('',(-3.95,3.95,9.8));
#8726=CARTESIAN_POINT('',(-3.2,4.7,9.8));
#8727=CARTESIAN_POINT('',(0.,4.7,9.8));
#8728=CARTESIAN_POINT('',(3.20000000000001,4.7,9.8));
#8729=CARTESIAN_POINT('',(3.94999999999997,3.95000000000004,9.8));
#8730=CARTESIAN_POINT('',(3.5,4.40000000000001,9.8));
#8731=CARTESIAN_POINT('',(3.5,0.,9.8));
#8732=CARTESIAN_POINT('',(3.5,4.03385,9.8));
#8733=CARTESIAN_POINT('',(-0.871713122974347,1.5098680441764,9.8));
#8734=CARTESIAN_POINT('',(3.26950361308695,3.90077431431657,9.8));
#8735=CARTESIAN_POINT('',(3.70699999999998,3.14299999999992,9.8));
#8736=CARTESIAN_POINT('',(2.93241882284683,3.54999999999999,9.8));
#8737=CARTESIAN_POINT('',(0.,3.54999999999999,9.8));
#8738=CARTESIAN_POINT('',(2.2,3.54999999999999,9.8));
#8739=CARTESIAN_POINT('',(2.2,0.,9.8));
#8740=CARTESIAN_POINT('',(2.2,2.84999999999998,9.8));
#8741=CARTESIAN_POINT('',(-3.20633745658757E-14,2.84999999999996,9.8));
#8742=CARTESIAN_POINT('',(2.93241882284683,2.84999999999999,9.8));
#8743=CARTESIAN_POINT('',(3.707,3.257,9.8));
#8744=CARTESIAN_POINT('',(3.26950361308707,2.49922568568331,9.8));
#8745=CARTESIAN_POINT('',(1.89955291130774,3.29015838286467,9.8));
#8746=CARTESIAN_POINT('',(3.5,2.36615000000001,9.8));
#8747=CARTESIAN_POINT('',(3.49999999999998,-2.42432255009703E-14,9.8));
#8748=CARTESIAN_POINT('',(4.73,2.32575000000006,9.8));
#8749=CARTESIAN_POINT('',(4.73,2.32575000000006,9.8));
#8750=CARTESIAN_POINT('',(3.42999999999999,2.32575000000003,9.8));
#8751=CARTESIAN_POINT('',(4.455,3.12535927958601,9.8));
#8752=CARTESIAN_POINT('',(4.455,3.27464072041403,9.8));
#8753=CARTESIAN_POINT('',(4.455,3.27464072041403,9.8));
#8754=CARTESIAN_POINT('',(3.43,4.07425000000001,9.8));
#8755=CARTESIAN_POINT('',(4.73,4.07425000000001,9.8));
#8756=CARTESIAN_POINT('',(4.73,4.33,9.8));
#8757=CARTESIAN_POINT('',(4.73,4.33,9.8));
#8758=CARTESIAN_POINT('',(3.13,4.33,9.8));
#8759=CARTESIAN_POINT('',(3.13,5.93,9.8));
#8760=CARTESIAN_POINT('',(-3.13,5.93,9.8));
#8761=CARTESIAN_POINT('',(-3.13,5.93,9.8));
#8762=CARTESIAN_POINT('',(-3.13,4.33,9.8));
#8763=CARTESIAN_POINT('',(-4.73,4.33,9.8));
#8764=CARTESIAN_POINT('',(-4.73,4.07425,9.8));
#8765=CARTESIAN_POINT('',(-4.73,4.07425,9.8));
#8766=CARTESIAN_POINT('',(-3.43,4.07425,9.8));
#8767=CARTESIAN_POINT('',(-4.455,3.27464072041402,9.8));
#8768=CARTESIAN_POINT('',(-4.455,3.12535927958599,9.8));
#8769=CARTESIAN_POINT('',(-4.455,3.12535927958599,9.8));
#8770=CARTESIAN_POINT('',(-3.42999999999999,2.32575000000001,9.8));
#8771=CARTESIAN_POINT('',(-4.73,2.32575000000003,9.8));
#8772=CARTESIAN_POINT('',(-4.73000000000002,1.6,9.8));
#8773=CARTESIAN_POINT('',(6.80000015628469,5.60000000000001,-8.3));
#8774=CARTESIAN_POINT('',(6.8,7.05,-8.3));
#8775=CARTESIAN_POINT('',(6.8,7.05,-8.9));
#8776=CARTESIAN_POINT('',(6.8,7.05,-9.3));
#8777=CARTESIAN_POINT('',(6.80000015628469,5.60000000000001,-8.9));
#8778=CARTESIAN_POINT('',(6.79999999999998,4.15000000000002,-8.9));
#8779=CARTESIAN_POINT('',(6.79999999999999,4.15000000000002,-8.3));
#8780=CARTESIAN_POINT('',(6.79999999999999,4.15000000000002,-9.3));
#8781=CARTESIAN_POINT('',(6.80000015628469,5.60000000000001,-9.3));
#8782=CARTESIAN_POINT('',(-6.8,5.59999999999999,-8.3));
#8783=CARTESIAN_POINT('',(-6.80000000000001,4.14999999999999,-8.3));
#8784=CARTESIAN_POINT('',(-6.80000000000001,4.14999999999999,-8.9));
#8785=CARTESIAN_POINT('',(-6.80000000000001,4.14999999999999,-9.3));
#8786=CARTESIAN_POINT('',(-6.8,5.59999999999999,-8.9));
#8787=CARTESIAN_POINT('',(-6.79999999999999,7.04999999999999,-8.9));
#8788=CARTESIAN_POINT('',(-6.79999999999999,7.04999999999999,-8.3));
#8789=CARTESIAN_POINT('',(-6.79999999999999,7.04999999999999,-9.3));
#8790=CARTESIAN_POINT('',(-6.8,5.59999999999999,-9.3));
#8791=CARTESIAN_POINT('',(0.,0.,8.3));
#8792=CARTESIAN_POINT('',(6.8,7.05,8.3));
#8793=CARTESIAN_POINT('',(8.05,7.05,8.3));
#8794=CARTESIAN_POINT('',(8.25,7.05,8.3));
#8795=CARTESIAN_POINT('',(8.05,4.15000000000001,8.3));
#8796=CARTESIAN_POINT('',(8.05,4.15000000000001,8.3));
#8797=CARTESIAN_POINT('',(8.25,4.15000000000001,8.3));
#8798=CARTESIAN_POINT('',(8.25,4.15000000000001,8.3));
#8799=CARTESIAN_POINT('',(8.25,1.9,8.3));
#8800=CARTESIAN_POINT('',(8.25,1.9,8.3));
#8801=CARTESIAN_POINT('',(7.95000000000003,1.60000000000001,8.3));
#8802=CARTESIAN_POINT('',(8.00000000000003,1.60000000000001,8.3));
#8803=CARTESIAN_POINT('',(8.3,1.9,8.3));
#8804=CARTESIAN_POINT('',(8.3,1.9,8.3));
#8805=CARTESIAN_POINT('',(8.3,7.5,8.3));
#8806=CARTESIAN_POINT('',(8.3,7.5,8.3));
#8807=CARTESIAN_POINT('',(7.99999999999999,7.8,8.3));
#8808=CARTESIAN_POINT('',(7.99999999999999,7.8,8.3));
#8809=CARTESIAN_POINT('',(-7.99999999999999,7.8,8.3));
#8810=CARTESIAN_POINT('',(-8.,7.8,8.3));
#8811=CARTESIAN_POINT('',(-8.3,7.5,8.3));
#8812=CARTESIAN_POINT('',(-8.3,7.5,8.3));
#8813=CARTESIAN_POINT('',(-8.3,1.90000000000001,8.3));
#8814=CARTESIAN_POINT('',(-8.3,1.90000000000001,8.3));
#8815=CARTESIAN_POINT('',(-8.25,1.90000000000001,8.3));
#8816=CARTESIAN_POINT('',(-8.25,1.90000000000001,8.3));
#8817=CARTESIAN_POINT('',(-8.25,4.15000000000001,8.3));
#8818=CARTESIAN_POINT('',(-8.25,4.15000000000001,8.3));
#8819=CARTESIAN_POINT('',(-6.80000000000001,4.14999999999999,8.3));
#8820=CARTESIAN_POINT('',(-8.05,4.15000000000001,8.3));
#8821=CARTESIAN_POINT('',(-8.05,7.05,8.3));
#8822=CARTESIAN_POINT('',(-8.05,7.05,8.3));
#8823=CARTESIAN_POINT('',(-8.25,7.05,8.3));
#8824=CARTESIAN_POINT('',(-8.25,7.05,8.3));
#8825=CARTESIAN_POINT('',(-8.24999999999999,7.4,8.3));
#8826=CARTESIAN_POINT('',(-8.24999999999999,7.4,8.3));
#8827=CARTESIAN_POINT('',(-7.94999999999999,7.7,8.3));
#8828=CARTESIAN_POINT('',(-7.94999999999999,7.7,8.3));
#8829=CARTESIAN_POINT('',(7.94999999999999,7.7,8.3));
#8830=CARTESIAN_POINT('',(7.94999999999999,7.7,8.3));
#8831=CARTESIAN_POINT('',(8.24999999999999,7.40000000000001,8.3));
#8832=CARTESIAN_POINT('',(8.24999999999999,7.40000000000001,8.3));
#8833=CARTESIAN_POINT('',(8.25,7.05,8.3));
#8834=CARTESIAN_POINT('',(6.8,7.05,8.3));
#8835=CARTESIAN_POINT('',(8.05,7.05,8.9));
#8836=CARTESIAN_POINT('',(8.05,7.05,8.9));
#8837=CARTESIAN_POINT('',(6.8,7.05,8.9));
#8838=CARTESIAN_POINT('',(8.05,7.05,8.9));
#8839=CARTESIAN_POINT('',(8.25,7.05,8.3));
#8840=CARTESIAN_POINT('',(8.25,7.05,9.3));
#8841=CARTESIAN_POINT('',(6.8,7.05,9.3));
#8842=CARTESIAN_POINT('',(6.8,7.05,9.3));
#8843=CARTESIAN_POINT('',(6.8,7.05,8.3));
#8844=CARTESIAN_POINT('',(8.25,4.15000000000001,8.3));
#8845=CARTESIAN_POINT('',(8.05,4.15000000000001,8.9));
#8846=CARTESIAN_POINT('',(8.05,4.15000000000001,8.9));
#8847=CARTESIAN_POINT('',(6.79999999999998,4.15000000000002,8.9));
#8848=CARTESIAN_POINT('',(6.79999999999999,4.15000000000002,8.9));
#8849=CARTESIAN_POINT('',(6.79999999999999,4.15000000000002,8.3));
#8850=CARTESIAN_POINT('',(6.79999999999999,4.15000000000002,9.3));
#8851=CARTESIAN_POINT('',(8.25,4.15000000000001,9.3));
#8852=CARTESIAN_POINT('',(8.25,4.15000000000001,9.3));
#8853=CARTESIAN_POINT('',(8.25,4.15000000000001,8.3));
#8854=CARTESIAN_POINT('',(-6.80000000000001,4.14999999999999,8.3));
#8855=CARTESIAN_POINT('',(-8.05,4.15000000000001,8.9));
#8856=CARTESIAN_POINT('',(-8.05,4.15000000000001,8.9));
#8857=CARTESIAN_POINT('',(-6.80000000000001,4.14999999999999,8.9));
#8858=CARTESIAN_POINT('',(-8.05,4.15000000000001,8.9));
#8859=CARTESIAN_POINT('',(-8.25,4.15000000000001,8.3));
#8860=CARTESIAN_POINT('',(-8.25,4.15000000000001,9.3));
#8861=CARTESIAN_POINT('',(-6.80000000000001,4.14999999999999,9.3));
#8862=CARTESIAN_POINT('',(-6.80000000000001,4.14999999999999,9.3));
#8863=CARTESIAN_POINT('',(-6.80000000000001,4.14999999999999,8.3));
#8864=CARTESIAN_POINT('',(-8.25,7.05,8.3));
#8865=CARTESIAN_POINT('',(-8.05,7.05,8.9));
#8866=CARTESIAN_POINT('',(-8.05,7.05,8.9));
#8867=CARTESIAN_POINT('',(-6.79999999999999,7.04999999999999,8.9));
#8868=CARTESIAN_POINT('',(-6.79999999999999,7.04999999999999,8.9));
#8869=CARTESIAN_POINT('',(-6.79999999999999,7.04999999999999,8.3));
#8870=CARTESIAN_POINT('',(-6.79999999999999,7.04999999999999,9.3));
#8871=CARTESIAN_POINT('',(-8.25,7.05,9.3));
#8872=CARTESIAN_POINT('',(-8.25,7.05,9.3));
#8873=CARTESIAN_POINT('',(-8.25,7.05,8.3));
#8874=CARTESIAN_POINT('',(0.,0.,-9.8));
#8875=CARTESIAN_POINT('',(-4.73000000000002,1.6,-9.8));
#8876=CARTESIAN_POINT('',(-4.73,2.32575000000003,-9.8));
#8877=CARTESIAN_POINT('',(-3.42999999999999,2.32575000000001,-9.8));
#8878=CARTESIAN_POINT('',(-4.455,3.12535927958599,-9.8));
#8879=CARTESIAN_POINT('',(-4.455,3.12535927958599,-9.8));
#8880=CARTESIAN_POINT('',(-4.455,3.27464072041402,-9.8));
#8881=CARTESIAN_POINT('',(-3.43,4.07425,-9.8));
#8882=CARTESIAN_POINT('',(-4.73,4.07425,-9.8));
#8883=CARTESIAN_POINT('',(-4.73,4.07425,-9.8));
#8884=CARTESIAN_POINT('',(-4.73,4.33,-9.8));
#8885=CARTESIAN_POINT('',(-3.13,4.33,-9.8));
#8886=CARTESIAN_POINT('',(-3.13,5.93,-9.8));
#8887=CARTESIAN_POINT('',(-3.13,5.93,-9.8));
#8888=CARTESIAN_POINT('',(3.13,5.93,-9.8));
#8889=CARTESIAN_POINT('',(3.13,4.33,-9.8));
#8890=CARTESIAN_POINT('',(4.73,4.33,-9.8));
#8891=CARTESIAN_POINT('',(4.73,4.33,-9.8));
#8892=CARTESIAN_POINT('',(4.73,4.07425000000001,-9.8));
#8893=CARTESIAN_POINT('',(3.43,4.07425000000001,-9.8));
#8894=CARTESIAN_POINT('',(4.455,3.27464072041403,-9.8));
#8895=CARTESIAN_POINT('',(4.455,3.27464072041403,-9.8));
#8896=CARTESIAN_POINT('',(4.455,3.12535927958601,-9.8));
#8897=CARTESIAN_POINT('',(3.42999999999999,2.32575000000003,-9.8));
#8898=CARTESIAN_POINT('',(4.73,2.32575000000006,-9.8));
#8899=CARTESIAN_POINT('',(4.73,2.32575000000006,-9.8));
#8900=CARTESIAN_POINT('',(-8.24999999999999,7.4,8.3));
#8901=CARTESIAN_POINT('',(-8.24999999999999,7.4,9.3));
#8902=CARTESIAN_POINT('',(-8.24999999999999,7.4,9.3));
#8903=CARTESIAN_POINT('',(-8.24999999999999,7.4,8.3));
#8904=CARTESIAN_POINT('',(-7.94999999999999,7.7,8.3));
#8905=CARTESIAN_POINT('',(-7.94999999999999,7.7,9.3));
#8906=CARTESIAN_POINT('',(-7.94999999999999,7.7,9.3));
#8907=CARTESIAN_POINT('',(-7.94999999999999,7.7,8.3));
#8908=CARTESIAN_POINT('',(7.94999999999999,7.7,8.3));
#8909=CARTESIAN_POINT('',(7.94999999999999,7.7,9.3));
#8910=CARTESIAN_POINT('',(7.94999999999999,7.7,9.3));
#8911=CARTESIAN_POINT('',(7.94999999999999,7.7,8.3));
#8912=CARTESIAN_POINT('',(8.24999999999999,7.40000000000001,8.3));
#8913=CARTESIAN_POINT('',(8.24999999999999,7.40000000000001,9.3));
#8914=CARTESIAN_POINT('',(8.24999999999999,7.40000000000001,9.3));
#8915=CARTESIAN_POINT('',(8.24999999999999,7.40000000000001,8.3));
#8916=CARTESIAN_POINT('',(8.25,7.05,8.3));
#8917=CARTESIAN_POINT('',(8.25,7.05,9.3));
#8918=CARTESIAN_POINT('',(6.80000015628469,5.60000000000001,8.3));
#8919=CARTESIAN_POINT('',(6.80000015628469,5.60000000000001,8.9));
#8920=CARTESIAN_POINT('',(6.80000015628469,5.60000000000001,9.3));
#8921=CARTESIAN_POINT('',(8.25,1.9,8.3));
#8922=CARTESIAN_POINT('',(8.25,1.9,9.3));
#8923=CARTESIAN_POINT('',(8.25,1.9,9.3));
#8924=CARTESIAN_POINT('',(8.25,1.9,8.3));
#8925=CARTESIAN_POINT('',(7.95000000000003,1.60000000000001,8.3));
#8926=CARTESIAN_POINT('',(7.95000000000003,1.60000000000001,9.3));
#8927=CARTESIAN_POINT('',(-8.25,1.90000000000001,8.3));
#8928=CARTESIAN_POINT('',(-8.25,1.90000000000001,9.3));
#8929=CARTESIAN_POINT('',(-8.25,1.90000000000001,9.3));
#8930=CARTESIAN_POINT('',(-8.25,1.90000000000001,8.3));
#8931=CARTESIAN_POINT('',(-8.25,4.15000000000001,8.3));
#8932=CARTESIAN_POINT('',(-8.25,4.15000000000001,9.3));
#8933=CARTESIAN_POINT('',(-6.8,5.59999999999999,8.3));
#8934=CARTESIAN_POINT('',(-6.8,5.59999999999999,8.9));
#8935=CARTESIAN_POINT('',(-6.8,5.59999999999999,9.3));
#8936=CARTESIAN_POINT('',(-8.,7.8,9.8));
#8937=CARTESIAN_POINT('',(-7.99999999999999,7.8,9.8));
#8938=CARTESIAN_POINT('',(-7.99999999999999,7.8,4.8));
#8939=CARTESIAN_POINT('',(-8.,7.8,4.8));
#8940=CARTESIAN_POINT('',(-8.3,7.5,4.8));
#8941=CARTESIAN_POINT('',(-8.3,7.5,9.8));
#8942=CARTESIAN_POINT('',(-8.3,7.5,9.8));
#8943=CARTESIAN_POINT('',(-8.3,7.5,4.8));
#8944=CARTESIAN_POINT('',(-8.3,2.34999999999999,4.8));
#8945=CARTESIAN_POINT('',(-8.3,2.34999999999999,4.85));
#8946=CARTESIAN_POINT('',(-8.3,2.34999999999999,4.85));
#8947=CARTESIAN_POINT('',(-8.3,7.5,4.85));
#8948=CARTESIAN_POINT('',(-8.3,1.90000000000001,4.85));
#8949=CARTESIAN_POINT('',(-8.3,1.90000000000001,9.8));
#8950=CARTESIAN_POINT('',(-8.3,1.90000000000001,9.8));
#8951=CARTESIAN_POINT('',(-8.3,1.90000000000001,4.85));
#8952=CARTESIAN_POINT('',(8.00000000000003,1.60000000000001,9.8));
#8953=CARTESIAN_POINT('',(8.00000000000003,1.60000000000001,4.85));
#8954=CARTESIAN_POINT('',(8.3,1.9,4.85));
#8955=CARTESIAN_POINT('',(8.3,1.9,9.8));
#8956=CARTESIAN_POINT('',(8.3,1.9,9.8));
#8957=CARTESIAN_POINT('',(8.3,1.9,4.85));
#8958=CARTESIAN_POINT('',(8.3,2.34999999999999,4.85));
#8959=CARTESIAN_POINT('',(8.3,2.34999999999999,4.85));
#8960=CARTESIAN_POINT('',(8.3,2.34999999999999,4.8));
#8961=CARTESIAN_POINT('',(8.3,1.9,4.8));
#8962=CARTESIAN_POINT('',(8.3,7.5,4.8));
#8963=CARTESIAN_POINT('',(8.3,7.5,9.8));
#8964=CARTESIAN_POINT('',(8.3,7.5,9.8));
#8965=CARTESIAN_POINT('',(8.3,7.5,4.8));
#8966=CARTESIAN_POINT('',(7.99999999999999,7.8,4.8));
#8967=CARTESIAN_POINT('',(7.99999999999999,7.8,9.8));
#8968=CARTESIAN_POINT('',(7.99999999999999,7.8,9.8));
#8969=CARTESIAN_POINT('',(7.99999999999999,7.8,4.8));
#8970=CARTESIAN_POINT('',(-8.5,7.7,4.8));
#8971=CARTESIAN_POINT('',(-8.5,7.7,-4.8));
#8972=CARTESIAN_POINT('',(-8.5,7.7,-4.8));
#8973=CARTESIAN_POINT('',(-8.5,1.8,-4.8));
#8974=CARTESIAN_POINT('',(-8.5,1.8,4.8));
#8975=CARTESIAN_POINT('',(-8.5,1.8,4.8));
#8976=CARTESIAN_POINT('',(-8.5,7.7,4.8));
#8977=CARTESIAN_POINT('',(-8.5,7.7,4.8));
#8978=CARTESIAN_POINT('',(-8.5,7.7,4.8));
#8979=CARTESIAN_POINT('',(-8.5,1.8,4.8));
#8980=CARTESIAN_POINT('',(-8.5,1.8,-4.8));
#8981=CARTESIAN_POINT('',(-8.2,1.5,-4.8));
#8982=CARTESIAN_POINT('',(-8.2,1.5,4.8));
#8983=CARTESIAN_POINT('',(-8.2,1.5,4.8));
#8984=CARTESIAN_POINT('',(-8.5,1.8,4.8));
#8985=CARTESIAN_POINT('',(-8.2,1.5,4.8));
#8986=CARTESIAN_POINT('',(-8.2,1.5,-4.8));
#8987=CARTESIAN_POINT('',(-4.87225,1.5,-4.8));
#8988=CARTESIAN_POINT('',(-4.87225,1.5,4.8));
#8989=CARTESIAN_POINT('',(-4.87225,1.5,4.8));
#8990=CARTESIAN_POINT('',(-8.2,1.5,4.8));
#8991=CARTESIAN_POINT('',(-4.87225,1.5,4.8));
#8992=CARTESIAN_POINT('',(-4.87225,1.5,-4.8));
#8993=CARTESIAN_POINT('',(-4.87225,1.5,4.8));
#8994=CARTESIAN_POINT('',(4.65779930794905,1.6,4.8));
#8995=CARTESIAN_POINT('',(4.65779930794905,1.6,-4.8));
#8996=CARTESIAN_POINT('',(4.87225000000001,1.5,-4.8));
#8997=CARTESIAN_POINT('',(4.87225000000001,1.5,4.8));
#8998=CARTESIAN_POINT('',(4.87225000000001,1.5,4.8));
#8999=CARTESIAN_POINT('',(4.65779930794905,1.6,4.8));
#9000=CARTESIAN_POINT('',(4.87225000000001,1.5,4.8));
#9001=CARTESIAN_POINT('',(4.87225000000001,1.5,-4.8));
#9002=CARTESIAN_POINT('',(8.2,1.5,-4.8));
#9003=CARTESIAN_POINT('',(8.2,1.5,4.8));
#9004=CARTESIAN_POINT('',(8.2,1.5,4.8));
#9005=CARTESIAN_POINT('',(4.87225000000001,1.5,4.8));
#9006=CARTESIAN_POINT('',(8.2,1.5,4.8));
#9007=CARTESIAN_POINT('',(8.2,1.5,-4.8));
#9008=CARTESIAN_POINT('',(8.5,1.8,-4.8));
#9009=CARTESIAN_POINT('',(8.5,1.8,4.8));
#9010=CARTESIAN_POINT('',(8.5,1.8,4.8));
#9011=CARTESIAN_POINT('',(8.2,1.5,4.8));
#9012=CARTESIAN_POINT('',(8.5,1.8,4.8));
#9013=CARTESIAN_POINT('',(8.5,1.8,-4.8));
#9014=CARTESIAN_POINT('',(8.5,7.7,-4.8));
#9015=CARTESIAN_POINT('',(8.5,7.7,4.8));
#9016=CARTESIAN_POINT('',(8.5,7.7,4.8));
#9017=CARTESIAN_POINT('',(8.5,1.8,4.8));
#9018=CARTESIAN_POINT('',(8.5,7.7,4.8));
#9019=CARTESIAN_POINT('',(8.5,7.7,-4.8));
#9020=CARTESIAN_POINT('',(8.2,8.,-4.8));
#9021=CARTESIAN_POINT('',(8.2,8.,4.8));
#9022=CARTESIAN_POINT('',(8.2,8.,4.8));
#9023=CARTESIAN_POINT('',(8.5,7.7,4.8));
#9024=CARTESIAN_POINT('',(8.2,8.,4.8));
#9025=CARTESIAN_POINT('',(6.,8.,0.));
#9026=CARTESIAN_POINT('',(6.,8.,-1.));
#9027=CARTESIAN_POINT('',(-6.,8.,0.));
#9028=CARTESIAN_POINT('',(-6.,8.,-1.));
#9029=CARTESIAN_POINT('',(8.2,8.,-4.8));
#9030=CARTESIAN_POINT('',(-8.2,8.,-4.8));
#9031=CARTESIAN_POINT('',(-8.2,8.,4.8));
#9032=CARTESIAN_POINT('',(-8.2,8.,4.8));
#9033=CARTESIAN_POINT('',(8.2,8.,4.8));
#9034=CARTESIAN_POINT('',(-8.2,8.,4.8));
#9035=CARTESIAN_POINT('',(-8.2,8.,-4.8));
#9036=CARTESIAN_POINT('',(-8.2,8.,4.8));
#9037=CARTESIAN_POINT('',(0.,0.,4.8));
#9038=CARTESIAN_POINT('',(8.05,2.1,4.8));
#9039=CARTESIAN_POINT('',(8.05,2.1,4.8));
#9040=CARTESIAN_POINT('',(3.55,2.09999999999999,4.8));
#9041=CARTESIAN_POINT('',(3.55,2.09999999999999,4.8));
#9042=CARTESIAN_POINT('',(3.55,2.41614999999996,4.8));
#9043=CARTESIAN_POINT('',(3.55,2.41614999999996,4.8));
#9044=CARTESIAN_POINT('',(3.3467336279678,2.51481866017614,4.8));
#9045=CARTESIAN_POINT('',(3.3467336279678,2.51481866017614,4.8));
#9046=CARTESIAN_POINT('',(3.70699999999999,3.25700000000002,4.8));
#9047=CARTESIAN_POINT('',(2.96324197483321,2.90000000000001,4.8));
#9048=CARTESIAN_POINT('',(2.25,2.90000000000001,4.8));
#9049=CARTESIAN_POINT('',(2.25,2.90000000000001,4.8));
#9050=CARTESIAN_POINT('',(2.25,3.5,4.8));
#9051=CARTESIAN_POINT('',(2.25,3.5,4.8));
#9052=CARTESIAN_POINT('',(2.96324197483322,3.5,4.8));
#9053=CARTESIAN_POINT('',(2.96324197483322,3.5,4.8));
#9054=CARTESIAN_POINT('',(3.70699999999999,3.14299999999997,4.8));
#9055=CARTESIAN_POINT('',(3.34673362796784,3.88518133982386,4.8));
#9056=CARTESIAN_POINT('',(3.55,3.98385000000002,4.8));
#9057=CARTESIAN_POINT('',(3.55,3.98385000000002,4.8));
#9058=CARTESIAN_POINT('',(3.55,4.45000000000001,4.8));
#9059=CARTESIAN_POINT('',(3.55,4.45000000000001,4.8));
#9060=CARTESIAN_POINT('',(3.25,4.75,4.8));
#9061=CARTESIAN_POINT('',(3.25,4.75,4.8));
#9062=CARTESIAN_POINT('',(-3.25,4.75,4.8));
#9063=CARTESIAN_POINT('',(-3.25,4.75,4.8));
#9064=CARTESIAN_POINT('',(-3.55,4.45,4.8));
#9065=CARTESIAN_POINT('',(-3.55,4.45,4.8));
#9066=CARTESIAN_POINT('',(-3.55,3.98385000000002,4.8));
#9067=CARTESIAN_POINT('',(-3.55,3.98385000000002,4.8));
#9068=CARTESIAN_POINT('',(-3.34673362796788,3.88518133982389,4.8));
#9069=CARTESIAN_POINT('',(-3.34673362796788,3.8851813398239,4.8));
#9070=CARTESIAN_POINT('',(-3.70700000000001,3.14299999999998,4.8));
#9071=CARTESIAN_POINT('',(-2.96324197483322,3.5,4.8));
#9072=CARTESIAN_POINT('',(-2.25,3.5,4.8));
#9073=CARTESIAN_POINT('',(-2.25,3.5,4.8));
#9074=CARTESIAN_POINT('',(-2.25,2.90000000000001,4.8));
#9075=CARTESIAN_POINT('',(-2.25,2.90000000000001,4.8));
#9076=CARTESIAN_POINT('',(-2.96324197483321,2.9,4.8));
#9077=CARTESIAN_POINT('',(-2.96324197483321,2.9,4.8));
#9078=CARTESIAN_POINT('',(-3.70699999999999,3.25700000000003,4.8));
#9079=CARTESIAN_POINT('',(-3.34673362796785,2.51481866017612,4.8));
#9080=CARTESIAN_POINT('',(-3.55,2.41614999999998,4.8));
#9081=CARTESIAN_POINT('',(-3.55,2.41614999999998,4.8));
#9082=CARTESIAN_POINT('',(-3.55,2.09999999999999,4.8));
#9083=CARTESIAN_POINT('',(-3.55,2.09999999999999,4.8));
#9084=CARTESIAN_POINT('',(-8.05,2.09999999999999,4.8));
#9085=CARTESIAN_POINT('',(-8.05,2.09999999999999,4.8));
#9086=CARTESIAN_POINT('',(-8.3,2.34999999999999,4.8));
#9087=CARTESIAN_POINT('',(0.,0.,-4.8));
#9088=CARTESIAN_POINT('',(8.3,7.5,-4.8));
#9089=CARTESIAN_POINT('',(7.99999999999999,7.8,-4.8));
#9090=CARTESIAN_POINT('',(7.99999999999999,7.8,-4.8));
#9091=CARTESIAN_POINT('',(-7.99999999999999,7.8,-4.8));
#9092=CARTESIAN_POINT('',(-8.,7.8,-4.8));
#9093=CARTESIAN_POINT('',(-8.3,2.34999999999999,-4.8));
#9094=CARTESIAN_POINT('',(-8.05,2.09999999999999,-4.8));
#9095=CARTESIAN_POINT('',(-8.05,2.09999999999999,-4.8));
#9096=CARTESIAN_POINT('',(-3.55,2.09999999999999,-4.8));
#9097=CARTESIAN_POINT('',(-3.55,2.09999999999999,-4.8));
#9098=CARTESIAN_POINT('',(-3.55,2.41614999999998,-4.8));
#9099=CARTESIAN_POINT('',(-3.55,2.41614999999998,-4.8));
#9100=CARTESIAN_POINT('',(-3.34673362796785,2.51481866017612,-4.8));
#9101=CARTESIAN_POINT('',(-3.70699999999999,3.25700000000003,-4.8));
#9102=CARTESIAN_POINT('',(-2.96324197483321,2.9,-4.8));
#9103=CARTESIAN_POINT('',(-2.96324197483321,2.9,-4.8));
#9104=CARTESIAN_POINT('',(-2.25,2.90000000000001,-4.8));
#9105=CARTESIAN_POINT('',(-2.25,2.90000000000001,-4.8));
#9106=CARTESIAN_POINT('',(-2.25,3.5,-4.8));
#9107=CARTESIAN_POINT('',(-2.25,3.5,-4.8));
#9108=CARTESIAN_POINT('',(-2.96324197483322,3.5,-4.8));
#9109=CARTESIAN_POINT('',(-3.70700000000001,3.14299999999998,-4.8));
#9110=CARTESIAN_POINT('',(-3.34673362796788,3.8851813398239,-4.8));
#9111=CARTESIAN_POINT('',(-3.34673362796788,3.88518133982389,-4.8));
#9112=CARTESIAN_POINT('',(-3.55,3.98385000000002,-4.8));
#9113=CARTESIAN_POINT('',(-3.55,3.98385000000002,-4.8));
#9114=CARTESIAN_POINT('',(-3.55,4.45,-4.8));
#9115=CARTESIAN_POINT('',(-3.55,4.45,-4.8));
#9116=CARTESIAN_POINT('',(-3.25,4.75,-4.8));
#9117=CARTESIAN_POINT('',(-3.25,4.75,-4.8));
#9118=CARTESIAN_POINT('',(3.25,4.75,-4.8));
#9119=CARTESIAN_POINT('',(3.25,4.75,-4.8));
#9120=CARTESIAN_POINT('',(3.55,4.45000000000001,-4.8));
#9121=CARTESIAN_POINT('',(3.55,4.45000000000001,-4.8));
#9122=CARTESIAN_POINT('',(3.55,3.98385000000002,-4.8));
#9123=CARTESIAN_POINT('',(3.55,3.98385000000002,-4.8));
#9124=CARTESIAN_POINT('',(3.34673362796784,3.88518133982386,-4.8));
#9125=CARTESIAN_POINT('',(3.70699999999999,3.14299999999997,-4.8));
#9126=CARTESIAN_POINT('',(2.96324197483322,3.5,-4.8));
#9127=CARTESIAN_POINT('',(2.96324197483322,3.5,-4.8));
#9128=CARTESIAN_POINT('',(2.25,3.5,-4.8));
#9129=CARTESIAN_POINT('',(2.25,3.5,-4.8));
#9130=CARTESIAN_POINT('',(2.25,2.90000000000001,-4.8));
#9131=CARTESIAN_POINT('',(2.25,2.90000000000001,-4.8));
#9132=CARTESIAN_POINT('',(2.96324197483321,2.90000000000001,-4.8));
#9133=CARTESIAN_POINT('',(3.70699999999999,3.25700000000002,-4.8));
#9134=CARTESIAN_POINT('',(3.3467336279678,2.51481866017614,-4.8));
#9135=CARTESIAN_POINT('',(3.3467336279678,2.51481866017614,-4.8));
#9136=CARTESIAN_POINT('',(3.55,2.41614999999996,-4.8));
#9137=CARTESIAN_POINT('',(3.55,2.41614999999996,-4.8));
#9138=CARTESIAN_POINT('',(3.55,2.09999999999999,-4.8));
#9139=CARTESIAN_POINT('',(3.55,2.09999999999999,-4.8));
#9140=CARTESIAN_POINT('',(8.05,2.1,-4.8));
#9141=CARTESIAN_POINT('',(8.05,2.1,-4.8));
#9142=CARTESIAN_POINT('',(-8.,7.8,-9.8));
#9143=CARTESIAN_POINT('',(-8.,7.8,-8.3));
#9144=CARTESIAN_POINT('',(-7.99999999999999,7.8,-8.3));
#9145=CARTESIAN_POINT('',(-7.99999999999999,7.8,-9.8));
#9146=CARTESIAN_POINT('',(8.3,7.5,-9.8));
#9147=CARTESIAN_POINT('',(8.3,7.5,-8.3));
#9148=CARTESIAN_POINT('',(7.99999999999999,7.8,-8.3));
#9149=CARTESIAN_POINT('',(7.99999999999999,7.8,-9.8));
#9150=CARTESIAN_POINT('',(7.99999999999999,7.8,-9.8));
#9151=CARTESIAN_POINT('',(7.99999999999999,7.8,-8.3));
#9152=CARTESIAN_POINT('',(-4.73000000000002,1.6,9.3));
#9153=CARTESIAN_POINT('',(-4.73,2.32575000000003,9.3));
#9154=CARTESIAN_POINT('',(-4.73,2.32575000000003,9.3));
#9155=CARTESIAN_POINT('',(-4.73000000000002,1.6,9.3));
#9156=CARTESIAN_POINT('',(-3.42999999999999,2.32575000000001,9.3));
#9157=CARTESIAN_POINT('',(-4.455,3.12535927958599,9.3));
#9158=CARTESIAN_POINT('',(-4.455,3.12535927958599,9.3));
#9159=CARTESIAN_POINT('',(-3.42999999999999,2.32575000000001,9.3));
#9160=CARTESIAN_POINT('',(-4.455,3.12535927958599,9.3));
#9161=CARTESIAN_POINT('',(-4.455,3.27464072041402,9.3));
#9162=CARTESIAN_POINT('',(-4.455,3.27464072041402,9.3));
#9163=CARTESIAN_POINT('',(-4.455,3.12535927958599,9.3));
#9164=CARTESIAN_POINT('',(-3.43,4.07425,9.3));
#9165=CARTESIAN_POINT('',(-4.73,4.07425,9.3));
#9166=CARTESIAN_POINT('',(-4.73,4.07425,9.3));
#9167=CARTESIAN_POINT('',(-3.43,4.07425,9.3));
#9168=CARTESIAN_POINT('',(-4.73,4.07425,9.3));
#9169=CARTESIAN_POINT('',(-4.73,4.33,9.3));
#9170=CARTESIAN_POINT('',(-4.73,4.33,9.3));
#9171=CARTESIAN_POINT('',(-4.73,4.07425,9.3));
#9172=CARTESIAN_POINT('',(-3.13,4.33,9.3));
#9173=CARTESIAN_POINT('',(-3.13,5.93,9.3));
#9174=CARTESIAN_POINT('',(-3.13,5.93,9.3));
#9175=CARTESIAN_POINT('',(-3.13,4.33,9.3));
#9176=CARTESIAN_POINT('',(-3.13,5.93,9.3));
#9177=CARTESIAN_POINT('',(3.13,5.93,9.3));
#9178=CARTESIAN_POINT('',(3.13,5.93,9.3));
#9179=CARTESIAN_POINT('',(-3.13,5.93,9.3));
#9180=CARTESIAN_POINT('',(3.13,4.33,9.3));
#9181=CARTESIAN_POINT('',(4.73,4.33,9.3));
#9182=CARTESIAN_POINT('',(4.73,4.33,9.3));
#9183=CARTESIAN_POINT('',(3.13,4.33,9.3));
#9184=CARTESIAN_POINT('',(4.73,4.33,9.3));
#9185=CARTESIAN_POINT('',(4.73,4.07425000000001,9.3));
#9186=CARTESIAN_POINT('',(4.73,4.07425000000001,9.3));
#9187=CARTESIAN_POINT('',(4.73,4.33,9.3));
#9188=CARTESIAN_POINT('',(3.43,4.07425000000001,9.3));
#9189=CARTESIAN_POINT('',(4.455,3.27464072041403,9.3));
#9190=CARTESIAN_POINT('',(4.455,3.27464072041403,9.3));
#9191=CARTESIAN_POINT('',(3.43,4.07425000000001,9.3));
#9192=CARTESIAN_POINT('',(4.455,3.27464072041403,9.3));
#9193=CARTESIAN_POINT('',(4.455,3.12535927958601,9.3));
#9194=CARTESIAN_POINT('',(4.455,3.12535927958601,9.3));
#9195=CARTESIAN_POINT('',(4.455,3.27464072041403,9.3));
#9196=CARTESIAN_POINT('',(3.42999999999999,2.32575000000003,9.3));
#9197=CARTESIAN_POINT('',(4.73,2.32575000000006,9.3));
#9198=CARTESIAN_POINT('',(4.73,2.32575000000006,9.3));
#9199=CARTESIAN_POINT('',(3.42999999999999,2.32575000000003,9.3));
#9200=CARTESIAN_POINT('',(4.73,2.32575000000006,9.3));
#9201=CARTESIAN_POINT('',(4.73,2.32575000000006,9.3));
#9202=CARTESIAN_POINT('',(-3.42999999999999,2.32575000000001,9.3));
#9203=CARTESIAN_POINT('',(0.,0.,-8.3));
#9204=CARTESIAN_POINT('',(8.25,4.15000000000001,-8.3));
#9205=CARTESIAN_POINT('',(8.25,4.15000000000001,-8.3));
#9206=CARTESIAN_POINT('',(8.05,4.15000000000001,-8.3));
#9207=CARTESIAN_POINT('',(8.05,4.15000000000001,-8.3));
#9208=CARTESIAN_POINT('',(8.05,7.05,-8.3));
#9209=CARTESIAN_POINT('',(6.8,7.05,-8.3));
#9210=CARTESIAN_POINT('',(8.25,7.05,-8.3));
#9211=CARTESIAN_POINT('',(8.25,7.05,-8.3));
#9212=CARTESIAN_POINT('',(8.24999999999999,7.40000000000001,-8.3));
#9213=CARTESIAN_POINT('',(8.24999999999999,7.40000000000001,-8.3));
#9214=CARTESIAN_POINT('',(7.94999999999999,7.7,-8.3));
#9215=CARTESIAN_POINT('',(7.94999999999999,7.7,-8.3));
#9216=CARTESIAN_POINT('',(-7.94999999999999,7.7,-8.3));
#9217=CARTESIAN_POINT('',(-7.94999999999999,7.7,-8.3));
#9218=CARTESIAN_POINT('',(-8.24999999999999,7.4,-8.3));
#9219=CARTESIAN_POINT('',(-8.24999999999999,7.4,-8.3));
#9220=CARTESIAN_POINT('',(-8.25,7.05,-8.3));
#9221=CARTESIAN_POINT('',(-8.25,7.05,-8.3));
#9222=CARTESIAN_POINT('',(-8.05,7.05,-8.3));
#9223=CARTESIAN_POINT('',(-8.05,7.05,-8.3));
#9224=CARTESIAN_POINT('',(-8.05,4.15,-8.3));
#9225=CARTESIAN_POINT('',(-6.80000000000001,4.14999999999999,-8.3));
#9226=CARTESIAN_POINT('',(-8.25,4.15000000000001,-8.3));
#9227=CARTESIAN_POINT('',(-8.25,4.15000000000001,-8.3));
#9228=CARTESIAN_POINT('',(-8.25,1.90000000000001,-8.3));
#9229=CARTESIAN_POINT('',(-8.25,1.90000000000001,-8.3));
#9230=CARTESIAN_POINT('',(7.95000000000003,1.60000000000001,-8.3));
#9231=CARTESIAN_POINT('',(8.25,1.9,-8.3));
#9232=CARTESIAN_POINT('',(8.25,1.9,-8.3));
#9233=CARTESIAN_POINT('',(-8.24999999999999,7.4,-8.3));
#9234=CARTESIAN_POINT('',(-8.24999999999999,7.4,-8.3));
#9235=CARTESIAN_POINT('',(-8.24999999999999,7.4,-9.3));
#9236=CARTESIAN_POINT('',(-8.24999999999999,7.4,-9.3));
#9237=CARTESIAN_POINT('',(-8.25,7.05,-9.3));
#9238=CARTESIAN_POINT('',(-8.25,7.05,-8.3));
#9239=CARTESIAN_POINT('',(-7.94999999999999,7.7,-8.3));
#9240=CARTESIAN_POINT('',(-7.94999999999999,7.7,-8.3));
#9241=CARTESIAN_POINT('',(-7.94999999999999,7.7,-9.3));
#9242=CARTESIAN_POINT('',(-7.94999999999999,7.7,-9.3));
#9243=CARTESIAN_POINT('',(7.94999999999999,7.7,-8.3));
#9244=CARTESIAN_POINT('',(7.94999999999999,7.7,-8.3));
#9245=CARTESIAN_POINT('',(7.94999999999999,7.7,-9.3));
#9246=CARTESIAN_POINT('',(7.94999999999999,7.7,-9.3));
#9247=CARTESIAN_POINT('',(8.24999999999999,7.40000000000001,-8.3));
#9248=CARTESIAN_POINT('',(8.24999999999999,7.40000000000001,-8.3));
#9249=CARTESIAN_POINT('',(8.24999999999999,7.40000000000001,-9.3));
#9250=CARTESIAN_POINT('',(8.24999999999999,7.40000000000001,-9.3));
#9251=CARTESIAN_POINT('',(8.25,7.05,-8.3));
#9252=CARTESIAN_POINT('',(8.25,7.05,-8.3));
#9253=CARTESIAN_POINT('',(8.25,7.05,-9.3));
#9254=CARTESIAN_POINT('',(8.25,7.05,-9.3));
#9255=CARTESIAN_POINT('',(6.8,7.05,-8.3));
#9256=CARTESIAN_POINT('',(8.05,7.05,-8.9));
#9257=CARTESIAN_POINT('',(8.05,7.05,-8.9));
#9258=CARTESIAN_POINT('',(8.05,7.05,-8.9));
#9259=CARTESIAN_POINT('',(6.8,7.05,-9.3));
#9260=CARTESIAN_POINT('',(8.25,4.15000000000001,-8.3));
#9261=CARTESIAN_POINT('',(6.79999999999998,4.15000000000002,-8.9));
#9262=CARTESIAN_POINT('',(8.05,4.15000000000001,-8.9));
#9263=CARTESIAN_POINT('',(8.05,4.15000000000001,-8.9));
#9264=CARTESIAN_POINT('',(8.25,4.15000000000001,-8.3));
#9265=CARTESIAN_POINT('',(8.25,4.15000000000001,-9.3));
#9266=CARTESIAN_POINT('',(8.25,4.15000000000001,-9.3));
#9267=CARTESIAN_POINT('',(8.25,1.9,-8.3));
#9268=CARTESIAN_POINT('',(8.25,1.9,-8.3));
#9269=CARTESIAN_POINT('',(8.25,1.9,-9.3));
#9270=CARTESIAN_POINT('',(8.25,1.9,-9.3));
#9271=CARTESIAN_POINT('',(7.95000000000003,1.60000000000001,-8.3));
#9272=CARTESIAN_POINT('',(7.95000000000003,1.60000000000001,-9.3));
#9273=CARTESIAN_POINT('',(-8.25,1.90000000000001,-8.3));
#9274=CARTESIAN_POINT('',(-8.25,1.90000000000001,-8.3));
#9275=CARTESIAN_POINT('',(-8.25,1.90000000000001,-9.3));
#9276=CARTESIAN_POINT('',(-8.25,1.90000000000001,-9.3));
#9277=CARTESIAN_POINT('',(-8.25,4.15000000000001,-8.3));
#9278=CARTESIAN_POINT('',(-8.25,4.15000000000001,-8.3));
#9279=CARTESIAN_POINT('',(-8.25,4.15000000000001,-9.3));
#9280=CARTESIAN_POINT('',(-8.25,4.15000000000001,-9.3));
#9281=CARTESIAN_POINT('',(-6.80000000000001,4.14999999999999,-8.3));
#9282=CARTESIAN_POINT('',(-8.05,4.15000000000001,-8.9));
#9283=CARTESIAN_POINT('',(-8.05,4.15,-8.9));
#9284=CARTESIAN_POINT('',(-8.05,4.15000000000001,-8.9));
#9285=CARTESIAN_POINT('',(-6.80000000000001,4.14999999999999,-9.3));
#9286=CARTESIAN_POINT('',(-8.25,7.05,-8.3));
#9287=CARTESIAN_POINT('',(-6.79999999999999,7.04999999999999,-8.9));
#9288=CARTESIAN_POINT('',(-8.05,7.05,-8.9));
#9289=CARTESIAN_POINT('',(-8.05,7.05,-8.9));
#9290=CARTESIAN_POINT('',(-8.25,7.05,-9.3));
#9291=CARTESIAN_POINT('',(-3.42999999999999,2.32575000000001,-9.3));
#9292=CARTESIAN_POINT('',(4.73,2.32575000000006,-9.3));
#9293=CARTESIAN_POINT('',(4.73,2.32575000000006,-9.3));
#9294=CARTESIAN_POINT('',(3.42999999999999,2.32575000000003,-9.3));
#9295=CARTESIAN_POINT('',(4.455,3.12535927958601,-9.3));
#9296=CARTESIAN_POINT('',(4.455,3.27464072041403,-9.3));
#9297=CARTESIAN_POINT('',(4.455,3.27464072041403,-9.3));
#9298=CARTESIAN_POINT('',(3.43,4.07425000000001,-9.3));
#9299=CARTESIAN_POINT('',(4.73,4.07425000000001,-9.3));
#9300=CARTESIAN_POINT('',(4.73,4.33,-9.3));
#9301=CARTESIAN_POINT('',(4.73,4.33,-9.3));
#9302=CARTESIAN_POINT('',(3.13,4.33,-9.3));
#9303=CARTESIAN_POINT('',(3.13,5.93,-9.3));
#9304=CARTESIAN_POINT('',(-3.13,5.93,-9.3));
#9305=CARTESIAN_POINT('',(-3.13,5.93,-9.3));
#9306=CARTESIAN_POINT('',(-3.13,4.33,-9.3));
#9307=CARTESIAN_POINT('',(-4.73,4.33,-9.3));
#9308=CARTESIAN_POINT('',(-4.73,4.07425,-9.3));
#9309=CARTESIAN_POINT('',(-4.73,4.07425,-9.3));
#9310=CARTESIAN_POINT('',(-3.43,4.07425,-9.3));
#9311=CARTESIAN_POINT('',(-4.455,3.27464072041402,-9.3));
#9312=CARTESIAN_POINT('',(-4.455,3.12535927958599,-9.3));
#9313=CARTESIAN_POINT('',(-4.455,3.12535927958599,-9.3));
#9314=CARTESIAN_POINT('',(-3.42999999999999,2.32575000000001,-9.3));
#9315=CARTESIAN_POINT('',(-4.73,2.32575000000003,-9.3));
#9316=CARTESIAN_POINT('',(-4.73000000000002,1.6,-9.3));
#9317=CARTESIAN_POINT('',(-4.73000000000002,1.6,-9.3));
#9318=CARTESIAN_POINT('',(-4.73,2.32575000000003,-9.3));
#9319=CARTESIAN_POINT('',(-3.42999999999999,2.32575000000001,-9.3));
#9320=CARTESIAN_POINT('',(-4.455,3.12535927958599,-9.3));
#9321=CARTESIAN_POINT('',(-4.455,3.12535927958599,-9.3));
#9322=CARTESIAN_POINT('',(-4.455,3.27464072041402,-9.3));
#9323=CARTESIAN_POINT('',(-3.43,4.07425,-9.3));
#9324=CARTESIAN_POINT('',(-4.73,4.07425,-9.3));
#9325=CARTESIAN_POINT('',(-4.73,4.07425,-9.3));
#9326=CARTESIAN_POINT('',(-4.73,4.33,-9.3));
#9327=CARTESIAN_POINT('',(-3.13,4.33,-9.3));
#9328=CARTESIAN_POINT('',(-3.13,5.93,-9.3));
#9329=CARTESIAN_POINT('',(-3.13,5.93,-9.3));
#9330=CARTESIAN_POINT('',(3.13,5.93,-9.3));
#9331=CARTESIAN_POINT('',(3.13,4.33,-9.3));
#9332=CARTESIAN_POINT('',(4.73,4.33,-9.3));
#9333=CARTESIAN_POINT('',(4.73,4.33,-9.3));
#9334=CARTESIAN_POINT('',(4.73,4.07425000000001,-9.3));
#9335=CARTESIAN_POINT('',(3.43,4.07425000000001,-9.3));
#9336=CARTESIAN_POINT('',(4.455,3.27464072041403,-9.3));
#9337=CARTESIAN_POINT('',(4.455,3.27464072041403,-9.3));
#9338=CARTESIAN_POINT('',(4.455,3.12535927958601,-9.3));
#9339=CARTESIAN_POINT('',(3.42999999999999,2.32575000000003,-9.3));
#9340=CARTESIAN_POINT('',(4.73,2.32575000000006,-9.3));
#9341=CARTESIAN_POINT('',(4.73,2.32575000000006,-9.3));
#9342=CARTESIAN_POINT('',(-8.05,7.05,8.9));
#9343=CARTESIAN_POINT('',(-8.05,7.05,8.9));
#9344=CARTESIAN_POINT('',(-8.05,5.6,8.9));
#9345=CARTESIAN_POINT('',(-8.05,7.05,8.9));
#9346=CARTESIAN_POINT('',(-6.8,5.59999999999999,8.9));
#9347=CARTESIAN_POINT('',(-6.8,5.6,8.9));
#9348=CARTESIAN_POINT('',(8.05,4.15000000000001,8.9));
#9349=CARTESIAN_POINT('',(8.05,4.15000000000001,8.9));
#9350=CARTESIAN_POINT('',(8.05,5.6,8.9));
#9351=CARTESIAN_POINT('',(8.05,4.15000000000001,8.9));
#9352=CARTESIAN_POINT('',(6.80000015628469,5.60000000000001,8.9));
#9353=CARTESIAN_POINT('',(6.8,5.6,8.9));
#9354=CARTESIAN_POINT('',(-8.05,7.05,-8.9));
#9355=CARTESIAN_POINT('',(-8.05,7.05,-8.9));
#9356=CARTESIAN_POINT('',(-8.05,5.59999999999999,-8.9));
#9357=CARTESIAN_POINT('',(-8.05,7.05,-8.9));
#9358=CARTESIAN_POINT('',(-6.8,5.59999999999999,-8.9));
#9359=CARTESIAN_POINT('',(-6.8,5.59999999999999,-8.9));
#9360=CARTESIAN_POINT('',(8.05,4.15000000000001,-8.9));
#9361=CARTESIAN_POINT('',(8.05,4.15000000000001,-8.9));
#9362=CARTESIAN_POINT('',(8.05,5.59999999999999,-8.9));
#9363=CARTESIAN_POINT('',(8.05,4.15000000000001,-8.9));
#9364=CARTESIAN_POINT('',(6.80000015628469,5.60000000000001,-8.9));
#9365=CARTESIAN_POINT('',(6.8,5.59999999999999,-8.9));
#9366=CARTESIAN_POINT('',(-6.8,5.6,9.4));
#9367=CARTESIAN_POINT('',(-6.8,5.6,9.4));
#9368=CARTESIAN_POINT('',(-8.05,5.6,9.4));
#9369=CARTESIAN_POINT('',(-6.8,5.6,8.9));
#9370=CARTESIAN_POINT('',(-6.8,5.59999999999999,-9.4));
#9371=CARTESIAN_POINT('',(-6.8,5.59999999999999,-9.4));
#9372=CARTESIAN_POINT('',(-8.05,5.59999999999999,-9.4));
#9373=CARTESIAN_POINT('',(-6.8,6.84999999999999,-9.4));
#9374=CARTESIAN_POINT('',(6.8,5.6,9.4));
#9375=CARTESIAN_POINT('',(6.8,5.6,9.4));
#9376=CARTESIAN_POINT('',(5.55,5.6,9.4));
#9377=CARTESIAN_POINT('',(6.8,5.6,8.9));
#9378=CARTESIAN_POINT('',(6.8,5.59999999999999,-9.4));
#9379=CARTESIAN_POINT('',(6.8,5.59999999999999,-9.4));
#9380=CARTESIAN_POINT('',(5.55,5.59999999999999,-9.4));
#9381=CARTESIAN_POINT('',(6.8,6.84999999999999,-9.4));
#9382=CARTESIAN_POINT('',(-3.5,2.36615,4.8));
#9383=CARTESIAN_POINT('',(-3.5,2.36615,4.85));
#9384=CARTESIAN_POINT('',(-3.5,2.36615,4.85));
#9385=CARTESIAN_POINT('',(-3.5,2.36615,4.8));
#9386=CARTESIAN_POINT('',(3.49999999999999,0.299999999999994,4.8));
#9387=CARTESIAN_POINT('',(3.49999999999999,0.299999999999994,4.85));
#9388=CARTESIAN_POINT('',(3.5,2.36615000000001,4.85));
#9389=CARTESIAN_POINT('',(3.5,2.36615000000001,4.8));
#9390=CARTESIAN_POINT('',(-3.2,4.7,4.8));
#9391=CARTESIAN_POINT('',(-3.2,4.7,4.85));
#9392=CARTESIAN_POINT('',(-3.2,4.7,4.85));
#9393=CARTESIAN_POINT('',(-3.5,4.4,4.85));
#9394=CARTESIAN_POINT('',(-3.2,4.7,4.8));
#9395=CARTESIAN_POINT('',(-3.5,4.4,4.8));
#9396=CARTESIAN_POINT('',(-3.5,4.4,4.8));
#9397=CARTESIAN_POINT('',(-3.5,4.4,4.85));
#9398=CARTESIAN_POINT('',(-3.5,4.03385,4.85));
#9399=CARTESIAN_POINT('',(-3.5,4.03385,4.8));
#9400=CARTESIAN_POINT('',(-3.5,4.03385,4.8));
#9401=CARTESIAN_POINT('',(-3.5,4.03385,4.85));
#9402=CARTESIAN_POINT('',(-3.26950361308703,3.90077431431665,4.85));
#9403=CARTESIAN_POINT('',(-3.26950361308703,3.90077431431665,4.8));
#9404=CARTESIAN_POINT('',(-3.707,3.14299999999999,4.8));
#9405=CARTESIAN_POINT('',(-2.93241882284683,3.55,4.8));
#9406=CARTESIAN_POINT('',(-2.93241882284683,3.55,4.85));
#9407=CARTESIAN_POINT('',(-3.707,3.14299999999999,4.85));
#9408=CARTESIAN_POINT('',(-2.93241882284683,3.55,4.8));
#9409=CARTESIAN_POINT('',(-2.93241882284683,3.55,4.85));
#9410=CARTESIAN_POINT('',(-2.2,3.55,4.85));
#9411=CARTESIAN_POINT('',(-2.2,3.55,4.8));
#9412=CARTESIAN_POINT('',(-2.2,3.55,4.8));
#9413=CARTESIAN_POINT('',(-2.2,3.55,4.85));
#9414=CARTESIAN_POINT('',(-2.2,2.84999999999998,4.85));
#9415=CARTESIAN_POINT('',(-2.2,2.84999999999998,4.8));
#9416=CARTESIAN_POINT('',(-2.2,2.84999999999998,4.8));
#9417=CARTESIAN_POINT('',(-2.2,2.84999999999998,4.85));
#9418=CARTESIAN_POINT('',(-2.93241882284682,2.85,4.85));
#9419=CARTESIAN_POINT('',(-2.93241882284682,2.85,4.8));
#9420=CARTESIAN_POINT('',(-3.707,3.25700000000002,4.8));
#9421=CARTESIAN_POINT('',(-3.26950361308704,2.49922568568334,4.8));
#9422=CARTESIAN_POINT('',(-3.26950361308704,2.49922568568334,4.85));
#9423=CARTESIAN_POINT('',(-3.707,3.25700000000002,4.85));
#9424=CARTESIAN_POINT('',(-3.26950361308704,2.49922568568334,4.8));
#9425=CARTESIAN_POINT('',(-3.26950361308704,2.49922568568334,4.85));
#9426=CARTESIAN_POINT('',(3.5,2.36615000000001,4.8));
#9427=CARTESIAN_POINT('',(3.5,2.36615000000001,4.85));
#9428=CARTESIAN_POINT('',(3.26950361308707,2.49922568568331,4.85));
#9429=CARTESIAN_POINT('',(3.26950361308707,2.49922568568331,4.8));
#9430=CARTESIAN_POINT('',(3.707,3.257,4.8));
#9431=CARTESIAN_POINT('',(2.93241882284683,2.84999999999999,4.8));
#9432=CARTESIAN_POINT('',(2.93241882284683,2.84999999999999,4.85));
#9433=CARTESIAN_POINT('',(3.707,3.257,4.85));
#9434=CARTESIAN_POINT('',(2.93241882284683,2.84999999999999,4.8));
#9435=CARTESIAN_POINT('',(2.93241882284683,2.84999999999999,4.85));
#9436=CARTESIAN_POINT('',(2.2,2.84999999999998,4.85));
#9437=CARTESIAN_POINT('',(2.2,2.84999999999998,4.8));
#9438=CARTESIAN_POINT('',(2.2,2.84999999999998,4.8));
#9439=CARTESIAN_POINT('',(2.2,2.84999999999998,4.85));
#9440=CARTESIAN_POINT('',(2.2,3.54999999999999,4.85));
#9441=CARTESIAN_POINT('',(2.2,3.54999999999999,4.8));
#9442=CARTESIAN_POINT('',(2.2,3.54999999999999,4.8));
#9443=CARTESIAN_POINT('',(2.2,3.54999999999999,4.85));
#9444=CARTESIAN_POINT('',(2.93241882284683,3.54999999999999,4.85));
#9445=CARTESIAN_POINT('',(2.93241882284683,3.54999999999999,4.8));
#9446=CARTESIAN_POINT('',(3.70699999999998,3.14299999999992,4.8));
#9447=CARTESIAN_POINT('',(3.26950361308695,3.90077431431657,4.8));
#9448=CARTESIAN_POINT('',(3.26950361308695,3.90077431431657,4.85));
#9449=CARTESIAN_POINT('',(3.70699999999998,3.14299999999992,4.85));
#9450=CARTESIAN_POINT('',(3.26950361308695,3.90077431431657,4.8));
#9451=CARTESIAN_POINT('',(3.26950361308695,3.90077431431657,4.85));
#9452=CARTESIAN_POINT('',(3.5,4.03385,4.85));
#9453=CARTESIAN_POINT('',(3.5,4.03385,4.8));
#9454=CARTESIAN_POINT('',(3.5,4.03385,4.8));
#9455=CARTESIAN_POINT('',(3.5,4.03385,4.85));
#9456=CARTESIAN_POINT('',(3.5,4.40000000000001,4.85));
#9457=CARTESIAN_POINT('',(3.5,4.40000000000001,4.8));
#9458=CARTESIAN_POINT('',(3.5,4.40000000000001,4.8));
#9459=CARTESIAN_POINT('',(3.5,4.40000000000001,4.85));
#9460=CARTESIAN_POINT('',(3.20000000000001,4.7,4.85));
#9461=CARTESIAN_POINT('',(3.20000000000001,4.7,4.8));
#9462=CARTESIAN_POINT('',(3.20000000000001,4.7,4.8));
#9463=CARTESIAN_POINT('',(3.20000000000001,4.7,4.85));
#9464=CARTESIAN_POINT('',(0.,0.,4.85));
#9465=CARTESIAN_POINT('',(-8.3,2.34999999999999,4.85));
#9466=CARTESIAN_POINT('',(-8.05,2.09999999999999,4.85));
#9467=CARTESIAN_POINT('',(-8.05,2.09999999999999,4.85));
#9468=CARTESIAN_POINT('',(-3.55,2.09999999999999,4.85));
#9469=CARTESIAN_POINT('',(-3.55,2.09999999999999,4.85));
#9470=CARTESIAN_POINT('',(-3.55,2.41614999999998,4.85));
#9471=CARTESIAN_POINT('',(-3.55,2.41614999999998,4.85));
#9472=CARTESIAN_POINT('',(-3.34673362796785,2.51481866017612,4.85));
#9473=CARTESIAN_POINT('',(-3.70699999999999,3.25700000000003,4.85));
#9474=CARTESIAN_POINT('',(-2.96324197483321,2.9,4.85));
#9475=CARTESIAN_POINT('',(-2.96324197483321,2.9,4.85));
#9476=CARTESIAN_POINT('',(-2.25,2.90000000000001,4.85));
#9477=CARTESIAN_POINT('',(-2.25,2.90000000000001,4.85));
#9478=CARTESIAN_POINT('',(-2.25,3.5,4.85));
#9479=CARTESIAN_POINT('',(-2.25,3.5,4.85));
#9480=CARTESIAN_POINT('',(-2.96324197483322,3.5,4.85));
#9481=CARTESIAN_POINT('',(-3.70700000000001,3.14299999999998,4.85));
#9482=CARTESIAN_POINT('',(-3.34673362796788,3.8851813398239,4.85));
#9483=CARTESIAN_POINT('',(-3.34673362796788,3.88518133982389,4.85));
#9484=CARTESIAN_POINT('',(-3.55,3.98385000000002,4.85));
#9485=CARTESIAN_POINT('',(-3.55,3.98385000000002,4.85));
#9486=CARTESIAN_POINT('',(-3.55,4.45,4.85));
#9487=CARTESIAN_POINT('',(-3.55,4.45,4.85));
#9488=CARTESIAN_POINT('',(-3.25,4.75,4.85));
#9489=CARTESIAN_POINT('',(-3.25,4.75,4.85));
#9490=CARTESIAN_POINT('',(3.25,4.75,4.85));
#9491=CARTESIAN_POINT('',(3.25,4.75,4.85));
#9492=CARTESIAN_POINT('',(3.55,4.45000000000001,4.85));
#9493=CARTESIAN_POINT('',(3.55,4.45000000000001,4.85));
#9494=CARTESIAN_POINT('',(3.55,3.98385000000002,4.85));
#9495=CARTESIAN_POINT('',(3.55,3.98385000000002,4.85));
#9496=CARTESIAN_POINT('',(3.34673362796784,3.88518133982386,4.85));
#9497=CARTESIAN_POINT('',(3.70699999999999,3.14299999999997,4.85));
#9498=CARTESIAN_POINT('',(2.96324197483322,3.5,4.85));
#9499=CARTESIAN_POINT('',(2.96324197483322,3.5,4.85));
#9500=CARTESIAN_POINT('',(2.25,3.5,4.85));
#9501=CARTESIAN_POINT('',(2.25,3.5,4.85));
#9502=CARTESIAN_POINT('',(2.25,2.90000000000001,4.85));
#9503=CARTESIAN_POINT('',(2.25,2.90000000000001,4.85));
#9504=CARTESIAN_POINT('',(2.96324197483321,2.90000000000001,4.85));
#9505=CARTESIAN_POINT('',(3.70699999999999,3.25700000000002,4.85));
#9506=CARTESIAN_POINT('',(3.3467336279678,2.51481866017614,4.85));
#9507=CARTESIAN_POINT('',(3.3467336279678,2.51481866017614,4.85));
#9508=CARTESIAN_POINT('',(3.55,2.41614999999996,4.85));
#9509=CARTESIAN_POINT('',(3.55,2.41614999999996,4.85));
#9510=CARTESIAN_POINT('',(3.55,2.09999999999999,4.85));
#9511=CARTESIAN_POINT('',(3.55,2.09999999999999,4.85));
#9512=CARTESIAN_POINT('',(8.05,2.1,4.85));
#9513=CARTESIAN_POINT('',(8.05,2.1,4.85));
#9514=CARTESIAN_POINT('',(8.05,2.1,4.85));
#9515=CARTESIAN_POINT('',(8.05,2.1,4.85));
#9516=CARTESIAN_POINT('',(3.55,2.09999999999999,4.85));
#9517=CARTESIAN_POINT('',(3.55,2.09999999999999,4.85));
#9518=CARTESIAN_POINT('',(3.55,2.41614999999996,4.85));
#9519=CARTESIAN_POINT('',(3.55,2.41614999999996,4.85));
#9520=CARTESIAN_POINT('',(3.3467336279678,2.51481866017614,4.85));
#9521=CARTESIAN_POINT('',(3.3467336279678,2.51481866017614,4.85));
#9522=CARTESIAN_POINT('',(3.70699999999999,3.25700000000002,4.85));
#9523=CARTESIAN_POINT('',(2.96324197483321,2.90000000000001,4.85));
#9524=CARTESIAN_POINT('',(2.25,2.90000000000001,4.85));
#9525=CARTESIAN_POINT('',(2.25,2.90000000000001,4.85));
#9526=CARTESIAN_POINT('',(2.25,3.5,4.85));
#9527=CARTESIAN_POINT('',(2.25,3.5,4.85));
#9528=CARTESIAN_POINT('',(2.96324197483322,3.5,4.85));
#9529=CARTESIAN_POINT('',(2.96324197483322,3.5,4.85));
#9530=CARTESIAN_POINT('',(3.70699999999999,3.14299999999997,4.85));
#9531=CARTESIAN_POINT('',(3.34673362796784,3.88518133982386,4.85));
#9532=CARTESIAN_POINT('',(3.55,3.98385000000002,4.85));
#9533=CARTESIAN_POINT('',(3.55,3.98385000000002,4.85));
#9534=CARTESIAN_POINT('',(3.55,4.45000000000001,4.85));
#9535=CARTESIAN_POINT('',(3.55,4.45000000000001,4.85));
#9536=CARTESIAN_POINT('',(3.25,4.75,4.85));
#9537=CARTESIAN_POINT('',(3.25,4.75,4.85));
#9538=CARTESIAN_POINT('',(-3.25,4.75,4.85));
#9539=CARTESIAN_POINT('',(-3.25,4.75,4.85));
#9540=CARTESIAN_POINT('',(-3.55,4.45,4.85));
#9541=CARTESIAN_POINT('',(-3.55,4.45,4.85));
#9542=CARTESIAN_POINT('',(-3.55,3.98385000000002,4.85));
#9543=CARTESIAN_POINT('',(-3.55,3.98385000000002,4.85));
#9544=CARTESIAN_POINT('',(-3.34673362796788,3.88518133982389,4.85));
#9545=CARTESIAN_POINT('',(-3.34673362796788,3.8851813398239,4.85));
#9546=CARTESIAN_POINT('',(-3.70700000000001,3.14299999999998,4.85));
#9547=CARTESIAN_POINT('',(-2.96324197483322,3.5,4.85));
#9548=CARTESIAN_POINT('',(-2.25,3.5,4.85));
#9549=CARTESIAN_POINT('',(-2.25,3.5,4.85));
#9550=CARTESIAN_POINT('',(-2.25,2.90000000000001,4.85));
#9551=CARTESIAN_POINT('',(-2.25,2.90000000000001,4.85));
#9552=CARTESIAN_POINT('',(-2.96324197483321,2.9,4.85));
#9553=CARTESIAN_POINT('',(-2.96324197483321,2.9,4.85));
#9554=CARTESIAN_POINT('',(-3.70699999999999,3.25700000000003,4.85));
#9555=CARTESIAN_POINT('',(-3.34673362796785,2.51481866017612,4.85));
#9556=CARTESIAN_POINT('',(-3.55,2.41614999999998,4.85));
#9557=CARTESIAN_POINT('',(-3.55,2.41614999999998,4.85));
#9558=CARTESIAN_POINT('',(-3.55,2.09999999999999,4.85));
#9559=CARTESIAN_POINT('',(-3.55,2.09999999999999,4.85));
#9560=CARTESIAN_POINT('',(-8.05,2.09999999999999,4.85));
#9561=CARTESIAN_POINT('',(-8.05,2.09999999999999,4.85));
#9562=CARTESIAN_POINT('',(-8.3,2.34999999999999,4.85));
#9563=CARTESIAN_POINT('',(8.05,2.1,-4.85));
#9564=CARTESIAN_POINT('',(8.05,2.1,-4.85));
#9565=CARTESIAN_POINT('',(8.05,2.1,-4.85));
#9566=CARTESIAN_POINT('',(8.05,2.1,-4.85));
#9567=CARTESIAN_POINT('',(3.55,2.09999999999999,-4.85));
#9568=CARTESIAN_POINT('',(3.55,2.09999999999999,-4.85));
#9569=CARTESIAN_POINT('',(3.55,2.09999999999999,-4.85));
#9570=CARTESIAN_POINT('',(3.55,2.09999999999999,-4.85));
#9571=CARTESIAN_POINT('',(3.55,2.41614999999996,-4.85));
#9572=CARTESIAN_POINT('',(3.55,2.41614999999996,-4.85));
#9573=CARTESIAN_POINT('',(3.55,2.41614999999996,-4.85));
#9574=CARTESIAN_POINT('',(3.55,2.41614999999996,-4.85));
#9575=CARTESIAN_POINT('',(3.3467336279678,2.51481866017614,-4.85));
#9576=CARTESIAN_POINT('',(3.3467336279678,2.51481866017614,-4.85));
#9577=CARTESIAN_POINT('',(3.3467336279678,2.51481866017614,-4.85));
#9578=CARTESIAN_POINT('',(3.3467336279678,2.51481866017614,-4.85));
#9579=CARTESIAN_POINT('',(3.70699999999999,3.25700000000002,-4.85));
#9580=CARTESIAN_POINT('',(2.96324197483321,2.90000000000001,-4.85));
#9581=CARTESIAN_POINT('',(2.96324197483321,2.90000000000001,-4.85));
#9582=CARTESIAN_POINT('',(3.70699999999999,3.25700000000002,-4.85));
#9583=CARTESIAN_POINT('',(2.25,2.90000000000001,-4.85));
#9584=CARTESIAN_POINT('',(2.25,2.90000000000001,-4.85));
#9585=CARTESIAN_POINT('',(2.25,2.90000000000001,-4.85));
#9586=CARTESIAN_POINT('',(2.25,2.90000000000001,-4.85));
#9587=CARTESIAN_POINT('',(2.25,3.5,-4.85));
#9588=CARTESIAN_POINT('',(2.25,3.5,-4.85));
#9589=CARTESIAN_POINT('',(2.25,3.5,-4.85));
#9590=CARTESIAN_POINT('',(2.25,3.5,-4.85));
#9591=CARTESIAN_POINT('',(2.96324197483322,3.5,-4.85));
#9592=CARTESIAN_POINT('',(2.96324197483322,3.5,-4.85));
#9593=CARTESIAN_POINT('',(2.96324197483322,3.5,-4.85));
#9594=CARTESIAN_POINT('',(2.96324197483322,3.5,-4.85));
#9595=CARTESIAN_POINT('',(3.70699999999999,3.14299999999997,-4.85));
#9596=CARTESIAN_POINT('',(3.34673362796784,3.88518133982386,-4.85));
#9597=CARTESIAN_POINT('',(3.34673362796784,3.88518133982386,-4.85));
#9598=CARTESIAN_POINT('',(3.70699999999999,3.14299999999997,-4.85));
#9599=CARTESIAN_POINT('',(3.55,3.98385000000002,-4.85));
#9600=CARTESIAN_POINT('',(3.55,3.98385000000002,-4.85));
#9601=CARTESIAN_POINT('',(3.55,3.98385000000002,-4.85));
#9602=CARTESIAN_POINT('',(3.55,3.98385000000002,-4.85));
#9603=CARTESIAN_POINT('',(3.55,4.45000000000001,-4.85));
#9604=CARTESIAN_POINT('',(3.55,4.45000000000001,-4.85));
#9605=CARTESIAN_POINT('',(3.55,4.45000000000001,-4.85));
#9606=CARTESIAN_POINT('',(3.55,4.45000000000001,-4.85));
#9607=CARTESIAN_POINT('',(3.25,4.75,-4.85));
#9608=CARTESIAN_POINT('',(3.25,4.75,-4.85));
#9609=CARTESIAN_POINT('',(3.25,4.75,-4.85));
#9610=CARTESIAN_POINT('',(3.25,4.75,-4.85));
#9611=CARTESIAN_POINT('',(-3.25,4.75,-4.85));
#9612=CARTESIAN_POINT('',(-3.25,4.75,-4.85));
#9613=CARTESIAN_POINT('',(-3.25,4.75,-4.85));
#9614=CARTESIAN_POINT('',(-3.25,4.75,-4.85));
#9615=CARTESIAN_POINT('',(-3.55,4.45,-4.85));
#9616=CARTESIAN_POINT('',(-3.55,4.45,-4.85));
#9617=CARTESIAN_POINT('',(-3.55,4.45,-4.85));
#9618=CARTESIAN_POINT('',(-3.55,4.45,-4.85));
#9619=CARTESIAN_POINT('',(-3.55,3.98385000000002,-4.85));
#9620=CARTESIAN_POINT('',(-3.55,3.98385000000002,-4.85));
#9621=CARTESIAN_POINT('',(-3.55,3.98385000000002,-4.85));
#9622=CARTESIAN_POINT('',(-3.55,3.98385000000002,-4.85));
#9623=CARTESIAN_POINT('',(-3.34673362796788,3.88518133982389,-4.85));
#9624=CARTESIAN_POINT('',(-3.34673362796788,3.8851813398239,-4.85));
#9625=CARTESIAN_POINT('',(-3.34673362796788,3.8851813398239,-4.85));
#9626=CARTESIAN_POINT('',(-3.34673362796788,3.88518133982389,-4.85));
#9627=CARTESIAN_POINT('',(-3.70700000000001,3.14299999999998,-4.85));
#9628=CARTESIAN_POINT('',(-2.96324197483322,3.5,-4.85));
#9629=CARTESIAN_POINT('',(-2.96324197483322,3.5,-4.85));
#9630=CARTESIAN_POINT('',(-3.70700000000001,3.14299999999998,-4.85));
#9631=CARTESIAN_POINT('',(-2.25,3.5,-4.85));
#9632=CARTESIAN_POINT('',(-2.25,3.5,-4.85));
#9633=CARTESIAN_POINT('',(-2.25,3.5,-4.85));
#9634=CARTESIAN_POINT('',(-2.25,3.5,-4.85));
#9635=CARTESIAN_POINT('',(-2.25,2.90000000000001,-4.85));
#9636=CARTESIAN_POINT('',(-2.25,2.90000000000001,-4.85));
#9637=CARTESIAN_POINT('',(-2.25,2.90000000000001,-4.85));
#9638=CARTESIAN_POINT('',(-2.25,2.90000000000001,-4.85));
#9639=CARTESIAN_POINT('',(-2.96324197483321,2.9,-4.85));
#9640=CARTESIAN_POINT('',(-2.96324197483321,2.9,-4.85));
#9641=CARTESIAN_POINT('',(-2.96324197483321,2.9,-4.85));
#9642=CARTESIAN_POINT('',(-2.96324197483321,2.9,-4.85));
#9643=CARTESIAN_POINT('',(-3.70699999999999,3.25700000000003,-4.85));
#9644=CARTESIAN_POINT('',(-3.34673362796785,2.51481866017612,-4.85));
#9645=CARTESIAN_POINT('',(-3.34673362796785,2.51481866017612,-4.85));
#9646=CARTESIAN_POINT('',(-3.70699999999999,3.25700000000003,-4.85));
#9647=CARTESIAN_POINT('',(-3.55,2.41614999999998,-4.85));
#9648=CARTESIAN_POINT('',(-3.55,2.41614999999998,-4.85));
#9649=CARTESIAN_POINT('',(-3.55,2.41614999999998,-4.85));
#9650=CARTESIAN_POINT('',(-3.55,2.41614999999998,-4.85));
#9651=CARTESIAN_POINT('',(-3.55,2.09999999999999,-4.85));
#9652=CARTESIAN_POINT('',(-3.55,2.09999999999999,-4.85));
#9653=CARTESIAN_POINT('',(-3.55,2.09999999999999,-4.85));
#9654=CARTESIAN_POINT('',(-3.55,2.09999999999999,-4.85));
#9655=CARTESIAN_POINT('',(-8.05,2.09999999999999,-4.85));
#9656=CARTESIAN_POINT('',(-8.05,2.09999999999999,-4.85));
#9657=CARTESIAN_POINT('',(-8.05,2.09999999999999,-4.85));
#9658=CARTESIAN_POINT('',(-8.05,2.09999999999999,-4.85));
#9659=CARTESIAN_POINT('',(-8.3,2.34999999999999,-4.85));
#9660=CARTESIAN_POINT('',(-8.3,2.34999999999999,-4.85));
#9661=CARTESIAN_POINT('',(0.,0.,-4.85));
#9662=CARTESIAN_POINT('',(-6.,8.,0.));
#9663=CARTESIAN_POINT('',(-6.,7.7835,-4.0381215132597E-18));
#9664=CARTESIAN_POINT('',(-6.,7.7835,-0.7835));
#9665=CARTESIAN_POINT('',(-6.,2.04764606408993,-1.11022302462516E-16));
#9666=CARTESIAN_POINT('',(-6.,2.5,-1.0258507308512E-16));
#9667=CARTESIAN_POINT('',(-6.,2.5,-0.7835));
#9668=CARTESIAN_POINT('',(-6.,2.5,-1.0258507308512E-16));
#9669=CARTESIAN_POINT('',(-6.,2.04764606408993,-1.0842021724855E-16));
#9670=CARTESIAN_POINT('',(6.,8.,0.));
#9671=CARTESIAN_POINT('',(6.,7.7835,-4.0381215132597E-18));
#9672=CARTESIAN_POINT('',(6.,7.7835,-0.7835));
#9673=CARTESIAN_POINT('',(6.,2.04764606408993,-1.11022302462516E-16));
#9674=CARTESIAN_POINT('',(6.,2.5,-1.0258507308512E-16));
#9675=CARTESIAN_POINT('',(6.,2.5,-0.7835));
#9676=CARTESIAN_POINT('',(6.,2.5,-1.0258507308512E-16));
#9677=CARTESIAN_POINT('',(6.,2.04764606408993,-1.0842021724855E-16));
#9678=CARTESIAN_POINT('',(5.75583995599256E-16,0.,40.));
#9679=CARTESIAN_POINT('',(5.75583995599256E-16,0.,-40.));
#9680=CARTESIAN_POINT('',(-2.,0.,0.));
#9681=CARTESIAN_POINT('',(-2.,0.,0.));
#9682=CARTESIAN_POINT('',(-2.,0.,-1.7));
#9683=CARTESIAN_POINT('',(-2.,-0.866025403784439,0.));
#9684=CARTESIAN_POINT('',(-2.,-0.866025403784439,0.));
#9685=CARTESIAN_POINT('',(-2.,-0.433012701892219,-0.75));
#9686=CARTESIAN_POINT('',(-2.,-0.433012701892219,-0.75));
#9687=CARTESIAN_POINT('',(-2.,0.433012701892219,-0.75));
#9688=CARTESIAN_POINT('',(-2.,0.433012701892219,-0.75));
#9689=CARTESIAN_POINT('',(-2.,0.866025403784439,0.));
#9690=CARTESIAN_POINT('',(-2.,0.866025403784439,0.));
#9691=CARTESIAN_POINT('',(-2.,0.433012701892219,0.75));
#9692=CARTESIAN_POINT('',(-2.,0.433012701892219,0.75));
#9693=CARTESIAN_POINT('',(-2.,-0.433012701892219,0.75));
#9694=CARTESIAN_POINT('',(-2.,-0.433012701892219,0.75));
#9695=CARTESIAN_POINT('',(-2.,0.,0.));
#9696=CARTESIAN_POINT('',(-1.8,0.,0.));
#9697=CARTESIAN_POINT('',(-1.8,0.,-1.9));
#9698=CARTESIAN_POINT('',(6.,0.,0.));
#9699=CARTESIAN_POINT('',(0.,0.,0.));
#9700=CARTESIAN_POINT('',(0.,0.,-1.9));
#9701=CARTESIAN_POINT('',(0.,1.9,0.));
#9702=CARTESIAN_POINT('',(0.,0.,0.));
#9703=CARTESIAN_POINT('',(0.,0.,-1.));
#9704=CARTESIAN_POINT('',(6.,0.,0.));
#9705=CARTESIAN_POINT('',(5.7545,0.,0.));
#9706=CARTESIAN_POINT('',(5.7545,0.,-1.));
#9707=CARTESIAN_POINT('',(5.7545,0.,0.));
#9708=CARTESIAN_POINT('',(6.,0.,0.));
#9709=CARTESIAN_POINT('',(6.,0.,-0.7545));
#9710=CARTESIAN_POINT('',(6.,0.7545,0.));
#9711=CARTESIAN_POINT('',(-1.,0.433012701892219,0.75));
#9712=CARTESIAN_POINT('',(-1.,0.433012701892219,0.75));
#9713=CARTESIAN_POINT('',(-1.,0.433012701892219,0.75));
#9714=CARTESIAN_POINT('',(-1.,0.433012701892219,0.75));
#9715=CARTESIAN_POINT('',(-1.,0.,0.75));
#9716=CARTESIAN_POINT('',(-1.,0.433012701892219,0.75));
#9717=CARTESIAN_POINT('',(-1.,-0.433012701892219,0.75));
#9718=CARTESIAN_POINT('',(-1.,-0.433012701892219,0.75));
#9719=CARTESIAN_POINT('',(-1.,-0.433012701892219,0.75));
#9720=CARTESIAN_POINT('',(-1.,-0.433012701892219,0.75));
#9721=CARTESIAN_POINT('',(-1.,-0.649519052838329,0.375));
#9722=CARTESIAN_POINT('',(-1.,-0.433012701892219,0.75));
#9723=CARTESIAN_POINT('',(-1.,-0.866025403784439,0.));
#9724=CARTESIAN_POINT('',(-1.,-0.866025403784439,0.));
#9725=CARTESIAN_POINT('',(-1.,-0.866025403784439,0.));
#9726=CARTESIAN_POINT('',(-1.,-0.866025403784439,0.));
#9727=CARTESIAN_POINT('',(-1.,-0.649519052838329,-0.375));
#9728=CARTESIAN_POINT('',(-1.,-0.866025403784439,0.));
#9729=CARTESIAN_POINT('',(-1.,-0.433012701892219,-0.75));
#9730=CARTESIAN_POINT('',(-1.,-0.433012701892219,-0.75));
#9731=CARTESIAN_POINT('',(-1.,-0.433012701892219,-0.75));
#9732=CARTESIAN_POINT('',(-1.,-0.433012701892219,-0.75));
#9733=CARTESIAN_POINT('',(-1.,0.,-0.75));
#9734=CARTESIAN_POINT('',(-1.,-0.433012701892219,-0.75));
#9735=CARTESIAN_POINT('',(-1.,0.433012701892219,-0.75));
#9736=CARTESIAN_POINT('',(-1.,0.433012701892219,-0.75));
#9737=CARTESIAN_POINT('',(-1.,0.433012701892219,-0.75));
#9738=CARTESIAN_POINT('',(-1.,0.433012701892219,-0.75));
#9739=CARTESIAN_POINT('',(-1.,0.649519052838329,-0.375));
#9740=CARTESIAN_POINT('',(-1.,0.433012701892219,-0.75));
#9741=CARTESIAN_POINT('',(-1.,0.866025403784439,0.));
#9742=CARTESIAN_POINT('',(-1.,0.866025403784439,0.));
#9743=CARTESIAN_POINT('',(-1.,0.866025403784439,0.));
#9744=CARTESIAN_POINT('',(-1.,0.866025403784439,0.));
#9745=CARTESIAN_POINT('',(-1.,0.649519052838329,0.375));
#9746=CARTESIAN_POINT('',(-1.,0.866025403784439,0.));
#9747=CARTESIAN_POINT('',(-1.,0.,0.));
#9748=CARTESIAN_POINT('',(-1.,0.,0.));
#9749=CARTESIAN_POINT('',(-1.,0.,0.));
#9750=CARTESIAN_POINT('',(-1.,0.,0.));
#9751=CARTESIAN_POINT('',(-1.,0.,0.));
#9752=CARTESIAN_POINT('',(-1.,0.,0.));
#9753=CARTESIAN_POINT('',(-1.,0.,0.));
#9754=CARTESIAN_POINT('',(-1.,0.,0.));
#9755=CARTESIAN_POINT('',(-1.,0.,0.));
#9756=CARTESIAN_POINT('',(-1.,0.,0.));
#9757=CARTESIAN_POINT('',(-1.,0.,0.));
#9758=CARTESIAN_POINT('',(-1.,0.,0.));
#9759=CARTESIAN_POINT('',(-1.,0.,0.));
#9760=CARTESIAN_POINT('',(-0.799038105676658,0.,0.));
#9761=CARTESIAN_POINT('',(0.,2.4,75.));
#9762=CARTESIAN_POINT('',(0.,2.4,60.));
#9763=CARTESIAN_POINT('',(0.,2.4,45.));
#9764=CARTESIAN_POINT('',(0.,2.4,30.));
#9765=CARTESIAN_POINT('',(0.,2.4,15.));
#9766=CARTESIAN_POINT('',(0.,2.4,0.));
#9767=CARTESIAN_POINT('',(0.,2.4,-15.));
#9768=CARTESIAN_POINT('',(0.,2.4,-30.));
#9769=CARTESIAN_POINT('',(0.,2.4,-45.));
#9770=CARTESIAN_POINT('',(0.,2.4,-60.));
#9771=CARTESIAN_POINT('',(0.,2.4,-75.));
#9772=MECHANICAL_DESIGN_GEOMETRIC_PRESENTATION_REPRESENTATION('',(#5950,
#5951,#5952),#9773);
#9773=(
GEOMETRIC_REPRESENTATION_CONTEXT(3)
GLOBAL_UNCERTAINTY_ASSIGNED_CONTEXT((#9777))
GLOBAL_UNIT_ASSIGNED_CONTEXT((#9783,#9782,#9781))
REPRESENTATION_CONTEXT('SSE2BSZ8-160','TOP_LEVEL_ASSEMBLY_PART')
);
#9774=(
GEOMETRIC_REPRESENTATION_CONTEXT(3)
GLOBAL_UNCERTAINTY_ASSIGNED_CONTEXT((#9778))
GLOBAL_UNIT_ASSIGNED_CONTEXT((#9783,#9782,#9781))
REPRESENTATION_CONTEXT('SSE2BZ8-160_r1','COMPONENT_PART')
);
#9775=(
GEOMETRIC_REPRESENTATION_CONTEXT(3)
GLOBAL_UNCERTAINTY_ASSIGNED_CONTEXT((#9779))
GLOBAL_UNIT_ASSIGNED_CONTEXT((#9783,#9782,#9781))
REPRESENTATION_CONTEXT('SEBSZ8_b','COMPONENT_PART')
);
#9776=(
GEOMETRIC_REPRESENTATION_CONTEXT(3)
GLOBAL_UNCERTAINTY_ASSIGNED_CONTEXT((#9780))
GLOBAL_UNIT_ASSIGNED_CONTEXT((#9783,#9782,#9781))
REPRESENTATION_CONTEXT('BOLT2-6','COMPONENT_PART')
);
#9777=UNCERTAINTY_MEASURE_WITH_UNIT(LENGTH_MEASURE(0.005),#9783,
'DISTANCE_ACCURACY_VALUE','Maximum Tolerance applied to model');
#9778=UNCERTAINTY_MEASURE_WITH_UNIT(LENGTH_MEASURE(0.005),#9783,
'DISTANCE_ACCURACY_VALUE','Maximum Tolerance applied to model');
#9779=UNCERTAINTY_MEASURE_WITH_UNIT(LENGTH_MEASURE(0.005),#9783,
'DISTANCE_ACCURACY_VALUE','Maximum Tolerance applied to model');
#9780=UNCERTAINTY_MEASURE_WITH_UNIT(LENGTH_MEASURE(0.005),#9783,
'DISTANCE_ACCURACY_VALUE','Maximum Tolerance applied to model');
#9781=(
NAMED_UNIT(*)
SI_UNIT($,.STERADIAN.)
SOLID_ANGLE_UNIT()
);
#9782=(
NAMED_UNIT(*)
PLANE_ANGLE_UNIT()
SI_UNIT($,.RADIAN.)
);
#9783=(
LENGTH_UNIT()
NAMED_UNIT(*)
SI_UNIT(.MILLI.,.METRE.)
);
#9784=PRODUCT_DEFINITION_SHAPE('','',#9802);
#9785=PRODUCT_DEFINITION_SHAPE('','',#9803);
#9786=PRODUCT_DEFINITION_SHAPE(' ','NAUO PRDDFN',#42);
#9787=PRODUCT_DEFINITION_SHAPE('','',#9804);
#9788=PRODUCT_DEFINITION_SHAPE(' ','NAUO PRDDFN',#43);
#9789=PRODUCT_DEFINITION_SHAPE(' ','NAUO PRDDFN',#44);
#9790=PRODUCT_DEFINITION_SHAPE('','',#9805);
#9791=PRODUCT_DEFINITION_SHAPE(' ','NAUO PRDDFN',#45);
#9792=PRODUCT_DEFINITION_SHAPE(' ','NAUO PRDDFN',#46);
#9793=PRODUCT_DEFINITION_SHAPE(' ','NAUO PRDDFN',#47);
#9794=PRODUCT_DEFINITION_SHAPE(' ','NAUO PRDDFN',#48);
#9795=PRODUCT_DEFINITION_SHAPE(' ','NAUO PRDDFN',#49);
#9796=PRODUCT_DEFINITION_SHAPE(' ','NAUO PRDDFN',#50);
#9797=PRODUCT_DEFINITION_SHAPE(' ','NAUO PRDDFN',#51);
#9798=PRODUCT_DEFINITION_SHAPE(' ','NAUO PRDDFN',#52);
#9799=PRODUCT_DEFINITION_SHAPE(' ','NAUO PRDDFN',#53);
#9800=PRODUCT_DEFINITION_SHAPE(' ','NAUO PRDDFN',#54);
#9801=PRODUCT_DEFINITION_SHAPE(' ','NAUO PRDDFN',#55);
#9802=PRODUCT_DEFINITION('','',#9810,#9806);
#9803=PRODUCT_DEFINITION('','',#9811,#9807);
#9804=PRODUCT_DEFINITION('','',#9812,#9808);
#9805=PRODUCT_DEFINITION('','',#9813,#9809);
#9806=DESIGN_CONTEXT('',#9831,'design');
#9807=DESIGN_CONTEXT('',#9831,'design');
#9808=DESIGN_CONTEXT('',#9831,'design');
#9809=DESIGN_CONTEXT('',#9831,'design');
#9810=PRODUCT_DEFINITION_FORMATION_WITH_SPECIFIED_SOURCE('','',#9818,
 .NOT_KNOWN.);
#9811=PRODUCT_DEFINITION_FORMATION_WITH_SPECIFIED_SOURCE('','',#9819,
 .NOT_KNOWN.);
#9812=PRODUCT_DEFINITION_FORMATION_WITH_SPECIFIED_SOURCE('','',#9820,
 .NOT_KNOWN.);
#9813=PRODUCT_DEFINITION_FORMATION_WITH_SPECIFIED_SOURCE('','',#9821,
 .NOT_KNOWN.);
#9814=PRODUCT_RELATED_PRODUCT_CATEGORY('','',(#9818));
#9815=PRODUCT_RELATED_PRODUCT_CATEGORY('','',(#9819));
#9816=PRODUCT_RELATED_PRODUCT_CATEGORY('','',(#9820));
#9817=PRODUCT_RELATED_PRODUCT_CATEGORY('','',(#9821));
#9818=PRODUCT('SSE2BSZ8-160','SSE2BSZ8-160','SSE2BSZ8-160',(#9826));
#9819=PRODUCT('SSE2BZ8-160_r1','SSE2BZ8-160_r1','SSE2BZ8-160_r1',(#9827));
#9820=PRODUCT('SEBSZ8_b','SEBSZ8_b','SEBSZ8_b',(#9828));
#9821=PRODUCT('BOLT2-6','BOLT2-6','BOLT2-6',(#9829));
#9822=PRODUCT_CATEGORY('','');
#9823=PRODUCT_CATEGORY('','');
#9824=PRODUCT_CATEGORY('','');
#9825=PRODUCT_CATEGORY('','');
#9826=MECHANICAL_CONTEXT('',#9831,'mechanical');
#9827=MECHANICAL_CONTEXT('',#9831,'mechanical');
#9828=MECHANICAL_CONTEXT('',#9831,'mechanical');
#9829=MECHANICAL_CONTEXT('',#9831,'mechanical');
#9830=APPLICATION_PROTOCOL_DEFINITION('international standard',
'config_control_design',2010,#9831);
#9831=APPLICATION_CONTEXT(
'configuration controlled 3D designs of mechanical parts and assemblie
s');
ENDSEC;
END-ISO-10303-21;
